,Column,Code,Label,English_Text,Target,English_Instructions,Class,Other For
0,SEQN,,,['Respondent sequence number.'],['Both males and females 0 YEARS - 150 YEARS'],[nan],,
1,DR2ILINE,1 To 43,Range Of Values,"['Food/individual component number', 'Food/Individual component number']",['Both males and females 0 YEARS - 150 YEARS'],[nan],,
2,DR2ILINE,.,Missing,"['Food/individual component number', 'Food/Individual component number']",['Both males and females 0 YEARS - 150 YEARS'],[nan],,
3,DR2ILINE,1 To 51,Range Of Values,"['Food/individual component number', 'Food/Individual component number']",['Both males and females 0 YEARS - 150 YEARS'],[nan],,
4,DR2ILINE,1 To 57,Range Of Values,"['Food/individual component number', 'Food/Individual component number']",['Both males and females 0 YEARS - 150 YEARS'],[nan],,
5,DR2ILINE,1 To 49,Range Of Values,"['Food/individual component number', 'Food/Individual component number']",['Both males and females 0 YEARS - 150 YEARS'],[nan],,
6,DR2ILINE,1 To 47,Range Of Values,"['Food/individual component number', 'Food/Individual component number']",['Both males and females 0 YEARS - 150 YEARS'],[nan],,
7,DR2ILINE,1 To 48,Range Of Values,"['Food/individual component number', 'Food/Individual component number']",['Both males and females 0 YEARS - 150 YEARS'],[nan],,
8,DR2ILINE,1 To 40,Range Of Values,"['Food/individual component number', 'Food/Individual component number']",['Both males and females 0 YEARS - 150 YEARS'],[nan],,
9,DR2ILINE,1 To 46,Range Of Values,"['Food/individual component number', 'Food/Individual component number']",['Both males and females 0 YEARS - 150 YEARS'],[nan],,
10,WTDRD1,887.3695022 To 293828.97477,Range Of Values,['Dietary day one sample weight'],['Both males and females 0 YEARS - 150 YEARS'],[nan],,
11,WTDRD1,.,Missing,['Dietary day one sample weight'],['Both males and females 0 YEARS - 150 YEARS'],[nan],,
12,WTDRD1,734.52517883 To 338460.18501,Range Of Values,['Dietary day one sample weight'],['Both males and females 0 YEARS - 150 YEARS'],[nan],,
13,WTDRD1,1774.4576942 To 284667.40798,Range Of Values,['Dietary day one sample weight'],['Both males and females 0 YEARS - 150 YEARS'],[nan],,
14,WTDRD1,2098.5262571 To 260712.84679,Range Of Values,['Dietary day one sample weight'],['Both males and females 0 YEARS - 150 YEARS'],[nan],,
15,WTDRD1,1852.3028731 To 443805.73786,Range Of Values,['Dietary day one sample weight'],['Both males and females 0 YEARS - 150 YEARS'],[nan],,
16,WTDRD1,2493.021655 To 267526.89097,Range Of Values,['Dietary day one sample weight'],['Both males and females 0 YEARS - 150 YEARS'],[nan],,
17,WTDRD1,0,Day 1 Dietary Recall Not Done/Incomplete,['Dietary day one sample weight'],['Both males and females 0 YEARS - 150 YEARS'],[nan],,
18,WTDRD1,1974.178694 To 454277.71731,Range Of Values,['Dietary day one sample weight'],['Both males and females 0 YEARS - 150 YEARS'],[nan],,
19,WTDRD1,1478.156428 To 691139.54688,Range Of Values,['Dietary day one sample weight'],['Both males and females 0 YEARS - 150 YEARS'],[nan],,
20,WTDRD1,5708.632624 To 394679.4226,Range Of Values,['Dietary day one sample weight'],['Both males and females 0 YEARS - 150 YEARS'],[nan],,
21,WTDR2D,708.63828227 To 374736.26978,Range Of Values,['Dietary two-day sample weight'],['Both males and females 0 YEARS - 150 YEARS'],[nan],,
22,WTDR2D,.,Missing,['Dietary two-day sample weight'],['Both males and females 0 YEARS - 150 YEARS'],[nan],,
23,WTDR2D,790.46780496 To 358726.40791,Range Of Values,['Dietary two-day sample weight'],['Both males and females 0 YEARS - 150 YEARS'],[nan],,
24,WTDR2D,1513.0983763 To 419692.00229,Range Of Values,['Dietary two-day sample weight'],['Both males and females 0 YEARS - 150 YEARS'],[nan],,
25,WTDR2D,1916.5412196 To 318619.99587,Range Of Values,['Dietary two-day sample weight'],['Both males and females 0 YEARS - 150 YEARS'],[nan],,
26,WTDR2D,1531.3308619 To 499271.52935,Range Of Values,['Dietary two-day sample weight'],['Both males and females 0 YEARS - 150 YEARS'],[nan],,
27,WTDR2D,1953.802108 To 818626.65723,Range Of Values,['Dietary two-day sample weight'],['Both males and females 0 YEARS - 150 YEARS'],[nan],,
28,WTDR2D,0,Day 2 Dietary Recall Not Done/Incomplete,['Dietary two-day sample weight'],['Both males and females 0 YEARS - 150 YEARS'],[nan],,
29,WTDR2D,1663.514111 To 579148.95623,Range Of Values,['Dietary two-day sample weight'],['Both males and females 0 YEARS - 150 YEARS'],[nan],,
30,WTDR2D,1232.691132 To 901995.11886,Range Of Values,['Dietary two-day sample weight'],['Both males and females 0 YEARS - 150 YEARS'],[nan],,
31,WTDR2D,6018.694738 To 759868.32478,Range Of Values,['Dietary two-day sample weight'],['Both males and females 0 YEARS - 150 YEARS'],[nan],,
32,DR2DRSTZ,1,Reliable And Met The Minimum Criteria,['Dietary recall status'],['Both males and females 0 YEARS - 150 YEARS'],[nan],,
33,DR2DRSTZ,2,Not Reliable Or Not Met The Minimum Criteria,['Dietary recall status'],['Both males and females 0 YEARS - 150 YEARS'],[nan],,
34,DR2DRSTZ,4,Reported Consuming Breast-Milk,['Dietary recall status'],['Both males and females 0 YEARS - 150 YEARS'],[nan],,
35,DR2DRSTZ,5,Not Done,['Dietary recall status'],['Both males and females 0 YEARS - 150 YEARS'],[nan],,
36,DR2DRSTZ,.,Missing,['Dietary recall status'],['Both males and females 0 YEARS - 150 YEARS'],[nan],,
37,DR2EXMER,11 To 97,Range Of Values,"[nan, 'Interviewer ID code']",['Both males and females 0 YEARS - 150 YEARS'],[nan],,
38,DR2EXMER,.,Missing,"[nan, 'Interviewer ID code']",['Both males and females 0 YEARS - 150 YEARS'],[nan],,
39,DR2EXMER,11 To 95,Range Of Values,"[nan, 'Interviewer ID code']",['Both males and females 0 YEARS - 150 YEARS'],[nan],,
40,DR2EXMER,32 To 92,Range Of Values,"[nan, 'Interviewer ID code']",['Both males and females 0 YEARS - 150 YEARS'],[nan],,
41,DR2EXMER,32 To 91,Range Of Values,"[nan, 'Interviewer ID code']",['Both males and females 0 YEARS - 150 YEARS'],[nan],,
42,DR2EXMER,5 To 96,Range Of Values,"[nan, 'Interviewer ID code']",['Both males and females 0 YEARS - 150 YEARS'],[nan],,
43,DRABF,1,Yes,['Indicates whether the sample person was an infant who was breast fed on either of the two recall days. '],['Both males and females 0 YEARS - 150 YEARS'],[nan],,
44,DRABF,2,No,['Indicates whether the sample person was an infant who was breast fed on either of the two recall days. '],['Both males and females 0 YEARS - 150 YEARS'],[nan],,
45,DRABF,.,Missing,['Indicates whether the sample person was an infant who was breast fed on either of the two recall days. '],['Both males and females 0 YEARS - 150 YEARS'],[nan],,
46,DRDINT,1,Day 1 Only,['Indicates whether the sample person has intake data for one or two days.'],['Both males and females 0 YEARS - 150 YEARS'],[nan],,
47,DRDINT,2,Day 1 And Day 2,['Indicates whether the sample person has intake data for one or two days.'],['Both males and females 0 YEARS - 150 YEARS'],[nan],,
48,DRDINT,.,Missing,['Indicates whether the sample person has intake data for one or two days.'],['Both males and females 0 YEARS - 150 YEARS'],[nan],,
49,DR2DAY,1,Sunday,['Intake day of the week'],['Both males and females 0 YEARS - 150 YEARS'],[nan],,
50,DR2DAY,2,Monday,['Intake day of the week'],['Both males and females 0 YEARS - 150 YEARS'],[nan],,
51,DR2DAY,3,Tuesday,['Intake day of the week'],['Both males and females 0 YEARS - 150 YEARS'],[nan],,
52,DR2DAY,4,Wednesday,['Intake day of the week'],['Both males and females 0 YEARS - 150 YEARS'],[nan],,
53,DR2DAY,5,Thursday,['Intake day of the week'],['Both males and females 0 YEARS - 150 YEARS'],[nan],,
54,DR2DAY,6,Friday,['Intake day of the week'],['Both males and females 0 YEARS - 150 YEARS'],[nan],,
55,DR2DAY,7,Saturday,['Intake day of the week'],['Both males and females 0 YEARS - 150 YEARS'],[nan],,
56,DR2DAY,.,Missing,['Intake day of the week'],['Both males and females 0 YEARS - 150 YEARS'],[nan],,
57,DR2LANG,1,English,"['The SP/Proxy spoke mostly:', 'The respondent spoke mostly:']",['Both males and females 0 YEARS - 150 YEARS'],[nan],,
58,DR2LANG,2,Spanish,"['The SP/Proxy spoke mostly:', 'The respondent spoke mostly:']",['Both males and females 0 YEARS - 150 YEARS'],[nan],,
59,DR2LANG,3,English And Spanish,"['The SP/Proxy spoke mostly:', 'The respondent spoke mostly:']",['Both males and females 0 YEARS - 150 YEARS'],[nan],,
60,DR2LANG,4,Other,"['The SP/Proxy spoke mostly:', 'The respondent spoke mostly:']",['Both males and females 0 YEARS - 150 YEARS'],[nan],,
61,DR2LANG,.,Missing,"['The SP/Proxy spoke mostly:', 'The respondent spoke mostly:']",['Both males and females 0 YEARS - 150 YEARS'],[nan],,
62,DR2LANG,5,Asian Languages,"['The SP/Proxy spoke mostly:', 'The respondent spoke mostly:']",['Both males and females 0 YEARS - 150 YEARS'],[nan],,
63,DR2LANG,6,Asian Languages And English,"['The SP/Proxy spoke mostly:', 'The respondent spoke mostly:']",['Both males and females 0 YEARS - 150 YEARS'],[nan],,
64,DR2CCMNM,0 To 12,Range Of Values,"['Combination food number', 'Combination food number (sequential number)']",['Both males and females 0 YEARS - 150 YEARS'],[nan],,
65,DR2CCMNM,.,Missing,"['Combination food number', 'Combination food number (sequential number)']",['Both males and females 0 YEARS - 150 YEARS'],[nan],,
66,DR2CCMNM,0 To 13,Range Of Values,"['Combination food number', 'Combination food number (sequential number)']",['Both males and females 0 YEARS - 150 YEARS'],[nan],,
67,DR2CCMNM,0 To 16,Range Of Values,"['Combination food number', 'Combination food number (sequential number)']",['Both males and females 0 YEARS - 150 YEARS'],[nan],,
68,DR2CCMNM,0 To 11,Range Of Values,"['Combination food number', 'Combination food number (sequential number)']",['Both males and females 0 YEARS - 150 YEARS'],[nan],,
69,DR2CCMNM,0 To 14,Range Of Values,"['Combination food number', 'Combination food number (sequential number)']",['Both males and females 0 YEARS - 150 YEARS'],[nan],,
70,DR2CCMTX,0,Non-Combination Food,['Combination food type'],['Both males and females 0 YEARS - 150 YEARS'],[nan],,
71,DR2CCMTX,1,Beverage W/ Additions,['Combination food type'],['Both males and females 0 YEARS - 150 YEARS'],[nan],,
72,DR2CCMTX,2,Cereal W/ Additions,['Combination food type'],['Both males and females 0 YEARS - 150 YEARS'],[nan],,
73,DR2CCMTX,3,Bread/Baked Products W/ Additions,['Combination food type'],['Both males and females 0 YEARS - 150 YEARS'],[nan],,
74,DR2CCMTX,4,Salad,['Combination food type'],['Both males and females 0 YEARS - 150 YEARS'],[nan],,
75,DR2CCMTX,5,Sandwiches,['Combination food type'],['Both males and females 0 YEARS - 150 YEARS'],[nan],,
76,DR2CCMTX,6,Soup,['Combination food type'],['Both males and females 0 YEARS - 150 YEARS'],[nan],,
77,DR2CCMTX,7,Frozen Meals,['Combination food type'],['Both males and females 0 YEARS - 150 YEARS'],[nan],,
78,DR2CCMTX,8,Ice Cream/Frozen Yogurt W/ Additions,['Combination food type'],['Both males and females 0 YEARS - 150 YEARS'],[nan],,
79,DR2CCMTX,9,Dried Beans And Vegetable W/ Additions,['Combination food type'],['Both males and females 0 YEARS - 150 YEARS'],[nan],,
80,DR2CCMTX,10,Fruit W/ Additions,['Combination food type'],['Both males and females 0 YEARS - 150 YEARS'],[nan],,
81,DR2CCMTX,11,Tortilla Products,['Combination food type'],['Both males and females 0 YEARS - 150 YEARS'],[nan],,
82,DR2CCMTX,12,"Meat, Poultry, Fish",['Combination food type'],['Both males and females 0 YEARS - 150 YEARS'],[nan],,
83,DR2CCMTX,13,Lunchables,['Combination food type'],['Both males and females 0 YEARS - 150 YEARS'],[nan],,
84,DR2CCMTX,14,Chips W/ Additions,['Combination food type'],['Both males and females 0 YEARS - 150 YEARS'],[nan],,
85,DR2CCMTX,90,Other Mixtures,['Combination food type'],['Both males and females 0 YEARS - 150 YEARS'],[nan],,
86,DR2CCMTX,.,Missing,['Combination food type'],['Both males and females 0 YEARS - 150 YEARS'],[nan],,
87,DR2CCMTX,13,Lunchablesâ®,['Combination food type'],['Both males and females 0 YEARS - 150 YEARS'],[nan],,
88,DR2CCMTX,13,Lunchables®,['Combination food type'],['Both males and females 0 YEARS - 150 YEARS'],[nan],,
89,DR2CCMTX,15,Baby Toddler Food And Infant Formula,['Combination food type'],['Both males and females 0 YEARS - 150 YEARS'],[nan],,
90,DR2_020,00:00 To 23:59,Range Of Values,['What time did you begin to eat/drink the meal/food?'],['Both males and females 0 YEARS - 150 YEARS'],[nan],,
91,DR2_020,.,Missing,['What time did you begin to eat/drink the meal/food?'],['Both males and females 0 YEARS - 150 YEARS'],[nan],,
92,DR2_020,0 To 86340,Range Of Values,['What time did you begin to eat/drink the meal/food?'],['Both males and females 0 YEARS - 150 YEARS'],[nan],,
93,DR2_030Z,1,Breakfast,['Name of eating occasion'],['Both males and females 0 YEARS - 150 YEARS'],[nan],,
94,DR2_030Z,2,Lunch,['Name of eating occasion'],['Both males and females 0 YEARS - 150 YEARS'],[nan],,
95,DR2_030Z,3,Dinner,['Name of eating occasion'],['Both males and females 0 YEARS - 150 YEARS'],[nan],,
96,DR2_030Z,4,Supper,['Name of eating occasion'],['Both males and females 0 YEARS - 150 YEARS'],[nan],,
97,DR2_030Z,5,Brunch,['Name of eating occasion'],['Both males and females 0 YEARS - 150 YEARS'],[nan],,
98,DR2_030Z,6,Snack,['Name of eating occasion'],['Both males and females 0 YEARS - 150 YEARS'],[nan],,
99,DR2_030Z,7,Drink,['Name of eating occasion'],['Both males and females 0 YEARS - 150 YEARS'],[nan],,
100,DR2_030Z,8,Infant Feeding,['Name of eating occasion'],['Both males and females 0 YEARS - 150 YEARS'],[nan],,
101,DR2_030Z,9,Extended Consumption,['Name of eating occasion'],['Both males and females 0 YEARS - 150 YEARS'],[nan],,
102,DR2_030Z,10,Desayano (Breakfast),['Name of eating occasion'],['Both males and females 0 YEARS - 150 YEARS'],[nan],,
103,DR2_030Z,11,Almuerzo (Breakfast),['Name of eating occasion'],['Both males and females 0 YEARS - 150 YEARS'],[nan],,
104,DR2_030Z,12,Comida (Lunch),['Name of eating occasion'],['Both males and females 0 YEARS - 150 YEARS'],[nan],,
105,DR2_030Z,13,Merienda (Snack),['Name of eating occasion'],['Both males and females 0 YEARS - 150 YEARS'],[nan],,
106,DR2_030Z,14,Cena (Dinner),['Name of eating occasion'],['Both males and females 0 YEARS - 150 YEARS'],[nan],,
107,DR2_030Z,15,Entre Comida (Snack),['Name of eating occasion'],['Both males and females 0 YEARS - 150 YEARS'],[nan],,
108,DR2_030Z,16,Botana (Snack),['Name of eating occasion'],['Both males and females 0 YEARS - 150 YEARS'],[nan],,
109,DR2_030Z,17,Bocadillo (Snack),['Name of eating occasion'],['Both males and females 0 YEARS - 150 YEARS'],[nan],,
110,DR2_030Z,18,Tentempie (Snack),['Name of eating occasion'],['Both males and females 0 YEARS - 150 YEARS'],[nan],,
111,DR2_030Z,19,Bebida (Drink),['Name of eating occasion'],['Both males and females 0 YEARS - 150 YEARS'],[nan],,
112,DR2_030Z,91,Other,['Name of eating occasion'],['Both males and females 0 YEARS - 150 YEARS'],[nan],,
113,DR2_030Z,99,Don'T Know,['Name of eating occasion'],['Both males and females 0 YEARS - 150 YEARS'],[nan],,
114,DR2_030Z,.,Missing,['Name of eating occasion'],['Both males and females 0 YEARS - 150 YEARS'],[nan],,
115,DR2_030Z,10,Desayano,['Name of eating occasion'],['Both males and females 0 YEARS - 150 YEARS'],[nan],,
116,DR2_030Z,11,Almuerzo,['Name of eating occasion'],['Both males and females 0 YEARS - 150 YEARS'],[nan],,
117,DR2_030Z,12,Comida,['Name of eating occasion'],['Both males and females 0 YEARS - 150 YEARS'],[nan],,
118,DR2_030Z,13,Merienda,['Name of eating occasion'],['Both males and females 0 YEARS - 150 YEARS'],[nan],,
119,DR2_030Z,14,Cena,['Name of eating occasion'],['Both males and females 0 YEARS - 150 YEARS'],[nan],,
120,DR2_030Z,15,Entre Comida,['Name of eating occasion'],['Both males and females 0 YEARS - 150 YEARS'],[nan],,
121,DR2_030Z,16,Botana,['Name of eating occasion'],['Both males and females 0 YEARS - 150 YEARS'],[nan],,
122,DR2_030Z,17,Bocadillo,['Name of eating occasion'],['Both males and females 0 YEARS - 150 YEARS'],[nan],,
123,DR2_030Z,18,Tentempie,['Name of eating occasion'],['Both males and females 0 YEARS - 150 YEARS'],[nan],,
124,DR2_030Z,19,Bebida,['Name of eating occasion'],['Both males and females 0 YEARS - 150 YEARS'],[nan],,
125,DR2FS,1,Store,['Where did you get (this/most of the ingredients for this) {FOODNAME}?'],['Both males and females 0 YEARS - 150 YEARS'],[nan],,
126,DR2FS,2,Restaurant With Waiter/Waitress,['Where did you get (this/most of the ingredients for this) {FOODNAME}?'],['Both males and females 0 YEARS - 150 YEARS'],[nan],,
127,DR2FS,3,Restaurant Fast Food/Pizza,['Where did you get (this/most of the ingredients for this) {FOODNAME}?'],['Both males and females 0 YEARS - 150 YEARS'],[nan],,
128,DR2FS,4,Bar/Tavern/Lounge,['Where did you get (this/most of the ingredients for this) {FOODNAME}?'],['Both males and females 0 YEARS - 150 YEARS'],[nan],,
129,DR2FS,5,Restaurant No Additional Information,['Where did you get (this/most of the ingredients for this) {FOODNAME}?'],['Both males and females 0 YEARS - 150 YEARS'],[nan],,
130,DR2FS,6,Cafeteria Not At School,['Where did you get (this/most of the ingredients for this) {FOODNAME}?'],['Both males and females 0 YEARS - 150 YEARS'],[nan],,
131,DR2FS,7,Cafeteria At School,['Where did you get (this/most of the ingredients for this) {FOODNAME}?'],['Both males and females 0 YEARS - 150 YEARS'],[nan],,
132,DR2FS,8,Child Care Center,['Where did you get (this/most of the ingredients for this) {FOODNAME}?'],['Both males and females 0 YEARS - 150 YEARS'],[nan],,
133,DR2FS,9,Family/Adult Day Care Center,['Where did you get (this/most of the ingredients for this) {FOODNAME}?'],['Both males and females 0 YEARS - 150 YEARS'],[nan],,
134,DR2FS,10,Soup Kitchen/Shelter/Food Pantry,['Where did you get (this/most of the ingredients for this) {FOODNAME}?'],['Both males and females 0 YEARS - 150 YEARS'],[nan],,
135,DR2FS,11,Meals On Wheels,['Where did you get (this/most of the ingredients for this) {FOODNAME}?'],['Both males and females 0 YEARS - 150 YEARS'],[nan],,
136,DR2FS,12,Community Food Program - Other,['Where did you get (this/most of the ingredients for this) {FOODNAME}?'],['Both males and females 0 YEARS - 150 YEARS'],[nan],,
137,DR2FS,13,Community Program No Add. Information,['Where did you get (this/most of the ingredients for this) {FOODNAME}?'],['Both males and females 0 YEARS - 150 YEARS'],[nan],,
138,DR2FS,14,Vending Machine,['Where did you get (this/most of the ingredients for this) {FOODNAME}?'],['Both males and females 0 YEARS - 150 YEARS'],[nan],,
139,DR2FS,15,Common Coffee Pot Or Snack Tray,['Where did you get (this/most of the ingredients for this) {FOODNAME}?'],['Both males and females 0 YEARS - 150 YEARS'],[nan],,
140,DR2FS,16,From Someone Else/Gift,['Where did you get (this/most of the ingredients for this) {FOODNAME}?'],['Both males and females 0 YEARS - 150 YEARS'],[nan],,
141,DR2FS,17,Mail Order Purchase,['Where did you get (this/most of the ingredients for this) {FOODNAME}?'],['Both males and females 0 YEARS - 150 YEARS'],[nan],,
142,DR2FS,18,Residential Dining Facility,['Where did you get (this/most of the ingredients for this) {FOODNAME}?'],['Both males and females 0 YEARS - 150 YEARS'],[nan],,
143,DR2FS,19,Grown Or Caught By You Or Someone You Know,['Where did you get (this/most of the ingredients for this) {FOODNAME}?'],['Both males and females 0 YEARS - 150 YEARS'],[nan],,
144,DR2FS,20,Fish Caught By You Or Someone You Know,['Where did you get (this/most of the ingredients for this) {FOODNAME}?'],['Both males and females 0 YEARS - 150 YEARS'],[nan],,
145,DR2FS,24,"Sport, Recreation, Or Entertainment Facility",['Where did you get (this/most of the ingredients for this) {FOODNAME}?'],['Both males and females 0 YEARS - 150 YEARS'],[nan],,
146,DR2FS,25,"Street Vendor, Vending Truck",['Where did you get (this/most of the ingredients for this) {FOODNAME}?'],['Both males and females 0 YEARS - 150 YEARS'],[nan],,
147,DR2FS,91,"Other, Specify",['Where did you get (this/most of the ingredients for this) {FOODNAME}?'],['Both males and females 0 YEARS - 150 YEARS'],[nan],,
148,DR2FS,99,Don'T Know,['Where did you get (this/most of the ingredients for this) {FOODNAME}?'],['Both males and females 0 YEARS - 150 YEARS'],[nan],,
149,DR2FS,.,Missing,['Where did you get (this/most of the ingredients for this) {FOODNAME}?'],['Both males and females 0 YEARS - 150 YEARS'],[nan],,
150,DR2FS,13,Community Program No Additional Information,['Where did you get (this/most of the ingredients for this) {FOODNAME}?'],['Both males and females 0 YEARS - 150 YEARS'],[nan],,
151,DR2FS,26,Fundraiser Sales,['Where did you get (this/most of the ingredients for this) {FOODNAME}?'],['Both males and females 0 YEARS - 150 YEARS'],[nan],,
152,DR2FS,1,Store - Grocery/Supermarket,['Where did you get (this/most of the ingredients for this) {FOODNAME}?'],['Both males and females 0 YEARS - 150 YEARS'],[nan],,
153,DR2FS,6,Cafeteria Not In A K-12 School,['Where did you get (this/most of the ingredients for this) {FOODNAME}?'],['Both males and females 0 YEARS - 150 YEARS'],[nan],,
154,DR2FS,7,Cafeteria In A K-12 School,['Where did you get (this/most of the ingredients for this) {FOODNAME}?'],['Both males and females 0 YEARS - 150 YEARS'],[nan],,
155,DR2FS,27,Store - Convenience Type,['Where did you get (this/most of the ingredients for this) {FOODNAME}?'],['Both males and females 0 YEARS - 150 YEARS'],[nan],,
156,DR2FS,28,Store - No Additional Info,['Where did you get (this/most of the ingredients for this) {FOODNAME}?'],['Both males and females 0 YEARS - 150 YEARS'],[nan],,
157,DR2FS,8,Child/Adult Care Center,['Where did you get (this/most of the ingredients for this) {FOODNAME}?'],['Both males and females 0 YEARS - 150 YEARS'],[nan],,
158,DR2FS,9,Child/Adult Home Care,['Where did you get (this/most of the ingredients for this) {FOODNAME}?'],['Both males and females 0 YEARS - 150 YEARS'],[nan],,
159,DR2_040Z,1,Yes,"['Was this food eaten at home?', 'Did you eat this meal at home?']",['Both males and females 0 YEARS - 150 YEARS'],[nan],,
160,DR2_040Z,2,No,"['Was this food eaten at home?', 'Did you eat this meal at home?']",['Both males and females 0 YEARS - 150 YEARS'],[nan],,
161,DR2_040Z,7,Refused,"['Was this food eaten at home?', 'Did you eat this meal at home?']",['Both males and females 0 YEARS - 150 YEARS'],[nan],,
162,DR2_040Z,9,Don'T Know,"['Was this food eaten at home?', 'Did you eat this meal at home?']",['Both males and females 0 YEARS - 150 YEARS'],[nan],,
163,DR2_040Z,.,Missing,"['Was this food eaten at home?', 'Did you eat this meal at home?']",['Both males and females 0 YEARS - 150 YEARS'],[nan],,
164,DR2IFDCD,11000000 To 94210100,Range Of Values,['USDA food code'],['Both males and females 0 YEARS - 150 YEARS'],[nan],,
165,DR2IFDCD,.,Missing,['USDA food code'],['Both males and females 0 YEARS - 150 YEARS'],[nan],,
166,DR2IFDCD,11000000 To 94210200,Range Of Values,['USDA food code'],['Both males and females 0 YEARS - 150 YEARS'],[nan],,
167,DR2IFDCD,11000000 To 94300100,Range Of Values,['USDA food code'],['Both males and females 0 YEARS - 150 YEARS'],[nan],,
168,DR2IFDCD,11000000 To 95342000,Range Of Values,['USDA food code'],['Both males and females 0 YEARS - 150 YEARS'],[nan],,
169,DR2IFDCD,11000000 To 95330100,Range Of Values,['USDA food code'],['Both males and females 0 YEARS - 150 YEARS'],[nan],,
170,DR2MC,100000 To 206570,Range Of Values,['Modification code'],['Both males and females 0 YEARS - 150 YEARS'],[nan],,
171,DR2MC,0,No Modification,['Modification code'],['Both males and females 0 YEARS - 150 YEARS'],[nan],,
172,DR2MC,.,Missing,['Modification code'],['Both males and females 0 YEARS - 150 YEARS'],[nan],,
173,DR2MC,100000 To 206880,Range Of Values,['Modification code'],['Both males and females 0 YEARS - 150 YEARS'],[nan],,
174,DR2MC,100000 To 207213,Range Of Values,['Modification code'],['Both males and females 0 YEARS - 150 YEARS'],[nan],,
175,DR2MC,100000 To 207524,Range Of Values,['Modification code'],['Both males and females 0 YEARS - 150 YEARS'],[nan],,
176,DR2MC,100004 To 207825,Range Of Values,['Modification code'],['Both males and females 0 YEARS - 150 YEARS'],[nan],,
177,DR2IGRMS,0.04 To 8584,Range Of Values,['Gram weight of the food/individual component'],['Both males and females 0 YEARS - 150 YEARS'],[nan],,
178,DR2IGRMS,.,Missing,['Gram weight of the food/individual component'],['Both males and females 0 YEARS - 150 YEARS'],[nan],,
179,DR2IGRMS,0.01 To 9840,Range Of Values,['Gram weight of the food/individual component'],['Both males and females 0 YEARS - 150 YEARS'],[nan],,
180,DR2IGRMS,0.01 To 8887.5,Range Of Values,['Gram weight of the food/individual component'],['Both males and females 0 YEARS - 150 YEARS'],[nan],,
181,DR2IGRMS,0.03 To 8887.5,Range Of Values,['Gram weight of the food/individual component'],['Both males and females 0 YEARS - 150 YEARS'],[nan],,
182,DR2IGRMS,0.05 To 10665,Range Of Values,['Gram weight of the food/individual component'],['Both males and females 0 YEARS - 150 YEARS'],[nan],,
183,DR2IGRMS,0.02 To 11520,Range Of Values,['Gram weight of the food/individual component'],['Both males and females 0 YEARS - 150 YEARS'],[nan],,
184,DR2IGRMS,0.01 To 11520,Range Of Values,['Gram weight of the food/individual component'],['Both males and females 0 YEARS - 150 YEARS'],[nan],,
185,DR2IGRMS,0.06 To 9600,Range Of Values,['Gram weight of the food/individual component'],['Both males and females 0 YEARS - 150 YEARS'],[nan],,
186,DR2IGRMS,0 To 44160,Range Of Values,['Gram weight of the food/individual component'],['Both males and females 0 YEARS - 150 YEARS'],[nan],,
187,DR2IKCAL,0 To 4480,Range Of Values,['Energy (kcal)'],['Both males and females 0 YEARS - 150 YEARS'],[nan],,
188,DR2IKCAL,.,Missing,['Energy (kcal)'],['Both males and females 0 YEARS - 150 YEARS'],[nan],,
189,DR2IKCAL,0 To 3738,Range Of Values,['Energy (kcal)'],['Both males and females 0 YEARS - 150 YEARS'],[nan],,
190,DR2IKCAL,0 To 5056,Range Of Values,['Energy (kcal)'],['Both males and females 0 YEARS - 150 YEARS'],[nan],,
191,DR2IKCAL,0 To 5081,Range Of Values,['Energy (kcal)'],['Both males and females 0 YEARS - 150 YEARS'],[nan],,
192,DR2IKCAL,0 To 5443,Range Of Values,['Energy (kcal)'],['Both males and females 0 YEARS - 150 YEARS'],[nan],,
193,DR2IKCAL,0 To 3921,Range Of Values,['Energy (kcal)'],['Both males and females 0 YEARS - 150 YEARS'],[nan],,
194,DR2IKCAL,0 To 4100,Range Of Values,['Energy (kcal)'],['Both males and females 0 YEARS - 150 YEARS'],[nan],,
195,DR2IKCAL,0 To 4050,Range Of Values,['Energy (kcal)'],['Both males and females 0 YEARS - 150 YEARS'],[nan],,
196,DR2IKCAL,0 To 5290,Range Of Values,['Energy (kcal)'],['Both males and females 0 YEARS - 150 YEARS'],[nan],,
197,DR2IKCAL,0 To 4943,Range Of Values,['Energy (kcal)'],['Both males and females 0 YEARS - 150 YEARS'],[nan],,
198,DR2IPROT,0 To 293.4,Range Of Values,['Protein (gm)'],['Both males and females 0 YEARS - 150 YEARS'],[nan],,
199,DR2IPROT,.,Missing,['Protein (gm)'],['Both males and females 0 YEARS - 150 YEARS'],[nan],,
200,DR2IPROT,0 To 193.05,Range Of Values,['Protein (gm)'],['Both males and females 0 YEARS - 150 YEARS'],[nan],,
201,DR2IPROT,0 To 347.98,Range Of Values,['Protein (gm)'],['Both males and females 0 YEARS - 150 YEARS'],[nan],,
202,DR2IPROT,0 To 426.58,Range Of Values,['Protein (gm)'],['Both males and females 0 YEARS - 150 YEARS'],[nan],,
203,DR2IPROT,0 To 213.46,Range Of Values,['Protein (gm)'],['Both males and females 0 YEARS - 150 YEARS'],[nan],,
204,DR2IPROT,0 To 247.64,Range Of Values,['Protein (gm)'],['Both males and females 0 YEARS - 150 YEARS'],[nan],,
205,DR2IPROT,0 To 202.81,Range Of Values,['Protein (gm)'],['Both males and females 0 YEARS - 150 YEARS'],[nan],,
206,DR2IPROT,0 To 249.58,Range Of Values,['Protein (gm)'],['Both males and females 0 YEARS - 150 YEARS'],[nan],,
207,DR2IPROT,0 To 211.51,Range Of Values,['Protein (gm)'],['Both males and females 0 YEARS - 150 YEARS'],[nan],,
208,DR2ICARB,0 To 651.34,Range Of Values,['Carbohydrate (gm)'],['Both males and females 0 YEARS - 150 YEARS'],[nan],,
209,DR2ICARB,.,Missing,['Carbohydrate (gm)'],['Both males and females 0 YEARS - 150 YEARS'],[nan],,
210,DR2ICARB,0 To 940.7,Range Of Values,['Carbohydrate (gm)'],['Both males and females 0 YEARS - 150 YEARS'],[nan],,
211,DR2ICARB,0 To 527.71,Range Of Values,['Carbohydrate (gm)'],['Both males and females 0 YEARS - 150 YEARS'],[nan],,
212,DR2ICARB,0 To 680.9,Range Of Values,['Carbohydrate (gm)'],['Both males and females 0 YEARS - 150 YEARS'],[nan],,
213,DR2ICARB,0 To 976,Range Of Values,['Carbohydrate (gm)'],['Both males and females 0 YEARS - 150 YEARS'],[nan],,
214,DR2ICARB,0 To 827.85,Range Of Values,['Carbohydrate (gm)'],['Both males and females 0 YEARS - 150 YEARS'],[nan],,
215,DR2ICARB,0 To 876.96,Range Of Values,['Carbohydrate (gm)'],['Both males and females 0 YEARS - 150 YEARS'],[nan],,
216,DR2ICARB,0 To 763.64,Range Of Values,['Carbohydrate (gm)'],['Both males and females 0 YEARS - 150 YEARS'],[nan],,
217,DR2ICARB,0 To 724.59,Range Of Values,['Carbohydrate (gm)'],['Both males and females 0 YEARS - 150 YEARS'],[nan],,
218,DR2ISUGR,0 To 634.67,Range Of Values,['Total sugars (gm)'],['Both males and females 0 YEARS - 150 YEARS'],[nan],,
219,DR2ISUGR,.,Missing,['Total sugars (gm)'],['Both males and females 0 YEARS - 150 YEARS'],[nan],,
220,DR2ISUGR,0 To 882.65,Range Of Values,['Total sugars (gm)'],['Both males and females 0 YEARS - 150 YEARS'],[nan],,
221,DR2ISUGR,0 To 502.52,Range Of Values,['Total sugars (gm)'],['Both males and females 0 YEARS - 150 YEARS'],[nan],,
222,DR2ISUGR,0 To 638.88,Range Of Values,['Total sugars (gm)'],['Both males and females 0 YEARS - 150 YEARS'],[nan],,
223,DR2ISUGR,0 To 845.6,Range Of Values,['Total sugars (gm)'],['Both males and females 0 YEARS - 150 YEARS'],[nan],,
224,DR2ISUGR,0 To 494.67,Range Of Values,['Total sugars (gm)'],['Both males and females 0 YEARS - 150 YEARS'],[nan],,
225,DR2ISUGR,0 To 609.25,Range Of Values,['Total sugars (gm)'],['Both males and females 0 YEARS - 150 YEARS'],[nan],,
226,DR2ISUGR,0 To 767.81,Range Of Values,['Total sugars (gm)'],['Both males and females 0 YEARS - 150 YEARS'],[nan],,
227,DR2ISUGR,0 To 479.88,Range Of Values,['Total sugars (gm)'],['Both males and females 0 YEARS - 150 YEARS'],[nan],,
228,DR2IFIBE,0 To 51.1,Range Of Values,['Dietary fiber (gm)'],['Both males and females 0 YEARS - 150 YEARS'],[nan],,
229,DR2IFIBE,.,Missing,['Dietary fiber (gm)'],['Both males and females 0 YEARS - 150 YEARS'],[nan],,
230,DR2IFIBE,0 To 83.6,Range Of Values,['Dietary fiber (gm)'],['Both males and females 0 YEARS - 150 YEARS'],[nan],,
231,DR2IFIBE,0 To 94,Range Of Values,['Dietary fiber (gm)'],['Both males and females 0 YEARS - 150 YEARS'],[nan],,
232,DR2IFIBE,0 To 67.2,Range Of Values,['Dietary fiber (gm)'],['Both males and females 0 YEARS - 150 YEARS'],[nan],,
233,DR2IFIBE,0 To 85.2,Range Of Values,['Dietary fiber (gm)'],['Both males and females 0 YEARS - 150 YEARS'],[nan],,
234,DR2IFIBE,0 To 89.1,Range Of Values,['Dietary fiber (gm)'],['Both males and females 0 YEARS - 150 YEARS'],[nan],,
235,DR2IFIBE,0 To 43.9,Range Of Values,['Dietary fiber (gm)'],['Both males and females 0 YEARS - 150 YEARS'],[nan],,
236,DR2IFIBE,0 To 74.2,Range Of Values,['Dietary fiber (gm)'],['Both males and females 0 YEARS - 150 YEARS'],[nan],,
237,DR2IFIBE,0 To 94.8,Range Of Values,['Dietary fiber (gm)'],['Both males and females 0 YEARS - 150 YEARS'],[nan],,
238,DR2ITFAT,0 To 187.74,Range Of Values,['Total fat (gm)'],['Both males and females 0 YEARS - 150 YEARS'],[nan],,
239,DR2ITFAT,.,Missing,['Total fat (gm)'],['Both males and females 0 YEARS - 150 YEARS'],[nan],,
240,DR2ITFAT,0 To 239.83,Range Of Values,['Total fat (gm)'],['Both males and females 0 YEARS - 150 YEARS'],[nan],,
241,DR2ITFAT,0 To 264.35,Range Of Values,['Total fat (gm)'],['Both males and females 0 YEARS - 150 YEARS'],[nan],,
242,DR2ITFAT,0 To 252.77,Range Of Values,['Total fat (gm)'],['Both males and females 0 YEARS - 150 YEARS'],[nan],,
243,DR2ITFAT,0 To 271.72,Range Of Values,['Total fat (gm)'],['Both males and females 0 YEARS - 150 YEARS'],[nan],,
244,DR2ITFAT,0 To 234.59,Range Of Values,['Total fat (gm)'],['Both males and females 0 YEARS - 150 YEARS'],[nan],,
245,DR2ITFAT,0 To 208.23,Range Of Values,['Total fat (gm)'],['Both males and females 0 YEARS - 150 YEARS'],[nan],,
246,DR2ITFAT,0 To 175.04,Range Of Values,['Total fat (gm)'],['Both males and females 0 YEARS - 150 YEARS'],[nan],,
247,DR2ITFAT,0 To 280.12,Range Of Values,['Total fat (gm)'],['Both males and females 0 YEARS - 150 YEARS'],[nan],,
248,DR2ITFAT,0 To 427.58,Range Of Values,['Total fat (gm)'],['Both males and females 0 YEARS - 150 YEARS'],[nan],,
249,DR2ISFAT,0 To 71.502,Range Of Values,['Total saturated fatty acids (gm)'],['Both males and females 0 YEARS - 150 YEARS'],[nan],,
250,DR2ISFAT,.,Missing,['Total saturated fatty acids (gm)'],['Both males and females 0 YEARS - 150 YEARS'],[nan],,
251,DR2ISFAT,0 To 72.246,Range Of Values,['Total saturated fatty acids (gm)'],['Both males and females 0 YEARS - 150 YEARS'],[nan],,
252,DR2ISFAT,0 To 103.908,Range Of Values,['Total saturated fatty acids (gm)'],['Both males and females 0 YEARS - 150 YEARS'],[nan],,
253,DR2ISFAT,0 To 102.671,Range Of Values,['Total saturated fatty acids (gm)'],['Both males and females 0 YEARS - 150 YEARS'],[nan],,
254,DR2ISFAT,0 To 108.448,Range Of Values,['Total saturated fatty acids (gm)'],['Both males and females 0 YEARS - 150 YEARS'],[nan],,
255,DR2ISFAT,0 To 114.453,Range Of Values,['Total saturated fatty acids (gm)'],['Both males and females 0 YEARS - 150 YEARS'],[nan],,
256,DR2ISFAT,0 To 99.78,Range Of Values,['Total saturated fatty acids (gm)'],['Both males and females 0 YEARS - 150 YEARS'],[nan],,
257,DR2ISFAT,0 To 79.939,Range Of Values,['Total saturated fatty acids (gm)'],['Both males and females 0 YEARS - 150 YEARS'],[nan],,
258,DR2ISFAT,0 To 175.845,Range Of Values,['Total saturated fatty acids (gm)'],['Both males and females 0 YEARS - 150 YEARS'],[nan],,
259,DR2ISFAT,0 To 160.279,Range Of Values,['Total saturated fatty acids (gm)'],['Both males and females 0 YEARS - 150 YEARS'],[nan],,
260,DR2IMFAT,0 To 84.66,Range Of Values,['Total monounsaturated fatty acids (gm)'],['Both males and females 0 YEARS - 150 YEARS'],[nan],,
261,DR2IMFAT,.,Missing,['Total monounsaturated fatty acids (gm)'],['Both males and females 0 YEARS - 150 YEARS'],[nan],,
262,DR2IMFAT,0 To 136.248,Range Of Values,['Total monounsaturated fatty acids (gm)'],['Both males and females 0 YEARS - 150 YEARS'],[nan],,
263,DR2IMFAT,0 To 89.141,Range Of Values,['Total monounsaturated fatty acids (gm)'],['Both males and females 0 YEARS - 150 YEARS'],[nan],,
264,DR2IMFAT,0 To 99.395,Range Of Values,['Total monounsaturated fatty acids (gm)'],['Both males and females 0 YEARS - 150 YEARS'],[nan],,
265,DR2IMFAT,0 To 109.233,Range Of Values,['Total monounsaturated fatty acids (gm)'],['Both males and females 0 YEARS - 150 YEARS'],[nan],,
266,DR2IMFAT,0 To 118.757,Range Of Values,['Total monounsaturated fatty acids (gm)'],['Both males and females 0 YEARS - 150 YEARS'],[nan],,
267,DR2IMFAT,0 To 100.525,Range Of Values,['Total monounsaturated fatty acids (gm)'],['Both males and females 0 YEARS - 150 YEARS'],[nan],,
268,DR2IMFAT,0 To 90.225,Range Of Values,['Total monounsaturated fatty acids (gm)'],['Both males and females 0 YEARS - 150 YEARS'],[nan],,
269,DR2IMFAT,0 To 123.9,Range Of Values,['Total monounsaturated fatty acids (gm)'],['Both males and females 0 YEARS - 150 YEARS'],[nan],,
270,DR2IMFAT,0 To 112.311,Range Of Values,['Total monounsaturated fatty acids (gm)'],['Both males and females 0 YEARS - 150 YEARS'],[nan],,
271,DR2IPFAT,0 To 69.668,Range Of Values,['Total polyunsaturated fatty acids (gm)'],['Both males and females 0 YEARS - 150 YEARS'],[nan],,
272,DR2IPFAT,.,Missing,['Total polyunsaturated fatty acids (gm)'],['Both males and females 0 YEARS - 150 YEARS'],[nan],,
273,DR2IPFAT,0 To 87.24,Range Of Values,['Total polyunsaturated fatty acids (gm)'],['Both males and females 0 YEARS - 150 YEARS'],[nan],,
274,DR2IPFAT,0 To 64.941,Range Of Values,['Total polyunsaturated fatty acids (gm)'],['Both males and females 0 YEARS - 150 YEARS'],[nan],,
275,DR2IPFAT,0 To 71.493,Range Of Values,['Total polyunsaturated fatty acids (gm)'],['Both males and females 0 YEARS - 150 YEARS'],[nan],,
276,DR2IPFAT,0 To 116.348,Range Of Values,['Total polyunsaturated fatty acids (gm)'],['Both males and females 0 YEARS - 150 YEARS'],[nan],,
277,DR2IPFAT,0 To 80.836,Range Of Values,['Total polyunsaturated fatty acids (gm)'],['Both males and females 0 YEARS - 150 YEARS'],[nan],,
278,DR2IPFAT,0 To 106.991,Range Of Values,['Total polyunsaturated fatty acids (gm)'],['Both males and females 0 YEARS - 150 YEARS'],[nan],,
279,DR2IPFAT,0 To 90.931,Range Of Values,['Total polyunsaturated fatty acids (gm)'],['Both males and females 0 YEARS - 150 YEARS'],[nan],,
280,DR2IPFAT,0 To 106.152,Range Of Values,['Total polyunsaturated fatty acids (gm)'],['Both males and females 0 YEARS - 150 YEARS'],[nan],,
281,DR2IPFAT,0 To 247.642,Range Of Values,['Total polyunsaturated fatty acids (gm)'],['Both males and females 0 YEARS - 150 YEARS'],[nan],,
282,DR2ICHOL,0 To 1477,Range Of Values,['Cholesterol (mg)'],['Both males and females 0 YEARS - 150 YEARS'],[nan],,
283,DR2ICHOL,.,Missing,['Cholesterol (mg)'],['Both males and females 0 YEARS - 150 YEARS'],[nan],,
284,DR2ICHOL,0 To 2864,Range Of Values,['Cholesterol (mg)'],['Both males and females 0 YEARS - 150 YEARS'],[nan],,
285,DR2ICHOL,0 To 1910,Range Of Values,['Cholesterol (mg)'],['Both males and females 0 YEARS - 150 YEARS'],[nan],,
286,DR2ICHOL,0 To 1408,Range Of Values,['Cholesterol (mg)'],['Both males and females 0 YEARS - 150 YEARS'],[nan],,
287,DR2ICHOL,0 To 2152,Range Of Values,['Cholesterol (mg)'],['Both males and females 0 YEARS - 150 YEARS'],[nan],,
288,DR2ICHOL,0 To 2070,Range Of Values,['Cholesterol (mg)'],['Both males and females 0 YEARS - 150 YEARS'],[nan],,
289,DR2ICHOL,0 To 1501,Range Of Values,['Cholesterol (mg)'],['Both males and females 0 YEARS - 150 YEARS'],[nan],,
290,DR2ICHOL,0 To 2319,Range Of Values,['Cholesterol (mg)'],['Both males and females 0 YEARS - 150 YEARS'],[nan],,
291,DR2ICHOL,0 To 2755,Range Of Values,['Cholesterol (mg)'],['Both males and females 0 YEARS - 150 YEARS'],[nan],,
292,DR2IATOC,0 To 61.8,Range Of Values,['Vitamin E as alpha-tocopherol (mg)'],['Both males and females 0 YEARS - 150 YEARS'],[nan],,
293,DR2IATOC,.,Missing,['Vitamin E as alpha-tocopherol (mg)'],['Both males and females 0 YEARS - 150 YEARS'],[nan],,
294,DR2IATOC,0 To 54.99,Range Of Values,['Vitamin E as alpha-tocopherol (mg)'],['Both males and females 0 YEARS - 150 YEARS'],[nan],,
295,DR2IATOC,0 To 82.92,Range Of Values,['Vitamin E as alpha-tocopherol (mg)'],['Both males and females 0 YEARS - 150 YEARS'],[nan],,
296,DR2IATOC,0 To 67.47,Range Of Values,['Vitamin E as alpha-tocopherol (mg)'],['Both males and females 0 YEARS - 150 YEARS'],[nan],,
297,DR2IATOC,0 To 107.33,Range Of Values,['Vitamin E as alpha-tocopherol (mg)'],['Both males and females 0 YEARS - 150 YEARS'],[nan],,
298,DR2IATOC,0 To 73.57,Range Of Values,['Vitamin E as alpha-tocopherol (mg)'],['Both males and females 0 YEARS - 150 YEARS'],[nan],,
299,DR2IATOC,0 To 88.86,Range Of Values,['Vitamin E as alpha-tocopherol (mg)'],['Both males and females 0 YEARS - 150 YEARS'],[nan],,
300,DR2IATOC,0 To 72.96,Range Of Values,['Vitamin E as alpha-tocopherol (mg)'],['Both males and females 0 YEARS - 150 YEARS'],[nan],,
301,DR2IATOC,0 To 102.06,Range Of Values,['Vitamin E as alpha-tocopherol (mg)'],['Both males and females 0 YEARS - 150 YEARS'],[nan],,
302,DR2IATOA,0 To 49.613,Range Of Values,['Added alpha-tocopherol (Vitamin E) (mg)'],['Both males and females 0 YEARS - 150 YEARS'],[nan],,
303,DR2IATOA,.,Missing,['Added alpha-tocopherol (Vitamin E) (mg)'],['Both males and females 0 YEARS - 150 YEARS'],[nan],,
304,DR2IATOA,0 To 54.99,Range Of Values,['Added alpha-tocopherol (Vitamin E) (mg)'],['Both males and females 0 YEARS - 150 YEARS'],[nan],,
305,DR2IATOA,0 To 82.92,Range Of Values,['Added alpha-tocopherol (Vitamin E) (mg)'],['Both males and females 0 YEARS - 150 YEARS'],[nan],,
306,DR2IATOA,0 To 44.75,Range Of Values,['Added alpha-tocopherol (Vitamin E) (mg)'],['Both males and females 0 YEARS - 150 YEARS'],[nan],,
307,DR2IATOA,0 To 105.41,Range Of Values,['Added alpha-tocopherol (Vitamin E) (mg)'],['Both males and females 0 YEARS - 150 YEARS'],[nan],,
308,DR2IATOA,0 To 58.81,Range Of Values,['Added alpha-tocopherol (Vitamin E) (mg)'],['Both males and females 0 YEARS - 150 YEARS'],[nan],,
309,DR2IATOA,0 To 87.8,Range Of Values,['Added alpha-tocopherol (Vitamin E) (mg)'],['Both males and females 0 YEARS - 150 YEARS'],[nan],,
310,DR2IATOA,0 To 66.18,Range Of Values,['Added alpha-tocopherol (Vitamin E) (mg)'],['Both males and females 0 YEARS - 150 YEARS'],[nan],,
311,DR2IATOA,0 To 102.06,Range Of Values,['Added alpha-tocopherol (Vitamin E) (mg)'],['Both males and females 0 YEARS - 150 YEARS'],[nan],,
312,DR2IRET,0 To 17876,Range Of Values,['Retinol (mcg)'],['Both males and females 0 YEARS - 150 YEARS'],[nan],,
313,DR2IRET,.,Missing,['Retinol (mcg)'],['Both males and females 0 YEARS - 150 YEARS'],[nan],,
314,DR2IRET,0 To 19312,Range Of Values,['Retinol (mcg)'],['Both males and females 0 YEARS - 150 YEARS'],[nan],,
315,DR2IRET,0 To 16552,Range Of Values,['Retinol (mcg)'],['Both males and females 0 YEARS - 150 YEARS'],[nan],,
316,DR2IRET,0 To 29825,Range Of Values,['Retinol (mcg)'],['Both males and females 0 YEARS - 150 YEARS'],[nan],,
317,DR2IRET,0 To 7947,Range Of Values,['Retinol (mcg)'],['Both males and females 0 YEARS - 150 YEARS'],[nan],,
318,DR2IRET,0 To 9656,Range Of Values,['Retinol (mcg)'],['Both males and females 0 YEARS - 150 YEARS'],[nan],,
319,DR2IRET,0 To 19052,Range Of Values,['Retinol (mcg)'],['Both males and females 0 YEARS - 150 YEARS'],[nan],,
320,DR2IRET,0 To 14484,Range Of Values,['Retinol (mcg)'],['Both males and females 0 YEARS - 150 YEARS'],[nan],,
321,DR2IRET,0 To 28581,Range Of Values,['Retinol (mcg)'],['Both males and females 0 YEARS - 150 YEARS'],[nan],,
322,DR2IRET,0 To 34776,Range Of Values,['Retinol (mcg)'],['Both males and females 0 YEARS - 150 YEARS'],[nan],,
323,DR2IVARA,0 To 17913,Range Of Values,['Vitamin A as retinol activity equivalents (mcg)'],['Both males and females 0 YEARS - 150 YEARS'],[nan],,
324,DR2IVARA,.,Missing,['Vitamin A as retinol activity equivalents (mcg)'],['Both males and females 0 YEARS - 150 YEARS'],[nan],,
325,DR2IVARA,0 To 19352,Range Of Values,['Vitamin A as retinol activity equivalents (mcg)'],['Both males and females 0 YEARS - 150 YEARS'],[nan],,
326,DR2IVARA,0 To 16586,Range Of Values,['Vitamin A as retinol activity equivalents (mcg)'],['Both males and females 0 YEARS - 150 YEARS'],[nan],,
327,DR2IVARA,0 To 29869,Range Of Values,['Vitamin A as retinol activity equivalents (mcg)'],['Both males and females 0 YEARS - 150 YEARS'],[nan],,
328,DR2IVARA,0 To 18616,Range Of Values,['Vitamin A as retinol activity equivalents (mcg)'],['Both males and females 0 YEARS - 150 YEARS'],[nan],,
329,DR2IVARA,0 To 9676,Range Of Values,['Vitamin A as retinol activity equivalents (mcg)'],['Both males and females 0 YEARS - 150 YEARS'],[nan],,
330,DR2IVARA,0 To 19094,Range Of Values,['Vitamin A as retinol activity equivalents (mcg)'],['Both males and females 0 YEARS - 150 YEARS'],[nan],,
331,DR2IVARA,0 To 14514,Range Of Values,['Vitamin A as retinol activity equivalents (mcg)'],['Both males and females 0 YEARS - 150 YEARS'],[nan],,
332,DR2IVARA,0 To 28643,Range Of Values,['Vitamin A as retinol activity equivalents (mcg)'],['Both males and females 0 YEARS - 150 YEARS'],[nan],,
333,DR2IVARA,0 To 34848,Range Of Values,['Vitamin A as retinol activity equivalents (mcg)'],['Both males and females 0 YEARS - 150 YEARS'],[nan],,
334,DR2IACAR,0 To 14730,Range Of Values,['Alpha-carotene (mcg)'],['Both males and females 0 YEARS - 150 YEARS'],[nan],,
335,DR2IACAR,.,Missing,['Alpha-carotene (mcg)'],['Both males and females 0 YEARS - 150 YEARS'],[nan],,
336,DR2IACAR,0 To 14090,Range Of Values,['Alpha-carotene (mcg)'],['Both males and females 0 YEARS - 150 YEARS'],[nan],,
337,DR2IACAR,0 To 13449,Range Of Values,['Alpha-carotene (mcg)'],['Both males and females 0 YEARS - 150 YEARS'],[nan],,
338,DR2IACAR,0 To 21657,Range Of Values,['Alpha-carotene (mcg)'],['Both males and females 0 YEARS - 150 YEARS'],[nan],,
339,DR2IACAR,0 To 58718,Range Of Values,['Alpha-carotene (mcg)'],['Both males and females 0 YEARS - 150 YEARS'],[nan],,
340,DR2IACAR,0 To 19813,Range Of Values,['Alpha-carotene (mcg)'],['Both males and females 0 YEARS - 150 YEARS'],[nan],,
341,DR2IACAR,0 To 28416,Range Of Values,['Alpha-carotene (mcg)'],['Both males and females 0 YEARS - 150 YEARS'],[nan],,
342,DR2IACAR,0 To 62525,Range Of Values,['Alpha-carotene (mcg)'],['Both males and females 0 YEARS - 150 YEARS'],[nan],,
343,DR2IACAR,0 To 15631,Range Of Values,['Alpha-carotene (mcg)'],['Both males and females 0 YEARS - 150 YEARS'],[nan],,
344,DR2IBCAR,0 To 35551,Range Of Values,['Beta-carotene (mcg)'],['Both males and females 0 YEARS - 150 YEARS'],[nan],,
345,DR2IBCAR,.,Missing,['Beta-carotene (mcg)'],['Both males and females 0 YEARS - 150 YEARS'],[nan],,
346,DR2IBCAR,0 To 35684,Range Of Values,['Beta-carotene (mcg)'],['Both males and females 0 YEARS - 150 YEARS'],[nan],,
347,DR2IBCAR,0 To 28816,Range Of Values,['Beta-carotene (mcg)'],['Both males and females 0 YEARS - 150 YEARS'],[nan],,
348,DR2IBCAR,0 To 46401,Range Of Values,['Beta-carotene (mcg)'],['Both males and females 0 YEARS - 150 YEARS'],[nan],,
349,DR2IBCAR,0 To 194047,Range Of Values,['Beta-carotene (mcg)'],['Both males and females 0 YEARS - 150 YEARS'],[nan],,
350,DR2IBCAR,0 To 57337,Range Of Values,['Beta-carotene (mcg)'],['Both males and females 0 YEARS - 150 YEARS'],[nan],,
351,DR2IBCAR,0 To 61121,Range Of Values,['Beta-carotene (mcg)'],['Both males and females 0 YEARS - 150 YEARS'],[nan],,
352,DR2IBCAR,0 To 133963,Range Of Values,['Beta-carotene (mcg)'],['Both males and females 0 YEARS - 150 YEARS'],[nan],,
353,DR2IBCAR,0 To 41934,Range Of Values,['Beta-carotene (mcg)'],['Both males and females 0 YEARS - 150 YEARS'],[nan],,
354,DR2ICRYP,0 To 7091,Range Of Values,['Beta-cryptoxanthin (mcg)'],['Both males and females 0 YEARS - 150 YEARS'],[nan],,
355,DR2ICRYP,.,Missing,['Beta-cryptoxanthin (mcg)'],['Both males and females 0 YEARS - 150 YEARS'],[nan],,
356,DR2ICRYP,0 To 4637,Range Of Values,['Beta-cryptoxanthin (mcg)'],['Both males and females 0 YEARS - 150 YEARS'],[nan],,
357,DR2ICRYP,0 To 3529,Range Of Values,['Beta-cryptoxanthin (mcg)'],['Both males and females 0 YEARS - 150 YEARS'],[nan],,
358,DR2ICRYP,0 To 5209,Range Of Values,['Beta-cryptoxanthin (mcg)'],['Both males and females 0 YEARS - 150 YEARS'],[nan],,
359,DR2ICRYP,0 To 7293,Range Of Values,['Beta-cryptoxanthin (mcg)'],['Both males and females 0 YEARS - 150 YEARS'],[nan],,
360,DR2ICRYP,0 To 12155,Range Of Values,['Beta-cryptoxanthin (mcg)'],['Both males and females 0 YEARS - 150 YEARS'],[nan],,
361,DR2ICRYP,0 To 2460,Range Of Values,['Beta-cryptoxanthin (mcg)'],['Both males and females 0 YEARS - 150 YEARS'],[nan],,
362,DR2ILYCO,0 To 119460,Range Of Values,['Lycopene (mcg)'],['Both males and females 0 YEARS - 150 YEARS'],[nan],,
363,DR2ILYCO,.,Missing,['Lycopene (mcg)'],['Both males and females 0 YEARS - 150 YEARS'],[nan],,
364,DR2ILYCO,0 To 187018,Range Of Values,['Lycopene (mcg)'],['Both males and females 0 YEARS - 150 YEARS'],[nan],,
365,DR2ILYCO,0 To 128575,Range Of Values,['Lycopene (mcg)'],['Both males and females 0 YEARS - 150 YEARS'],[nan],,
366,DR2ILYCO,0 To 106433,Range Of Values,['Lycopene (mcg)'],['Both males and females 0 YEARS - 150 YEARS'],[nan],,
367,DR2ILYCO,0 To 103692,Range Of Values,['Lycopene (mcg)'],['Both males and females 0 YEARS - 150 YEARS'],[nan],,
368,DR2ILYCO,0 To 207384,Range Of Values,['Lycopene (mcg)'],['Both males and females 0 YEARS - 150 YEARS'],[nan],,
369,DR2ILYCO,0 To 104091,Range Of Values,['Lycopene (mcg)'],['Both males and females 0 YEARS - 150 YEARS'],[nan],,
370,DR2ILYCO,0 To 99366,Range Of Values,['Lycopene (mcg)'],['Both males and females 0 YEARS - 150 YEARS'],[nan],,
371,DR2ILYCO,0 To 137752,Range Of Values,['Lycopene (mcg)'],['Both males and females 0 YEARS - 150 YEARS'],[nan],,
372,DR2ILZ,0 To 44602,Range Of Values,['Lutein + zeaxanthin (mcg)'],['Both males and females 0 YEARS - 150 YEARS'],[nan],,
373,DR2ILZ,.,Missing,['Lutein + zeaxanthin (mcg)'],['Both males and females 0 YEARS - 150 YEARS'],[nan],,
374,DR2ILZ,0 To 51891,Range Of Values,['Lutein + zeaxanthin (mcg)'],['Both males and females 0 YEARS - 150 YEARS'],[nan],,
375,DR2ILZ,0 To 40599,Range Of Values,['Lutein + zeaxanthin (mcg)'],['Both males and females 0 YEARS - 150 YEARS'],[nan],,
376,DR2ILZ,0 To 48004,Range Of Values,['Lutein + zeaxanthin (mcg)'],['Both males and females 0 YEARS - 150 YEARS'],[nan],,
377,DR2ILZ,0 To 105746,Range Of Values,['Lutein + zeaxanthin (mcg)'],['Both males and females 0 YEARS - 150 YEARS'],[nan],,
378,DR2ILZ,0 To 123554,Range Of Values,['Lutein + zeaxanthin (mcg)'],['Both males and females 0 YEARS - 150 YEARS'],[nan],,
379,DR2ILZ,0 To 77972,Range Of Values,['Lutein + zeaxanthin (mcg)'],['Both males and females 0 YEARS - 150 YEARS'],[nan],,
380,DR2ILZ,0 To 67265,Range Of Values,['Lutein + zeaxanthin (mcg)'],['Both males and females 0 YEARS - 150 YEARS'],[nan],,
381,DR2IVB1,0 To 7.751,Range Of Values,['Thiamin (Vitamin B1) (mg)'],['Both males and females 0 YEARS - 150 YEARS'],[nan],,
382,DR2IVB1,.,Missing,['Thiamin (Vitamin B1) (mg)'],['Both males and females 0 YEARS - 150 YEARS'],[nan],,
383,DR2IVB1,0 To 10.478,Range Of Values,['Thiamin (Vitamin B1) (mg)'],['Both males and females 0 YEARS - 150 YEARS'],[nan],,
384,DR2IVB1,0 To 9.209,Range Of Values,['Thiamin (Vitamin B1) (mg)'],['Both males and females 0 YEARS - 150 YEARS'],[nan],,
385,DR2IVB1,0 To 12.125,Range Of Values,['Thiamin (Vitamin B1) (mg)'],['Both males and females 0 YEARS - 150 YEARS'],[nan],,
386,DR2IVB1,0 To 11.972,Range Of Values,['Thiamin (Vitamin B1) (mg)'],['Both males and females 0 YEARS - 150 YEARS'],[nan],,
387,DR2IVB1,0 To 6.679,Range Of Values,['Thiamin (Vitamin B1) (mg)'],['Both males and females 0 YEARS - 150 YEARS'],[nan],,
388,DR2IVB1,0 To 5.859,Range Of Values,['Thiamin (Vitamin B1) (mg)'],['Both males and females 0 YEARS - 150 YEARS'],[nan],,
389,DR2IVB1,0 To 10.962,Range Of Values,['Thiamin (Vitamin B1) (mg)'],['Both males and females 0 YEARS - 150 YEARS'],[nan],,
390,DR2IVB1,0 To 5.481,Range Of Values,['Thiamin (Vitamin B1) (mg)'],['Both males and females 0 YEARS - 150 YEARS'],[nan],,
391,DR2IVB2,0 To 8.886,Range Of Values,['Riboflavin (Vitamin B2) (mg)'],['Both males and females 0 YEARS - 150 YEARS'],[nan],,
392,DR2IVB2,.,Missing,['Riboflavin (Vitamin B2) (mg)'],['Both males and females 0 YEARS - 150 YEARS'],[nan],,
393,DR2IVB2,0 To 10.728,Range Of Values,['Riboflavin (Vitamin B2) (mg)'],['Both males and females 0 YEARS - 150 YEARS'],[nan],,
394,DR2IVB2,0 To 11.903,Range Of Values,['Riboflavin (Vitamin B2) (mg)'],['Both males and females 0 YEARS - 150 YEARS'],[nan],,
395,DR2IVB2,0 To 10.833,Range Of Values,['Riboflavin (Vitamin B2) (mg)'],['Both males and females 0 YEARS - 150 YEARS'],[nan],,
396,DR2IVB2,0 To 15.36,Range Of Values,['Riboflavin (Vitamin B2) (mg)'],['Both males and females 0 YEARS - 150 YEARS'],[nan],,
397,DR2IVB2,0 To 16.07,Range Of Values,['Riboflavin (Vitamin B2) (mg)'],['Both males and females 0 YEARS - 150 YEARS'],[nan],,
398,DR2IVB2,0 To 10.099,Range Of Values,['Riboflavin (Vitamin B2) (mg)'],['Both males and females 0 YEARS - 150 YEARS'],[nan],,
399,DR2IVB2,0 To 11.904,Range Of Values,['Riboflavin (Vitamin B2) (mg)'],['Both males and females 0 YEARS - 150 YEARS'],[nan],,
400,DR2IVB2,0 To 23.808,Range Of Values,['Riboflavin (Vitamin B2) (mg)'],['Both males and females 0 YEARS - 150 YEARS'],[nan],,
401,DR2IVB2,0 To 15.413,Range Of Values,['Riboflavin (Vitamin B2) (mg)'],['Both males and females 0 YEARS - 150 YEARS'],[nan],,
402,DR2INIAC,0 To 97.13,Range Of Values,['Niacin (mg)'],['Both males and females 0 YEARS - 150 YEARS'],[nan],,
403,DR2INIAC,.,Missing,['Niacin (mg)'],['Both males and females 0 YEARS - 150 YEARS'],[nan],,
404,DR2INIAC,0 To 89.13,Range Of Values,['Niacin (mg)'],['Both males and females 0 YEARS - 150 YEARS'],[nan],,
405,DR2INIAC,0 To 122.853,Range Of Values,['Niacin (mg)'],['Both males and females 0 YEARS - 150 YEARS'],[nan],,
406,DR2INIAC,0 To 177.84,Range Of Values,['Niacin (mg)'],['Both males and females 0 YEARS - 150 YEARS'],[nan],,
407,DR2INIAC,0 To 159.778,Range Of Values,['Niacin (mg)'],['Both males and females 0 YEARS - 150 YEARS'],[nan],,
408,DR2INIAC,0 To 201.574,Range Of Values,['Niacin (mg)'],['Both males and females 0 YEARS - 150 YEARS'],[nan],,
409,DR2INIAC,0 To 85.338,Range Of Values,['Niacin (mg)'],['Both males and females 0 YEARS - 150 YEARS'],[nan],,
410,DR2INIAC,0 To 100.787,Range Of Values,['Niacin (mg)'],['Both males and females 0 YEARS - 150 YEARS'],[nan],,
411,DR2INIAC,0 To 146.122,Range Of Values,['Niacin (mg)'],['Both males and females 0 YEARS - 150 YEARS'],[nan],,
412,DR2IVB6,0 To 10.375,Range Of Values,['Vitamin B6 (mg)'],['Both males and females 0 YEARS - 150 YEARS'],[nan],,
413,DR2IVB6,.,Missing,['Vitamin B6 (mg)'],['Both males and females 0 YEARS - 150 YEARS'],[nan],,
414,DR2IVB6,0 To 13.144,Range Of Values,['Vitamin B6 (mg)'],['Both males and females 0 YEARS - 150 YEARS'],[nan],,
415,DR2IVB6,0 To 12.285,Range Of Values,['Vitamin B6 (mg)'],['Both males and females 0 YEARS - 150 YEARS'],[nan],,
416,DR2IVB6,0 To 18.6,Range Of Values,['Vitamin B6 (mg)'],['Both males and females 0 YEARS - 150 YEARS'],[nan],,
417,DR2IVB6,0 To 15.978,Range Of Values,['Vitamin B6 (mg)'],['Both males and females 0 YEARS - 150 YEARS'],[nan],,
418,DR2IVB6,0 To 21.497,Range Of Values,['Vitamin B6 (mg)'],['Both males and females 0 YEARS - 150 YEARS'],[nan],,
419,DR2IVB6,0 To 15.744,Range Of Values,['Vitamin B6 (mg)'],['Both males and females 0 YEARS - 150 YEARS'],[nan],,
420,DR2IVB6,0 To 16.527,Range Of Values,['Vitamin B6 (mg)'],['Both males and females 0 YEARS - 150 YEARS'],[nan],,
421,DR2IFOLA,0 To 3326,Range Of Values,"['Total Folate (mcg)', 'Total folate (mcg)']",['Both males and females 0 YEARS - 150 YEARS'],[nan],,
422,DR2IFOLA,.,Missing,"['Total Folate (mcg)', 'Total folate (mcg)']",['Both males and females 0 YEARS - 150 YEARS'],[nan],,
423,DR2IFOLA,0 To 2649,Range Of Values,"['Total Folate (mcg)', 'Total folate (mcg)']",['Both males and females 0 YEARS - 150 YEARS'],[nan],,
424,DR2IFOLA,0 To 2799,Range Of Values,"['Total Folate (mcg)', 'Total folate (mcg)']",['Both males and females 0 YEARS - 150 YEARS'],[nan],,
425,DR2IFOLA,0 To 3193,Range Of Values,"['Total Folate (mcg)', 'Total folate (mcg)']",['Both males and females 0 YEARS - 150 YEARS'],[nan],,
426,DR2IFOLA,0 To 2801,Range Of Values,"['Total Folate (mcg)', 'Total folate (mcg)']",['Both males and females 0 YEARS - 150 YEARS'],[nan],,
427,DR2IFOLA,0 To 3149,Range Of Values,"['Total Folate (mcg)', 'Total folate (mcg)']",['Both males and females 0 YEARS - 150 YEARS'],[nan],,
428,DR2IFOLA,0 To 2853,Range Of Values,"['Total Folate (mcg)', 'Total folate (mcg)']",['Both males and females 0 YEARS - 150 YEARS'],[nan],,
429,DR2IFOLA,0 To 1612,Range Of Values,"['Total Folate (mcg)', 'Total folate (mcg)']",['Both males and females 0 YEARS - 150 YEARS'],[nan],,
430,DR2IFA,0 To 3285,Range Of Values,['Folic acid (mcg)'],['Both males and females 0 YEARS - 150 YEARS'],[nan],,
431,DR2IFA,.,Missing,['Folic acid (mcg)'],['Both males and females 0 YEARS - 150 YEARS'],[nan],,
432,DR2IFA,0 To 2610,Range Of Values,['Folic acid (mcg)'],['Both males and females 0 YEARS - 150 YEARS'],[nan],,
433,DR2IFA,0 To 2768,Range Of Values,['Folic acid (mcg)'],['Both males and females 0 YEARS - 150 YEARS'],[nan],,
434,DR2IFA,0 To 2587,Range Of Values,['Folic acid (mcg)'],['Both males and females 0 YEARS - 150 YEARS'],[nan],,
435,DR2IFA,0 To 3149,Range Of Values,['Folic acid (mcg)'],['Both males and females 0 YEARS - 150 YEARS'],[nan],,
436,DR2IFA,0 To 2212,Range Of Values,['Folic acid (mcg)'],['Both males and females 0 YEARS - 150 YEARS'],[nan],,
437,DR2IFA,0 To 3075,Range Of Values,['Folic acid (mcg)'],['Both males and females 0 YEARS - 150 YEARS'],[nan],,
438,DR2IFA,0 To 2819,Range Of Values,['Folic acid (mcg)'],['Both males and females 0 YEARS - 150 YEARS'],[nan],,
439,DR2IFA,0 To 1456,Range Of Values,['Folic acid (mcg)'],['Both males and females 0 YEARS - 150 YEARS'],[nan],,
440,DR2IFF,0 To 632,Range Of Values,['Food folate (mcg)'],['Both males and females 0 YEARS - 150 YEARS'],[nan],,
441,DR2IFF,.,Missing,['Food folate (mcg)'],['Both males and females 0 YEARS - 150 YEARS'],[nan],,
442,DR2IFF,0 To 1138,Range Of Values,['Food folate (mcg)'],['Both males and females 0 YEARS - 150 YEARS'],[nan],,
443,DR2IFF,0 To 1758,Range Of Values,['Food folate (mcg)'],['Both males and females 0 YEARS - 150 YEARS'],[nan],,
444,DR2IFF,0 To 1526,Range Of Values,['Food folate (mcg)'],['Both males and females 0 YEARS - 150 YEARS'],[nan],,
445,DR2IFF,0 To 2759,Range Of Values,['Food folate (mcg)'],['Both males and females 0 YEARS - 150 YEARS'],[nan],,
446,DR2IFF,0 To 2801,Range Of Values,['Food folate (mcg)'],['Both males and females 0 YEARS - 150 YEARS'],[nan],,
447,DR2IFF,0 To 1005,Range Of Values,['Food folate (mcg)'],['Both males and females 0 YEARS - 150 YEARS'],[nan],,
448,DR2IFF,0 To 1319,Range Of Values,['Food folate (mcg)'],['Both males and females 0 YEARS - 150 YEARS'],[nan],,
449,DR2IFF,0 To 1612,Range Of Values,['Food folate (mcg)'],['Both males and females 0 YEARS - 150 YEARS'],[nan],,
450,DR2IFDFE,0 To 5626,Range Of Values,['Folate as dietary folate equivalents (mcg)'],['Both males and females 0 YEARS - 150 YEARS'],[nan],,
451,DR2IFDFE,.,Missing,['Folate as dietary folate equivalents (mcg)'],['Both males and females 0 YEARS - 150 YEARS'],[nan],,
452,DR2IFDFE,0 To 4477,Range Of Values,['Folate as dietary folate equivalents (mcg)'],['Both males and females 0 YEARS - 150 YEARS'],[nan],,
453,DR2IFDFE,0 To 4734,Range Of Values,['Folate as dietary folate equivalents (mcg)'],['Both males and females 0 YEARS - 150 YEARS'],[nan],,
454,DR2IFDFE,0 To 4460,Range Of Values,['Folate as dietary folate equivalents (mcg)'],['Both males and females 0 YEARS - 150 YEARS'],[nan],,
455,DR2IFDFE,0 To 5398,Range Of Values,['Folate as dietary folate equivalents (mcg)'],['Both males and females 0 YEARS - 150 YEARS'],[nan],,
456,DR2IFDFE,0 To 3793,Range Of Values,['Folate as dietary folate equivalents (mcg)'],['Both males and females 0 YEARS - 150 YEARS'],[nan],,
457,DR2IFDFE,0 To 5302,Range Of Values,['Folate as dietary folate equivalents (mcg)'],['Both males and females 0 YEARS - 150 YEARS'],[nan],,
458,DR2IFDFE,0 To 4825,Range Of Values,['Folate as dietary folate equivalents (mcg)'],['Both males and females 0 YEARS - 150 YEARS'],[nan],,
459,DR2IFDFE,0 To 2476,Range Of Values,['Folate as dietary folate equivalents (mcg)'],['Both males and females 0 YEARS - 150 YEARS'],[nan],,
460,DR2IVB12,0 To 240.19,Range Of Values,['Vitamin B12 (mcg)'],['Both males and females 0 YEARS - 150 YEARS'],[nan],,
461,DR2IVB12,.,Missing,['Vitamin B12 (mcg)'],['Both males and females 0 YEARS - 150 YEARS'],[nan],,
462,DR2IVB12,0 To 207.74,Range Of Values,['Vitamin B12 (mcg)'],['Both males and females 0 YEARS - 150 YEARS'],[nan],,
463,DR2IVB12,0 To 275.79,Range Of Values,['Vitamin B12 (mcg)'],['Both males and females 0 YEARS - 150 YEARS'],[nan],,
464,DR2IVB12,0 To 223.27,Range Of Values,['Vitamin B12 (mcg)'],['Both males and females 0 YEARS - 150 YEARS'],[nan],,
465,DR2IVB12,0 To 72.47,Range Of Values,['Vitamin B12 (mcg)'],['Both males and females 0 YEARS - 150 YEARS'],[nan],,
466,DR2IVB12,0 To 103.87,Range Of Values,['Vitamin B12 (mcg)'],['Both males and females 0 YEARS - 150 YEARS'],[nan],,
467,DR2IVB12,0 To 204.67,Range Of Values,['Vitamin B12 (mcg)'],['Both males and females 0 YEARS - 150 YEARS'],[nan],,
468,DR2IVB12,0 To 155.81,Range Of Values,['Vitamin B12 (mcg)'],['Both males and females 0 YEARS - 150 YEARS'],[nan],,
469,DR2IVB12,0 To 307.04,Range Of Values,['Vitamin B12 (mcg)'],['Both males and females 0 YEARS - 150 YEARS'],[nan],,
470,DR2IVB12,0 To 374.08,Range Of Values,['Vitamin B12 (mcg)'],['Both males and females 0 YEARS - 150 YEARS'],[nan],,
471,DR2IB12A,0 To 29.725,Range Of Values,['Added vitamin B12 (mcg)'],['Both males and females 0 YEARS - 150 YEARS'],[nan],,
472,DR2IB12A,.,Missing,['Added vitamin B12 (mcg)'],['Both males and females 0 YEARS - 150 YEARS'],[nan],,
473,DR2IB12A,0 To 40.05,Range Of Values,['Added vitamin B12 (mcg)'],['Both males and females 0 YEARS - 150 YEARS'],[nan],,
474,DR2IB12A,0 To 36.85,Range Of Values,['Added vitamin B12 (mcg)'],['Both males and females 0 YEARS - 150 YEARS'],[nan],,
475,DR2IB12A,0 To 40.41,Range Of Values,['Added vitamin B12 (mcg)'],['Both males and females 0 YEARS - 150 YEARS'],[nan],,
476,DR2IB12A,0 To 47.93,Range Of Values,['Added vitamin B12 (mcg)'],['Both males and females 0 YEARS - 150 YEARS'],[nan],,
477,DR2IB12A,0 To 50.99,Range Of Values,['Added vitamin B12 (mcg)'],['Both males and females 0 YEARS - 150 YEARS'],[nan],,
478,DR2IB12A,0 To 46.31,Range Of Values,['Added vitamin B12 (mcg)'],['Both males and females 0 YEARS - 150 YEARS'],[nan],,
479,DR2IB12A,0 To 49.6,Range Of Values,['Added vitamin B12 (mcg)'],['Both males and females 0 YEARS - 150 YEARS'],[nan],,
480,DR2IB12A,0 To 56.1,Range Of Values,['Added vitamin B12 (mcg)'],['Both males and females 0 YEARS - 150 YEARS'],[nan],,
481,DR2IVC,0 To 812.7,Range Of Values,['Vitamin C (mg)'],['Both males and females 0 YEARS - 150 YEARS'],[nan],,
482,DR2IVC,.,Missing,['Vitamin C (mg)'],['Both males and females 0 YEARS - 150 YEARS'],[nan],,
483,DR2IVC,0 To 1280.9,Range Of Values,['Vitamin C (mg)'],['Both males and females 0 YEARS - 150 YEARS'],[nan],,
484,DR2IVC,0 To 1333.2,Range Of Values,['Vitamin C (mg)'],['Both males and females 0 YEARS - 150 YEARS'],[nan],,
485,DR2IVC,0 To 3256,Range Of Values,['Vitamin C (mg)'],['Both males and females 0 YEARS - 150 YEARS'],[nan],,
486,DR2IVC,0 To 1047.8,Range Of Values,['Vitamin C (mg)'],['Both males and females 0 YEARS - 150 YEARS'],[nan],,
487,DR2IVC,0 To 753.4,Range Of Values,['Vitamin C (mg)'],['Both males and females 0 YEARS - 150 YEARS'],[nan],,
488,DR2IVC,0 To 711.2,Range Of Values,['Vitamin C (mg)'],['Both males and females 0 YEARS - 150 YEARS'],[nan],,
489,DR2IVC,0 To 766.3,Range Of Values,['Vitamin C (mg)'],['Both males and females 0 YEARS - 150 YEARS'],[nan],,
490,DR2IVC,0 To 1149.5,Range Of Values,['Vitamin C (mg)'],['Both males and females 0 YEARS - 150 YEARS'],[nan],,
491,DR2IVK,0 To 1593.3,Range Of Values,['Vitamin K (mcg)'],['Both males and females 0 YEARS - 150 YEARS'],[nan],,
492,DR2IVK,.,Missing,['Vitamin K (mcg)'],['Both males and females 0 YEARS - 150 YEARS'],[nan],,
493,DR2IVK,0 To 2323.6,Range Of Values,['Vitamin K (mcg)'],['Both males and females 0 YEARS - 150 YEARS'],[nan],,
494,DR2IVK,0 To 2123.6,Range Of Values,['Vitamin K (mcg)'],['Both males and females 0 YEARS - 150 YEARS'],[nan],,
495,DR2IVK,0 To 2116.1,Range Of Values,['Vitamin K (mcg)'],['Both males and females 0 YEARS - 150 YEARS'],[nan],,
496,DR2IVK,0 To 15225.4,Range Of Values,['Vitamin K (mcg)'],['Both males and females 0 YEARS - 150 YEARS'],[nan],,
497,DR2IVK,0 To 4867,Range Of Values,['Vitamin K (mcg)'],['Both males and females 0 YEARS - 150 YEARS'],[nan],,
498,DR2IVK,0 To 3491.3,Range Of Values,['Vitamin K (mcg)'],['Both males and females 0 YEARS - 150 YEARS'],[nan],,
499,DR2IVK,0 To 2318.1,Range Of Values,['Vitamin K (mcg)'],['Both males and females 0 YEARS - 150 YEARS'],[nan],,
500,DR2IVK,0 To 3391.3,Range Of Values,['Vitamin K (mcg)'],['Both males and females 0 YEARS - 150 YEARS'],[nan],,
501,DR2ICALC,0 To 4057,Range Of Values,['Calcium (mg)'],['Both males and females 0 YEARS - 150 YEARS'],[nan],,
502,DR2ICALC,.,Missing,['Calcium (mg)'],['Both males and females 0 YEARS - 150 YEARS'],[nan],,
503,DR2ICALC,0 To 3553,Range Of Values,['Calcium (mg)'],['Both males and females 0 YEARS - 150 YEARS'],[nan],,
504,DR2ICALC,0 To 7976,Range Of Values,['Calcium (mg)'],['Both males and females 0 YEARS - 150 YEARS'],[nan],,
505,DR2ICALC,0 To 7916,Range Of Values,['Calcium (mg)'],['Both males and females 0 YEARS - 150 YEARS'],[nan],,
506,DR2ICALC,0 To 5712,Range Of Values,['Calcium (mg)'],['Both males and females 0 YEARS - 150 YEARS'],[nan],,
507,DR2ICALC,0 To 3633,Range Of Values,['Calcium (mg)'],['Both males and females 0 YEARS - 150 YEARS'],[nan],,
508,DR2ICALC,0 To 2856,Range Of Values,['Calcium (mg)'],['Both males and females 0 YEARS - 150 YEARS'],[nan],,
509,DR2ICALC,0 To 7415,Range Of Values,['Calcium (mg)'],['Both males and females 0 YEARS - 150 YEARS'],[nan],,
510,DR2ICALC,0 To 5838,Range Of Values,['Calcium (mg)'],['Both males and females 0 YEARS - 150 YEARS'],[nan],,
511,DR2IPHOS,0 To 3522,Range Of Values,['Phosphorus (mg)'],['Both males and females 0 YEARS - 150 YEARS'],[nan],,
512,DR2IPHOS,.,Missing,['Phosphorus (mg)'],['Both males and females 0 YEARS - 150 YEARS'],[nan],,
513,DR2IPHOS,0 To 3128,Range Of Values,['Phosphorus (mg)'],['Both males and females 0 YEARS - 150 YEARS'],[nan],,
514,DR2IPHOS,0 To 3922,Range Of Values,['Phosphorus (mg)'],['Both males and females 0 YEARS - 150 YEARS'],[nan],,
515,DR2IPHOS,0 To 3592,Range Of Values,['Phosphorus (mg)'],['Both males and females 0 YEARS - 150 YEARS'],[nan],,
516,DR2IPHOS,0 To 3725,Range Of Values,['Phosphorus (mg)'],['Both males and females 0 YEARS - 150 YEARS'],[nan],,
517,DR2IPHOS,0 To 3709,Range Of Values,['Phosphorus (mg)'],['Both males and females 0 YEARS - 150 YEARS'],[nan],,
518,DR2IPHOS,0 To 3447,Range Of Values,['Phosphorus (mg)'],['Both males and females 0 YEARS - 150 YEARS'],[nan],,
519,DR2IPHOS,0 To 2597,Range Of Values,['Phosphorus (mg)'],['Both males and females 0 YEARS - 150 YEARS'],[nan],,
520,DR2IPHOS,0 To 11545,Range Of Values,['Phosphorus (mg)'],['Both males and females 0 YEARS - 150 YEARS'],[nan],,
521,DR2IPHOS,0 To 3676,Range Of Values,['Phosphorus (mg)'],['Both males and females 0 YEARS - 150 YEARS'],[nan],,
522,DR2IMAGN,0 To 897,Range Of Values,['Magnesium (mg)'],['Both males and females 0 YEARS - 150 YEARS'],[nan],,
523,DR2IMAGN,.,Missing,['Magnesium (mg)'],['Both males and females 0 YEARS - 150 YEARS'],[nan],,
524,DR2IMAGN,0 To 1015,Range Of Values,['Magnesium (mg)'],['Both males and females 0 YEARS - 150 YEARS'],[nan],,
525,DR2IMAGN,0 To 1017,Range Of Values,['Magnesium (mg)'],['Both males and females 0 YEARS - 150 YEARS'],[nan],,
526,DR2IMAGN,0 To 1882,Range Of Values,['Magnesium (mg)'],['Both males and females 0 YEARS - 150 YEARS'],[nan],,
527,DR2IMAGN,0 To 1235,Range Of Values,['Magnesium (mg)'],['Both males and females 0 YEARS - 150 YEARS'],[nan],,
528,DR2IMAGN,0 To 1748,Range Of Values,['Magnesium (mg)'],['Both males and females 0 YEARS - 150 YEARS'],[nan],,
529,DR2IMAGN,0 To 761,Range Of Values,['Magnesium (mg)'],['Both males and females 0 YEARS - 150 YEARS'],[nan],,
530,DR2IMAGN,0 To 886,Range Of Values,['Magnesium (mg)'],['Both males and females 0 YEARS - 150 YEARS'],[nan],,
531,DR2IMAGN,0 To 1275,Range Of Values,['Magnesium (mg)'],['Both males and females 0 YEARS - 150 YEARS'],[nan],,
532,DR2IIRON,0 To 96.19,Range Of Values,['Iron (mg)'],['Both males and females 0 YEARS - 150 YEARS'],[nan],,
533,DR2IIRON,.,Missing,['Iron (mg)'],['Both males and females 0 YEARS - 150 YEARS'],[nan],,
534,DR2IIRON,0 To 81.44,Range Of Values,['Iron (mg)'],['Both males and females 0 YEARS - 150 YEARS'],[nan],,
535,DR2IIRON,0 To 176.6,Range Of Values,['Iron (mg)'],['Both males and females 0 YEARS - 150 YEARS'],[nan],,
536,DR2IIRON,0 To 85.5,Range Of Values,['Iron (mg)'],['Both males and females 0 YEARS - 150 YEARS'],[nan],,
537,DR2IIRON,0 To 143.8,Range Of Values,['Iron (mg)'],['Both males and females 0 YEARS - 150 YEARS'],[nan],,
538,DR2IIRON,0 To 88.11,Range Of Values,['Iron (mg)'],['Both males and females 0 YEARS - 150 YEARS'],[nan],,
539,DR2IIRON,0 To 84,Range Of Values,['Iron (mg)'],['Both males and females 0 YEARS - 150 YEARS'],[nan],,
540,DR2IIRON,0 To 59.23,Range Of Values,['Iron (mg)'],['Both males and females 0 YEARS - 150 YEARS'],[nan],,
541,DR2IIRON,0 To 61.21,Range Of Values,['Iron (mg)'],['Both males and females 0 YEARS - 150 YEARS'],[nan],,
542,DR2IIRON,0 To 84.14,Range Of Values,['Iron (mg)'],['Both males and females 0 YEARS - 150 YEARS'],[nan],,
543,DR2IZINC,0 To 187.07,Range Of Values,['Zinc (mg)'],['Both males and females 0 YEARS - 150 YEARS'],[nan],,
544,DR2IZINC,.,Missing,['Zinc (mg)'],['Both males and females 0 YEARS - 150 YEARS'],[nan],,
545,DR2IZINC,0 To 308.11,Range Of Values,['Zinc (mg)'],['Both males and females 0 YEARS - 150 YEARS'],[nan],,
546,DR2IZINC,0 To 261.53,Range Of Values,['Zinc (mg)'],['Both males and females 0 YEARS - 150 YEARS'],[nan],,
547,DR2IZINC,0 To 335.23,Range Of Values,['Zinc (mg)'],['Both males and females 0 YEARS - 150 YEARS'],[nan],,
548,DR2IZINC,0 To 119.72,Range Of Values,['Zinc (mg)'],['Both males and females 0 YEARS - 150 YEARS'],[nan],,
549,DR2IZINC,0 To 81.89,Range Of Values,['Zinc (mg)'],['Both males and females 0 YEARS - 150 YEARS'],[nan],,
550,DR2IZINC,0 To 91.79,Range Of Values,['Zinc (mg)'],['Both males and females 0 YEARS - 150 YEARS'],[nan],,
551,DR2IZINC,0 To 54.04,Range Of Values,['Zinc (mg)'],['Both males and females 0 YEARS - 150 YEARS'],[nan],,
552,DR2IZINC,0 To 141.48,Range Of Values,['Zinc (mg)'],['Both males and females 0 YEARS - 150 YEARS'],[nan],,
553,DR2ICOPP,0 To 33.746,Range Of Values,['Copper (mg)'],['Both males and females 0 YEARS - 150 YEARS'],[nan],,
554,DR2ICOPP,.,Missing,['Copper (mg)'],['Both males and females 0 YEARS - 150 YEARS'],[nan],,
555,DR2ICOPP,0 To 36.457,Range Of Values,['Copper (mg)'],['Both males and females 0 YEARS - 150 YEARS'],[nan],,
556,DR2ICOPP,0 To 31.246,Range Of Values,['Copper (mg)'],['Both males and females 0 YEARS - 150 YEARS'],[nan],,
557,DR2ICOPP,0 To 45.183,Range Of Values,['Copper (mg)'],['Both males and females 0 YEARS - 150 YEARS'],[nan],,
558,DR2ICOPP,0 To 12.753,Range Of Values,['Copper (mg)'],['Both males and females 0 YEARS - 150 YEARS'],[nan],,
559,DR2ICOPP,0 To 18.228,Range Of Values,['Copper (mg)'],['Both males and females 0 YEARS - 150 YEARS'],[nan],,
560,DR2ICOPP,0 To 36.017,Range Of Values,['Copper (mg)'],['Both males and females 0 YEARS - 150 YEARS'],[nan],,
561,DR2ICOPP,0 To 27.341,Range Of Values,['Copper (mg)'],['Both males and females 0 YEARS - 150 YEARS'],[nan],,
562,DR2ICOPP,0 To 54.031,Range Of Values,['Copper (mg)'],['Both males and females 0 YEARS - 150 YEARS'],[nan],,
563,DR2ICOPP,0 To 65.645,Range Of Values,['Copper (mg)'],['Both males and females 0 YEARS - 150 YEARS'],[nan],,
564,DR2ISODI,0 To 8073,Range Of Values,"['Sodium (mg)(adjusted for salt use in food preparation)', 'Sodium (mg)']",['Both males and females 0 YEARS - 150 YEARS'],[nan],,
565,DR2ISODI,.,Missing,"['Sodium (mg)(adjusted for salt use in food preparation)', 'Sodium (mg)']",['Both males and females 0 YEARS - 150 YEARS'],[nan],,
566,DR2ISODI,0 To 13421,Range Of Values,"['Sodium (mg)(adjusted for salt use in food preparation)', 'Sodium (mg)']",['Both males and females 0 YEARS - 150 YEARS'],[nan],,
567,DR2ISODI,0 To 10523,Range Of Values,"['Sodium (mg)(adjusted for salt use in food preparation)', 'Sodium (mg)']",['Both males and females 0 YEARS - 150 YEARS'],[nan],,
568,DR2ISODI,0 To 11754,Range Of Values,"['Sodium (mg)(adjusted for salt use in food preparation)', 'Sodium (mg)']",['Both males and females 0 YEARS - 150 YEARS'],[nan],,
569,DR2ISODI,0 To 12294,Range Of Values,"['Sodium (mg)(adjusted for salt use in food preparation)', 'Sodium (mg)']",['Both males and females 0 YEARS - 150 YEARS'],[nan],,
570,DR2ISODI,0 To 10965,Range Of Values,"['Sodium (mg)(adjusted for salt use in food preparation)', 'Sodium (mg)']",['Both males and females 0 YEARS - 150 YEARS'],[nan],,
571,DR2ISODI,0 To 8688,Range Of Values,"['Sodium (mg)(adjusted for salt use in food preparation)', 'Sodium (mg)']",['Both males and females 0 YEARS - 150 YEARS'],[nan],,
572,DR2ISODI,0 To 7671,Range Of Values,"['Sodium (mg)(adjusted for salt use in food preparation)', 'Sodium (mg)']",['Both males and females 0 YEARS - 150 YEARS'],[nan],,
573,DR2ISODI,0 To 21441,Range Of Values,"['Sodium (mg)(adjusted for salt use in food preparation)', 'Sodium (mg)']",['Both males and females 0 YEARS - 150 YEARS'],[nan],,
574,DR2ISODI,0 To 8650,Range Of Values,"['Sodium (mg)(adjusted for salt use in food preparation)', 'Sodium (mg)']",['Both males and females 0 YEARS - 150 YEARS'],[nan],,
575,DR2IPOTA,0 To 7312,Range Of Values,['Potassium (mg)'],['Both males and females 0 YEARS - 150 YEARS'],[nan],,
576,DR2IPOTA,.,Missing,['Potassium (mg)'],['Both males and females 0 YEARS - 150 YEARS'],[nan],,
577,DR2IPOTA,0 To 4655,Range Of Values,['Potassium (mg)'],['Both males and females 0 YEARS - 150 YEARS'],[nan],,
578,DR2IPOTA,0 To 7063,Range Of Values,['Potassium (mg)'],['Both males and females 0 YEARS - 150 YEARS'],[nan],,
579,DR2IPOTA,0 To 17150,Range Of Values,['Potassium (mg)'],['Both males and females 0 YEARS - 150 YEARS'],[nan],,
580,DR2IPOTA,0 To 18792,Range Of Values,['Potassium (mg)'],['Both males and females 0 YEARS - 150 YEARS'],[nan],,
581,DR2IPOTA,0 To 6072,Range Of Values,['Potassium (mg)'],['Both males and females 0 YEARS - 150 YEARS'],[nan],,
582,DR2IPOTA,0 To 5305,Range Of Values,['Potassium (mg)'],['Both males and females 0 YEARS - 150 YEARS'],[nan],,
583,DR2IPOTA,0 To 8084,Range Of Values,['Potassium (mg)'],['Both males and females 0 YEARS - 150 YEARS'],[nan],,
584,DR2IPOTA,0 To 6125,Range Of Values,['Potassium (mg)'],['Both males and females 0 YEARS - 150 YEARS'],[nan],,
585,DR2ISELE,0 To 461.8,Range Of Values,['Selenium (mcg)'],['Both males and females 0 YEARS - 150 YEARS'],[nan],,
586,DR2ISELE,.,Missing,['Selenium (mcg)'],['Both males and females 0 YEARS - 150 YEARS'],[nan],,
587,DR2ISELE,0 To 839.3,Range Of Values,['Selenium (mcg)'],['Both males and females 0 YEARS - 150 YEARS'],[nan],,
588,DR2ISELE,0 To 543.5,Range Of Values,['Selenium (mcg)'],['Both males and females 0 YEARS - 150 YEARS'],[nan],,
589,DR2ISELE,0 To 580.5,Range Of Values,['Selenium (mcg)'],['Both males and females 0 YEARS - 150 YEARS'],[nan],,
590,DR2ISELE,0 To 637.4,Range Of Values,['Selenium (mcg)'],['Both males and females 0 YEARS - 150 YEARS'],[nan],,
591,DR2ISELE,0 To 598.5,Range Of Values,['Selenium (mcg)'],['Both males and females 0 YEARS - 150 YEARS'],[nan],,
592,DR2ISELE,0 To 1341.9,Range Of Values,['Selenium (mcg)'],['Both males and females 0 YEARS - 150 YEARS'],[nan],,
593,DR2ISELE,0 To 323.2,Range Of Values,['Selenium (mcg)'],['Both males and females 0 YEARS - 150 YEARS'],[nan],,
594,DR2ISELE,0 To 958.5,Range Of Values,['Selenium (mcg)'],['Both males and females 0 YEARS - 150 YEARS'],[nan],,
595,DR2ISELE,0 To 410.3,Range Of Values,['Selenium (mcg)'],['Both males and females 0 YEARS - 150 YEARS'],[nan],,
596,DR2ICAFF,0 To 1717,Range Of Values,['Caffeine (mg)'],['Both males and females 0 YEARS - 150 YEARS'],[nan],,
597,DR2ICAFF,.,Missing,['Caffeine (mg)'],['Both males and females 0 YEARS - 150 YEARS'],[nan],,
598,DR2ICAFF,0 To 2549,Range Of Values,['Caffeine (mg)'],['Both males and females 0 YEARS - 150 YEARS'],[nan],,
599,DR2ICAFF,0 To 2160,Range Of Values,['Caffeine (mg)'],['Both males and females 0 YEARS - 150 YEARS'],[nan],,
600,DR2ICAFF,0 To 2131,Range Of Values,['Caffeine (mg)'],['Both males and females 0 YEARS - 150 YEARS'],[nan],,
601,DR2ICAFF,0 To 1705,Range Of Values,['Caffeine (mg)'],['Both males and females 0 YEARS - 150 YEARS'],[nan],,
602,DR2ICAFF,0 To 1526,Range Of Values,['Caffeine (mg)'],['Both males and females 0 YEARS - 150 YEARS'],[nan],,
603,DR2ICAFF,0 To 1536,Range Of Values,['Caffeine (mg)'],['Both males and females 0 YEARS - 150 YEARS'],[nan],,
604,DR2ICAFF,0 To 2880,Range Of Values,['Caffeine (mg)'],['Both males and females 0 YEARS - 150 YEARS'],[nan],,
605,DR2ICAFF,0 To 1440,Range Of Values,['Caffeine (mg)'],['Both males and females 0 YEARS - 150 YEARS'],[nan],,
606,DR2ITHEO,0 To 946,Range Of Values,['Theobromine (mg)'],['Both males and females 0 YEARS - 150 YEARS'],[nan],,
607,DR2ITHEO,.,Missing,['Theobromine (mg)'],['Both males and females 0 YEARS - 150 YEARS'],[nan],,
608,DR2ITHEO,0 To 775,Range Of Values,['Theobromine (mg)'],['Both males and females 0 YEARS - 150 YEARS'],[nan],,
609,DR2ITHEO,0 To 1067,Range Of Values,['Theobromine (mg)'],['Both males and females 0 YEARS - 150 YEARS'],[nan],,
610,DR2ITHEO,0 To 1053,Range Of Values,['Theobromine (mg)'],['Both males and females 0 YEARS - 150 YEARS'],[nan],,
611,DR2ITHEO,0 To 877,Range Of Values,['Theobromine (mg)'],['Both males and females 0 YEARS - 150 YEARS'],[nan],,
612,DR2ITHEO,0 To 936,Range Of Values,['Theobromine (mg)'],['Both males and females 0 YEARS - 150 YEARS'],[nan],,
613,DR2ITHEO,0 To 900,Range Of Values,['Theobromine (mg)'],['Both males and females 0 YEARS - 150 YEARS'],[nan],,
614,DR2ITHEO,0 To 652,Range Of Values,['Theobromine (mg)'],['Both males and females 0 YEARS - 150 YEARS'],[nan],,
615,DR2IALCO,0 To 645.1,Range Of Values,['Alcohol (gm)'],['Both males and females 0 YEARS - 150 YEARS'],[nan],,
616,DR2IALCO,.,Missing,['Alcohol (gm)'],['Both males and females 0 YEARS - 150 YEARS'],[nan],,
617,DR2IALCO,0 To 196.6,Range Of Values,['Alcohol (gm)'],['Both males and females 0 YEARS - 150 YEARS'],[nan],,
618,DR2IALCO,0 To 337,Range Of Values,['Alcohol (gm)'],['Both males and females 0 YEARS - 150 YEARS'],[nan],,
619,DR2IALCO,0 To 252.7,Range Of Values,['Alcohol (gm)'],['Both males and females 0 YEARS - 150 YEARS'],[nan],,
620,DR2IALCO,0 To 297.1,Range Of Values,['Alcohol (gm)'],['Both males and females 0 YEARS - 150 YEARS'],[nan],,
621,DR2IALCO,0 To 224.6,Range Of Values,['Alcohol (gm)'],['Both males and females 0 YEARS - 150 YEARS'],[nan],,
622,DR2IALCO,0 To 297.6,Range Of Values,['Alcohol (gm)'],['Both males and females 0 YEARS - 150 YEARS'],[nan],,
623,DR2IALCO,0 To 443.5,Range Of Values,['Alcohol (gm)'],['Both males and females 0 YEARS - 150 YEARS'],[nan],,
624,DR2IALCO,0 To 237.1,Range Of Values,['Alcohol (gm)'],['Both males and females 0 YEARS - 150 YEARS'],[nan],,
625,DR2IMOIS,0 To 8558.25,Range Of Values,['Moisture (gm)'],['Both males and females 0 YEARS - 150 YEARS'],[nan],,
626,DR2IMOIS,.,Missing,['Moisture (gm)'],['Both males and females 0 YEARS - 150 YEARS'],[nan],,
627,DR2IMOIS,0 To 8886.5,Range Of Values,['Moisture (gm)'],['Both males and females 0 YEARS - 150 YEARS'],[nan],,
628,DR2IMOIS,0 To 8885.72,Range Of Values,['Moisture (gm)'],['Both males and females 0 YEARS - 150 YEARS'],[nan],,
629,DR2IMOIS,0 To 10654.34,Range Of Values,['Moisture (gm)'],['Both males and females 0 YEARS - 150 YEARS'],[nan],,
630,DR2IMOIS,0 To 11508.48,Range Of Values,['Moisture (gm)'],['Both males and females 0 YEARS - 150 YEARS'],[nan],,
631,DR2IMOIS,0 To 11517.7,Range Of Values,['Moisture (gm)'],['Both males and females 0 YEARS - 150 YEARS'],[nan],,
632,DR2IMOIS,0 To 9590.4,Range Of Values,['Moisture (gm)'],['Both males and females 0 YEARS - 150 YEARS'],[nan],,
633,DR2IMOIS,0 To 44151.17,Range Of Values,['Moisture (gm)'],['Both males and females 0 YEARS - 150 YEARS'],[nan],,
634,DR2IS040,0 To 4.123,Range Of Values,['SFA 4:0 (Butanoic) (gm)'],['Both males and females 0 YEARS - 150 YEARS'],[nan],,
635,DR2IS040,.,Missing,['SFA 4:0 (Butanoic) (gm)'],['Both males and females 0 YEARS - 150 YEARS'],[nan],,
636,DR2IS040,0 To 3.83,Range Of Values,['SFA 4:0 (Butanoic) (gm)'],['Both males and females 0 YEARS - 150 YEARS'],[nan],,
637,DR2IS040,0 To 4.524,Range Of Values,['SFA 4:0 (Butanoic) (gm)'],['Both males and females 0 YEARS - 150 YEARS'],[nan],,
638,DR2IS040,0 To 4.284,Range Of Values,['SFA 4:0 (Butanoic) (gm)'],['Both males and females 0 YEARS - 150 YEARS'],[nan],,
639,DR2IS040,0 To 4.863,Range Of Values,['SFA 4:0 (Butanoic) (gm)'],['Both males and females 0 YEARS - 150 YEARS'],[nan],,
640,DR2IS040,0 To 5.36,Range Of Values,['SFA 4:0 (Butanoic) (gm)'],['Both males and females 0 YEARS - 150 YEARS'],[nan],,
641,DR2IS040,0 To 4.176,Range Of Values,['SFA 4:0 (Butanoic) (gm)'],['Both males and females 0 YEARS - 150 YEARS'],[nan],,
642,DR2IS040,0 To 3.809,Range Of Values,['SFA 4:0 (Butanoic) (gm)'],['Both males and females 0 YEARS - 150 YEARS'],[nan],,
643,DR2IS040,0 To 9.078,Range Of Values,['SFA 4:0 (Butanoic) (gm)'],['Both males and females 0 YEARS - 150 YEARS'],[nan],,
644,DR2IS040,0 To 8.25,Range Of Values,['SFA 4:0 (Butanoic) (gm)'],['Both males and females 0 YEARS - 150 YEARS'],[nan],,
645,DR2IS060,0 To 2.565,Range Of Values,['SFA 6:0 (Hexanoic) (gm)'],['Both males and females 0 YEARS - 150 YEARS'],[nan],,
646,DR2IS060,.,Missing,['SFA 6:0 (Hexanoic) (gm)'],['Both males and females 0 YEARS - 150 YEARS'],[nan],,
647,DR2IS060,0 To 2.234,Range Of Values,['SFA 6:0 (Hexanoic) (gm)'],['Both males and females 0 YEARS - 150 YEARS'],[nan],,
648,DR2IS060,0 To 2.814,Range Of Values,['SFA 6:0 (Hexanoic) (gm)'],['Both males and females 0 YEARS - 150 YEARS'],[nan],,
649,DR2IS060,0 To 2.928,Range Of Values,['SFA 6:0 (Hexanoic) (gm)'],['Both males and females 0 YEARS - 150 YEARS'],[nan],,
650,DR2IS060,0 To 2.807,Range Of Values,['SFA 6:0 (Hexanoic) (gm)'],['Both males and females 0 YEARS - 150 YEARS'],[nan],,
651,DR2IS060,0 To 3.427,Range Of Values,['SFA 6:0 (Hexanoic) (gm)'],['Both males and females 0 YEARS - 150 YEARS'],[nan],,
652,DR2IS060,0 To 2.436,Range Of Values,['SFA 6:0 (Hexanoic) (gm)'],['Both males and females 0 YEARS - 150 YEARS'],[nan],,
653,DR2IS060,0 To 1.991,Range Of Values,['SFA 6:0 (Hexanoic) (gm)'],['Both males and females 0 YEARS - 150 YEARS'],[nan],,
654,DR2IS060,0 To 5.383,Range Of Values,['SFA 6:0 (Hexanoic) (gm)'],['Both males and females 0 YEARS - 150 YEARS'],[nan],,
655,DR2IS060,0 To 2.769,Range Of Values,['SFA 6:0 (Hexanoic) (gm)'],['Both males and females 0 YEARS - 150 YEARS'],[nan],,
656,DR2IS080,0 To 4.657,Range Of Values,['SFA 8:0 (Octanoic) (gm)'],['Both males and females 0 YEARS - 150 YEARS'],[nan],,
657,DR2IS080,.,Missing,['SFA 8:0 (Octanoic) (gm)'],['Both males and females 0 YEARS - 150 YEARS'],[nan],,
658,DR2IS080,0 To 3.586,Range Of Values,['SFA 8:0 (Octanoic) (gm)'],['Both males and females 0 YEARS - 150 YEARS'],[nan],,
659,DR2IS080,0 To 3.041,Range Of Values,['SFA 8:0 (Octanoic) (gm)'],['Both males and females 0 YEARS - 150 YEARS'],[nan],,
660,DR2IS080,0 To 5.063,Range Of Values,['SFA 8:0 (Octanoic) (gm)'],['Both males and females 0 YEARS - 150 YEARS'],[nan],,
661,DR2IS080,0 To 8.567,Range Of Values,['SFA 8:0 (Octanoic) (gm)'],['Both males and females 0 YEARS - 150 YEARS'],[nan],,
662,DR2IS080,0 To 4.266,Range Of Values,['SFA 8:0 (Octanoic) (gm)'],['Both males and females 0 YEARS - 150 YEARS'],[nan],,
663,DR2IS080,0 To 3.762,Range Of Values,['SFA 8:0 (Octanoic) (gm)'],['Both males and females 0 YEARS - 150 YEARS'],[nan],,
664,DR2IS080,0 To 3.43,Range Of Values,['SFA 8:0 (Octanoic) (gm)'],['Both males and females 0 YEARS - 150 YEARS'],[nan],,
665,DR2IS080,0 To 4.919,Range Of Values,['SFA 8:0 (Octanoic) (gm)'],['Both males and females 0 YEARS - 150 YEARS'],[nan],,
666,DR2IS080,0 To 9.654,Range Of Values,['SFA 8:0 (Octanoic) (gm)'],['Both males and females 0 YEARS - 150 YEARS'],[nan],,
667,DR2IS100,0 To 3.7,Range Of Values,['SFA 10:0 (Decanoic) (gm)'],['Both males and females 0 YEARS - 150 YEARS'],[nan],,
668,DR2IS100,.,Missing,['SFA 10:0 (Decanoic) (gm)'],['Both males and females 0 YEARS - 150 YEARS'],[nan],,
669,DR2IS100,0 To 2.979,Range Of Values,['SFA 10:0 (Decanoic) (gm)'],['Both males and females 0 YEARS - 150 YEARS'],[nan],,
670,DR2IS100,0 To 3.546,Range Of Values,['SFA 10:0 (Decanoic) (gm)'],['Both males and females 0 YEARS - 150 YEARS'],[nan],,
671,DR2IS100,0 To 4.028,Range Of Values,['SFA 10:0 (Decanoic) (gm)'],['Both males and females 0 YEARS - 150 YEARS'],[nan],,
672,DR2IS100,0 To 6.808,Range Of Values,['SFA 10:0 (Decanoic) (gm)'],['Both males and females 0 YEARS - 150 YEARS'],[nan],,
673,DR2IS100,0 To 4.613,Range Of Values,['SFA 10:0 (Decanoic) (gm)'],['Both males and females 0 YEARS - 150 YEARS'],[nan],,
674,DR2IS100,0 To 3.296,Range Of Values,['SFA 10:0 (Decanoic) (gm)'],['Both males and females 0 YEARS - 150 YEARS'],[nan],,
675,DR2IS100,0 To 2.472,Range Of Values,['SFA 10:0 (Decanoic) (gm)'],['Both males and females 0 YEARS - 150 YEARS'],[nan],,
676,DR2IS100,0 To 6.769,Range Of Values,['SFA 10:0 (Decanoic) (gm)'],['Both males and females 0 YEARS - 150 YEARS'],[nan],,
677,DR2IS100,0 To 7.145,Range Of Values,['SFA 10:0 (Decanoic) (gm)'],['Both males and females 0 YEARS - 150 YEARS'],[nan],,
678,DR2IS120,0 To 29.493,Range Of Values,['SFA 12:0 (Dodecanoic) (gm)'],['Both males and females 0 YEARS - 150 YEARS'],[nan],,
679,DR2IS120,.,Missing,['SFA 12:0 (Dodecanoic) (gm)'],['Both males and females 0 YEARS - 150 YEARS'],[nan],,
680,DR2IS120,0 To 34.212,Range Of Values,['SFA 12:0 (Dodecanoic) (gm)'],['Both males and females 0 YEARS - 150 YEARS'],[nan],,
681,DR2IS120,0 To 16.103,Range Of Values,['SFA 12:0 (Dodecanoic) (gm)'],['Both males and females 0 YEARS - 150 YEARS'],[nan],,
682,DR2IS120,0 To 32.076,Range Of Values,['SFA 12:0 (Dodecanoic) (gm)'],['Both males and females 0 YEARS - 150 YEARS'],[nan],,
683,DR2IS120,0 To 54.255,Range Of Values,['SFA 12:0 (Dodecanoic) (gm)'],['Both males and females 0 YEARS - 150 YEARS'],[nan],,
684,DR2IS120,0 To 27.024,Range Of Values,['SFA 12:0 (Dodecanoic) (gm)'],['Both males and females 0 YEARS - 150 YEARS'],[nan],,
685,DR2IS120,0 To 19.929,Range Of Values,['SFA 12:0 (Dodecanoic) (gm)'],['Both males and females 0 YEARS - 150 YEARS'],[nan],,
686,DR2IS120,0 To 18.016,Range Of Values,['SFA 12:0 (Dodecanoic) (gm)'],['Both males and females 0 YEARS - 150 YEARS'],[nan],,
687,DR2IS120,0 To 39.762,Range Of Values,['SFA 12:0 (Dodecanoic) (gm)'],['Both males and females 0 YEARS - 150 YEARS'],[nan],,
688,DR2IS120,0 To 36.032,Range Of Values,['SFA 12:0 (Dodecanoic) (gm)'],['Both males and females 0 YEARS - 150 YEARS'],[nan],,
689,DR2IS140,0 To 11.644,Range Of Values,['SFA 14:0 (Tetradecanoic) (gm)'],['Both males and females 0 YEARS - 150 YEARS'],[nan],,
690,DR2IS140,.,Missing,['SFA 14:0 (Tetradecanoic) (gm)'],['Both males and females 0 YEARS - 150 YEARS'],[nan],,
691,DR2IS140,0 To 12.023,Range Of Values,['SFA 14:0 (Tetradecanoic) (gm)'],['Both males and females 0 YEARS - 150 YEARS'],[nan],,
692,DR2IS140,0 To 12.957,Range Of Values,['SFA 14:0 (Tetradecanoic) (gm)'],['Both males and females 0 YEARS - 150 YEARS'],[nan],,
693,DR2IS140,0 To 13.379,Range Of Values,['SFA 14:0 (Tetradecanoic) (gm)'],['Both males and females 0 YEARS - 150 YEARS'],[nan],,
694,DR2IS140,0 To 21.423,Range Of Values,['SFA 14:0 (Tetradecanoic) (gm)'],['Both males and females 0 YEARS - 150 YEARS'],[nan],,
695,DR2IS140,0 To 15.557,Range Of Values,['SFA 14:0 (Tetradecanoic) (gm)'],['Both males and females 0 YEARS - 150 YEARS'],[nan],,
696,DR2IS140,0 To 13.928,Range Of Values,['SFA 14:0 (Tetradecanoic) (gm)'],['Both males and females 0 YEARS - 150 YEARS'],[nan],,
697,DR2IS140,0 To 13.243,Range Of Values,['SFA 14:0 (Tetradecanoic) (gm)'],['Both males and females 0 YEARS - 150 YEARS'],[nan],,
698,DR2IS140,0 To 28.778,Range Of Values,['SFA 14:0 (Tetradecanoic) (gm)'],['Both males and females 0 YEARS - 150 YEARS'],[nan],,
699,DR2IS140,0 To 30.372,Range Of Values,['SFA 14:0 (Tetradecanoic) (gm)'],['Both males and females 0 YEARS - 150 YEARS'],[nan],,
700,DR2IS160,0 To 41.503,Range Of Values,['SFA 16:0 (Hexadecanoic) (gm)'],['Both males and females 0 YEARS - 150 YEARS'],[nan],,
701,DR2IS160,.,Missing,['SFA 16:0 (Hexadecanoic) (gm)'],['Both males and females 0 YEARS - 150 YEARS'],[nan],,
702,DR2IS160,0 To 33.892,Range Of Values,['SFA 16:0 (Hexadecanoic) (gm)'],['Both males and females 0 YEARS - 150 YEARS'],[nan],,
703,DR2IS160,0 To 55.07,Range Of Values,['SFA 16:0 (Hexadecanoic) (gm)'],['Both males and females 0 YEARS - 150 YEARS'],[nan],,
704,DR2IS160,0 To 56.75,Range Of Values,['SFA 16:0 (Hexadecanoic) (gm)'],['Both males and females 0 YEARS - 150 YEARS'],[nan],,
705,DR2IS160,0 To 60.58,Range Of Values,['SFA 16:0 (Hexadecanoic) (gm)'],['Both males and females 0 YEARS - 150 YEARS'],[nan],,
706,DR2IS160,0 To 54.432,Range Of Values,['SFA 16:0 (Hexadecanoic) (gm)'],['Both males and females 0 YEARS - 150 YEARS'],[nan],,
707,DR2IS160,0 To 47.213,Range Of Values,['SFA 16:0 (Hexadecanoic) (gm)'],['Both males and females 0 YEARS - 150 YEARS'],[nan],,
708,DR2IS160,0 To 39.228,Range Of Values,['SFA 16:0 (Hexadecanoic) (gm)'],['Both males and females 0 YEARS - 150 YEARS'],[nan],,
709,DR2IS160,0 To 77.954,Range Of Values,['SFA 16:0 (Hexadecanoic) (gm)'],['Both males and females 0 YEARS - 150 YEARS'],[nan],,
710,DR2IS160,0 To 65.256,Range Of Values,['SFA 16:0 (Hexadecanoic) (gm)'],['Both males and females 0 YEARS - 150 YEARS'],[nan],,
711,DR2IS180,0 To 18.773,Range Of Values,['SFA 18:0 (Octadecanoic) (gm)'],['Both males and females 0 YEARS - 150 YEARS'],[nan],,
712,DR2IS180,.,Missing,['SFA 18:0 (Octadecanoic) (gm)'],['Both males and females 0 YEARS - 150 YEARS'],[nan],,
713,DR2IS180,0 To 18.614,Range Of Values,['SFA 18:0 (Octadecanoic) (gm)'],['Both males and females 0 YEARS - 150 YEARS'],[nan],,
714,DR2IS180,0 To 26.023,Range Of Values,['SFA 18:0 (Octadecanoic) (gm)'],['Both males and females 0 YEARS - 150 YEARS'],[nan],,
715,DR2IS180,0 To 25.016,Range Of Values,['SFA 18:0 (Octadecanoic) (gm)'],['Both males and females 0 YEARS - 150 YEARS'],[nan],,
716,DR2IS180,0 To 28.433,Range Of Values,['SFA 18:0 (Octadecanoic) (gm)'],['Both males and females 0 YEARS - 150 YEARS'],[nan],,
717,DR2IS180,0 To 28.139,Range Of Values,['SFA 18:0 (Octadecanoic) (gm)'],['Both males and females 0 YEARS - 150 YEARS'],[nan],,
718,DR2IS180,0 To 23.319,Range Of Values,['SFA 18:0 (Octadecanoic) (gm)'],['Both males and females 0 YEARS - 150 YEARS'],[nan],,
719,DR2IS180,0 To 18.81,Range Of Values,['SFA 18:0 (Octadecanoic) (gm)'],['Both males and females 0 YEARS - 150 YEARS'],[nan],,
720,DR2IS180,0 To 32.116,Range Of Values,['SFA 18:0 (Octadecanoic) (gm)'],['Both males and females 0 YEARS - 150 YEARS'],[nan],,
721,DR2IS180,0 To 28.772,Range Of Values,['SFA 18:0 (Octadecanoic) (gm)'],['Both males and females 0 YEARS - 150 YEARS'],[nan],,
722,DR2IM161,0 To 9.591,Range Of Values,['MFA 16:1 (Hexadecenoic) (gm)'],['Both males and females 0 YEARS - 150 YEARS'],[nan],,
723,DR2IM161,.,Missing,['MFA 16:1 (Hexadecenoic) (gm)'],['Both males and females 0 YEARS - 150 YEARS'],[nan],,
724,DR2IM161,0 To 7.834,Range Of Values,['MFA 16:1 (Hexadecenoic) (gm)'],['Both males and females 0 YEARS - 150 YEARS'],[nan],,
725,DR2IM161,0 To 7.021,Range Of Values,['MFA 16:1 (Hexadecenoic) (gm)'],['Both males and females 0 YEARS - 150 YEARS'],[nan],,
726,DR2IM161,0 To 8.526,Range Of Values,['MFA 16:1 (Hexadecenoic) (gm)'],['Both males and females 0 YEARS - 150 YEARS'],[nan],,
727,DR2IM161,0 To 10.28,Range Of Values,['MFA 16:1 (Hexadecenoic) (gm)'],['Both males and females 0 YEARS - 150 YEARS'],[nan],,
728,DR2IM161,0 To 8.399,Range Of Values,['MFA 16:1 (Hexadecenoic) (gm)'],['Both males and females 0 YEARS - 150 YEARS'],[nan],,
729,DR2IM161,0 To 5.867,Range Of Values,['MFA 16:1 (Hexadecenoic) (gm)'],['Both males and females 0 YEARS - 150 YEARS'],[nan],,
730,DR2IM161,0 To 6.532,Range Of Values,['MFA 16:1 (Hexadecenoic) (gm)'],['Both males and females 0 YEARS - 150 YEARS'],[nan],,
731,DR2IM161,0 To 7.76,Range Of Values,['MFA 16:1 (Hexadecenoic) (gm)'],['Both males and females 0 YEARS - 150 YEARS'],[nan],,
732,DR2IM181,0 To 67.65,Range Of Values,['MFA 18:1 (Octadecenoic) (gm)'],['Both males and females 0 YEARS - 150 YEARS'],[nan],,
733,DR2IM181,.,Missing,['MFA 18:1 (Octadecenoic) (gm)'],['Both males and females 0 YEARS - 150 YEARS'],[nan],,
734,DR2IM181,0 To 133.517,Range Of Values,['MFA 18:1 (Octadecenoic) (gm)'],['Both males and females 0 YEARS - 150 YEARS'],[nan],,
735,DR2IM181,0 To 82.135,Range Of Values,['MFA 18:1 (Octadecenoic) (gm)'],['Both males and females 0 YEARS - 150 YEARS'],[nan],,
736,DR2IM181,0 To 98.681,Range Of Values,['MFA 18:1 (Octadecenoic) (gm)'],['Both males and females 0 YEARS - 150 YEARS'],[nan],,
737,DR2IM181,0 To 93.836,Range Of Values,['MFA 18:1 (Octadecenoic) (gm)'],['Both males and females 0 YEARS - 150 YEARS'],[nan],,
738,DR2IM181,0 To 115.937,Range Of Values,['MFA 18:1 (Octadecenoic) (gm)'],['Both males and females 0 YEARS - 150 YEARS'],[nan],,
739,DR2IM181,0 To 98.516,Range Of Values,['MFA 18:1 (Octadecenoic) (gm)'],['Both males and females 0 YEARS - 150 YEARS'],[nan],,
740,DR2IM181,0 To 90.198,Range Of Values,['MFA 18:1 (Octadecenoic) (gm)'],['Both males and females 0 YEARS - 150 YEARS'],[nan],,
741,DR2IM181,0 To 123.319,Range Of Values,['MFA 18:1 (Octadecenoic) (gm)'],['Both males and females 0 YEARS - 150 YEARS'],[nan],,
742,DR2IM181,0 To 109.513,Range Of Values,['MFA 18:1 (Octadecenoic) (gm)'],['Both males and females 0 YEARS - 150 YEARS'],[nan],,
743,DR2IM201,0 To 3.596,Range Of Values,['MFA 20:1 (Eicosenoic) (gm)'],['Both males and females 0 YEARS - 150 YEARS'],[nan],,
744,DR2IM201,.,Missing,['MFA 20:1 (Eicosenoic) (gm)'],['Both males and females 0 YEARS - 150 YEARS'],[nan],,
745,DR2IM201,0 To 5.617,Range Of Values,['MFA 20:1 (Eicosenoic) (gm)'],['Both males and females 0 YEARS - 150 YEARS'],[nan],,
746,DR2IM201,0 To 2.554,Range Of Values,['MFA 20:1 (Eicosenoic) (gm)'],['Both males and females 0 YEARS - 150 YEARS'],[nan],,
747,DR2IM201,0 To 3.288,Range Of Values,['MFA 20:1 (Eicosenoic) (gm)'],['Both males and females 0 YEARS - 150 YEARS'],[nan],,
748,DR2IM201,0 To 3.403,Range Of Values,['MFA 20:1 (Eicosenoic) (gm)'],['Both males and females 0 YEARS - 150 YEARS'],[nan],,
749,DR2IM201,0 To 5.282,Range Of Values,['MFA 20:1 (Eicosenoic) (gm)'],['Both males and females 0 YEARS - 150 YEARS'],[nan],,
750,DR2IM201,0 To 2.882,Range Of Values,['MFA 20:1 (Eicosenoic) (gm)'],['Both males and females 0 YEARS - 150 YEARS'],[nan],,
751,DR2IM201,0 To 4.513,Range Of Values,['MFA 20:1 (Eicosenoic) (gm)'],['Both males and females 0 YEARS - 150 YEARS'],[nan],,
752,DR2IM201,0 To 3.537,Range Of Values,['MFA 20:1 (Eicosenoic) (gm)'],['Both males and females 0 YEARS - 150 YEARS'],[nan],,
753,DR2IM221,0 To 10.391,Range Of Values,['MFA 22:1 (Docosenoic) (gm)'],['Both males and females 0 YEARS - 150 YEARS'],[nan],,
754,DR2IM221,.,Missing,['MFA 22:1 (Docosenoic) (gm)'],['Both males and females 0 YEARS - 150 YEARS'],[nan],,
755,DR2IM221,0 To 2.488,Range Of Values,['MFA 22:1 (Docosenoic) (gm)'],['Both males and females 0 YEARS - 150 YEARS'],[nan],,
756,DR2IM221,0 To 4.162,Range Of Values,['MFA 22:1 (Docosenoic) (gm)'],['Both males and females 0 YEARS - 150 YEARS'],[nan],,
757,DR2IM221,0 To 4.218,Range Of Values,['MFA 22:1 (Docosenoic) (gm)'],['Both males and females 0 YEARS - 150 YEARS'],[nan],,
758,DR2IM221,0 To 3.053,Range Of Values,['MFA 22:1 (Docosenoic) (gm)'],['Both males and females 0 YEARS - 150 YEARS'],[nan],,
759,DR2IM221,0 To 6.199,Range Of Values,['MFA 22:1 (Docosenoic) (gm)'],['Both males and females 0 YEARS - 150 YEARS'],[nan],,
760,DR2IM221,0 To 1.565,Range Of Values,['MFA 22:1 (Docosenoic) (gm)'],['Both males and females 0 YEARS - 150 YEARS'],[nan],,
761,DR2IM221,0 To 6.102,Range Of Values,['MFA 22:1 (Docosenoic) (gm)'],['Both males and females 0 YEARS - 150 YEARS'],[nan],,
762,DR2IM221,0 To 3.024,Range Of Values,['MFA 22:1 (Docosenoic) (gm)'],['Both males and females 0 YEARS - 150 YEARS'],[nan],,
763,DR2IP182,0 To 66.217,Range Of Values,['PFA 18:2 (Octadecadienoic) (gm)'],['Both males and females 0 YEARS - 150 YEARS'],[nan],,
764,DR2IP182,.,Missing,['PFA 18:2 (Octadecadienoic) (gm)'],['Both males and females 0 YEARS - 150 YEARS'],[nan],,
765,DR2IP182,0 To 76.75,Range Of Values,['PFA 18:2 (Octadecadienoic) (gm)'],['Both males and females 0 YEARS - 150 YEARS'],[nan],,
766,DR2IP182,0 To 62.199,Range Of Values,['PFA 18:2 (Octadecadienoic) (gm)'],['Both males and females 0 YEARS - 150 YEARS'],[nan],,
767,DR2IP182,0 To 70.365,Range Of Values,['PFA 18:2 (Octadecadienoic) (gm)'],['Both males and females 0 YEARS - 150 YEARS'],[nan],,
768,DR2IP182,0 To 102.006,Range Of Values,['PFA 18:2 (Octadecadienoic) (gm)'],['Both males and females 0 YEARS - 150 YEARS'],[nan],,
769,DR2IP182,0 To 79.149,Range Of Values,['PFA 18:2 (Octadecadienoic) (gm)'],['Both males and females 0 YEARS - 150 YEARS'],[nan],,
770,DR2IP182,0 To 86.395,Range Of Values,['PFA 18:2 (Octadecadienoic) (gm)'],['Both males and females 0 YEARS - 150 YEARS'],[nan],,
771,DR2IP182,0 To 78.692,Range Of Values,['PFA 18:2 (Octadecadienoic) (gm)'],['Both males and females 0 YEARS - 150 YEARS'],[nan],,
772,DR2IP182,0 To 92.174,Range Of Values,['PFA 18:2 (Octadecadienoic) (gm)'],['Both males and females 0 YEARS - 150 YEARS'],[nan],,
773,DR2IP182,0 To 214.31,Range Of Values,['PFA 18:2 (Octadecadienoic) (gm)'],['Both males and females 0 YEARS - 150 YEARS'],[nan],,
774,DR2IP183,0 To 10.896,Range Of Values,['PFA 18:3 (Octadecatrienoic) (gm)'],['Both males and females 0 YEARS - 150 YEARS'],[nan],,
775,DR2IP183,.,Missing,['PFA 18:3 (Octadecatrienoic) (gm)'],['Both males and females 0 YEARS - 150 YEARS'],[nan],,
776,DR2IP183,0 To 14.498,Range Of Values,['PFA 18:3 (Octadecatrienoic) (gm)'],['Both males and females 0 YEARS - 150 YEARS'],[nan],,
777,DR2IP183,0 To 7.945,Range Of Values,['PFA 18:3 (Octadecatrienoic) (gm)'],['Both males and females 0 YEARS - 150 YEARS'],[nan],,
778,DR2IP183,0 To 14.225,Range Of Values,['PFA 18:3 (Octadecatrienoic) (gm)'],['Both males and females 0 YEARS - 150 YEARS'],[nan],,
779,DR2IP183,0 To 14.516,Range Of Values,['PFA 18:3 (Octadecatrienoic) (gm)'],['Both males and females 0 YEARS - 150 YEARS'],[nan],,
780,DR2IP183,0 To 20.593,Range Of Values,['PFA 18:3 (Octadecatrienoic) (gm)'],['Both males and females 0 YEARS - 150 YEARS'],[nan],,
781,DR2IP183,0 To 12.038,Range Of Values,['PFA 18:3 (Octadecatrienoic) (gm)'],['Both males and females 0 YEARS - 150 YEARS'],[nan],,
782,DR2IP183,0 To 16.344,Range Of Values,['PFA 18:3 (Octadecatrienoic) (gm)'],['Both males and females 0 YEARS - 150 YEARS'],[nan],,
783,DR2IP183,0 To 32.784,Range Of Values,['PFA 18:3 (Octadecatrienoic) (gm)'],['Both males and females 0 YEARS - 150 YEARS'],[nan],,
784,DR2IP184,0 To 0.803,Range Of Values,['PFA 18:4 (Octadecatetraenoic) (gm)'],['Both males and females 0 YEARS - 150 YEARS'],[nan],,
785,DR2IP184,.,Missing,['PFA 18:4 (Octadecatetraenoic) (gm)'],['Both males and females 0 YEARS - 150 YEARS'],[nan],,
786,DR2IP184,0 To 0.559,Range Of Values,['PFA 18:4 (Octadecatetraenoic) (gm)'],['Both males and females 0 YEARS - 150 YEARS'],[nan],,
787,DR2IP184,0 To 0.665,Range Of Values,['PFA 18:4 (Octadecatetraenoic) (gm)'],['Both males and females 0 YEARS - 150 YEARS'],[nan],,
788,DR2IP184,0 To 0.977,Range Of Values,['PFA 18:4 (Octadecatetraenoic) (gm)'],['Both males and females 0 YEARS - 150 YEARS'],[nan],,
789,DR2IP184,0 To 0.642,Range Of Values,['PFA 18:4 (Octadecatetraenoic) (gm)'],['Both males and females 0 YEARS - 150 YEARS'],[nan],,
790,DR2IP184,0 To 0.471,Range Of Values,['PFA 18:4 (Octadecatetraenoic) (gm)'],['Both males and females 0 YEARS - 150 YEARS'],[nan],,
791,DR2IP184,0 To 0.464,Range Of Values,['PFA 18:4 (Octadecatetraenoic) (gm)'],['Both males and females 0 YEARS - 150 YEARS'],[nan],,
792,DR2IP184,0 To 1.258,Range Of Values,['PFA 18:4 (Octadecatetraenoic) (gm)'],['Both males and females 0 YEARS - 150 YEARS'],[nan],,
793,DR2IP184,0 To 0.612,Range Of Values,['PFA 18:4 (Octadecatetraenoic) (gm)'],['Both males and females 0 YEARS - 150 YEARS'],[nan],,
794,DR2IP204,0 To 2.474,Range Of Values,['PFA 20:4 (Eicosatetraenoic) (gm)'],['Both males and females 0 YEARS - 150 YEARS'],[nan],,
795,DR2IP204,.,Missing,['PFA 20:4 (Eicosatetraenoic) (gm)'],['Both males and females 0 YEARS - 150 YEARS'],[nan],,
796,DR2IP204,0 To 1.496,Range Of Values,['PFA 20:4 (Eicosatetraenoic) (gm)'],['Both males and females 0 YEARS - 150 YEARS'],[nan],,
797,DR2IP204,0 To 1.257,Range Of Values,['PFA 20:4 (Eicosatetraenoic) (gm)'],['Both males and females 0 YEARS - 150 YEARS'],[nan],,
798,DR2IP204,0 To 1.142,Range Of Values,['PFA 20:4 (Eicosatetraenoic) (gm)'],['Both males and females 0 YEARS - 150 YEARS'],[nan],,
799,DR2IP204,0 To 0.958,Range Of Values,['PFA 20:4 (Eicosatetraenoic) (gm)'],['Both males and females 0 YEARS - 150 YEARS'],[nan],,
800,DR2IP204,0 To 1.04,Range Of Values,['PFA 20:4 (Eicosatetraenoic) (gm)'],['Both males and females 0 YEARS - 150 YEARS'],[nan],,
801,DR2IP204,0 To 1.55,Range Of Values,['PFA 20:4 (Eicosatetraenoic) (gm)'],['Both males and females 0 YEARS - 150 YEARS'],[nan],,
802,DR2IP204,0 To 0.832,Range Of Values,['PFA 20:4 (Eicosatetraenoic) (gm)'],['Both males and females 0 YEARS - 150 YEARS'],[nan],,
803,DR2IP204,0 To 1.139,Range Of Values,['PFA 20:4 (Eicosatetraenoic) (gm)'],['Both males and females 0 YEARS - 150 YEARS'],[nan],,
804,DR2IP204,0 To 1.388,Range Of Values,['PFA 20:4 (Eicosatetraenoic) (gm)'],['Both males and females 0 YEARS - 150 YEARS'],[nan],,
805,DR2IP205,0 To 2.525,Range Of Values,['PFA 20:5 (Eicosapentaenoic) (gm)'],['Both males and females 0 YEARS - 150 YEARS'],[nan],,
806,DR2IP205,.,Missing,['PFA 20:5 (Eicosapentaenoic) (gm)'],['Both males and females 0 YEARS - 150 YEARS'],[nan],,
807,DR2IP205,0 To 2.527,Range Of Values,['PFA 20:5 (Eicosapentaenoic) (gm)'],['Both males and females 0 YEARS - 150 YEARS'],[nan],,
808,DR2IP205,0 To 2.892,Range Of Values,['PFA 20:5 (Eicosapentaenoic) (gm)'],['Both males and females 0 YEARS - 150 YEARS'],[nan],,
809,DR2IP205,0 To 3.235,Range Of Values,['PFA 20:5 (Eicosapentaenoic) (gm)'],['Both males and females 0 YEARS - 150 YEARS'],[nan],,
810,DR2IP205,0 To 2.134,Range Of Values,['PFA 20:5 (Eicosapentaenoic) (gm)'],['Both males and females 0 YEARS - 150 YEARS'],[nan],,
811,DR2IP205,0 To 1.412,Range Of Values,['PFA 20:5 (Eicosapentaenoic) (gm)'],['Both males and females 0 YEARS - 150 YEARS'],[nan],,
812,DR2IP205,0 To 1.212,Range Of Values,['PFA 20:5 (Eicosapentaenoic) (gm)'],['Both males and females 0 YEARS - 150 YEARS'],[nan],,
813,DR2IP205,0 To 4.263,Range Of Values,['PFA 20:5 (Eicosapentaenoic) (gm)'],['Both males and females 0 YEARS - 150 YEARS'],[nan],,
814,DR2IP205,0 To 3.901,Range Of Values,['PFA 20:5 (Eicosapentaenoic) (gm)'],['Both males and females 0 YEARS - 150 YEARS'],[nan],,
815,DR2IP225,0 To 2.282,Range Of Values,['PFA 22:5 (Docosapentaenoic) (gm)'],['Both males and females 0 YEARS - 150 YEARS'],[nan],,
816,DR2IP225,.,Missing,['PFA 22:5 (Docosapentaenoic) (gm)'],['Both males and females 0 YEARS - 150 YEARS'],[nan],,
817,DR2IP225,0 To 0.548,Range Of Values,['PFA 22:5 (Docosapentaenoic) (gm)'],['Both males and females 0 YEARS - 150 YEARS'],[nan],,
818,DR2IP225,0 To 0.919,Range Of Values,['PFA 22:5 (Docosapentaenoic) (gm)'],['Both males and females 0 YEARS - 150 YEARS'],[nan],,
819,DR2IP225,0 To 0.593,Range Of Values,['PFA 22:5 (Docosapentaenoic) (gm)'],['Both males and females 0 YEARS - 150 YEARS'],[nan],,
820,DR2IP225,0 To 0.813,Range Of Values,['PFA 22:5 (Docosapentaenoic) (gm)'],['Both males and females 0 YEARS - 150 YEARS'],[nan],,
821,DR2IP225,0 To 1.051,Range Of Values,['PFA 22:5 (Docosapentaenoic) (gm)'],['Both males and females 0 YEARS - 150 YEARS'],[nan],,
822,DR2IP225,0 To 1.176,Range Of Values,['PFA 22:5 (Docosapentaenoic) (gm)'],['Both males and females 0 YEARS - 150 YEARS'],[nan],,
823,DR2IP225,0 To 1.012,Range Of Values,['PFA 22:5 (Docosapentaenoic) (gm)'],['Both males and females 0 YEARS - 150 YEARS'],[nan],,
824,DR2IP225,0 To 1.728,Range Of Values,['PFA 22:5 (Docosapentaenoic) (gm)'],['Both males and females 0 YEARS - 150 YEARS'],[nan],,
825,DR2IP225,0 To 1.067,Range Of Values,['PFA 22:5 (Docosapentaenoic) (gm)'],['Both males and females 0 YEARS - 150 YEARS'],[nan],,
826,DR2IP226,0 To 6.63,Range Of Values,['PFA 22:6 (Docosahexaenoic) (gm)'],['Both males and females 0 YEARS - 150 YEARS'],[nan],,
827,DR2IP226,.,Missing,['PFA 22:6 (Docosahexaenoic) (gm)'],['Both males and females 0 YEARS - 150 YEARS'],[nan],,
828,DR2IP226,0 To 4.3,Range Of Values,['PFA 22:6 (Docosahexaenoic) (gm)'],['Both males and females 0 YEARS - 150 YEARS'],[nan],,
829,DR2IP226,0 To 4.306,Range Of Values,['PFA 22:6 (Docosahexaenoic) (gm)'],['Both males and females 0 YEARS - 150 YEARS'],[nan],,
830,DR2IP226,0 To 3.932,Range Of Values,['PFA 22:6 (Docosahexaenoic) (gm)'],['Both males and females 0 YEARS - 150 YEARS'],[nan],,
831,DR2IP226,0 To 3.457,Range Of Values,['PFA 22:6 (Docosahexaenoic) (gm)'],['Both males and females 0 YEARS - 150 YEARS'],[nan],,
832,DR2IP226,0 To 4.231,Range Of Values,['PFA 22:6 (Docosahexaenoic) (gm)'],['Both males and females 0 YEARS - 150 YEARS'],[nan],,
833,DR2IP226,0 To 3.175,Range Of Values,['PFA 22:6 (Docosahexaenoic) (gm)'],['Both males and females 0 YEARS - 150 YEARS'],[nan],,
834,DR2IP226,0 To 6.905,Range Of Values,['PFA 22:6 (Docosahexaenoic) (gm)'],['Both males and females 0 YEARS - 150 YEARS'],[nan],,
835,DR2IP226,0 To 5.135,Range Of Values,['PFA 22:6 (Docosahexaenoic) (gm)'],['Both males and females 0 YEARS - 150 YEARS'],[nan],,
836,DR2ICHL,0 To 1045.1,Range Of Values,['Total choline (mg)'],['Both males and females 0 YEARS - 150 YEARS'],[nan],,
837,DR2ICHL,.,Missing,['Total choline (mg)'],['Both males and females 0 YEARS - 150 YEARS'],[nan],,
838,DR2ICHL,0 To 1324.2,Range Of Values,['Total choline (mg)'],['Both males and females 0 YEARS - 150 YEARS'],[nan],,
839,DR2ICHL,0 To 1624.9,Range Of Values,['Total choline (mg)'],['Both males and females 0 YEARS - 150 YEARS'],[nan],,
840,DR2ICHL,0 To 1268.6,Range Of Values,['Total choline (mg)'],['Both males and females 0 YEARS - 150 YEARS'],[nan],,
841,DR2ICHL,0 To 1405.8,Range Of Values,['Total choline (mg)'],['Both males and females 0 YEARS - 150 YEARS'],[nan],,
842,DR2ICHL,0 To 1040.4,Range Of Values,['Total choline (mg)'],['Both males and females 0 YEARS - 150 YEARS'],[nan],,
843,DR2ICHL,0 To 877.8,Range Of Values,['Total choline (mg)'],['Both males and females 0 YEARS - 150 YEARS'],[nan],,
844,DR2ICHL,0 To 1802.2,Range Of Values,['Total choline (mg)'],['Both males and females 0 YEARS - 150 YEARS'],[nan],,
845,DR2ICHL,0 To 1881.9,Range Of Values,['Total choline (mg)'],['Both males and females 0 YEARS - 150 YEARS'],[nan],,
846,DR2DBIH,-55 To 162,Range Of Values,['Number of days between intake day and the day of family questionnaire administered in the household.'],['Both males and females 0 YEARS - 150 YEARS'],[nan],,
847,DR2DBIH,.,Missing,['Number of days between intake day and the day of family questionnaire administered in the household.'],['Both males and females 0 YEARS - 150 YEARS'],[nan],,
848,DR2DBIH,-28 To 165,Range Of Values,['Number of days between intake day and the day of family questionnaire administered in the household.'],['Both males and females 0 YEARS - 150 YEARS'],[nan],,
849,DR2DBIH,-38 To 178,Range Of Values,['Number of days between intake day and the day of family questionnaire administered in the household.'],['Both males and females 0 YEARS - 150 YEARS'],[nan],,
850,DR2DBIH,-28 To 157,Range Of Values,['Number of days between intake day and the day of family questionnaire administered in the household.'],['Both males and females 0 YEARS - 150 YEARS'],[nan],,
851,DR2DBIH,-28 To 141,Range Of Values,['Number of days between intake day and the day of family questionnaire administered in the household.'],['Both males and females 0 YEARS - 150 YEARS'],[nan],,
852,DR2DBIH,-33 To 137,Range Of Values,['Number of days between intake day and the day of family questionnaire administered in the household.'],['Both males and females 0 YEARS - 150 YEARS'],[nan],,
853,DR2DBIH,-21 To 167,Range Of Values,['Number of days between intake day and the day of family questionnaire administered in the household.'],['Both males and females 0 YEARS - 150 YEARS'],[nan],,
854,DR2DBIH,-38 To 163,Range Of Values,['Number of days between intake day and the day of family questionnaire administered in the household.'],['Both males and females 0 YEARS - 150 YEARS'],[nan],,
855,DR2IVD,0 To 94.1,Range Of Values,['Vitamin D (D2 + D3) (mcg)'],['Both males and females 0 YEARS - 150 YEARS'],[nan],,
856,DR2IVD,.,Missing,['Vitamin D (D2 + D3) (mcg)'],['Both males and females 0 YEARS - 150 YEARS'],[nan],,
857,DR2IVD,0 To 56.8,Range Of Values,['Vitamin D (D2 + D3) (mcg)'],['Both males and females 0 YEARS - 150 YEARS'],[nan],,
858,DR2IVD,0 To 85.7,Range Of Values,['Vitamin D (D2 + D3) (mcg)'],['Both males and females 0 YEARS - 150 YEARS'],[nan],,
859,DR2IVD,0 To 72.1,Range Of Values,['Vitamin D (D2 + D3) (mcg)'],['Both males and females 0 YEARS - 150 YEARS'],[nan],,
860,DR2IVD,0 To 96.6,Range Of Values,['Vitamin D (D2 + D3) (mcg)'],['Both males and females 0 YEARS - 150 YEARS'],[nan],,
861,DR2IVD,0 To 90.3,Range Of Values,['Vitamin D (D2 + D3) (mcg)'],['Both males and females 0 YEARS - 150 YEARS'],[nan],,
862,DR2IVD,0 To 62,Range Of Values,['Vitamin D (D2 + D3) (mcg)'],['Both males and females 0 YEARS - 150 YEARS'],[nan],,
863,WTDR2DPP,668.688687 To 702943.59773,Range Of Values,['Dietary two-day sample weight'],['Both males and females 0 YEARS - 150 YEARS'],[nan],,
864,WTDR2DPP,0,Day 2 Dietary Recall Not Done/Incomplete,['Dietary two-day sample weight'],['Both males and females 0 YEARS - 150 YEARS'],[nan],,
865,WTDR2DPP,.,Missing,['Dietary two-day sample weight'],['Both males and females 0 YEARS - 150 YEARS'],[nan],,
866,WTDRD1PP,805.552485 To 538404.42971,Range Of Values,['Dietary day one sample weight'],['Both males and females 0 YEARS - 150 YEARS'],[nan],,
867,WTDRD1PP,0,Day 1 Dietary Recall Not Done/Incomplete,['Dietary day one sample weight'],['Both males and females 0 YEARS - 150 YEARS'],[nan],,
868,WTDRD1PP,.,Missing,['Dietary day one sample weight'],['Both males and females 0 YEARS - 150 YEARS'],[nan],,
