"Tabela","Variavel","Variable_Name","SAS_Label","English_Text","Target","English_Instructions","Tabela_Valores"
"AUXAR","SEQN","SEQN","Respondent sequence number","Respondent sequence number.","Both males and females 20 YEARS - 69 YEARS",NA,NA
"AUXAR","WTSAU2YR","WTSAU2YR","Audiometry Subsample 2 Year Mec Weight","Audiometry Subsample 2 Year Mec Weight","Both males and females 20 YEARS - 69 YEARS",NA,"Code.or.Value=[""2623.5024752 to 478335.60528"", "".""]; Value.Description=[""Range of Values"", ""Missing""]; Count=[""1719"", ""88""]; Cumulative=[""1719"", ""1807""]; Skip.to.Item=[""NA"", ""NA""]"
"AUXAR","WTSAU4YR","WTSAU4YR","Audiometry Subsample 4 Year Mec Weight","Audiometry Subsample 4 Year Mec Weight","Both males and females 20 YEARS - 69 YEARS",NA,"Code.or.Value=[""1686.6082054 to 213403.65628"", "".""]; Value.Description=[""Range of Values"", ""Missing""]; Count=[""1719"", ""88""]; Cumulative=[""1719"", ""1807""]; Skip.to.Item=[""NA"", ""NA""]"
"AUXAR","AUXRR101","AUXRR101","Acoustic Reflex Right Ear 1KHz 01","Acoustic Reflex Right Ear 1KHz 01","Both males and females 20 YEARS - 69 YEARS",NA,"Code.or.Value=[""-78 to 45"", "".""]; Value.Description=[""Range of Values"", ""Missing""]; Count=[""1676"", ""131""]; Cumulative=[""1676"", ""1807""]; Skip.to.Item=[""NA"", ""NA""]"
"AUXAR","AUXRR102","AUXRR102","Acoustic Reflex Right Ear 1KHz 02","Acoustic Reflex Right Ear 1KHz 02","Both males and females 20 YEARS - 69 YEARS",NA,"Code.or.Value=[""-77 to 47"", "".""]; Value.Description=[""Range of Values"", ""Missing""]; Count=[""1676"", ""131""]; Cumulative=[""1676"", ""1807""]; Skip.to.Item=[""NA"", ""NA""]"
"AUXAR","AUXRR103","AUXRR103","Acoustic Reflex Right Ear 1KHz 03","Acoustic Reflex Right Ear 1KHz 03","Both males and females 20 YEARS - 69 YEARS",NA,"Code.or.Value=[""-77 to 46"", "".""]; Value.Description=[""Range of Values"", ""Missing""]; Count=[""1676"", ""131""]; Cumulative=[""1676"", ""1807""]; Skip.to.Item=[""NA"", ""NA""]"
"AUXAR","AUXRR104","AUXRR104","Acoustic Reflex Right Ear 1KHz 04","Acoustic Reflex Right Ear 1KHz 04","Both males and females 20 YEARS - 69 YEARS",NA,"Code.or.Value=[""-76 to 46"", "".""]; Value.Description=[""Range of Values"", ""Missing""]; Count=[""1676"", ""131""]; Cumulative=[""1676"", ""1807""]; Skip.to.Item=[""NA"", ""NA""]"
"AUXAR","AUXRR105","AUXRR105","Acoustic Reflex Right Ear 1KHz 05","Acoustic Reflex Right Ear 1KHz 05","Both males and females 20 YEARS - 69 YEARS",NA,"Code.or.Value=[""-73 to 61"", "".""]; Value.Description=[""Range of Values"", ""Missing""]; Count=[""1676"", ""131""]; Cumulative=[""1676"", ""1807""]; Skip.to.Item=[""NA"", ""NA""]"
"AUXAR","AUXRR106","AUXRR106","Acoustic Reflex Right Ear 1KHz 06","Acoustic Reflex Right Ear 1KHz 06","Both males and females 20 YEARS - 69 YEARS",NA,"Code.or.Value=[""-76 to 49"", "".""]; Value.Description=[""Range of Values"", ""Missing""]; Count=[""1676"", ""131""]; Cumulative=[""1676"", ""1807""]; Skip.to.Item=[""NA"", ""NA""]"
"AUXAR","AUXRR107","AUXRR107","Acoustic Reflex Right Ear 1KHz 07","Acoustic Reflex Right Ear 1KHz 07","Both males and females 20 YEARS - 69 YEARS",NA,"Code.or.Value=[""-76 to 60"", "".""]; Value.Description=[""Range of Values"", ""Missing""]; Count=[""1676"", ""131""]; Cumulative=[""1676"", ""1807""]; Skip.to.Item=[""NA"", ""NA""]"
"AUXAR","AUXRR108","AUXRR108","Acoustic Reflex Right Ear 1KHz 08","Acoustic Reflex Right Ear 1KHz 08","Both males and females 20 YEARS - 69 YEARS",NA,"Code.or.Value=[""-65 to 50"", "".""]; Value.Description=[""Range of Values"", ""Missing""]; Count=[""1676"", ""131""]; Cumulative=[""1676"", ""1807""]; Skip.to.Item=[""NA"", ""NA""]"
"AUXAR","AUXRR109","AUXRR109","Acoustic Reflex Right Ear 1KHz 09","Acoustic Reflex Right Ear 1KHz 09","Both males and females 20 YEARS - 69 YEARS",NA,"Code.or.Value=[""-72 to 44"", "".""]; Value.Description=[""Range of Values"", ""Missing""]; Count=[""1676"", ""131""]; Cumulative=[""1676"", ""1807""]; Skip.to.Item=[""NA"", ""NA""]"
"AUXAR","AUXRR110","AUXRR110","Acoustic Reflex Right Ear 1KHz 10","Acoustic Reflex Right Ear 1KHz 10","Both males and females 20 YEARS - 69 YEARS",NA,"Code.or.Value=[""-74 to 57"", "".""]; Value.Description=[""Range of Values"", ""Missing""]; Count=[""1676"", ""131""]; Cumulative=[""1676"", ""1807""]; Skip.to.Item=[""NA"", ""NA""]"
"AUXAR","AUXRR111","AUXRR111","Acoustic Reflex Right Ear 1KHz 11","Acoustic Reflex Right Ear 1KHz 11","Both males and females 20 YEARS - 69 YEARS",NA,"Code.or.Value=[""-74 to 49"", "".""]; Value.Description=[""Range of Values"", ""Missing""]; Count=[""1676"", ""131""]; Cumulative=[""1676"", ""1807""]; Skip.to.Item=[""NA"", ""NA""]"
"AUXAR","AUXRR112","AUXRR112","Acoustic Reflex Right Ear 1KHz 12","Acoustic Reflex Right Ear 1KHz 12","Both males and females 20 YEARS - 69 YEARS",NA,"Code.or.Value=[""-81 to 56"", "".""]; Value.Description=[""Range of Values"", ""Missing""]; Count=[""1676"", ""131""]; Cumulative=[""1676"", ""1807""]; Skip.to.Item=[""NA"", ""NA""]"
"AUXAR","AUXRR113","AUXRR113","Acoustic Reflex Right Ear 1KHz 13","Acoustic Reflex Right Ear 1KHz 13","Both males and females 20 YEARS - 69 YEARS",NA,"Code.or.Value=[""-81 to 69"", "".""]; Value.Description=[""Range of Values"", ""Missing""]; Count=[""1676"", ""131""]; Cumulative=[""1676"", ""1807""]; Skip.to.Item=[""NA"", ""NA""]"
"AUXAR","AUXRR114","AUXRR114","Acoustic Reflex Right Ear 1KHz 14","Acoustic Reflex Right Ear 1KHz 14","Both males and females 20 YEARS - 69 YEARS",NA,"Code.or.Value=[""-78 to 104"", "".""]; Value.Description=[""Range of Values"", ""Missing""]; Count=[""1676"", ""131""]; Cumulative=[""1676"", ""1807""]; Skip.to.Item=[""NA"", ""NA""]"
"AUXAR","AUXRR115","AUXRR115","Acoustic Reflex Right Ear 1KHz 15","Acoustic Reflex Right Ear 1KHz 15","Both males and females 20 YEARS - 69 YEARS",NA,"Code.or.Value=[""-77 to 118"", "".""]; Value.Description=[""Range of Values"", ""Missing""]; Count=[""1676"", ""131""]; Cumulative=[""1676"", ""1807""]; Skip.to.Item=[""NA"", ""NA""]"
"AUXAR","AUXRR116","AUXRR116","Acoustic Reflex Right Ear 1KHz 16","Acoustic Reflex Right Ear 1KHz 16","Both males and females 20 YEARS - 69 YEARS",NA,"Code.or.Value=[""-74 to 104"", "".""]; Value.Description=[""Range of Values"", ""Missing""]; Count=[""1676"", ""131""]; Cumulative=[""1676"", ""1807""]; Skip.to.Item=[""NA"", ""NA""]"
"AUXAR","AUXRR117","AUXRR117","Acoustic Reflex Right Ear 1KHz 17","Acoustic Reflex Right Ear 1KHz 17","Both males and females 20 YEARS - 69 YEARS",NA,"Code.or.Value=[""-72 to 102"", "".""]; Value.Description=[""Range of Values"", ""Missing""]; Count=[""1676"", ""131""]; Cumulative=[""1676"", ""1807""]; Skip.to.Item=[""NA"", ""NA""]"
"AUXAR","AUXRR118","AUXRR118","Acoustic Reflex Right Ear 1KHz 18","Acoustic Reflex Right Ear 1KHz 18","Both males and females 20 YEARS - 69 YEARS",NA,"Code.or.Value=[""-73 to 83"", "".""]; Value.Description=[""Range of Values"", ""Missing""]; Count=[""1676"", ""131""]; Cumulative=[""1676"", ""1807""]; Skip.to.Item=[""NA"", ""NA""]"
"AUXAR","AUXRR119","AUXRR119","Acoustic Reflex Right Ear 1KHz 19","Acoustic Reflex Right Ear 1KHz 19","Both males and females 20 YEARS - 69 YEARS",NA,"Code.or.Value=[""-74 to 78"", "".""]; Value.Description=[""Range of Values"", ""Missing""]; Count=[""1676"", ""131""]; Cumulative=[""1676"", ""1807""]; Skip.to.Item=[""NA"", ""NA""]"
"AUXAR","AUXRR120","AUXRR120","Acoustic Reflex Right Ear 1KHz 20","Acoustic Reflex Right Ear 1KHz 20","Both males and females 20 YEARS - 69 YEARS",NA,"Code.or.Value=[""-76 to 94"", "".""]; Value.Description=[""Range of Values"", ""Missing""]; Count=[""1676"", ""131""]; Cumulative=[""1676"", ""1807""]; Skip.to.Item=[""NA"", ""NA""]"
"AUXAR","AUXRR121","AUXRR121","Acoustic Reflex Right Ear 1KHz 21","Acoustic Reflex Right Ear 1KHz 21","Both males and females 20 YEARS - 69 YEARS",NA,"Code.or.Value=[""-77 to 81"", "".""]; Value.Description=[""Range of Values"", ""Missing""]; Count=[""1676"", ""131""]; Cumulative=[""1676"", ""1807""]; Skip.to.Item=[""NA"", ""NA""]"
"AUXAR","AUXRR122","AUXRR122","Acoustic Reflex Right Ear 1KHz 22","Acoustic Reflex Right Ear 1KHz 22","Both males and females 20 YEARS - 69 YEARS",NA,"Code.or.Value=[""-78 to 52"", "".""]; Value.Description=[""Range of Values"", ""Missing""]; Count=[""1676"", ""131""]; Cumulative=[""1676"", ""1807""]; Skip.to.Item=[""NA"", ""NA""]"
"AUXAR","AUXRR123","AUXRR123","Acoustic Reflex Right Ear 1KHz 23","Acoustic Reflex Right Ear 1KHz 23","Both males and females 20 YEARS - 69 YEARS",NA,"Code.or.Value=[""-79 to 58"", "".""]; Value.Description=[""Range of Values"", ""Missing""]; Count=[""1676"", ""131""]; Cumulative=[""1676"", ""1807""]; Skip.to.Item=[""NA"", ""NA""]"
"AUXAR","AUXRR124","AUXRR124","Acoustic Reflex Right Ear 1KHz 24","Acoustic Reflex Right Ear 1KHz 24","Both males and females 20 YEARS - 69 YEARS",NA,"Code.or.Value=[""-78 to 63"", "".""]; Value.Description=[""Range of Values"", ""Missing""]; Count=[""1676"", ""131""]; Cumulative=[""1676"", ""1807""]; Skip.to.Item=[""NA"", ""NA""]"
"AUXAR","AUXRR125","AUXRR125","Acoustic Reflex Right Ear 1KHz 25","Acoustic Reflex Right Ear 1KHz 25","Both males and females 20 YEARS - 69 YEARS",NA,"Code.or.Value=[""-78 to 71"", "".""]; Value.Description=[""Range of Values"", ""Missing""]; Count=[""1676"", ""131""]; Cumulative=[""1676"", ""1807""]; Skip.to.Item=[""NA"", ""NA""]"
"AUXAR","AUXRR126","AUXRR126","Acoustic Reflex Right Ear 1KHz 26","Acoustic Reflex Right Ear 1KHz 26","Both males and females 20 YEARS - 69 YEARS",NA,"Code.or.Value=[""-78 to 78"", "".""]; Value.Description=[""Range of Values"", ""Missing""]; Count=[""1676"", ""131""]; Cumulative=[""1676"", ""1807""]; Skip.to.Item=[""NA"", ""NA""]"
"AUXAR","AUXRR127","AUXRR127","Acoustic Reflex Right Ear 1KHz 27","Acoustic Reflex Right Ear 1KHz 27","Both males and females 20 YEARS - 69 YEARS",NA,"Code.or.Value=[""-78 to 82"", "".""]; Value.Description=[""Range of Values"", ""Missing""]; Count=[""1676"", ""131""]; Cumulative=[""1676"", ""1807""]; Skip.to.Item=[""NA"", ""NA""]"
"AUXAR","AUXRR128","AUXRR128","Acoustic Reflex Right Ear 1KHz 28","Acoustic Reflex Right Ear 1KHz 28","Both males and females 20 YEARS - 69 YEARS",NA,"Code.or.Value=[""-77 to 81"", "".""]; Value.Description=[""Range of Values"", ""Missing""]; Count=[""1676"", ""131""]; Cumulative=[""1676"", ""1807""]; Skip.to.Item=[""NA"", ""NA""]"
"AUXAR","AUXRR129","AUXRR129","Acoustic Reflex Right Ear 1KHz 29","Acoustic Reflex Right Ear 1KHz 29","Both males and females 20 YEARS - 69 YEARS",NA,"Code.or.Value=[""-73 to 77"", "".""]; Value.Description=[""Range of Values"", ""Missing""]; Count=[""1676"", ""131""]; Cumulative=[""1676"", ""1807""]; Skip.to.Item=[""NA"", ""NA""]"
"AUXAR","AUXRR130","AUXRR130","Acoustic Reflex Right Ear 1KHz 30","Acoustic Reflex Right Ear 1KHz 30","Both males and females 20 YEARS - 69 YEARS",NA,"Code.or.Value=[""-70 to 71"", "".""]; Value.Description=[""Range of Values"", ""Missing""]; Count=[""1676"", ""131""]; Cumulative=[""1676"", ""1807""]; Skip.to.Item=[""NA"", ""NA""]"
"AUXAR","AUXRR131","AUXRR131","Acoustic Reflex Right Ear 1KHz 31","Acoustic Reflex Right Ear 1KHz 31","Both males and females 20 YEARS - 69 YEARS",NA,"Code.or.Value=[""-68 to 69"", "".""]; Value.Description=[""Range of Values"", ""Missing""]; Count=[""1676"", ""131""]; Cumulative=[""1676"", ""1807""]; Skip.to.Item=[""NA"", ""NA""]"
"AUXAR","AUXRR132","AUXRR132","Acoustic Reflex Right Ear 1KHz 32","Acoustic Reflex Right Ear 1KHz 32","Both males and females 20 YEARS - 69 YEARS",NA,"Code.or.Value=[""-67 to 70"", "".""]; Value.Description=[""Range of Values"", ""Missing""]; Count=[""1676"", ""131""]; Cumulative=[""1676"", ""1807""]; Skip.to.Item=[""NA"", ""NA""]"
"AUXAR","AUXRR133","AUXRR133","Acoustic Reflex Right Ear 1KHz 33","Acoustic Reflex Right Ear 1KHz 33","Both males and females 20 YEARS - 69 YEARS",NA,"Code.or.Value=[""-66 to 70"", "".""]; Value.Description=[""Range of Values"", ""Missing""]; Count=[""1676"", ""131""]; Cumulative=[""1676"", ""1807""]; Skip.to.Item=[""NA"", ""NA""]"
"AUXAR","AUXRR134","AUXRR134","Acoustic Reflex Right Ear 1KHz 34","Acoustic Reflex Right Ear 1KHz 34","Both males and females 20 YEARS - 69 YEARS",NA,"Code.or.Value=[""-65 to 69"", "".""]; Value.Description=[""Range of Values"", ""Missing""]; Count=[""1676"", ""131""]; Cumulative=[""1676"", ""1807""]; Skip.to.Item=[""NA"", ""NA""]"
"AUXAR","AUXRR135","AUXRR135","Acoustic Reflex Right Ear 1KHz 35","Acoustic Reflex Right Ear 1KHz 35","Both males and females 20 YEARS - 69 YEARS",NA,"Code.or.Value=[""-65 to 71"", "".""]; Value.Description=[""Range of Values"", ""Missing""]; Count=[""1676"", ""131""]; Cumulative=[""1676"", ""1807""]; Skip.to.Item=[""NA"", ""NA""]"
"AUXAR","AUXRR136","AUXRR136","Acoustic Reflex Right Ear 1KHz 36","Acoustic Reflex Right Ear 1KHz 36","Both males and females 20 YEARS - 69 YEARS",NA,"Code.or.Value=[""-64 to 76"", "".""]; Value.Description=[""Range of Values"", ""Missing""]; Count=[""1676"", ""131""]; Cumulative=[""1676"", ""1807""]; Skip.to.Item=[""NA"", ""NA""]"
"AUXAR","AUXRR137","AUXRR137","Acoustic Reflex Right Ear 1KHz 37","Acoustic Reflex Right Ear 1KHz 37","Both males and females 20 YEARS - 69 YEARS",NA,"Code.or.Value=[""-64 to 73"", "".""]; Value.Description=[""Range of Values"", ""Missing""]; Count=[""1676"", ""131""]; Cumulative=[""1676"", ""1807""]; Skip.to.Item=[""NA"", ""NA""]"
"AUXAR","AUXRR138","AUXRR138","Acoustic Reflex Right Ear 1KHz 38","Acoustic Reflex Right Ear 1KHz 38","Both males and females 20 YEARS - 69 YEARS",NA,"Code.or.Value=[""-62 to 70"", "".""]; Value.Description=[""Range of Values"", ""Missing""]; Count=[""1676"", ""131""]; Cumulative=[""1676"", ""1807""]; Skip.to.Item=[""NA"", ""NA""]"
"AUXAR","AUXRR139","AUXRR139","Acoustic Reflex Right Ear 1KHz 39","Acoustic Reflex Right Ear 1KHz 39","Both males and females 20 YEARS - 69 YEARS",NA,"Code.or.Value=[""-61 to 65"", "".""]; Value.Description=[""Range of Values"", ""Missing""]; Count=[""1676"", ""131""]; Cumulative=[""1676"", ""1807""]; Skip.to.Item=[""NA"", ""NA""]"
"AUXAR","AUXRR140","AUXRR140","Acoustic Reflex Right Ear 1KHz 40","Acoustic Reflex Right Ear 1KHz 40","Both males and females 20 YEARS - 69 YEARS",NA,"Code.or.Value=[""-60 to 57"", "".""]; Value.Description=[""Range of Values"", ""Missing""]; Count=[""1676"", ""131""]; Cumulative=[""1676"", ""1807""]; Skip.to.Item=[""NA"", ""NA""]"
"AUXAR","AUXRR141","AUXRR141","Acoustic Reflex Right Ear 1KHz 41","Acoustic Reflex Right Ear 1KHz 41","Both males and females 20 YEARS - 69 YEARS",NA,"Code.or.Value=[""-59 to 58"", "".""]; Value.Description=[""Range of Values"", ""Missing""]; Count=[""1676"", ""131""]; Cumulative=[""1676"", ""1807""]; Skip.to.Item=[""NA"", ""NA""]"
"AUXAR","AUXRR142","AUXRR142","Acoustic Reflex Right Ear 1KHz 42","Acoustic Reflex Right Ear 1KHz 42","Both males and females 20 YEARS - 69 YEARS",NA,"Code.or.Value=[""-57 to 54"", "".""]; Value.Description=[""Range of Values"", ""Missing""]; Count=[""1676"", ""131""]; Cumulative=[""1676"", ""1807""]; Skip.to.Item=[""NA"", ""NA""]"
"AUXAR","AUXRR143","AUXRR143","Acoustic Reflex Right Ear 1KHz 43","Acoustic Reflex Right Ear 1KHz 43","Both males and females 20 YEARS - 69 YEARS",NA,"Code.or.Value=[""-56 to 52"", "".""]; Value.Description=[""Range of Values"", ""Missing""]; Count=[""1676"", ""131""]; Cumulative=[""1676"", ""1807""]; Skip.to.Item=[""NA"", ""NA""]"
"AUXAR","AUXRR144","AUXRR144","Acoustic Reflex Right Ear 1KHz 44","Acoustic Reflex Right Ear 1KHz 44","Both males and females 20 YEARS - 69 YEARS",NA,"Code.or.Value=[""-54 to 54"", "".""]; Value.Description=[""Range of Values"", ""Missing""]; Count=[""1676"", ""131""]; Cumulative=[""1676"", ""1807""]; Skip.to.Item=[""NA"", ""NA""]"
"AUXAR","AUXRR145","AUXRR145","Acoustic Reflex Right Ear 1KHz 45","Acoustic Reflex Right Ear 1KHz 45","Both males and females 20 YEARS - 69 YEARS",NA,"Code.or.Value=[""-52 to 51"", "".""]; Value.Description=[""Range of Values"", ""Missing""]; Count=[""1676"", ""131""]; Cumulative=[""1676"", ""1807""]; Skip.to.Item=[""NA"", ""NA""]"
"AUXAR","AUXRR146","AUXRR146","Acoustic Reflex Right Ear 1KHz 46","Acoustic Reflex Right Ear 1KHz 46","Both males and females 20 YEARS - 69 YEARS",NA,"Code.or.Value=[""-48 to 60"", "".""]; Value.Description=[""Range of Values"", ""Missing""]; Count=[""1676"", ""131""]; Cumulative=[""1676"", ""1807""]; Skip.to.Item=[""NA"", ""NA""]"
"AUXAR","AUXRR147","AUXRR147","Acoustic Reflex Right Ear 1KHz 47","Acoustic Reflex Right Ear 1KHz 47","Both males and females 20 YEARS - 69 YEARS",NA,"Code.or.Value=[""-44 to 58"", "".""]; Value.Description=[""Range of Values"", ""Missing""]; Count=[""1676"", ""131""]; Cumulative=[""1676"", ""1807""]; Skip.to.Item=[""NA"", ""NA""]"
"AUXAR","AUXRR148","AUXRR148","Acoustic Reflex Right Ear 1KHz 48","Acoustic Reflex Right Ear 1KHz 48","Both males and females 20 YEARS - 69 YEARS",NA,"Code.or.Value=[""-41 to 47"", "".""]; Value.Description=[""Range of Values"", ""Missing""]; Count=[""1676"", ""131""]; Cumulative=[""1676"", ""1807""]; Skip.to.Item=[""NA"", ""NA""]"
"AUXAR","AUXRR149","AUXRR149","Acoustic Reflex Right Ear 1KHz 49","Acoustic Reflex Right Ear 1KHz 49","Both males and females 20 YEARS - 69 YEARS",NA,"Code.or.Value=[""-39 to 49"", "".""]; Value.Description=[""Range of Values"", ""Missing""]; Count=[""1676"", ""131""]; Cumulative=[""1676"", ""1807""]; Skip.to.Item=[""NA"", ""NA""]"
"AUXAR","AUXRR150","AUXRR150","Acoustic Reflex Right Ear 1KHz 50","Acoustic Reflex Right Ear 1KHz 50","Both males and females 20 YEARS - 69 YEARS",NA,"Code.or.Value=[""-37 to 48"", "".""]; Value.Description=[""Range of Values"", ""Missing""]; Count=[""1676"", ""131""]; Cumulative=[""1676"", ""1807""]; Skip.to.Item=[""NA"", ""NA""]"
"AUXAR","AUXRR151","AUXRR151","Acoustic Reflex Right Ear 1KHz 51","Acoustic Reflex Right Ear 1KHz 51","Both males and females 20 YEARS - 69 YEARS",NA,"Code.or.Value=[""-35 to 51"", "".""]; Value.Description=[""Range of Values"", ""Missing""]; Count=[""1676"", ""131""]; Cumulative=[""1676"", ""1807""]; Skip.to.Item=[""NA"", ""NA""]"
"AUXAR","AUXRR152","AUXRR152","Acoustic Reflex Right Ear 1KHz 52","Acoustic Reflex Right Ear 1KHz 52","Both males and females 20 YEARS - 69 YEARS",NA,"Code.or.Value=[""-31 to 58"", "".""]; Value.Description=[""Range of Values"", ""Missing""]; Count=[""1676"", ""131""]; Cumulative=[""1676"", ""1807""]; Skip.to.Item=[""NA"", ""NA""]"
"AUXAR","AUXRR153","AUXRR153","Acoustic Reflex Right Ear 1KHz 53","Acoustic Reflex Right Ear 1KHz 53","Both males and females 20 YEARS - 69 YEARS",NA,"Code.or.Value=[""-28 to 57"", "".""]; Value.Description=[""Range of Values"", ""Missing""]; Count=[""1676"", ""131""]; Cumulative=[""1676"", ""1807""]; Skip.to.Item=[""NA"", ""NA""]"
"AUXAR","AUXRR154","AUXRR154","Acoustic Reflex Right Ear 1KHz 54","Acoustic Reflex Right Ear 1KHz 54","Both males and females 20 YEARS - 69 YEARS",NA,"Code.or.Value=[""-25 to 57"", "".""]; Value.Description=[""Range of Values"", ""Missing""]; Count=[""1676"", ""131""]; Cumulative=[""1676"", ""1807""]; Skip.to.Item=[""NA"", ""NA""]"
"AUXAR","AUXRR155","AUXRR155","Acoustic Reflex Right Ear 1KHz 55","Acoustic Reflex Right Ear 1KHz 55","Both males and females 20 YEARS - 69 YEARS",NA,"Code.or.Value=[""-23 to 58"", "".""]; Value.Description=[""Range of Values"", ""Missing""]; Count=[""1676"", ""131""]; Cumulative=[""1676"", ""1807""]; Skip.to.Item=[""NA"", ""NA""]"
"AUXAR","AUXRR156","AUXRR156","Acoustic Reflex Right Ear 1KHz 56","Acoustic Reflex Right Ear 1KHz 56","Both males and females 20 YEARS - 69 YEARS",NA,"Code.or.Value=[""-21 to 67"", "".""]; Value.Description=[""Range of Values"", ""Missing""]; Count=[""1676"", ""131""]; Cumulative=[""1676"", ""1807""]; Skip.to.Item=[""NA"", ""NA""]"
"AUXAR","AUXRR157","AUXRR157","Acoustic Reflex Right Ear 1KHz 57","Acoustic Reflex Right Ear 1KHz 57","Both males and females 20 YEARS - 69 YEARS",NA,"Code.or.Value=[""-19 to 75"", "".""]; Value.Description=[""Range of Values"", ""Missing""]; Count=[""1676"", ""131""]; Cumulative=[""1676"", ""1807""]; Skip.to.Item=[""NA"", ""NA""]"
"AUXAR","AUXRR158","AUXRR158","Acoustic Reflex Right Ear 1KHz 58","Acoustic Reflex Right Ear 1KHz 58","Both males and females 20 YEARS - 69 YEARS",NA,"Code.or.Value=[""-15 to 104"", "".""]; Value.Description=[""Range of Values"", ""Missing""]; Count=[""1676"", ""131""]; Cumulative=[""1676"", ""1807""]; Skip.to.Item=[""NA"", ""NA""]"
"AUXAR","AUXRR159","AUXRR159","Acoustic Reflex Right Ear 1KHz 59","Acoustic Reflex Right Ear 1KHz 59","Both males and females 20 YEARS - 69 YEARS",NA,"Code.or.Value=[""-20 to 79"", "".""]; Value.Description=[""Range of Values"", ""Missing""]; Count=[""1676"", ""131""]; Cumulative=[""1676"", ""1807""]; Skip.to.Item=[""NA"", ""NA""]"
"AUXAR","AUXRR160","AUXRR160","Acoustic Reflex Right Ear 1KHz 60","Acoustic Reflex Right Ear 1KHz 60","Both males and females 20 YEARS - 69 YEARS",NA,"Code.or.Value=[""-15 to 75"", "".""]; Value.Description=[""Range of Values"", ""Missing""]; Count=[""1676"", ""131""]; Cumulative=[""1676"", ""1807""]; Skip.to.Item=[""NA"", ""NA""]"
"AUXAR","AUXRR161","AUXRR161","Acoustic Reflex Right Ear 1KHz 61","Acoustic Reflex Right Ear 1KHz 61","Both males and females 20 YEARS - 69 YEARS",NA,"Code.or.Value=[""-7 to 96"", "".""]; Value.Description=[""Range of Values"", ""Missing""]; Count=[""1676"", ""131""]; Cumulative=[""1676"", ""1807""]; Skip.to.Item=[""NA"", ""NA""]"
"AUXAR","AUXRR162","AUXRR162","Acoustic Reflex Right Ear 1KHz 62","Acoustic Reflex Right Ear 1KHz 62","Both males and females 20 YEARS - 69 YEARS",NA,"Code.or.Value=[""-12 to 71"", "".""]; Value.Description=[""Range of Values"", ""Missing""]; Count=[""1676"", ""131""]; Cumulative=[""1676"", ""1807""]; Skip.to.Item=[""NA"", ""NA""]"
"AUXAR","AUXRR163","AUXRR163","Acoustic Reflex Right Ear 1KHz 63","Acoustic Reflex Right Ear 1KHz 63","Both males and females 20 YEARS - 69 YEARS",NA,"Code.or.Value=[""-44 to 73"", "".""]; Value.Description=[""Range of Values"", ""Missing""]; Count=[""1676"", ""131""]; Cumulative=[""1676"", ""1807""]; Skip.to.Item=[""NA"", ""NA""]"
"AUXAR","AUXRR164","AUXRR164","Acoustic Reflex Right Ear 1KHz 64","Acoustic Reflex Right Ear 1KHz 64","Both males and females 20 YEARS - 69 YEARS",NA,"Code.or.Value=[""-92 to 73"", "".""]; Value.Description=[""Range of Values"", ""Missing""]; Count=[""1676"", ""131""]; Cumulative=[""1676"", ""1807""]; Skip.to.Item=[""NA"", ""NA""]"
"AUXAR","AUXRR165","AUXRR165","Acoustic Reflex Right Ear 1KHz 65","Acoustic Reflex Right Ear 1KHz 65","Both males and females 20 YEARS - 69 YEARS",NA,"Code.or.Value=[""-83 to 68"", "".""]; Value.Description=[""Range of Values"", ""Missing""]; Count=[""1676"", ""131""]; Cumulative=[""1676"", ""1807""]; Skip.to.Item=[""NA"", ""NA""]"
"AUXAR","AUXRR166","AUXRR166","Acoustic Reflex Right Ear 1KHz 66","Acoustic Reflex Right Ear 1KHz 66","Both males and females 20 YEARS - 69 YEARS",NA,"Code.or.Value=[""-49 to 57"", "".""]; Value.Description=[""Range of Values"", ""Missing""]; Count=[""1676"", ""131""]; Cumulative=[""1676"", ""1807""]; Skip.to.Item=[""NA"", ""NA""]"
"AUXAR","AUXRR167","AUXRR167","Acoustic Reflex Right Ear 1KHz 67","Acoustic Reflex Right Ear 1KHz 67","Both males and females 20 YEARS - 69 YEARS",NA,"Code.or.Value=[""-9 to 51"", "".""]; Value.Description=[""Range of Values"", ""Missing""]; Count=[""1676"", ""131""]; Cumulative=[""1676"", ""1807""]; Skip.to.Item=[""NA"", ""NA""]"
"AUXAR","AUXRR168","AUXRR168","Acoustic Reflex Right Ear 1KHz 68","Acoustic Reflex Right Ear 1KHz 68","Both males and females 20 YEARS - 69 YEARS",NA,"Code.or.Value=[""-21 to 62"", "".""]; Value.Description=[""Range of Values"", ""Missing""]; Count=[""1676"", ""131""]; Cumulative=[""1676"", ""1807""]; Skip.to.Item=[""NA"", ""NA""]"
"AUXAR","AUXRR169","AUXRR169","Acoustic Reflex Right Ear 1KHz 69","Acoustic Reflex Right Ear 1KHz 69","Both males and females 20 YEARS - 69 YEARS",NA,"Code.or.Value=[""-12 to 71"", "".""]; Value.Description=[""Range of Values"", ""Missing""]; Count=[""1676"", ""131""]; Cumulative=[""1676"", ""1807""]; Skip.to.Item=[""NA"", ""NA""]"
"AUXAR","AUXRR170","AUXRR170","Acoustic Reflex Right Ear 1KHz 70","Acoustic Reflex Right Ear 1KHz 70","Both males and females 20 YEARS - 69 YEARS",NA,"Code.or.Value=[""-18 to 81"", "".""]; Value.Description=[""Range of Values"", ""Missing""]; Count=[""1676"", ""131""]; Cumulative=[""1676"", ""1807""]; Skip.to.Item=[""NA"", ""NA""]"
"AUXAR","AUXRR171","AUXRR171","Acoustic Reflex Right Ear 1KHz 71","Acoustic Reflex Right Ear 1KHz 71","Both males and females 20 YEARS - 69 YEARS",NA,"Code.or.Value=[""-9 to 88"", "".""]; Value.Description=[""Range of Values"", ""Missing""]; Count=[""1676"", ""131""]; Cumulative=[""1676"", ""1807""]; Skip.to.Item=[""NA"", ""NA""]"
"AUXAR","AUXRR172","AUXRR172","Acoustic Reflex Right Ear 1KHz 72","Acoustic Reflex Right Ear 1KHz 72","Both males and females 20 YEARS - 69 YEARS",NA,"Code.or.Value=[""-8 to 90"", "".""]; Value.Description=[""Range of Values"", ""Missing""]; Count=[""1676"", ""131""]; Cumulative=[""1676"", ""1807""]; Skip.to.Item=[""NA"", ""NA""]"
"AUXAR","AUXRR173","AUXRR173","Acoustic Reflex Right Ear 1KHz 73","Acoustic Reflex Right Ear 1KHz 73","Both males and females 20 YEARS - 69 YEARS",NA,"Code.or.Value=[""-37 to 91"", "".""]; Value.Description=[""Range of Values"", ""Missing""]; Count=[""1676"", ""131""]; Cumulative=[""1676"", ""1807""]; Skip.to.Item=[""NA"", ""NA""]"
"AUXAR","AUXRR174","AUXRR174","Acoustic Reflex Right Ear 1KHz 74","Acoustic Reflex Right Ear 1KHz 74","Both males and females 20 YEARS - 69 YEARS",NA,"Code.or.Value=[""-51 to 91"", "".""]; Value.Description=[""Range of Values"", ""Missing""]; Count=[""1676"", ""131""]; Cumulative=[""1676"", ""1807""]; Skip.to.Item=[""NA"", ""NA""]"
"AUXAR","AUXRR175","AUXRR175","Acoustic Reflex Right Ear 1KHz 75","Acoustic Reflex Right Ear 1KHz 75","Both males and females 20 YEARS - 69 YEARS",NA,"Code.or.Value=[""-50 to 91"", "".""]; Value.Description=[""Range of Values"", ""Missing""]; Count=[""1676"", ""131""]; Cumulative=[""1676"", ""1807""]; Skip.to.Item=[""NA"", ""NA""]"
"AUXAR","AUXRR176","AUXRR176","Acoustic Reflex Right Ear 1KHz 76","Acoustic Reflex Right Ear 1KHz 76","Both males and females 20 YEARS - 69 YEARS",NA,"Code.or.Value=[""-50 to 91"", "".""]; Value.Description=[""Range of Values"", ""Missing""]; Count=[""1676"", ""131""]; Cumulative=[""1676"", ""1807""]; Skip.to.Item=[""NA"", ""NA""]"
"AUXAR","AUXRR177","AUXRR177","Acoustic Reflex Right Ear 1KHz 77","Acoustic Reflex Right Ear 1KHz 77","Both males and females 20 YEARS - 69 YEARS",NA,"Code.or.Value=[""-50 to 98"", "".""]; Value.Description=[""Range of Values"", ""Missing""]; Count=[""1676"", ""131""]; Cumulative=[""1676"", ""1807""]; Skip.to.Item=[""NA"", ""NA""]"
"AUXAR","AUXRR178","AUXRR178","Acoustic Reflex Right Ear 1KHz 78","Acoustic Reflex Right Ear 1KHz 78","Both males and females 20 YEARS - 69 YEARS",NA,"Code.or.Value=[""-47 to 91"", "".""]; Value.Description=[""Range of Values"", ""Missing""]; Count=[""1676"", ""131""]; Cumulative=[""1676"", ""1807""]; Skip.to.Item=[""NA"", ""NA""]"
"AUXAR","AUXRR179","AUXRR179","Acoustic Reflex Right Ear 1KHz 79","Acoustic Reflex Right Ear 1KHz 79","Both males and females 20 YEARS - 69 YEARS",NA,"Code.or.Value=[""-45 to 91"", "".""]; Value.Description=[""Range of Values"", ""Missing""]; Count=[""1676"", ""131""]; Cumulative=[""1676"", ""1807""]; Skip.to.Item=[""NA"", ""NA""]"
"AUXAR","AUXRR180","AUXRR180","Acoustic Reflex Right Ear 1KHz 80","Acoustic Reflex Right Ear 1KHz 80","Both males and females 20 YEARS - 69 YEARS",NA,"Code.or.Value=[""-47 to 91"", "".""]; Value.Description=[""Range of Values"", ""Missing""]; Count=[""1676"", ""131""]; Cumulative=[""1676"", ""1807""]; Skip.to.Item=[""NA"", ""NA""]"
"AUXAR","AUXRR181","AUXRR181","Acoustic Reflex Right Ear 1KHz 81","Acoustic Reflex Right Ear 1KHz 81","Both males and females 20 YEARS - 69 YEARS",NA,"Code.or.Value=[""-50 to 91"", "".""]; Value.Description=[""Range of Values"", ""Missing""]; Count=[""1676"", ""131""]; Cumulative=[""1676"", ""1807""]; Skip.to.Item=[""NA"", ""NA""]"
"AUXAR","AUXRR182","AUXRR182","Acoustic Reflex Right Ear 1KHz 82","Acoustic Reflex Right Ear 1KHz 82","Both males and females 20 YEARS - 69 YEARS",NA,"Code.or.Value=[""-51 to 91"", "".""]; Value.Description=[""Range of Values"", ""Missing""]; Count=[""1676"", ""131""]; Cumulative=[""1676"", ""1807""]; Skip.to.Item=[""NA"", ""NA""]"
"AUXAR","AUXRR183","AUXRR183","Acoustic Reflex Right Ear 1KHz 83","Acoustic Reflex Right Ear 1KHz 83","Both males and females 20 YEARS - 69 YEARS",NA,"Code.or.Value=[""-49 to 91"", "".""]; Value.Description=[""Range of Values"", ""Missing""]; Count=[""1676"", ""131""]; Cumulative=[""1676"", ""1807""]; Skip.to.Item=[""NA"", ""NA""]"
"AUXAR","AUXRR184","AUXRR184","Acoustic Reflex Right Ear 1KHz 84","Acoustic Reflex Right Ear 1KHz 84","Both males and females 20 YEARS - 69 YEARS",NA,"Code.or.Value=[""-47 to 91"", "".""]; Value.Description=[""Range of Values"", ""Missing""]; Count=[""1676"", ""131""]; Cumulative=[""1676"", ""1807""]; Skip.to.Item=[""NA"", ""NA""]"
"AUXAR","AUXLR101","AUXLR101","Acoustic Reflex Left Ear 1KHz 01","Acoustic Reflex Left Ear 1KHz 01","Both males and females 20 YEARS - 69 YEARS",NA,"Code.or.Value=[""-64 to 51"", "".""]; Value.Description=[""Range of Values"", ""Missing""]; Count=[""1664"", ""143""]; Cumulative=[""1664"", ""1807""]; Skip.to.Item=[""NA"", ""NA""]"
"AUXAR","AUXLR102","AUXLR102","Acoustic Reflex Left Ear 1KHz 02","Acoustic Reflex Left Ear 1KHz 02","Both males and females 20 YEARS - 69 YEARS",NA,"Code.or.Value=[""-63 to 79"", "".""]; Value.Description=[""Range of Values"", ""Missing""]; Count=[""1664"", ""143""]; Cumulative=[""1664"", ""1807""]; Skip.to.Item=[""NA"", ""NA""]"
"AUXAR","AUXLR103","AUXLR103","Acoustic Reflex Left Ear 1KHz 03","Acoustic Reflex Left Ear 1KHz 03","Both males and females 20 YEARS - 69 YEARS",NA,"Code.or.Value=[""-63 to 63"", "".""]; Value.Description=[""Range of Values"", ""Missing""]; Count=[""1664"", ""143""]; Cumulative=[""1664"", ""1807""]; Skip.to.Item=[""NA"", ""NA""]"
"AUXAR","AUXLR104","AUXLR104","Acoustic Reflex Left Ear 1KHz 04","Acoustic Reflex Left Ear 1KHz 04","Both males and females 20 YEARS - 69 YEARS",NA,"Code.or.Value=[""-66 to 58"", "".""]; Value.Description=[""Range of Values"", ""Missing""]; Count=[""1664"", ""143""]; Cumulative=[""1664"", ""1807""]; Skip.to.Item=[""NA"", ""NA""]"
"AUXAR","AUXLR105","AUXLR105","Acoustic Reflex Left Ear 1KHz 05","Acoustic Reflex Left Ear 1KHz 05","Both males and females 20 YEARS - 69 YEARS",NA,"Code.or.Value=[""-68 to 55"", "".""]; Value.Description=[""Range of Values"", ""Missing""]; Count=[""1664"", ""143""]; Cumulative=[""1664"", ""1807""]; Skip.to.Item=[""NA"", ""NA""]"
"AUXAR","AUXLR106","AUXLR106","Acoustic Reflex Left Ear 1KHz 06","Acoustic Reflex Left Ear 1KHz 06","Both males and females 20 YEARS - 69 YEARS",NA,"Code.or.Value=[""-69 to 48"", "".""]; Value.Description=[""Range of Values"", ""Missing""]; Count=[""1664"", ""143""]; Cumulative=[""1664"", ""1807""]; Skip.to.Item=[""NA"", ""NA""]"
"AUXAR","AUXLR107","AUXLR107","Acoustic Reflex Left Ear 1KHz 07","Acoustic Reflex Left Ear 1KHz 07","Both males and females 20 YEARS - 69 YEARS",NA,"Code.or.Value=[""-70 to 65"", "".""]; Value.Description=[""Range of Values"", ""Missing""]; Count=[""1664"", ""143""]; Cumulative=[""1664"", ""1807""]; Skip.to.Item=[""NA"", ""NA""]"
"AUXAR","AUXLR108","AUXLR108","Acoustic Reflex Left Ear 1KHz 08","Acoustic Reflex Left Ear 1KHz 08","Both males and females 20 YEARS - 69 YEARS",NA,"Code.or.Value=[""-70 to 47"", "".""]; Value.Description=[""Range of Values"", ""Missing""]; Count=[""1664"", ""143""]; Cumulative=[""1664"", ""1807""]; Skip.to.Item=[""NA"", ""NA""]"
"AUXAR","AUXLR109","AUXLR109","Acoustic Reflex Left Ear 1KHz 09","Acoustic Reflex Left Ear 1KHz 09","Both males and females 20 YEARS - 69 YEARS",NA,"Code.or.Value=[""-72 to 61"", "".""]; Value.Description=[""Range of Values"", ""Missing""]; Count=[""1664"", ""143""]; Cumulative=[""1664"", ""1807""]; Skip.to.Item=[""NA"", ""NA""]"
"AUXAR","AUXLR110","AUXLR110","Acoustic Reflex Left Ear 1KHz 10","Acoustic Reflex Left Ear 1KHz 10","Both males and females 20 YEARS - 69 YEARS",NA,"Code.or.Value=[""-73 to 47"", "".""]; Value.Description=[""Range of Values"", ""Missing""]; Count=[""1664"", ""143""]; Cumulative=[""1664"", ""1807""]; Skip.to.Item=[""NA"", ""NA""]"
"AUXAR","AUXLR111","AUXLR111","Acoustic Reflex Left Ear 1KHz 11","Acoustic Reflex Left Ear 1KHz 11","Both males and females 20 YEARS - 69 YEARS",NA,"Code.or.Value=[""-73 to 64"", "".""]; Value.Description=[""Range of Values"", ""Missing""]; Count=[""1664"", ""143""]; Cumulative=[""1664"", ""1807""]; Skip.to.Item=[""NA"", ""NA""]"
"AUXAR","AUXLR112","AUXLR112","Acoustic Reflex Left Ear 1KHz 12","Acoustic Reflex Left Ear 1KHz 12","Both males and females 20 YEARS - 69 YEARS",NA,"Code.or.Value=[""-73 to 64"", "".""]; Value.Description=[""Range of Values"", ""Missing""]; Count=[""1664"", ""143""]; Cumulative=[""1664"", ""1807""]; Skip.to.Item=[""NA"", ""NA""]"
"AUXAR","AUXLR113","AUXLR113","Acoustic Reflex Left Ear 1KHz 13","Acoustic Reflex Left Ear 1KHz 13","Both males and females 20 YEARS - 69 YEARS",NA,"Code.or.Value=[""-73 to 43"", "".""]; Value.Description=[""Range of Values"", ""Missing""]; Count=[""1664"", ""143""]; Cumulative=[""1664"", ""1807""]; Skip.to.Item=[""NA"", ""NA""]"
"AUXAR","AUXLR114","AUXLR114","Acoustic Reflex Left Ear 1KHz 14","Acoustic Reflex Left Ear 1KHz 14","Both males and females 20 YEARS - 69 YEARS",NA,"Code.or.Value=[""-73 to 40"", "".""]; Value.Description=[""Range of Values"", ""Missing""]; Count=[""1664"", ""143""]; Cumulative=[""1664"", ""1807""]; Skip.to.Item=[""NA"", ""NA""]"
"AUXAR","AUXLR115","AUXLR115","Acoustic Reflex Left Ear 1KHz 15","Acoustic Reflex Left Ear 1KHz 15","Both males and females 20 YEARS - 69 YEARS",NA,"Code.or.Value=[""-73 to 44"", "".""]; Value.Description=[""Range of Values"", ""Missing""]; Count=[""1664"", ""143""]; Cumulative=[""1664"", ""1807""]; Skip.to.Item=[""NA"", ""NA""]"
"AUXAR","AUXLR116","AUXLR116","Acoustic Reflex Left Ear 1KHz 16","Acoustic Reflex Left Ear 1KHz 16","Both males and females 20 YEARS - 69 YEARS",NA,"Code.or.Value=[""-72 to 57"", "".""]; Value.Description=[""Range of Values"", ""Missing""]; Count=[""1664"", ""143""]; Cumulative=[""1664"", ""1807""]; Skip.to.Item=[""NA"", ""NA""]"
"AUXAR","AUXLR117","AUXLR117","Acoustic Reflex Left Ear 1KHz 17","Acoustic Reflex Left Ear 1KHz 17","Both males and females 20 YEARS - 69 YEARS",NA,"Code.or.Value=[""-71 to 78"", "".""]; Value.Description=[""Range of Values"", ""Missing""]; Count=[""1664"", ""143""]; Cumulative=[""1664"", ""1807""]; Skip.to.Item=[""NA"", ""NA""]"
"AUXAR","AUXLR118","AUXLR118","Acoustic Reflex Left Ear 1KHz 18","Acoustic Reflex Left Ear 1KHz 18","Both males and females 20 YEARS - 69 YEARS",NA,"Code.or.Value=[""-71 to 49"", "".""]; Value.Description=[""Range of Values"", ""Missing""]; Count=[""1664"", ""143""]; Cumulative=[""1664"", ""1807""]; Skip.to.Item=[""NA"", ""NA""]"
"AUXAR","AUXLR119","AUXLR119","Acoustic Reflex Left Ear 1KHz 19","Acoustic Reflex Left Ear 1KHz 19","Both males and females 20 YEARS - 69 YEARS",NA,"Code.or.Value=[""-71 to 50"", "".""]; Value.Description=[""Range of Values"", ""Missing""]; Count=[""1664"", ""143""]; Cumulative=[""1664"", ""1807""]; Skip.to.Item=[""NA"", ""NA""]"
"AUXAR","AUXLR120","AUXLR120","Acoustic Reflex Left Ear 1KHz 20","Acoustic Reflex Left Ear 1KHz 20","Both males and females 20 YEARS - 69 YEARS",NA,"Code.or.Value=[""-70 to 51"", "".""]; Value.Description=[""Range of Values"", ""Missing""]; Count=[""1664"", ""143""]; Cumulative=[""1664"", ""1807""]; Skip.to.Item=[""NA"", ""NA""]"
"AUXAR","AUXLR121","AUXLR121","Acoustic Reflex Left Ear 1KHz 21","Acoustic Reflex Left Ear 1KHz 21","Both males and females 20 YEARS - 69 YEARS",NA,"Code.or.Value=[""-69 to 48"", "".""]; Value.Description=[""Range of Values"", ""Missing""]; Count=[""1664"", ""143""]; Cumulative=[""1664"", ""1807""]; Skip.to.Item=[""NA"", ""NA""]"
"AUXAR","AUXLR122","AUXLR122","Acoustic Reflex Left Ear 1KHz 22","Acoustic Reflex Left Ear 1KHz 22","Both males and females 20 YEARS - 69 YEARS",NA,"Code.or.Value=[""-68 to 62"", "".""]; Value.Description=[""Range of Values"", ""Missing""]; Count=[""1664"", ""143""]; Cumulative=[""1664"", ""1807""]; Skip.to.Item=[""NA"", ""NA""]"
"AUXAR","AUXLR123","AUXLR123","Acoustic Reflex Left Ear 1KHz 23","Acoustic Reflex Left Ear 1KHz 23","Both males and females 20 YEARS - 69 YEARS",NA,"Code.or.Value=[""-64 to 53"", "".""]; Value.Description=[""Range of Values"", ""Missing""]; Count=[""1664"", ""143""]; Cumulative=[""1664"", ""1807""]; Skip.to.Item=[""NA"", ""NA""]"
"AUXAR","AUXLR124","AUXLR124","Acoustic Reflex Left Ear 1KHz 24","Acoustic Reflex Left Ear 1KHz 24","Both males and females 20 YEARS - 69 YEARS",NA,"Code.or.Value=[""-61 to 76"", "".""]; Value.Description=[""Range of Values"", ""Missing""]; Count=[""1664"", ""143""]; Cumulative=[""1664"", ""1807""]; Skip.to.Item=[""NA"", ""NA""]"
"AUXAR","AUXLR125","AUXLR125","Acoustic Reflex Left Ear 1KHz 25","Acoustic Reflex Left Ear 1KHz 25","Both males and females 20 YEARS - 69 YEARS",NA,"Code.or.Value=[""-58 to 61"", "".""]; Value.Description=[""Range of Values"", ""Missing""]; Count=[""1664"", ""143""]; Cumulative=[""1664"", ""1807""]; Skip.to.Item=[""NA"", ""NA""]"
"AUXAR","AUXLR126","AUXLR126","Acoustic Reflex Left Ear 1KHz 26","Acoustic Reflex Left Ear 1KHz 26","Both males and females 20 YEARS - 69 YEARS",NA,"Code.or.Value=[""-56 to 46"", "".""]; Value.Description=[""Range of Values"", ""Missing""]; Count=[""1664"", ""143""]; Cumulative=[""1664"", ""1807""]; Skip.to.Item=[""NA"", ""NA""]"
"AUXAR","AUXLR127","AUXLR127","Acoustic Reflex Left Ear 1KHz 27","Acoustic Reflex Left Ear 1KHz 27","Both males and females 20 YEARS - 69 YEARS",NA,"Code.or.Value=[""-56 to 43"", "".""]; Value.Description=[""Range of Values"", ""Missing""]; Count=[""1664"", ""143""]; Cumulative=[""1664"", ""1807""]; Skip.to.Item=[""NA"", ""NA""]"
"AUXAR","AUXLR128","AUXLR128","Acoustic Reflex Left Ear 1KHz 28","Acoustic Reflex Left Ear 1KHz 28","Both males and females 20 YEARS - 69 YEARS",NA,"Code.or.Value=[""-57 to 42"", "".""]; Value.Description=[""Range of Values"", ""Missing""]; Count=[""1664"", ""143""]; Cumulative=[""1664"", ""1807""]; Skip.to.Item=[""NA"", ""NA""]"
"AUXAR","AUXLR129","AUXLR129","Acoustic Reflex Left Ear 1KHz 29","Acoustic Reflex Left Ear 1KHz 29","Both males and females 20 YEARS - 69 YEARS",NA,"Code.or.Value=[""-54 to 63"", "".""]; Value.Description=[""Range of Values"", ""Missing""]; Count=[""1664"", ""143""]; Cumulative=[""1664"", ""1807""]; Skip.to.Item=[""NA"", ""NA""]"
"AUXAR","AUXLR130","AUXLR130","Acoustic Reflex Left Ear 1KHz 30","Acoustic Reflex Left Ear 1KHz 30","Both males and females 20 YEARS - 69 YEARS",NA,"Code.or.Value=[""-47 to 97"", "".""]; Value.Description=[""Range of Values"", ""Missing""]; Count=[""1664"", ""143""]; Cumulative=[""1664"", ""1807""]; Skip.to.Item=[""NA"", ""NA""]"
"AUXAR","AUXLR131","AUXLR131","Acoustic Reflex Left Ear 1KHz 31","Acoustic Reflex Left Ear 1KHz 31","Both males and females 20 YEARS - 69 YEARS",NA,"Code.or.Value=[""-44 to 84"", "".""]; Value.Description=[""Range of Values"", ""Missing""]; Count=[""1664"", ""143""]; Cumulative=[""1664"", ""1807""]; Skip.to.Item=[""NA"", ""NA""]"
"AUXAR","AUXLR132","AUXLR132","Acoustic Reflex Left Ear 1KHz 32","Acoustic Reflex Left Ear 1KHz 32","Both males and females 20 YEARS - 69 YEARS",NA,"Code.or.Value=[""-42 to 72"", "".""]; Value.Description=[""Range of Values"", ""Missing""]; Count=[""1664"", ""143""]; Cumulative=[""1664"", ""1807""]; Skip.to.Item=[""NA"", ""NA""]"
"AUXAR","AUXLR133","AUXLR133","Acoustic Reflex Left Ear 1KHz 33","Acoustic Reflex Left Ear 1KHz 33","Both males and females 20 YEARS - 69 YEARS",NA,"Code.or.Value=[""-37 to 57"", "".""]; Value.Description=[""Range of Values"", ""Missing""]; Count=[""1664"", ""143""]; Cumulative=[""1664"", ""1807""]; Skip.to.Item=[""NA"", ""NA""]"
"AUXAR","AUXLR134","AUXLR134","Acoustic Reflex Left Ear 1KHz 34","Acoustic Reflex Left Ear 1KHz 34","Both males and females 20 YEARS - 69 YEARS",NA,"Code.or.Value=[""-31 to 38"", "".""]; Value.Description=[""Range of Values"", ""Missing""]; Count=[""1664"", ""143""]; Cumulative=[""1664"", ""1807""]; Skip.to.Item=[""NA"", ""NA""]"
"AUXAR","AUXLR135","AUXLR135","Acoustic Reflex Left Ear 1KHz 35","Acoustic Reflex Left Ear 1KHz 35","Both males and females 20 YEARS - 69 YEARS",NA,"Code.or.Value=[""-26 to 43"", "".""]; Value.Description=[""Range of Values"", ""Missing""]; Count=[""1664"", ""143""]; Cumulative=[""1664"", ""1807""]; Skip.to.Item=[""NA"", ""NA""]"
"AUXAR","AUXLR136","AUXLR136","Acoustic Reflex Left Ear 1KHz 36","Acoustic Reflex Left Ear 1KHz 36","Both males and females 20 YEARS - 69 YEARS",NA,"Code.or.Value=[""-26 to 41"", "".""]; Value.Description=[""Range of Values"", ""Missing""]; Count=[""1664"", ""143""]; Cumulative=[""1664"", ""1807""]; Skip.to.Item=[""NA"", ""NA""]"
"AUXAR","AUXLR137","AUXLR137","Acoustic Reflex Left Ear 1KHz 37","Acoustic Reflex Left Ear 1KHz 37","Both males and females 20 YEARS - 69 YEARS",NA,"Code.or.Value=[""-26 to 39"", "".""]; Value.Description=[""Range of Values"", ""Missing""]; Count=[""1664"", ""143""]; Cumulative=[""1664"", ""1807""]; Skip.to.Item=[""NA"", ""NA""]"
"AUXAR","AUXLR138","AUXLR138","Acoustic Reflex Left Ear 1KHz 38","Acoustic Reflex Left Ear 1KHz 38","Both males and females 20 YEARS - 69 YEARS",NA,"Code.or.Value=[""-29 to 37"", "".""]; Value.Description=[""Range of Values"", ""Missing""]; Count=[""1664"", ""143""]; Cumulative=[""1664"", ""1807""]; Skip.to.Item=[""NA"", ""NA""]"
"AUXAR","AUXLR139","AUXLR139","Acoustic Reflex Left Ear 1KHz 39","Acoustic Reflex Left Ear 1KHz 39","Both males and females 20 YEARS - 69 YEARS",NA,"Code.or.Value=[""-29 to 72"", "".""]; Value.Description=[""Range of Values"", ""Missing""]; Count=[""1664"", ""143""]; Cumulative=[""1664"", ""1807""]; Skip.to.Item=[""NA"", ""NA""]"
"AUXAR","AUXLR140","AUXLR140","Acoustic Reflex Left Ear 1KHz 40","Acoustic Reflex Left Ear 1KHz 40","Both males and females 20 YEARS - 69 YEARS",NA,"Code.or.Value=[""-29 to 70"", "".""]; Value.Description=[""Range of Values"", ""Missing""]; Count=[""1664"", ""143""]; Cumulative=[""1664"", ""1807""]; Skip.to.Item=[""NA"", ""NA""]"
"AUXAR","AUXLR141","AUXLR141","Acoustic Reflex Left Ear 1KHz 41","Acoustic Reflex Left Ear 1KHz 41","Both males and females 20 YEARS - 69 YEARS",NA,"Code.or.Value=[""-29 to 76"", "".""]; Value.Description=[""Range of Values"", ""Missing""]; Count=[""1664"", ""143""]; Cumulative=[""1664"", ""1807""]; Skip.to.Item=[""NA"", ""NA""]"
"AUXAR","AUXLR142","AUXLR142","Acoustic Reflex Left Ear 1KHz 42","Acoustic Reflex Left Ear 1KHz 42","Both males and females 20 YEARS - 69 YEARS",NA,"Code.or.Value=[""-29 to 57"", "".""]; Value.Description=[""Range of Values"", ""Missing""]; Count=[""1664"", ""143""]; Cumulative=[""1664"", ""1807""]; Skip.to.Item=[""NA"", ""NA""]"
"AUXAR","AUXLR143","AUXLR143","Acoustic Reflex Left Ear 1KHz 43","Acoustic Reflex Left Ear 1KHz 43","Both males and females 20 YEARS - 69 YEARS",NA,"Code.or.Value=[""-28 to 91"", "".""]; Value.Description=[""Range of Values"", ""Missing""]; Count=[""1664"", ""143""]; Cumulative=[""1664"", ""1807""]; Skip.to.Item=[""NA"", ""NA""]"
"AUXAR","AUXLR144","AUXLR144","Acoustic Reflex Left Ear 1KHz 44","Acoustic Reflex Left Ear 1KHz 44","Both males and females 20 YEARS - 69 YEARS",NA,"Code.or.Value=[""-25 to 126"", "".""]; Value.Description=[""Range of Values"", ""Missing""]; Count=[""1664"", ""143""]; Cumulative=[""1664"", ""1807""]; Skip.to.Item=[""NA"", ""NA""]"
"AUXAR","AUXLR145","AUXLR145","Acoustic Reflex Left Ear 1KHz 45","Acoustic Reflex Left Ear 1KHz 45","Both males and females 20 YEARS - 69 YEARS",NA,"Code.or.Value=[""-25 to 125"", "".""]; Value.Description=[""Range of Values"", ""Missing""]; Count=[""1664"", ""143""]; Cumulative=[""1664"", ""1807""]; Skip.to.Item=[""NA"", ""NA""]"
"AUXAR","AUXLR146","AUXLR146","Acoustic Reflex Left Ear 1KHz 46","Acoustic Reflex Left Ear 1KHz 46","Both males and females 20 YEARS - 69 YEARS",NA,"Code.or.Value=[""-30 to 119"", "".""]; Value.Description=[""Range of Values"", ""Missing""]; Count=[""1664"", ""143""]; Cumulative=[""1664"", ""1807""]; Skip.to.Item=[""NA"", ""NA""]"
"AUXAR","AUXLR147","AUXLR147","Acoustic Reflex Left Ear 1KHz 47","Acoustic Reflex Left Ear 1KHz 47","Both males and females 20 YEARS - 69 YEARS",NA,"Code.or.Value=[""-35 to 123"", "".""]; Value.Description=[""Range of Values"", ""Missing""]; Count=[""1664"", ""143""]; Cumulative=[""1664"", ""1807""]; Skip.to.Item=[""NA"", ""NA""]"
"AUXAR","AUXLR148","AUXLR148","Acoustic Reflex Left Ear 1KHz 48","Acoustic Reflex Left Ear 1KHz 48","Both males and females 20 YEARS - 69 YEARS",NA,"Code.or.Value=[""-37 to 91"", "".""]; Value.Description=[""Range of Values"", ""Missing""]; Count=[""1664"", ""143""]; Cumulative=[""1664"", ""1807""]; Skip.to.Item=[""NA"", ""NA""]"
"AUXAR","AUXLR149","AUXLR149","Acoustic Reflex Left Ear 1KHz 49","Acoustic Reflex Left Ear 1KHz 49","Both males and females 20 YEARS - 69 YEARS",NA,"Code.or.Value=[""-36 to 64"", "".""]; Value.Description=[""Range of Values"", ""Missing""]; Count=[""1664"", ""143""]; Cumulative=[""1664"", ""1807""]; Skip.to.Item=[""NA"", ""NA""]"
"AUXAR","AUXLR150","AUXLR150","Acoustic Reflex Left Ear 1KHz 50","Acoustic Reflex Left Ear 1KHz 50","Both males and females 20 YEARS - 69 YEARS",NA,"Code.or.Value=[""-33 to 57"", "".""]; Value.Description=[""Range of Values"", ""Missing""]; Count=[""1664"", ""143""]; Cumulative=[""1664"", ""1807""]; Skip.to.Item=[""NA"", ""NA""]"
"AUXAR","AUXLR151","AUXLR151","Acoustic Reflex Left Ear 1KHz 51","Acoustic Reflex Left Ear 1KHz 51","Both males and females 20 YEARS - 69 YEARS",NA,"Code.or.Value=[""-27 to 52"", "".""]; Value.Description=[""Range of Values"", ""Missing""]; Count=[""1664"", ""143""]; Cumulative=[""1664"", ""1807""]; Skip.to.Item=[""NA"", ""NA""]"
"AUXAR","AUXLR152","AUXLR152","Acoustic Reflex Left Ear 1KHz 52","Acoustic Reflex Left Ear 1KHz 52","Both males and females 20 YEARS - 69 YEARS",NA,"Code.or.Value=[""-14 to 59"", "".""]; Value.Description=[""Range of Values"", ""Missing""]; Count=[""1664"", ""143""]; Cumulative=[""1664"", ""1807""]; Skip.to.Item=[""NA"", ""NA""]"
"AUXAR","AUXLR153","AUXLR153","Acoustic Reflex Left Ear 1KHz 53","Acoustic Reflex Left Ear 1KHz 53","Both males and females 20 YEARS - 69 YEARS",NA,"Code.or.Value=[""-10 to 45"", "".""]; Value.Description=[""Range of Values"", ""Missing""]; Count=[""1664"", ""143""]; Cumulative=[""1664"", ""1807""]; Skip.to.Item=[""NA"", ""NA""]"
"AUXAR","AUXLR154","AUXLR154","Acoustic Reflex Left Ear 1KHz 54","Acoustic Reflex Left Ear 1KHz 54","Both males and females 20 YEARS - 69 YEARS",NA,"Code.or.Value=[""-12 to 59"", "".""]; Value.Description=[""Range of Values"", ""Missing""]; Count=[""1664"", ""143""]; Cumulative=[""1664"", ""1807""]; Skip.to.Item=[""NA"", ""NA""]"
"AUXAR","AUXLR155","AUXLR155","Acoustic Reflex Left Ear 1KHz 55","Acoustic Reflex Left Ear 1KHz 55","Both males and females 20 YEARS - 69 YEARS",NA,"Code.or.Value=[""-13 to 46"", "".""]; Value.Description=[""Range of Values"", ""Missing""]; Count=[""1664"", ""143""]; Cumulative=[""1664"", ""1807""]; Skip.to.Item=[""NA"", ""NA""]"
"AUXAR","AUXLR156","AUXLR156","Acoustic Reflex Left Ear 1KHz 56","Acoustic Reflex Left Ear 1KHz 56","Both males and females 20 YEARS - 69 YEARS",NA,"Code.or.Value=[""-26 to 59"", "".""]; Value.Description=[""Range of Values"", ""Missing""]; Count=[""1664"", ""143""]; Cumulative=[""1664"", ""1807""]; Skip.to.Item=[""NA"", ""NA""]"
"AUXAR","AUXLR157","AUXLR157","Acoustic Reflex Left Ear 1KHz 57","Acoustic Reflex Left Ear 1KHz 57","Both males and females 20 YEARS - 69 YEARS",NA,"Code.or.Value=[""-33 to 92"", "".""]; Value.Description=[""Range of Values"", ""Missing""]; Count=[""1664"", ""143""]; Cumulative=[""1664"", ""1807""]; Skip.to.Item=[""NA"", ""NA""]"
"AUXAR","AUXLR158","AUXLR158","Acoustic Reflex Left Ear 1KHz 58","Acoustic Reflex Left Ear 1KHz 58","Both males and females 20 YEARS - 69 YEARS",NA,"Code.or.Value=[""-32 to 72"", "".""]; Value.Description=[""Range of Values"", ""Missing""]; Count=[""1664"", ""143""]; Cumulative=[""1664"", ""1807""]; Skip.to.Item=[""NA"", ""NA""]"
"AUXAR","AUXLR159","AUXLR159","Acoustic Reflex Left Ear 1KHz 59","Acoustic Reflex Left Ear 1KHz 59","Both males and females 20 YEARS - 69 YEARS",NA,"Code.or.Value=[""-28 to 46"", "".""]; Value.Description=[""Range of Values"", ""Missing""]; Count=[""1664"", ""143""]; Cumulative=[""1664"", ""1807""]; Skip.to.Item=[""NA"", ""NA""]"
"AUXAR","AUXLR160","AUXLR160","Acoustic Reflex Left Ear 1KHz 60","Acoustic Reflex Left Ear 1KHz 60","Both males and females 20 YEARS - 69 YEARS",NA,"Code.or.Value=[""-26 to 87"", "".""]; Value.Description=[""Range of Values"", ""Missing""]; Count=[""1664"", ""143""]; Cumulative=[""1664"", ""1807""]; Skip.to.Item=[""NA"", ""NA""]"
"AUXAR","AUXLR161","AUXLR161","Acoustic Reflex Left Ear 1KHz 61","Acoustic Reflex Left Ear 1KHz 61","Both males and females 20 YEARS - 69 YEARS",NA,"Code.or.Value=[""-30 to 95"", "".""]; Value.Description=[""Range of Values"", ""Missing""]; Count=[""1664"", ""143""]; Cumulative=[""1664"", ""1807""]; Skip.to.Item=[""NA"", ""NA""]"
"AUXAR","AUXLR162","AUXLR162","Acoustic Reflex Left Ear 1KHz 62","Acoustic Reflex Left Ear 1KHz 62","Both males and females 20 YEARS - 69 YEARS",NA,"Code.or.Value=[""-34 to 75"", "".""]; Value.Description=[""Range of Values"", ""Missing""]; Count=[""1664"", ""143""]; Cumulative=[""1664"", ""1807""]; Skip.to.Item=[""NA"", ""NA""]"
"AUXAR","AUXLR163","AUXLR163","Acoustic Reflex Left Ear 1KHz 63","Acoustic Reflex Left Ear 1KHz 63","Both males and females 20 YEARS - 69 YEARS",NA,"Code.or.Value=[""-35 to 69"", "".""]; Value.Description=[""Range of Values"", ""Missing""]; Count=[""1664"", ""143""]; Cumulative=[""1664"", ""1807""]; Skip.to.Item=[""NA"", ""NA""]"
"AUXAR","AUXLR164","AUXLR164","Acoustic Reflex Left Ear 1KHz 64","Acoustic Reflex Left Ear 1KHz 64","Both males and females 20 YEARS - 69 YEARS",NA,"Code.or.Value=[""-34 to 71"", "".""]; Value.Description=[""Range of Values"", ""Missing""]; Count=[""1664"", ""143""]; Cumulative=[""1664"", ""1807""]; Skip.to.Item=[""NA"", ""NA""]"
"AUXAR","AUXLR165","AUXLR165","Acoustic Reflex Left Ear 1KHz 65","Acoustic Reflex Left Ear 1KHz 65","Both males and females 20 YEARS - 69 YEARS",NA,"Code.or.Value=[""-31 to 86"", "".""]; Value.Description=[""Range of Values"", ""Missing""]; Count=[""1664"", ""143""]; Cumulative=[""1664"", ""1807""]; Skip.to.Item=[""NA"", ""NA""]"
"AUXAR","AUXLR166","AUXLR166","Acoustic Reflex Left Ear 1KHz 66","Acoustic Reflex Left Ear 1KHz 66","Both males and females 20 YEARS - 69 YEARS",NA,"Code.or.Value=[""-21 to 53"", "".""]; Value.Description=[""Range of Values"", ""Missing""]; Count=[""1664"", ""143""]; Cumulative=[""1664"", ""1807""]; Skip.to.Item=[""NA"", ""NA""]"
"AUXAR","AUXLR167","AUXLR167","Acoustic Reflex Left Ear 1KHz 67","Acoustic Reflex Left Ear 1KHz 67","Both males and females 20 YEARS - 69 YEARS",NA,"Code.or.Value=[""-13 to 54"", "".""]; Value.Description=[""Range of Values"", ""Missing""]; Count=[""1664"", ""143""]; Cumulative=[""1664"", ""1807""]; Skip.to.Item=[""NA"", ""NA""]"
"AUXAR","AUXLR168","AUXLR168","Acoustic Reflex Left Ear 1KHz 68","Acoustic Reflex Left Ear 1KHz 68","Both males and females 20 YEARS - 69 YEARS",NA,"Code.or.Value=[""-13 to 55"", "".""]; Value.Description=[""Range of Values"", ""Missing""]; Count=[""1664"", ""143""]; Cumulative=[""1664"", ""1807""]; Skip.to.Item=[""NA"", ""NA""]"
"AUXAR","AUXLR169","AUXLR169","Acoustic Reflex Left Ear 1KHz 69","Acoustic Reflex Left Ear 1KHz 69","Both males and females 20 YEARS - 69 YEARS",NA,"Code.or.Value=[""-12 to 65"", "".""]; Value.Description=[""Range of Values"", ""Missing""]; Count=[""1664"", ""143""]; Cumulative=[""1664"", ""1807""]; Skip.to.Item=[""NA"", ""NA""]"
"AUXAR","AUXLR170","AUXLR170","Acoustic Reflex Left Ear 1KHz 70","Acoustic Reflex Left Ear 1KHz 70","Both males and females 20 YEARS - 69 YEARS",NA,"Code.or.Value=[""-19 to 56"", "".""]; Value.Description=[""Range of Values"", ""Missing""]; Count=[""1664"", ""143""]; Cumulative=[""1664"", ""1807""]; Skip.to.Item=[""NA"", ""NA""]"
"AUXAR","AUXLR171","AUXLR171","Acoustic Reflex Left Ear 1KHz 71","Acoustic Reflex Left Ear 1KHz 71","Both males and females 20 YEARS - 69 YEARS",NA,"Code.or.Value=[""-49 to 55"", "".""]; Value.Description=[""Range of Values"", ""Missing""]; Count=[""1664"", ""143""]; Cumulative=[""1664"", ""1807""]; Skip.to.Item=[""NA"", ""NA""]"
"AUXAR","AUXLR172","AUXLR172","Acoustic Reflex Left Ear 1KHz 72","Acoustic Reflex Left Ear 1KHz 72","Both males and females 20 YEARS - 69 YEARS",NA,"Code.or.Value=[""-61 to 53"", "".""]; Value.Description=[""Range of Values"", ""Missing""]; Count=[""1664"", ""143""]; Cumulative=[""1664"", ""1807""]; Skip.to.Item=[""NA"", ""NA""]"
"AUXAR","AUXLR173","AUXLR173","Acoustic Reflex Left Ear 1KHz 73","Acoustic Reflex Left Ear 1KHz 73","Both males and females 20 YEARS - 69 YEARS",NA,"Code.or.Value=[""-31 to 62"", "".""]; Value.Description=[""Range of Values"", ""Missing""]; Count=[""1664"", ""143""]; Cumulative=[""1664"", ""1807""]; Skip.to.Item=[""NA"", ""NA""]"
"AUXAR","AUXLR174","AUXLR174","Acoustic Reflex Left Ear 1KHz 74","Acoustic Reflex Left Ear 1KHz 74","Both males and females 20 YEARS - 69 YEARS",NA,"Code.or.Value=[""-16 to 56"", "".""]; Value.Description=[""Range of Values"", ""Missing""]; Count=[""1664"", ""143""]; Cumulative=[""1664"", ""1807""]; Skip.to.Item=[""NA"", ""NA""]"
"AUXAR","AUXLR175","AUXLR175","Acoustic Reflex Left Ear 1KHz 75","Acoustic Reflex Left Ear 1KHz 75","Both males and females 20 YEARS - 69 YEARS",NA,"Code.or.Value=[""-16 to 53"", "".""]; Value.Description=[""Range of Values"", ""Missing""]; Count=[""1664"", ""143""]; Cumulative=[""1664"", ""1807""]; Skip.to.Item=[""NA"", ""NA""]"
"AUXAR","AUXLR176","AUXLR176","Acoustic Reflex Left Ear 1KHz 76","Acoustic Reflex Left Ear 1KHz 76","Both males and females 20 YEARS - 69 YEARS",NA,"Code.or.Value=[""-14 to 52"", "".""]; Value.Description=[""Range of Values"", ""Missing""]; Count=[""1664"", ""143""]; Cumulative=[""1664"", ""1807""]; Skip.to.Item=[""NA"", ""NA""]"
"AUXAR","AUXLR177","AUXLR177","Acoustic Reflex Left Ear 1KHz 77","Acoustic Reflex Left Ear 1KHz 77","Both males and females 20 YEARS - 69 YEARS",NA,"Code.or.Value=[""-10 to 56"", "".""]; Value.Description=[""Range of Values"", ""Missing""]; Count=[""1664"", ""143""]; Cumulative=[""1664"", ""1807""]; Skip.to.Item=[""NA"", ""NA""]"
"AUXAR","AUXLR178","AUXLR178","Acoustic Reflex Left Ear 1KHz 78","Acoustic Reflex Left Ear 1KHz 78","Both males and females 20 YEARS - 69 YEARS",NA,"Code.or.Value=[""-10 to 74"", "".""]; Value.Description=[""Range of Values"", ""Missing""]; Count=[""1664"", ""143""]; Cumulative=[""1664"", ""1807""]; Skip.to.Item=[""NA"", ""NA""]"
"AUXAR","AUXLR179","AUXLR179","Acoustic Reflex Left Ear 1KHz 79","Acoustic Reflex Left Ear 1KHz 79","Both males and females 20 YEARS - 69 YEARS",NA,"Code.or.Value=[""-11 to 84"", "".""]; Value.Description=[""Range of Values"", ""Missing""]; Count=[""1664"", ""143""]; Cumulative=[""1664"", ""1807""]; Skip.to.Item=[""NA"", ""NA""]"
"AUXAR","AUXLR180","AUXLR180","Acoustic Reflex Left Ear 1KHz 80","Acoustic Reflex Left Ear 1KHz 80","Both males and females 20 YEARS - 69 YEARS",NA,"Code.or.Value=[""-17 to 58"", "".""]; Value.Description=[""Range of Values"", ""Missing""]; Count=[""1664"", ""143""]; Cumulative=[""1664"", ""1807""]; Skip.to.Item=[""NA"", ""NA""]"
"AUXAR","AUXLR181","AUXLR181","Acoustic Reflex Left Ear 1KHz 81","Acoustic Reflex Left Ear 1KHz 81","Both males and females 20 YEARS - 69 YEARS",NA,"Code.or.Value=[""-6 to 59"", "".""]; Value.Description=[""Range of Values"", ""Missing""]; Count=[""1664"", ""143""]; Cumulative=[""1664"", ""1807""]; Skip.to.Item=[""NA"", ""NA""]"
"AUXAR","AUXLR182","AUXLR182","Acoustic Reflex Left Ear 1KHz 82","Acoustic Reflex Left Ear 1KHz 82","Both males and females 20 YEARS - 69 YEARS",NA,"Code.or.Value=[""-5 to 91"", "".""]; Value.Description=[""Range of Values"", ""Missing""]; Count=[""1664"", ""143""]; Cumulative=[""1664"", ""1807""]; Skip.to.Item=[""NA"", ""NA""]"
"AUXAR","AUXLR183","AUXLR183","Acoustic Reflex Left Ear 1KHz 83","Acoustic Reflex Left Ear 1KHz 83","Both males and females 20 YEARS - 69 YEARS",NA,"Code.or.Value=[""-19 to 81"", "".""]; Value.Description=[""Range of Values"", ""Missing""]; Count=[""1664"", ""143""]; Cumulative=[""1664"", ""1807""]; Skip.to.Item=[""NA"", ""NA""]"
"AUXAR","AUXLR184","AUXLR184","Acoustic Reflex Left Ear 1KHz 84","Acoustic Reflex Left Ear 1KHz 84","Both males and females 20 YEARS - 69 YEARS",NA,"Code.or.Value=[""-14 to 60"", "".""]; Value.Description=[""Range of Values"", ""Missing""]; Count=[""1664"", ""143""]; Cumulative=[""1664"", ""1807""]; Skip.to.Item=[""NA"", ""NA""]"
"AUXAR","AUXRR201","AUXRR201","Acoustic Reflex Right Ear 2kHz 01","Acoustic Reflex Right Ear 2kHz 01","Both males and females 20 YEARS - 69 YEARS",NA,"Code.or.Value=[""-31 to 46"", "".""]; Value.Description=[""Range of Values"", ""Missing""]; Count=[""1676"", ""131""]; Cumulative=[""1676"", ""1807""]; Skip.to.Item=[""NA"", ""NA""]"
"AUXAR","AUXRR202","AUXRR202","Acoustic Reflex Right Ear 2kHz 02","Acoustic Reflex Right Ear 2kHz 02","Both males and females 20 YEARS - 69 YEARS",NA,"Code.or.Value=[""-30 to 47"", "".""]; Value.Description=[""Range of Values"", ""Missing""]; Count=[""1676"", ""131""]; Cumulative=[""1676"", ""1807""]; Skip.to.Item=[""NA"", ""NA""]"
"AUXAR","AUXRR203","AUXRR203","Acoustic Reflex Right Ear 2kHz 03","Acoustic Reflex Right Ear 2kHz 03","Both males and females 20 YEARS - 69 YEARS",NA,"Code.or.Value=[""-29 to 59"", "".""]; Value.Description=[""Range of Values"", ""Missing""]; Count=[""1676"", ""131""]; Cumulative=[""1676"", ""1807""]; Skip.to.Item=[""NA"", ""NA""]"
"AUXAR","AUXRR204","AUXRR204","Acoustic Reflex Right Ear 2kHz 04","Acoustic Reflex Right Ear 2kHz 04","Both males and females 20 YEARS - 69 YEARS",NA,"Code.or.Value=[""-28 to 50"", "".""]; Value.Description=[""Range of Values"", ""Missing""]; Count=[""1676"", ""131""]; Cumulative=[""1676"", ""1807""]; Skip.to.Item=[""NA"", ""NA""]"
"AUXAR","AUXRR205","AUXRR205","Acoustic Reflex Right Ear 2kHz 05","Acoustic Reflex Right Ear 2kHz 05","Both males and females 20 YEARS - 69 YEARS",NA,"Code.or.Value=[""-26 to 44"", "".""]; Value.Description=[""Range of Values"", ""Missing""]; Count=[""1676"", ""131""]; Cumulative=[""1676"", ""1807""]; Skip.to.Item=[""NA"", ""NA""]"
"AUXAR","AUXRR206","AUXRR206","Acoustic Reflex Right Ear 2kHz 06","Acoustic Reflex Right Ear 2kHz 06","Both males and females 20 YEARS - 69 YEARS",NA,"Code.or.Value=[""-28 to 42"", "".""]; Value.Description=[""Range of Values"", ""Missing""]; Count=[""1676"", ""131""]; Cumulative=[""1676"", ""1807""]; Skip.to.Item=[""NA"", ""NA""]"
"AUXAR","AUXRR207","AUXRR207","Acoustic Reflex Right Ear 2kHz 07","Acoustic Reflex Right Ear 2kHz 07","Both males and females 20 YEARS - 69 YEARS",NA,"Code.or.Value=[""-29 to 39"", "".""]; Value.Description=[""Range of Values"", ""Missing""]; Count=[""1676"", ""131""]; Cumulative=[""1676"", ""1807""]; Skip.to.Item=[""NA"", ""NA""]"
"AUXAR","AUXRR208","AUXRR208","Acoustic Reflex Right Ear 2kHz 08","Acoustic Reflex Right Ear 2kHz 08","Both males and females 20 YEARS - 69 YEARS",NA,"Code.or.Value=[""-30 to 45"", "".""]; Value.Description=[""Range of Values"", ""Missing""]; Count=[""1676"", ""131""]; Cumulative=[""1676"", ""1807""]; Skip.to.Item=[""NA"", ""NA""]"
"AUXAR","AUXRR209","AUXRR209","Acoustic Reflex Right Ear 2kHz 09","Acoustic Reflex Right Ear 2kHz 09","Both males and females 20 YEARS - 69 YEARS",NA,"Code.or.Value=[""-29 to 54"", "".""]; Value.Description=[""Range of Values"", ""Missing""]; Count=[""1676"", ""131""]; Cumulative=[""1676"", ""1807""]; Skip.to.Item=[""NA"", ""NA""]"
"AUXAR","AUXRR210","AUXRR210","Acoustic Reflex Right Ear 2kHz 10","Acoustic Reflex Right Ear 2kHz 10","Both males and females 20 YEARS - 69 YEARS",NA,"Code.or.Value=[""-29 to 52"", "".""]; Value.Description=[""Range of Values"", ""Missing""]; Count=[""1676"", ""131""]; Cumulative=[""1676"", ""1807""]; Skip.to.Item=[""NA"", ""NA""]"
"AUXAR","AUXRR211","AUXRR211","Acoustic Reflex Right Ear 2kHz 11","Acoustic Reflex Right Ear 2kHz 11","Both males and females 20 YEARS - 69 YEARS",NA,"Code.or.Value=[""-28 to 53"", "".""]; Value.Description=[""Range of Values"", ""Missing""]; Count=[""1676"", ""131""]; Cumulative=[""1676"", ""1807""]; Skip.to.Item=[""NA"", ""NA""]"
"AUXAR","AUXRR212","AUXRR212","Acoustic Reflex Right Ear 2kHz 12","Acoustic Reflex Right Ear 2kHz 12","Both males and females 20 YEARS - 69 YEARS",NA,"Code.or.Value=[""-28 to 53"", "".""]; Value.Description=[""Range of Values"", ""Missing""]; Count=[""1676"", ""131""]; Cumulative=[""1676"", ""1807""]; Skip.to.Item=[""NA"", ""NA""]"
"AUXAR","AUXRR213","AUXRR213","Acoustic Reflex Right Ear 2kHz 13","Acoustic Reflex Right Ear 2kHz 13","Both males and females 20 YEARS - 69 YEARS",NA,"Code.or.Value=[""-28 to 55"", "".""]; Value.Description=[""Range of Values"", ""Missing""]; Count=[""1676"", ""131""]; Cumulative=[""1676"", ""1807""]; Skip.to.Item=[""NA"", ""NA""]"
"AUXAR","AUXRR214","AUXRR214","Acoustic Reflex Right Ear 2kHz 14","Acoustic Reflex Right Ear 2kHz 14","Both males and females 20 YEARS - 69 YEARS",NA,"Code.or.Value=[""-40 to 59"", "".""]; Value.Description=[""Range of Values"", ""Missing""]; Count=[""1676"", ""131""]; Cumulative=[""1676"", ""1807""]; Skip.to.Item=[""NA"", ""NA""]"
"AUXAR","AUXRR215","AUXRR215","Acoustic Reflex Right Ear 2kHz 15","Acoustic Reflex Right Ear 2kHz 15","Both males and females 20 YEARS - 69 YEARS",NA,"Code.or.Value=[""-35 to 59"", "".""]; Value.Description=[""Range of Values"", ""Missing""]; Count=[""1676"", ""131""]; Cumulative=[""1676"", ""1807""]; Skip.to.Item=[""NA"", ""NA""]"
"AUXAR","AUXRR216","AUXRR216","Acoustic Reflex Right Ear 2kHz 16","Acoustic Reflex Right Ear 2kHz 16","Both males and females 20 YEARS - 69 YEARS",NA,"Code.or.Value=[""-26 to 53"", "".""]; Value.Description=[""Range of Values"", ""Missing""]; Count=[""1676"", ""131""]; Cumulative=[""1676"", ""1807""]; Skip.to.Item=[""NA"", ""NA""]"
"AUXAR","AUXRR217","AUXRR217","Acoustic Reflex Right Ear 2kHz 17","Acoustic Reflex Right Ear 2kHz 17","Both males and females 20 YEARS - 69 YEARS",NA,"Code.or.Value=[""-26 to 91"", "".""]; Value.Description=[""Range of Values"", ""Missing""]; Count=[""1676"", ""131""]; Cumulative=[""1676"", ""1807""]; Skip.to.Item=[""NA"", ""NA""]"
"AUXAR","AUXRR218","AUXRR218","Acoustic Reflex Right Ear 2kHz 18","Acoustic Reflex Right Ear 2kHz 18","Both males and females 20 YEARS - 69 YEARS",NA,"Code.or.Value=[""-28 to 79"", "".""]; Value.Description=[""Range of Values"", ""Missing""]; Count=[""1676"", ""131""]; Cumulative=[""1676"", ""1807""]; Skip.to.Item=[""NA"", ""NA""]"
"AUXAR","AUXRR219","AUXRR219","Acoustic Reflex Right Ear 2kHz 19","Acoustic Reflex Right Ear 2kHz 19","Both males and females 20 YEARS - 69 YEARS",NA,"Code.or.Value=[""-28 to 47"", "".""]; Value.Description=[""Range of Values"", ""Missing""]; Count=[""1676"", ""131""]; Cumulative=[""1676"", ""1807""]; Skip.to.Item=[""NA"", ""NA""]"
"AUXAR","AUXRR220","AUXRR220","Acoustic Reflex Right Ear 2kHz 20","Acoustic Reflex Right Ear 2kHz 20","Both males and females 20 YEARS - 69 YEARS",NA,"Code.or.Value=[""-24 to 57"", "".""]; Value.Description=[""Range of Values"", ""Missing""]; Count=[""1676"", ""131""]; Cumulative=[""1676"", ""1807""]; Skip.to.Item=[""NA"", ""NA""]"
"AUXAR","AUXRR221","AUXRR221","Acoustic Reflex Right Ear 2kHz 21","Acoustic Reflex Right Ear 2kHz 21","Both males and females 20 YEARS - 69 YEARS",NA,"Code.or.Value=[""-24 to 72"", "".""]; Value.Description=[""Range of Values"", ""Missing""]; Count=[""1676"", ""131""]; Cumulative=[""1676"", ""1807""]; Skip.to.Item=[""NA"", ""NA""]"
"AUXAR","AUXRR222","AUXRR222","Acoustic Reflex Right Ear 2kHz 22","Acoustic Reflex Right Ear 2kHz 22","Both males and females 20 YEARS - 69 YEARS",NA,"Code.or.Value=[""-24 to 73"", "".""]; Value.Description=[""Range of Values"", ""Missing""]; Count=[""1676"", ""131""]; Cumulative=[""1676"", ""1807""]; Skip.to.Item=[""NA"", ""NA""]"
"AUXAR","AUXRR223","AUXRR223","Acoustic Reflex Right Ear 2kHz 23","Acoustic Reflex Right Ear 2kHz 23","Both males and females 20 YEARS - 69 YEARS",NA,"Code.or.Value=[""-23 to 55"", "".""]; Value.Description=[""Range of Values"", ""Missing""]; Count=[""1676"", ""131""]; Cumulative=[""1676"", ""1807""]; Skip.to.Item=[""NA"", ""NA""]"
"AUXAR","AUXRR224","AUXRR224","Acoustic Reflex Right Ear 2kHz 24","Acoustic Reflex Right Ear 2kHz 24","Both males and females 20 YEARS - 69 YEARS",NA,"Code.or.Value=[""-24 to 88"", "".""]; Value.Description=[""Range of Values"", ""Missing""]; Count=[""1676"", ""131""]; Cumulative=[""1676"", ""1807""]; Skip.to.Item=[""NA"", ""NA""]"
"AUXAR","AUXRR225","AUXRR225","Acoustic Reflex Right Ear 2kHz 25","Acoustic Reflex Right Ear 2kHz 25","Both males and females 20 YEARS - 69 YEARS",NA,"Code.or.Value=[""-25 to 47"", "".""]; Value.Description=[""Range of Values"", ""Missing""]; Count=[""1676"", ""131""]; Cumulative=[""1676"", ""1807""]; Skip.to.Item=[""NA"", ""NA""]"
"AUXAR","AUXRR226","AUXRR226","Acoustic Reflex Right Ear 2kHz 26","Acoustic Reflex Right Ear 2kHz 26","Both males and females 20 YEARS - 69 YEARS",NA,"Code.or.Value=[""-53 to 55"", "".""]; Value.Description=[""Range of Values"", ""Missing""]; Count=[""1676"", ""131""]; Cumulative=[""1676"", ""1807""]; Skip.to.Item=[""NA"", ""NA""]"
"AUXAR","AUXRR227","AUXRR227","Acoustic Reflex Right Ear 2kHz 27","Acoustic Reflex Right Ear 2kHz 27","Both males and females 20 YEARS - 69 YEARS",NA,"Code.or.Value=[""-82 to 48"", "".""]; Value.Description=[""Range of Values"", ""Missing""]; Count=[""1676"", ""131""]; Cumulative=[""1676"", ""1807""]; Skip.to.Item=[""NA"", ""NA""]"
"AUXAR","AUXRR228","AUXRR228","Acoustic Reflex Right Ear 2kHz 28","Acoustic Reflex Right Ear 2kHz 28","Both males and females 20 YEARS - 69 YEARS",NA,"Code.or.Value=[""-46 to 54"", "".""]; Value.Description=[""Range of Values"", ""Missing""]; Count=[""1676"", ""131""]; Cumulative=[""1676"", ""1807""]; Skip.to.Item=[""NA"", ""NA""]"
"AUXAR","AUXRR229","AUXRR229","Acoustic Reflex Right Ear 2kHz 29","Acoustic Reflex Right Ear 2kHz 29","Both males and females 20 YEARS - 69 YEARS",NA,"Code.or.Value=[""-29 to 57"", "".""]; Value.Description=[""Range of Values"", ""Missing""]; Count=[""1676"", ""131""]; Cumulative=[""1676"", ""1807""]; Skip.to.Item=[""NA"", ""NA""]"
"AUXAR","AUXRR230","AUXRR230","Acoustic Reflex Right Ear 2kHz 30","Acoustic Reflex Right Ear 2kHz 30","Both males and females 20 YEARS - 69 YEARS",NA,"Code.or.Value=[""-45 to 55"", "".""]; Value.Description=[""Range of Values"", ""Missing""]; Count=[""1676"", ""131""]; Cumulative=[""1676"", ""1807""]; Skip.to.Item=[""NA"", ""NA""]"
"AUXAR","AUXRR231","AUXRR231","Acoustic Reflex Right Ear 2kHz 31","Acoustic Reflex Right Ear 2kHz 31","Both males and females 20 YEARS - 69 YEARS",NA,"Code.or.Value=[""-33 to 64"", "".""]; Value.Description=[""Range of Values"", ""Missing""]; Count=[""1676"", ""131""]; Cumulative=[""1676"", ""1807""]; Skip.to.Item=[""NA"", ""NA""]"
"AUXAR","AUXRR232","AUXRR232","Acoustic Reflex Right Ear 2kHz 32","Acoustic Reflex Right Ear 2kHz 32","Both males and females 20 YEARS - 69 YEARS",NA,"Code.or.Value=[""-21 to 64"", "".""]; Value.Description=[""Range of Values"", ""Missing""]; Count=[""1676"", ""131""]; Cumulative=[""1676"", ""1807""]; Skip.to.Item=[""NA"", ""NA""]"
"AUXAR","AUXRR233","AUXRR233","Acoustic Reflex Right Ear 2kHz 33","Acoustic Reflex Right Ear 2kHz 33","Both males and females 20 YEARS - 69 YEARS",NA,"Code.or.Value=[""-22 to 61"", "".""]; Value.Description=[""Range of Values"", ""Missing""]; Count=[""1676"", ""131""]; Cumulative=[""1676"", ""1807""]; Skip.to.Item=[""NA"", ""NA""]"
"AUXAR","AUXRR234","AUXRR234","Acoustic Reflex Right Ear 2kHz 34","Acoustic Reflex Right Ear 2kHz 34","Both males and females 20 YEARS - 69 YEARS",NA,"Code.or.Value=[""-27 to 68"", "".""]; Value.Description=[""Range of Values"", ""Missing""]; Count=[""1676"", ""131""]; Cumulative=[""1676"", ""1807""]; Skip.to.Item=[""NA"", ""NA""]"
"AUXAR","AUXRR235","AUXRR235","Acoustic Reflex Right Ear 2kHz 35","Acoustic Reflex Right Ear 2kHz 35","Both males and females 20 YEARS - 69 YEARS",NA,"Code.or.Value=[""-30 to 67"", "".""]; Value.Description=[""Range of Values"", ""Missing""]; Count=[""1676"", ""131""]; Cumulative=[""1676"", ""1807""]; Skip.to.Item=[""NA"", ""NA""]"
"AUXAR","AUXRR236","AUXRR236","Acoustic Reflex Right Ear 2kHz 36","Acoustic Reflex Right Ear 2kHz 36","Both males and females 20 YEARS - 69 YEARS",NA,"Code.or.Value=[""-29 to 74"", "".""]; Value.Description=[""Range of Values"", ""Missing""]; Count=[""1676"", ""131""]; Cumulative=[""1676"", ""1807""]; Skip.to.Item=[""NA"", ""NA""]"
"AUXAR","AUXRR237","AUXRR237","Acoustic Reflex Right Ear 2kHz 37","Acoustic Reflex Right Ear 2kHz 37","Both males and females 20 YEARS - 69 YEARS",NA,"Code.or.Value=[""-43 to 78"", "".""]; Value.Description=[""Range of Values"", ""Missing""]; Count=[""1676"", ""131""]; Cumulative=[""1676"", ""1807""]; Skip.to.Item=[""NA"", ""NA""]"
"AUXAR","AUXRR238","AUXRR238","Acoustic Reflex Right Ear 2kHz 38","Acoustic Reflex Right Ear 2kHz 38","Both males and females 20 YEARS - 69 YEARS",NA,"Code.or.Value=[""-61 to 78"", "".""]; Value.Description=[""Range of Values"", ""Missing""]; Count=[""1676"", ""131""]; Cumulative=[""1676"", ""1807""]; Skip.to.Item=[""NA"", ""NA""]"
"AUXAR","AUXRR239","AUXRR239","Acoustic Reflex Right Ear 2kHz 39","Acoustic Reflex Right Ear 2kHz 39","Both males and females 20 YEARS - 69 YEARS",NA,"Code.or.Value=[""-74 to 76"", "".""]; Value.Description=[""Range of Values"", ""Missing""]; Count=[""1676"", ""131""]; Cumulative=[""1676"", ""1807""]; Skip.to.Item=[""NA"", ""NA""]"
"AUXAR","AUXRR240","AUXRR240","Acoustic Reflex Right Ear 2kHz 40","Acoustic Reflex Right Ear 2kHz 40","Both males and females 20 YEARS - 69 YEARS",NA,"Code.or.Value=[""-83 to 79"", "".""]; Value.Description=[""Range of Values"", ""Missing""]; Count=[""1676"", ""131""]; Cumulative=[""1676"", ""1807""]; Skip.to.Item=[""NA"", ""NA""]"
"AUXAR","AUXRR241","AUXRR241","Acoustic Reflex Right Ear 2kHz 41","Acoustic Reflex Right Ear 2kHz 41","Both males and females 20 YEARS - 69 YEARS",NA,"Code.or.Value=[""-84 to 91"", "".""]; Value.Description=[""Range of Values"", ""Missing""]; Count=[""1676"", ""131""]; Cumulative=[""1676"", ""1807""]; Skip.to.Item=[""NA"", ""NA""]"
"AUXAR","AUXRR242","AUXRR242","Acoustic Reflex Right Ear 2kHz 42","Acoustic Reflex Right Ear 2kHz 42","Both males and females 20 YEARS - 69 YEARS",NA,"Code.or.Value=[""-73 to 66"", "".""]; Value.Description=[""Range of Values"", ""Missing""]; Count=[""1676"", ""131""]; Cumulative=[""1676"", ""1807""]; Skip.to.Item=[""NA"", ""NA""]"
"AUXAR","AUXRR243","AUXRR243","Acoustic Reflex Right Ear 2kHz 43","Acoustic Reflex Right Ear 2kHz 43","Both males and females 20 YEARS - 69 YEARS",NA,"Code.or.Value=[""-56 to 59"", "".""]; Value.Description=[""Range of Values"", ""Missing""]; Count=[""1676"", ""131""]; Cumulative=[""1676"", ""1807""]; Skip.to.Item=[""NA"", ""NA""]"
"AUXAR","AUXRR244","AUXRR244","Acoustic Reflex Right Ear 2kHz 44","Acoustic Reflex Right Ear 2kHz 44","Both males and females 20 YEARS - 69 YEARS",NA,"Code.or.Value=[""-40 to 55"", "".""]; Value.Description=[""Range of Values"", ""Missing""]; Count=[""1676"", ""131""]; Cumulative=[""1676"", ""1807""]; Skip.to.Item=[""NA"", ""NA""]"
"AUXAR","AUXRR245","AUXRR245","Acoustic Reflex Right Ear 2kHz 45","Acoustic Reflex Right Ear 2kHz 45","Both males and females 20 YEARS - 69 YEARS",NA,"Code.or.Value=[""-24 to 55"", "".""]; Value.Description=[""Range of Values"", ""Missing""]; Count=[""1676"", ""131""]; Cumulative=[""1676"", ""1807""]; Skip.to.Item=[""NA"", ""NA""]"
"AUXAR","AUXRR246","AUXRR246","Acoustic Reflex Right Ear 2kHz 46","Acoustic Reflex Right Ear 2kHz 46","Both males and females 20 YEARS - 69 YEARS",NA,"Code.or.Value=[""-20 to 51"", "".""]; Value.Description=[""Range of Values"", ""Missing""]; Count=[""1676"", ""131""]; Cumulative=[""1676"", ""1807""]; Skip.to.Item=[""NA"", ""NA""]"
"AUXAR","AUXRR247","AUXRR247","Acoustic Reflex Right Ear 2kHz 47","Acoustic Reflex Right Ear 2kHz 47","Both males and females 20 YEARS - 69 YEARS",NA,"Code.or.Value=[""-20 to 50"", "".""]; Value.Description=[""Range of Values"", ""Missing""]; Count=[""1676"", ""131""]; Cumulative=[""1676"", ""1807""]; Skip.to.Item=[""NA"", ""NA""]"
"AUXAR","AUXRR248","AUXRR248","Acoustic Reflex Right Ear 2kHz 48","Acoustic Reflex Right Ear 2kHz 48","Both males and females 20 YEARS - 69 YEARS",NA,"Code.or.Value=[""-20 to 68"", "".""]; Value.Description=[""Range of Values"", ""Missing""]; Count=[""1676"", ""131""]; Cumulative=[""1676"", ""1807""]; Skip.to.Item=[""NA"", ""NA""]"
"AUXAR","AUXRR249","AUXRR249","Acoustic Reflex Right Ear 2kHz 49","Acoustic Reflex Right Ear 2kHz 49","Both males and females 20 YEARS - 69 YEARS",NA,"Code.or.Value=[""-24 to 120"", "".""]; Value.Description=[""Range of Values"", ""Missing""]; Count=[""1676"", ""131""]; Cumulative=[""1676"", ""1807""]; Skip.to.Item=[""NA"", ""NA""]"
"AUXAR","AUXRR250","AUXRR250","Acoustic Reflex Right Ear 2kHz 50","Acoustic Reflex Right Ear 2kHz 50","Both males and females 20 YEARS - 69 YEARS",NA,"Code.or.Value=[""-30 to 111"", "".""]; Value.Description=[""Range of Values"", ""Missing""]; Count=[""1676"", ""131""]; Cumulative=[""1676"", ""1807""]; Skip.to.Item=[""NA"", ""NA""]"
"AUXAR","AUXRR251","AUXRR251","Acoustic Reflex Right Ear 2kHz 51","Acoustic Reflex Right Ear 2kHz 51","Both males and females 20 YEARS - 69 YEARS",NA,"Code.or.Value=[""-32 to 108"", "".""]; Value.Description=[""Range of Values"", ""Missing""]; Count=[""1676"", ""131""]; Cumulative=[""1676"", ""1807""]; Skip.to.Item=[""NA"", ""NA""]"
"AUXAR","AUXRR252","AUXRR252","Acoustic Reflex Right Ear 2kHz 52","Acoustic Reflex Right Ear 2kHz 52","Both males and females 20 YEARS - 69 YEARS",NA,"Code.or.Value=[""-29 to 110"", "".""]; Value.Description=[""Range of Values"", ""Missing""]; Count=[""1676"", ""131""]; Cumulative=[""1676"", ""1807""]; Skip.to.Item=[""NA"", ""NA""]"
"AUXAR","AUXRR253","AUXRR253","Acoustic Reflex Right Ear 2kHz 53","Acoustic Reflex Right Ear 2kHz 53","Both males and females 20 YEARS - 69 YEARS",NA,"Code.or.Value=[""-30 to 63"", "".""]; Value.Description=[""Range of Values"", ""Missing""]; Count=[""1676"", ""131""]; Cumulative=[""1676"", ""1807""]; Skip.to.Item=[""NA"", ""NA""]"
"AUXAR","AUXRR254","AUXRR254","Acoustic Reflex Right Ear 2kHz 54","Acoustic Reflex Right Ear 2kHz 54","Both males and females 20 YEARS - 69 YEARS",NA,"Code.or.Value=[""-40 to 63"", "".""]; Value.Description=[""Range of Values"", ""Missing""]; Count=[""1676"", ""131""]; Cumulative=[""1676"", ""1807""]; Skip.to.Item=[""NA"", ""NA""]"
"AUXAR","AUXRR255","AUXRR255","Acoustic Reflex Right Ear 2kHz 55","Acoustic Reflex Right Ear 2kHz 55","Both males and females 20 YEARS - 69 YEARS",NA,"Code.or.Value=[""-53 to 60"", "".""]; Value.Description=[""Range of Values"", ""Missing""]; Count=[""1676"", ""131""]; Cumulative=[""1676"", ""1807""]; Skip.to.Item=[""NA"", ""NA""]"
"AUXAR","AUXRR256","AUXRR256","Acoustic Reflex Right Ear 2kHz 56","Acoustic Reflex Right Ear 2kHz 56","Both males and females 20 YEARS - 69 YEARS",NA,"Code.or.Value=[""-60 to 60"", "".""]; Value.Description=[""Range of Values"", ""Missing""]; Count=[""1676"", ""131""]; Cumulative=[""1676"", ""1807""]; Skip.to.Item=[""NA"", ""NA""]"
"AUXAR","AUXRR257","AUXRR257","Acoustic Reflex Right Ear 2kHz 57","Acoustic Reflex Right Ear 2kHz 57","Both males and females 20 YEARS - 69 YEARS",NA,"Code.or.Value=[""-57 to 59"", "".""]; Value.Description=[""Range of Values"", ""Missing""]; Count=[""1676"", ""131""]; Cumulative=[""1676"", ""1807""]; Skip.to.Item=[""NA"", ""NA""]"
"AUXAR","AUXRR258","AUXRR258","Acoustic Reflex Right Ear 2kHz 58","Acoustic Reflex Right Ear 2kHz 58","Both males and females 20 YEARS - 69 YEARS",NA,"Code.or.Value=[""-54 to 59"", "".""]; Value.Description=[""Range of Values"", ""Missing""]; Count=[""1676"", ""131""]; Cumulative=[""1676"", ""1807""]; Skip.to.Item=[""NA"", ""NA""]"
"AUXAR","AUXRR259","AUXRR259","Acoustic Reflex Right Ear 2kHz 59","Acoustic Reflex Right Ear 2kHz 59","Both males and females 20 YEARS - 69 YEARS",NA,"Code.or.Value=[""-55 to 59"", "".""]; Value.Description=[""Range of Values"", ""Missing""]; Count=[""1676"", ""131""]; Cumulative=[""1676"", ""1807""]; Skip.to.Item=[""NA"", ""NA""]"
"AUXAR","AUXRR260","AUXRR260","Acoustic Reflex Right Ear 2kHz 60","Acoustic Reflex Right Ear 2kHz 60","Both males and females 20 YEARS - 69 YEARS",NA,"Code.or.Value=[""-54 to 59"", "".""]; Value.Description=[""Range of Values"", ""Missing""]; Count=[""1676"", ""131""]; Cumulative=[""1676"", ""1807""]; Skip.to.Item=[""NA"", ""NA""]"
"AUXAR","AUXRR261","AUXRR261","Acoustic Reflex Right Ear 2kHz 61","Acoustic Reflex Right Ear 2kHz 61","Both males and females 20 YEARS - 69 YEARS",NA,"Code.or.Value=[""-40 to 58"", "".""]; Value.Description=[""Range of Values"", ""Missing""]; Count=[""1676"", ""131""]; Cumulative=[""1676"", ""1807""]; Skip.to.Item=[""NA"", ""NA""]"
"AUXAR","AUXRR262","AUXRR262","Acoustic Reflex Right Ear 2kHz 62","Acoustic Reflex Right Ear 2kHz 62","Both males and females 20 YEARS - 69 YEARS",NA,"Code.or.Value=[""-18 to 56"", "".""]; Value.Description=[""Range of Values"", ""Missing""]; Count=[""1676"", ""131""]; Cumulative=[""1676"", ""1807""]; Skip.to.Item=[""NA"", ""NA""]"
"AUXAR","AUXRR263","AUXRR263","Acoustic Reflex Right Ear 2kHz 63","Acoustic Reflex Right Ear 2kHz 63","Both males and females 20 YEARS - 69 YEARS",NA,"Code.or.Value=[""-10 to 51"", "".""]; Value.Description=[""Range of Values"", ""Missing""]; Count=[""1676"", ""131""]; Cumulative=[""1676"", ""1807""]; Skip.to.Item=[""NA"", ""NA""]"
"AUXAR","AUXRR264","AUXRR264","Acoustic Reflex Right Ear 2kHz 64","Acoustic Reflex Right Ear 2kHz 64","Both males and females 20 YEARS - 69 YEARS",NA,"Code.or.Value=[""-11 to 47"", "".""]; Value.Description=[""Range of Values"", ""Missing""]; Count=[""1676"", ""131""]; Cumulative=[""1676"", ""1807""]; Skip.to.Item=[""NA"", ""NA""]"
"AUXAR","AUXRR265","AUXRR265","Acoustic Reflex Right Ear 2kHz 65","Acoustic Reflex Right Ear 2kHz 65","Both males and females 20 YEARS - 69 YEARS",NA,"Code.or.Value=[""-24 to 64"", "".""]; Value.Description=[""Range of Values"", ""Missing""]; Count=[""1676"", ""131""]; Cumulative=[""1676"", ""1807""]; Skip.to.Item=[""NA"", ""NA""]"
"AUXAR","AUXRR266","AUXRR266","Acoustic Reflex Right Ear 2kHz 66","Acoustic Reflex Right Ear 2kHz 66","Both males and females 20 YEARS - 69 YEARS",NA,"Code.or.Value=[""-10 to 50"", "".""]; Value.Description=[""Range of Values"", ""Missing""]; Count=[""1676"", ""131""]; Cumulative=[""1676"", ""1807""]; Skip.to.Item=[""NA"", ""NA""]"
"AUXAR","AUXRR267","AUXRR267","Acoustic Reflex Right Ear 2kHz 67","Acoustic Reflex Right Ear 2kHz 67","Both males and females 20 YEARS - 69 YEARS",NA,"Code.or.Value=[""-39 to 64"", "".""]; Value.Description=[""Range of Values"", ""Missing""]; Count=[""1676"", ""131""]; Cumulative=[""1676"", ""1807""]; Skip.to.Item=[""NA"", ""NA""]"
"AUXAR","AUXRR268","AUXRR268","Acoustic Reflex Right Ear 2kHz 68","Acoustic Reflex Right Ear 2kHz 68","Both males and females 20 YEARS - 69 YEARS",NA,"Code.or.Value=[""-30 to 69"", "".""]; Value.Description=[""Range of Values"", ""Missing""]; Count=[""1676"", ""131""]; Cumulative=[""1676"", ""1807""]; Skip.to.Item=[""NA"", ""NA""]"
"AUXAR","AUXRR269","AUXRR269","Acoustic Reflex Right Ear 2kHz 69","Acoustic Reflex Right Ear 2kHz 69","Both males and females 20 YEARS - 69 YEARS",NA,"Code.or.Value=[""-13 to 64"", "".""]; Value.Description=[""Range of Values"", ""Missing""]; Count=[""1676"", ""131""]; Cumulative=[""1676"", ""1807""]; Skip.to.Item=[""NA"", ""NA""]"
"AUXAR","AUXRR270","AUXRR270","Acoustic Reflex Right Ear 2kHz 70","Acoustic Reflex Right Ear 2kHz 70","Both males and females 20 YEARS - 69 YEARS",NA,"Code.or.Value=[""-27 to 65"", "".""]; Value.Description=[""Range of Values"", ""Missing""]; Count=[""1676"", ""131""]; Cumulative=[""1676"", ""1807""]; Skip.to.Item=[""NA"", ""NA""]"
"AUXAR","AUXRR271","AUXRR271","Acoustic Reflex Right Ear 2kHz 71","Acoustic Reflex Right Ear 2kHz 71","Both males and females 20 YEARS - 69 YEARS",NA,"Code.or.Value=[""-16 to 96"", "".""]; Value.Description=[""Range of Values"", ""Missing""]; Count=[""1676"", ""131""]; Cumulative=[""1676"", ""1807""]; Skip.to.Item=[""NA"", ""NA""]"
"AUXAR","AUXRR272","AUXRR272","Acoustic Reflex Right Ear 2kHz 72","Acoustic Reflex Right Ear 2kHz 72","Both males and females 20 YEARS - 69 YEARS",NA,"Code.or.Value=[""-12 to 122"", "".""]; Value.Description=[""Range of Values"", ""Missing""]; Count=[""1676"", ""131""]; Cumulative=[""1676"", ""1807""]; Skip.to.Item=[""NA"", ""NA""]"
"AUXAR","AUXRR273","AUXRR273","Acoustic Reflex Right Ear 2kHz 73","Acoustic Reflex Right Ear 2kHz 73","Both males and females 20 YEARS - 69 YEARS",NA,"Code.or.Value=[""-16 to 107"", "".""]; Value.Description=[""Range of Values"", ""Missing""]; Count=[""1676"", ""131""]; Cumulative=[""1676"", ""1807""]; Skip.to.Item=[""NA"", ""NA""]"
"AUXAR","AUXRR274","AUXRR274","Acoustic Reflex Right Ear 2kHz 74","Acoustic Reflex Right Ear 2kHz 74","Both males and females 20 YEARS - 69 YEARS",NA,"Code.or.Value=[""-13 to 83"", "".""]; Value.Description=[""Range of Values"", ""Missing""]; Count=[""1676"", ""131""]; Cumulative=[""1676"", ""1807""]; Skip.to.Item=[""NA"", ""NA""]"
"AUXAR","AUXRR275","AUXRR275","Acoustic Reflex Right Ear 2kHz 75","Acoustic Reflex Right Ear 2kHz 75","Both males and females 20 YEARS - 69 YEARS",NA,"Code.or.Value=[""-13 to 52"", "".""]; Value.Description=[""Range of Values"", ""Missing""]; Count=[""1676"", ""131""]; Cumulative=[""1676"", ""1807""]; Skip.to.Item=[""NA"", ""NA""]"
"AUXAR","AUXRR276","AUXRR276","Acoustic Reflex Right Ear 2kHz 76","Acoustic Reflex Right Ear 2kHz 76","Both males and females 20 YEARS - 69 YEARS",NA,"Code.or.Value=[""-14 to 35"", "".""]; Value.Description=[""Range of Values"", ""Missing""]; Count=[""1676"", ""131""]; Cumulative=[""1676"", ""1807""]; Skip.to.Item=[""NA"", ""NA""]"
"AUXAR","AUXRR277","AUXRR277","Acoustic Reflex Right Ear 2kHz 77","Acoustic Reflex Right Ear 2kHz 77","Both males and females 20 YEARS - 69 YEARS",NA,"Code.or.Value=[""-18 to 44"", "".""]; Value.Description=[""Range of Values"", ""Missing""]; Count=[""1676"", ""131""]; Cumulative=[""1676"", ""1807""]; Skip.to.Item=[""NA"", ""NA""]"
"AUXAR","AUXRR278","AUXRR278","Acoustic Reflex Right Ear 2kHz 78","Acoustic Reflex Right Ear 2kHz 78","Both males and females 20 YEARS - 69 YEARS",NA,"Code.or.Value=[""-16 to 57"", "".""]; Value.Description=[""Range of Values"", ""Missing""]; Count=[""1676"", ""131""]; Cumulative=[""1676"", ""1807""]; Skip.to.Item=[""NA"", ""NA""]"
"AUXAR","AUXRR279","AUXRR279","Acoustic Reflex Right Ear 2kHz 79","Acoustic Reflex Right Ear 2kHz 79","Both males and females 20 YEARS - 69 YEARS",NA,"Code.or.Value=[""-21 to 56"", "".""]; Value.Description=[""Range of Values"", ""Missing""]; Count=[""1676"", ""131""]; Cumulative=[""1676"", ""1807""]; Skip.to.Item=[""NA"", ""NA""]"
"AUXAR","AUXRR280","AUXRR280","Acoustic Reflex Right Ear 2kHz 80","Acoustic Reflex Right Ear 2kHz 80","Both males and females 20 YEARS - 69 YEARS",NA,"Code.or.Value=[""-17 to 39"", "".""]; Value.Description=[""Range of Values"", ""Missing""]; Count=[""1676"", ""131""]; Cumulative=[""1676"", ""1807""]; Skip.to.Item=[""NA"", ""NA""]"
"AUXAR","AUXRR281","AUXRR281","Acoustic Reflex Right Ear 2kHz 81","Acoustic Reflex Right Ear 2kHz 81","Both males and females 20 YEARS - 69 YEARS",NA,"Code.or.Value=[""-17 to 39"", "".""]; Value.Description=[""Range of Values"", ""Missing""]; Count=[""1676"", ""131""]; Cumulative=[""1676"", ""1807""]; Skip.to.Item=[""NA"", ""NA""]"
"AUXAR","AUXRR282","AUXRR282","Acoustic Reflex Right Ear 2kHz 82","Acoustic Reflex Right Ear 2kHz 82","Both males and females 20 YEARS - 69 YEARS",NA,"Code.or.Value=[""-18 to 42"", "".""]; Value.Description=[""Range of Values"", ""Missing""]; Count=[""1676"", ""131""]; Cumulative=[""1676"", ""1807""]; Skip.to.Item=[""NA"", ""NA""]"
"AUXAR","AUXRR283","AUXRR283","Acoustic Reflex Right Ear 2kHz 83","Acoustic Reflex Right Ear 2kHz 83","Both males and females 20 YEARS - 69 YEARS",NA,"Code.or.Value=[""-24 to 73"", "".""]; Value.Description=[""Range of Values"", ""Missing""]; Count=[""1676"", ""131""]; Cumulative=[""1676"", ""1807""]; Skip.to.Item=[""NA"", ""NA""]"
"AUXAR","AUXRR284","AUXRR284","Acoustic Reflex Right Ear 2kHz 84","Acoustic Reflex Right Ear 2kHz 84","Both males and females 20 YEARS - 69 YEARS",NA,"Code.or.Value=[""-28 to 61"", "".""]; Value.Description=[""Range of Values"", ""Missing""]; Count=[""1676"", ""131""]; Cumulative=[""1676"", ""1807""]; Skip.to.Item=[""NA"", ""NA""]"
"AUXAR","AUXLR201","AUXLR201","Acoustic Reflex Left Ear 2kHz 01","Acoustic Reflex Left Ear 2kHz 01","Both males and females 20 YEARS - 69 YEARS",NA,"Code.or.Value=[""-27 to 67"", "".""]; Value.Description=[""Range of Values"", ""Missing""]; Count=[""1664"", ""143""]; Cumulative=[""1664"", ""1807""]; Skip.to.Item=[""NA"", ""NA""]"
"AUXAR","AUXLR202","AUXLR202","Acoustic Reflex Left Ear 2kHz 02","Acoustic Reflex Left Ear 2kHz 02","Both males and females 20 YEARS - 69 YEARS",NA,"Code.or.Value=[""-28 to 61"", "".""]; Value.Description=[""Range of Values"", ""Missing""]; Count=[""1664"", ""143""]; Cumulative=[""1664"", ""1807""]; Skip.to.Item=[""NA"", ""NA""]"
"AUXAR","AUXLR203","AUXLR203","Acoustic Reflex Left Ear 2kHz 03","Acoustic Reflex Left Ear 2kHz 03","Both males and females 20 YEARS - 69 YEARS",NA,"Code.or.Value=[""-29 to 53"", "".""]; Value.Description=[""Range of Values"", ""Missing""]; Count=[""1664"", ""143""]; Cumulative=[""1664"", ""1807""]; Skip.to.Item=[""NA"", ""NA""]"
"AUXAR","AUXLR204","AUXLR204","Acoustic Reflex Left Ear 2kHz 04","Acoustic Reflex Left Ear 2kHz 04","Both males and females 20 YEARS - 69 YEARS",NA,"Code.or.Value=[""-30 to 60"", "".""]; Value.Description=[""Range of Values"", ""Missing""]; Count=[""1664"", ""143""]; Cumulative=[""1664"", ""1807""]; Skip.to.Item=[""NA"", ""NA""]"
"AUXAR","AUXLR205","AUXLR205","Acoustic Reflex Left Ear 2kHz 05","Acoustic Reflex Left Ear 2kHz 05","Both males and females 20 YEARS - 69 YEARS",NA,"Code.or.Value=[""-31 to 73"", "".""]; Value.Description=[""Range of Values"", ""Missing""]; Count=[""1664"", ""143""]; Cumulative=[""1664"", ""1807""]; Skip.to.Item=[""NA"", ""NA""]"
"AUXAR","AUXLR206","AUXLR206","Acoustic Reflex Left Ear 2kHz 06","Acoustic Reflex Left Ear 2kHz 06","Both males and females 20 YEARS - 69 YEARS",NA,"Code.or.Value=[""-32 to 95"", "".""]; Value.Description=[""Range of Values"", ""Missing""]; Count=[""1664"", ""143""]; Cumulative=[""1664"", ""1807""]; Skip.to.Item=[""NA"", ""NA""]"
"AUXAR","AUXLR207","AUXLR207","Acoustic Reflex Left Ear 2kHz 07","Acoustic Reflex Left Ear 2kHz 07","Both males and females 20 YEARS - 69 YEARS",NA,"Code.or.Value=[""-33 to 116"", "".""]; Value.Description=[""Range of Values"", ""Missing""]; Count=[""1664"", ""143""]; Cumulative=[""1664"", ""1807""]; Skip.to.Item=[""NA"", ""NA""]"
"AUXAR","AUXLR208","AUXLR208","Acoustic Reflex Left Ear 2kHz 08","Acoustic Reflex Left Ear 2kHz 08","Both males and females 20 YEARS - 69 YEARS",NA,"Code.or.Value=[""-33 to 121"", "".""]; Value.Description=[""Range of Values"", ""Missing""]; Count=[""1664"", ""143""]; Cumulative=[""1664"", ""1807""]; Skip.to.Item=[""NA"", ""NA""]"
"AUXAR","AUXLR209","AUXLR209","Acoustic Reflex Left Ear 2kHz 09","Acoustic Reflex Left Ear 2kHz 09","Both males and females 20 YEARS - 69 YEARS",NA,"Code.or.Value=[""-31 to 115"", "".""]; Value.Description=[""Range of Values"", ""Missing""]; Count=[""1664"", ""143""]; Cumulative=[""1664"", ""1807""]; Skip.to.Item=[""NA"", ""NA""]"
"AUXAR","AUXLR210","AUXLR210","Acoustic Reflex Left Ear 2kHz 10","Acoustic Reflex Left Ear 2kHz 10","Both males and females 20 YEARS - 69 YEARS",NA,"Code.or.Value=[""-30 to 102"", "".""]; Value.Description=[""Range of Values"", ""Missing""]; Count=[""1664"", ""143""]; Cumulative=[""1664"", ""1807""]; Skip.to.Item=[""NA"", ""NA""]"
"AUXAR","AUXLR211","AUXLR211","Acoustic Reflex Left Ear 2kHz 11","Acoustic Reflex Left Ear 2kHz 11","Both males and females 20 YEARS - 69 YEARS",NA,"Code.or.Value=[""-29 to 56"", "".""]; Value.Description=[""Range of Values"", ""Missing""]; Count=[""1664"", ""143""]; Cumulative=[""1664"", ""1807""]; Skip.to.Item=[""NA"", ""NA""]"
"AUXAR","AUXLR212","AUXLR212","Acoustic Reflex Left Ear 2kHz 12","Acoustic Reflex Left Ear 2kHz 12","Both males and females 20 YEARS - 69 YEARS",NA,"Code.or.Value=[""-29 to 54"", "".""]; Value.Description=[""Range of Values"", ""Missing""]; Count=[""1664"", ""143""]; Cumulative=[""1664"", ""1807""]; Skip.to.Item=[""NA"", ""NA""]"
"AUXAR","AUXLR213","AUXLR213","Acoustic Reflex Left Ear 2kHz 13","Acoustic Reflex Left Ear 2kHz 13","Both males and females 20 YEARS - 69 YEARS",NA,"Code.or.Value=[""-39 to 71"", "".""]; Value.Description=[""Range of Values"", ""Missing""]; Count=[""1664"", ""143""]; Cumulative=[""1664"", ""1807""]; Skip.to.Item=[""NA"", ""NA""]"
"AUXAR","AUXLR214","AUXLR214","Acoustic Reflex Left Ear 2kHz 14","Acoustic Reflex Left Ear 2kHz 14","Both males and females 20 YEARS - 69 YEARS",NA,"Code.or.Value=[""-39 to 52"", "".""]; Value.Description=[""Range of Values"", ""Missing""]; Count=[""1664"", ""143""]; Cumulative=[""1664"", ""1807""]; Skip.to.Item=[""NA"", ""NA""]"
"AUXAR","AUXLR215","AUXLR215","Acoustic Reflex Left Ear 2kHz 15","Acoustic Reflex Left Ear 2kHz 15","Both males and females 20 YEARS - 69 YEARS",NA,"Code.or.Value=[""-29 to 53"", "".""]; Value.Description=[""Range of Values"", ""Missing""]; Count=[""1664"", ""143""]; Cumulative=[""1664"", ""1807""]; Skip.to.Item=[""NA"", ""NA""]"
"AUXAR","AUXLR216","AUXLR216","Acoustic Reflex Left Ear 2kHz 16","Acoustic Reflex Left Ear 2kHz 16","Both males and females 20 YEARS - 69 YEARS",NA,"Code.or.Value=[""-28 to 58"", "".""]; Value.Description=[""Range of Values"", ""Missing""]; Count=[""1664"", ""143""]; Cumulative=[""1664"", ""1807""]; Skip.to.Item=[""NA"", ""NA""]"
"AUXAR","AUXLR217","AUXLR217","Acoustic Reflex Left Ear 2kHz 17","Acoustic Reflex Left Ear 2kHz 17","Both males and females 20 YEARS - 69 YEARS",NA,"Code.or.Value=[""-27 to 59"", "".""]; Value.Description=[""Range of Values"", ""Missing""]; Count=[""1664"", ""143""]; Cumulative=[""1664"", ""1807""]; Skip.to.Item=[""NA"", ""NA""]"
"AUXAR","AUXLR218","AUXLR218","Acoustic Reflex Left Ear 2kHz 18","Acoustic Reflex Left Ear 2kHz 18","Both males and females 20 YEARS - 69 YEARS",NA,"Code.or.Value=[""-26 to 82"", "".""]; Value.Description=[""Range of Values"", ""Missing""]; Count=[""1664"", ""143""]; Cumulative=[""1664"", ""1807""]; Skip.to.Item=[""NA"", ""NA""]"
"AUXAR","AUXLR219","AUXLR219","Acoustic Reflex Left Ear 2kHz 19","Acoustic Reflex Left Ear 2kHz 19","Both males and females 20 YEARS - 69 YEARS",NA,"Code.or.Value=[""-25 to 71"", "".""]; Value.Description=[""Range of Values"", ""Missing""]; Count=[""1664"", ""143""]; Cumulative=[""1664"", ""1807""]; Skip.to.Item=[""NA"", ""NA""]"
"AUXAR","AUXLR220","AUXLR220","Acoustic Reflex Left Ear 2kHz 20","Acoustic Reflex Left Ear 2kHz 20","Both males and females 20 YEARS - 69 YEARS",NA,"Code.or.Value=[""-31 to 58"", "".""]; Value.Description=[""Range of Values"", ""Missing""]; Count=[""1664"", ""143""]; Cumulative=[""1664"", ""1807""]; Skip.to.Item=[""NA"", ""NA""]"
"AUXAR","AUXLR221","AUXLR221","Acoustic Reflex Left Ear 2kHz 21","Acoustic Reflex Left Ear 2kHz 21","Both males and females 20 YEARS - 69 YEARS",NA,"Code.or.Value=[""-43 to 73"", "".""]; Value.Description=[""Range of Values"", ""Missing""]; Count=[""1664"", ""143""]; Cumulative=[""1664"", ""1807""]; Skip.to.Item=[""NA"", ""NA""]"
"AUXAR","AUXLR222","AUXLR222","Acoustic Reflex Left Ear 2kHz 22","Acoustic Reflex Left Ear 2kHz 22","Both males and females 20 YEARS - 69 YEARS",NA,"Code.or.Value=[""-41 to 62"", "".""]; Value.Description=[""Range of Values"", ""Missing""]; Count=[""1664"", ""143""]; Cumulative=[""1664"", ""1807""]; Skip.to.Item=[""NA"", ""NA""]"
"AUXAR","AUXLR223","AUXLR223","Acoustic Reflex Left Ear 2kHz 23","Acoustic Reflex Left Ear 2kHz 23","Both males and females 20 YEARS - 69 YEARS",NA,"Code.or.Value=[""-25 to 91"", "".""]; Value.Description=[""Range of Values"", ""Missing""]; Count=[""1664"", ""143""]; Cumulative=[""1664"", ""1807""]; Skip.to.Item=[""NA"", ""NA""]"
"AUXAR","AUXLR224","AUXLR224","Acoustic Reflex Left Ear 2kHz 24","Acoustic Reflex Left Ear 2kHz 24","Both males and females 20 YEARS - 69 YEARS",NA,"Code.or.Value=[""-17 to 68"", "".""]; Value.Description=[""Range of Values"", ""Missing""]; Count=[""1664"", ""143""]; Cumulative=[""1664"", ""1807""]; Skip.to.Item=[""NA"", ""NA""]"
"AUXAR","AUXLR225","AUXLR225","Acoustic Reflex Left Ear 2kHz 25","Acoustic Reflex Left Ear 2kHz 25","Both males and females 20 YEARS - 69 YEARS",NA,"Code.or.Value=[""-15 to 63"", "".""]; Value.Description=[""Range of Values"", ""Missing""]; Count=[""1664"", ""143""]; Cumulative=[""1664"", ""1807""]; Skip.to.Item=[""NA"", ""NA""]"
"AUXAR","AUXLR226","AUXLR226","Acoustic Reflex Left Ear 2kHz 26","Acoustic Reflex Left Ear 2kHz 26","Both males and females 20 YEARS - 69 YEARS",NA,"Code.or.Value=[""-18 to 68"", "".""]; Value.Description=[""Range of Values"", ""Missing""]; Count=[""1664"", ""143""]; Cumulative=[""1664"", ""1807""]; Skip.to.Item=[""NA"", ""NA""]"
"AUXAR","AUXLR227","AUXLR227","Acoustic Reflex Left Ear 2kHz 27","Acoustic Reflex Left Ear 2kHz 27","Both males and females 20 YEARS - 69 YEARS",NA,"Code.or.Value=[""-14 to 40"", "".""]; Value.Description=[""Range of Values"", ""Missing""]; Count=[""1664"", ""143""]; Cumulative=[""1664"", ""1807""]; Skip.to.Item=[""NA"", ""NA""]"
"AUXAR","AUXLR228","AUXLR228","Acoustic Reflex Left Ear 2kHz 28","Acoustic Reflex Left Ear 2kHz 28","Both males and females 20 YEARS - 69 YEARS",NA,"Code.or.Value=[""-11 to 71"", "".""]; Value.Description=[""Range of Values"", ""Missing""]; Count=[""1664"", ""143""]; Cumulative=[""1664"", ""1807""]; Skip.to.Item=[""NA"", ""NA""]"
"AUXAR","AUXLR229","AUXLR229","Acoustic Reflex Left Ear 2kHz 29","Acoustic Reflex Left Ear 2kHz 29","Both males and females 20 YEARS - 69 YEARS",NA,"Code.or.Value=[""-16 to 67"", "".""]; Value.Description=[""Range of Values"", ""Missing""]; Count=[""1664"", ""143""]; Cumulative=[""1664"", ""1807""]; Skip.to.Item=[""NA"", ""NA""]"
"AUXAR","AUXLR230","AUXLR230","Acoustic Reflex Left Ear 2kHz 30","Acoustic Reflex Left Ear 2kHz 30","Both males and females 20 YEARS - 69 YEARS",NA,"Code.or.Value=[""-32 to 56"", "".""]; Value.Description=[""Range of Values"", ""Missing""]; Count=[""1664"", ""143""]; Cumulative=[""1664"", ""1807""]; Skip.to.Item=[""NA"", ""NA""]"
"AUXAR","AUXLR231","AUXLR231","Acoustic Reflex Left Ear 2kHz 31","Acoustic Reflex Left Ear 2kHz 31","Both males and females 20 YEARS - 69 YEARS",NA,"Code.or.Value=[""-36 to 78"", "".""]; Value.Description=[""Range of Values"", ""Missing""]; Count=[""1664"", ""143""]; Cumulative=[""1664"", ""1807""]; Skip.to.Item=[""NA"", ""NA""]"
"AUXAR","AUXLR232","AUXLR232","Acoustic Reflex Left Ear 2kHz 32","Acoustic Reflex Left Ear 2kHz 32","Both males and females 20 YEARS - 69 YEARS",NA,"Code.or.Value=[""-22 to 59"", "".""]; Value.Description=[""Range of Values"", ""Missing""]; Count=[""1664"", ""143""]; Cumulative=[""1664"", ""1807""]; Skip.to.Item=[""NA"", ""NA""]"
"AUXAR","AUXLR233","AUXLR233","Acoustic Reflex Left Ear 2kHz 33","Acoustic Reflex Left Ear 2kHz 33","Both males and females 20 YEARS - 69 YEARS",NA,"Code.or.Value=[""-12 to 68"", "".""]; Value.Description=[""Range of Values"", ""Missing""]; Count=[""1664"", ""143""]; Cumulative=[""1664"", ""1807""]; Skip.to.Item=[""NA"", ""NA""]"
"AUXAR","AUXLR234","AUXLR234","Acoustic Reflex Left Ear 2kHz 34","Acoustic Reflex Left Ear 2kHz 34","Both males and females 20 YEARS - 69 YEARS",NA,"Code.or.Value=[""-12 to 60"", "".""]; Value.Description=[""Range of Values"", ""Missing""]; Count=[""1664"", ""143""]; Cumulative=[""1664"", ""1807""]; Skip.to.Item=[""NA"", ""NA""]"
"AUXAR","AUXLR235","AUXLR235","Acoustic Reflex Left Ear 2kHz 35","Acoustic Reflex Left Ear 2kHz 35","Both males and females 20 YEARS - 69 YEARS",NA,"Code.or.Value=[""-11 to 42"", "".""]; Value.Description=[""Range of Values"", ""Missing""]; Count=[""1664"", ""143""]; Cumulative=[""1664"", ""1807""]; Skip.to.Item=[""NA"", ""NA""]"
"AUXAR","AUXLR236","AUXLR236","Acoustic Reflex Left Ear 2kHz 36","Acoustic Reflex Left Ear 2kHz 36","Both males and females 20 YEARS - 69 YEARS",NA,"Code.or.Value=[""-9 to 42"", "".""]; Value.Description=[""Range of Values"", ""Missing""]; Count=[""1664"", ""143""]; Cumulative=[""1664"", ""1807""]; Skip.to.Item=[""NA"", ""NA""]"
"AUXAR","AUXLR237","AUXLR237","Acoustic Reflex Left Ear 2kHz 37","Acoustic Reflex Left Ear 2kHz 37","Both males and females 20 YEARS - 69 YEARS",NA,"Code.or.Value=[""-8 to 42"", "".""]; Value.Description=[""Range of Values"", ""Missing""]; Count=[""1664"", ""143""]; Cumulative=[""1664"", ""1807""]; Skip.to.Item=[""NA"", ""NA""]"
"AUXAR","AUXLR238","AUXLR238","Acoustic Reflex Left Ear 2kHz 38","Acoustic Reflex Left Ear 2kHz 38","Both males and females 20 YEARS - 69 YEARS",NA,"Code.or.Value=[""-8 to 49"", "".""]; Value.Description=[""Range of Values"", ""Missing""]; Count=[""1664"", ""143""]; Cumulative=[""1664"", ""1807""]; Skip.to.Item=[""NA"", ""NA""]"
"AUXAR","AUXLR239","AUXLR239","Acoustic Reflex Left Ear 2kHz 39","Acoustic Reflex Left Ear 2kHz 39","Both males and females 20 YEARS - 69 YEARS",NA,"Code.or.Value=[""-7 to 44"", "".""]; Value.Description=[""Range of Values"", ""Missing""]; Count=[""1664"", ""143""]; Cumulative=[""1664"", ""1807""]; Skip.to.Item=[""NA"", ""NA""]"
"AUXAR","AUXLR240","AUXLR240","Acoustic Reflex Left Ear 2kHz 40","Acoustic Reflex Left Ear 2kHz 40","Both males and females 20 YEARS - 69 YEARS",NA,"Code.or.Value=[""-29 to 59"", "".""]; Value.Description=[""Range of Values"", ""Missing""]; Count=[""1664"", ""143""]; Cumulative=[""1664"", ""1807""]; Skip.to.Item=[""NA"", ""NA""]"
"AUXAR","AUXLR241","AUXLR241","Acoustic Reflex Left Ear 2kHz 41","Acoustic Reflex Left Ear 2kHz 41","Both males and females 20 YEARS - 69 YEARS",NA,"Code.or.Value=[""-21 to 45"", "".""]; Value.Description=[""Range of Values"", ""Missing""]; Count=[""1664"", ""143""]; Cumulative=[""1664"", ""1807""]; Skip.to.Item=[""NA"", ""NA""]"
"AUXAR","AUXLR242","AUXLR242","Acoustic Reflex Left Ear 2kHz 42","Acoustic Reflex Left Ear 2kHz 42","Both males and females 20 YEARS - 69 YEARS",NA,"Code.or.Value=[""-12 to 55"", "".""]; Value.Description=[""Range of Values"", ""Missing""]; Count=[""1664"", ""143""]; Cumulative=[""1664"", ""1807""]; Skip.to.Item=[""NA"", ""NA""]"
"AUXAR","AUXLR243","AUXLR243","Acoustic Reflex Left Ear 2kHz 43","Acoustic Reflex Left Ear 2kHz 43","Both males and females 20 YEARS - 69 YEARS",NA,"Code.or.Value=[""-14 to 38"", "".""]; Value.Description=[""Range of Values"", ""Missing""]; Count=[""1664"", ""143""]; Cumulative=[""1664"", ""1807""]; Skip.to.Item=[""NA"", ""NA""]"
"AUXAR","AUXLR244","AUXLR244","Acoustic Reflex Left Ear 2kHz 44","Acoustic Reflex Left Ear 2kHz 44","Both males and females 20 YEARS - 69 YEARS",NA,"Code.or.Value=[""-17 to 59"", "".""]; Value.Description=[""Range of Values"", ""Missing""]; Count=[""1664"", ""143""]; Cumulative=[""1664"", ""1807""]; Skip.to.Item=[""NA"", ""NA""]"
"AUXAR","AUXLR245","AUXLR245","Acoustic Reflex Left Ear 2kHz 45","Acoustic Reflex Left Ear 2kHz 45","Both males and females 20 YEARS - 69 YEARS",NA,"Code.or.Value=[""-19 to 46"", "".""]; Value.Description=[""Range of Values"", ""Missing""]; Count=[""1664"", ""143""]; Cumulative=[""1664"", ""1807""]; Skip.to.Item=[""NA"", ""NA""]"
"AUXAR","AUXLR246","AUXLR246","Acoustic Reflex Left Ear 2kHz 46","Acoustic Reflex Left Ear 2kHz 46","Both males and females 20 YEARS - 69 YEARS",NA,"Code.or.Value=[""-17 to 76"", "".""]; Value.Description=[""Range of Values"", ""Missing""]; Count=[""1664"", ""143""]; Cumulative=[""1664"", ""1807""]; Skip.to.Item=[""NA"", ""NA""]"
"AUXAR","AUXLR247","AUXLR247","Acoustic Reflex Left Ear 2kHz 47","Acoustic Reflex Left Ear 2kHz 47","Both males and females 20 YEARS - 69 YEARS",NA,"Code.or.Value=[""-14 to 77"", "".""]; Value.Description=[""Range of Values"", ""Missing""]; Count=[""1664"", ""143""]; Cumulative=[""1664"", ""1807""]; Skip.to.Item=[""NA"", ""NA""]"
"AUXAR","AUXLR248","AUXLR248","Acoustic Reflex Left Ear 2kHz 48","Acoustic Reflex Left Ear 2kHz 48","Both males and females 20 YEARS - 69 YEARS",NA,"Code.or.Value=[""-13 to 70"", "".""]; Value.Description=[""Range of Values"", ""Missing""]; Count=[""1664"", ""143""]; Cumulative=[""1664"", ""1807""]; Skip.to.Item=[""NA"", ""NA""]"
"AUXAR","AUXLR249","AUXLR249","Acoustic Reflex Left Ear 2kHz 49","Acoustic Reflex Left Ear 2kHz 49","Both males and females 20 YEARS - 69 YEARS",NA,"Code.or.Value=[""-13 to 53"", "".""]; Value.Description=[""Range of Values"", ""Missing""]; Count=[""1664"", ""143""]; Cumulative=[""1664"", ""1807""]; Skip.to.Item=[""NA"", ""NA""]"
"AUXAR","AUXLR250","AUXLR250","Acoustic Reflex Left Ear 2kHz 50","Acoustic Reflex Left Ear 2kHz 50","Both males and females 20 YEARS - 69 YEARS",NA,"Code.or.Value=[""-20 to 46"", "".""]; Value.Description=[""Range of Values"", ""Missing""]; Count=[""1664"", ""143""]; Cumulative=[""1664"", ""1807""]; Skip.to.Item=[""NA"", ""NA""]"
"AUXAR","AUXLR251","AUXLR251","Acoustic Reflex Left Ear 2kHz 51","Acoustic Reflex Left Ear 2kHz 51","Both males and females 20 YEARS - 69 YEARS",NA,"Code.or.Value=[""-22 to 58"", "".""]; Value.Description=[""Range of Values"", ""Missing""]; Count=[""1664"", ""143""]; Cumulative=[""1664"", ""1807""]; Skip.to.Item=[""NA"", ""NA""]"
"AUXAR","AUXLR252","AUXLR252","Acoustic Reflex Left Ear 2kHz 52","Acoustic Reflex Left Ear 2kHz 52","Both males and females 20 YEARS - 69 YEARS",NA,"Code.or.Value=[""-16 to 74"", "".""]; Value.Description=[""Range of Values"", ""Missing""]; Count=[""1664"", ""143""]; Cumulative=[""1664"", ""1807""]; Skip.to.Item=[""NA"", ""NA""]"
"AUXAR","AUXLR253","AUXLR253","Acoustic Reflex Left Ear 2kHz 53","Acoustic Reflex Left Ear 2kHz 53","Both males and females 20 YEARS - 69 YEARS",NA,"Code.or.Value=[""-12 to 70"", "".""]; Value.Description=[""Range of Values"", ""Missing""]; Count=[""1664"", ""143""]; Cumulative=[""1664"", ""1807""]; Skip.to.Item=[""NA"", ""NA""]"
"AUXAR","AUXLR254","AUXLR254","Acoustic Reflex Left Ear 2kHz 54","Acoustic Reflex Left Ear 2kHz 54","Both males and females 20 YEARS - 69 YEARS",NA,"Code.or.Value=[""-8 to 55"", "".""]; Value.Description=[""Range of Values"", ""Missing""]; Count=[""1664"", ""143""]; Cumulative=[""1664"", ""1807""]; Skip.to.Item=[""NA"", ""NA""]"
"AUXAR","AUXLR255","AUXLR255","Acoustic Reflex Left Ear 2kHz 55","Acoustic Reflex Left Ear 2kHz 55","Both males and females 20 YEARS - 69 YEARS",NA,"Code.or.Value=[""-12 to 73"", "".""]; Value.Description=[""Range of Values"", ""Missing""]; Count=[""1664"", ""143""]; Cumulative=[""1664"", ""1807""]; Skip.to.Item=[""NA"", ""NA""]"
"AUXAR","AUXLR256","AUXLR256","Acoustic Reflex Left Ear 2kHz 56","Acoustic Reflex Left Ear 2kHz 56","Both males and females 20 YEARS - 69 YEARS",NA,"Code.or.Value=[""-16 to 82"", "".""]; Value.Description=[""Range of Values"", ""Missing""]; Count=[""1664"", ""143""]; Cumulative=[""1664"", ""1807""]; Skip.to.Item=[""NA"", ""NA""]"
"AUXAR","AUXLR257","AUXLR257","Acoustic Reflex Left Ear 2kHz 57","Acoustic Reflex Left Ear 2kHz 57","Both males and females 20 YEARS - 69 YEARS",NA,"Code.or.Value=[""-24 to 82"", "".""]; Value.Description=[""Range of Values"", ""Missing""]; Count=[""1664"", ""143""]; Cumulative=[""1664"", ""1807""]; Skip.to.Item=[""NA"", ""NA""]"
"AUXAR","AUXLR258","AUXLR258","Acoustic Reflex Left Ear 2kHz 58","Acoustic Reflex Left Ear 2kHz 58","Both males and females 20 YEARS - 69 YEARS",NA,"Code.or.Value=[""-36 to 51"", "".""]; Value.Description=[""Range of Values"", ""Missing""]; Count=[""1664"", ""143""]; Cumulative=[""1664"", ""1807""]; Skip.to.Item=[""NA"", ""NA""]"
"AUXAR","AUXLR259","AUXLR259","Acoustic Reflex Left Ear 2kHz 59","Acoustic Reflex Left Ear 2kHz 59","Both males and females 20 YEARS - 69 YEARS",NA,"Code.or.Value=[""-11 to 64"", "".""]; Value.Description=[""Range of Values"", ""Missing""]; Count=[""1664"", ""143""]; Cumulative=[""1664"", ""1807""]; Skip.to.Item=[""NA"", ""NA""]"
"AUXAR","AUXLR260","AUXLR260","Acoustic Reflex Left Ear 2kHz 60","Acoustic Reflex Left Ear 2kHz 60","Both males and females 20 YEARS - 69 YEARS",NA,"Code.or.Value=[""-4 to 40"", "".""]; Value.Description=[""Range of Values"", ""Missing""]; Count=[""1664"", ""143""]; Cumulative=[""1664"", ""1807""]; Skip.to.Item=[""NA"", ""NA""]"
"AUXAR","AUXLR261","AUXLR261","Acoustic Reflex Left Ear 2kHz 61","Acoustic Reflex Left Ear 2kHz 61","Both males and females 20 YEARS - 69 YEARS",NA,"Code.or.Value=[""-13 to 42"", "".""]; Value.Description=[""Range of Values"", ""Missing""]; Count=[""1664"", ""143""]; Cumulative=[""1664"", ""1807""]; Skip.to.Item=[""NA"", ""NA""]"
"AUXAR","AUXLR262","AUXLR262","Acoustic Reflex Left Ear 2kHz 62","Acoustic Reflex Left Ear 2kHz 62","Both males and females 20 YEARS - 69 YEARS",NA,"Code.or.Value=[""-13 to 60"", "".""]; Value.Description=[""Range of Values"", ""Missing""]; Count=[""1664"", ""143""]; Cumulative=[""1664"", ""1807""]; Skip.to.Item=[""NA"", ""NA""]"
"AUXAR","AUXLR263","AUXLR263","Acoustic Reflex Left Ear 2kHz 63","Acoustic Reflex Left Ear 2kHz 63","Both males and females 20 YEARS - 69 YEARS",NA,"Code.or.Value=[""-27 to 66"", "".""]; Value.Description=[""Range of Values"", ""Missing""]; Count=[""1664"", ""143""]; Cumulative=[""1664"", ""1807""]; Skip.to.Item=[""NA"", ""NA""]"
"AUXAR","AUXLR264","AUXLR264","Acoustic Reflex Left Ear 2kHz 64","Acoustic Reflex Left Ear 2kHz 64","Both males and females 20 YEARS - 69 YEARS",NA,"Code.or.Value=[""-37 to 80"", "".""]; Value.Description=[""Range of Values"", ""Missing""]; Count=[""1664"", ""143""]; Cumulative=[""1664"", ""1807""]; Skip.to.Item=[""NA"", ""NA""]"
"AUXAR","AUXLR265","AUXLR265","Acoustic Reflex Left Ear 2kHz 65","Acoustic Reflex Left Ear 2kHz 65","Both males and females 20 YEARS - 69 YEARS",NA,"Code.or.Value=[""-35 to 61"", "".""]; Value.Description=[""Range of Values"", ""Missing""]; Count=[""1664"", ""143""]; Cumulative=[""1664"", ""1807""]; Skip.to.Item=[""NA"", ""NA""]"
"AUXAR","AUXLR266","AUXLR266","Acoustic Reflex Left Ear 2kHz 66","Acoustic Reflex Left Ear 2kHz 66","Both males and females 20 YEARS - 69 YEARS",NA,"Code.or.Value=[""-35 to 52"", "".""]; Value.Description=[""Range of Values"", ""Missing""]; Count=[""1664"", ""143""]; Cumulative=[""1664"", ""1807""]; Skip.to.Item=[""NA"", ""NA""]"
"AUXAR","AUXLR267","AUXLR267","Acoustic Reflex Left Ear 2kHz 67","Acoustic Reflex Left Ear 2kHz 67","Both males and females 20 YEARS - 69 YEARS",NA,"Code.or.Value=[""-28 to 76"", "".""]; Value.Description=[""Range of Values"", ""Missing""]; Count=[""1664"", ""143""]; Cumulative=[""1664"", ""1807""]; Skip.to.Item=[""NA"", ""NA""]"
"AUXAR","AUXLR268","AUXLR268","Acoustic Reflex Left Ear 2kHz 68","Acoustic Reflex Left Ear 2kHz 68","Both males and females 20 YEARS - 69 YEARS",NA,"Code.or.Value=[""-23 to 78"", "".""]; Value.Description=[""Range of Values"", ""Missing""]; Count=[""1664"", ""143""]; Cumulative=[""1664"", ""1807""]; Skip.to.Item=[""NA"", ""NA""]"
"AUXAR","AUXLR269","AUXLR269","Acoustic Reflex Left Ear 2kHz 69","Acoustic Reflex Left Ear 2kHz 69","Both males and females 20 YEARS - 69 YEARS",NA,"Code.or.Value=[""-23 to 64"", "".""]; Value.Description=[""Range of Values"", ""Missing""]; Count=[""1664"", ""143""]; Cumulative=[""1664"", ""1807""]; Skip.to.Item=[""NA"", ""NA""]"
"AUXAR","AUXLR270","AUXLR270","Acoustic Reflex Left Ear 2kHz 70","Acoustic Reflex Left Ear 2kHz 70","Both males and females 20 YEARS - 69 YEARS",NA,"Code.or.Value=[""-20 to 71"", "".""]; Value.Description=[""Range of Values"", ""Missing""]; Count=[""1664"", ""143""]; Cumulative=[""1664"", ""1807""]; Skip.to.Item=[""NA"", ""NA""]"
"AUXAR","AUXLR271","AUXLR271","Acoustic Reflex Left Ear 2kHz 71","Acoustic Reflex Left Ear 2kHz 71","Both males and females 20 YEARS - 69 YEARS",NA,"Code.or.Value=[""-15 to 49"", "".""]; Value.Description=[""Range of Values"", ""Missing""]; Count=[""1664"", ""143""]; Cumulative=[""1664"", ""1807""]; Skip.to.Item=[""NA"", ""NA""]"
"AUXAR","AUXLR272","AUXLR272","Acoustic Reflex Left Ear 2kHz 72","Acoustic Reflex Left Ear 2kHz 72","Both males and females 20 YEARS - 69 YEARS",NA,"Code.or.Value=[""-17 to 53"", "".""]; Value.Description=[""Range of Values"", ""Missing""]; Count=[""1664"", ""143""]; Cumulative=[""1664"", ""1807""]; Skip.to.Item=[""NA"", ""NA""]"
"AUXAR","AUXLR273","AUXLR273","Acoustic Reflex Left Ear 2kHz 73","Acoustic Reflex Left Ear 2kHz 73","Both males and females 20 YEARS - 69 YEARS",NA,"Code.or.Value=[""-28 to 48"", "".""]; Value.Description=[""Range of Values"", ""Missing""]; Count=[""1664"", ""143""]; Cumulative=[""1664"", ""1807""]; Skip.to.Item=[""NA"", ""NA""]"
"AUXAR","AUXLR274","AUXLR274","Acoustic Reflex Left Ear 2kHz 74","Acoustic Reflex Left Ear 2kHz 74","Both males and females 20 YEARS - 69 YEARS",NA,"Code.or.Value=[""-36 to 83"", "".""]; Value.Description=[""Range of Values"", ""Missing""]; Count=[""1664"", ""143""]; Cumulative=[""1664"", ""1807""]; Skip.to.Item=[""NA"", ""NA""]"
"AUXAR","AUXLR275","AUXLR275","Acoustic Reflex Left Ear 2kHz 75","Acoustic Reflex Left Ear 2kHz 75","Both males and females 20 YEARS - 69 YEARS",NA,"Code.or.Value=[""-35 to 83"", "".""]; Value.Description=[""Range of Values"", ""Missing""]; Count=[""1664"", ""143""]; Cumulative=[""1664"", ""1807""]; Skip.to.Item=[""NA"", ""NA""]"
"AUXAR","AUXLR276","AUXLR276","Acoustic Reflex Left Ear 2kHz 76","Acoustic Reflex Left Ear 2kHz 76","Both males and females 20 YEARS - 69 YEARS",NA,"Code.or.Value=[""-21 to 60"", "".""]; Value.Description=[""Range of Values"", ""Missing""]; Count=[""1664"", ""143""]; Cumulative=[""1664"", ""1807""]; Skip.to.Item=[""NA"", ""NA""]"
"AUXAR","AUXLR277","AUXLR277","Acoustic Reflex Left Ear 2kHz 77","Acoustic Reflex Left Ear 2kHz 77","Both males and females 20 YEARS - 69 YEARS",NA,"Code.or.Value=[""-1 to 75"", "".""]; Value.Description=[""Range of Values"", ""Missing""]; Count=[""1664"", ""143""]; Cumulative=[""1664"", ""1807""]; Skip.to.Item=[""NA"", ""NA""]"
"AUXAR","AUXLR278","AUXLR278","Acoustic Reflex Left Ear 2kHz 78","Acoustic Reflex Left Ear 2kHz 78","Both males and females 20 YEARS - 69 YEARS",NA,"Code.or.Value=[""-10 to 84"", "".""]; Value.Description=[""Range of Values"", ""Missing""]; Count=[""1664"", ""143""]; Cumulative=[""1664"", ""1807""]; Skip.to.Item=[""NA"", ""NA""]"
"AUXAR","AUXLR279","AUXLR279","Acoustic Reflex Left Ear 2kHz 79","Acoustic Reflex Left Ear 2kHz 79","Both males and females 20 YEARS - 69 YEARS",NA,"Code.or.Value=[""-5 to 70"", "".""]; Value.Description=[""Range of Values"", ""Missing""]; Count=[""1664"", ""143""]; Cumulative=[""1664"", ""1807""]; Skip.to.Item=[""NA"", ""NA""]"
"AUXAR","AUXLR280","AUXLR280","Acoustic Reflex Left Ear 2kHz 80","Acoustic Reflex Left Ear 2kHz 80","Both males and females 20 YEARS - 69 YEARS",NA,"Code.or.Value=[""-13 to 40"", "".""]; Value.Description=[""Range of Values"", ""Missing""]; Count=[""1664"", ""143""]; Cumulative=[""1664"", ""1807""]; Skip.to.Item=[""NA"", ""NA""]"
"AUXAR","AUXLR281","AUXLR281","Acoustic Reflex Left Ear 2kHz 81","Acoustic Reflex Left Ear 2kHz 81","Both males and females 20 YEARS - 69 YEARS",NA,"Code.or.Value=[""-16 to 47"", "".""]; Value.Description=[""Range of Values"", ""Missing""]; Count=[""1664"", ""143""]; Cumulative=[""1664"", ""1807""]; Skip.to.Item=[""NA"", ""NA""]"
"AUXAR","AUXLR282","AUXLR282","Acoustic Reflex Left Ear 2kHz 82","Acoustic Reflex Left Ear 2kHz 82","Both males and females 20 YEARS - 69 YEARS",NA,"Code.or.Value=[""-14 to 48"", "".""]; Value.Description=[""Range of Values"", ""Missing""]; Count=[""1664"", ""143""]; Cumulative=[""1664"", ""1807""]; Skip.to.Item=[""NA"", ""NA""]"
"AUXAR","AUXLR283","AUXLR283","Acoustic Reflex Left Ear 2kHz 83","Acoustic Reflex Left Ear 2kHz 83","Both males and females 20 YEARS - 69 YEARS",NA,"Code.or.Value=[""-14 to 51"", "".""]; Value.Description=[""Range of Values"", ""Missing""]; Count=[""1664"", ""143""]; Cumulative=[""1664"", ""1807""]; Skip.to.Item=[""NA"", ""NA""]"
"AUXAR","AUXLR284","AUXLR284","Acoustic Reflex Left Ear 2kHz 84","Acoustic Reflex Left Ear 2kHz 84","Both males and females 20 YEARS - 69 YEARS",NA,"Code.or.Value=[""-14 to 77"", "".""]; Value.Description=[""Range of Values"", ""Missing""]; Count=[""1664"", ""143""]; Cumulative=[""1664"", ""1807""]; Skip.to.Item=[""NA"", ""NA""]"
