"Table_name","Variable","Variable_Name","SAS_Label","English_Text","Target","English_Instructions","Codebook_table"
"AUXAR_B","SEQN","SEQN","Respondent sequence number","Respondent sequence number.","Both males and females 20 YEARS - 69 YEARS",NA,NA
"AUXAR_B","WTSAU2YR","WTSAU2YR","Audiometry Subsample 2 Year Mec Weight","Audiometry Subsample 2 Year Mec Weight","Both males and females 20 YEARS - 69 YEARS",NA,"Code.or.Value=[""3358.5324887 to 411457.26869"", "".""]; Value.Description=[""Range of Values"", ""Missing""]; Count=[""1914"", ""132""]; Cumulative=[""1914"", ""2046""]; Skip.to.Item=[""NA"", ""NA""]"
"AUXAR_B","WTSAU4YR","WTSAU4YR","Audiometry Subsample 4 Year Mec Weight","Audiometry Subsample 4 Year Mec Weight","Both males and females 20 YEARS - 69 YEARS",NA,"Code.or.Value=[""1717.538914 to 212637.94244"", "".""]; Value.Description=[""Range of Values"", ""Missing""]; Count=[""1914"", ""132""]; Cumulative=[""1914"", ""2046""]; Skip.to.Item=[""NA"", ""NA""]"
"AUXAR_B","AUXRR101","AUXRR101","Acoustic Reflex Right Ear 1KHz 01","Acoustic Reflex Right Ear 1KHz 01","Both males and females 20 YEARS - 69 YEARS",NA,"Code.or.Value=[""-41 to 67"", "".""]; Value.Description=[""Range of Values"", ""Missing""]; Count=[""1878"", ""168""]; Cumulative=[""1878"", ""2046""]; Skip.to.Item=[""NA"", ""NA""]"
"AUXAR_B","AUXRR102","AUXRR102","Acoustic Reflex Right Ear 1KHz 02","Acoustic Reflex Right Ear 1KHz 02","Both males and females 20 YEARS - 69 YEARS",NA,"Code.or.Value=[""-38 to 64"", "".""]; Value.Description=[""Range of Values"", ""Missing""]; Count=[""1878"", ""168""]; Cumulative=[""1878"", ""2046""]; Skip.to.Item=[""NA"", ""NA""]"
"AUXAR_B","AUXRR103","AUXRR103","Acoustic Reflex Right Ear 1KHz 03","Acoustic Reflex Right Ear 1KHz 03","Both males and females 20 YEARS - 69 YEARS",NA,"Code.or.Value=[""-44 to 59"", "".""]; Value.Description=[""Range of Values"", ""Missing""]; Count=[""1878"", ""168""]; Cumulative=[""1878"", ""2046""]; Skip.to.Item=[""NA"", ""NA""]"
"AUXAR_B","AUXRR104","AUXRR104","Acoustic Reflex Right Ear 1KHz 04","Acoustic Reflex Right Ear 1KHz 04","Both males and females 20 YEARS - 69 YEARS",NA,"Code.or.Value=[""-55 to 56"", "".""]; Value.Description=[""Range of Values"", ""Missing""]; Count=[""1878"", ""168""]; Cumulative=[""1878"", ""2046""]; Skip.to.Item=[""NA"", ""NA""]"
"AUXAR_B","AUXRR105","AUXRR105","Acoustic Reflex Right Ear 1KHz 05","Acoustic Reflex Right Ear 1KHz 05","Both males and females 20 YEARS - 69 YEARS",NA,"Code.or.Value=[""-67 to 65"", "".""]; Value.Description=[""Range of Values"", ""Missing""]; Count=[""1878"", ""168""]; Cumulative=[""1878"", ""2046""]; Skip.to.Item=[""NA"", ""NA""]"
"AUXAR_B","AUXRR106","AUXRR106","Acoustic Reflex Right Ear 1KHz 06","Acoustic Reflex Right Ear 1KHz 06","Both males and females 20 YEARS - 69 YEARS",NA,"Code.or.Value=[""-74 to 92"", "".""]; Value.Description=[""Range of Values"", ""Missing""]; Count=[""1878"", ""168""]; Cumulative=[""1878"", ""2046""]; Skip.to.Item=[""NA"", ""NA""]"
"AUXAR_B","AUXRR107","AUXRR107","Acoustic Reflex Right Ear 1KHz 07","Acoustic Reflex Right Ear 1KHz 07","Both males and females 20 YEARS - 69 YEARS",NA,"Code.or.Value=[""-72 to 65"", "".""]; Value.Description=[""Range of Values"", ""Missing""]; Count=[""1878"", ""168""]; Cumulative=[""1878"", ""2046""]; Skip.to.Item=[""NA"", ""NA""]"
"AUXAR_B","AUXRR108","AUXRR108","Acoustic Reflex Right Ear 1KHz 08","Acoustic Reflex Right Ear 1KHz 08","Both males and females 20 YEARS - 69 YEARS",NA,"Code.or.Value=[""-66 to 53"", "".""]; Value.Description=[""Range of Values"", ""Missing""]; Count=[""1878"", ""168""]; Cumulative=[""1878"", ""2046""]; Skip.to.Item=[""NA"", ""NA""]"
"AUXAR_B","AUXRR109","AUXRR109","Acoustic Reflex Right Ear 1KHz 09","Acoustic Reflex Right Ear 1KHz 09","Both males and females 20 YEARS - 69 YEARS",NA,"Code.or.Value=[""-64 to 54"", "".""]; Value.Description=[""Range of Values"", ""Missing""]; Count=[""1878"", ""168""]; Cumulative=[""1878"", ""2046""]; Skip.to.Item=[""NA"", ""NA""]"
"AUXAR_B","AUXRR110","AUXRR110","Acoustic Reflex Right Ear 1KHz 10","Acoustic Reflex Right Ear 1KHz 10","Both males and females 20 YEARS - 69 YEARS",NA,"Code.or.Value=[""-62 to 46"", "".""]; Value.Description=[""Range of Values"", ""Missing""]; Count=[""1878"", ""168""]; Cumulative=[""1878"", ""2046""]; Skip.to.Item=[""NA"", ""NA""]"
"AUXAR_B","AUXRR111","AUXRR111","Acoustic Reflex Right Ear 1KHz 11","Acoustic Reflex Right Ear 1KHz 11","Both males and females 20 YEARS - 69 YEARS",NA,"Code.or.Value=[""-59 to 44"", "".""]; Value.Description=[""Range of Values"", ""Missing""]; Count=[""1878"", ""168""]; Cumulative=[""1878"", ""2046""]; Skip.to.Item=[""NA"", ""NA""]"
"AUXAR_B","AUXRR112","AUXRR112","Acoustic Reflex Right Ear 1KHz 12","Acoustic Reflex Right Ear 1KHz 12","Both males and females 20 YEARS - 69 YEARS",NA,"Code.or.Value=[""-57 to 44"", "".""]; Value.Description=[""Range of Values"", ""Missing""]; Count=[""1878"", ""168""]; Cumulative=[""1878"", ""2046""]; Skip.to.Item=[""NA"", ""NA""]"
"AUXAR_B","AUXRR113","AUXRR113","Acoustic Reflex Right Ear 1KHz 13","Acoustic Reflex Right Ear 1KHz 13","Both males and females 20 YEARS - 69 YEARS",NA,"Code.or.Value=[""-55 to 44"", "".""]; Value.Description=[""Range of Values"", ""Missing""]; Count=[""1878"", ""168""]; Cumulative=[""1878"", ""2046""]; Skip.to.Item=[""NA"", ""NA""]"
"AUXAR_B","AUXRR114","AUXRR114","Acoustic Reflex Right Ear 1KHz 14","Acoustic Reflex Right Ear 1KHz 14","Both males and females 20 YEARS - 69 YEARS",NA,"Code.or.Value=[""-51 to 57"", "".""]; Value.Description=[""Range of Values"", ""Missing""]; Count=[""1878"", ""168""]; Cumulative=[""1878"", ""2046""]; Skip.to.Item=[""NA"", ""NA""]"
"AUXAR_B","AUXRR115","AUXRR115","Acoustic Reflex Right Ear 1KHz 15","Acoustic Reflex Right Ear 1KHz 15","Both males and females 20 YEARS - 69 YEARS",NA,"Code.or.Value=[""-47 to 79"", "".""]; Value.Description=[""Range of Values"", ""Missing""]; Count=[""1878"", ""168""]; Cumulative=[""1878"", ""2046""]; Skip.to.Item=[""NA"", ""NA""]"
"AUXAR_B","AUXRR116","AUXRR116","Acoustic Reflex Right Ear 1KHz 16","Acoustic Reflex Right Ear 1KHz 16","Both males and females 20 YEARS - 69 YEARS",NA,"Code.or.Value=[""-41 to 49"", "".""]; Value.Description=[""Range of Values"", ""Missing""]; Count=[""1878"", ""168""]; Cumulative=[""1878"", ""2046""]; Skip.to.Item=[""NA"", ""NA""]"
"AUXAR_B","AUXRR117","AUXRR117","Acoustic Reflex Right Ear 1KHz 17","Acoustic Reflex Right Ear 1KHz 17","Both males and females 20 YEARS - 69 YEARS",NA,"Code.or.Value=[""-35 to 44"", "".""]; Value.Description=[""Range of Values"", ""Missing""]; Count=[""1878"", ""168""]; Cumulative=[""1878"", ""2046""]; Skip.to.Item=[""NA"", ""NA""]"
"AUXAR_B","AUXRR118","AUXRR118","Acoustic Reflex Right Ear 1KHz 18","Acoustic Reflex Right Ear 1KHz 18","Both males and females 20 YEARS - 69 YEARS",NA,"Code.or.Value=[""-29 to 50"", "".""]; Value.Description=[""Range of Values"", ""Missing""]; Count=[""1878"", ""168""]; Cumulative=[""1878"", ""2046""]; Skip.to.Item=[""NA"", ""NA""]"
"AUXAR_B","AUXRR119","AUXRR119","Acoustic Reflex Right Ear 1KHz 19","Acoustic Reflex Right Ear 1KHz 19","Both males and females 20 YEARS - 69 YEARS",NA,"Code.or.Value=[""-24 to 53"", "".""]; Value.Description=[""Range of Values"", ""Missing""]; Count=[""1878"", ""168""]; Cumulative=[""1878"", ""2046""]; Skip.to.Item=[""NA"", ""NA""]"
"AUXAR_B","AUXRR120","AUXRR120","Acoustic Reflex Right Ear 1KHz 20","Acoustic Reflex Right Ear 1KHz 20","Both males and females 20 YEARS - 69 YEARS",NA,"Code.or.Value=[""-22 to 72"", "".""]; Value.Description=[""Range of Values"", ""Missing""]; Count=[""1878"", ""168""]; Cumulative=[""1878"", ""2046""]; Skip.to.Item=[""NA"", ""NA""]"
"AUXAR_B","AUXRR121","AUXRR121","Acoustic Reflex Right Ear 1KHz 21","Acoustic Reflex Right Ear 1KHz 21","Both males and females 20 YEARS - 69 YEARS",NA,"Code.or.Value=[""-21 to 94"", "".""]; Value.Description=[""Range of Values"", ""Missing""]; Count=[""1878"", ""168""]; Cumulative=[""1878"", ""2046""]; Skip.to.Item=[""NA"", ""NA""]"
"AUXAR_B","AUXRR122","AUXRR122","Acoustic Reflex Right Ear 1KHz 22","Acoustic Reflex Right Ear 1KHz 22","Both males and females 20 YEARS - 69 YEARS",NA,"Code.or.Value=[""-22 to 55"", "".""]; Value.Description=[""Range of Values"", ""Missing""]; Count=[""1878"", ""168""]; Cumulative=[""1878"", ""2046""]; Skip.to.Item=[""NA"", ""NA""]"
"AUXAR_B","AUXRR123","AUXRR123","Acoustic Reflex Right Ear 1KHz 23","Acoustic Reflex Right Ear 1KHz 23","Both males and females 20 YEARS - 69 YEARS",NA,"Code.or.Value=[""-23 to 48"", "".""]; Value.Description=[""Range of Values"", ""Missing""]; Count=[""1878"", ""168""]; Cumulative=[""1878"", ""2046""]; Skip.to.Item=[""NA"", ""NA""]"
"AUXAR_B","AUXRR124","AUXRR124","Acoustic Reflex Right Ear 1KHz 24","Acoustic Reflex Right Ear 1KHz 24","Both males and females 20 YEARS - 69 YEARS",NA,"Code.or.Value=[""-24 to 45"", "".""]; Value.Description=[""Range of Values"", ""Missing""]; Count=[""1878"", ""168""]; Cumulative=[""1878"", ""2046""]; Skip.to.Item=[""NA"", ""NA""]"
"AUXAR_B","AUXRR125","AUXRR125","Acoustic Reflex Right Ear 1KHz 25","Acoustic Reflex Right Ear 1KHz 25","Both males and females 20 YEARS - 69 YEARS",NA,"Code.or.Value=[""-25 to 44"", "".""]; Value.Description=[""Range of Values"", ""Missing""]; Count=[""1878"", ""168""]; Cumulative=[""1878"", ""2046""]; Skip.to.Item=[""NA"", ""NA""]"
"AUXAR_B","AUXRR126","AUXRR126","Acoustic Reflex Right Ear 1KHz 26","Acoustic Reflex Right Ear 1KHz 26","Both males and females 20 YEARS - 69 YEARS",NA,"Code.or.Value=[""-27 to 56"", "".""]; Value.Description=[""Range of Values"", ""Missing""]; Count=[""1878"", ""168""]; Cumulative=[""1878"", ""2046""]; Skip.to.Item=[""NA"", ""NA""]"
"AUXAR_B","AUXRR127","AUXRR127","Acoustic Reflex Right Ear 1KHz 27","Acoustic Reflex Right Ear 1KHz 27","Both males and females 20 YEARS - 69 YEARS",NA,"Code.or.Value=[""-30 to 42"", "".""]; Value.Description=[""Range of Values"", ""Missing""]; Count=[""1878"", ""168""]; Cumulative=[""1878"", ""2046""]; Skip.to.Item=[""NA"", ""NA""]"
"AUXAR_B","AUXRR128","AUXRR128","Acoustic Reflex Right Ear 1KHz 28","Acoustic Reflex Right Ear 1KHz 28","Both males and females 20 YEARS - 69 YEARS",NA,"Code.or.Value=[""-37 to 39"", "".""]; Value.Description=[""Range of Values"", ""Missing""]; Count=[""1878"", ""168""]; Cumulative=[""1878"", ""2046""]; Skip.to.Item=[""NA"", ""NA""]"
"AUXAR_B","AUXRR129","AUXRR129","Acoustic Reflex Right Ear 1KHz 29","Acoustic Reflex Right Ear 1KHz 29","Both males and females 20 YEARS - 69 YEARS",NA,"Code.or.Value=[""-39 to 42"", "".""]; Value.Description=[""Range of Values"", ""Missing""]; Count=[""1878"", ""168""]; Cumulative=[""1878"", ""2046""]; Skip.to.Item=[""NA"", ""NA""]"
"AUXAR_B","AUXRR130","AUXRR130","Acoustic Reflex Right Ear 1KHz 30","Acoustic Reflex Right Ear 1KHz 30","Both males and females 20 YEARS - 69 YEARS",NA,"Code.or.Value=[""-35 to 61"", "".""]; Value.Description=[""Range of Values"", ""Missing""]; Count=[""1878"", ""168""]; Cumulative=[""1878"", ""2046""]; Skip.to.Item=[""NA"", ""NA""]"
"AUXAR_B","AUXRR131","AUXRR131","Acoustic Reflex Right Ear 1KHz 31","Acoustic Reflex Right Ear 1KHz 31","Both males and females 20 YEARS - 69 YEARS",NA,"Code.or.Value=[""-34 to 49"", "".""]; Value.Description=[""Range of Values"", ""Missing""]; Count=[""1878"", ""168""]; Cumulative=[""1878"", ""2046""]; Skip.to.Item=[""NA"", ""NA""]"
"AUXAR_B","AUXRR132","AUXRR132","Acoustic Reflex Right Ear 1KHz 32","Acoustic Reflex Right Ear 1KHz 32","Both males and females 20 YEARS - 69 YEARS",NA,"Code.or.Value=[""-35 to 46"", "".""]; Value.Description=[""Range of Values"", ""Missing""]; Count=[""1878"", ""168""]; Cumulative=[""1878"", ""2046""]; Skip.to.Item=[""NA"", ""NA""]"
"AUXAR_B","AUXRR133","AUXRR133","Acoustic Reflex Right Ear 1KHz 33","Acoustic Reflex Right Ear 1KHz 33","Both males and females 20 YEARS - 69 YEARS",NA,"Code.or.Value=[""-36 to 41"", "".""]; Value.Description=[""Range of Values"", ""Missing""]; Count=[""1878"", ""168""]; Cumulative=[""1878"", ""2046""]; Skip.to.Item=[""NA"", ""NA""]"
"AUXAR_B","AUXRR134","AUXRR134","Acoustic Reflex Right Ear 1KHz 34","Acoustic Reflex Right Ear 1KHz 34","Both males and females 20 YEARS - 69 YEARS",NA,"Code.or.Value=[""-34 to 38"", "".""]; Value.Description=[""Range of Values"", ""Missing""]; Count=[""1878"", ""168""]; Cumulative=[""1878"", ""2046""]; Skip.to.Item=[""NA"", ""NA""]"
"AUXAR_B","AUXRR135","AUXRR135","Acoustic Reflex Right Ear 1KHz 35","Acoustic Reflex Right Ear 1KHz 35","Both males and females 20 YEARS - 69 YEARS",NA,"Code.or.Value=[""-31 to 35"", "".""]; Value.Description=[""Range of Values"", ""Missing""]; Count=[""1878"", ""168""]; Cumulative=[""1878"", ""2046""]; Skip.to.Item=[""NA"", ""NA""]"
"AUXAR_B","AUXRR136","AUXRR136","Acoustic Reflex Right Ear 1KHz 36","Acoustic Reflex Right Ear 1KHz 36","Both males and females 20 YEARS - 69 YEARS",NA,"Code.or.Value=[""-35 to 34"", "".""]; Value.Description=[""Range of Values"", ""Missing""]; Count=[""1878"", ""168""]; Cumulative=[""1878"", ""2046""]; Skip.to.Item=[""NA"", ""NA""]"
"AUXAR_B","AUXRR137","AUXRR137","Acoustic Reflex Right Ear 1KHz 37","Acoustic Reflex Right Ear 1KHz 37","Both males and females 20 YEARS - 69 YEARS",NA,"Code.or.Value=[""-34 to 40"", "".""]; Value.Description=[""Range of Values"", ""Missing""]; Count=[""1878"", ""168""]; Cumulative=[""1878"", ""2046""]; Skip.to.Item=[""NA"", ""NA""]"
"AUXAR_B","AUXRR138","AUXRR138","Acoustic Reflex Right Ear 1KHz 38","Acoustic Reflex Right Ear 1KHz 38","Both males and females 20 YEARS - 69 YEARS",NA,"Code.or.Value=[""-33 to 38"", "".""]; Value.Description=[""Range of Values"", ""Missing""]; Count=[""1878"", ""168""]; Cumulative=[""1878"", ""2046""]; Skip.to.Item=[""NA"", ""NA""]"
"AUXAR_B","AUXRR139","AUXRR139","Acoustic Reflex Right Ear 1KHz 39","Acoustic Reflex Right Ear 1KHz 39","Both males and females 20 YEARS - 69 YEARS",NA,"Code.or.Value=[""-30 to 53"", "".""]; Value.Description=[""Range of Values"", ""Missing""]; Count=[""1878"", ""168""]; Cumulative=[""1878"", ""2046""]; Skip.to.Item=[""NA"", ""NA""]"
"AUXAR_B","AUXRR140","AUXRR140","Acoustic Reflex Right Ear 1KHz 40","Acoustic Reflex Right Ear 1KHz 40","Both males and females 20 YEARS - 69 YEARS",NA,"Code.or.Value=[""-19 to 44"", "".""]; Value.Description=[""Range of Values"", ""Missing""]; Count=[""1878"", ""168""]; Cumulative=[""1878"", ""2046""]; Skip.to.Item=[""NA"", ""NA""]"
"AUXAR_B","AUXRR141","AUXRR141","Acoustic Reflex Right Ear 1KHz 41","Acoustic Reflex Right Ear 1KHz 41","Both males and females 20 YEARS - 69 YEARS",NA,"Code.or.Value=[""-12 to 52"", "".""]; Value.Description=[""Range of Values"", ""Missing""]; Count=[""1878"", ""168""]; Cumulative=[""1878"", ""2046""]; Skip.to.Item=[""NA"", ""NA""]"
"AUXAR_B","AUXRR142","AUXRR142","Acoustic Reflex Right Ear 1KHz 42","Acoustic Reflex Right Ear 1KHz 42","Both males and females 20 YEARS - 69 YEARS",NA,"Code.or.Value=[""-8 to 47"", "".""]; Value.Description=[""Range of Values"", ""Missing""]; Count=[""1878"", ""168""]; Cumulative=[""1878"", ""2046""]; Skip.to.Item=[""NA"", ""NA""]"
"AUXAR_B","AUXRR143","AUXRR143","Acoustic Reflex Right Ear 1KHz 43","Acoustic Reflex Right Ear 1KHz 43","Both males and females 20 YEARS - 69 YEARS",NA,"Code.or.Value=[""-11 to 40"", "".""]; Value.Description=[""Range of Values"", ""Missing""]; Count=[""1878"", ""168""]; Cumulative=[""1878"", ""2046""]; Skip.to.Item=[""NA"", ""NA""]"
"AUXAR_B","AUXRR144","AUXRR144","Acoustic Reflex Right Ear 1KHz 44","Acoustic Reflex Right Ear 1KHz 44","Both males and females 20 YEARS - 69 YEARS",NA,"Code.or.Value=[""-7 to 47"", "".""]; Value.Description=[""Range of Values"", ""Missing""]; Count=[""1878"", ""168""]; Cumulative=[""1878"", ""2046""]; Skip.to.Item=[""NA"", ""NA""]"
"AUXAR_B","AUXRR145","AUXRR145","Acoustic Reflex Right Ear 1KHz 45","Acoustic Reflex Right Ear 1KHz 45","Both males and females 20 YEARS - 69 YEARS",NA,"Code.or.Value=[""-6 to 45"", "".""]; Value.Description=[""Range of Values"", ""Missing""]; Count=[""1878"", ""168""]; Cumulative=[""1878"", ""2046""]; Skip.to.Item=[""NA"", ""NA""]"
"AUXAR_B","AUXRR146","AUXRR146","Acoustic Reflex Right Ear 1KHz 46","Acoustic Reflex Right Ear 1KHz 46","Both males and females 20 YEARS - 69 YEARS",NA,"Code.or.Value=[""-7 to 33"", "".""]; Value.Description=[""Range of Values"", ""Missing""]; Count=[""1878"", ""168""]; Cumulative=[""1878"", ""2046""]; Skip.to.Item=[""NA"", ""NA""]"
"AUXAR_B","AUXRR147","AUXRR147","Acoustic Reflex Right Ear 1KHz 47","Acoustic Reflex Right Ear 1KHz 47","Both males and females 20 YEARS - 69 YEARS",NA,"Code.or.Value=[""-6 to 36"", "".""]; Value.Description=[""Range of Values"", ""Missing""]; Count=[""1878"", ""168""]; Cumulative=[""1878"", ""2046""]; Skip.to.Item=[""NA"", ""NA""]"
"AUXAR_B","AUXRR148","AUXRR148","Acoustic Reflex Right Ear 1KHz 48","Acoustic Reflex Right Ear 1KHz 48","Both males and females 20 YEARS - 69 YEARS",NA,"Code.or.Value=[""-5 to 57"", "".""]; Value.Description=[""Range of Values"", ""Missing""]; Count=[""1878"", ""168""]; Cumulative=[""1878"", ""2046""]; Skip.to.Item=[""NA"", ""NA""]"
"AUXAR_B","AUXRR149","AUXRR149","Acoustic Reflex Right Ear 1KHz 49","Acoustic Reflex Right Ear 1KHz 49","Both males and females 20 YEARS - 69 YEARS",NA,"Code.or.Value=[""-8 to 42"", "".""]; Value.Description=[""Range of Values"", ""Missing""]; Count=[""1878"", ""168""]; Cumulative=[""1878"", ""2046""]; Skip.to.Item=[""NA"", ""NA""]"
"AUXAR_B","AUXRR150","AUXRR150","Acoustic Reflex Right Ear 1KHz 50","Acoustic Reflex Right Ear 1KHz 50","Both males and females 20 YEARS - 69 YEARS",NA,"Code.or.Value=[""-13 to 36"", "".""]; Value.Description=[""Range of Values"", ""Missing""]; Count=[""1878"", ""168""]; Cumulative=[""1878"", ""2046""]; Skip.to.Item=[""NA"", ""NA""]"
"AUXAR_B","AUXRR151","AUXRR151","Acoustic Reflex Right Ear 1KHz 51","Acoustic Reflex Right Ear 1KHz 51","Both males and females 20 YEARS - 69 YEARS",NA,"Code.or.Value=[""-8 to 35"", "".""]; Value.Description=[""Range of Values"", ""Missing""]; Count=[""1878"", ""168""]; Cumulative=[""1878"", ""2046""]; Skip.to.Item=[""NA"", ""NA""]"
"AUXAR_B","AUXRR152","AUXRR152","Acoustic Reflex Right Ear 1KHz 52","Acoustic Reflex Right Ear 1KHz 52","Both males and females 20 YEARS - 69 YEARS",NA,"Code.or.Value=[""-18 to 39"", "".""]; Value.Description=[""Range of Values"", ""Missing""]; Count=[""1878"", ""168""]; Cumulative=[""1878"", ""2046""]; Skip.to.Item=[""NA"", ""NA""]"
"AUXAR_B","AUXRR153","AUXRR153","Acoustic Reflex Right Ear 1KHz 53","Acoustic Reflex Right Ear 1KHz 53","Both males and females 20 YEARS - 69 YEARS",NA,"Code.or.Value=[""-4 to 69"", "".""]; Value.Description=[""Range of Values"", ""Missing""]; Count=[""1878"", ""168""]; Cumulative=[""1878"", ""2046""]; Skip.to.Item=[""NA"", ""NA""]"
"AUXAR_B","AUXRR154","AUXRR154","Acoustic Reflex Right Ear 1KHz 54","Acoustic Reflex Right Ear 1KHz 54","Both males and females 20 YEARS - 69 YEARS",NA,"Code.or.Value=[""-29 to 80"", "".""]; Value.Description=[""Range of Values"", ""Missing""]; Count=[""1878"", ""168""]; Cumulative=[""1878"", ""2046""]; Skip.to.Item=[""NA"", ""NA""]"
"AUXAR_B","AUXRR155","AUXRR155","Acoustic Reflex Right Ear 1KHz 55","Acoustic Reflex Right Ear 1KHz 55","Both males and females 20 YEARS - 69 YEARS",NA,"Code.or.Value=[""-24 to 80"", "".""]; Value.Description=[""Range of Values"", ""Missing""]; Count=[""1878"", ""168""]; Cumulative=[""1878"", ""2046""]; Skip.to.Item=[""NA"", ""NA""]"
"AUXAR_B","AUXRR156","AUXRR156","Acoustic Reflex Right Ear 1KHz 56","Acoustic Reflex Right Ear 1KHz 56","Both males and females 20 YEARS - 69 YEARS",NA,"Code.or.Value=[""-15 to 78"", "".""]; Value.Description=[""Range of Values"", ""Missing""]; Count=[""1878"", ""168""]; Cumulative=[""1878"", ""2046""]; Skip.to.Item=[""NA"", ""NA""]"
"AUXAR_B","AUXRR157","AUXRR157","Acoustic Reflex Right Ear 1KHz 57","Acoustic Reflex Right Ear 1KHz 57","Both males and females 20 YEARS - 69 YEARS",NA,"Code.or.Value=[""-3 to 53"", "".""]; Value.Description=[""Range of Values"", ""Missing""]; Count=[""1878"", ""168""]; Cumulative=[""1878"", ""2046""]; Skip.to.Item=[""NA"", ""NA""]"
"AUXAR_B","AUXRR158","AUXRR158","Acoustic Reflex Right Ear 1KHz 58","Acoustic Reflex Right Ear 1KHz 58","Both males and females 20 YEARS - 69 YEARS",NA,"Code.or.Value=[""-8 to 77"", "".""]; Value.Description=[""Range of Values"", ""Missing""]; Count=[""1878"", ""168""]; Cumulative=[""1878"", ""2046""]; Skip.to.Item=[""NA"", ""NA""]"
"AUXAR_B","AUXRR159","AUXRR159","Acoustic Reflex Right Ear 1KHz 59","Acoustic Reflex Right Ear 1KHz 59","Both males and females 20 YEARS - 69 YEARS",NA,"Code.or.Value=[""-3 to 51"", "".""]; Value.Description=[""Range of Values"", ""Missing""]; Count=[""1878"", ""168""]; Cumulative=[""1878"", ""2046""]; Skip.to.Item=[""NA"", ""NA""]"
"AUXAR_B","AUXRR160","AUXRR160","Acoustic Reflex Right Ear 1KHz 60","Acoustic Reflex Right Ear 1KHz 60","Both males and females 20 YEARS - 69 YEARS",NA,"Code.or.Value=[""-2 to 33"", "".""]; Value.Description=[""Range of Values"", ""Missing""]; Count=[""1878"", ""168""]; Cumulative=[""1878"", ""2046""]; Skip.to.Item=[""NA"", ""NA""]"
"AUXAR_B","AUXRR161","AUXRR161","Acoustic Reflex Right Ear 1KHz 61","Acoustic Reflex Right Ear 1KHz 61","Both males and females 20 YEARS - 69 YEARS",NA,"Code.or.Value=[""-13 to 51"", "".""]; Value.Description=[""Range of Values"", ""Missing""]; Count=[""1878"", ""168""]; Cumulative=[""1878"", ""2046""]; Skip.to.Item=[""NA"", ""NA""]"
"AUXAR_B","AUXRR162","AUXRR162","Acoustic Reflex Right Ear 1KHz 62","Acoustic Reflex Right Ear 1KHz 62","Both males and females 20 YEARS - 69 YEARS",NA,"Code.or.Value=[""-18 to 59"", "".""]; Value.Description=[""Range of Values"", ""Missing""]; Count=[""1878"", ""168""]; Cumulative=[""1878"", ""2046""]; Skip.to.Item=[""NA"", ""NA""]"
"AUXAR_B","AUXRR163","AUXRR163","Acoustic Reflex Right Ear 1KHz 63","Acoustic Reflex Right Ear 1KHz 63","Both males and females 20 YEARS - 69 YEARS",NA,"Code.or.Value=[""-13 to 104"", "".""]; Value.Description=[""Range of Values"", ""Missing""]; Count=[""1878"", ""168""]; Cumulative=[""1878"", ""2046""]; Skip.to.Item=[""NA"", ""NA""]"
"AUXAR_B","AUXRR164","AUXRR164","Acoustic Reflex Right Ear 1KHz 64","Acoustic Reflex Right Ear 1KHz 64","Both males and females 20 YEARS - 69 YEARS",NA,"Code.or.Value=[""-19 to 106"", "".""]; Value.Description=[""Range of Values"", ""Missing""]; Count=[""1878"", ""168""]; Cumulative=[""1878"", ""2046""]; Skip.to.Item=[""NA"", ""NA""]"
"AUXAR_B","AUXRR165","AUXRR165","Acoustic Reflex Right Ear 1KHz 65","Acoustic Reflex Right Ear 1KHz 65","Both males and females 20 YEARS - 69 YEARS",NA,"Code.or.Value=[""-12 to 60"", "".""]; Value.Description=[""Range of Values"", ""Missing""]; Count=[""1878"", ""168""]; Cumulative=[""1878"", ""2046""]; Skip.to.Item=[""NA"", ""NA""]"
"AUXAR_B","AUXRR166","AUXRR166","Acoustic Reflex Right Ear 1KHz 66","Acoustic Reflex Right Ear 1KHz 66","Both males and females 20 YEARS - 69 YEARS",NA,"Code.or.Value=[""-9 to 35"", "".""]; Value.Description=[""Range of Values"", ""Missing""]; Count=[""1878"", ""168""]; Cumulative=[""1878"", ""2046""]; Skip.to.Item=[""NA"", ""NA""]"
"AUXAR_B","AUXRR167","AUXRR167","Acoustic Reflex Right Ear 1KHz 67","Acoustic Reflex Right Ear 1KHz 67","Both males and females 20 YEARS - 69 YEARS",NA,"Code.or.Value=[""-6 to 56"", "".""]; Value.Description=[""Range of Values"", ""Missing""]; Count=[""1878"", ""168""]; Cumulative=[""1878"", ""2046""]; Skip.to.Item=[""NA"", ""NA""]"
"AUXAR_B","AUXRR168","AUXRR168","Acoustic Reflex Right Ear 1KHz 68","Acoustic Reflex Right Ear 1KHz 68","Both males and females 20 YEARS - 69 YEARS",NA,"Code.or.Value=[""-5 to 45"", "".""]; Value.Description=[""Range of Values"", ""Missing""]; Count=[""1878"", ""168""]; Cumulative=[""1878"", ""2046""]; Skip.to.Item=[""NA"", ""NA""]"
"AUXAR_B","AUXRR169","AUXRR169","Acoustic Reflex Right Ear 1KHz 69","Acoustic Reflex Right Ear 1KHz 69","Both males and females 20 YEARS - 69 YEARS",NA,"Code.or.Value=[""-10 to 49"", "".""]; Value.Description=[""Range of Values"", ""Missing""]; Count=[""1878"", ""168""]; Cumulative=[""1878"", ""2046""]; Skip.to.Item=[""NA"", ""NA""]"
"AUXAR_B","AUXRR170","AUXRR170","Acoustic Reflex Right Ear 1KHz 70","Acoustic Reflex Right Ear 1KHz 70","Both males and females 20 YEARS - 69 YEARS",NA,"Code.or.Value=[""-12 to 38"", "".""]; Value.Description=[""Range of Values"", ""Missing""]; Count=[""1878"", ""168""]; Cumulative=[""1878"", ""2046""]; Skip.to.Item=[""NA"", ""NA""]"
"AUXAR_B","AUXRR171","AUXRR171","Acoustic Reflex Right Ear 1KHz 71","Acoustic Reflex Right Ear 1KHz 71","Both males and females 20 YEARS - 69 YEARS",NA,"Code.or.Value=[""-2 to 40"", "".""]; Value.Description=[""Range of Values"", ""Missing""]; Count=[""1878"", ""168""]; Cumulative=[""1878"", ""2046""]; Skip.to.Item=[""NA"", ""NA""]"
"AUXAR_B","AUXRR172","AUXRR172","Acoustic Reflex Right Ear 1KHz 72","Acoustic Reflex Right Ear 1KHz 72","Both males and females 20 YEARS - 69 YEARS",NA,"Code.or.Value=[""-8 to 57"", "".""]; Value.Description=[""Range of Values"", ""Missing""]; Count=[""1878"", ""168""]; Cumulative=[""1878"", ""2046""]; Skip.to.Item=[""NA"", ""NA""]"
"AUXAR_B","AUXRR173","AUXRR173","Acoustic Reflex Right Ear 1KHz 73","Acoustic Reflex Right Ear 1KHz 73","Both males and females 20 YEARS - 69 YEARS",NA,"Code.or.Value=[""-3 to 37"", "".""]; Value.Description=[""Range of Values"", ""Missing""]; Count=[""1878"", ""168""]; Cumulative=[""1878"", ""2046""]; Skip.to.Item=[""NA"", ""NA""]"
"AUXAR_B","AUXRR174","AUXRR174","Acoustic Reflex Right Ear 1KHz 74","Acoustic Reflex Right Ear 1KHz 74","Both males and females 20 YEARS - 69 YEARS",NA,"Code.or.Value=[""-4 to 67"", "".""]; Value.Description=[""Range of Values"", ""Missing""]; Count=[""1878"", ""168""]; Cumulative=[""1878"", ""2046""]; Skip.to.Item=[""NA"", ""NA""]"
"AUXAR_B","AUXRR175","AUXRR175","Acoustic Reflex Right Ear 1KHz 75","Acoustic Reflex Right Ear 1KHz 75","Both males and females 20 YEARS - 69 YEARS",NA,"Code.or.Value=[""-2 to 48"", "".""]; Value.Description=[""Range of Values"", ""Missing""]; Count=[""1878"", ""168""]; Cumulative=[""1878"", ""2046""]; Skip.to.Item=[""NA"", ""NA""]"
"AUXAR_B","AUXRR176","AUXRR176","Acoustic Reflex Right Ear 1KHz 76","Acoustic Reflex Right Ear 1KHz 76","Both males and females 20 YEARS - 69 YEARS",NA,"Code.or.Value=[""-3 to 58"", "".""]; Value.Description=[""Range of Values"", ""Missing""]; Count=[""1878"", ""168""]; Cumulative=[""1878"", ""2046""]; Skip.to.Item=[""NA"", ""NA""]"
"AUXAR_B","AUXRR177","AUXRR177","Acoustic Reflex Right Ear 1KHz 77","Acoustic Reflex Right Ear 1KHz 77","Both males and females 20 YEARS - 69 YEARS",NA,"Code.or.Value=[""-8 to 44"", "".""]; Value.Description=[""Range of Values"", ""Missing""]; Count=[""1878"", ""168""]; Cumulative=[""1878"", ""2046""]; Skip.to.Item=[""NA"", ""NA""]"
"AUXAR_B","AUXRR178","AUXRR178","Acoustic Reflex Right Ear 1KHz 78","Acoustic Reflex Right Ear 1KHz 78","Both males and females 20 YEARS - 69 YEARS",NA,"Code.or.Value=[""-8 to 37"", "".""]; Value.Description=[""Range of Values"", ""Missing""]; Count=[""1878"", ""168""]; Cumulative=[""1878"", ""2046""]; Skip.to.Item=[""NA"", ""NA""]"
"AUXAR_B","AUXRR179","AUXRR179","Acoustic Reflex Right Ear 1KHz 79","Acoustic Reflex Right Ear 1KHz 79","Both males and females 20 YEARS - 69 YEARS",NA,"Code.or.Value=[""-11 to 36"", "".""]; Value.Description=[""Range of Values"", ""Missing""]; Count=[""1878"", ""168""]; Cumulative=[""1878"", ""2046""]; Skip.to.Item=[""NA"", ""NA""]"
"AUXAR_B","AUXRR180","AUXRR180","Acoustic Reflex Right Ear 1KHz 80","Acoustic Reflex Right Ear 1KHz 80","Both males and females 20 YEARS - 69 YEARS",NA,"Code.or.Value=[""-9 to 37"", "".""]; Value.Description=[""Range of Values"", ""Missing""]; Count=[""1878"", ""168""]; Cumulative=[""1878"", ""2046""]; Skip.to.Item=[""NA"", ""NA""]"
"AUXAR_B","AUXRR181","AUXRR181","Acoustic Reflex Right Ear 1KHz 81","Acoustic Reflex Right Ear 1KHz 81","Both males and females 20 YEARS - 69 YEARS",NA,"Code.or.Value=[""-17 to 38"", "".""]; Value.Description=[""Range of Values"", ""Missing""]; Count=[""1878"", ""168""]; Cumulative=[""1878"", ""2046""]; Skip.to.Item=[""NA"", ""NA""]"
"AUXAR_B","AUXRR182","AUXRR182","Acoustic Reflex Right Ear 1KHz 82","Acoustic Reflex Right Ear 1KHz 82","Both males and females 20 YEARS - 69 YEARS",NA,"Code.or.Value=[""-21 to 51"", "".""]; Value.Description=[""Range of Values"", ""Missing""]; Count=[""1878"", ""168""]; Cumulative=[""1878"", ""2046""]; Skip.to.Item=[""NA"", ""NA""]"
"AUXAR_B","AUXRR183","AUXRR183","Acoustic Reflex Right Ear 1KHz 83","Acoustic Reflex Right Ear 1KHz 83","Both males and females 20 YEARS - 69 YEARS",NA,"Code.or.Value=[""-21 to 46"", "".""]; Value.Description=[""Range of Values"", ""Missing""]; Count=[""1878"", ""168""]; Cumulative=[""1878"", ""2046""]; Skip.to.Item=[""NA"", ""NA""]"
"AUXAR_B","AUXRR184","AUXRR184","Acoustic Reflex Right Ear 1KHz 84","Acoustic Reflex Right Ear 1KHz 84","Both males and females 20 YEARS - 69 YEARS",NA,"Code.or.Value=[""-8 to 61"", "".""]; Value.Description=[""Range of Values"", ""Missing""]; Count=[""1878"", ""168""]; Cumulative=[""1878"", ""2046""]; Skip.to.Item=[""NA"", ""NA""]"
"AUXAR_B","AUXLR101","AUXLR101","Acoustic Reflex Left Ear 1KHz 01","Acoustic Reflex Left Ear 1KHz 01","Both males and females 20 YEARS - 69 YEARS",NA,"Code.or.Value=[""-56 to 83"", "".""]; Value.Description=[""Range of Values"", ""Missing""]; Count=[""1883"", ""163""]; Cumulative=[""1883"", ""2046""]; Skip.to.Item=[""NA"", ""NA""]"
"AUXAR_B","AUXLR102","AUXLR102","Acoustic Reflex Left Ear 1KHz 02","Acoustic Reflex Left Ear 1KHz 02","Both males and females 20 YEARS - 69 YEARS",NA,"Code.or.Value=[""-56 to 85"", "".""]; Value.Description=[""Range of Values"", ""Missing""]; Count=[""1883"", ""163""]; Cumulative=[""1883"", ""2046""]; Skip.to.Item=[""NA"", ""NA""]"
"AUXAR_B","AUXLR103","AUXLR103","Acoustic Reflex Left Ear 1KHz 03","Acoustic Reflex Left Ear 1KHz 03","Both males and females 20 YEARS - 69 YEARS",NA,"Code.or.Value=[""-56 to 56"", "".""]; Value.Description=[""Range of Values"", ""Missing""]; Count=[""1883"", ""163""]; Cumulative=[""1883"", ""2046""]; Skip.to.Item=[""NA"", ""NA""]"
"AUXAR_B","AUXLR104","AUXLR104","Acoustic Reflex Left Ear 1KHz 04","Acoustic Reflex Left Ear 1KHz 04","Both males and females 20 YEARS - 69 YEARS",NA,"Code.or.Value=[""-54 to 55"", "".""]; Value.Description=[""Range of Values"", ""Missing""]; Count=[""1883"", ""163""]; Cumulative=[""1883"", ""2046""]; Skip.to.Item=[""NA"", ""NA""]"
"AUXAR_B","AUXLR105","AUXLR105","Acoustic Reflex Left Ear 1KHz 05","Acoustic Reflex Left Ear 1KHz 05","Both males and females 20 YEARS - 69 YEARS",NA,"Code.or.Value=[""-52 to 79"", "".""]; Value.Description=[""Range of Values"", ""Missing""]; Count=[""1883"", ""163""]; Cumulative=[""1883"", ""2046""]; Skip.to.Item=[""NA"", ""NA""]"
"AUXAR_B","AUXLR106","AUXLR106","Acoustic Reflex Left Ear 1KHz 06","Acoustic Reflex Left Ear 1KHz 06","Both males and females 20 YEARS - 69 YEARS",NA,"Code.or.Value=[""-51 to 64"", "".""]; Value.Description=[""Range of Values"", ""Missing""]; Count=[""1883"", ""163""]; Cumulative=[""1883"", ""2046""]; Skip.to.Item=[""NA"", ""NA""]"
"AUXAR_B","AUXLR107","AUXLR107","Acoustic Reflex Left Ear 1KHz 07","Acoustic Reflex Left Ear 1KHz 07","Both males and females 20 YEARS - 69 YEARS",NA,"Code.or.Value=[""-50 to 64"", "".""]; Value.Description=[""Range of Values"", ""Missing""]; Count=[""1883"", ""163""]; Cumulative=[""1883"", ""2046""]; Skip.to.Item=[""NA"", ""NA""]"
"AUXAR_B","AUXLR108","AUXLR108","Acoustic Reflex Left Ear 1KHz 08","Acoustic Reflex Left Ear 1KHz 08","Both males and females 20 YEARS - 69 YEARS",NA,"Code.or.Value=[""-49 to 66"", "".""]; Value.Description=[""Range of Values"", ""Missing""]; Count=[""1883"", ""163""]; Cumulative=[""1883"", ""2046""]; Skip.to.Item=[""NA"", ""NA""]"
"AUXAR_B","AUXLR109","AUXLR109","Acoustic Reflex Left Ear 1KHz 09","Acoustic Reflex Left Ear 1KHz 09","Both males and females 20 YEARS - 69 YEARS",NA,"Code.or.Value=[""-46 to 45"", "".""]; Value.Description=[""Range of Values"", ""Missing""]; Count=[""1883"", ""163""]; Cumulative=[""1883"", ""2046""]; Skip.to.Item=[""NA"", ""NA""]"
"AUXAR_B","AUXLR110","AUXLR110","Acoustic Reflex Left Ear 1KHz 10","Acoustic Reflex Left Ear 1KHz 10","Both males and females 20 YEARS - 69 YEARS",NA,"Code.or.Value=[""-42 to 45"", "".""]; Value.Description=[""Range of Values"", ""Missing""]; Count=[""1883"", ""163""]; Cumulative=[""1883"", ""2046""]; Skip.to.Item=[""NA"", ""NA""]"
"AUXAR_B","AUXLR111","AUXLR111","Acoustic Reflex Left Ear 1KHz 11","Acoustic Reflex Left Ear 1KHz 11","Both males and females 20 YEARS - 69 YEARS",NA,"Code.or.Value=[""-40 to 64"", "".""]; Value.Description=[""Range of Values"", ""Missing""]; Count=[""1883"", ""163""]; Cumulative=[""1883"", ""2046""]; Skip.to.Item=[""NA"", ""NA""]"
"AUXAR_B","AUXLR112","AUXLR112","Acoustic Reflex Left Ear 1KHz 12","Acoustic Reflex Left Ear 1KHz 12","Both males and females 20 YEARS - 69 YEARS",NA,"Code.or.Value=[""-39 to 60"", "".""]; Value.Description=[""Range of Values"", ""Missing""]; Count=[""1883"", ""163""]; Cumulative=[""1883"", ""2046""]; Skip.to.Item=[""NA"", ""NA""]"
"AUXAR_B","AUXLR113","AUXLR113","Acoustic Reflex Left Ear 1KHz 13","Acoustic Reflex Left Ear 1KHz 13","Both males and females 20 YEARS - 69 YEARS",NA,"Code.or.Value=[""-38 to 47"", "".""]; Value.Description=[""Range of Values"", ""Missing""]; Count=[""1883"", ""163""]; Cumulative=[""1883"", ""2046""]; Skip.to.Item=[""NA"", ""NA""]"
"AUXAR_B","AUXLR114","AUXLR114","Acoustic Reflex Left Ear 1KHz 14","Acoustic Reflex Left Ear 1KHz 14","Both males and females 20 YEARS - 69 YEARS",NA,"Code.or.Value=[""-37 to 53"", "".""]; Value.Description=[""Range of Values"", ""Missing""]; Count=[""1883"", ""163""]; Cumulative=[""1883"", ""2046""]; Skip.to.Item=[""NA"", ""NA""]"
"AUXAR_B","AUXLR115","AUXLR115","Acoustic Reflex Left Ear 1KHz 15","Acoustic Reflex Left Ear 1KHz 15","Both males and females 20 YEARS - 69 YEARS",NA,"Code.or.Value=[""-36 to 47"", "".""]; Value.Description=[""Range of Values"", ""Missing""]; Count=[""1883"", ""163""]; Cumulative=[""1883"", ""2046""]; Skip.to.Item=[""NA"", ""NA""]"
"AUXAR_B","AUXLR116","AUXLR116","Acoustic Reflex Left Ear 1KHz 16","Acoustic Reflex Left Ear 1KHz 16","Both males and females 20 YEARS - 69 YEARS",NA,"Code.or.Value=[""-37 to 68"", "".""]; Value.Description=[""Range of Values"", ""Missing""]; Count=[""1883"", ""163""]; Cumulative=[""1883"", ""2046""]; Skip.to.Item=[""NA"", ""NA""]"
"AUXAR_B","AUXLR117","AUXLR117","Acoustic Reflex Left Ear 1KHz 17","Acoustic Reflex Left Ear 1KHz 17","Both males and females 20 YEARS - 69 YEARS",NA,"Code.or.Value=[""-40 to 62"", "".""]; Value.Description=[""Range of Values"", ""Missing""]; Count=[""1883"", ""163""]; Cumulative=[""1883"", ""2046""]; Skip.to.Item=[""NA"", ""NA""]"
"AUXAR_B","AUXLR118","AUXLR118","Acoustic Reflex Left Ear 1KHz 18","Acoustic Reflex Left Ear 1KHz 18","Both males and females 20 YEARS - 69 YEARS",NA,"Code.or.Value=[""-46 to 68"", "".""]; Value.Description=[""Range of Values"", ""Missing""]; Count=[""1883"", ""163""]; Cumulative=[""1883"", ""2046""]; Skip.to.Item=[""NA"", ""NA""]"
"AUXAR_B","AUXLR119","AUXLR119","Acoustic Reflex Left Ear 1KHz 19","Acoustic Reflex Left Ear 1KHz 19","Both males and females 20 YEARS - 69 YEARS",NA,"Code.or.Value=[""-53 to 65"", "".""]; Value.Description=[""Range of Values"", ""Missing""]; Count=[""1883"", ""163""]; Cumulative=[""1883"", ""2046""]; Skip.to.Item=[""NA"", ""NA""]"
"AUXAR_B","AUXLR120","AUXLR120","Acoustic Reflex Left Ear 1KHz 20","Acoustic Reflex Left Ear 1KHz 20","Both males and females 20 YEARS - 69 YEARS",NA,"Code.or.Value=[""-60 to 59"", "".""]; Value.Description=[""Range of Values"", ""Missing""]; Count=[""1883"", ""163""]; Cumulative=[""1883"", ""2046""]; Skip.to.Item=[""NA"", ""NA""]"
"AUXAR_B","AUXLR121","AUXLR121","Acoustic Reflex Left Ear 1KHz 21","Acoustic Reflex Left Ear 1KHz 21","Both males and females 20 YEARS - 69 YEARS",NA,"Code.or.Value=[""-64 to 63"", "".""]; Value.Description=[""Range of Values"", ""Missing""]; Count=[""1883"", ""163""]; Cumulative=[""1883"", ""2046""]; Skip.to.Item=[""NA"", ""NA""]"
"AUXAR_B","AUXLR122","AUXLR122","Acoustic Reflex Left Ear 1KHz 22","Acoustic Reflex Left Ear 1KHz 22","Both males and females 20 YEARS - 69 YEARS",NA,"Code.or.Value=[""-66 to 73"", "".""]; Value.Description=[""Range of Values"", ""Missing""]; Count=[""1883"", ""163""]; Cumulative=[""1883"", ""2046""]; Skip.to.Item=[""NA"", ""NA""]"
"AUXAR_B","AUXLR123","AUXLR123","Acoustic Reflex Left Ear 1KHz 23","Acoustic Reflex Left Ear 1KHz 23","Both males and females 20 YEARS - 69 YEARS",NA,"Code.or.Value=[""-69 to 58"", "".""]; Value.Description=[""Range of Values"", ""Missing""]; Count=[""1883"", ""163""]; Cumulative=[""1883"", ""2046""]; Skip.to.Item=[""NA"", ""NA""]"
"AUXAR_B","AUXLR124","AUXLR124","Acoustic Reflex Left Ear 1KHz 24","Acoustic Reflex Left Ear 1KHz 24","Both males and females 20 YEARS - 69 YEARS",NA,"Code.or.Value=[""-71 to 58"", "".""]; Value.Description=[""Range of Values"", ""Missing""]; Count=[""1883"", ""163""]; Cumulative=[""1883"", ""2046""]; Skip.to.Item=[""NA"", ""NA""]"
"AUXAR_B","AUXLR125","AUXLR125","Acoustic Reflex Left Ear 1KHz 25","Acoustic Reflex Left Ear 1KHz 25","Both males and females 20 YEARS - 69 YEARS",NA,"Code.or.Value=[""-74 to 95"", "".""]; Value.Description=[""Range of Values"", ""Missing""]; Count=[""1883"", ""163""]; Cumulative=[""1883"", ""2046""]; Skip.to.Item=[""NA"", ""NA""]"
"AUXAR_B","AUXLR126","AUXLR126","Acoustic Reflex Left Ear 1KHz 26","Acoustic Reflex Left Ear 1KHz 26","Both males and females 20 YEARS - 69 YEARS",NA,"Code.or.Value=[""-78 to 89"", "".""]; Value.Description=[""Range of Values"", ""Missing""]; Count=[""1883"", ""163""]; Cumulative=[""1883"", ""2046""]; Skip.to.Item=[""NA"", ""NA""]"
"AUXAR_B","AUXLR127","AUXLR127","Acoustic Reflex Left Ear 1KHz 27","Acoustic Reflex Left Ear 1KHz 27","Both males and females 20 YEARS - 69 YEARS",NA,"Code.or.Value=[""-85 to 89"", "".""]; Value.Description=[""Range of Values"", ""Missing""]; Count=[""1883"", ""163""]; Cumulative=[""1883"", ""2046""]; Skip.to.Item=[""NA"", ""NA""]"
"AUXAR_B","AUXLR128","AUXLR128","Acoustic Reflex Left Ear 1KHz 28","Acoustic Reflex Left Ear 1KHz 28","Both males and females 20 YEARS - 69 YEARS",NA,"Code.or.Value=[""-95 to 124"", "".""]; Value.Description=[""Range of Values"", ""Missing""]; Count=[""1883"", ""163""]; Cumulative=[""1883"", ""2046""]; Skip.to.Item=[""NA"", ""NA""]"
"AUXAR_B","AUXLR129","AUXLR129","Acoustic Reflex Left Ear 1KHz 29","Acoustic Reflex Left Ear 1KHz 29","Both males and females 20 YEARS - 69 YEARS",NA,"Code.or.Value=[""-103 to 82"", "".""]; Value.Description=[""Range of Values"", ""Missing""]; Count=[""1883"", ""163""]; Cumulative=[""1883"", ""2046""]; Skip.to.Item=[""NA"", ""NA""]"
"AUXAR_B","AUXLR130","AUXLR130","Acoustic Reflex Left Ear 1KHz 30","Acoustic Reflex Left Ear 1KHz 30","Both males and females 20 YEARS - 69 YEARS",NA,"Code.or.Value=[""-106 to 50"", "".""]; Value.Description=[""Range of Values"", ""Missing""]; Count=[""1883"", ""163""]; Cumulative=[""1883"", ""2046""]; Skip.to.Item=[""NA"", ""NA""]"
"AUXAR_B","AUXLR131","AUXLR131","Acoustic Reflex Left Ear 1KHz 31","Acoustic Reflex Left Ear 1KHz 31","Both males and females 20 YEARS - 69 YEARS",NA,"Code.or.Value=[""-105 to 76"", "".""]; Value.Description=[""Range of Values"", ""Missing""]; Count=[""1883"", ""163""]; Cumulative=[""1883"", ""2046""]; Skip.to.Item=[""NA"", ""NA""]"
"AUXAR_B","AUXLR132","AUXLR132","Acoustic Reflex Left Ear 1KHz 32","Acoustic Reflex Left Ear 1KHz 32","Both males and females 20 YEARS - 69 YEARS",NA,"Code.or.Value=[""-101 to 66"", "".""]; Value.Description=[""Range of Values"", ""Missing""]; Count=[""1883"", ""163""]; Cumulative=[""1883"", ""2046""]; Skip.to.Item=[""NA"", ""NA""]"
"AUXAR_B","AUXLR133","AUXLR133","Acoustic Reflex Left Ear 1KHz 33","Acoustic Reflex Left Ear 1KHz 33","Both males and females 20 YEARS - 69 YEARS",NA,"Code.or.Value=[""-97 to 58"", "".""]; Value.Description=[""Range of Values"", ""Missing""]; Count=[""1883"", ""163""]; Cumulative=[""1883"", ""2046""]; Skip.to.Item=[""NA"", ""NA""]"
"AUXAR_B","AUXLR134","AUXLR134","Acoustic Reflex Left Ear 1KHz 34","Acoustic Reflex Left Ear 1KHz 34","Both males and females 20 YEARS - 69 YEARS",NA,"Code.or.Value=[""-92 to 53"", "".""]; Value.Description=[""Range of Values"", ""Missing""]; Count=[""1883"", ""163""]; Cumulative=[""1883"", ""2046""]; Skip.to.Item=[""NA"", ""NA""]"
"AUXAR_B","AUXLR135","AUXLR135","Acoustic Reflex Left Ear 1KHz 35","Acoustic Reflex Left Ear 1KHz 35","Both males and females 20 YEARS - 69 YEARS",NA,"Code.or.Value=[""-88 to 81"", "".""]; Value.Description=[""Range of Values"", ""Missing""]; Count=[""1883"", ""163""]; Cumulative=[""1883"", ""2046""]; Skip.to.Item=[""NA"", ""NA""]"
"AUXAR_B","AUXLR136","AUXLR136","Acoustic Reflex Left Ear 1KHz 36","Acoustic Reflex Left Ear 1KHz 36","Both males and females 20 YEARS - 69 YEARS",NA,"Code.or.Value=[""-86 to 93"", "".""]; Value.Description=[""Range of Values"", ""Missing""]; Count=[""1883"", ""163""]; Cumulative=[""1883"", ""2046""]; Skip.to.Item=[""NA"", ""NA""]"
"AUXAR_B","AUXLR137","AUXLR137","Acoustic Reflex Left Ear 1KHz 37","Acoustic Reflex Left Ear 1KHz 37","Both males and females 20 YEARS - 69 YEARS",NA,"Code.or.Value=[""-84 to 52"", "".""]; Value.Description=[""Range of Values"", ""Missing""]; Count=[""1883"", ""163""]; Cumulative=[""1883"", ""2046""]; Skip.to.Item=[""NA"", ""NA""]"
"AUXAR_B","AUXLR138","AUXLR138","Acoustic Reflex Left Ear 1KHz 38","Acoustic Reflex Left Ear 1KHz 38","Both males and females 20 YEARS - 69 YEARS",NA,"Code.or.Value=[""-82 to 61"", "".""]; Value.Description=[""Range of Values"", ""Missing""]; Count=[""1883"", ""163""]; Cumulative=[""1883"", ""2046""]; Skip.to.Item=[""NA"", ""NA""]"
"AUXAR_B","AUXLR139","AUXLR139","Acoustic Reflex Left Ear 1KHz 39","Acoustic Reflex Left Ear 1KHz 39","Both males and females 20 YEARS - 69 YEARS",NA,"Code.or.Value=[""-79 to 60"", "".""]; Value.Description=[""Range of Values"", ""Missing""]; Count=[""1883"", ""163""]; Cumulative=[""1883"", ""2046""]; Skip.to.Item=[""NA"", ""NA""]"
"AUXAR_B","AUXLR140","AUXLR140","Acoustic Reflex Left Ear 1KHz 40","Acoustic Reflex Left Ear 1KHz 40","Both males and females 20 YEARS - 69 YEARS",NA,"Code.or.Value=[""-72 to 70"", "".""]; Value.Description=[""Range of Values"", ""Missing""]; Count=[""1883"", ""163""]; Cumulative=[""1883"", ""2046""]; Skip.to.Item=[""NA"", ""NA""]"
"AUXAR_B","AUXLR141","AUXLR141","Acoustic Reflex Left Ear 1KHz 41","Acoustic Reflex Left Ear 1KHz 41","Both males and females 20 YEARS - 69 YEARS",NA,"Code.or.Value=[""-89 to 66"", "".""]; Value.Description=[""Range of Values"", ""Missing""]; Count=[""1883"", ""163""]; Cumulative=[""1883"", ""2046""]; Skip.to.Item=[""NA"", ""NA""]"
"AUXAR_B","AUXLR142","AUXLR142","Acoustic Reflex Left Ear 1KHz 42","Acoustic Reflex Left Ear 1KHz 42","Both males and females 20 YEARS - 69 YEARS",NA,"Code.or.Value=[""-94 to 66"", "".""]; Value.Description=[""Range of Values"", ""Missing""]; Count=[""1883"", ""163""]; Cumulative=[""1883"", ""2046""]; Skip.to.Item=[""NA"", ""NA""]"
"AUXAR_B","AUXLR143","AUXLR143","Acoustic Reflex Left Ear 1KHz 43","Acoustic Reflex Left Ear 1KHz 43","Both males and females 20 YEARS - 69 YEARS",NA,"Code.or.Value=[""-93 to 59"", "".""]; Value.Description=[""Range of Values"", ""Missing""]; Count=[""1883"", ""163""]; Cumulative=[""1883"", ""2046""]; Skip.to.Item=[""NA"", ""NA""]"
"AUXAR_B","AUXLR144","AUXLR144","Acoustic Reflex Left Ear 1KHz 44","Acoustic Reflex Left Ear 1KHz 44","Both males and females 20 YEARS - 69 YEARS",NA,"Code.or.Value=[""-91 to 62"", "".""]; Value.Description=[""Range of Values"", ""Missing""]; Count=[""1883"", ""163""]; Cumulative=[""1883"", ""2046""]; Skip.to.Item=[""NA"", ""NA""]"
"AUXAR_B","AUXLR145","AUXLR145","Acoustic Reflex Left Ear 1KHz 45","Acoustic Reflex Left Ear 1KHz 45","Both males and females 20 YEARS - 69 YEARS",NA,"Code.or.Value=[""-89 to 76"", "".""]; Value.Description=[""Range of Values"", ""Missing""]; Count=[""1883"", ""163""]; Cumulative=[""1883"", ""2046""]; Skip.to.Item=[""NA"", ""NA""]"
"AUXAR_B","AUXLR146","AUXLR146","Acoustic Reflex Left Ear 1KHz 46","Acoustic Reflex Left Ear 1KHz 46","Both males and females 20 YEARS - 69 YEARS",NA,"Code.or.Value=[""-84 to 47"", "".""]; Value.Description=[""Range of Values"", ""Missing""]; Count=[""1883"", ""163""]; Cumulative=[""1883"", ""2046""]; Skip.to.Item=[""NA"", ""NA""]"
"AUXAR_B","AUXLR147","AUXLR147","Acoustic Reflex Left Ear 1KHz 47","Acoustic Reflex Left Ear 1KHz 47","Both males and females 20 YEARS - 69 YEARS",NA,"Code.or.Value=[""-73 to 66"", "".""]; Value.Description=[""Range of Values"", ""Missing""]; Count=[""1883"", ""163""]; Cumulative=[""1883"", ""2046""]; Skip.to.Item=[""NA"", ""NA""]"
"AUXAR_B","AUXLR148","AUXLR148","Acoustic Reflex Left Ear 1KHz 48","Acoustic Reflex Left Ear 1KHz 48","Both males and females 20 YEARS - 69 YEARS",NA,"Code.or.Value=[""-54 to 54"", "".""]; Value.Description=[""Range of Values"", ""Missing""]; Count=[""1883"", ""163""]; Cumulative=[""1883"", ""2046""]; Skip.to.Item=[""NA"", ""NA""]"
"AUXAR_B","AUXLR149","AUXLR149","Acoustic Reflex Left Ear 1KHz 49","Acoustic Reflex Left Ear 1KHz 49","Both males and females 20 YEARS - 69 YEARS",NA,"Code.or.Value=[""-44 to 55"", "".""]; Value.Description=[""Range of Values"", ""Missing""]; Count=[""1883"", ""163""]; Cumulative=[""1883"", ""2046""]; Skip.to.Item=[""NA"", ""NA""]"
"AUXAR_B","AUXLR150","AUXLR150","Acoustic Reflex Left Ear 1KHz 50","Acoustic Reflex Left Ear 1KHz 50","Both males and females 20 YEARS - 69 YEARS",NA,"Code.or.Value=[""-40 to 47"", "".""]; Value.Description=[""Range of Values"", ""Missing""]; Count=[""1883"", ""163""]; Cumulative=[""1883"", ""2046""]; Skip.to.Item=[""NA"", ""NA""]"
"AUXAR_B","AUXLR151","AUXLR151","Acoustic Reflex Left Ear 1KHz 51","Acoustic Reflex Left Ear 1KHz 51","Both males and females 20 YEARS - 69 YEARS",NA,"Code.or.Value=[""-33 to 51"", "".""]; Value.Description=[""Range of Values"", ""Missing""]; Count=[""1883"", ""163""]; Cumulative=[""1883"", ""2046""]; Skip.to.Item=[""NA"", ""NA""]"
"AUXAR_B","AUXLR152","AUXLR152","Acoustic Reflex Left Ear 1KHz 52","Acoustic Reflex Left Ear 1KHz 52","Both males and females 20 YEARS - 69 YEARS",NA,"Code.or.Value=[""-28 to 88"", "".""]; Value.Description=[""Range of Values"", ""Missing""]; Count=[""1883"", ""163""]; Cumulative=[""1883"", ""2046""]; Skip.to.Item=[""NA"", ""NA""]"
"AUXAR_B","AUXLR153","AUXLR153","Acoustic Reflex Left Ear 1KHz 53","Acoustic Reflex Left Ear 1KHz 53","Both males and females 20 YEARS - 69 YEARS",NA,"Code.or.Value=[""-26 to 113"", "".""]; Value.Description=[""Range of Values"", ""Missing""]; Count=[""1883"", ""163""]; Cumulative=[""1883"", ""2046""]; Skip.to.Item=[""NA"", ""NA""]"
"AUXAR_B","AUXLR154","AUXLR154","Acoustic Reflex Left Ear 1KHz 54","Acoustic Reflex Left Ear 1KHz 54","Both males and females 20 YEARS - 69 YEARS",NA,"Code.or.Value=[""-22 to 85"", "".""]; Value.Description=[""Range of Values"", ""Missing""]; Count=[""1883"", ""163""]; Cumulative=[""1883"", ""2046""]; Skip.to.Item=[""NA"", ""NA""]"
"AUXAR_B","AUXLR155","AUXLR155","Acoustic Reflex Left Ear 1KHz 55","Acoustic Reflex Left Ear 1KHz 55","Both males and females 20 YEARS - 69 YEARS",NA,"Code.or.Value=[""-20 to 104"", "".""]; Value.Description=[""Range of Values"", ""Missing""]; Count=[""1883"", ""163""]; Cumulative=[""1883"", ""2046""]; Skip.to.Item=[""NA"", ""NA""]"
"AUXAR_B","AUXLR156","AUXLR156","Acoustic Reflex Left Ear 1KHz 56","Acoustic Reflex Left Ear 1KHz 56","Both males and females 20 YEARS - 69 YEARS",NA,"Code.or.Value=[""-15 to 109"", "".""]; Value.Description=[""Range of Values"", ""Missing""]; Count=[""1883"", ""163""]; Cumulative=[""1883"", ""2046""]; Skip.to.Item=[""NA"", ""NA""]"
"AUXAR_B","AUXLR157","AUXLR157","Acoustic Reflex Left Ear 1KHz 57","Acoustic Reflex Left Ear 1KHz 57","Both males and females 20 YEARS - 69 YEARS",NA,"Code.or.Value=[""-15 to 68"", "".""]; Value.Description=[""Range of Values"", ""Missing""]; Count=[""1883"", ""163""]; Cumulative=[""1883"", ""2046""]; Skip.to.Item=[""NA"", ""NA""]"
"AUXAR_B","AUXLR158","AUXLR158","Acoustic Reflex Left Ear 1KHz 58","Acoustic Reflex Left Ear 1KHz 58","Both males and females 20 YEARS - 69 YEARS",NA,"Code.or.Value=[""-22 to 51"", "".""]; Value.Description=[""Range of Values"", ""Missing""]; Count=[""1883"", ""163""]; Cumulative=[""1883"", ""2046""]; Skip.to.Item=[""NA"", ""NA""]"
"AUXAR_B","AUXLR159","AUXLR159","Acoustic Reflex Left Ear 1KHz 59","Acoustic Reflex Left Ear 1KHz 59","Both males and females 20 YEARS - 69 YEARS",NA,"Code.or.Value=[""-21 to 45"", "".""]; Value.Description=[""Range of Values"", ""Missing""]; Count=[""1883"", ""163""]; Cumulative=[""1883"", ""2046""]; Skip.to.Item=[""NA"", ""NA""]"
"AUXAR_B","AUXLR160","AUXLR160","Acoustic Reflex Left Ear 1KHz 60","Acoustic Reflex Left Ear 1KHz 60","Both males and females 20 YEARS - 69 YEARS",NA,"Code.or.Value=[""-16 to 45"", "".""]; Value.Description=[""Range of Values"", ""Missing""]; Count=[""1883"", ""163""]; Cumulative=[""1883"", ""2046""]; Skip.to.Item=[""NA"", ""NA""]"
"AUXAR_B","AUXLR161","AUXLR161","Acoustic Reflex Left Ear 1KHz 61","Acoustic Reflex Left Ear 1KHz 61","Both males and females 20 YEARS - 69 YEARS",NA,"Code.or.Value=[""-22 to 46"", "".""]; Value.Description=[""Range of Values"", ""Missing""]; Count=[""1883"", ""163""]; Cumulative=[""1883"", ""2046""]; Skip.to.Item=[""NA"", ""NA""]"
"AUXAR_B","AUXLR162","AUXLR162","Acoustic Reflex Left Ear 1KHz 62","Acoustic Reflex Left Ear 1KHz 62","Both males and females 20 YEARS - 69 YEARS",NA,"Code.or.Value=[""-21 to 60"", "".""]; Value.Description=[""Range of Values"", ""Missing""]; Count=[""1883"", ""163""]; Cumulative=[""1883"", ""2046""]; Skip.to.Item=[""NA"", ""NA""]"
"AUXAR_B","AUXLR163","AUXLR163","Acoustic Reflex Left Ear 1KHz 63","Acoustic Reflex Left Ear 1KHz 63","Both males and females 20 YEARS - 69 YEARS",NA,"Code.or.Value=[""-25 to 60"", "".""]; Value.Description=[""Range of Values"", ""Missing""]; Count=[""1883"", ""163""]; Cumulative=[""1883"", ""2046""]; Skip.to.Item=[""NA"", ""NA""]"
"AUXAR_B","AUXLR164","AUXLR164","Acoustic Reflex Left Ear 1KHz 64","Acoustic Reflex Left Ear 1KHz 64","Both males and females 20 YEARS - 69 YEARS",NA,"Code.or.Value=[""-25 to 64"", "".""]; Value.Description=[""Range of Values"", ""Missing""]; Count=[""1883"", ""163""]; Cumulative=[""1883"", ""2046""]; Skip.to.Item=[""NA"", ""NA""]"
"AUXAR_B","AUXLR165","AUXLR165","Acoustic Reflex Left Ear 1KHz 65","Acoustic Reflex Left Ear 1KHz 65","Both males and females 20 YEARS - 69 YEARS",NA,"Code.or.Value=[""-23 to 56"", "".""]; Value.Description=[""Range of Values"", ""Missing""]; Count=[""1883"", ""163""]; Cumulative=[""1883"", ""2046""]; Skip.to.Item=[""NA"", ""NA""]"
"AUXAR_B","AUXLR166","AUXLR166","Acoustic Reflex Left Ear 1KHz 66","Acoustic Reflex Left Ear 1KHz 66","Both males and females 20 YEARS - 69 YEARS",NA,"Code.or.Value=[""-22 to 49"", "".""]; Value.Description=[""Range of Values"", ""Missing""]; Count=[""1883"", ""163""]; Cumulative=[""1883"", ""2046""]; Skip.to.Item=[""NA"", ""NA""]"
"AUXAR_B","AUXLR167","AUXLR167","Acoustic Reflex Left Ear 1KHz 67","Acoustic Reflex Left Ear 1KHz 67","Both males and females 20 YEARS - 69 YEARS",NA,"Code.or.Value=[""-22 to 47"", "".""]; Value.Description=[""Range of Values"", ""Missing""]; Count=[""1883"", ""163""]; Cumulative=[""1883"", ""2046""]; Skip.to.Item=[""NA"", ""NA""]"
"AUXAR_B","AUXLR168","AUXLR168","Acoustic Reflex Left Ear 1KHz 68","Acoustic Reflex Left Ear 1KHz 68","Both males and females 20 YEARS - 69 YEARS",NA,"Code.or.Value=[""-22 to 50"", "".""]; Value.Description=[""Range of Values"", ""Missing""]; Count=[""1883"", ""163""]; Cumulative=[""1883"", ""2046""]; Skip.to.Item=[""NA"", ""NA""]"
"AUXAR_B","AUXLR169","AUXLR169","Acoustic Reflex Left Ear 1KHz 69","Acoustic Reflex Left Ear 1KHz 69","Both males and females 20 YEARS - 69 YEARS",NA,"Code.or.Value=[""-20 to 49"", "".""]; Value.Description=[""Range of Values"", ""Missing""]; Count=[""1883"", ""163""]; Cumulative=[""1883"", ""2046""]; Skip.to.Item=[""NA"", ""NA""]"
"AUXAR_B","AUXLR170","AUXLR170","Acoustic Reflex Left Ear 1KHz 70","Acoustic Reflex Left Ear 1KHz 70","Both males and females 20 YEARS - 69 YEARS",NA,"Code.or.Value=[""-16 to 55"", "".""]; Value.Description=[""Range of Values"", ""Missing""]; Count=[""1883"", ""163""]; Cumulative=[""1883"", ""2046""]; Skip.to.Item=[""NA"", ""NA""]"
"AUXAR_B","AUXLR171","AUXLR171","Acoustic Reflex Left Ear 1KHz 71","Acoustic Reflex Left Ear 1KHz 71","Both males and females 20 YEARS - 69 YEARS",NA,"Code.or.Value=[""-11 to 63"", "".""]; Value.Description=[""Range of Values"", ""Missing""]; Count=[""1883"", ""163""]; Cumulative=[""1883"", ""2046""]; Skip.to.Item=[""NA"", ""NA""]"
"AUXAR_B","AUXLR172","AUXLR172","Acoustic Reflex Left Ear 1KHz 72","Acoustic Reflex Left Ear 1KHz 72","Both males and females 20 YEARS - 69 YEARS",NA,"Code.or.Value=[""-9 to 62"", "".""]; Value.Description=[""Range of Values"", ""Missing""]; Count=[""1883"", ""163""]; Cumulative=[""1883"", ""2046""]; Skip.to.Item=[""NA"", ""NA""]"
"AUXAR_B","AUXLR173","AUXLR173","Acoustic Reflex Left Ear 1KHz 73","Acoustic Reflex Left Ear 1KHz 73","Both males and females 20 YEARS - 69 YEARS",NA,"Code.or.Value=[""-8 to 61"", "".""]; Value.Description=[""Range of Values"", ""Missing""]; Count=[""1883"", ""163""]; Cumulative=[""1883"", ""2046""]; Skip.to.Item=[""NA"", ""NA""]"
"AUXAR_B","AUXLR174","AUXLR174","Acoustic Reflex Left Ear 1KHz 74","Acoustic Reflex Left Ear 1KHz 74","Both males and females 20 YEARS - 69 YEARS",NA,"Code.or.Value=[""-8 to 62"", "".""]; Value.Description=[""Range of Values"", ""Missing""]; Count=[""1883"", ""163""]; Cumulative=[""1883"", ""2046""]; Skip.to.Item=[""NA"", ""NA""]"
"AUXAR_B","AUXLR175","AUXLR175","Acoustic Reflex Left Ear 1KHz 75","Acoustic Reflex Left Ear 1KHz 75","Both males and females 20 YEARS - 69 YEARS",NA,"Code.or.Value=[""-13 to 65"", "".""]; Value.Description=[""Range of Values"", ""Missing""]; Count=[""1883"", ""163""]; Cumulative=[""1883"", ""2046""]; Skip.to.Item=[""NA"", ""NA""]"
"AUXAR_B","AUXLR176","AUXLR176","Acoustic Reflex Left Ear 1KHz 76","Acoustic Reflex Left Ear 1KHz 76","Both males and females 20 YEARS - 69 YEARS",NA,"Code.or.Value=[""-20 to 71"", "".""]; Value.Description=[""Range of Values"", ""Missing""]; Count=[""1883"", ""163""]; Cumulative=[""1883"", ""2046""]; Skip.to.Item=[""NA"", ""NA""]"
"AUXAR_B","AUXLR177","AUXLR177","Acoustic Reflex Left Ear 1KHz 77","Acoustic Reflex Left Ear 1KHz 77","Both males and females 20 YEARS - 69 YEARS",NA,"Code.or.Value=[""-32 to 72"", "".""]; Value.Description=[""Range of Values"", ""Missing""]; Count=[""1883"", ""163""]; Cumulative=[""1883"", ""2046""]; Skip.to.Item=[""NA"", ""NA""]"
"AUXAR_B","AUXLR178","AUXLR178","Acoustic Reflex Left Ear 1KHz 78","Acoustic Reflex Left Ear 1KHz 78","Both males and females 20 YEARS - 69 YEARS",NA,"Code.or.Value=[""-22 to 70"", "".""]; Value.Description=[""Range of Values"", ""Missing""]; Count=[""1883"", ""163""]; Cumulative=[""1883"", ""2046""]; Skip.to.Item=[""NA"", ""NA""]"
"AUXAR_B","AUXLR179","AUXLR179","Acoustic Reflex Left Ear 1KHz 79","Acoustic Reflex Left Ear 1KHz 79","Both males and females 20 YEARS - 69 YEARS",NA,"Code.or.Value=[""-15 to 65"", "".""]; Value.Description=[""Range of Values"", ""Missing""]; Count=[""1883"", ""163""]; Cumulative=[""1883"", ""2046""]; Skip.to.Item=[""NA"", ""NA""]"
"AUXAR_B","AUXLR180","AUXLR180","Acoustic Reflex Left Ear 1KHz 80","Acoustic Reflex Left Ear 1KHz 80","Both males and females 20 YEARS - 69 YEARS",NA,"Code.or.Value=[""-14 to 68"", "".""]; Value.Description=[""Range of Values"", ""Missing""]; Count=[""1883"", ""163""]; Cumulative=[""1883"", ""2046""]; Skip.to.Item=[""NA"", ""NA""]"
"AUXAR_B","AUXLR181","AUXLR181","Acoustic Reflex Left Ear 1KHz 81","Acoustic Reflex Left Ear 1KHz 81","Both males and females 20 YEARS - 69 YEARS",NA,"Code.or.Value=[""-13 to 64"", "".""]; Value.Description=[""Range of Values"", ""Missing""]; Count=[""1883"", ""163""]; Cumulative=[""1883"", ""2046""]; Skip.to.Item=[""NA"", ""NA""]"
"AUXAR_B","AUXLR182","AUXLR182","Acoustic Reflex Left Ear 1KHz 82","Acoustic Reflex Left Ear 1KHz 82","Both males and females 20 YEARS - 69 YEARS",NA,"Code.or.Value=[""-19 to 63"", "".""]; Value.Description=[""Range of Values"", ""Missing""]; Count=[""1883"", ""163""]; Cumulative=[""1883"", ""2046""]; Skip.to.Item=[""NA"", ""NA""]"
"AUXAR_B","AUXLR183","AUXLR183","Acoustic Reflex Left Ear 1KHz 83","Acoustic Reflex Left Ear 1KHz 83","Both males and females 20 YEARS - 69 YEARS",NA,"Code.or.Value=[""-30 to 62"", "".""]; Value.Description=[""Range of Values"", ""Missing""]; Count=[""1883"", ""163""]; Cumulative=[""1883"", ""2046""]; Skip.to.Item=[""NA"", ""NA""]"
"AUXAR_B","AUXLR184","AUXLR184","Acoustic Reflex Left Ear 1KHz 84","Acoustic Reflex Left Ear 1KHz 84","Both males and females 20 YEARS - 69 YEARS",NA,"Code.or.Value=[""-30 to 62"", "".""]; Value.Description=[""Range of Values"", ""Missing""]; Count=[""1883"", ""163""]; Cumulative=[""1883"", ""2046""]; Skip.to.Item=[""NA"", ""NA""]"
"AUXAR_B","AUXRR201","AUXRR201","Acoustic Reflex Right Ear 2kHz 01","Acoustic Reflex Right Ear 2kHz 01","Both males and females 20 YEARS - 69 YEARS",NA,"Code.or.Value=[""-30 to 49"", "".""]; Value.Description=[""Range of Values"", ""Missing""]; Count=[""1878"", ""168""]; Cumulative=[""1878"", ""2046""]; Skip.to.Item=[""NA"", ""NA""]"
"AUXAR_B","AUXRR202","AUXRR202","Acoustic Reflex Right Ear 2kHz 02","Acoustic Reflex Right Ear 2kHz 02","Both males and females 20 YEARS - 69 YEARS",NA,"Code.or.Value=[""-30 to 59"", "".""]; Value.Description=[""Range of Values"", ""Missing""]; Count=[""1878"", ""168""]; Cumulative=[""1878"", ""2046""]; Skip.to.Item=[""NA"", ""NA""]"
"AUXAR_B","AUXRR203","AUXRR203","Acoustic Reflex Right Ear 2kHz 03","Acoustic Reflex Right Ear 2kHz 03","Both males and females 20 YEARS - 69 YEARS",NA,"Code.or.Value=[""-30 to 49"", "".""]; Value.Description=[""Range of Values"", ""Missing""]; Count=[""1878"", ""168""]; Cumulative=[""1878"", ""2046""]; Skip.to.Item=[""NA"", ""NA""]"
"AUXAR_B","AUXRR204","AUXRR204","Acoustic Reflex Right Ear 2kHz 04","Acoustic Reflex Right Ear 2kHz 04","Both males and females 20 YEARS - 69 YEARS",NA,"Code.or.Value=[""-30 to 71"", "".""]; Value.Description=[""Range of Values"", ""Missing""]; Count=[""1878"", ""168""]; Cumulative=[""1878"", ""2046""]; Skip.to.Item=[""NA"", ""NA""]"
"AUXAR_B","AUXRR205","AUXRR205","Acoustic Reflex Right Ear 2kHz 05","Acoustic Reflex Right Ear 2kHz 05","Both males and females 20 YEARS - 69 YEARS",NA,"Code.or.Value=[""-29 to 65"", "".""]; Value.Description=[""Range of Values"", ""Missing""]; Count=[""1878"", ""168""]; Cumulative=[""1878"", ""2046""]; Skip.to.Item=[""NA"", ""NA""]"
"AUXAR_B","AUXRR206","AUXRR206","Acoustic Reflex Right Ear 2kHz 06","Acoustic Reflex Right Ear 2kHz 06","Both males and females 20 YEARS - 69 YEARS",NA,"Code.or.Value=[""-27 to 50"", "".""]; Value.Description=[""Range of Values"", ""Missing""]; Count=[""1878"", ""168""]; Cumulative=[""1878"", ""2046""]; Skip.to.Item=[""NA"", ""NA""]"
"AUXAR_B","AUXRR207","AUXRR207","Acoustic Reflex Right Ear 2kHz 07","Acoustic Reflex Right Ear 2kHz 07","Both males and females 20 YEARS - 69 YEARS",NA,"Code.or.Value=[""-25 to 50"", "".""]; Value.Description=[""Range of Values"", ""Missing""]; Count=[""1878"", ""168""]; Cumulative=[""1878"", ""2046""]; Skip.to.Item=[""NA"", ""NA""]"
"AUXAR_B","AUXRR208","AUXRR208","Acoustic Reflex Right Ear 2kHz 08","Acoustic Reflex Right Ear 2kHz 08","Both males and females 20 YEARS - 69 YEARS",NA,"Code.or.Value=[""-20 to 51"", "".""]; Value.Description=[""Range of Values"", ""Missing""]; Count=[""1878"", ""168""]; Cumulative=[""1878"", ""2046""]; Skip.to.Item=[""NA"", ""NA""]"
"AUXAR_B","AUXRR209","AUXRR209","Acoustic Reflex Right Ear 2kHz 09","Acoustic Reflex Right Ear 2kHz 09","Both males and females 20 YEARS - 69 YEARS",NA,"Code.or.Value=[""-16 to 67"", "".""]; Value.Description=[""Range of Values"", ""Missing""]; Count=[""1878"", ""168""]; Cumulative=[""1878"", ""2046""]; Skip.to.Item=[""NA"", ""NA""]"
"AUXAR_B","AUXRR210","AUXRR210","Acoustic Reflex Right Ear 2kHz 10","Acoustic Reflex Right Ear 2kHz 10","Both males and females 20 YEARS - 69 YEARS",NA,"Code.or.Value=[""-33 to 59"", "".""]; Value.Description=[""Range of Values"", ""Missing""]; Count=[""1878"", ""168""]; Cumulative=[""1878"", ""2046""]; Skip.to.Item=[""NA"", ""NA""]"
"AUXAR_B","AUXRR211","AUXRR211","Acoustic Reflex Right Ear 2kHz 11","Acoustic Reflex Right Ear 2kHz 11","Both males and females 20 YEARS - 69 YEARS",NA,"Code.or.Value=[""-14 to 57"", "".""]; Value.Description=[""Range of Values"", ""Missing""]; Count=[""1878"", ""168""]; Cumulative=[""1878"", ""2046""]; Skip.to.Item=[""NA"", ""NA""]"
"AUXAR_B","AUXRR212","AUXRR212","Acoustic Reflex Right Ear 2kHz 12","Acoustic Reflex Right Ear 2kHz 12","Both males and females 20 YEARS - 69 YEARS",NA,"Code.or.Value=[""-13 to 67"", "".""]; Value.Description=[""Range of Values"", ""Missing""]; Count=[""1878"", ""168""]; Cumulative=[""1878"", ""2046""]; Skip.to.Item=[""NA"", ""NA""]"
"AUXAR_B","AUXRR213","AUXRR213","Acoustic Reflex Right Ear 2kHz 13","Acoustic Reflex Right Ear 2kHz 13","Both males and females 20 YEARS - 69 YEARS",NA,"Code.or.Value=[""-12 to 59"", "".""]; Value.Description=[""Range of Values"", ""Missing""]; Count=[""1878"", ""168""]; Cumulative=[""1878"", ""2046""]; Skip.to.Item=[""NA"", ""NA""]"
"AUXAR_B","AUXRR214","AUXRR214","Acoustic Reflex Right Ear 2kHz 14","Acoustic Reflex Right Ear 2kHz 14","Both males and females 20 YEARS - 69 YEARS",NA,"Code.or.Value=[""-11 to 52"", "".""]; Value.Description=[""Range of Values"", ""Missing""]; Count=[""1878"", ""168""]; Cumulative=[""1878"", ""2046""]; Skip.to.Item=[""NA"", ""NA""]"
"AUXAR_B","AUXRR215","AUXRR215","Acoustic Reflex Right Ear 2kHz 15","Acoustic Reflex Right Ear 2kHz 15","Both males and females 20 YEARS - 69 YEARS",NA,"Code.or.Value=[""-12 to 50"", "".""]; Value.Description=[""Range of Values"", ""Missing""]; Count=[""1878"", ""168""]; Cumulative=[""1878"", ""2046""]; Skip.to.Item=[""NA"", ""NA""]"
"AUXAR_B","AUXRR216","AUXRR216","Acoustic Reflex Right Ear 2kHz 16","Acoustic Reflex Right Ear 2kHz 16","Both males and females 20 YEARS - 69 YEARS",NA,"Code.or.Value=[""-14 to 43"", "".""]; Value.Description=[""Range of Values"", ""Missing""]; Count=[""1878"", ""168""]; Cumulative=[""1878"", ""2046""]; Skip.to.Item=[""NA"", ""NA""]"
"AUXAR_B","AUXRR217","AUXRR217","Acoustic Reflex Right Ear 2kHz 17","Acoustic Reflex Right Ear 2kHz 17","Both males and females 20 YEARS - 69 YEARS",NA,"Code.or.Value=[""-17 to 42"", "".""]; Value.Description=[""Range of Values"", ""Missing""]; Count=[""1878"", ""168""]; Cumulative=[""1878"", ""2046""]; Skip.to.Item=[""NA"", ""NA""]"
"AUXAR_B","AUXRR218","AUXRR218","Acoustic Reflex Right Ear 2kHz 18","Acoustic Reflex Right Ear 2kHz 18","Both males and females 20 YEARS - 69 YEARS",NA,"Code.or.Value=[""-32 to 42"", "".""]; Value.Description=[""Range of Values"", ""Missing""]; Count=[""1878"", ""168""]; Cumulative=[""1878"", ""2046""]; Skip.to.Item=[""NA"", ""NA""]"
"AUXAR_B","AUXRR219","AUXRR219","Acoustic Reflex Right Ear 2kHz 19","Acoustic Reflex Right Ear 2kHz 19","Both males and females 20 YEARS - 69 YEARS",NA,"Code.or.Value=[""-22 to 60"", "".""]; Value.Description=[""Range of Values"", ""Missing""]; Count=[""1878"", ""168""]; Cumulative=[""1878"", ""2046""]; Skip.to.Item=[""NA"", ""NA""]"
"AUXAR_B","AUXRR220","AUXRR220","Acoustic Reflex Right Ear 2kHz 20","Acoustic Reflex Right Ear 2kHz 20","Both males and females 20 YEARS - 69 YEARS",NA,"Code.or.Value=[""-20 to 46"", "".""]; Value.Description=[""Range of Values"", ""Missing""]; Count=[""1878"", ""168""]; Cumulative=[""1878"", ""2046""]; Skip.to.Item=[""NA"", ""NA""]"
"AUXAR_B","AUXRR221","AUXRR221","Acoustic Reflex Right Ear 2kHz 21","Acoustic Reflex Right Ear 2kHz 21","Both males and females 20 YEARS - 69 YEARS",NA,"Code.or.Value=[""-16 to 64"", "".""]; Value.Description=[""Range of Values"", ""Missing""]; Count=[""1878"", ""168""]; Cumulative=[""1878"", ""2046""]; Skip.to.Item=[""NA"", ""NA""]"
"AUXAR_B","AUXRR222","AUXRR222","Acoustic Reflex Right Ear 2kHz 22","Acoustic Reflex Right Ear 2kHz 22","Both males and females 20 YEARS - 69 YEARS",NA,"Code.or.Value=[""-20 to 79"", "".""]; Value.Description=[""Range of Values"", ""Missing""]; Count=[""1878"", ""168""]; Cumulative=[""1878"", ""2046""]; Skip.to.Item=[""NA"", ""NA""]"
"AUXAR_B","AUXRR223","AUXRR223","Acoustic Reflex Right Ear 2kHz 23","Acoustic Reflex Right Ear 2kHz 23","Both males and females 20 YEARS - 69 YEARS",NA,"Code.or.Value=[""-28 to 64"", "".""]; Value.Description=[""Range of Values"", ""Missing""]; Count=[""1878"", ""168""]; Cumulative=[""1878"", ""2046""]; Skip.to.Item=[""NA"", ""NA""]"
"AUXAR_B","AUXRR224","AUXRR224","Acoustic Reflex Right Ear 2kHz 24","Acoustic Reflex Right Ear 2kHz 24","Both males and females 20 YEARS - 69 YEARS",NA,"Code.or.Value=[""-29 to 78"", "".""]; Value.Description=[""Range of Values"", ""Missing""]; Count=[""1878"", ""168""]; Cumulative=[""1878"", ""2046""]; Skip.to.Item=[""NA"", ""NA""]"
"AUXAR_B","AUXRR225","AUXRR225","Acoustic Reflex Right Ear 2kHz 25","Acoustic Reflex Right Ear 2kHz 25","Both males and females 20 YEARS - 69 YEARS",NA,"Code.or.Value=[""-12 to 53"", "".""]; Value.Description=[""Range of Values"", ""Missing""]; Count=[""1878"", ""168""]; Cumulative=[""1878"", ""2046""]; Skip.to.Item=[""NA"", ""NA""]"
"AUXAR_B","AUXRR226","AUXRR226","Acoustic Reflex Right Ear 2kHz 26","Acoustic Reflex Right Ear 2kHz 26","Both males and females 20 YEARS - 69 YEARS",NA,"Code.or.Value=[""-12 to 63"", "".""]; Value.Description=[""Range of Values"", ""Missing""]; Count=[""1878"", ""168""]; Cumulative=[""1878"", ""2046""]; Skip.to.Item=[""NA"", ""NA""]"
"AUXAR_B","AUXRR227","AUXRR227","Acoustic Reflex Right Ear 2kHz 27","Acoustic Reflex Right Ear 2kHz 27","Both males and females 20 YEARS - 69 YEARS",NA,"Code.or.Value=[""-19 to 67"", "".""]; Value.Description=[""Range of Values"", ""Missing""]; Count=[""1878"", ""168""]; Cumulative=[""1878"", ""2046""]; Skip.to.Item=[""NA"", ""NA""]"
"AUXAR_B","AUXRR228","AUXRR228","Acoustic Reflex Right Ear 2kHz 28","Acoustic Reflex Right Ear 2kHz 28","Both males and females 20 YEARS - 69 YEARS",NA,"Code.or.Value=[""-20 to 66"", "".""]; Value.Description=[""Range of Values"", ""Missing""]; Count=[""1878"", ""168""]; Cumulative=[""1878"", ""2046""]; Skip.to.Item=[""NA"", ""NA""]"
"AUXAR_B","AUXRR229","AUXRR229","Acoustic Reflex Right Ear 2kHz 29","Acoustic Reflex Right Ear 2kHz 29","Both males and females 20 YEARS - 69 YEARS",NA,"Code.or.Value=[""-16 to 62"", "".""]; Value.Description=[""Range of Values"", ""Missing""]; Count=[""1878"", ""168""]; Cumulative=[""1878"", ""2046""]; Skip.to.Item=[""NA"", ""NA""]"
"AUXAR_B","AUXRR230","AUXRR230","Acoustic Reflex Right Ear 2kHz 30","Acoustic Reflex Right Ear 2kHz 30","Both males and females 20 YEARS - 69 YEARS",NA,"Code.or.Value=[""-13 to 45"", "".""]; Value.Description=[""Range of Values"", ""Missing""]; Count=[""1878"", ""168""]; Cumulative=[""1878"", ""2046""]; Skip.to.Item=[""NA"", ""NA""]"
"AUXAR_B","AUXRR231","AUXRR231","Acoustic Reflex Right Ear 2kHz 31","Acoustic Reflex Right Ear 2kHz 31","Both males and females 20 YEARS - 69 YEARS",NA,"Code.or.Value=[""-23 to 47"", "".""]; Value.Description=[""Range of Values"", ""Missing""]; Count=[""1878"", ""168""]; Cumulative=[""1878"", ""2046""]; Skip.to.Item=[""NA"", ""NA""]"
"AUXAR_B","AUXRR232","AUXRR232","Acoustic Reflex Right Ear 2kHz 32","Acoustic Reflex Right Ear 2kHz 32","Both males and females 20 YEARS - 69 YEARS",NA,"Code.or.Value=[""-18 to 48"", "".""]; Value.Description=[""Range of Values"", ""Missing""]; Count=[""1878"", ""168""]; Cumulative=[""1878"", ""2046""]; Skip.to.Item=[""NA"", ""NA""]"
"AUXAR_B","AUXRR233","AUXRR233","Acoustic Reflex Right Ear 2kHz 33","Acoustic Reflex Right Ear 2kHz 33","Both males and females 20 YEARS - 69 YEARS",NA,"Code.or.Value=[""-17 to 46"", "".""]; Value.Description=[""Range of Values"", ""Missing""]; Count=[""1878"", ""168""]; Cumulative=[""1878"", ""2046""]; Skip.to.Item=[""NA"", ""NA""]"
"AUXAR_B","AUXRR234","AUXRR234","Acoustic Reflex Right Ear 2kHz 34","Acoustic Reflex Right Ear 2kHz 34","Both males and females 20 YEARS - 69 YEARS",NA,"Code.or.Value=[""-14 to 51"", "".""]; Value.Description=[""Range of Values"", ""Missing""]; Count=[""1878"", ""168""]; Cumulative=[""1878"", ""2046""]; Skip.to.Item=[""NA"", ""NA""]"
"AUXAR_B","AUXRR235","AUXRR235","Acoustic Reflex Right Ear 2kHz 35","Acoustic Reflex Right Ear 2kHz 35","Both males and females 20 YEARS - 69 YEARS",NA,"Code.or.Value=[""-10 to 48"", "".""]; Value.Description=[""Range of Values"", ""Missing""]; Count=[""1878"", ""168""]; Cumulative=[""1878"", ""2046""]; Skip.to.Item=[""NA"", ""NA""]"
"AUXAR_B","AUXRR236","AUXRR236","Acoustic Reflex Right Ear 2kHz 36","Acoustic Reflex Right Ear 2kHz 36","Both males and females 20 YEARS - 69 YEARS",NA,"Code.or.Value=[""-16 to 42"", "".""]; Value.Description=[""Range of Values"", ""Missing""]; Count=[""1878"", ""168""]; Cumulative=[""1878"", ""2046""]; Skip.to.Item=[""NA"", ""NA""]"
"AUXAR_B","AUXRR237","AUXRR237","Acoustic Reflex Right Ear 2kHz 37","Acoustic Reflex Right Ear 2kHz 37","Both males and females 20 YEARS - 69 YEARS",NA,"Code.or.Value=[""-18 to 47"", "".""]; Value.Description=[""Range of Values"", ""Missing""]; Count=[""1878"", ""168""]; Cumulative=[""1878"", ""2046""]; Skip.to.Item=[""NA"", ""NA""]"
"AUXAR_B","AUXRR238","AUXRR238","Acoustic Reflex Right Ear 2kHz 38","Acoustic Reflex Right Ear 2kHz 38","Both males and females 20 YEARS - 69 YEARS",NA,"Code.or.Value=[""-13 to 36"", "".""]; Value.Description=[""Range of Values"", ""Missing""]; Count=[""1878"", ""168""]; Cumulative=[""1878"", ""2046""]; Skip.to.Item=[""NA"", ""NA""]"
"AUXAR_B","AUXRR239","AUXRR239","Acoustic Reflex Right Ear 2kHz 39","Acoustic Reflex Right Ear 2kHz 39","Both males and females 20 YEARS - 69 YEARS",NA,"Code.or.Value=[""-14 to 37"", "".""]; Value.Description=[""Range of Values"", ""Missing""]; Count=[""1878"", ""168""]; Cumulative=[""1878"", ""2046""]; Skip.to.Item=[""NA"", ""NA""]"
"AUXAR_B","AUXRR240","AUXRR240","Acoustic Reflex Right Ear 2kHz 40","Acoustic Reflex Right Ear 2kHz 40","Both males and females 20 YEARS - 69 YEARS",NA,"Code.or.Value=[""-17 to 51"", "".""]; Value.Description=[""Range of Values"", ""Missing""]; Count=[""1878"", ""168""]; Cumulative=[""1878"", ""2046""]; Skip.to.Item=[""NA"", ""NA""]"
"AUXAR_B","AUXRR241","AUXRR241","Acoustic Reflex Right Ear 2kHz 41","Acoustic Reflex Right Ear 2kHz 41","Both males and females 20 YEARS - 69 YEARS",NA,"Code.or.Value=[""-16 to 40"", "".""]; Value.Description=[""Range of Values"", ""Missing""]; Count=[""1878"", ""168""]; Cumulative=[""1878"", ""2046""]; Skip.to.Item=[""NA"", ""NA""]"
"AUXAR_B","AUXRR242","AUXRR242","Acoustic Reflex Right Ear 2kHz 42","Acoustic Reflex Right Ear 2kHz 42","Both males and females 20 YEARS - 69 YEARS",NA,"Code.or.Value=[""-21 to 39"", "".""]; Value.Description=[""Range of Values"", ""Missing""]; Count=[""1878"", ""168""]; Cumulative=[""1878"", ""2046""]; Skip.to.Item=[""NA"", ""NA""]"
"AUXAR_B","AUXRR243","AUXRR243","Acoustic Reflex Right Ear 2kHz 43","Acoustic Reflex Right Ear 2kHz 43","Both males and females 20 YEARS - 69 YEARS",NA,"Code.or.Value=[""-28 to 40"", "".""]; Value.Description=[""Range of Values"", ""Missing""]; Count=[""1878"", ""168""]; Cumulative=[""1878"", ""2046""]; Skip.to.Item=[""NA"", ""NA""]"
"AUXAR_B","AUXRR244","AUXRR244","Acoustic Reflex Right Ear 2kHz 44","Acoustic Reflex Right Ear 2kHz 44","Both males and females 20 YEARS - 69 YEARS",NA,"Code.or.Value=[""-26 to 51"", "".""]; Value.Description=[""Range of Values"", ""Missing""]; Count=[""1878"", ""168""]; Cumulative=[""1878"", ""2046""]; Skip.to.Item=[""NA"", ""NA""]"
"AUXAR_B","AUXRR245","AUXRR245","Acoustic Reflex Right Ear 2kHz 45","Acoustic Reflex Right Ear 2kHz 45","Both males and females 20 YEARS - 69 YEARS",NA,"Code.or.Value=[""-23 to 53"", "".""]; Value.Description=[""Range of Values"", ""Missing""]; Count=[""1878"", ""168""]; Cumulative=[""1878"", ""2046""]; Skip.to.Item=[""NA"", ""NA""]"
"AUXAR_B","AUXRR246","AUXRR246","Acoustic Reflex Right Ear 2kHz 46","Acoustic Reflex Right Ear 2kHz 46","Both males and females 20 YEARS - 69 YEARS",NA,"Code.or.Value=[""-22 to 44"", "".""]; Value.Description=[""Range of Values"", ""Missing""]; Count=[""1878"", ""168""]; Cumulative=[""1878"", ""2046""]; Skip.to.Item=[""NA"", ""NA""]"
"AUXAR_B","AUXRR247","AUXRR247","Acoustic Reflex Right Ear 2kHz 47","Acoustic Reflex Right Ear 2kHz 47","Both males and females 20 YEARS - 69 YEARS",NA,"Code.or.Value=[""-23 to 41"", "".""]; Value.Description=[""Range of Values"", ""Missing""]; Count=[""1878"", ""168""]; Cumulative=[""1878"", ""2046""]; Skip.to.Item=[""NA"", ""NA""]"
"AUXAR_B","AUXRR248","AUXRR248","Acoustic Reflex Right Ear 2kHz 48","Acoustic Reflex Right Ear 2kHz 48","Both males and females 20 YEARS - 69 YEARS",NA,"Code.or.Value=[""-21 to 54"", "".""]; Value.Description=[""Range of Values"", ""Missing""]; Count=[""1878"", ""168""]; Cumulative=[""1878"", ""2046""]; Skip.to.Item=[""NA"", ""NA""]"
"AUXAR_B","AUXRR249","AUXRR249","Acoustic Reflex Right Ear 2kHz 49","Acoustic Reflex Right Ear 2kHz 49","Both males and females 20 YEARS - 69 YEARS",NA,"Code.or.Value=[""-14 to 58"", "".""]; Value.Description=[""Range of Values"", ""Missing""]; Count=[""1878"", ""168""]; Cumulative=[""1878"", ""2046""]; Skip.to.Item=[""NA"", ""NA""]"
"AUXAR_B","AUXRR250","AUXRR250","Acoustic Reflex Right Ear 2kHz 50","Acoustic Reflex Right Ear 2kHz 50","Both males and females 20 YEARS - 69 YEARS",NA,"Code.or.Value=[""-10 to 50"", "".""]; Value.Description=[""Range of Values"", ""Missing""]; Count=[""1878"", ""168""]; Cumulative=[""1878"", ""2046""]; Skip.to.Item=[""NA"", ""NA""]"
"AUXAR_B","AUXRR251","AUXRR251","Acoustic Reflex Right Ear 2kHz 51","Acoustic Reflex Right Ear 2kHz 51","Both males and females 20 YEARS - 69 YEARS",NA,"Code.or.Value=[""-21 to 43"", "".""]; Value.Description=[""Range of Values"", ""Missing""]; Count=[""1878"", ""168""]; Cumulative=[""1878"", ""2046""]; Skip.to.Item=[""NA"", ""NA""]"
"AUXAR_B","AUXRR252","AUXRR252","Acoustic Reflex Right Ear 2kHz 52","Acoustic Reflex Right Ear 2kHz 52","Both males and females 20 YEARS - 69 YEARS",NA,"Code.or.Value=[""-49 to 51"", "".""]; Value.Description=[""Range of Values"", ""Missing""]; Count=[""1878"", ""168""]; Cumulative=[""1878"", ""2046""]; Skip.to.Item=[""NA"", ""NA""]"
"AUXAR_B","AUXRR253","AUXRR253","Acoustic Reflex Right Ear 2kHz 53","Acoustic Reflex Right Ear 2kHz 53","Both males and females 20 YEARS - 69 YEARS",NA,"Code.or.Value=[""-63 to 36"", "".""]; Value.Description=[""Range of Values"", ""Missing""]; Count=[""1878"", ""168""]; Cumulative=[""1878"", ""2046""]; Skip.to.Item=[""NA"", ""NA""]"
"AUXAR_B","AUXRR254","AUXRR254","Acoustic Reflex Right Ear 2kHz 54","Acoustic Reflex Right Ear 2kHz 54","Both males and females 20 YEARS - 69 YEARS",NA,"Code.or.Value=[""-60 to 45"", "".""]; Value.Description=[""Range of Values"", ""Missing""]; Count=[""1878"", ""168""]; Cumulative=[""1878"", ""2046""]; Skip.to.Item=[""NA"", ""NA""]"
"AUXAR_B","AUXRR255","AUXRR255","Acoustic Reflex Right Ear 2kHz 55","Acoustic Reflex Right Ear 2kHz 55","Both males and females 20 YEARS - 69 YEARS",NA,"Code.or.Value=[""-16 to 49"", "".""]; Value.Description=[""Range of Values"", ""Missing""]; Count=[""1878"", ""168""]; Cumulative=[""1878"", ""2046""]; Skip.to.Item=[""NA"", ""NA""]"
"AUXAR_B","AUXRR256","AUXRR256","Acoustic Reflex Right Ear 2kHz 56","Acoustic Reflex Right Ear 2kHz 56","Both males and females 20 YEARS - 69 YEARS",NA,"Code.or.Value=[""-17 to 89"", "".""]; Value.Description=[""Range of Values"", ""Missing""]; Count=[""1878"", ""168""]; Cumulative=[""1878"", ""2046""]; Skip.to.Item=[""NA"", ""NA""]"
"AUXAR_B","AUXRR257","AUXRR257","Acoustic Reflex Right Ear 2kHz 57","Acoustic Reflex Right Ear 2kHz 57","Both males and females 20 YEARS - 69 YEARS",NA,"Code.or.Value=[""-8 to 139"", "".""]; Value.Description=[""Range of Values"", ""Missing""]; Count=[""1878"", ""168""]; Cumulative=[""1878"", ""2046""]; Skip.to.Item=[""NA"", ""NA""]"
"AUXAR_B","AUXRR258","AUXRR258","Acoustic Reflex Right Ear 2kHz 58","Acoustic Reflex Right Ear 2kHz 58","Both males and females 20 YEARS - 69 YEARS",NA,"Code.or.Value=[""-6 to 120"", "".""]; Value.Description=[""Range of Values"", ""Missing""]; Count=[""1878"", ""168""]; Cumulative=[""1878"", ""2046""]; Skip.to.Item=[""NA"", ""NA""]"
"AUXAR_B","AUXRR259","AUXRR259","Acoustic Reflex Right Ear 2kHz 59","Acoustic Reflex Right Ear 2kHz 59","Both males and females 20 YEARS - 69 YEARS",NA,"Code.or.Value=[""-6 to 45"", "".""]; Value.Description=[""Range of Values"", ""Missing""]; Count=[""1878"", ""168""]; Cumulative=[""1878"", ""2046""]; Skip.to.Item=[""NA"", ""NA""]"
"AUXAR_B","AUXRR260","AUXRR260","Acoustic Reflex Right Ear 2kHz 60","Acoustic Reflex Right Ear 2kHz 60","Both males and females 20 YEARS - 69 YEARS",NA,"Code.or.Value=[""-15 to 73"", "".""]; Value.Description=[""Range of Values"", ""Missing""]; Count=[""1878"", ""168""]; Cumulative=[""1878"", ""2046""]; Skip.to.Item=[""NA"", ""NA""]"
"AUXAR_B","AUXRR261","AUXRR261","Acoustic Reflex Right Ear 2kHz 61","Acoustic Reflex Right Ear 2kHz 61","Both males and females 20 YEARS - 69 YEARS",NA,"Code.or.Value=[""-6 to 54"", "".""]; Value.Description=[""Range of Values"", ""Missing""]; Count=[""1878"", ""168""]; Cumulative=[""1878"", ""2046""]; Skip.to.Item=[""NA"", ""NA""]"
"AUXAR_B","AUXRR262","AUXRR262","Acoustic Reflex Right Ear 2kHz 62","Acoustic Reflex Right Ear 2kHz 62","Both males and females 20 YEARS - 69 YEARS",NA,"Code.or.Value=[""-6 to 47"", "".""]; Value.Description=[""Range of Values"", ""Missing""]; Count=[""1878"", ""168""]; Cumulative=[""1878"", ""2046""]; Skip.to.Item=[""NA"", ""NA""]"
"AUXAR_B","AUXRR263","AUXRR263","Acoustic Reflex Right Ear 2kHz 63","Acoustic Reflex Right Ear 2kHz 63","Both males and females 20 YEARS - 69 YEARS",NA,"Code.or.Value=[""-6 to 68"", "".""]; Value.Description=[""Range of Values"", ""Missing""]; Count=[""1878"", ""168""]; Cumulative=[""1878"", ""2046""]; Skip.to.Item=[""NA"", ""NA""]"
"AUXAR_B","AUXRR264","AUXRR264","Acoustic Reflex Right Ear 2kHz 64","Acoustic Reflex Right Ear 2kHz 64","Both males and females 20 YEARS - 69 YEARS",NA,"Code.or.Value=[""-10 to 54"", "".""]; Value.Description=[""Range of Values"", ""Missing""]; Count=[""1878"", ""168""]; Cumulative=[""1878"", ""2046""]; Skip.to.Item=[""NA"", ""NA""]"
"AUXAR_B","AUXRR265","AUXRR265","Acoustic Reflex Right Ear 2kHz 65","Acoustic Reflex Right Ear 2kHz 65","Both males and females 20 YEARS - 69 YEARS",NA,"Code.or.Value=[""-13 to 76"", "".""]; Value.Description=[""Range of Values"", ""Missing""]; Count=[""1878"", ""168""]; Cumulative=[""1878"", ""2046""]; Skip.to.Item=[""NA"", ""NA""]"
"AUXAR_B","AUXRR266","AUXRR266","Acoustic Reflex Right Ear 2kHz 66","Acoustic Reflex Right Ear 2kHz 66","Both males and females 20 YEARS - 69 YEARS",NA,"Code.or.Value=[""-9 to 95"", "".""]; Value.Description=[""Range of Values"", ""Missing""]; Count=[""1878"", ""168""]; Cumulative=[""1878"", ""2046""]; Skip.to.Item=[""NA"", ""NA""]"
"AUXAR_B","AUXRR267","AUXRR267","Acoustic Reflex Right Ear 2kHz 67","Acoustic Reflex Right Ear 2kHz 67","Both males and females 20 YEARS - 69 YEARS",NA,"Code.or.Value=[""-10 to 79"", "".""]; Value.Description=[""Range of Values"", ""Missing""]; Count=[""1878"", ""168""]; Cumulative=[""1878"", ""2046""]; Skip.to.Item=[""NA"", ""NA""]"
"AUXAR_B","AUXRR268","AUXRR268","Acoustic Reflex Right Ear 2kHz 68","Acoustic Reflex Right Ear 2kHz 68","Both males and females 20 YEARS - 69 YEARS",NA,"Code.or.Value=[""-11 to 50"", "".""]; Value.Description=[""Range of Values"", ""Missing""]; Count=[""1878"", ""168""]; Cumulative=[""1878"", ""2046""]; Skip.to.Item=[""NA"", ""NA""]"
"AUXAR_B","AUXRR269","AUXRR269","Acoustic Reflex Right Ear 2kHz 69","Acoustic Reflex Right Ear 2kHz 69","Both males and females 20 YEARS - 69 YEARS",NA,"Code.or.Value=[""-24 to 51"", "".""]; Value.Description=[""Range of Values"", ""Missing""]; Count=[""1878"", ""168""]; Cumulative=[""1878"", ""2046""]; Skip.to.Item=[""NA"", ""NA""]"
"AUXAR_B","AUXRR270","AUXRR270","Acoustic Reflex Right Ear 2kHz 70","Acoustic Reflex Right Ear 2kHz 70","Both males and females 20 YEARS - 69 YEARS",NA,"Code.or.Value=[""-20 to 49"", "".""]; Value.Description=[""Range of Values"", ""Missing""]; Count=[""1878"", ""168""]; Cumulative=[""1878"", ""2046""]; Skip.to.Item=[""NA"", ""NA""]"
"AUXAR_B","AUXRR271","AUXRR271","Acoustic Reflex Right Ear 2kHz 71","Acoustic Reflex Right Ear 2kHz 71","Both males and females 20 YEARS - 69 YEARS",NA,"Code.or.Value=[""-9 to 60"", "".""]; Value.Description=[""Range of Values"", ""Missing""]; Count=[""1878"", ""168""]; Cumulative=[""1878"", ""2046""]; Skip.to.Item=[""NA"", ""NA""]"
"AUXAR_B","AUXRR272","AUXRR272","Acoustic Reflex Right Ear 2kHz 72","Acoustic Reflex Right Ear 2kHz 72","Both males and females 20 YEARS - 69 YEARS",NA,"Code.or.Value=[""-15 to 112"", "".""]; Value.Description=[""Range of Values"", ""Missing""]; Count=[""1878"", ""168""]; Cumulative=[""1878"", ""2046""]; Skip.to.Item=[""NA"", ""NA""]"
"AUXAR_B","AUXRR273","AUXRR273","Acoustic Reflex Right Ear 2kHz 73","Acoustic Reflex Right Ear 2kHz 73","Both males and females 20 YEARS - 69 YEARS",NA,"Code.or.Value=[""-19 to 124"", "".""]; Value.Description=[""Range of Values"", ""Missing""]; Count=[""1878"", ""168""]; Cumulative=[""1878"", ""2046""]; Skip.to.Item=[""NA"", ""NA""]"
"AUXAR_B","AUXRR274","AUXRR274","Acoustic Reflex Right Ear 2kHz 74","Acoustic Reflex Right Ear 2kHz 74","Both males and females 20 YEARS - 69 YEARS",NA,"Code.or.Value=[""-19 to 73"", "".""]; Value.Description=[""Range of Values"", ""Missing""]; Count=[""1878"", ""168""]; Cumulative=[""1878"", ""2046""]; Skip.to.Item=[""NA"", ""NA""]"
"AUXAR_B","AUXRR275","AUXRR275","Acoustic Reflex Right Ear 2kHz 75","Acoustic Reflex Right Ear 2kHz 75","Both males and females 20 YEARS - 69 YEARS",NA,"Code.or.Value=[""-16 to 47"", "".""]; Value.Description=[""Range of Values"", ""Missing""]; Count=[""1878"", ""168""]; Cumulative=[""1878"", ""2046""]; Skip.to.Item=[""NA"", ""NA""]"
"AUXAR_B","AUXRR276","AUXRR276","Acoustic Reflex Right Ear 2kHz 76","Acoustic Reflex Right Ear 2kHz 76","Both males and females 20 YEARS - 69 YEARS",NA,"Code.or.Value=[""-10 to 65"", "".""]; Value.Description=[""Range of Values"", ""Missing""]; Count=[""1878"", ""168""]; Cumulative=[""1878"", ""2046""]; Skip.to.Item=[""NA"", ""NA""]"
"AUXAR_B","AUXRR277","AUXRR277","Acoustic Reflex Right Ear 2kHz 77","Acoustic Reflex Right Ear 2kHz 77","Both males and females 20 YEARS - 69 YEARS",NA,"Code.or.Value=[""-10 to 43"", "".""]; Value.Description=[""Range of Values"", ""Missing""]; Count=[""1878"", ""168""]; Cumulative=[""1878"", ""2046""]; Skip.to.Item=[""NA"", ""NA""]"
"AUXAR_B","AUXRR278","AUXRR278","Acoustic Reflex Right Ear 2kHz 78","Acoustic Reflex Right Ear 2kHz 78","Both males and females 20 YEARS - 69 YEARS",NA,"Code.or.Value=[""-16 to 49"", "".""]; Value.Description=[""Range of Values"", ""Missing""]; Count=[""1878"", ""168""]; Cumulative=[""1878"", ""2046""]; Skip.to.Item=[""NA"", ""NA""]"
"AUXAR_B","AUXRR279","AUXRR279","Acoustic Reflex Right Ear 2kHz 79","Acoustic Reflex Right Ear 2kHz 79","Both males and females 20 YEARS - 69 YEARS",NA,"Code.or.Value=[""-18 to 79"", "".""]; Value.Description=[""Range of Values"", ""Missing""]; Count=[""1878"", ""168""]; Cumulative=[""1878"", ""2046""]; Skip.to.Item=[""NA"", ""NA""]"
"AUXAR_B","AUXRR280","AUXRR280","Acoustic Reflex Right Ear 2kHz 80","Acoustic Reflex Right Ear 2kHz 80","Both males and females 20 YEARS - 69 YEARS",NA,"Code.or.Value=[""-16 to 57"", "".""]; Value.Description=[""Range of Values"", ""Missing""]; Count=[""1878"", ""168""]; Cumulative=[""1878"", ""2046""]; Skip.to.Item=[""NA"", ""NA""]"
"AUXAR_B","AUXRR281","AUXRR281","Acoustic Reflex Right Ear 2kHz 81","Acoustic Reflex Right Ear 2kHz 81","Both males and females 20 YEARS - 69 YEARS",NA,"Code.or.Value=[""-16 to 48"", "".""]; Value.Description=[""Range of Values"", ""Missing""]; Count=[""1878"", ""168""]; Cumulative=[""1878"", ""2046""]; Skip.to.Item=[""NA"", ""NA""]"
"AUXAR_B","AUXRR282","AUXRR282","Acoustic Reflex Right Ear 2kHz 82","Acoustic Reflex Right Ear 2kHz 82","Both males and females 20 YEARS - 69 YEARS",NA,"Code.or.Value=[""-10 to 61"", "".""]; Value.Description=[""Range of Values"", ""Missing""]; Count=[""1878"", ""168""]; Cumulative=[""1878"", ""2046""]; Skip.to.Item=[""NA"", ""NA""]"
"AUXAR_B","AUXRR283","AUXRR283","Acoustic Reflex Right Ear 2kHz 83","Acoustic Reflex Right Ear 2kHz 83","Both males and females 20 YEARS - 69 YEARS",NA,"Code.or.Value=[""-6 to 55"", "".""]; Value.Description=[""Range of Values"", ""Missing""]; Count=[""1878"", ""168""]; Cumulative=[""1878"", ""2046""]; Skip.to.Item=[""NA"", ""NA""]"
"AUXAR_B","AUXRR284","AUXRR284","Acoustic Reflex Right Ear 2kHz 84","Acoustic Reflex Right Ear 2kHz 84","Both males and females 20 YEARS - 69 YEARS",NA,"Code.or.Value=[""-4 to 41"", "".""]; Value.Description=[""Range of Values"", ""Missing""]; Count=[""1878"", ""168""]; Cumulative=[""1878"", ""2046""]; Skip.to.Item=[""NA"", ""NA""]"
"AUXAR_B","AUXLR201","AUXLR201","Acoustic Reflex Left Ear 2kHz 01","Acoustic Reflex Left Ear 2kHz 01","Both males and females 20 YEARS - 69 YEARS",NA,"Code.or.Value=[""-33 to 74"", "".""]; Value.Description=[""Range of Values"", ""Missing""]; Count=[""1883"", ""163""]; Cumulative=[""1883"", ""2046""]; Skip.to.Item=[""NA"", ""NA""]"
"AUXAR_B","AUXLR202","AUXLR202","Acoustic Reflex Left Ear 2kHz 02","Acoustic Reflex Left Ear 2kHz 02","Both males and females 20 YEARS - 69 YEARS",NA,"Code.or.Value=[""-36 to 78"", "".""]; Value.Description=[""Range of Values"", ""Missing""]; Count=[""1883"", ""163""]; Cumulative=[""1883"", ""2046""]; Skip.to.Item=[""NA"", ""NA""]"
"AUXAR_B","AUXLR203","AUXLR203","Acoustic Reflex Left Ear 2kHz 03","Acoustic Reflex Left Ear 2kHz 03","Both males and females 20 YEARS - 69 YEARS",NA,"Code.or.Value=[""-37 to 64"", "".""]; Value.Description=[""Range of Values"", ""Missing""]; Count=[""1883"", ""163""]; Cumulative=[""1883"", ""2046""]; Skip.to.Item=[""NA"", ""NA""]"
"AUXAR_B","AUXLR204","AUXLR204","Acoustic Reflex Left Ear 2kHz 04","Acoustic Reflex Left Ear 2kHz 04","Both males and females 20 YEARS - 69 YEARS",NA,"Code.or.Value=[""-37 to 48"", "".""]; Value.Description=[""Range of Values"", ""Missing""]; Count=[""1883"", ""163""]; Cumulative=[""1883"", ""2046""]; Skip.to.Item=[""NA"", ""NA""]"
"AUXAR_B","AUXLR205","AUXLR205","Acoustic Reflex Left Ear 2kHz 05","Acoustic Reflex Left Ear 2kHz 05","Both males and females 20 YEARS - 69 YEARS",NA,"Code.or.Value=[""-33 to 52"", "".""]; Value.Description=[""Range of Values"", ""Missing""]; Count=[""1883"", ""163""]; Cumulative=[""1883"", ""2046""]; Skip.to.Item=[""NA"", ""NA""]"
"AUXAR_B","AUXLR206","AUXLR206","Acoustic Reflex Left Ear 2kHz 06","Acoustic Reflex Left Ear 2kHz 06","Both males and females 20 YEARS - 69 YEARS",NA,"Code.or.Value=[""-31 to 46"", "".""]; Value.Description=[""Range of Values"", ""Missing""]; Count=[""1883"", ""163""]; Cumulative=[""1883"", ""2046""]; Skip.to.Item=[""NA"", ""NA""]"
"AUXAR_B","AUXLR207","AUXLR207","Acoustic Reflex Left Ear 2kHz 07","Acoustic Reflex Left Ear 2kHz 07","Both males and females 20 YEARS - 69 YEARS",NA,"Code.or.Value=[""-33 to 47"", "".""]; Value.Description=[""Range of Values"", ""Missing""]; Count=[""1883"", ""163""]; Cumulative=[""1883"", ""2046""]; Skip.to.Item=[""NA"", ""NA""]"
"AUXAR_B","AUXLR208","AUXLR208","Acoustic Reflex Left Ear 2kHz 08","Acoustic Reflex Left Ear 2kHz 08","Both males and females 20 YEARS - 69 YEARS",NA,"Code.or.Value=[""-32 to 81"", "".""]; Value.Description=[""Range of Values"", ""Missing""]; Count=[""1883"", ""163""]; Cumulative=[""1883"", ""2046""]; Skip.to.Item=[""NA"", ""NA""]"
"AUXAR_B","AUXLR209","AUXLR209","Acoustic Reflex Left Ear 2kHz 09","Acoustic Reflex Left Ear 2kHz 09","Both males and females 20 YEARS - 69 YEARS",NA,"Code.or.Value=[""-31 to 68"", "".""]; Value.Description=[""Range of Values"", ""Missing""]; Count=[""1883"", ""163""]; Cumulative=[""1883"", ""2046""]; Skip.to.Item=[""NA"", ""NA""]"
"AUXAR_B","AUXLR210","AUXLR210","Acoustic Reflex Left Ear 2kHz 10","Acoustic Reflex Left Ear 2kHz 10","Both males and females 20 YEARS - 69 YEARS",NA,"Code.or.Value=[""-31 to 55"", "".""]; Value.Description=[""Range of Values"", ""Missing""]; Count=[""1883"", ""163""]; Cumulative=[""1883"", ""2046""]; Skip.to.Item=[""NA"", ""NA""]"
"AUXAR_B","AUXLR211","AUXLR211","Acoustic Reflex Left Ear 2kHz 11","Acoustic Reflex Left Ear 2kHz 11","Both males and females 20 YEARS - 69 YEARS",NA,"Code.or.Value=[""-31 to 44"", "".""]; Value.Description=[""Range of Values"", ""Missing""]; Count=[""1883"", ""163""]; Cumulative=[""1883"", ""2046""]; Skip.to.Item=[""NA"", ""NA""]"
"AUXAR_B","AUXLR212","AUXLR212","Acoustic Reflex Left Ear 2kHz 12","Acoustic Reflex Left Ear 2kHz 12","Both males and females 20 YEARS - 69 YEARS",NA,"Code.or.Value=[""-31 to 74"", "".""]; Value.Description=[""Range of Values"", ""Missing""]; Count=[""1883"", ""163""]; Cumulative=[""1883"", ""2046""]; Skip.to.Item=[""NA"", ""NA""]"
"AUXAR_B","AUXLR213","AUXLR213","Acoustic Reflex Left Ear 2kHz 13","Acoustic Reflex Left Ear 2kHz 13","Both males and females 20 YEARS - 69 YEARS",NA,"Code.or.Value=[""-30 to 86"", "".""]; Value.Description=[""Range of Values"", ""Missing""]; Count=[""1883"", ""163""]; Cumulative=[""1883"", ""2046""]; Skip.to.Item=[""NA"", ""NA""]"
"AUXAR_B","AUXLR214","AUXLR214","Acoustic Reflex Left Ear 2kHz 14","Acoustic Reflex Left Ear 2kHz 14","Both males and females 20 YEARS - 69 YEARS",NA,"Code.or.Value=[""-30 to 84"", "".""]; Value.Description=[""Range of Values"", ""Missing""]; Count=[""1883"", ""163""]; Cumulative=[""1883"", ""2046""]; Skip.to.Item=[""NA"", ""NA""]"
"AUXAR_B","AUXLR215","AUXLR215","Acoustic Reflex Left Ear 2kHz 15","Acoustic Reflex Left Ear 2kHz 15","Both males and females 20 YEARS - 69 YEARS",NA,"Code.or.Value=[""-31 to 55"", "".""]; Value.Description=[""Range of Values"", ""Missing""]; Count=[""1883"", ""163""]; Cumulative=[""1883"", ""2046""]; Skip.to.Item=[""NA"", ""NA""]"
"AUXAR_B","AUXLR216","AUXLR216","Acoustic Reflex Left Ear 2kHz 16","Acoustic Reflex Left Ear 2kHz 16","Both males and females 20 YEARS - 69 YEARS",NA,"Code.or.Value=[""-31 to 45"", "".""]; Value.Description=[""Range of Values"", ""Missing""]; Count=[""1883"", ""163""]; Cumulative=[""1883"", ""2046""]; Skip.to.Item=[""NA"", ""NA""]"
"AUXAR_B","AUXLR217","AUXLR217","Acoustic Reflex Left Ear 2kHz 17","Acoustic Reflex Left Ear 2kHz 17","Both males and females 20 YEARS - 69 YEARS",NA,"Code.or.Value=[""-30 to 46"", "".""]; Value.Description=[""Range of Values"", ""Missing""]; Count=[""1883"", ""163""]; Cumulative=[""1883"", ""2046""]; Skip.to.Item=[""NA"", ""NA""]"
"AUXAR_B","AUXLR218","AUXLR218","Acoustic Reflex Left Ear 2kHz 18","Acoustic Reflex Left Ear 2kHz 18","Both males and females 20 YEARS - 69 YEARS",NA,"Code.or.Value=[""-31 to 48"", "".""]; Value.Description=[""Range of Values"", ""Missing""]; Count=[""1883"", ""163""]; Cumulative=[""1883"", ""2046""]; Skip.to.Item=[""NA"", ""NA""]"
"AUXAR_B","AUXLR219","AUXLR219","Acoustic Reflex Left Ear 2kHz 19","Acoustic Reflex Left Ear 2kHz 19","Both males and females 20 YEARS - 69 YEARS",NA,"Code.or.Value=[""-30 to 81"", "".""]; Value.Description=[""Range of Values"", ""Missing""]; Count=[""1883"", ""163""]; Cumulative=[""1883"", ""2046""]; Skip.to.Item=[""NA"", ""NA""]"
"AUXAR_B","AUXLR220","AUXLR220","Acoustic Reflex Left Ear 2kHz 20","Acoustic Reflex Left Ear 2kHz 20","Both males and females 20 YEARS - 69 YEARS",NA,"Code.or.Value=[""-31 to 87"", "".""]; Value.Description=[""Range of Values"", ""Missing""]; Count=[""1883"", ""163""]; Cumulative=[""1883"", ""2046""]; Skip.to.Item=[""NA"", ""NA""]"
"AUXAR_B","AUXLR221","AUXLR221","Acoustic Reflex Left Ear 2kHz 21","Acoustic Reflex Left Ear 2kHz 21","Both males and females 20 YEARS - 69 YEARS",NA,"Code.or.Value=[""-33 to 55"", "".""]; Value.Description=[""Range of Values"", ""Missing""]; Count=[""1883"", ""163""]; Cumulative=[""1883"", ""2046""]; Skip.to.Item=[""NA"", ""NA""]"
"AUXAR_B","AUXLR222","AUXLR222","Acoustic Reflex Left Ear 2kHz 22","Acoustic Reflex Left Ear 2kHz 22","Both males and females 20 YEARS - 69 YEARS",NA,"Code.or.Value=[""-33 to 55"", "".""]; Value.Description=[""Range of Values"", ""Missing""]; Count=[""1883"", ""163""]; Cumulative=[""1883"", ""2046""]; Skip.to.Item=[""NA"", ""NA""]"
"AUXAR_B","AUXLR223","AUXLR223","Acoustic Reflex Left Ear 2kHz 23","Acoustic Reflex Left Ear 2kHz 23","Both males and females 20 YEARS - 69 YEARS",NA,"Code.or.Value=[""-32 to 54"", "".""]; Value.Description=[""Range of Values"", ""Missing""]; Count=[""1883"", ""163""]; Cumulative=[""1883"", ""2046""]; Skip.to.Item=[""NA"", ""NA""]"
"AUXAR_B","AUXLR224","AUXLR224","Acoustic Reflex Left Ear 2kHz 24","Acoustic Reflex Left Ear 2kHz 24","Both males and females 20 YEARS - 69 YEARS",NA,"Code.or.Value=[""-32 to 54"", "".""]; Value.Description=[""Range of Values"", ""Missing""]; Count=[""1883"", ""163""]; Cumulative=[""1883"", ""2046""]; Skip.to.Item=[""NA"", ""NA""]"
"AUXAR_B","AUXLR225","AUXLR225","Acoustic Reflex Left Ear 2kHz 25","Acoustic Reflex Left Ear 2kHz 25","Both males and females 20 YEARS - 69 YEARS",NA,"Code.or.Value=[""-33 to 56"", "".""]; Value.Description=[""Range of Values"", ""Missing""]; Count=[""1883"", ""163""]; Cumulative=[""1883"", ""2046""]; Skip.to.Item=[""NA"", ""NA""]"
"AUXAR_B","AUXLR226","AUXLR226","Acoustic Reflex Left Ear 2kHz 26","Acoustic Reflex Left Ear 2kHz 26","Both males and females 20 YEARS - 69 YEARS",NA,"Code.or.Value=[""-34 to 56"", "".""]; Value.Description=[""Range of Values"", ""Missing""]; Count=[""1883"", ""163""]; Cumulative=[""1883"", ""2046""]; Skip.to.Item=[""NA"", ""NA""]"
"AUXAR_B","AUXLR227","AUXLR227","Acoustic Reflex Left Ear 2kHz 27","Acoustic Reflex Left Ear 2kHz 27","Both males and females 20 YEARS - 69 YEARS",NA,"Code.or.Value=[""-33 to 64"", "".""]; Value.Description=[""Range of Values"", ""Missing""]; Count=[""1883"", ""163""]; Cumulative=[""1883"", ""2046""]; Skip.to.Item=[""NA"", ""NA""]"
"AUXAR_B","AUXLR228","AUXLR228","Acoustic Reflex Left Ear 2kHz 28","Acoustic Reflex Left Ear 2kHz 28","Both males and females 20 YEARS - 69 YEARS",NA,"Code.or.Value=[""-33 to 92"", "".""]; Value.Description=[""Range of Values"", ""Missing""]; Count=[""1883"", ""163""]; Cumulative=[""1883"", ""2046""]; Skip.to.Item=[""NA"", ""NA""]"
"AUXAR_B","AUXLR229","AUXLR229","Acoustic Reflex Left Ear 2kHz 29","Acoustic Reflex Left Ear 2kHz 29","Both males and females 20 YEARS - 69 YEARS",NA,"Code.or.Value=[""-32 to 86"", "".""]; Value.Description=[""Range of Values"", ""Missing""]; Count=[""1883"", ""163""]; Cumulative=[""1883"", ""2046""]; Skip.to.Item=[""NA"", ""NA""]"
"AUXAR_B","AUXLR230","AUXLR230","Acoustic Reflex Left Ear 2kHz 30","Acoustic Reflex Left Ear 2kHz 30","Both males and females 20 YEARS - 69 YEARS",NA,"Code.or.Value=[""-33 to 70"", "".""]; Value.Description=[""Range of Values"", ""Missing""]; Count=[""1883"", ""163""]; Cumulative=[""1883"", ""2046""]; Skip.to.Item=[""NA"", ""NA""]"
"AUXAR_B","AUXLR231","AUXLR231","Acoustic Reflex Left Ear 2kHz 31","Acoustic Reflex Left Ear 2kHz 31","Both males and females 20 YEARS - 69 YEARS",NA,"Code.or.Value=[""-32 to 57"", "".""]; Value.Description=[""Range of Values"", ""Missing""]; Count=[""1883"", ""163""]; Cumulative=[""1883"", ""2046""]; Skip.to.Item=[""NA"", ""NA""]"
"AUXAR_B","AUXLR232","AUXLR232","Acoustic Reflex Left Ear 2kHz 32","Acoustic Reflex Left Ear 2kHz 32","Both males and females 20 YEARS - 69 YEARS",NA,"Code.or.Value=[""-31 to 76"", "".""]; Value.Description=[""Range of Values"", ""Missing""]; Count=[""1883"", ""163""]; Cumulative=[""1883"", ""2046""]; Skip.to.Item=[""NA"", ""NA""]"
"AUXAR_B","AUXLR233","AUXLR233","Acoustic Reflex Left Ear 2kHz 33","Acoustic Reflex Left Ear 2kHz 33","Both males and females 20 YEARS - 69 YEARS",NA,"Code.or.Value=[""-32 to 75"", "".""]; Value.Description=[""Range of Values"", ""Missing""]; Count=[""1883"", ""163""]; Cumulative=[""1883"", ""2046""]; Skip.to.Item=[""NA"", ""NA""]"
"AUXAR_B","AUXLR234","AUXLR234","Acoustic Reflex Left Ear 2kHz 34","Acoustic Reflex Left Ear 2kHz 34","Both males and females 20 YEARS - 69 YEARS",NA,"Code.or.Value=[""-32 to 58"", "".""]; Value.Description=[""Range of Values"", ""Missing""]; Count=[""1883"", ""163""]; Cumulative=[""1883"", ""2046""]; Skip.to.Item=[""NA"", ""NA""]"
"AUXAR_B","AUXLR235","AUXLR235","Acoustic Reflex Left Ear 2kHz 35","Acoustic Reflex Left Ear 2kHz 35","Both males and females 20 YEARS - 69 YEARS",NA,"Code.or.Value=[""-30 to 56"", "".""]; Value.Description=[""Range of Values"", ""Missing""]; Count=[""1883"", ""163""]; Cumulative=[""1883"", ""2046""]; Skip.to.Item=[""NA"", ""NA""]"
"AUXAR_B","AUXLR236","AUXLR236","Acoustic Reflex Left Ear 2kHz 36","Acoustic Reflex Left Ear 2kHz 36","Both males and females 20 YEARS - 69 YEARS",NA,"Code.or.Value=[""-30 to 60"", "".""]; Value.Description=[""Range of Values"", ""Missing""]; Count=[""1883"", ""163""]; Cumulative=[""1883"", ""2046""]; Skip.to.Item=[""NA"", ""NA""]"
"AUXAR_B","AUXLR237","AUXLR237","Acoustic Reflex Left Ear 2kHz 37","Acoustic Reflex Left Ear 2kHz 37","Both males and females 20 YEARS - 69 YEARS",NA,"Code.or.Value=[""-31 to 72"", "".""]; Value.Description=[""Range of Values"", ""Missing""]; Count=[""1883"", ""163""]; Cumulative=[""1883"", ""2046""]; Skip.to.Item=[""NA"", ""NA""]"
"AUXAR_B","AUXLR238","AUXLR238","Acoustic Reflex Left Ear 2kHz 38","Acoustic Reflex Left Ear 2kHz 38","Both males and females 20 YEARS - 69 YEARS",NA,"Code.or.Value=[""-23 to 48"", "".""]; Value.Description=[""Range of Values"", ""Missing""]; Count=[""1883"", ""163""]; Cumulative=[""1883"", ""2046""]; Skip.to.Item=[""NA"", ""NA""]"
"AUXAR_B","AUXLR239","AUXLR239","Acoustic Reflex Left Ear 2kHz 39","Acoustic Reflex Left Ear 2kHz 39","Both males and females 20 YEARS - 69 YEARS",NA,"Code.or.Value=[""-22 to 50"", "".""]; Value.Description=[""Range of Values"", ""Missing""]; Count=[""1883"", ""163""]; Cumulative=[""1883"", ""2046""]; Skip.to.Item=[""NA"", ""NA""]"
"AUXAR_B","AUXLR240","AUXLR240","Acoustic Reflex Left Ear 2kHz 40","Acoustic Reflex Left Ear 2kHz 40","Both males and females 20 YEARS - 69 YEARS",NA,"Code.or.Value=[""-21 to 51"", "".""]; Value.Description=[""Range of Values"", ""Missing""]; Count=[""1883"", ""163""]; Cumulative=[""1883"", ""2046""]; Skip.to.Item=[""NA"", ""NA""]"
"AUXAR_B","AUXLR241","AUXLR241","Acoustic Reflex Left Ear 2kHz 41","Acoustic Reflex Left Ear 2kHz 41","Both males and females 20 YEARS - 69 YEARS",NA,"Code.or.Value=[""-19 to 79"", "".""]; Value.Description=[""Range of Values"", ""Missing""]; Count=[""1883"", ""163""]; Cumulative=[""1883"", ""2046""]; Skip.to.Item=[""NA"", ""NA""]"
"AUXAR_B","AUXLR242","AUXLR242","Acoustic Reflex Left Ear 2kHz 42","Acoustic Reflex Left Ear 2kHz 42","Both males and females 20 YEARS - 69 YEARS",NA,"Code.or.Value=[""-17 to 57"", "".""]; Value.Description=[""Range of Values"", ""Missing""]; Count=[""1883"", ""163""]; Cumulative=[""1883"", ""2046""]; Skip.to.Item=[""NA"", ""NA""]"
"AUXAR_B","AUXLR243","AUXLR243","Acoustic Reflex Left Ear 2kHz 43","Acoustic Reflex Left Ear 2kHz 43","Both males and females 20 YEARS - 69 YEARS",NA,"Code.or.Value=[""-17 to 47"", "".""]; Value.Description=[""Range of Values"", ""Missing""]; Count=[""1883"", ""163""]; Cumulative=[""1883"", ""2046""]; Skip.to.Item=[""NA"", ""NA""]"
"AUXAR_B","AUXLR244","AUXLR244","Acoustic Reflex Left Ear 2kHz 44","Acoustic Reflex Left Ear 2kHz 44","Both males and females 20 YEARS - 69 YEARS",NA,"Code.or.Value=[""-17 to 59"", "".""]; Value.Description=[""Range of Values"", ""Missing""]; Count=[""1883"", ""163""]; Cumulative=[""1883"", ""2046""]; Skip.to.Item=[""NA"", ""NA""]"
"AUXAR_B","AUXLR245","AUXLR245","Acoustic Reflex Left Ear 2kHz 45","Acoustic Reflex Left Ear 2kHz 45","Both males and females 20 YEARS - 69 YEARS",NA,"Code.or.Value=[""-15 to 51"", "".""]; Value.Description=[""Range of Values"", ""Missing""]; Count=[""1883"", ""163""]; Cumulative=[""1883"", ""2046""]; Skip.to.Item=[""NA"", ""NA""]"
"AUXAR_B","AUXLR246","AUXLR246","Acoustic Reflex Left Ear 2kHz 46","Acoustic Reflex Left Ear 2kHz 46","Both males and females 20 YEARS - 69 YEARS",NA,"Code.or.Value=[""-13 to 66"", "".""]; Value.Description=[""Range of Values"", ""Missing""]; Count=[""1883"", ""163""]; Cumulative=[""1883"", ""2046""]; Skip.to.Item=[""NA"", ""NA""]"
"AUXAR_B","AUXLR247","AUXLR247","Acoustic Reflex Left Ear 2kHz 47","Acoustic Reflex Left Ear 2kHz 47","Both males and females 20 YEARS - 69 YEARS",NA,"Code.or.Value=[""-12 to 50"", "".""]; Value.Description=[""Range of Values"", ""Missing""]; Count=[""1883"", ""163""]; Cumulative=[""1883"", ""2046""]; Skip.to.Item=[""NA"", ""NA""]"
"AUXAR_B","AUXLR248","AUXLR248","Acoustic Reflex Left Ear 2kHz 48","Acoustic Reflex Left Ear 2kHz 48","Both males and females 20 YEARS - 69 YEARS",NA,"Code.or.Value=[""-19 to 52"", "".""]; Value.Description=[""Range of Values"", ""Missing""]; Count=[""1883"", ""163""]; Cumulative=[""1883"", ""2046""]; Skip.to.Item=[""NA"", ""NA""]"
"AUXAR_B","AUXLR249","AUXLR249","Acoustic Reflex Left Ear 2kHz 49","Acoustic Reflex Left Ear 2kHz 49","Both males and females 20 YEARS - 69 YEARS",NA,"Code.or.Value=[""-12 to 94"", "".""]; Value.Description=[""Range of Values"", ""Missing""]; Count=[""1883"", ""163""]; Cumulative=[""1883"", ""2046""]; Skip.to.Item=[""NA"", ""NA""]"
"AUXAR_B","AUXLR250","AUXLR250","Acoustic Reflex Left Ear 2kHz 50","Acoustic Reflex Left Ear 2kHz 50","Both males and females 20 YEARS - 69 YEARS",NA,"Code.or.Value=[""-9 to 127"", "".""]; Value.Description=[""Range of Values"", ""Missing""]; Count=[""1883"", ""163""]; Cumulative=[""1883"", ""2046""]; Skip.to.Item=[""NA"", ""NA""]"
"AUXAR_B","AUXLR251","AUXLR251","Acoustic Reflex Left Ear 2kHz 51","Acoustic Reflex Left Ear 2kHz 51","Both males and females 20 YEARS - 69 YEARS",NA,"Code.or.Value=[""-23 to 95"", "".""]; Value.Description=[""Range of Values"", ""Missing""]; Count=[""1883"", ""163""]; Cumulative=[""1883"", ""2046""]; Skip.to.Item=[""NA"", ""NA""]"
"AUXAR_B","AUXLR252","AUXLR252","Acoustic Reflex Left Ear 2kHz 52","Acoustic Reflex Left Ear 2kHz 52","Both males and females 20 YEARS - 69 YEARS",NA,"Code.or.Value=[""-11 to 70"", "".""]; Value.Description=[""Range of Values"", ""Missing""]; Count=[""1883"", ""163""]; Cumulative=[""1883"", ""2046""]; Skip.to.Item=[""NA"", ""NA""]"
"AUXAR_B","AUXLR253","AUXLR253","Acoustic Reflex Left Ear 2kHz 53","Acoustic Reflex Left Ear 2kHz 53","Both males and females 20 YEARS - 69 YEARS",NA,"Code.or.Value=[""-31 to 79"", "".""]; Value.Description=[""Range of Values"", ""Missing""]; Count=[""1883"", ""163""]; Cumulative=[""1883"", ""2046""]; Skip.to.Item=[""NA"", ""NA""]"
"AUXAR_B","AUXLR254","AUXLR254","Acoustic Reflex Left Ear 2kHz 54","Acoustic Reflex Left Ear 2kHz 54","Both males and females 20 YEARS - 69 YEARS",NA,"Code.or.Value=[""-19 to 59"", "".""]; Value.Description=[""Range of Values"", ""Missing""]; Count=[""1883"", ""163""]; Cumulative=[""1883"", ""2046""]; Skip.to.Item=[""NA"", ""NA""]"
"AUXAR_B","AUXLR255","AUXLR255","Acoustic Reflex Left Ear 2kHz 55","Acoustic Reflex Left Ear 2kHz 55","Both males and females 20 YEARS - 69 YEARS",NA,"Code.or.Value=[""-10 to 57"", "".""]; Value.Description=[""Range of Values"", ""Missing""]; Count=[""1883"", ""163""]; Cumulative=[""1883"", ""2046""]; Skip.to.Item=[""NA"", ""NA""]"
"AUXAR_B","AUXLR256","AUXLR256","Acoustic Reflex Left Ear 2kHz 56","Acoustic Reflex Left Ear 2kHz 56","Both males and females 20 YEARS - 69 YEARS",NA,"Code.or.Value=[""-6 to 70"", "".""]; Value.Description=[""Range of Values"", ""Missing""]; Count=[""1883"", ""163""]; Cumulative=[""1883"", ""2046""]; Skip.to.Item=[""NA"", ""NA""]"
"AUXAR_B","AUXLR257","AUXLR257","Acoustic Reflex Left Ear 2kHz 57","Acoustic Reflex Left Ear 2kHz 57","Both males and females 20 YEARS - 69 YEARS",NA,"Code.or.Value=[""-7 to 86"", "".""]; Value.Description=[""Range of Values"", ""Missing""]; Count=[""1883"", ""163""]; Cumulative=[""1883"", ""2046""]; Skip.to.Item=[""NA"", ""NA""]"
"AUXAR_B","AUXLR258","AUXLR258","Acoustic Reflex Left Ear 2kHz 58","Acoustic Reflex Left Ear 2kHz 58","Both males and females 20 YEARS - 69 YEARS",NA,"Code.or.Value=[""-17 to 59"", "".""]; Value.Description=[""Range of Values"", ""Missing""]; Count=[""1883"", ""163""]; Cumulative=[""1883"", ""2046""]; Skip.to.Item=[""NA"", ""NA""]"
"AUXAR_B","AUXLR259","AUXLR259","Acoustic Reflex Left Ear 2kHz 59","Acoustic Reflex Left Ear 2kHz 59","Both males and females 20 YEARS - 69 YEARS",NA,"Code.or.Value=[""-9 to 56"", "".""]; Value.Description=[""Range of Values"", ""Missing""]; Count=[""1883"", ""163""]; Cumulative=[""1883"", ""2046""]; Skip.to.Item=[""NA"", ""NA""]"
"AUXAR_B","AUXLR260","AUXLR260","Acoustic Reflex Left Ear 2kHz 60","Acoustic Reflex Left Ear 2kHz 60","Both males and females 20 YEARS - 69 YEARS",NA,"Code.or.Value=[""-12 to 80"", "".""]; Value.Description=[""Range of Values"", ""Missing""]; Count=[""1883"", ""163""]; Cumulative=[""1883"", ""2046""]; Skip.to.Item=[""NA"", ""NA""]"
"AUXAR_B","AUXLR261","AUXLR261","Acoustic Reflex Left Ear 2kHz 61","Acoustic Reflex Left Ear 2kHz 61","Both males and females 20 YEARS - 69 YEARS",NA,"Code.or.Value=[""-17 to 63"", "".""]; Value.Description=[""Range of Values"", ""Missing""]; Count=[""1883"", ""163""]; Cumulative=[""1883"", ""2046""]; Skip.to.Item=[""NA"", ""NA""]"
"AUXAR_B","AUXLR262","AUXLR262","Acoustic Reflex Left Ear 2kHz 62","Acoustic Reflex Left Ear 2kHz 62","Both males and females 20 YEARS - 69 YEARS",NA,"Code.or.Value=[""-21 to 99"", "".""]; Value.Description=[""Range of Values"", ""Missing""]; Count=[""1883"", ""163""]; Cumulative=[""1883"", ""2046""]; Skip.to.Item=[""NA"", ""NA""]"
"AUXAR_B","AUXLR263","AUXLR263","Acoustic Reflex Left Ear 2kHz 63","Acoustic Reflex Left Ear 2kHz 63","Both males and females 20 YEARS - 69 YEARS",NA,"Code.or.Value=[""-9 to 118"", "".""]; Value.Description=[""Range of Values"", ""Missing""]; Count=[""1883"", ""163""]; Cumulative=[""1883"", ""2046""]; Skip.to.Item=[""NA"", ""NA""]"
"AUXAR_B","AUXLR264","AUXLR264","Acoustic Reflex Left Ear 2kHz 64","Acoustic Reflex Left Ear 2kHz 64","Both males and females 20 YEARS - 69 YEARS",NA,"Code.or.Value=[""-14 to 116"", "".""]; Value.Description=[""Range of Values"", ""Missing""]; Count=[""1883"", ""163""]; Cumulative=[""1883"", ""2046""]; Skip.to.Item=[""NA"", ""NA""]"
"AUXAR_B","AUXLR265","AUXLR265","Acoustic Reflex Left Ear 2kHz 65","Acoustic Reflex Left Ear 2kHz 65","Both males and females 20 YEARS - 69 YEARS",NA,"Code.or.Value=[""-23 to 127"", "".""]; Value.Description=[""Range of Values"", ""Missing""]; Count=[""1883"", ""163""]; Cumulative=[""1883"", ""2046""]; Skip.to.Item=[""NA"", ""NA""]"
"AUXAR_B","AUXLR266","AUXLR266","Acoustic Reflex Left Ear 2kHz 66","Acoustic Reflex Left Ear 2kHz 66","Both males and females 20 YEARS - 69 YEARS",NA,"Code.or.Value=[""-26 to 134"", "".""]; Value.Description=[""Range of Values"", ""Missing""]; Count=[""1883"", ""163""]; Cumulative=[""1883"", ""2046""]; Skip.to.Item=[""NA"", ""NA""]"
"AUXAR_B","AUXLR267","AUXLR267","Acoustic Reflex Left Ear 2kHz 67","Acoustic Reflex Left Ear 2kHz 67","Both males and females 20 YEARS - 69 YEARS",NA,"Code.or.Value=[""-14 to 109"", "".""]; Value.Description=[""Range of Values"", ""Missing""]; Count=[""1883"", ""163""]; Cumulative=[""1883"", ""2046""]; Skip.to.Item=[""NA"", ""NA""]"
"AUXAR_B","AUXLR268","AUXLR268","Acoustic Reflex Left Ear 2kHz 68","Acoustic Reflex Left Ear 2kHz 68","Both males and females 20 YEARS - 69 YEARS",NA,"Code.or.Value=[""-18 to 72"", "".""]; Value.Description=[""Range of Values"", ""Missing""]; Count=[""1883"", ""163""]; Cumulative=[""1883"", ""2046""]; Skip.to.Item=[""NA"", ""NA""]"
"AUXAR_B","AUXLR269","AUXLR269","Acoustic Reflex Left Ear 2kHz 69","Acoustic Reflex Left Ear 2kHz 69","Both males and females 20 YEARS - 69 YEARS",NA,"Code.or.Value=[""-15 to 53"", "".""]; Value.Description=[""Range of Values"", ""Missing""]; Count=[""1883"", ""163""]; Cumulative=[""1883"", ""2046""]; Skip.to.Item=[""NA"", ""NA""]"
"AUXAR_B","AUXLR270","AUXLR270","Acoustic Reflex Left Ear 2kHz 70","Acoustic Reflex Left Ear 2kHz 70","Both males and females 20 YEARS - 69 YEARS",NA,"Code.or.Value=[""-11 to 66"", "".""]; Value.Description=[""Range of Values"", ""Missing""]; Count=[""1883"", ""163""]; Cumulative=[""1883"", ""2046""]; Skip.to.Item=[""NA"", ""NA""]"
"AUXAR_B","AUXLR271","AUXLR271","Acoustic Reflex Left Ear 2kHz 71","Acoustic Reflex Left Ear 2kHz 71","Both males and females 20 YEARS - 69 YEARS",NA,"Code.or.Value=[""-6 to 44"", "".""]; Value.Description=[""Range of Values"", ""Missing""]; Count=[""1883"", ""163""]; Cumulative=[""1883"", ""2046""]; Skip.to.Item=[""NA"", ""NA""]"
"AUXAR_B","AUXLR272","AUXLR272","Acoustic Reflex Left Ear 2kHz 72","Acoustic Reflex Left Ear 2kHz 72","Both males and females 20 YEARS - 69 YEARS",NA,"Code.or.Value=[""-11 to 58"", "".""]; Value.Description=[""Range of Values"", ""Missing""]; Count=[""1883"", ""163""]; Cumulative=[""1883"", ""2046""]; Skip.to.Item=[""NA"", ""NA""]"
"AUXAR_B","AUXLR273","AUXLR273","Acoustic Reflex Left Ear 2kHz 73","Acoustic Reflex Left Ear 2kHz 73","Both males and females 20 YEARS - 69 YEARS",NA,"Code.or.Value=[""-8 to 43"", "".""]; Value.Description=[""Range of Values"", ""Missing""]; Count=[""1883"", ""163""]; Cumulative=[""1883"", ""2046""]; Skip.to.Item=[""NA"", ""NA""]"
"AUXAR_B","AUXLR274","AUXLR274","Acoustic Reflex Left Ear 2kHz 74","Acoustic Reflex Left Ear 2kHz 74","Both males and females 20 YEARS - 69 YEARS",NA,"Code.or.Value=[""-12 to 74"", "".""]; Value.Description=[""Range of Values"", ""Missing""]; Count=[""1883"", ""163""]; Cumulative=[""1883"", ""2046""]; Skip.to.Item=[""NA"", ""NA""]"
"AUXAR_B","AUXLR275","AUXLR275","Acoustic Reflex Left Ear 2kHz 75","Acoustic Reflex Left Ear 2kHz 75","Both males and females 20 YEARS - 69 YEARS",NA,"Code.or.Value=[""-18 to 58"", "".""]; Value.Description=[""Range of Values"", ""Missing""]; Count=[""1883"", ""163""]; Cumulative=[""1883"", ""2046""]; Skip.to.Item=[""NA"", ""NA""]"
"AUXAR_B","AUXLR276","AUXLR276","Acoustic Reflex Left Ear 2kHz 76","Acoustic Reflex Left Ear 2kHz 76","Both males and females 20 YEARS - 69 YEARS",NA,"Code.or.Value=[""-19 to 63"", "".""]; Value.Description=[""Range of Values"", ""Missing""]; Count=[""1883"", ""163""]; Cumulative=[""1883"", ""2046""]; Skip.to.Item=[""NA"", ""NA""]"
"AUXAR_B","AUXLR277","AUXLR277","Acoustic Reflex Left Ear 2kHz 77","Acoustic Reflex Left Ear 2kHz 77","Both males and females 20 YEARS - 69 YEARS",NA,"Code.or.Value=[""-20 to 50"", "".""]; Value.Description=[""Range of Values"", ""Missing""]; Count=[""1883"", ""163""]; Cumulative=[""1883"", ""2046""]; Skip.to.Item=[""NA"", ""NA""]"
"AUXAR_B","AUXLR278","AUXLR278","Acoustic Reflex Left Ear 2kHz 78","Acoustic Reflex Left Ear 2kHz 78","Both males and females 20 YEARS - 69 YEARS",NA,"Code.or.Value=[""-21 to 70"", "".""]; Value.Description=[""Range of Values"", ""Missing""]; Count=[""1883"", ""163""]; Cumulative=[""1883"", ""2046""]; Skip.to.Item=[""NA"", ""NA""]"
"AUXAR_B","AUXLR279","AUXLR279","Acoustic Reflex Left Ear 2kHz 79","Acoustic Reflex Left Ear 2kHz 79","Both males and females 20 YEARS - 69 YEARS",NA,"Code.or.Value=[""-22 to 49"", "".""]; Value.Description=[""Range of Values"", ""Missing""]; Count=[""1883"", ""163""]; Cumulative=[""1883"", ""2046""]; Skip.to.Item=[""NA"", ""NA""]"
"AUXAR_B","AUXLR280","AUXLR280","Acoustic Reflex Left Ear 2kHz 80","Acoustic Reflex Left Ear 2kHz 80","Both males and females 20 YEARS - 69 YEARS",NA,"Code.or.Value=[""-23 to 66"", "".""]; Value.Description=[""Range of Values"", ""Missing""]; Count=[""1883"", ""163""]; Cumulative=[""1883"", ""2046""]; Skip.to.Item=[""NA"", ""NA""]"
"AUXAR_B","AUXLR281","AUXLR281","Acoustic Reflex Left Ear 2kHz 81","Acoustic Reflex Left Ear 2kHz 81","Both males and females 20 YEARS - 69 YEARS",NA,"Code.or.Value=[""-21 to 57"", "".""]; Value.Description=[""Range of Values"", ""Missing""]; Count=[""1883"", ""163""]; Cumulative=[""1883"", ""2046""]; Skip.to.Item=[""NA"", ""NA""]"
"AUXAR_B","AUXLR282","AUXLR282","Acoustic Reflex Left Ear 2kHz 82","Acoustic Reflex Left Ear 2kHz 82","Both males and females 20 YEARS - 69 YEARS",NA,"Code.or.Value=[""-18 to 43"", "".""]; Value.Description=[""Range of Values"", ""Missing""]; Count=[""1883"", ""163""]; Cumulative=[""1883"", ""2046""]; Skip.to.Item=[""NA"", ""NA""]"
"AUXAR_B","AUXLR283","AUXLR283","Acoustic Reflex Left Ear 2kHz 83","Acoustic Reflex Left Ear 2kHz 83","Both males and females 20 YEARS - 69 YEARS",NA,"Code.or.Value=[""-34 to 51"", "".""]; Value.Description=[""Range of Values"", ""Missing""]; Count=[""1883"", ""163""]; Cumulative=[""1883"", ""2046""]; Skip.to.Item=[""NA"", ""NA""]"
"AUXAR_B","AUXLR284","AUXLR284","Acoustic Reflex Left Ear 2kHz 84","Acoustic Reflex Left Ear 2kHz 84","Both males and females 20 YEARS - 69 YEARS",NA,"Code.or.Value=[""-21 to 48"", "".""]; Value.Description=[""Range of Values"", ""Missing""]; Count=[""1883"", ""163""]; Cumulative=[""1883"", ""2046""]; Skip.to.Item=[""NA"", ""NA""]"
