"Table_name","Variable","Variable_Name","SAS_Label","English_Text","Target","English_Instructions","Codebook_table"
"OHXPER_G","SEQN","SEQN","Respondent sequence number","Respondent sequence number.","Both males and females 30 YEARS - 150 YEARS",NA,NA
"OHXPER_G","OHDEXSTS","OHDEXSTS","Overall Oral Health Exam Status","Overall Oral Health Exam Status","Both males and females 30 YEARS - 150 YEARS",NA,"Code.or.Value=[""1"", ""2"", ""3"", "".""]; Value.Description=[""Complete"", ""Partial"", ""Not done"", ""Missing""]; Count=[""3669"", ""381"", ""315"", ""0""]; Cumulative=[""3669"", ""4050"", ""4365"", ""4365""]; Skip.to.Item=[""NA"", ""NA"", ""NA"", ""NA""]"
"OHXPER_G","OHDPDSTS","OHDPDSTS","Periodontal Status Code","Periodontal Status Code","Both males and females 30 YEARS - 150 YEARS",NA,"Code.or.Value=[""1"", ""2"", ""3"", "".""]; Value.Description=[""Complete"", ""Partial"", ""Not Done"", ""Missing""]; Count=[""3685"", ""93"", ""587"", ""0""]; Cumulative=[""3685"", ""3778"", ""4365"", ""4365""]; Skip.to.Item=[""NA"", ""NA"", ""NA"", ""NA""]"
"OHXPER_G","OHDEXCLU","OHDEXCLU","Medical Exclusion from Periodontal Exam","Excluded from perio exam for med reasons","Both males and females 30 YEARS - 150 YEARS",NA,"Code.or.Value=[""1"", ""2"", "".""]; Value.Description=[""Yes"", ""No"", ""Missing""]; Count=[""168"", ""4197"", ""0""]; Cumulative=[""168"", ""4365"", ""4365""]; Skip.to.Item=[""NA"", ""NA"", ""NA""]"
"OHXPER_G","OHX02CJD","OHX02CJD","LOA: Max R(2M) DF FGM-CEJ(mm)","Loss of Attachment: Upper right 2nd molar (2M) distal - FGM to CEJ measurement (mm)","Both males and females 30 YEARS - 150 YEARS",NA,"Code.or.Value=[""-10 to 1"", ""99"", "".""]; Value.Description=[""Range of Values"", ""Cannot be assessed"", ""Missing""]; Count=[""2405"", ""1330"", ""630""]; Cumulative=[""2405"", ""3735"", ""4365""]; Skip.to.Item=[""NA"", ""NA"", ""NA""]"
"OHXPER_G","OHX02CJM","OHX02CJM","LOA: Max R(2M) MdF FGM-CEJ(mm)","Loss of Attachment: Upper right 2nd molar (2M) mid-facial - FGM to CEJ measurement (mm)","Both males and females 30 YEARS - 150 YEARS",NA,"Code.or.Value=[""-10 to 1"", ""99"", "".""]; Value.Description=[""Range of Values"", ""Cannot be assessed"", ""Missing""]; Count=[""2411"", ""1324"", ""630""]; Cumulative=[""2411"", ""3735"", ""4365""]; Skip.to.Item=[""NA"", ""NA"", ""NA""]"
"OHXPER_G","OHX02CJS","OHX02CJS","LOA: Max R(2M) MF FGM-CEJ(mm)","Loss of Attachment: Upper right 2nd molar (2M) mesio-facial - FGM to CEJ measurement (mm)","Both males and females 30 YEARS - 150 YEARS",NA,"Code.or.Value=[""-11 to 2"", ""99"", "".""]; Value.Description=[""Range of Values"", ""Cannot be assessed"", ""Missing""]; Count=[""2405"", ""1330"", ""630""]; Cumulative=[""2405"", ""3735"", ""4365""]; Skip.to.Item=[""NA"", ""NA"", ""NA""]"
"OHXPER_G","OHX02CJP","OHX02CJP","LOA: Max R(2M) DL FGM-CEJ(mm)","Loss of Attachment: Upper right 2nd molar (2M) distal - lingual - FGM to CEJ measurement (mm)","Both males and females 30 YEARS - 150 YEARS",NA,"Code.or.Value=[""-8 to 2"", ""99"", "".""]; Value.Description=[""Range of Values"", ""Cannot be assessed"", ""Missing""]; Count=[""2412"", ""1322"", ""631""]; Cumulative=[""2412"", ""3734"", ""4365""]; Skip.to.Item=[""NA"", ""NA"", ""NA""]"
"OHXPER_G","OHX02CJL","OHX02CJL","LOA: Max R(2M) MdL FGM-CEJ(mm)","Loss of Attachment: Upper right 2nd molar (2M) mid - lingual - FGM to CEJ measurement (mm)","Both males and females 30 YEARS - 150 YEARS",NA,"Code.or.Value=[""-11 to 2"", ""99"", "".""]; Value.Description=[""Range of Values"", ""Cannot be assessed"", ""Missing""]; Count=[""2415"", ""1319"", ""631""]; Cumulative=[""2415"", ""3734"", ""4365""]; Skip.to.Item=[""NA"", ""NA"", ""NA""]"
"OHXPER_G","OHX02CJA","OHX02CJA","LOA: Max R(2M) ML FGM-CEJ(mm)","Loss of Attachment: Upper right 2nd molar (2M) mesio- lingual - FGM to CEJ measurement (mm)","Both males and females 30 YEARS - 150 YEARS",NA,"Code.or.Value=[""-11 to 2"", ""99"", "".""]; Value.Description=[""Range of Values"", ""Cannot be assessed"", ""Missing""]; Count=[""2416"", ""1318"", ""631""]; Cumulative=[""2416"", ""3734"", ""4365""]; Skip.to.Item=[""NA"", ""NA"", ""NA""]"
"OHXPER_G","OHX02PCD","OHX02PCD","LOA: Max R(2M) DF FGM-sulcus(mm)","Loss of Attachment: Upper right 2nd molar (2M) distal - FGM to sulcus base (pocket depth) (mm)","Both males and females 30 YEARS - 150 YEARS",NA,"Code.or.Value=[""0 to 8"", ""99"", "".""]; Value.Description=[""Range of Values"", ""Cannot be assessed"", ""Missing""]; Count=[""2405"", ""1330"", ""630""]; Cumulative=[""2405"", ""3735"", ""4365""]; Skip.to.Item=[""NA"", ""NA"", ""NA""]"
"OHXPER_G","OHX02PCM","OHX02PCM","LOA: Max R(2M) MdF FGM-sulcus(mm)","Loss of Attachment: Upper right 2nd molar (2M) mid-facial - FGM to sulcus base (pocket depth) (mm)","Both males and females 30 YEARS - 150 YEARS",NA,"Code.or.Value=[""0 to 7"", ""99"", "".""]; Value.Description=[""Range of Values"", ""Cannot be assessed"", ""Missing""]; Count=[""2411"", ""1324"", ""630""]; Cumulative=[""2411"", ""3735"", ""4365""]; Skip.to.Item=[""NA"", ""NA"", ""NA""]"
"OHXPER_G","OHX02PCS","OHX02PCS","LOA: Max R(2M) MF FGM-sulcus(mm)","Loss of Attachment: Upper right 2nd molar (2M) mesio-facial - FGM to sulcus base (pocket depth) (mm)","Both males and females 30 YEARS - 150 YEARS",NA,"Code.or.Value=[""0 to 8"", ""99"", "".""]; Value.Description=[""Range of Values"", ""Cannot be assessed"", ""Missing""]; Count=[""2405"", ""1330"", ""630""]; Cumulative=[""2405"", ""3735"", ""4365""]; Skip.to.Item=[""NA"", ""NA"", ""NA""]"
"OHXPER_G","OHX02PCP","OHX02PCP","LOA: Max R(2M) DL FGM-sulcus(mm)","Loss of Attachment: Upper right 2nd molar (2M) distal - lingual - FGM to sulcus base (pocket depth) (mm)","Both males and females 30 YEARS - 150 YEARS",NA,"Code.or.Value=[""0 to 9"", ""99"", "".""]; Value.Description=[""Range of Values"", ""Cannot be assessed"", ""Missing""]; Count=[""2412"", ""1322"", ""631""]; Cumulative=[""2412"", ""3734"", ""4365""]; Skip.to.Item=[""NA"", ""NA"", ""NA""]"
"OHXPER_G","OHX02PCL","OHX02PCL","LOA: Max R(2M) MdL FGM-sulcus(mm)","Loss of Attachment: Upper right 2nd molar (2M) mid- lingual - FGM to sulcus base (pocket depth) (mm)","Both males and females 30 YEARS - 150 YEARS",NA,"Code.or.Value=[""0 to 6"", ""99"", "".""]; Value.Description=[""Range of Values"", ""Cannot be assessed"", ""Missing""]; Count=[""2415"", ""1319"", ""631""]; Cumulative=[""2415"", ""3734"", ""4365""]; Skip.to.Item=[""NA"", ""NA"", ""NA""]"
"OHXPER_G","OHX02PCA","OHX02PCA","LOA: Max R(2M) ML FGM-sulcus(mm)","Loss of Attachment: Upper right 2nd molar (2M) mesio- lingual - FGM to sulcus base (pocket depth) (mm)","Both males and females 30 YEARS - 150 YEARS",NA,"Code.or.Value=[""."", ""0 to 8"", ""99""]; Value.Description=[""Missing"", ""Range of Values"", ""Cannot be assessed""]; Count=[""631"", ""2416"", ""1318""]; Cumulative=[""4365"", ""2416"", ""3734""]; Skip.to.Item=[""NA"", ""NA"", ""NA""]"
"OHXPER_G","OHX02LAD","OHX02LAD","LOA: Max R(2M) DF calculated AL(mm)","Loss of Attachment: Upper right 2nd molar (2M) distal - Calculation of : (FGM to CEJ measurement) - (FGM to sulcus base measurement) (mm)","Both males and females 30 YEARS - 150 YEARS",NA,"Code.or.Value=[""0 to 12"", ""99"", "".""]; Value.Description=[""Range of Values"", ""Cannot be assessed"", ""Missing""]; Count=[""2405"", ""1330"", ""630""]; Cumulative=[""2405"", ""3735"", ""4365""]; Skip.to.Item=[""NA"", ""NA"", ""NA""]"
"OHXPER_G","OHX02LAM","OHX02LAM","LOA: Max R(2M) MdF calculated AL(mm)","Loss of Attachment: Upper right 2nd molar (2M) mid-facial - Calculation of : (FGM to CEJ measurement) - (FGM to sulcus base measurement)(mm)","Both males and females 30 YEARS - 150 YEARS",NA,"Code.or.Value=[""0 to 12"", ""99"", "".""]; Value.Description=[""Range of Values"", ""Cannot be assessed"", ""Missing""]; Count=[""2411"", ""1324"", ""630""]; Cumulative=[""2411"", ""3735"", ""4365""]; Skip.to.Item=[""NA"", ""NA"", ""NA""]"
"OHXPER_G","OHX02LAS","OHX02LAS","LOA: Max R(2M) MF calculated AL(mm)","Loss of Attachment: Upper right 2nd molar (2M) mesio-facial - Calculation of : (FGM to CEJ measurement) - (FGM to sulcus base measurement)(mm)","Both males and females 30 YEARS - 150 YEARS",NA,"Code.or.Value=[""0 to 11"", ""99"", "".""]; Value.Description=[""Range of Values"", ""Cannot be assessed"", ""Missing""]; Count=[""2405"", ""1330"", ""630""]; Cumulative=[""2405"", ""3735"", ""4365""]; Skip.to.Item=[""NA"", ""NA"", ""NA""]"
"OHXPER_G","OHX02LAP","OHX02LAP","LOA: Max R(2M) DL calculated AL(mm)","Loss of Attachment: Upper right 2nd molar (2M) distal lingual - Calculation of : (FGM to CEJ measurement) - (FGM to sulcus base measurement)(mm)","Both males and females 30 YEARS - 150 YEARS",NA,"Code.or.Value=[""0 to 11"", ""99"", "".""]; Value.Description=[""Range of Values"", ""Cannot be assessed"", ""Missing""]; Count=[""2412"", ""1322"", ""631""]; Cumulative=[""2412"", ""3734"", ""4365""]; Skip.to.Item=[""NA"", ""NA"", ""NA""]"
"OHXPER_G","OHX02LAL","OHX02LAL","LOA: Max R(2M) MdL calculated AL(mm)","Loss of Attachment: Upper right 2nd molar (2M) mid- lingual - Calculation of : (FGM to CEJ measurement) - (FGM to sulcus base measurement)(mm)","Both males and females 30 YEARS - 150 YEARS",NA,"Code.or.Value=[""0 to 12"", ""99"", "".""]; Value.Description=[""Range of Values"", ""Cannot be assessed"", ""Missing""]; Count=[""2415"", ""1319"", ""631""]; Cumulative=[""2415"", ""3734"", ""4365""]; Skip.to.Item=[""NA"", ""NA"", ""NA""]"
"OHXPER_G","OHX02LAA","OHX02LAA","LOA: Max R(2M) ML calculated AL(mm)","Loss of Attachment: Upper right 2nd molar (2M) mesio- lingual - Calculation of : (FGM to CEJ measurement) - (FGM to sulcus base measurement)(mm)","Both males and females 30 YEARS - 150 YEARS",NA,"Code.or.Value=[""0 to 13"", ""99"", "".""]; Value.Description=[""Range of Values"", ""Cannot be assessed"", ""Missing""]; Count=[""2416"", ""1318"", ""631""]; Cumulative=[""2416"", ""3734"", ""4365""]; Skip.to.Item=[""NA"", ""NA"", ""NA""]"
"OHXPER_G","OHX03CJD","OHX03CJD","LOA: Max R(1M) DF FGM-CEJ(mm)","Loss of Attachment: Upper right 1st molar (1M) distal - FGM to CEJ measurement (mm)","Both males and females 30 YEARS - 150 YEARS",NA,"Code.or.Value=[""-9 to 2"", ""99"", "".""]; Value.Description=[""Range of Values"", ""Cannot be assessed"", ""Missing""]; Count=[""2387"", ""1344"", ""634""]; Cumulative=[""2387"", ""3731"", ""4365""]; Skip.to.Item=[""NA"", ""NA"", ""NA""]"
"OHXPER_G","OHX03CJM","OHX03CJM","LOA: Max R(1M) MdF FGM-CEJ(mm)","Loss of Attachment: Upper right 1st molar (1M) mid-facial - FGM to CEJ measurement (mm)","Both males and females 30 YEARS - 150 YEARS",NA,"Code.or.Value=[""-10 to 1"", ""99"", "".""]; Value.Description=[""Range of Values"", ""Cannot be assessed"", ""Missing""]; Count=[""2390"", ""1341"", ""634""]; Cumulative=[""2390"", ""3731"", ""4365""]; Skip.to.Item=[""NA"", ""NA"", ""NA""]"
"OHXPER_G","OHX03CJS","OHX03CJS","LOA: Max R(1M) MF FGM-CEJ(mm)","Loss of Attachment: Upper right 1st molar (1M) mesio-facial - FGM to CEJ measurement (mm)","Both males and females 30 YEARS - 150 YEARS",NA,"Code.or.Value=[""-8 to 2"", ""99"", "".""]; Value.Description=[""Range of Values"", ""Cannot be assessed"", ""Missing""]; Count=[""2389"", ""1342"", ""634""]; Cumulative=[""2389"", ""3731"", ""4365""]; Skip.to.Item=[""NA"", ""NA"", ""NA""]"
"OHXPER_G","OHX03CJP","OHX03CJP","LOA: Max R(1M) DL FGM-CEJ(mm)","Loss of Attachment: Upper right 1st molar (1M) distal - lingual - FGM to CEJ measurement (mm)","Both males and females 30 YEARS - 150 YEARS",NA,"Code.or.Value=[""-10 to 2"", ""99"", "".""]; Value.Description=[""Range of Values"", ""Cannot be assessed"", ""Missing""]; Count=[""2395"", ""1335"", ""635""]; Cumulative=[""2395"", ""3730"", ""4365""]; Skip.to.Item=[""NA"", ""NA"", ""NA""]"
"OHXPER_G","OHX03CJL","OHX03CJL","LOA: Max R(1M) MdL FGM-CEJ(mm)","Loss of Attachment: Upper right 1st molar (1M) mid - lingual - FGM to CEJ measurement (mm)","Both males and females 30 YEARS - 150 YEARS",NA,"Code.or.Value=[""-12 to 1"", ""99"", "".""]; Value.Description=[""Range of Values"", ""Cannot be assessed"", ""Missing""]; Count=[""2403"", ""1327"", ""635""]; Cumulative=[""2403"", ""3730"", ""4365""]; Skip.to.Item=[""NA"", ""NA"", ""NA""]"
"OHXPER_G","OHX03CJA","OHX03CJA","LOA: Max R(1M) ML FGM-CEJ(mm)","Loss of Attachment: Upper right 1st molar (1M) mesio- lingual - FGM to CEJ measurement (mm)","Both males and females 30 YEARS - 150 YEARS",NA,"Code.or.Value=[""-8 to 2"", ""99"", "".""]; Value.Description=[""Range of Values"", ""Cannot be assessed"", ""Missing""]; Count=[""2400"", ""1330"", ""635""]; Cumulative=[""2400"", ""3730"", ""4365""]; Skip.to.Item=[""NA"", ""NA"", ""NA""]"
"OHXPER_G","OHX03PCD","OHX03PCD","LOA: Max R(1M) DF FGM-sulcus(mm)","Loss of Attachment: Upper right 1st molar (1M) distal - FGM to sulcus base (pocket depth) (mm)","Both males and females 30 YEARS - 150 YEARS",NA,"Code.or.Value=[""0 to 9"", ""99"", "".""]; Value.Description=[""Range of Values"", ""Cannot be assessed"", ""Missing""]; Count=[""2387"", ""1344"", ""634""]; Cumulative=[""2387"", ""3731"", ""4365""]; Skip.to.Item=[""NA"", ""NA"", ""NA""]"
"OHXPER_G","OHX03PCM","OHX03PCM","LOA: Max R(1M) MdF FGM-sulcus(mm)","Loss of Attachment: Upper right 1st molar (1M) mid-facial - FGM to sulcus base (pocket depth) (mm)","Both males and females 30 YEARS - 150 YEARS",NA,"Code.or.Value=[""0 to 8"", ""99"", "".""]; Value.Description=[""Range of Values"", ""Cannot be assessed"", ""Missing""]; Count=[""2390"", ""1341"", ""634""]; Cumulative=[""2390"", ""3731"", ""4365""]; Skip.to.Item=[""NA"", ""NA"", ""NA""]"
"OHXPER_G","OHX03PCS","OHX03PCS","LOA: Max R(1M) MF FGM-sulcus(mm)","Loss of Attachment: Upper right 1st molar (1M) mesio-facial - FGM to sulcus base (pocket depth) (mm)","Both males and females 30 YEARS - 150 YEARS",NA,"Code.or.Value=[""0 to 8"", ""99"", "".""]; Value.Description=[""Range of Values"", ""Cannot be assessed"", ""Missing""]; Count=[""2389"", ""1342"", ""634""]; Cumulative=[""2389"", ""3731"", ""4365""]; Skip.to.Item=[""NA"", ""NA"", ""NA""]"
"OHXPER_G","OHX03PCP","OHX03PCP","LOA: Max R(1M) DL FGM-sulcus(mm)","Loss of Attachment: Upper right 1st molar (1M) distal - lingual - FGM to sulcus base (pocket depth) (mm)","Both males and females 30 YEARS - 150 YEARS",NA,"Code.or.Value=[""0 to 8"", ""99"", "".""]; Value.Description=[""Range of Values"", ""Cannot be assessed"", ""Missing""]; Count=[""2395"", ""1335"", ""635""]; Cumulative=[""2395"", ""3730"", ""4365""]; Skip.to.Item=[""NA"", ""NA"", ""NA""]"
"OHXPER_G","OHX03PCL","OHX03PCL","LOA: Max R(1M) MdL FGM-sulcus(mm)","Loss of Attachment: Upper right 1st molar (1M) mid- lingual - FGM to sulcus base (pocket depth) (mm)","Both males and females 30 YEARS - 150 YEARS",NA,"Code.or.Value=[""0 to 5"", ""99"", "".""]; Value.Description=[""Range of Values"", ""Cannot be assessed"", ""Missing""]; Count=[""2403"", ""1327"", ""635""]; Cumulative=[""2403"", ""3730"", ""4365""]; Skip.to.Item=[""NA"", ""NA"", ""NA""]"
"OHXPER_G","OHX03PCA","OHX03PCA","LOA: Max R(1M) ML FGM-sulcus(mm)","Loss of Attachment: Upper right 1st molar (1M) mesio- lingual - FGM to sulcus base (pocket depth) (mm)","Both males and females 30 YEARS - 150 YEARS",NA,"Code.or.Value=[""0 to 8"", ""99"", "".""]; Value.Description=[""Range of Values"", ""Cannot be assessed"", ""Missing""]; Count=[""2400"", ""1330"", ""635""]; Cumulative=[""2400"", ""3730"", ""4365""]; Skip.to.Item=[""NA"", ""NA"", ""NA""]"
"OHXPER_G","OHX03LAD","OHX03LAD","LOA: Max R(1M) DF calculated AL(mm)","Loss of Attachment: Upper right 1st molar (1M) distal - Calculation of : (FGM to CEJ measurement) - (FGM to sulcus base measurement) (mm)","Both males and females 30 YEARS - 150 YEARS",NA,"Code.or.Value=[""0 to 11"", ""99"", "".""]; Value.Description=[""Range of Values"", ""Cannot be assessed"", ""Missing""]; Count=[""2387"", ""1344"", ""634""]; Cumulative=[""2387"", ""3731"", ""4365""]; Skip.to.Item=[""NA"", ""NA"", ""NA""]"
"OHXPER_G","OHX03LAM","OHX03LAM","LOA: Max R(1M) MdF calculated AL(mm)","Loss of Attachment: Upper right 1st molar (1M) mid-facial - Calculation of : (FGM to sulcus base measurement) - (FGM to CEJ measurement) (mm)","Both males and females 30 YEARS - 150 YEARS",NA,"Code.or.Value=[""0 to 11"", ""99"", "".""]; Value.Description=[""Range of Values"", ""Cannot be assessed"", ""Missing""]; Count=[""2390"", ""1341"", ""634""]; Cumulative=[""2390"", ""3731"", ""4365""]; Skip.to.Item=[""NA"", ""NA"", ""NA""]"
"OHXPER_G","OHX03LAS","OHX03LAS","LOA: Max R(1M) MF calculated AL(mm)","Loss of Attachment: Upper right 1st molar (1M) mesio-facial - Calculation of : (FGM to sulcus base measurement) - (FGM to CEJ measurement) (mm)","Both males and females 30 YEARS - 150 YEARS",NA,"Code.or.Value=[""0 to 10"", ""99"", "".""]; Value.Description=[""Range of Values"", ""Cannot be assessed"", ""Missing""]; Count=[""2389"", ""1342"", ""634""]; Cumulative=[""2389"", ""3731"", ""4365""]; Skip.to.Item=[""NA"", ""NA"", ""NA""]"
"OHXPER_G","OHX03LAP","OHX03LAP","LOA: Max R(1M) DL calculated AL(mm)","Loss of Attachment: Upper right 1st molar (1M) distal lingual - Calculation of : (FGM to CEJ measurement) - (FGM to sulcus base measurement)(mm)","Both males and females 30 YEARS - 150 YEARS",NA,"Code.or.Value=[""0 to 12"", ""99"", "".""]; Value.Description=[""Range of Values"", ""Cannot be assessed"", ""Missing""]; Count=[""2395"", ""1335"", ""635""]; Cumulative=[""2395"", ""3730"", ""4365""]; Skip.to.Item=[""NA"", ""NA"", ""NA""]"
"OHXPER_G","OHX03LAL","OHX03LAL","LOA: Max R(1M) MdL calculated AL(mm)","Loss of Attachment: Upper right 1st molar (1M) mid- lingual - Calculation of : (FGM to sulcus base measurement) - (FGM to CEJ measurement) (mm)","Both males and females 30 YEARS - 150 YEARS",NA,"Code.or.Value=[""0 to 14"", ""99"", "".""]; Value.Description=[""Range of Values"", ""Cannot be assessed"", ""Missing""]; Count=[""2403"", ""1327"", ""635""]; Cumulative=[""2403"", ""3730"", ""4365""]; Skip.to.Item=[""NA"", ""NA"", ""NA""]"
"OHXPER_G","OHX03LAA","OHX03LAA","LOA: Max R(1M) ML calculated AL(mm)","Loss of Attachment: Upper right 1st molar (1M) mesio- lingual - Calculation of : (FGM to sulcus base measurement) - (FGM to CEJ measurement) (mm)","Both males and females 30 YEARS - 150 YEARS",NA,"Code.or.Value=[""0 to 11"", ""99"", "".""]; Value.Description=[""Range of Values"", ""Cannot be assessed"", ""Missing""]; Count=[""2400"", ""1330"", ""635""]; Cumulative=[""2400"", ""3730"", ""4365""]; Skip.to.Item=[""NA"", ""NA"", ""NA""]"
"OHXPER_G","OHX04CJD","OHX04CJD","LOA: Max R(2B) DF FGM-CEJ(mm)","Loss of Attachment: Upper right 2nd bicuspid/2nd primary molar (2B) distal - FGM to CEJ measurement (mm)","Both males and females 30 YEARS - 150 YEARS",NA,"Code.or.Value=[""-8 to 2"", ""99"", "".""]; Value.Description=[""Range of Values"", ""Cannot be assessed"", ""Missing""]; Count=[""2545"", ""1192"", ""628""]; Cumulative=[""2545"", ""3737"", ""4365""]; Skip.to.Item=[""NA"", ""NA"", ""NA""]"
"OHXPER_G","OHX04CJM","OHX04CJM","LOA: Max R(2B) MdF FGM-CEJ(mm)","Loss of Attachment: Upper right 2nd bicuspid/2nd primary molar (2B) mid-facial - FGM to CEJ measurement (mm)","Both males and females 30 YEARS - 150 YEARS",NA,"Code.or.Value=[""-8 to 1"", ""99"", "".""]; Value.Description=[""Range of Values"", ""Cannot be assessed"", ""Missing""]; Count=[""2541"", ""1196"", ""628""]; Cumulative=[""2541"", ""3737"", ""4365""]; Skip.to.Item=[""NA"", ""NA"", ""NA""]"
"OHXPER_G","OHX04CJS","OHX04CJS","LOA: Max R(2B) MF FGM-CEJ(mm)","Loss of Attachment: Upper right 2nd bicuspid/2nd primary molar (2B) mesio-facial - FGM to CEJ measurement (mm)","Both males and females 30 YEARS - 150 YEARS",NA,"Code.or.Value=[""-8 to 2"", ""99"", "".""]; Value.Description=[""Range of Values"", ""Cannot be assessed"", ""Missing""]; Count=[""2544"", ""1193"", ""628""]; Cumulative=[""2544"", ""3737"", ""4365""]; Skip.to.Item=[""NA"", ""NA"", ""NA""]"
"OHXPER_G","OHX04CJP","OHX04CJP","LOA: Max R(2B) DL FGM-CEJ(mm)","Loss of Attachment: Upper right 2nd bicuspid/2nd primary molar (2B) distal - lingual - FGM to CEJ measurement (mm)","Both males and females 30 YEARS - 150 YEARS",NA,"Code.or.Value=[""-8 to 2"", ""99"", "".""]; Value.Description=[""Range of Values"", ""Cannot be assessed"", ""Missing""]; Count=[""2548"", ""1188"", ""629""]; Cumulative=[""2548"", ""3736"", ""4365""]; Skip.to.Item=[""NA"", ""NA"", ""NA""]"
"OHXPER_G","OHX04CJL","OHX04CJL","LOA: Max R(2B) MdL FGM-CEJ(mm)","Loss of Attachment: Upper right 2nd bicuspid/2nd primary molar (2B) mid - lingual - FGM to CEJ measurement (mm)","Both males and females 30 YEARS - 150 YEARS",NA,"Code.or.Value=[""-8 to 3"", ""99"", "".""]; Value.Description=[""Range of Values"", ""Cannot be assessed"", ""Missing""]; Count=[""2551"", ""1185"", ""629""]; Cumulative=[""2551"", ""3736"", ""4365""]; Skip.to.Item=[""NA"", ""NA"", ""NA""]"
"OHXPER_G","OHX04CJA","OHX04CJA","LOA: Max R(2B) ML FGM-CEJ(mm)","Loss of Attachment: Upper right 2nd bicuspid/2nd primary molar (2B) mesio- lingual - FGM to CEJ measurement (mm)","Both males and females 30 YEARS - 150 YEARS",NA,"Code.or.Value=[""-6 to 3"", ""99"", "".""]; Value.Description=[""Range of Values"", ""Cannot be assessed"", ""Missing""]; Count=[""2552"", ""1184"", ""629""]; Cumulative=[""2552"", ""3736"", ""4365""]; Skip.to.Item=[""NA"", ""NA"", ""NA""]"
"OHXPER_G","OHX04PCD","OHX04PCD","LOA: Max R(2B) DF FGM-sulcus(mm)","Loss of Attachment: Upper right 2nd bicuspid/2nd primary molar (2B) distal - FGM to sulcus base (pocket depth) (mm)","Both males and females 30 YEARS - 150 YEARS",NA,"Code.or.Value=[""0 to 8"", ""99"", "".""]; Value.Description=[""Range of Values"", ""Cannot be assessed"", ""Missing""]; Count=[""2545"", ""1192"", ""628""]; Cumulative=[""2545"", ""3737"", ""4365""]; Skip.to.Item=[""NA"", ""NA"", ""NA""]"
"OHXPER_G","OHX04PCM","OHX04PCM","LOA: Max R(2B) MdF FGM-sulcus(mm)","Loss of Attachment: Upper right 2nd bicuspid/2nd primary molar (2B) mid-facial mid-facial - FGM to sulcus base (pocket depth) (mm)","Both males and females 30 YEARS - 150 YEARS",NA,"Code.or.Value=[""0 to 6"", ""99"", "".""]; Value.Description=[""Range of Values"", ""Cannot be assessed"", ""Missing""]; Count=[""2541"", ""1196"", ""628""]; Cumulative=[""2541"", ""3737"", ""4365""]; Skip.to.Item=[""NA"", ""NA"", ""NA""]"
"OHXPER_G","OHX04PCS","OHX04PCS","LOA: Max R(2B) MF FGM-sulcus(mm)","Loss of Attachment: Upper right 2nd bicuspid/2nd primary molar (2B) mesio-facial mesio-facial - FGM to sulcus base (pocket depth) (mm)","Both males and females 30 YEARS - 150 YEARS",NA,"Code.or.Value=[""0 to 8"", ""99"", "".""]; Value.Description=[""Range of Values"", ""Cannot be assessed"", ""Missing""]; Count=[""2544"", ""1193"", ""628""]; Cumulative=[""2544"", ""3737"", ""4365""]; Skip.to.Item=[""NA"", ""NA"", ""NA""]"
"OHXPER_G","OHX04PCP","OHX04PCP","LOA: Max R(2B) DL FGM-sulcus(mm)","Loss of Attachment: Upper right 2nd bicuspid/2nd primary molar (2B) distal - lingual - FGM to sulcus base (pocket depth) (mm)","Both males and females 30 YEARS - 150 YEARS",NA,"Code.or.Value=[""0 to 7"", ""99"", "".""]; Value.Description=[""Range of Values"", ""Cannot be assessed"", ""Missing""]; Count=[""2548"", ""1188"", ""629""]; Cumulative=[""2548"", ""3736"", ""4365""]; Skip.to.Item=[""NA"", ""NA"", ""NA""]"
"OHXPER_G","OHX04PCL","OHX04PCL","LOA: Max R(2B) MdL FGM-sulcus(mm)","Loss of Attachment: Upper right 2nd bicuspid/2nd primary molar (2B) mid- lingual - FGM to sulcus base (pocket depth) (mm)","Both males and females 30 YEARS - 150 YEARS",NA,"Code.or.Value=[""0 to 8"", ""99"", "".""]; Value.Description=[""Range of Values"", ""Cannot be assessed"", ""Missing""]; Count=[""2551"", ""1185"", ""629""]; Cumulative=[""2551"", ""3736"", ""4365""]; Skip.to.Item=[""NA"", ""NA"", ""NA""]"
"OHXPER_G","OHX04PCA","OHX04PCA","LOA: Max R(2B) ML FGM-sulcus(mm)","Loss of Attachment: Upper right 2nd bicuspid/2nd primary molar (2B) mesio- lingual - FGM to sulcus base (pocket depth) (mm)","Both males and females 30 YEARS - 150 YEARS",NA,"Code.or.Value=[""0 to 8"", ""99"", "".""]; Value.Description=[""Range of Values"", ""Cannot be assessed"", ""Missing""]; Count=[""2552"", ""1184"", ""629""]; Cumulative=[""2552"", ""3736"", ""4365""]; Skip.to.Item=[""NA"", ""NA"", ""NA""]"
"OHXPER_G","OHX04LAD","OHX04LAD","LOA: Max R(2B) DF calculated AL(mm)","Loss of Attachment: Upper right 2nd bicuspid/2nd primary molar (2B) distal - Calculation of : (FGM to CEJ measurement) - (FGM to sulcus base measurement) (mm)","Both males and females 30 YEARS - 150 YEARS",NA,"Code.or.Value=[""0 to 10"", ""99"", "".""]; Value.Description=[""Range of Values"", ""Cannot be assessed"", ""Missing""]; Count=[""2545"", ""1192"", ""628""]; Cumulative=[""2545"", ""3737"", ""4365""]; Skip.to.Item=[""NA"", ""NA"", ""NA""]"
"OHXPER_G","OHX04LAM","OHX04LAM","LOA: Max R(2B) MdF calculated AL(mm)","Loss of Attachment: Upper right 2nd bicuspid/2nd primary molar (2B) mid-facial - Calculation of : (FGM to sulcus base measurement) - (FGM to CEJ measurement) (mm)","Both males and females 30 YEARS - 150 YEARS",NA,"Code.or.Value=[""0 to 9"", ""99"", "".""]; Value.Description=[""Range of Values"", ""Cannot be assessed"", ""Missing""]; Count=[""2541"", ""1196"", ""628""]; Cumulative=[""2541"", ""3737"", ""4365""]; Skip.to.Item=[""NA"", ""NA"", ""NA""]"
"OHXPER_G","OHX04LAS","OHX04LAS","LOA: Max R(2B) MF calculated AL(mm)","Loss of Attachment: Upper right 2nd bicuspid/2nd primary molar (2B) mesio-facial - Calculation of : (FGM to sulcus base measurement) - (FGM to CEJ measurement) (mm)","Both males and females 30 YEARS - 150 YEARS",NA,"Code.or.Value=[""0 to 11"", ""99"", "".""]; Value.Description=[""Range of Values"", ""Cannot be assessed"", ""Missing""]; Count=[""2544"", ""1193"", ""628""]; Cumulative=[""2544"", ""3737"", ""4365""]; Skip.to.Item=[""NA"", ""NA"", ""NA""]"
"OHXPER_G","OHX04LAP","OHX04LAP","LOA: Max R(2B) DL calculated AL(mm)","Loss of Attachment: Upper right 2nd bicuspid/2nd primary molar (2B) distal lingual - Calculation of : (FGM to CEJ measurement) - (FGM to sulcus base measurement)(mm)","Both males and females 30 YEARS - 150 YEARS",NA,"Code.or.Value=[""0 to 10"", ""99"", "".""]; Value.Description=[""Range of Values"", ""Cannot be assessed"", ""Missing""]; Count=[""2548"", ""1188"", ""629""]; Cumulative=[""2548"", ""3736"", ""4365""]; Skip.to.Item=[""NA"", ""NA"", ""NA""]"
"OHXPER_G","OHX04LAL","OHX04LAL","LOA: Max R(2B) MdL calculated AL(mm)","Loss of Attachment: Upper right 2nd bicuspid/2nd primary molar (2B) mid- lingual - Calculation of : (FGM to sulcus base measurement) - (FGM to CEJ measurement) (mm)","Both males and females 30 YEARS - 150 YEARS",NA,"Code.or.Value=[""0 to 10"", ""99"", "".""]; Value.Description=[""Range of Values"", ""Cannot be assessed"", ""Missing""]; Count=[""2551"", ""1185"", ""629""]; Cumulative=[""2551"", ""3736"", ""4365""]; Skip.to.Item=[""NA"", ""NA"", ""NA""]"
"OHXPER_G","OHX04LAA","OHX04LAA","LOA: Max R(2B) ML calculated AL(mm)","Loss of Attachment: Upper right 2nd bicuspid/2nd primary molar (2B) mesio-lingual - Calculation of: (FGM to sulcus base measurement) - (FGM to CEJ measurement) (mm)","Both males and females 30 YEARS - 150 YEARS",NA,"Code.or.Value=[""0 to 10"", ""99"", "".""]; Value.Description=[""Range of Values"", ""Cannot be assessed"", ""Missing""]; Count=[""2552"", ""1184"", ""629""]; Cumulative=[""2552"", ""3736"", ""4365""]; Skip.to.Item=[""NA"", ""NA"", ""NA""]"
"OHXPER_G","OHX05CJD","OHX05CJD","LOA: Max R(1B) DF FGM-CEJ(mm)","Loss of Attachment: Upper right 1st bicuspid/1st primary molar (1B) distal - FGM to CEJ measurement (mm)","Both males and females 30 YEARS - 150 YEARS",NA,"Code.or.Value=[""-8 to 2"", ""99"", "".""]; Value.Description=[""Range of Values"", ""Cannot be assessed"", ""Missing""]; Count=[""2509"", ""1225"", ""631""]; Cumulative=[""2509"", ""3734"", ""4365""]; Skip.to.Item=[""NA"", ""NA"", ""NA""]"
"OHXPER_G","OHX05CJM","OHX05CJM","LOA: Max R(1B) MdF FGM-CEJ(mm)","Loss of Attachment: Upper right 1st bicuspid/1st primary molar (1B) mid-facial - FGM to CEJ measurement (mm)","Both males and females 30 YEARS - 150 YEARS",NA,"Code.or.Value=[""-10 to 1"", ""99"", "".""]; Value.Description=[""Range of Values"", ""Cannot be assessed"", ""Missing""]; Count=[""2509"", ""1225"", ""631""]; Cumulative=[""2509"", ""3734"", ""4365""]; Skip.to.Item=[""NA"", ""NA"", ""NA""]"
"OHXPER_G","OHX05CJS","OHX05CJS","LOA: Max R(1B) MF FGM-CEJ(mm)","Loss of Attachment: Upper right 1st bicuspid/1st primary molar (1B) mesio-facial - FGM to CEJ measurement (mm)","Both males and females 30 YEARS - 150 YEARS",NA,"Code.or.Value=[""-8 to 2"", ""99"", "".""]; Value.Description=[""Range of Values"", ""Cannot be assessed"", ""Missing""]; Count=[""2516"", ""1218"", ""631""]; Cumulative=[""2516"", ""3734"", ""4365""]; Skip.to.Item=[""NA"", ""NA"", ""NA""]"
"OHXPER_G","OHX05CJP","OHX05CJP","LOA: Max R(1B) DL FGM-CEJ(mm)","Loss of Attachment: Upper right 1st bicuspid/1st primary molar (1B) distal - lingual - FGM to CEJ measurement (mm)","Both males and females 30 YEARS - 150 YEARS",NA,"Code.or.Value=[""-8 to 3"", ""99"", "".""]; Value.Description=[""Range of Values"", ""Cannot be assessed"", ""Missing""]; Count=[""2526"", ""1207"", ""632""]; Cumulative=[""2526"", ""3733"", ""4365""]; Skip.to.Item=[""NA"", ""NA"", ""NA""]"
"OHXPER_G","OHX05CJL","OHX05CJL","LOA: Max R(1B) MdL FGM-CEJ(mm)","Loss of Attachment: Upper right 1st bicuspid/1st primary molar (1B) mid- lingual - FGM to CEJ measurement (mm)","Both males and females 30 YEARS - 150 YEARS",NA,"Code.or.Value=[""-8 to 1"", ""99"", "".""]; Value.Description=[""Range of Values"", ""Cannot be assessed"", ""Missing""]; Count=[""2527"", ""1206"", ""632""]; Cumulative=[""2527"", ""3733"", ""4365""]; Skip.to.Item=[""NA"", ""NA"", ""NA""]"
"OHXPER_G","OHX05CJA","OHX05CJA","LOA: Max R(1B) ML FGM-CEJ(mm)","Loss of Attachment: Upper right 1st bicuspid/1st primary molar (1B) mesio- lingual - FGM to CEJ measurement (mm)","Both males and females 30 YEARS - 150 YEARS",NA,"Code.or.Value=[""-7 to 2"", ""99"", "".""]; Value.Description=[""Range of Values"", ""Cannot be assessed"", ""Missing""]; Count=[""2514"", ""1219"", ""632""]; Cumulative=[""2514"", ""3733"", ""4365""]; Skip.to.Item=[""NA"", ""NA"", ""NA""]"
"OHXPER_G","OHX05PCD","OHX05PCD","LOA: Max R(1B) DF FGM-sulcus(mm)","Loss of Attachment: Upper right 1st bicuspid/1st primary molar (1B) distal - FGM to sulcus base (pocket depth) (mm)","Both males and females 30 YEARS - 150 YEARS",NA,"Code.or.Value=[""0 to 7"", ""99"", "".""]; Value.Description=[""Range of Values"", ""Cannot be assessed"", ""Missing""]; Count=[""2509"", ""1225"", ""631""]; Cumulative=[""2509"", ""3734"", ""4365""]; Skip.to.Item=[""NA"", ""NA"", ""NA""]"
"OHXPER_G","OHX05PCM","OHX05PCM","LOA: Max R(1B) MdF FGM-sulcus(mm)","Loss of Attachment: Upper right 1st bicuspid/1st primary molar (1B) mid-facial - FGM to sulcus base (pocket depth)(mm)","Both males and females 30 YEARS - 150 YEARS",NA,"Code.or.Value=[""0 to 6"", ""99"", "".""]; Value.Description=[""Range of Values"", ""Cannot be assessed"", ""Missing""]; Count=[""2509"", ""1225"", ""631""]; Cumulative=[""2509"", ""3734"", ""4365""]; Skip.to.Item=[""NA"", ""NA"", ""NA""]"
"OHXPER_G","OHX05PCS","OHX05PCS","LOA: Max R(1B) MF FGM-sulcus(mm)","Loss of Attachment: Upper right 1st bicuspid/1st primary molar (1B) mesio-facial - FGM to sulcus base (pocket depth) (mm)","Both males and females 30 YEARS - 150 YEARS",NA,"Code.or.Value=[""0 to 11"", ""99"", "".""]; Value.Description=[""Range of Values"", ""Cannot be assessed"", ""Missing""]; Count=[""2516"", ""1218"", ""631""]; Cumulative=[""2516"", ""3734"", ""4365""]; Skip.to.Item=[""NA"", ""NA"", ""NA""]"
"OHXPER_G","OHX05PCP","OHX05PCP","LOA: Max R(1B) DL FGM-sulcus(mm)","Loss of Attachment: Upper right 1st bicuspid/1st primary molar (1B) distal - lingual - FGM to sulcus base (pocket depth) (mm)","Both males and females 30 YEARS - 150 YEARS",NA,"Code.or.Value=[""0 to 8"", ""99"", "".""]; Value.Description=[""Range of Values"", ""Cannot be assessed"", ""Missing""]; Count=[""2526"", ""1207"", ""632""]; Cumulative=[""2526"", ""3733"", ""4365""]; Skip.to.Item=[""NA"", ""NA"", ""NA""]"
"OHXPER_G","OHX05PCL","OHX05PCL","LOA: Max R(1B) MdL FGM-sulcus(mm)","Loss of Attachment: Upper right 1st bicuspid/1st primary molar (1B) mid- lingual - FGM to sulcus base (pocket depth) (mm)","Both males and females 30 YEARS - 150 YEARS",NA,"Code.or.Value=[""0 to 8"", ""99"", "".""]; Value.Description=[""Range of Values"", ""Cannot be assessed"", ""Missing""]; Count=[""2527"", ""1206"", ""632""]; Cumulative=[""2527"", ""3733"", ""4365""]; Skip.to.Item=[""NA"", ""NA"", ""NA""]"
"OHXPER_G","OHX05PCA","OHX05PCA","LOA: Max R(1B) ML FGM-sulcus(mm)","Loss of Attachment: Upper right 1st bicuspid/1st primary molar (1B) mesio- lingual - FGM to sulcus base (pocket depth) (mm)","Both males and females 30 YEARS - 150 YEARS",NA,"Code.or.Value=[""0 to 8"", ""99"", "".""]; Value.Description=[""Range of Values"", ""Cannot be assessed"", ""Missing""]; Count=[""2514"", ""1219"", ""632""]; Cumulative=[""2514"", ""3733"", ""4365""]; Skip.to.Item=[""NA"", ""NA"", ""NA""]"
"OHXPER_G","OHX05LAD","OHX05LAD","LOA: Max R(1B) DF calculated AL(mm)","Loss of Attachment: Upper right 1st bicuspid/1st primary molar (1B) distal - Calculation of : (FGM to CEJ measurement) - (FGM to sulcus base measurement) (mm)","Both males and females 30 YEARS - 150 YEARS",NA,"Code.or.Value=[""0 to 11"", ""99"", "".""]; Value.Description=[""Range of Values"", ""Cannot be assessed"", ""Missing""]; Count=[""2509"", ""1225"", ""631""]; Cumulative=[""2509"", ""3734"", ""4365""]; Skip.to.Item=[""NA"", ""NA"", ""NA""]"
"OHXPER_G","OHX05LAM","OHX05LAM","LOA: Max R(1B) MdF calculated AL(mm)","Loss of Attachment: Upper right 1st bicuspid/1st primary molar (1B) mid-facial - Calculation of : (FGM to sulcus base measurement) - (FGM to CEJ measurement) (mm)","Both males and females 30 YEARS - 150 YEARS",NA,"Code.or.Value=[""0 to 12"", ""99"", "".""]; Value.Description=[""Range of Values"", ""Cannot be assessed"", ""Missing""]; Count=[""2509"", ""1225"", ""631""]; Cumulative=[""2509"", ""3734"", ""4365""]; Skip.to.Item=[""NA"", ""NA"", ""NA""]"
"OHXPER_G","OHX05LAS","OHX05LAS","LOA: Max R(1B) MF calculated AL(mm)","Loss of Attachment: Upper right 1st bicuspid/1st primary molar (1B) mesio-facial - Calculation of : (FGM to sulcus base measurement) - (FGM to CEJ measurement) (mm)","Both males and females 30 YEARS - 150 YEARS",NA,"Code.or.Value=[""0 to 13"", ""99"", "".""]; Value.Description=[""Range of Values"", ""Cannot be assessed"", ""Missing""]; Count=[""2516"", ""1218"", ""631""]; Cumulative=[""2516"", ""3734"", ""4365""]; Skip.to.Item=[""NA"", ""NA"", ""NA""]"
"OHXPER_G","OHX05LAP","OHX05LAP","LOA: Max R(1B) DL calculated AL(mm)","Loss of Attachment: Upper right 1st bicuspid/1st primary molar (1B) distal - lingual - Calculation of: (FGM to CEJ measurement) - (FGM to sulcus base measurement) (mm)","Both males and females 30 YEARS - 150 YEARS",NA,"Code.or.Value=[""0 to 12"", ""99"", "".""]; Value.Description=[""Range of Values"", ""Cannot be assessed"", ""Missing""]; Count=[""2526"", ""1207"", ""632""]; Cumulative=[""2526"", ""3733"", ""4365""]; Skip.to.Item=[""NA"", ""NA"", ""NA""]"
"OHXPER_G","OHX05LAL","OHX05LAL","LOA: Max R(1B) MdL calculated AL(mm)","Loss of Attachment: Upper right 1st bicuspid/1st primary molar (1B) mid- lingual - Calculation of: (FGM to sulcus base measurement) - (FGM to CEJ measurement) (mm)","Both males and females 30 YEARS - 150 YEARS",NA,"Code.or.Value=[""0 to 11"", ""99"", "".""]; Value.Description=[""Range of Values"", ""Cannot be assessed"", ""Missing""]; Count=[""2527"", ""1206"", ""632""]; Cumulative=[""2527"", ""3733"", ""4365""]; Skip.to.Item=[""NA"", ""NA"", ""NA""]"
"OHXPER_G","OHX05LAA","OHX05LAA","LOA: Max R(1B) ML calculated AL(mm)","Loss of Attachment: Upper right 1st bicuspid/1st primary molar (1B) mesio-lingual - Calculation of: (FGM to sulcus base measurement) - (FGM to CEJ measurement) (mm)","Both males and females 30 YEARS - 150 YEARS",NA,"Code.or.Value=[""0 to 11"", ""99"", "".""]; Value.Description=[""Range of Values"", ""Cannot be assessed"", ""Missing""]; Count=[""2514"", ""1219"", ""632""]; Cumulative=[""2514"", ""3733"", ""4365""]; Skip.to.Item=[""NA"", ""NA"", ""NA""]"
"OHXPER_G","OHX06CJD","OHX06CJD","LOA: Max R(C) DF FGM-CEJ(mm)","Loss of Attachment: Upper right cuspid (C) distal - FGM to CEJ measurement (mm)","Both males and females 30 YEARS - 150 YEARS",NA,"Code.or.Value=[""-11 to 2"", ""99"", "".""]; Value.Description=[""Range of Values"", ""Cannot be assessed"", ""Missing""]; Count=[""2955"", ""761"", ""649""]; Cumulative=[""2955"", ""3716"", ""4365""]; Skip.to.Item=[""NA"", ""NA"", ""NA""]"
"OHXPER_G","OHX06CJM","OHX06CJM","LOA: Max R(C) MdF FGM-CEJ(mm)","Loss of Attachment: Upper right cuspid (C) mid-facial - FGM to CEJ measurement (mm)","Both males and females 30 YEARS - 150 YEARS",NA,"Code.or.Value=[""-11 to 2"", ""99"", "".""]; Value.Description=[""Range of Values"", ""Cannot be assessed"", ""Missing""]; Count=[""2953"", ""763"", ""649""]; Cumulative=[""2953"", ""3716"", ""4365""]; Skip.to.Item=[""NA"", ""NA"", ""NA""]"
"OHXPER_G","OHX06CJS","OHX06CJS","LOA: Max R(C) MF FGM-CEJ(mm)","Loss of Attachment: Upper right cuspid (C) mesio-facial - FGM to CEJ measurement (mm)","Both males and females 30 YEARS - 150 YEARS",NA,"Code.or.Value=[""-11 to 3"", ""99"", "".""]; Value.Description=[""Range of Values"", ""Cannot be assessed"", ""Missing""]; Count=[""2953"", ""763"", ""649""]; Cumulative=[""2953"", ""3716"", ""4365""]; Skip.to.Item=[""NA"", ""NA"", ""NA""]"
"OHXPER_G","OHX06CJP","OHX06CJP","LOA: Max R(C) DL FGM-CEJ(mm)","Loss of Attachment: Upper right cuspid (C) distal - lingual - FGM to CEJ measurement (mm)","Both males and females 30 YEARS - 150 YEARS",NA,"Code.or.Value=[""-10 to 2"", ""99"", "".""]; Value.Description=[""Range of Values"", ""Cannot be assessed"", ""Missing""]; Count=[""2885"", ""830"", ""650""]; Cumulative=[""2885"", ""3715"", ""4365""]; Skip.to.Item=[""NA"", ""NA"", ""NA""]"
"OHXPER_G","OHX06CJL","OHX06CJL","LOA: Max R(C) MdL FGM-CEJ(mm)","Loss of Attachment: Upper right cuspid (C) mid- lingual - FGM to CEJ measurement (mm)","Both males and females 30 YEARS - 150 YEARS",NA,"Code.or.Value=[""-10 to 2"", ""99"", "".""]; Value.Description=[""Range of Values"", ""Cannot be assessed"", ""Missing""]; Count=[""2961"", ""754"", ""650""]; Cumulative=[""2961"", ""3715"", ""4365""]; Skip.to.Item=[""NA"", ""NA"", ""NA""]"
"OHXPER_G","OHX06CJA","OHX06CJA","LOA: Max R(C) ML FGM-CEJ(mm)","Loss of Attachment: Upper right cuspid (C) mesio- lingual - FGM to CEJ measurement (mm)","Both males and females 30 YEARS - 150 YEARS",NA,"Code.or.Value=[""-8 to 2"", ""99"", "".""]; Value.Description=[""Range of Values"", ""Cannot be assessed"", ""Missing""]; Count=[""2928"", ""787"", ""650""]; Cumulative=[""2928"", ""3715"", ""4365""]; Skip.to.Item=[""NA"", ""NA"", ""NA""]"
"OHXPER_G","OHX06PCD","OHX06PCD","LOA: Max R(C) DF FGM-sulcus(mm)","Loss of Attachment: Upper right cuspid (C) distal - FGM to sulcus base (pocket depth) (mm)","Both males and females 30 YEARS - 150 YEARS",NA,"Code.or.Value=[""0 to 12"", ""99"", "".""]; Value.Description=[""Range of Values"", ""Cannot be assessed"", ""Missing""]; Count=[""2955"", ""761"", ""649""]; Cumulative=[""2955"", ""3716"", ""4365""]; Skip.to.Item=[""NA"", ""NA"", ""NA""]"
"OHXPER_G","OHX06PCM","OHX06PCM","LOA: Max R(C) MdF FGM-sulcus(mm)","Loss of Attachment: Upper right cuspid (C) mid-facial - FGM to sulcus base (pocket depth) (mm)","Both males and females 30 YEARS - 150 YEARS",NA,"Code.or.Value=[""0 to 6"", ""99"", "".""]; Value.Description=[""Range of Values"", ""Cannot be assessed"", ""Missing""]; Count=[""2953"", ""763"", ""649""]; Cumulative=[""2953"", ""3716"", ""4365""]; Skip.to.Item=[""NA"", ""NA"", ""NA""]"
"OHXPER_G","OHX06PCS","OHX06PCS","LOA: Max R(C) MF FGM-sulcus(mm)","Loss of Attachment: Upper right cuspid (C) mesio-facial - FGM to sulcus base (pocket depth) (mm)","Both males and females 30 YEARS - 150 YEARS",NA,"Code.or.Value=[""0 to 10"", ""99"", "".""]; Value.Description=[""Range of Values"", ""Cannot be assessed"", ""Missing""]; Count=[""2953"", ""763"", ""649""]; Cumulative=[""2953"", ""3716"", ""4365""]; Skip.to.Item=[""NA"", ""NA"", ""NA""]"
"OHXPER_G","OHX06PCP","OHX06PCP","LOA: Max R(C) DL FGM-sulcus(mm)","Loss of Attachment: Upper right cuspid (C) distal - lingual - FGM to sulcus base (pocket depth) (mm)","Both males and females 30 YEARS - 150 YEARS",NA,"Code.or.Value=[""0 to 8"", ""99"", "".""]; Value.Description=[""Range of Values"", ""Cannot be assessed"", ""Missing""]; Count=[""2885"", ""830"", ""650""]; Cumulative=[""2885"", ""3715"", ""4365""]; Skip.to.Item=[""NA"", ""NA"", ""NA""]"
"OHXPER_G","OHX06PCL","OHX06PCL","LOA: Max R(C) MdL FGM-sulcus(mm)","Loss of Attachment: Upper right cuspid (C) mid- lingual - FGM to sulcus base (pocket depth) (mm)","Both males and females 30 YEARS - 150 YEARS",NA,"Code.or.Value=[""0 to 8"", ""99"", "".""]; Value.Description=[""Range of Values"", ""Cannot be assessed"", ""Missing""]; Count=[""2961"", ""754"", ""650""]; Cumulative=[""2961"", ""3715"", ""4365""]; Skip.to.Item=[""NA"", ""NA"", ""NA""]"
"OHXPER_G","OHX06PCA","OHX06PCA","LOA: Max R(C) ML FGM-sulcus(mm)","Loss of Attachment: Upper right cuspid (C) mesio- lingual - FGM to sulcus base (pocket depth) (mm)","Both males and females 30 YEARS - 150 YEARS",NA,"Code.or.Value=[""0 to 9"", ""99"", "".""]; Value.Description=[""Range of Values"", ""Cannot be assessed"", ""Missing""]; Count=[""2928"", ""787"", ""650""]; Cumulative=[""2928"", ""3715"", ""4365""]; Skip.to.Item=[""NA"", ""NA"", ""NA""]"
"OHXPER_G","OHX06LAD","OHX06LAD","LOA: Max R(C) DF calculated AL(mm)","Loss of Attachment: Upper right cuspid (C) distal - Calculation of : (FGM to CEJ measurement) - (FGM to sulcus base measurement) (mm)","Both males and females 30 YEARS - 150 YEARS",NA,"Code.or.Value=[""0 to 17"", ""99"", "".""]; Value.Description=[""Range of Values"", ""Cannot be assessed"", ""Missing""]; Count=[""2955"", ""761"", ""649""]; Cumulative=[""2955"", ""3716"", ""4365""]; Skip.to.Item=[""NA"", ""NA"", ""NA""]"
"OHXPER_G","OHX06LAM","OHX06LAM","LOA: Max R(C) MdF calculated AL(mm)","Loss of Attachment: Upper right cuspid (C) mid-facial - Level of attachment calculation of : (FGM to sulcus base measurement) - (FGM to CEJ measurement) (mm)","Both males and females 30 YEARS - 150 YEARS",NA,"Code.or.Value=[""0 to 16"", ""99"", "".""]; Value.Description=[""Range of Values"", ""Cannot be assessed"", ""Missing""]; Count=[""2953"", ""763"", ""649""]; Cumulative=[""2953"", ""3716"", ""4365""]; Skip.to.Item=[""NA"", ""NA"", ""NA""]"
"OHXPER_G","OHX06LAS","OHX06LAS","LOA: Max R(C) MF calculated AL(mm)","Loss of Attachment: Upper right cuspid (C) mesio-facial - Calculation of : (FGM to sulcus base measurement) - (FGM to CEJ measurement) (mm)","Both males and females 30 YEARS - 150 YEARS",NA,"Code.or.Value=[""0 to 17"", ""99"", "".""]; Value.Description=[""Range of Values"", ""Cannot be assessed"", ""Missing""]; Count=[""2953"", ""763"", ""649""]; Cumulative=[""2953"", ""3716"", ""4365""]; Skip.to.Item=[""NA"", ""NA"", ""NA""]"
"OHXPER_G","OHX06LAP","OHX06LAP","LOA: Max R(C) DL calculated AL(mm)","Loss of Attachment: Upper right cuspid (C) distal - lingual - Calculation of: (FGM to CEJ measurement) - (FGM to sulcus base measurement) (mm)","Both males and females 30 YEARS - 150 YEARS",NA,"Code.or.Value=[""0 to 14"", ""99"", "".""]; Value.Description=[""Range of Values"", ""Cannot be assessed"", ""Missing""]; Count=[""2885"", ""830"", ""650""]; Cumulative=[""2885"", ""3715"", ""4365""]; Skip.to.Item=[""NA"", ""NA"", ""NA""]"
"OHXPER_G","OHX06LAL","OHX06LAL","LOA: Max R(C) MdL calculated AL(mm)","Loss of Attachment: Upper right cuspid (C) mid- lingual - Calculation of: (FGM to sulcus base measurement) - (FGM to CEJ measurement) (mm)","Both males and females 30 YEARS - 150 YEARS",NA,"Code.or.Value=[""0 to 14"", ""99"", "".""]; Value.Description=[""Range of Values"", ""Cannot be assessed"", ""Missing""]; Count=[""2961"", ""754"", ""650""]; Cumulative=[""2961"", ""3715"", ""4365""]; Skip.to.Item=[""NA"", ""NA"", ""NA""]"
"OHXPER_G","OHX06LAA","OHX06LAA","LOA: Max R(C) ML calculated AL(mm)","Loss of Attachment: Upper right cuspid (C) mesio-lingual - Calculation of: (FGM to sulcus base measurement) - (FGM to CEJ measurement) (mm)","Both males and females 30 YEARS - 150 YEARS",NA,"Code.or.Value=[""0 to 13"", ""99"", "".""]; Value.Description=[""Range of Values"", ""Cannot be assessed"", ""Missing""]; Count=[""2928"", ""787"", ""650""]; Cumulative=[""2928"", ""3715"", ""4365""]; Skip.to.Item=[""NA"", ""NA"", ""NA""]"
"OHXPER_G","OHX07CJD","OHX07CJD","LOA: Max R(LI) DF FGM-CEJ(mm)","Loss of Attachment: Upper right lateral incisor (LI) distal - FGM to CEJ measurement (mm)","Both males and females 30 YEARS - 150 YEARS",NA,"Code.or.Value=[""-6 to 3"", ""99"", "".""]; Value.Description=[""Range of Values"", ""Cannot be assessed"", ""Missing""]; Count=[""2791"", ""928"", ""646""]; Cumulative=[""2791"", ""3719"", ""4365""]; Skip.to.Item=[""NA"", ""NA"", ""NA""]"
"OHXPER_G","OHX07CJM","OHX07CJM","LOA: Max R(LI) MdF FGM-CEJ(mm)","Loss of Attachment: Upper right lateral incisor (LI) mid-facial - FGM to CEJ measurement (mm)","Both males and females 30 YEARS - 150 YEARS",NA,"Code.or.Value=[""-8 to 2"", ""99"", "".""]; Value.Description=[""Range of Values"", ""Cannot be assessed"", ""Missing""]; Count=[""2797"", ""922"", ""646""]; Cumulative=[""2797"", ""3719"", ""4365""]; Skip.to.Item=[""NA"", ""NA"", ""NA""]"
"OHXPER_G","OHX07CJS","OHX07CJS","LOA: Max R(LI) MF FGM-CEJ(mm)","Loss of Attachment: Upper right lateral incisor (LI) mesio-facial - FGM to CEJ measurement (mm)","Both males and females 30 YEARS - 150 YEARS",NA,"Code.or.Value=[""-8 to 2"", ""99"", "".""]; Value.Description=[""Range of Values"", ""Cannot be assessed"", ""Missing""]; Count=[""2786"", ""933"", ""646""]; Cumulative=[""2786"", ""3719"", ""4365""]; Skip.to.Item=[""NA"", ""NA"", ""NA""]"
"OHXPER_G","OHX07CJP","OHX07CJP","LOA: Max R(LI) DL FGM-CEJ(mm)","Loss of Attachment: Upper right lateral incisor (LI) distal - lingual - FGM to CEJ measurement (mm)","Both males and females 30 YEARS - 150 YEARS",NA,"Code.or.Value=[""-5 to 2"", ""99"", "".""]; Value.Description=[""Range of Values"", ""Cannot be assessed"", ""Missing""]; Count=[""2776"", ""943"", ""646""]; Cumulative=[""2776"", ""3719"", ""4365""]; Skip.to.Item=[""NA"", ""NA"", ""NA""]"
"OHXPER_G","OHX07CJL","OHX07CJL","LOA: Max R(LI) MdL FGM-CEJ(mm)","Loss of Attachment: Upper right lateral incisor (LI) mid- lingual - FGM to CEJ measurement (mm)","Both males and females 30 YEARS - 150 YEARS",NA,"Code.or.Value=[""-6 to 2"", ""99"", "".""]; Value.Description=[""Range of Values"", ""Cannot be assessed"", ""Missing""]; Count=[""2806"", ""913"", ""646""]; Cumulative=[""2806"", ""3719"", ""4365""]; Skip.to.Item=[""NA"", ""NA"", ""NA""]"
"OHXPER_G","OHX07CJA","OHX07CJA","LOA: Max R(LI) ML FGM-CEJ(mm)","Loss of Attachment: Upper right lateral incisor (LI) mesio- lingual - FGM to CEJ measurement (mm)","Both males and females 30 YEARS - 150 YEARS",NA,"Code.or.Value=[""-6 to 3"", ""99"", "".""]; Value.Description=[""Range of Values"", ""Cannot be assessed"", ""Missing""]; Count=[""2761"", ""958"", ""646""]; Cumulative=[""2761"", ""3719"", ""4365""]; Skip.to.Item=[""NA"", ""NA"", ""NA""]"
"OHXPER_G","OHX07PCD","OHX07PCD","LOA: Max R(LI) DF FGM-sulcus(mm)","Loss of Attachment: Upper right lateral incisor (LI) distal - FGM to sulcus base (pocket depth) (mm)","Both males and females 30 YEARS - 150 YEARS",NA,"Code.or.Value=[""0 to 11"", ""99"", "".""]; Value.Description=[""Range of Values"", ""Cannot be assessed"", ""Missing""]; Count=[""2791"", ""928"", ""646""]; Cumulative=[""2791"", ""3719"", ""4365""]; Skip.to.Item=[""NA"", ""NA"", ""NA""]"
"OHXPER_G","OHX07PCM","OHX07PCM","LOA: Max R(LI) MdF FGM-sulcus(mm)","Loss of Attachment: Upper right lateral incisor (LI) mid-facial - FGM to sulcus base (pocket depth) (mm)","Both males and females 30 YEARS - 150 YEARS",NA,"Code.or.Value=[""0 to 6"", ""99"", "".""]; Value.Description=[""Range of Values"", ""Cannot be assessed"", ""Missing""]; Count=[""2797"", ""922"", ""646""]; Cumulative=[""2797"", ""3719"", ""4365""]; Skip.to.Item=[""NA"", ""NA"", ""NA""]"
"OHXPER_G","OHX07PCS","OHX07PCS","LOA: Max R(LI) MF FGM-sulcus(mm)","Loss of Attachment: Upper right lateral incisor (LI) mesio-facial - FGM to sulcus base (pocket depth) (mm)","Both males and females 30 YEARS - 150 YEARS",NA,"Code.or.Value=[""0 to 7"", ""99"", "".""]; Value.Description=[""Range of Values"", ""Cannot be assessed"", ""Missing""]; Count=[""2786"", ""933"", ""646""]; Cumulative=[""2786"", ""3719"", ""4365""]; Skip.to.Item=[""NA"", ""NA"", ""NA""]"
"OHXPER_G","OHX07PCP","OHX07PCP","LOA: Max R(LI) DL FGM-sulcus(mm)","Loss of Attachment: Upper right lateral incisor (LI) distal - lingual - FGM to sulcus base (pocket depth) (mm)","Both males and females 30 YEARS - 150 YEARS",NA,"Code.or.Value=[""0 to 10"", ""99"", "".""]; Value.Description=[""Range of Values"", ""Cannot be assessed"", ""Missing""]; Count=[""2776"", ""943"", ""646""]; Cumulative=[""2776"", ""3719"", ""4365""]; Skip.to.Item=[""NA"", ""NA"", ""NA""]"
"OHXPER_G","OHX07PCL","OHX07PCL","LOA: Max R(LI) MdL FGM-sulcus(mm)","Loss of Attachment: Upper right lateral incisor (LI) mid- lingual - FGM to sulcus base (pocket depth) (mm)","Both males and females 30 YEARS - 150 YEARS",NA,"Code.or.Value=[""0 to 8"", ""99"", "".""]; Value.Description=[""Range of Values"", ""Cannot be assessed"", ""Missing""]; Count=[""2806"", ""913"", ""646""]; Cumulative=[""2806"", ""3719"", ""4365""]; Skip.to.Item=[""NA"", ""NA"", ""NA""]"
"OHXPER_G","OHX07PCA","OHX07PCA","LOA: Max R(LI) ML FGM-sulcus(mm)","Loss of Attachment: Upper right lateral incisor (LI) mesio- lingual - FGM to sulcus base (pocket depth) (mm)","Both males and females 30 YEARS - 150 YEARS",NA,"Code.or.Value=[""0 to 8"", ""99"", "".""]; Value.Description=[""Range of Values"", ""Cannot be assessed"", ""Missing""]; Count=[""2761"", ""958"", ""646""]; Cumulative=[""2761"", ""3719"", ""4365""]; Skip.to.Item=[""NA"", ""NA"", ""NA""]"
"OHXPER_G","OHX07LAD","OHX07LAD","LOA: Max R(LI) DF calculated AL(mm)","Loss of Attachment: Upper right lateral incisor (LI) distal - Calculation of : (FGM to CEJ measurement) - (FGM to sulcus base measurement) (mm)","Both males and females 30 YEARS - 150 YEARS",NA,"Code.or.Value=[""0 to 12"", ""99"", "".""]; Value.Description=[""Range of Values"", ""Cannot be assessed"", ""Missing""]; Count=[""2791"", ""928"", ""646""]; Cumulative=[""2791"", ""3719"", ""4365""]; Skip.to.Item=[""NA"", ""NA"", ""NA""]"
"OHXPER_G","OHX07LAM","OHX07LAM","LOA: Max R(LI) MdF calculated AL(mm)","Loss of Attachment: Upper right lateral incisor (LI) mid-facial - Calculation of : (FGM to sulcus base measurement) - (FGM to CEJ measurement) (mm)","Both males and females 30 YEARS - 150 YEARS",NA,"Code.or.Value=[""0 to 10"", ""99"", "".""]; Value.Description=[""Range of Values"", ""Cannot be assessed"", ""Missing""]; Count=[""2797"", ""922"", ""646""]; Cumulative=[""2797"", ""3719"", ""4365""]; Skip.to.Item=[""NA"", ""NA"", ""NA""]"
"OHXPER_G","OHX07LAS","OHX07LAS","LOA: Max R(LI) MF calculated AL(mm)","Loss of Attachment: Upper right lateral incisor (LI) mesio-facial - Calculation of : (FGM to sulcus base measurement) - (FGM to CEJ measurement) (mm)","Both males and females 30 YEARS - 150 YEARS",NA,"Code.or.Value=[""0 to 11"", ""99"", "".""]; Value.Description=[""Range of Values"", ""Cannot be assessed"", ""Missing""]; Count=[""2786"", ""933"", ""646""]; Cumulative=[""2786"", ""3719"", ""4365""]; Skip.to.Item=[""NA"", ""NA"", ""NA""]"
"OHXPER_G","OHX07LAP","OHX07LAP","LOA: Max R(LI) DL calculated AL(mm)","Loss of Attachment: Upper right lateral incisor (LI) distal - lingual - Calculation of: (FGM to CEJ measurement) - (FGM to sulcus base measurement) (mm)","Both males and females 30 YEARS - 150 YEARS",NA,"Code.or.Value=[""0 to 10"", ""99"", "".""]; Value.Description=[""Range of Values"", ""Cannot be assessed"", ""Missing""]; Count=[""2776"", ""943"", ""646""]; Cumulative=[""2776"", ""3719"", ""4365""]; Skip.to.Item=[""NA"", ""NA"", ""NA""]"
"OHXPER_G","OHX07LAL","OHX07LAL","LOA: Max R(LI) MdL calculated AL(mm)","Loss of Attachment: Upper right lateral incisor (LI) mid- lingual - Calculation of: (FGM to sulcus base measurement) - (FGM to CEJ measurement) (mm)","Both males and females 30 YEARS - 150 YEARS",NA,"Code.or.Value=[""0 to 12"", ""99"", "".""]; Value.Description=[""Range of Values"", ""Cannot be assessed"", ""Missing""]; Count=[""2806"", ""913"", ""646""]; Cumulative=[""2806"", ""3719"", ""4365""]; Skip.to.Item=[""NA"", ""NA"", ""NA""]"
"OHXPER_G","OHX07LAA","OHX07LAA","LOA: Max R(LI) ML calculated AL(mm)","Loss of Attachment: Upper right lateral incisor (LI) mesio-lingual - Calculation of: (FGM to sulcus base measurement) - (FGM to CEJ measurement) (mm)","Both males and females 30 YEARS - 150 YEARS",NA,"Code.or.Value=[""0 to 12"", ""99"", "".""]; Value.Description=[""Range of Values"", ""Cannot be assessed"", ""Missing""]; Count=[""2761"", ""958"", ""646""]; Cumulative=[""2761"", ""3719"", ""4365""]; Skip.to.Item=[""NA"", ""NA"", ""NA""]"
"OHXPER_G","OHX08CJD","OHX08CJD","LOA: Max R(CI) DF FGM-CEJ(mm)","Loss of Attachment: Upper right central incisor (CI) distal - FGM to CEJ measurement (mm)","Both males and females 30 YEARS - 150 YEARS",NA,"Code.or.Value=[""-8 to 2"", ""99"", "".""]; Value.Description=[""Range of Values"", ""Cannot be assessed"", ""Missing""]; Count=[""2786"", ""930"", ""649""]; Cumulative=[""2786"", ""3716"", ""4365""]; Skip.to.Item=[""NA"", ""NA"", ""NA""]"
"OHXPER_G","OHX08CJM","OHX08CJM","LOA: Max R(CI) MdF FGM-CEJ(mm)","Loss of Attachment: Upper right central incisor (CI) mid-facial - FGM to CEJ measurement (mm)","Both males and females 30 YEARS - 150 YEARS",NA,"Code.or.Value=[""-8 to 1"", ""99"", "".""]; Value.Description=[""Range of Values"", ""Cannot be assessed"", ""Missing""]; Count=[""2789"", ""927"", ""649""]; Cumulative=[""2789"", ""3716"", ""4365""]; Skip.to.Item=[""NA"", ""NA"", ""NA""]"
"OHXPER_G","OHX08CJS","OHX08CJS","LOA: Max R(CI) MF FGM-CEJ(mm)","Loss of Attachment: Upper right central incisor (CI) mesio-facial - FGM to CEJ measurement (mm)","Both males and females 30 YEARS - 150 YEARS",NA,"Code.or.Value=[""-8 to 2"", ""99"", "".""]; Value.Description=[""Range of Values"", ""Cannot be assessed"", ""Missing""]; Count=[""2795"", ""921"", ""649""]; Cumulative=[""2795"", ""3716"", ""4365""]; Skip.to.Item=[""NA"", ""NA"", ""NA""]"
"OHXPER_G","OHX08CJP","OHX08CJP","LOA: Max R(CI) DL FGM-CEJ(mm)","Loss of Attachment: Upper right central incisor (CI) distal - lingual - FGM to CEJ measurement (mm)","Both males and females 30 YEARS - 150 YEARS",NA,"Code.or.Value=[""-8 to 2"", ""99"", "".""]; Value.Description=[""Range of Values"", ""Cannot be assessed"", ""Missing""]; Count=[""2739"", ""977"", ""649""]; Cumulative=[""2739"", ""3716"", ""4365""]; Skip.to.Item=[""NA"", ""NA"", ""NA""]"
"OHXPER_G","OHX08CJL","OHX08CJL","LOA: Max R(CI) MdL FGM-CEJ(mm)","Loss of Attachment: Upper right central incisor (CI) mid- lingual - FGM to CEJ measurement (mm)","Both males and females 30 YEARS - 150 YEARS",NA,"Code.or.Value=[""-7 to 2"", ""99"", "".""]; Value.Description=[""Range of Values"", ""Cannot be assessed"", ""Missing""]; Count=[""2799"", ""917"", ""649""]; Cumulative=[""2799"", ""3716"", ""4365""]; Skip.to.Item=[""NA"", ""NA"", ""NA""]"
"OHXPER_G","OHX08CJA","OHX08CJA","LOA: Max R(CI) ML FGM-CEJ(mm)","Loss of Attachment: Upper right central incisor (CI) mesio- lingual - FGM to CEJ measurement (mm)","Both males and females 30 YEARS - 150 YEARS",NA,"Code.or.Value=[""-8 to 2"", ""99"", "".""]; Value.Description=[""Range of Values"", ""Cannot be assessed"", ""Missing""]; Count=[""2791"", ""925"", ""649""]; Cumulative=[""2791"", ""3716"", ""4365""]; Skip.to.Item=[""NA"", ""NA"", ""NA""]"
"OHXPER_G","OHX08PCD","OHX08PCD","LOA: Max R(CI) DF FGM-sulcus(mm)","Loss of Attachment: Upper right central incisor (CI) distal - FGM to sulcus base (pocket depth) (mm)","Both males and females 30 YEARS - 150 YEARS",NA,"Code.or.Value=[""0 to 7"", ""99"", "".""]; Value.Description=[""Range of Values"", ""Cannot be assessed"", ""Missing""]; Count=[""2786"", ""930"", ""649""]; Cumulative=[""2786"", ""3716"", ""4365""]; Skip.to.Item=[""NA"", ""NA"", ""NA""]"
"OHXPER_G","OHX08PCM","OHX08PCM","LOA: Max R(CI) MdF FGM-sulcus(mm)","Loss of Attachment: Upper right central incisor (CI) mid-facial - FGM to sulcus base (pocket depth) (mm)","Both males and females 30 YEARS - 150 YEARS",NA,"Code.or.Value=[""0 to 7"", ""99"", "".""]; Value.Description=[""Range of Values"", ""Cannot be assessed"", ""Missing""]; Count=[""2789"", ""927"", ""649""]; Cumulative=[""2789"", ""3716"", ""4365""]; Skip.to.Item=[""NA"", ""NA"", ""NA""]"
"OHXPER_G","OHX08PCS","OHX08PCS","LOA: Max R(CI) MF FGM-sulcus(mm)","Loss of Attachment: Upper right central incisor (CI) mesio-facial - FGM to sulcus base (pocket depth) (mm)","Both males and females 30 YEARS - 150 YEARS",NA,"Code.or.Value=[""0 to 9"", ""99"", "".""]; Value.Description=[""Range of Values"", ""Cannot be assessed"", ""Missing""]; Count=[""2795"", ""921"", ""649""]; Cumulative=[""2795"", ""3716"", ""4365""]; Skip.to.Item=[""NA"", ""NA"", ""NA""]"
"OHXPER_G","OHX08PCP","OHX08PCP","LOA: Max R(CI) DL FGM-sulcus(mm)","Loss of Attachment: Upper right central incisor (CI) distal - lingual - FGM to sulcus base (pocket depth) (mm)","Both males and females 30 YEARS - 150 YEARS",NA,"Code.or.Value=[""0 to 8"", ""99"", "".""]; Value.Description=[""Range of Values"", ""Cannot be assessed"", ""Missing""]; Count=[""2739"", ""977"", ""649""]; Cumulative=[""2739"", ""3716"", ""4365""]; Skip.to.Item=[""NA"", ""NA"", ""NA""]"
"OHXPER_G","OHX08PCL","OHX08PCL","LOA: Max R(CI) MdL FGM-sulcus(mm)","Loss of Attachment: Upper right central incisor (CI) mid- lingual - FGM to sulcus base (pocket depth) (mm)","Both males and females 30 YEARS - 150 YEARS",NA,"Code.or.Value=[""."", ""0 to 7"", ""99""]; Value.Description=[""Missing"", ""Range of Values"", ""Cannot be assessed""]; Count=[""649"", ""2799"", ""917""]; Cumulative=[""4365"", ""2799"", ""3716""]; Skip.to.Item=[""NA"", ""NA"", ""NA""]"
"OHXPER_G","OHX08PCA","OHX08PCA","LOA: Max R(CI) ML FGM-sulcus(mm)","Loss of Attachment: Upper right central incisor (CI) mesio- lingual - FGM to sulcus base (pocket depth) (mm)","Both males and females 30 YEARS - 150 YEARS",NA,"Code.or.Value=[""0 to 8"", ""99"", "".""]; Value.Description=[""Range of Values"", ""Cannot be assessed"", ""Missing""]; Count=[""2791"", ""925"", ""649""]; Cumulative=[""2791"", ""3716"", ""4365""]; Skip.to.Item=[""NA"", ""NA"", ""NA""]"
"OHXPER_G","OHX08LAD","OHX08LAD","LOA: Max R(CI) DF calculated AL(mm)","Loss of Attachment: Upper right central incisor (CI) distal - Calculation of : (FGM to CEJ measurement) - (FGM to sulcus base measurement) (mm)","Both males and females 30 YEARS - 150 YEARS",NA,"Code.or.Value=[""0 to 12"", ""99"", "".""]; Value.Description=[""Range of Values"", ""Cannot be assessed"", ""Missing""]; Count=[""2786"", ""930"", ""649""]; Cumulative=[""2786"", ""3716"", ""4365""]; Skip.to.Item=[""NA"", ""NA"", ""NA""]"
"OHXPER_G","OHX08LAM","OHX08LAM","LOA: Max R(CI) MdF calculated AL(mm)","Loss of Attachment: Upper right central incisor (CI) mid-facial - Calculation of : (FGM to sulcus base measurement) - (FGM to CEJ measurement) (mm)","Both males and females 30 YEARS - 150 YEARS",NA,"Code.or.Value=[""0 to 11"", ""99"", "".""]; Value.Description=[""Range of Values"", ""Cannot be assessed"", ""Missing""]; Count=[""2789"", ""927"", ""649""]; Cumulative=[""2789"", ""3716"", ""4365""]; Skip.to.Item=[""NA"", ""NA"", ""NA""]"
"OHXPER_G","OHX08LAS","OHX08LAS","LOA: Max R(CI) MF calculated AL(mm)","Loss of Attachment: Upper right central incisor (CI) mesio-facial - Calculation of : (FGM to sulcus base measurement) - (FGM to CEJ measurement) (mm)","Both males and females 30 YEARS - 150 YEARS",NA,"Code.or.Value=[""0 to 15"", ""99"", "".""]; Value.Description=[""Range of Values"", ""Cannot be assessed"", ""Missing""]; Count=[""2795"", ""921"", ""649""]; Cumulative=[""2795"", ""3716"", ""4365""]; Skip.to.Item=[""NA"", ""NA"", ""NA""]"
"OHXPER_G","OHX08LAP","OHX08LAP","LOA: Max R(CI) DL calculated AL(mm)","Loss of Attachment: Upper right central incisor (CI) distal - lingual - Calculation of: (FGM to CEJ measurement) - (FGM to sulcus base measurement) (mm)","Both males and females 30 YEARS - 150 YEARS",NA,"Code.or.Value=[""0 to 10"", ""99"", "".""]; Value.Description=[""Range of Values"", ""Cannot be assessed"", ""Missing""]; Count=[""2739"", ""977"", ""649""]; Cumulative=[""2739"", ""3716"", ""4365""]; Skip.to.Item=[""NA"", ""NA"", ""NA""]"
"OHXPER_G","OHX08LAL","OHX08LAL","LOA: Max R(CI) MdL calculated AL(mm)","Loss of Attachment: Upper right central incisor (CI) mid- lingual - Calculation of: (FGM to sulcus base measurement) - (FGM to CEJ measurement) (mm)","Both males and females 30 YEARS - 150 YEARS",NA,"Code.or.Value=[""0 to 11"", ""99"", "".""]; Value.Description=[""Range of Values"", ""Cannot be assessed"", ""Missing""]; Count=[""2799"", ""917"", ""649""]; Cumulative=[""2799"", ""3716"", ""4365""]; Skip.to.Item=[""NA"", ""NA"", ""NA""]"
"OHXPER_G","OHX08LAA","OHX08LAA","LOA: Max R(CI) ML calculated AL(mm)","Loss of Attachment: Upper right central incisor (CI) mesio-lingual - Calculation of: (FGM to sulcus base measurement) - (FGM to CEJ measurement) (mm)","Both males and females 30 YEARS - 150 YEARS",NA,"Code.or.Value=[""0 to 11"", ""99"", "".""]; Value.Description=[""Range of Values"", ""Cannot be assessed"", ""Missing""]; Count=[""2791"", ""925"", ""649""]; Cumulative=[""2791"", ""3716"", ""4365""]; Skip.to.Item=[""NA"", ""NA"", ""NA""]"
"OHXPER_G","OHX09CJD","OHX09CJD","LOA: Max L(CI) DF FGM-CEJ(mm)","Loss of Attachment: Upper left central incisor (CI) distal - FGM to CEJ measurement (mm)","Both males and females 30 YEARS - 150 YEARS",NA,"Code.or.Value=[""-8 to 2"", ""99"", "".""]; Value.Description=[""Range of Values"", ""Cannot be assessed"", ""Missing""]; Count=[""2820"", ""888"", ""657""]; Cumulative=[""2820"", ""3708"", ""4365""]; Skip.to.Item=[""NA"", ""NA"", ""NA""]"
"OHXPER_G","OHX09CJM","OHX09CJM","LOA: Max L(CI) MdF FGM-CEJ(mm)","Loss of Attachment: Upper left central incisor (CI) mid-facial - FGM to CEJ measurement (mm)","Both males and females 30 YEARS - 150 YEARS",NA,"Code.or.Value=[""-7 to 2"", ""99"", "".""]; Value.Description=[""Range of Values"", ""Cannot be assessed"", ""Missing""]; Count=[""2824"", ""884"", ""657""]; Cumulative=[""2824"", ""3708"", ""4365""]; Skip.to.Item=[""NA"", ""NA"", ""NA""]"
"OHXPER_G","OHX09CJS","OHX09CJS","LOA: Max L(CI) MF FGM-CEJ(mm)","Loss of Attachment: Upper left central incisor (CI) mesio-facial - FGM to CEJ measurement (mm)","Both males and females 30 YEARS - 150 YEARS",NA,"Code.or.Value=[""-6 to 2"", ""99"", "".""]; Value.Description=[""Range of Values"", ""Cannot be assessed"", ""Missing""]; Count=[""2827"", ""881"", ""657""]; Cumulative=[""2827"", ""3708"", ""4365""]; Skip.to.Item=[""NA"", ""NA"", ""NA""]"
"OHXPER_G","OHX09CJP","OHX09CJP","LOA: Max L(CI) DL FGM-CEJ(mm)","Loss of Attachment: Upper left central incisor (CI) distal - lingual - FGM to CEJ measurement (mm)","Both males and females 30 YEARS - 150 YEARS",NA,"Code.or.Value=[""-7 to 2"", ""99"", "".""]; Value.Description=[""Range of Values"", ""Cannot be assessed"", ""Missing""]; Count=[""2803"", ""905"", ""657""]; Cumulative=[""2803"", ""3708"", ""4365""]; Skip.to.Item=[""NA"", ""NA"", ""NA""]"
"OHXPER_G","OHX09CJL","OHX09CJL","LOA: Max L(CI) MdL FGM-CEJ(mm)","Loss of Attachment: Upper left central incisor (CI) mid- lingual - FGM to CEJ measurement (mm)","Both males and females 30 YEARS - 150 YEARS",NA,"Code.or.Value=[""-7 to 1"", ""99"", "".""]; Value.Description=[""Range of Values"", ""Cannot be assessed"", ""Missing""]; Count=[""2829"", ""879"", ""657""]; Cumulative=[""2829"", ""3708"", ""4365""]; Skip.to.Item=[""NA"", ""NA"", ""NA""]"
"OHXPER_G","OHX09CJA","OHX09CJA","LOA: Max L(CI) ML FGM-CEJ(mm)","Loss of Attachment: Upper left central incisor (CI) mesio- lingual - FGM to CEJ measurement (mm)","Both males and females 30 YEARS - 150 YEARS",NA,"Code.or.Value=[""-6 to 2"", ""99"", "".""]; Value.Description=[""Range of Values"", ""Cannot be assessed"", ""Missing""]; Count=[""2820"", ""888"", ""657""]; Cumulative=[""2820"", ""3708"", ""4365""]; Skip.to.Item=[""NA"", ""NA"", ""NA""]"
"OHXPER_G","OHX09PCD","OHX09PCD","LOA: Max L(CI) DF FGM-sulcus(mm)","Loss of Attachment: Upper left central incisor (CI) distal - FGM to sulcus base (pocket depth) (mm)","Both males and females 30 YEARS - 150 YEARS",NA,"Code.or.Value=[""0 to 8"", ""99"", "".""]; Value.Description=[""Range of Values"", ""Cannot be assessed"", ""Missing""]; Count=[""2820"", ""888"", ""657""]; Cumulative=[""2820"", ""3708"", ""4365""]; Skip.to.Item=[""NA"", ""NA"", ""NA""]"
"OHXPER_G","OHX09PCM","OHX09PCM","LOA: Max L(CI) MdF FGM-sulcus(mm)","Loss of Attachment: Upper left central incisor (CI) mid-facial - FGM to sulcus base (pocket depth) (mm)","Both males and females 30 YEARS - 150 YEARS",NA,"Code.or.Value=[""0 to 10"", ""99"", "".""]; Value.Description=[""Range of Values"", ""Cannot be assessed"", ""Missing""]; Count=[""2824"", ""884"", ""657""]; Cumulative=[""2824"", ""3708"", ""4365""]; Skip.to.Item=[""NA"", ""NA"", ""NA""]"
"OHXPER_G","OHX09PCS","OHX09PCS","LOA: Max L(CI) MF FGM-sulcus(mm)","Loss of Attachment: Upper left central incisor (CI) mesio-facial - FGM to sulcus base (pocket depth) (mm)","Both males and females 30 YEARS - 150 YEARS",NA,"Code.or.Value=[""0 to 10"", ""99"", "".""]; Value.Description=[""Range of Values"", ""Cannot be assessed"", ""Missing""]; Count=[""2827"", ""881"", ""657""]; Cumulative=[""2827"", ""3708"", ""4365""]; Skip.to.Item=[""NA"", ""NA"", ""NA""]"
"OHXPER_G","OHX09PCP","OHX09PCP","LOA: Max L(CI) DL FGM-sulcus(mm)","Loss of Attachment: Upper left central incisor (CI) distal - lingual - FGM to sulcus base (pocket depth) (mm)","Both males and females 30 YEARS - 150 YEARS",NA,"Code.or.Value=[""0 to 7"", ""99"", "".""]; Value.Description=[""Range of Values"", ""Cannot be assessed"", ""Missing""]; Count=[""2803"", ""905"", ""657""]; Cumulative=[""2803"", ""3708"", ""4365""]; Skip.to.Item=[""NA"", ""NA"", ""NA""]"
"OHXPER_G","OHX09PCL","OHX09PCL","LOA: Max L(CI) MdL FGM-sulcus(mm)","Loss of Attachment: Upper left central incisor (CI) mid- lingual - FGM to sulcus base (pocket depth) (mm)","Both males and females 30 YEARS - 150 YEARS",NA,"Code.or.Value=[""0 to 6"", ""99"", "".""]; Value.Description=[""Range of Values"", ""Cannot be assessed"", ""Missing""]; Count=[""2829"", ""879"", ""657""]; Cumulative=[""2829"", ""3708"", ""4365""]; Skip.to.Item=[""NA"", ""NA"", ""NA""]"
"OHXPER_G","OHX09PCA","OHX09PCA","LOA: Max L(CI) ML FGM-sulcus(mm)","Loss of Attachment: Upper left central incisor (CI) mesio- lingual - FGM to sulcus base (pocket depth) (mm)","Both males and females 30 YEARS - 150 YEARS",NA,"Code.or.Value=[""0 to 8"", ""99"", "".""]; Value.Description=[""Range of Values"", ""Cannot be assessed"", ""Missing""]; Count=[""2820"", ""888"", ""657""]; Cumulative=[""2820"", ""3708"", ""4365""]; Skip.to.Item=[""NA"", ""NA"", ""NA""]"
"OHXPER_G","OHX09LAD","OHX09LAD","LOA: Max L(CI) DF calculated AL(mm)","Loss of Attachment: Upper left central incisor (CI) distal - Calculation of : (FGM to CEJ measurement) - (FGM to sulcus base measurement) (mm)","Both males and females 30 YEARS - 150 YEARS",NA,"Code.or.Value=[""0 to 10"", ""99"", "".""]; Value.Description=[""Range of Values"", ""Cannot be assessed"", ""Missing""]; Count=[""2820"", ""888"", ""657""]; Cumulative=[""2820"", ""3708"", ""4365""]; Skip.to.Item=[""NA"", ""NA"", ""NA""]"
"OHXPER_G","OHX09LAM","OHX09LAM","LOA: Max L(CI) MdF calculated AL(mm)","Loss of Attachment: Upper left central incisor (CI) mid-facial - Calculation of : (FGM to sulcus base measurement) - (FGM to CEJ measurement) (mm)","Both males and females 30 YEARS - 150 YEARS",NA,"Code.or.Value=[""0 to 10"", ""99"", "".""]; Value.Description=[""Range of Values"", ""Cannot be assessed"", ""Missing""]; Count=[""2824"", ""884"", ""657""]; Cumulative=[""2824"", ""3708"", ""4365""]; Skip.to.Item=[""NA"", ""NA"", ""NA""]"
"OHXPER_G","OHX09LAS","OHX09LAS","LOA: Max L(CI) MF calculated AL(mm)","Loss of Attachment: Upper left central incisor (CI) mesio-facial - Calculation of : (FGM to sulcus base measurement) - (FGM to CEJ measurement) (mm)","Both males and females 30 YEARS - 150 YEARS",NA,"Code.or.Value=[""0 to 11"", ""99"", "".""]; Value.Description=[""Range of Values"", ""Cannot be assessed"", ""Missing""]; Count=[""2827"", ""881"", ""657""]; Cumulative=[""2827"", ""3708"", ""4365""]; Skip.to.Item=[""NA"", ""NA"", ""NA""]"
"OHXPER_G","OHX09LAP","OHX09LAP","LOA: Max L(CI) DL calculated AL(mm)","Loss of Attachment: Upper left central incisor (CI) distal - lingual - Calculation of: (FGM to CEJ measurement) - (FGM to sulcus base measurement) (mm)","Both males and females 30 YEARS - 150 YEARS",NA,"Code.or.Value=[""0 to 11"", ""99"", "".""]; Value.Description=[""Range of Values"", ""Cannot be assessed"", ""Missing""]; Count=[""2803"", ""905"", ""657""]; Cumulative=[""2803"", ""3708"", ""4365""]; Skip.to.Item=[""NA"", ""NA"", ""NA""]"
"OHXPER_G","OHX09LAL","OHX09LAL","LOA: Max L(CI) MdL calculated AL(mm)","Loss of Attachment: Upper left central incisor (CI) mid- lingual - Calculation of: (FGM to sulcus base measurement) - (FGM to CEJ measurement) (mm)","Both males and females 30 YEARS - 150 YEARS",NA,"Code.or.Value=[""0 to 10"", ""99"", "".""]; Value.Description=[""Range of Values"", ""Cannot be assessed"", ""Missing""]; Count=[""2829"", ""879"", ""657""]; Cumulative=[""2829"", ""3708"", ""4365""]; Skip.to.Item=[""NA"", ""NA"", ""NA""]"
"OHXPER_G","OHX09LAA","OHX09LAA","LOA: Max L(CI) ML calculated AL(mm)","Loss of Attachment: Upper left central incisor (CI) mesio-lingual - Calculation of: (FGM to sulcus base measurement) - (FGM to CEJ measurement) (mm)","Both males and females 30 YEARS - 150 YEARS",NA,"Code.or.Value=[""0 to 11"", ""99"", "".""]; Value.Description=[""Range of Values"", ""Cannot be assessed"", ""Missing""]; Count=[""2820"", ""888"", ""657""]; Cumulative=[""2820"", ""3708"", ""4365""]; Skip.to.Item=[""NA"", ""NA"", ""NA""]"
"OHXPER_G","OHX10CJD","OHX10CJD","LOA: Max L(LI) DF FGM-CEJ(mm)","Loss of Attachment: Upper left lateral incisor (LI) distal - FGM to CEJ measurement (mm)","Both males and females 30 YEARS - 150 YEARS",NA,"Code.or.Value=[""-6 to 2"", ""99"", "".""]; Value.Description=[""Range of Values"", ""Cannot be assessed"", ""Missing""]; Count=[""2794"", ""917"", ""654""]; Cumulative=[""2794"", ""3711"", ""4365""]; Skip.to.Item=[""NA"", ""NA"", ""NA""]"
"OHXPER_G","OHX10CJM","OHX10CJM","LOA: Max L(LI) MdF FGM-CEJ(mm)","Loss of Attachment: Upper left lateral incisor (LI) mid-facial - FGM to CEJ measurement (mm)","Both males and females 30 YEARS - 150 YEARS",NA,"Code.or.Value=[""-6 to 1"", ""99"", "".""]; Value.Description=[""Range of Values"", ""Cannot be assessed"", ""Missing""]; Count=[""2800"", ""911"", ""654""]; Cumulative=[""2800"", ""3711"", ""4365""]; Skip.to.Item=[""NA"", ""NA"", ""NA""]"
"OHXPER_G","OHX10CJS","OHX10CJS","LOA: Max L(LI) MF FGM-CEJ(mm)","Loss of Attachment: Upper left lateral incisor (LI) mesio-facial - FGM to CEJ measurement (mm)","Both males and females 30 YEARS - 150 YEARS",NA,"Code.or.Value=[""-8 to 2"", ""99"", "".""]; Value.Description=[""Range of Values"", ""Cannot be assessed"", ""Missing""]; Count=[""2804"", ""907"", ""654""]; Cumulative=[""2804"", ""3711"", ""4365""]; Skip.to.Item=[""NA"", ""NA"", ""NA""]"
"OHXPER_G","OHX10CJP","OHX10CJP","LOA: Max L(LI) DL FGM-CEJ(mm)","Loss of Attachment: Upper left lateral incisor (LI) distal - lingual - FGM to CEJ measurement (mm)","Both males and females 30 YEARS - 150 YEARS",NA,"Code.or.Value=[""-6 to 2"", ""99"", "".""]; Value.Description=[""Range of Values"", ""Cannot be assessed"", ""Missing""]; Count=[""2795"", ""915"", ""655""]; Cumulative=[""2795"", ""3710"", ""4365""]; Skip.to.Item=[""NA"", ""NA"", ""NA""]"
"OHXPER_G","OHX10CJL","OHX10CJL","LOA: Max L(LI) MdL FGM-CEJ(mm)","Loss of Attachment: Upper left lateral incisor (LI) mid- lingual - FGM to CEJ measurement (mm)","Both males and females 30 YEARS - 150 YEARS",NA,"Code.or.Value=[""-6 to 2"", ""99"", "".""]; Value.Description=[""Range of Values"", ""Cannot be assessed"", ""Missing""]; Count=[""2805"", ""905"", ""655""]; Cumulative=[""2805"", ""3710"", ""4365""]; Skip.to.Item=[""NA"", ""NA"", ""NA""]"
"OHXPER_G","OHX10CJA","OHX10CJA","LOA: Max L(LI) ML FGM-CEJ(mm)","Loss of Attachment: Upper left lateral incisor (LI) mesio- lingual - FGM to CEJ measurement (mm)","Both males and females 30 YEARS - 150 YEARS",NA,"Code.or.Value=[""-8 to 2"", ""99"", "".""]; Value.Description=[""Range of Values"", ""Cannot be assessed"", ""Missing""]; Count=[""2723"", ""987"", ""655""]; Cumulative=[""2723"", ""3710"", ""4365""]; Skip.to.Item=[""NA"", ""NA"", ""NA""]"
"OHXPER_G","OHX10PCD","OHX10PCD","LOA: Max L(LI) DF FGM-sulcus(mm)","Loss of Attachment: Upper left lateral incisor (LI) distal - FGM to sulcus base (pocket depth) (mm)","Both males and females 30 YEARS - 150 YEARS",NA,"Code.or.Value=[""0 to 8"", ""99"", "".""]; Value.Description=[""Range of Values"", ""Cannot be assessed"", ""Missing""]; Count=[""2794"", ""917"", ""654""]; Cumulative=[""2794"", ""3711"", ""4365""]; Skip.to.Item=[""NA"", ""NA"", ""NA""]"
"OHXPER_G","OHX10PCM","OHX10PCM","LOA: Max L(LI) MdF FGM-sulcus(mm)","Loss of Attachment: Upper left lateral incisor (LI) mid-facial - FGM to sulcus base (pocket depth) (mm)","Both males and females 30 YEARS - 150 YEARS",NA,"Code.or.Value=[""0 to 8"", ""99"", "".""]; Value.Description=[""Range of Values"", ""Cannot be assessed"", ""Missing""]; Count=[""2800"", ""911"", ""654""]; Cumulative=[""2800"", ""3711"", ""4365""]; Skip.to.Item=[""NA"", ""NA"", ""NA""]"
"OHXPER_G","OHX10PCS","OHX10PCS","LOA: Max L(LI) MF FGM-sulcus(mm)","Loss of Attachment: Upper left lateral incisor (LI) mesio-facial - FGM to sulcus base (pocket depth) (mm)","Both males and females 30 YEARS - 150 YEARS",NA,"Code.or.Value=[""0 to 7"", ""99"", "".""]; Value.Description=[""Range of Values"", ""Cannot be assessed"", ""Missing""]; Count=[""2804"", ""907"", ""654""]; Cumulative=[""2804"", ""3711"", ""4365""]; Skip.to.Item=[""NA"", ""NA"", ""NA""]"
"OHXPER_G","OHX10PCP","OHX10PCP","LOA: Max L(LI) DL FGM-sulcus(mm)","Loss of Attachment: Upper left lateral incisor (LI) distal - lingual - FGM to sulcus base (pocket depth) (mm)","Both males and females 30 YEARS - 150 YEARS",NA,"Code.or.Value=[""0 to 9"", ""99"", "".""]; Value.Description=[""Range of Values"", ""Cannot be assessed"", ""Missing""]; Count=[""2795"", ""915"", ""655""]; Cumulative=[""2795"", ""3710"", ""4365""]; Skip.to.Item=[""NA"", ""NA"", ""NA""]"
"OHXPER_G","OHX10PCL","OHX10PCL","LOA: Max L(LI) MdL FGM-sulcus(mm)","Loss of Attachment: Upper left lateral incisor (LI) mid- lingual - FGM to sulcus base (pocket depth) (mm)","Both males and females 30 YEARS - 150 YEARS",NA,"Code.or.Value=[""0 to 9"", ""99"", "".""]; Value.Description=[""Range of Values"", ""Cannot be assessed"", ""Missing""]; Count=[""2805"", ""905"", ""655""]; Cumulative=[""2805"", ""3710"", ""4365""]; Skip.to.Item=[""NA"", ""NA"", ""NA""]"
"OHXPER_G","OHX10PCA","OHX10PCA","LOA: Max L(LI) ML FGM-sulcus(mm)","Loss of Attachment: Upper left lateral incisor (LI) mesio- lingual - FGM to sulcus base (pocket depth) (mm)","Both males and females 30 YEARS - 150 YEARS",NA,"Code.or.Value=[""0 to 8"", ""99"", "".""]; Value.Description=[""Range of Values"", ""Cannot be assessed"", ""Missing""]; Count=[""2723"", ""987"", ""655""]; Cumulative=[""2723"", ""3710"", ""4365""]; Skip.to.Item=[""NA"", ""NA"", ""NA""]"
"OHXPER_G","OHX10LAD","OHX10LAD","LOA: Max L(LI) DF calculated AL(mm)","Loss of Attachment: Upper left lateral incisor (LI) distal - Calculation of : (FGM to CEJ measurement) - (FGM to sulcus base measurement) (mm)","Both males and females 30 YEARS - 150 YEARS",NA,"Code.or.Value=[""0 to 12"", ""99"", "".""]; Value.Description=[""Range of Values"", ""Cannot be assessed"", ""Missing""]; Count=[""2794"", ""917"", ""654""]; Cumulative=[""2794"", ""3711"", ""4365""]; Skip.to.Item=[""NA"", ""NA"", ""NA""]"
"OHXPER_G","OHX10LAM","OHX10LAM","LOA: Max L(LI) MdF calculated AL(mm)","Loss of Attachment: Upper left lateral incisor (LI) mid-facial - Calculation of : (FGM to sulcus base measurement) - (FGM to CEJ measurement) (mm)","Both males and females 30 YEARS - 150 YEARS",NA,"Code.or.Value=[""0 to 9"", ""99"", "".""]; Value.Description=[""Range of Values"", ""Cannot be assessed"", ""Missing""]; Count=[""2800"", ""911"", ""654""]; Cumulative=[""2800"", ""3711"", ""4365""]; Skip.to.Item=[""NA"", ""NA"", ""NA""]"
"OHXPER_G","OHX10LAS","OHX10LAS","LOA: Max L(LI) MF calculated AL(mm)","Loss of Attachment: Upper left lateral incisor (LI) mesio-facial - Calculation of : (FGM to sulcus base measurement) - (FGM to CEJ measurement) (mm)","Both males and females 30 YEARS - 150 YEARS",NA,"Code.or.Value=[""0 to 11"", ""99"", "".""]; Value.Description=[""Range of Values"", ""Cannot be assessed"", ""Missing""]; Count=[""2804"", ""907"", ""654""]; Cumulative=[""2804"", ""3711"", ""4365""]; Skip.to.Item=[""NA"", ""NA"", ""NA""]"
"OHXPER_G","OHX10LAP","OHX10LAP","LOA: Max L(LI) DL calculated AL(mm)","Loss of Attachment: Upper left lateral incisor (LI) distal - lingual - Calculation of: (FGM to CEJ measurement) - (FGM to sulcus base measurement) (mm)","Both males and females 30 YEARS - 150 YEARS",NA,"Code.or.Value=[""0 to 12"", ""99"", "".""]; Value.Description=[""Range of Values"", ""Cannot be assessed"", ""Missing""]; Count=[""2795"", ""915"", ""655""]; Cumulative=[""2795"", ""3710"", ""4365""]; Skip.to.Item=[""NA"", ""NA"", ""NA""]"
"OHXPER_G","OHX10LAL","OHX10LAL","LOA: Max L(LI) MdL calculated AL(mm)","Loss of Attachment: Upper left lateral incisor (LI) mid- lingual - Calculation of: (FGM to sulcus base measurement) - (FGM to CEJ measurement) (mm)","Both males and females 30 YEARS - 150 YEARS",NA,"Code.or.Value=[""0 to 11"", ""99"", "".""]; Value.Description=[""Range of Values"", ""Cannot be assessed"", ""Missing""]; Count=[""2805"", ""905"", ""655""]; Cumulative=[""2805"", ""3710"", ""4365""]; Skip.to.Item=[""NA"", ""NA"", ""NA""]"
"OHXPER_G","OHX10LAA","OHX10LAA","LOA: Max L(LI) ML calculated AL(mm)","Loss of Attachment: Upper left lateral incisor (LI) mesio-lingual - Calculation of: (FGM to sulcus base measurement) - (FGM to CEJ measurement) (mm)","Both males and females 30 YEARS - 150 YEARS",NA,"Code.or.Value=[""0 to 10"", ""99"", "".""]; Value.Description=[""Range of Values"", ""Cannot be assessed"", ""Missing""]; Count=[""2723"", ""987"", ""655""]; Cumulative=[""2723"", ""3710"", ""4365""]; Skip.to.Item=[""NA"", ""NA"", ""NA""]"
"OHXPER_G","OHX11CJD","OHX11CJD","LOA: Max L(C) DF FGM-CEJ(mm)","Loss of Attachment: Upper left cuspid (C) distal - FGM to CEJ measurement (mm)","Both males and females 30 YEARS - 150 YEARS",NA,"Code.or.Value=[""-11 to 2"", ""99"", "".""]; Value.Description=[""Range of Values"", ""Cannot be assessed"", ""Missing""]; Count=[""2941"", ""767"", ""657""]; Cumulative=[""2941"", ""3708"", ""4365""]; Skip.to.Item=[""NA"", ""NA"", ""NA""]"
"OHXPER_G","OHX11CJM","OHX11CJM","LOA: Max L(C) MdF FGM-CEJ(mm)","Loss of Attachment: Upper left cuspid (C) mid-facial - FGM to CEJ measurement (mm)","Both males and females 30 YEARS - 150 YEARS",NA,"Code.or.Value=[""-12 to 1"", ""99"", "".""]; Value.Description=[""Range of Values"", ""Cannot be assessed"", ""Missing""]; Count=[""2929"", ""779"", ""657""]; Cumulative=[""2929"", ""3708"", ""4365""]; Skip.to.Item=[""NA"", ""NA"", ""NA""]"
"OHXPER_G","OHX11CJS","OHX11CJS","LOA: Max L(C) MF FGM-CEJ(mm)","Loss of Attachment: Upper left cuspid (C) mesio-facial - FGM to CEJ measurement (mm)","Both males and females 30 YEARS - 150 YEARS",NA,"Code.or.Value=[""-11 to 2"", ""99"", "".""]; Value.Description=[""Range of Values"", ""Cannot be assessed"", ""Missing""]; Count=[""2942"", ""766"", ""657""]; Cumulative=[""2942"", ""3708"", ""4365""]; Skip.to.Item=[""NA"", ""NA"", ""NA""]"
"OHXPER_G","OHX11CJP","OHX11CJP","LOA: Max L(C) DL FGM-CEJ(mm)","Loss of Attachment: Upper left cuspid (C) distal - lingual - FGM to CEJ measurement (mm)","Both males and females 30 YEARS - 150 YEARS",NA,"Code.or.Value=[""-8 to 2"", ""99"", "".""]; Value.Description=[""Range of Values"", ""Cannot be assessed"", ""Missing""]; Count=[""2909"", ""798"", ""658""]; Cumulative=[""2909"", ""3707"", ""4365""]; Skip.to.Item=[""NA"", ""NA"", ""NA""]"
"OHXPER_G","OHX11CJL","OHX11CJL","LOA: Max L(C) MdL FGM-CEJ(mm)","Loss of Attachment: Upper left cuspid (C) mid- lingual - FGM to CEJ measurement (mm)","Both males and females 30 YEARS - 150 YEARS",NA,"Code.or.Value=[""-8 to 2"", ""99"", "".""]; Value.Description=[""Range of Values"", ""Cannot be assessed"", ""Missing""]; Count=[""2952"", ""755"", ""658""]; Cumulative=[""2952"", ""3707"", ""4365""]; Skip.to.Item=[""NA"", ""NA"", ""NA""]"
"OHXPER_G","OHX11CJA","OHX11CJA","LOA: Max L(C) ML FGM-CEJ(mm)","Loss of Attachment: Upper left cuspid (C) mesio- lingual - FGM to CEJ measurement (mm)","Both males and females 30 YEARS - 150 YEARS",NA,"Code.or.Value=[""-8 to 2"", ""99"", "".""]; Value.Description=[""Range of Values"", ""Cannot be assessed"", ""Missing""]; Count=[""2893"", ""814"", ""658""]; Cumulative=[""2893"", ""3707"", ""4365""]; Skip.to.Item=[""NA"", ""NA"", ""NA""]"
"OHXPER_G","OHX11PCD","OHX11PCD","LOA: Max L(C) DF FGM-sulcus(mm)","Loss of Attachment: Upper left cuspid (C) distal - FGM to sulcus base (pocket depth) (mm)","Both males and females 30 YEARS - 150 YEARS",NA,"Code.or.Value=[""0 to 9"", ""99"", "".""]; Value.Description=[""Range of Values"", ""Cannot be assessed"", ""Missing""]; Count=[""2941"", ""767"", ""657""]; Cumulative=[""2941"", ""3708"", ""4365""]; Skip.to.Item=[""NA"", ""NA"", ""NA""]"
"OHXPER_G","OHX11PCM","OHX11PCM","LOA: Max L(C) MdF FGM-sulcus(mm)","Loss of Attachment: Upper left cuspid (C) mid-facial - FGM to sulcus base (pocket depth) (mm)","Both males and females 30 YEARS - 150 YEARS",NA,"Code.or.Value=[""0 to 10"", ""99"", "".""]; Value.Description=[""Range of Values"", ""Cannot be assessed"", ""Missing""]; Count=[""2929"", ""779"", ""657""]; Cumulative=[""2929"", ""3708"", ""4365""]; Skip.to.Item=[""NA"", ""NA"", ""NA""]"
"OHXPER_G","OHX11PCS","OHX11PCS","LOA: Max L(C) MF FGM-sulcus(mm)","Loss of Attachment: Upper left cuspid (C) mesio-facial - FGM to sulcus base (pocket depth) (mm)","Both males and females 30 YEARS - 150 YEARS",NA,"Code.or.Value=[""0 to 8"", ""99"", "".""]; Value.Description=[""Range of Values"", ""Cannot be assessed"", ""Missing""]; Count=[""2942"", ""766"", ""657""]; Cumulative=[""2942"", ""3708"", ""4365""]; Skip.to.Item=[""NA"", ""NA"", ""NA""]"
"OHXPER_G","OHX11PCP","OHX11PCP","LOA: Max L(C) DL FGM-sulcus(mm)","Loss of Attachment: Upper left cuspid (C) distal - lingual - FGM to sulcus base (pocket depth) (mm)","Both males and females 30 YEARS - 150 YEARS",NA,"Code.or.Value=[""0 to 8"", ""99"", "".""]; Value.Description=[""Range of Values"", ""Cannot be assessed"", ""Missing""]; Count=[""2909"", ""798"", ""658""]; Cumulative=[""2909"", ""3707"", ""4365""]; Skip.to.Item=[""NA"", ""NA"", ""NA""]"
"OHXPER_G","OHX11PCL","OHX11PCL","LOA: Max L(C) MdL FGM-sulcus(mm)","Loss of Attachment: Upper left cuspid (C) mid- lingual - FGM to sulcus base (pocket depth) (mm)","Both males and females 30 YEARS - 150 YEARS",NA,"Code.or.Value=[""0 to 11"", ""99"", "".""]; Value.Description=[""Range of Values"", ""Cannot be assessed"", ""Missing""]; Count=[""2952"", ""755"", ""658""]; Cumulative=[""2952"", ""3707"", ""4365""]; Skip.to.Item=[""NA"", ""NA"", ""NA""]"
"OHXPER_G","OHX11PCA","OHX11PCA","LOA: Max L(C) ML FGM-sulcus(mm)","Loss of Attachment: Upper left cuspid (C) mesio- lingual - FGM to sulcus base (pocket depth) (mm)","Both males and females 30 YEARS - 150 YEARS",NA,"Code.or.Value=[""0 to 9"", ""99"", "".""]; Value.Description=[""Range of Values"", ""Cannot be assessed"", ""Missing""]; Count=[""2893"", ""814"", ""658""]; Cumulative=[""2893"", ""3707"", ""4365""]; Skip.to.Item=[""NA"", ""NA"", ""NA""]"
"OHXPER_G","OHX11LAD","OHX11LAD","LOA: Max L(C) DF calculated AL(mm)","Loss of Attachment: Upper left cuspid (C) distal - Calculation of : (FGM to CEJ measurement) - (FGM to sulcus base measurement) (mm)","Both males and females 30 YEARS - 150 YEARS",NA,"Code.or.Value=[""0 to 15"", ""99"", "".""]; Value.Description=[""Range of Values"", ""Cannot be assessed"", ""Missing""]; Count=[""2941"", ""767"", ""657""]; Cumulative=[""2941"", ""3708"", ""4365""]; Skip.to.Item=[""NA"", ""NA"", ""NA""]"
"OHXPER_G","OHX11LAM","OHX11LAM","LOA: Max L(C) MdF calculated AL(mm)","Loss of Attachment: Upper left cuspid (C) mid-facial - Calculation of : (FGM to sulcus base measurement) - (FGM to CEJ measurement) (mm)","Both males and females 30 YEARS - 150 YEARS",NA,"Code.or.Value=[""0 to 14"", ""99"", "".""]; Value.Description=[""Range of Values"", ""Cannot be assessed"", ""Missing""]; Count=[""2929"", ""779"", ""657""]; Cumulative=[""2929"", ""3708"", ""4365""]; Skip.to.Item=[""NA"", ""NA"", ""NA""]"
"OHXPER_G","OHX11LAS","OHX11LAS","LOA: Max L(C) MF calculated AL(mm)","Loss of Attachment: Upper left cuspid (C) mesio-facial - Calculation of : (FGM to sulcus base measurement) - (FGM to CEJ measurement) (mm)","Both males and females 30 YEARS - 150 YEARS",NA,"Code.or.Value=[""0 to 15"", ""99"", "".""]; Value.Description=[""Range of Values"", ""Cannot be assessed"", ""Missing""]; Count=[""2942"", ""766"", ""657""]; Cumulative=[""2942"", ""3708"", ""4365""]; Skip.to.Item=[""NA"", ""NA"", ""NA""]"
"OHXPER_G","OHX11LAP","OHX11LAP","LOA: Max L(C) DL calculated AL(mm)","Loss of Attachment: Upper left cuspid (C) distal - lingual - Calculation of: (FGM to CEJ measurement) - (FGM to sulcus base measurement) (mm)","Both males and females 30 YEARS - 150 YEARS",NA,"Code.or.Value=[""0 to 14"", ""99"", "".""]; Value.Description=[""Range of Values"", ""Cannot be assessed"", ""Missing""]; Count=[""2909"", ""798"", ""658""]; Cumulative=[""2909"", ""3707"", ""4365""]; Skip.to.Item=[""NA"", ""NA"", ""NA""]"
"OHXPER_G","OHX11LAL","OHX11LAL","LOA: Max L(C) MdL calculated AL(mm)","Loss of Attachment: Upper left cuspid (C) mid- lingual - Calculation of: (FGM to sulcus base measurement) - (FGM to CEJ measurement) (mm)","Both males and females 30 YEARS - 150 YEARS",NA,"Code.or.Value=[""0 to 13"", ""99"", "".""]; Value.Description=[""Range of Values"", ""Cannot be assessed"", ""Missing""]; Count=[""2952"", ""755"", ""658""]; Cumulative=[""2952"", ""3707"", ""4365""]; Skip.to.Item=[""NA"", ""NA"", ""NA""]"
"OHXPER_G","OHX11LAA","OHX11LAA","LOA: Max L(C) ML calculated AL(mm)","Loss of Attachment: Upper left cuspid (C) mesio-lingual - Calculation of: (FGM to sulcus base measurement) - (FGM to CEJ measurement) (mm)","Both males and females 30 YEARS - 150 YEARS",NA,"Code.or.Value=[""0 to 13"", ""99"", "".""]; Value.Description=[""Range of Values"", ""Cannot be assessed"", ""Missing""]; Count=[""2893"", ""814"", ""658""]; Cumulative=[""2893"", ""3707"", ""4365""]; Skip.to.Item=[""NA"", ""NA"", ""NA""]"
"OHXPER_G","OHX12CJD","OHX12CJD","LOA: Max L(1B) DF FGM-CEJ(mm)","Loss of Attachment: Upper left 1st bicuspid/1st primary molar (1B) distal - FGM to CEJ measurement (mm)","Both males and females 30 YEARS - 150 YEARS",NA,"Code.or.Value=[""-9 to 2"", ""99"", "".""]; Value.Description=[""Range of Values"", ""Cannot be assessed"", ""Missing""]; Count=[""2500"", ""1219"", ""646""]; Cumulative=[""2500"", ""3719"", ""4365""]; Skip.to.Item=[""NA"", ""NA"", ""NA""]"
"OHXPER_G","OHX12CJM","OHX12CJM","LOA: Max L(1B) MdF FGM-CEJ(mm)","Loss of Attachment: Upper left 1st bicuspid/1st primary molar (1B) mid-facial - FGM to CEJ measurement (mm)","Both males and females 30 YEARS - 150 YEARS",NA,"Code.or.Value=[""-10 to 2"", ""99"", "".""]; Value.Description=[""Range of Values"", ""Cannot be assessed"", ""Missing""]; Count=[""2494"", ""1225"", ""646""]; Cumulative=[""2494"", ""3719"", ""4365""]; Skip.to.Item=[""NA"", ""NA"", ""NA""]"
"OHXPER_G","OHX12CJS","OHX12CJS","LOA: Max L(1B) MF FGM-CEJ(mm)","Loss of Attachment: Upper left 1st bicuspid/1st primary molar (1B) mesio-facial - FGM to CEJ measurement (mm)","Both males and females 30 YEARS - 150 YEARS",NA,"Code.or.Value=[""-8 to 2"", ""99"", "".""]; Value.Description=[""Range of Values"", ""Cannot be assessed"", ""Missing""]; Count=[""2502"", ""1216"", ""647""]; Cumulative=[""2502"", ""3718"", ""4365""]; Skip.to.Item=[""NA"", ""NA"", ""NA""]"
"OHXPER_G","OHX12CJP","OHX12CJP","LOA: Max L(1B) DL FGM-CEJ(mm)","Loss of Attachment: Upper left 1st bicuspid/1st primary molar (1B) distal - lingual - FGM to CEJ measurement (mm)","Both males and females 30 YEARS - 150 YEARS",NA,"Code.or.Value=[""-11 to 2"", ""99"", "".""]; Value.Description=[""Range of Values"", ""Cannot be assessed"", ""Missing""]; Count=[""2514"", ""1203"", ""648""]; Cumulative=[""2514"", ""3717"", ""4365""]; Skip.to.Item=[""NA"", ""NA"", ""NA""]"
"OHXPER_G","OHX12CJL","OHX12CJL","LOA: Max L(1B) MdL FGM-CEJ(mm)","Loss of Attachment: Upper left 1st bicuspid/1st primary molar (1B) mid- lingual - FGM to CEJ measurement (mm)","Both males and females 30 YEARS - 150 YEARS",NA,"Code.or.Value=[""-10 to 2"", ""99"", "".""]; Value.Description=[""Range of Values"", ""Cannot be assessed"", ""Missing""]; Count=[""2514"", ""1203"", ""648""]; Cumulative=[""2514"", ""3717"", ""4365""]; Skip.to.Item=[""NA"", ""NA"", ""NA""]"
"OHXPER_G","OHX12CJA","OHX12CJA","LOA: Max L(1B) ML FGM-CEJ(mm)","Loss of Attachment: Upper left 1st bicuspid/1st primary molar (1B) mesio- lingual - FGM to CEJ measurement (mm)","Both males and females 30 YEARS - 150 YEARS",NA,"Code.or.Value=[""-6 to 2"", ""99"", "".""]; Value.Description=[""Range of Values"", ""Cannot be assessed"", ""Missing""]; Count=[""2493"", ""1224"", ""648""]; Cumulative=[""2493"", ""3717"", ""4365""]; Skip.to.Item=[""NA"", ""NA"", ""NA""]"
"OHXPER_G","OHX12PCD","OHX12PCD","LOA: Max L(1B) DF FGM-sulcus(mm)","Loss of Attachment: Upper left 1st bicuspid/1st primary molar (1B) distal - FGM to sulcus base (pocket depth) (mm)","Both males and females 30 YEARS - 150 YEARS",NA,"Code.or.Value=[""0 to 8"", ""99"", "".""]; Value.Description=[""Range of Values"", ""Cannot be assessed"", ""Missing""]; Count=[""2500"", ""1219"", ""646""]; Cumulative=[""2500"", ""3719"", ""4365""]; Skip.to.Item=[""NA"", ""NA"", ""NA""]"
"OHXPER_G","OHX12PCM","OHX12PCM","LOA: Max L(1B) MdF FGM-sulcus(mm)","Loss of Attachment: Upper left 1st bicuspid/1st primary molar (1B) mid-facial - FGM to sulcus base (pocket depth) (mm)","Both males and females 30 YEARS - 150 YEARS",NA,"Code.or.Value=[""0 to 6"", ""99"", "".""]; Value.Description=[""Range of Values"", ""Cannot be assessed"", ""Missing""]; Count=[""2494"", ""1225"", ""646""]; Cumulative=[""2494"", ""3719"", ""4365""]; Skip.to.Item=[""NA"", ""NA"", ""NA""]"
"OHXPER_G","OHX12PCS","OHX12PCS","LOA: Max L(1B) MF FGM-sulcus(mm)","Loss of Attachment: Upper left 1st bicuspid/1st primary molar (1B) mesio-facial - FGM to sulcus base (pocket depth) (mm)","Both males and females 30 YEARS - 150 YEARS",NA,"Code.or.Value=[""0 to 8"", ""99"", "".""]; Value.Description=[""Range of Values"", ""Cannot be assessed"", ""Missing""]; Count=[""2502"", ""1216"", ""647""]; Cumulative=[""2502"", ""3718"", ""4365""]; Skip.to.Item=[""NA"", ""NA"", ""NA""]"
"OHXPER_G","OHX12PCP","OHX12PCP","LOA: Max L(1B) DL FGM-sulcus(mm)","Loss of Attachment: Upper left 1st bicuspid/1st primary molar (1B) distal - lingual - FGM to sulcus base (pocket depth) (mm)","Both males and females 30 YEARS - 150 YEARS",NA,"Code.or.Value=[""0 to 8"", ""99"", "".""]; Value.Description=[""Range of Values"", ""Cannot be assessed"", ""Missing""]; Count=[""2514"", ""1203"", ""648""]; Cumulative=[""2514"", ""3717"", ""4365""]; Skip.to.Item=[""NA"", ""NA"", ""NA""]"
"OHXPER_G","OHX12PCL","OHX12PCL","LOA: Max L(1B) MdL FGM-sulcus(mm)","Loss of Attachment: Upper left 1st bicuspid/1st primary molar (1B) mid- lingual - FGM to sulcus base (pocket depth) (mm)","Both males and females 30 YEARS - 150 YEARS",NA,"Code.or.Value=[""0 to 6"", ""99"", "".""]; Value.Description=[""Range of Values"", ""Cannot be assessed"", ""Missing""]; Count=[""2514"", ""1203"", ""648""]; Cumulative=[""2514"", ""3717"", ""4365""]; Skip.to.Item=[""NA"", ""NA"", ""NA""]"
"OHXPER_G","OHX12PCA","OHX12PCA","LOA: Max L(1B) ML FGM-sulcus(mm)","Loss of Attachment: Upper left 1st bicuspid/1st primary molar (1B) mesio- lingual - FGM to sulcus base (pocket depth) (mm)","Both males and females 30 YEARS - 150 YEARS",NA,"Code.or.Value=[""0 to 8"", ""99"", "".""]; Value.Description=[""Range of Values"", ""Cannot be assessed"", ""Missing""]; Count=[""2493"", ""1224"", ""648""]; Cumulative=[""2493"", ""3717"", ""4365""]; Skip.to.Item=[""NA"", ""NA"", ""NA""]"
"OHXPER_G","OHX12LAD","OHX12LAD","LOA: Max L(1B) DF calculated AL(mm)","Loss of Attachment: Upper left 1st bicuspid/1st primary molar (1B) distal - Calculation of : (FGM to CEJ measurement) - (FGM to sulcus base measurement) (mm)","Both males and females 30 YEARS - 150 YEARS",NA,"Code.or.Value=[""0 to 13"", ""99"", "".""]; Value.Description=[""Range of Values"", ""Cannot be assessed"", ""Missing""]; Count=[""2500"", ""1219"", ""646""]; Cumulative=[""2500"", ""3719"", ""4365""]; Skip.to.Item=[""NA"", ""NA"", ""NA""]"
"OHXPER_G","OHX12LAM","OHX12LAM","LOA: Max L(1B) MdF calculated AL(mm)","Loss of Attachment: Upper left 1st bicuspid/1st primary molar (1B) mid-facial - Calculation of : (FGM to sulcus base measurement) - (FGM to CEJ measurement) (mm)","Both males and females 30 YEARS - 150 YEARS",NA,"Code.or.Value=[""0 to 10"", ""99"", "".""]; Value.Description=[""Range of Values"", ""Cannot be assessed"", ""Missing""]; Count=[""2494"", ""1225"", ""646""]; Cumulative=[""2494"", ""3719"", ""4365""]; Skip.to.Item=[""NA"", ""NA"", ""NA""]"
"OHXPER_G","OHX12LAS","OHX12LAS","LOA: Max L(1B) MF calculated AL(mm)","Loss of Attachment: Upper left 1st bicuspid/1st primary molar (1B) mesio-facial - Calculation of : (FGM to sulcus base measurement) - (FGM to CEJ measurement) (mm)","Both males and females 30 YEARS - 150 YEARS",NA,"Code.or.Value=[""0 to 12"", ""99"", "".""]; Value.Description=[""Range of Values"", ""Cannot be assessed"", ""Missing""]; Count=[""2502"", ""1216"", ""647""]; Cumulative=[""2502"", ""3718"", ""4365""]; Skip.to.Item=[""NA"", ""NA"", ""NA""]"
"OHXPER_G","OHX12LAP","OHX12LAP","LOA: Max L(1B) DL calculated AL(mm)","Loss of Attachment: Upper left 1st bicuspid/1st primary molar (1B) distal - lingual - Calculation of: (FGM to CEJ measurement) - (FGM to sulcus base measurement) (mm)","Both males and females 30 YEARS - 150 YEARS",NA,"Code.or.Value=[""0 to 15"", ""99"", "".""]; Value.Description=[""Range of Values"", ""Cannot be assessed"", ""Missing""]; Count=[""2514"", ""1203"", ""648""]; Cumulative=[""2514"", ""3717"", ""4365""]; Skip.to.Item=[""NA"", ""NA"", ""NA""]"
"OHXPER_G","OHX12LAL","OHX12LAL","LOA: Max L(1B) MdL calculated AL(mm)","Loss of Attachment: Upper left 1st bicuspid/1st primary molar (1B) mid- lingual - Calculation of: (FGM to sulcus base measurement) - (FGM to CEJ measurement) (mm)","Both males and females 30 YEARS - 150 YEARS",NA,"Code.or.Value=[""0 to 13"", ""99"", "".""]; Value.Description=[""Range of Values"", ""Cannot be assessed"", ""Missing""]; Count=[""2514"", ""1203"", ""648""]; Cumulative=[""2514"", ""3717"", ""4365""]; Skip.to.Item=[""NA"", ""NA"", ""NA""]"
"OHXPER_G","OHX12LAA","OHX12LAA","LOA: Max L(1B) ML calculated AL(mm)","Loss of Attachment: Upper left 1st bicuspid/1st primary molar (1B) mesio-lingual - Calculation of: (FGM to sulcus base measurement) - (FGM to CEJ measurement) (mm)","Both males and females 30 YEARS - 150 YEARS",NA,"Code.or.Value=[""0 to 11"", ""99"", "".""]; Value.Description=[""Range of Values"", ""Cannot be assessed"", ""Missing""]; Count=[""2493"", ""1224"", ""648""]; Cumulative=[""2493"", ""3717"", ""4365""]; Skip.to.Item=[""NA"", ""NA"", ""NA""]"
"OHXPER_G","OHX13CJD","OHX13CJD","LOA: Max L(2B) DF FGM-CEJ(mm)","Loss of Attachment: Upper left 2nd bicuspid/2nd primary molar (2B) distal - FGM to CEJ measurement (mm)","Both males and females 30 YEARS - 150 YEARS",NA,"Code.or.Value=[""-10 to 2"", ""99"", "".""]; Value.Description=[""Range of Values"", ""Cannot be assessed"", ""Missing""]; Count=[""2539"", ""1187"", ""639""]; Cumulative=[""2539"", ""3726"", ""4365""]; Skip.to.Item=[""NA"", ""NA"", ""NA""]"
"OHXPER_G","OHX13CJM","OHX13CJM","LOA: Max L(2B) MdF FGM-CEJ(mm)","Loss of Attachment: Upper left 2nd bicuspid/2nd primary molar (2B) mid-facial - FGM to CEJ measurement (mm)","Both males and females 30 YEARS - 150 YEARS",NA,"Code.or.Value=[""-9 to 2"", ""99"", "".""]; Value.Description=[""Range of Values"", ""Cannot be assessed"", ""Missing""]; Count=[""2540"", ""1186"", ""639""]; Cumulative=[""2540"", ""3726"", ""4365""]; Skip.to.Item=[""NA"", ""NA"", ""NA""]"
"OHXPER_G","OHX13CJS","OHX13CJS","LOA: Max L(2B) MF FGM-CEJ(mm)","Loss of Attachment: Upper left 2nd bicuspid/2nd primary molar (2B) mesio-facial - FGM to CEJ measurement (mm)","Both males and females 30 YEARS - 150 YEARS",NA,"Code.or.Value=[""-8 to 2"", ""99"", "".""]; Value.Description=[""Range of Values"", ""Cannot be assessed"", ""Missing""]; Count=[""2542"", ""1184"", ""639""]; Cumulative=[""2542"", ""3726"", ""4365""]; Skip.to.Item=[""NA"", ""NA"", ""NA""]"
"OHXPER_G","OHX13CJP","OHX13CJP","LOA: Max L(2B) DL FGM-CEJ(mm)","Loss of Attachment: Upper left 2nd bicuspid/2nd primary molar (2B) distal - lingual - FGM to CEJ measurement (mm)","Both males and females 30 YEARS - 150 YEARS",NA,"Code.or.Value=[""-10 to 1"", ""99"", "".""]; Value.Description=[""Range of Values"", ""Cannot be assessed"", ""Missing""]; Count=[""2549"", ""1175"", ""641""]; Cumulative=[""2549"", ""3724"", ""4365""]; Skip.to.Item=[""NA"", ""NA"", ""NA""]"
"OHXPER_G","OHX13CJL","OHX13CJL","LOA: Max L(2B) MdL FGM-CEJ(mm)","Loss of Attachment: Upper left 2nd bicuspid/2nd primary molar (2B) mid- lingual - FGM to CEJ measurement (mm)","Both males and females 30 YEARS - 150 YEARS",NA,"Code.or.Value=[""-10 to 1"", ""99"", "".""]; Value.Description=[""Range of Values"", ""Cannot be assessed"", ""Missing""]; Count=[""2556"", ""1168"", ""641""]; Cumulative=[""2556"", ""3724"", ""4365""]; Skip.to.Item=[""NA"", ""NA"", ""NA""]"
"OHXPER_G","OHX13CJA","OHX13CJA","LOA: Max L(2B) ML FGM-CEJ(mm)","Loss of Attachment: Upper left 2nd bicuspid/2nd primary molar (2B) mesio- lingual - FGM to CEJ measurement (mm)","Both males and females 30 YEARS - 150 YEARS",NA,"Code.or.Value=[""-8 to 1"", ""99"", "".""]; Value.Description=[""Range of Values"", ""Cannot be assessed"", ""Missing""]; Count=[""2552"", ""1172"", ""641""]; Cumulative=[""2552"", ""3724"", ""4365""]; Skip.to.Item=[""NA"", ""NA"", ""NA""]"
"OHXPER_G","OHX13PCD","OHX13PCD","LOA: Max L(2B) DF FGM-sulcus(mm)","Loss of Attachment: Upper left 2nd bicuspid/2nd primary molar (2B) distal - FGM to sulcus base (pocket depth) (mm)","Both males and females 30 YEARS - 150 YEARS",NA,"Code.or.Value=[""0 to 8"", ""99"", "".""]; Value.Description=[""Range of Values"", ""Cannot be assessed"", ""Missing""]; Count=[""2539"", ""1187"", ""639""]; Cumulative=[""2539"", ""3726"", ""4365""]; Skip.to.Item=[""NA"", ""NA"", ""NA""]"
"OHXPER_G","OHX13PCM","OHX13PCM","LOA: Max L(2B) MdF FGM-sulcus(mm)","Loss of Attachment: Upper left 2nd bicuspid/2nd primary molar (2B) mid-facial - FGM to sulcus base (pocket depth) (mm)","Both males and females 30 YEARS - 150 YEARS",NA,"Code.or.Value=[""0 to 10"", ""99"", "".""]; Value.Description=[""Range of Values"", ""Cannot be assessed"", ""Missing""]; Count=[""2540"", ""1186"", ""639""]; Cumulative=[""2540"", ""3726"", ""4365""]; Skip.to.Item=[""NA"", ""NA"", ""NA""]"
"OHXPER_G","OHX13PCS","OHX13PCS","LOA: Max L(2B) MF FGM-sulcus(mm)","Loss of Attachment: Upper left 2nd bicuspid/2nd primary molar (2B) mesio-facial - FGM to sulcus base (pocket depth) (mm)","Both males and females 30 YEARS - 150 YEARS",NA,"Code.or.Value=[""0 to 10"", ""99"", "".""]; Value.Description=[""Range of Values"", ""Cannot be assessed"", ""Missing""]; Count=[""2542"", ""1184"", ""639""]; Cumulative=[""2542"", ""3726"", ""4365""]; Skip.to.Item=[""NA"", ""NA"", ""NA""]"
"OHXPER_G","OHX13PCP","OHX13PCP","LOA: Max L(2B) DL FGM-sulcus(mm)","Loss of Attachment: Upper left 2nd bicuspid/2nd primary molar (2B) distal - lingual - FGM to sulcus base (pocket depth) (mm)","Both males and females 30 YEARS - 150 YEARS",NA,"Code.or.Value=[""0 to 8"", ""99"", "".""]; Value.Description=[""Range of Values"", ""Cannot be assessed"", ""Missing""]; Count=[""2549"", ""1175"", ""641""]; Cumulative=[""2549"", ""3724"", ""4365""]; Skip.to.Item=[""NA"", ""NA"", ""NA""]"
"OHXPER_G","OHX13PCL","OHX13PCL","LOA: Max L(2B) MdL FGM-sulcus(mm)","Loss of Attachment: Upper left 2nd bicuspid/2nd primary molar (2B) mid- lingual - FGM to sulcus base (pocket depth) (mm)","Both males and females 30 YEARS - 150 YEARS",NA,"Code.or.Value=[""0 to 7"", ""99"", "".""]; Value.Description=[""Range of Values"", ""Cannot be assessed"", ""Missing""]; Count=[""2556"", ""1168"", ""641""]; Cumulative=[""2556"", ""3724"", ""4365""]; Skip.to.Item=[""NA"", ""NA"", ""NA""]"
"OHXPER_G","OHX13PCA","OHX13PCA","LOA: Max L(2B) ML FGM-sulcus(mm)","Loss of Attachment: Upper left 2nd bicuspid/2nd primary molar (2B) mesio- lingual - FGM to sulcus base (pocket depth) (mm)","Both males and females 30 YEARS - 150 YEARS",NA,"Code.or.Value=[""0 to 8"", ""99"", "".""]; Value.Description=[""Range of Values"", ""Cannot be assessed"", ""Missing""]; Count=[""2552"", ""1172"", ""641""]; Cumulative=[""2552"", ""3724"", ""4365""]; Skip.to.Item=[""NA"", ""NA"", ""NA""]"
"OHXPER_G","OHX13LAD","OHX13LAD","LOA: Max L(2B) DF calculated AL(mm)","Loss of Attachment: Upper left 2nd bicuspid/2nd primary molar (2B) distal - Calculation of : (FGM to CEJ measurement) - (FGM to sulcus base measurement) (mm)","Both males and females 30 YEARS - 150 YEARS",NA,"Code.or.Value=[""0 to 12"", ""99"", "".""]; Value.Description=[""Range of Values"", ""Cannot be assessed"", ""Missing""]; Count=[""2539"", ""1187"", ""639""]; Cumulative=[""2539"", ""3726"", ""4365""]; Skip.to.Item=[""NA"", ""NA"", ""NA""]"
"OHXPER_G","OHX13LAM","OHX13LAM","LOA: Max L(2B) MdF calculated AL(mm)","Loss of Attachment: Upper left 2nd bicuspid/2nd primary molar (2B) mid-facial - Calculation of : (FGM to sulcus base measurement) - (FGM to CEJ measurement) (mm)","Both males and females 30 YEARS - 150 YEARS",NA,"Code.or.Value=[""0 to 11"", ""99"", "".""]; Value.Description=[""Range of Values"", ""Cannot be assessed"", ""Missing""]; Count=[""2540"", ""1186"", ""639""]; Cumulative=[""2540"", ""3726"", ""4365""]; Skip.to.Item=[""NA"", ""NA"", ""NA""]"
"OHXPER_G","OHX13LAS","OHX13LAS","LOA: Max L(2B) MF calculated AL(mm)","Loss of Attachment: Upper left 2nd bicuspid/2nd primary molar (2B) mesio-facial - Calculation of : (FGM to sulcus base measurement) - (FGM to CEJ measurement) (mm)","Both males and females 30 YEARS - 150 YEARS",NA,"Code.or.Value=[""0 to 12"", ""99"", "".""]; Value.Description=[""Range of Values"", ""Cannot be assessed"", ""Missing""]; Count=[""2542"", ""1184"", ""639""]; Cumulative=[""2542"", ""3726"", ""4365""]; Skip.to.Item=[""NA"", ""NA"", ""NA""]"
"OHXPER_G","OHX13LAP","OHX13LAP","LOA: Max L(2B) DL calculated AL(mm)","Loss of Attachment: Upper left 2nd bicuspid/2nd primary molar (2B) distal - lingual - Calculation of: (FGM to CEJ measurement) - (FGM to sulcus base measurement) (mm)","Both males and females 30 YEARS - 150 YEARS",NA,"Code.or.Value=[""0 to 12"", ""99"", "".""]; Value.Description=[""Range of Values"", ""Cannot be assessed"", ""Missing""]; Count=[""2549"", ""1175"", ""641""]; Cumulative=[""2549"", ""3724"", ""4365""]; Skip.to.Item=[""NA"", ""NA"", ""NA""]"
"OHXPER_G","OHX13LAL","OHX13LAL","LOA: Max L(2B) MdL calculated AL(mm)","Loss of Attachment: Upper left 2nd bicuspid/2nd primary molar (2B) mid- lingual - Calculation of: (FGM to sulcus base measurement) - (FGM to CEJ measurement) (mm)","Both males and females 30 YEARS - 150 YEARS",NA,"Code.or.Value=[""0 to 13"", ""99"", "".""]; Value.Description=[""Range of Values"", ""Cannot be assessed"", ""Missing""]; Count=[""2556"", ""1168"", ""641""]; Cumulative=[""2556"", ""3724"", ""4365""]; Skip.to.Item=[""NA"", ""NA"", ""NA""]"
"OHXPER_G","OHX13LAA","OHX13LAA","LOA: Max L(2B) ML calculated AL(mm)","Loss of Attachment: Upper left 2nd bicuspid/2nd primary molar (2B) mesio-lingual - Calculation of: (FGM to sulcus base measurement) - (FGM to CEJ measurement) (mm)","Both males and females 30 YEARS - 150 YEARS",NA,"Code.or.Value=[""0 to 12"", ""99"", "".""]; Value.Description=[""Range of Values"", ""Cannot be assessed"", ""Missing""]; Count=[""2552"", ""1172"", ""641""]; Cumulative=[""2552"", ""3724"", ""4365""]; Skip.to.Item=[""NA"", ""NA"", ""NA""]"
"OHXPER_G","OHX14CJD","OHX14CJD","LOA: Max L(1M) DF FGM-CEJ(mm)","Loss of Attachment: Upper left 1st molar (1M) distal - FGM to CEJ measurement (mm)","Both males and females 30 YEARS - 150 YEARS",NA,"Code.or.Value=[""-8 to 2"", ""99"", "".""]; Value.Description=[""Range of Values"", ""Cannot be assessed"", ""Missing""]; Count=[""2341"", ""1383"", ""641""]; Cumulative=[""2341"", ""3724"", ""4365""]; Skip.to.Item=[""NA"", ""NA"", ""NA""]"
"OHXPER_G","OHX14CJM","OHX14CJM","LOA: Max L(1M) MdF FGM-CEJ(mm)","Loss of Attachment: Upper left 1st molar (1M) mid-facial - FGM to CEJ measurement (mm)","Both males and females 30 YEARS - 150 YEARS",NA,"Code.or.Value=[""-8 to 1"", ""99"", "".""]; Value.Description=[""Range of Values"", ""Cannot be assessed"", ""Missing""]; Count=[""2359"", ""1365"", ""641""]; Cumulative=[""2359"", ""3724"", ""4365""]; Skip.to.Item=[""NA"", ""NA"", ""NA""]"
"OHXPER_G","OHX14CJS","OHX14CJS","LOA: Max L(1M) MF FGM-CEJ(mm)","Loss of Attachment: Upper left 1st molar (1M) mesio-facial - FGM to CEJ measurement (mm)","Both males and females 30 YEARS - 150 YEARS",NA,"Code.or.Value=[""-9 to 2"", ""99"", "".""]; Value.Description=[""Range of Values"", ""Cannot be assessed"", ""Missing""]; Count=[""2361"", ""1363"", ""641""]; Cumulative=[""2361"", ""3724"", ""4365""]; Skip.to.Item=[""NA"", ""NA"", ""NA""]"
"OHXPER_G","OHX14CJP","OHX14CJP","LOA: Max L(1M) DL FGM-CEJ(mm)","Loss of Attachment: Upper left 1st molar (1M) distal - lingual - FGM to CEJ measurement (mm)","Both males and females 30 YEARS - 150 YEARS",NA,"Code.or.Value=[""-12 to 2"", ""99"", "".""]; Value.Description=[""Range of Values"", ""Cannot be assessed"", ""Missing""]; Count=[""2377"", ""1346"", ""642""]; Cumulative=[""2377"", ""3723"", ""4365""]; Skip.to.Item=[""NA"", ""NA"", ""NA""]"
"OHXPER_G","OHX14CJL","OHX14CJL","LOA: Max L(1M) MdL FGM-CEJ(mm)","Loss of Attachment: Upper left 1st molar (1M) mid- lingual - FGM to CEJ measurement (mm)","Both males and females 30 YEARS - 150 YEARS",NA,"Code.or.Value=[""-12 to 1"", ""99"", "".""]; Value.Description=[""Range of Values"", ""Cannot be assessed"", ""Missing""]; Count=[""2379"", ""1344"", ""642""]; Cumulative=[""2379"", ""3723"", ""4365""]; Skip.to.Item=[""NA"", ""NA"", ""NA""]"
"OHXPER_G","OHX14CJA","OHX14CJA","LOA: Max L(1M) ML FGM-CEJ(mm)","Loss of Attachment: Upper left 1st molar (1M) mesio- lingual - FGM to CEJ measurement (mm)","Both males and females 30 YEARS - 150 YEARS",NA,"Code.or.Value=[""-8 to 1"", ""99"", "".""]; Value.Description=[""Range of Values"", ""Cannot be assessed"", ""Missing""]; Count=[""2381"", ""1342"", ""642""]; Cumulative=[""2381"", ""3723"", ""4365""]; Skip.to.Item=[""NA"", ""NA"", ""NA""]"
"OHXPER_G","OHX14PCD","OHX14PCD","LOA: Max L(1M) DF FGM-sulcus(mm)","Loss of Attachment: Upper left 1st molar (1M) distal - FGM to sulcus base (pocket depth) (mm)","Both males and females 30 YEARS - 150 YEARS",NA,"Code.or.Value=[""0 to 10"", ""99"", "".""]; Value.Description=[""Range of Values"", ""Cannot be assessed"", ""Missing""]; Count=[""2341"", ""1383"", ""641""]; Cumulative=[""2341"", ""3724"", ""4365""]; Skip.to.Item=[""NA"", ""NA"", ""NA""]"
"OHXPER_G","OHX14PCM","OHX14PCM","LOA: Max L(1M) MdF FGM-sulcus(mm)","Loss of Attachment: Upper left 1st molar (1M) mid-facial - FGM to sulcus base (pocket depth) (mm)","Both males and females 30 YEARS - 150 YEARS",NA,"Code.or.Value=[""0 to 10"", ""99"", "".""]; Value.Description=[""Range of Values"", ""Cannot be assessed"", ""Missing""]; Count=[""2359"", ""1365"", ""641""]; Cumulative=[""2359"", ""3724"", ""4365""]; Skip.to.Item=[""NA"", ""NA"", ""NA""]"
"OHXPER_G","OHX14PCS","OHX14PCS","LOA: Max L(1M) MF FGM-sulcus(mm)","Loss of Attachment: Upper left 1st molar (1M) mesio-facial - FGM to sulcus base (pocket depth) (mm)","Both males and females 30 YEARS - 150 YEARS",NA,"Code.or.Value=[""0 to 10"", ""99"", "".""]; Value.Description=[""Range of Values"", ""Cannot be assessed"", ""Missing""]; Count=[""2361"", ""1363"", ""641""]; Cumulative=[""2361"", ""3724"", ""4365""]; Skip.to.Item=[""NA"", ""NA"", ""NA""]"
"OHXPER_G","OHX14PCP","OHX14PCP","LOA: Max L(1M) DL FGM-sulcus(mm)","Loss of Attachment: Upper left 1st molar (1M) distal - lingual - FGM to sulcus base (pocket depth) (mm)","Both males and females 30 YEARS - 150 YEARS",NA,"Code.or.Value=[""."", ""0 to 9"", ""99""]; Value.Description=[""Missing"", ""Range of Values"", ""Cannot be assessed""]; Count=[""642"", ""2377"", ""1346""]; Cumulative=[""4365"", ""2377"", ""3723""]; Skip.to.Item=[""NA"", ""NA"", ""NA""]"
"OHXPER_G","OHX14PCL","OHX14PCL","LOA: Max L(1M) MdL FGM-sulcus(mm)","Loss of Attachment: Upper left 1st molar (1M) mid- lingual - FGM to sulcus base (pocket depth) (mm)","Both males and females 30 YEARS - 150 YEARS",NA,"Code.or.Value=[""0 to 8"", ""99"", "".""]; Value.Description=[""Range of Values"", ""Cannot be assessed"", ""Missing""]; Count=[""2379"", ""1344"", ""642""]; Cumulative=[""2379"", ""3723"", ""4365""]; Skip.to.Item=[""NA"", ""NA"", ""NA""]"
"OHXPER_G","OHX14PCA","OHX14PCA","LOA: Max L(1M) ML FGM-sulcus(mm)","Loss of Attachment: Upper left 1st molar (1M) mesio- lingual - FGM to sulcus base (pocket depth) (mm)","Both males and females 30 YEARS - 150 YEARS",NA,"Code.or.Value=[""0 to 8"", ""99"", "".""]; Value.Description=[""Range of Values"", ""Cannot be assessed"", ""Missing""]; Count=[""2381"", ""1342"", ""642""]; Cumulative=[""2381"", ""3723"", ""4365""]; Skip.to.Item=[""NA"", ""NA"", ""NA""]"
"OHXPER_G","OHX14LAD","OHX14LAD","LOA: Max L(1M) DF calculated AL(mm)","Loss of Attachment: Upper left 1st molar (1M) distal - Calculation of : (FGM to CEJ measurement) - (FGM to sulcus base measurement) (mm)","Both males and females 30 YEARS - 150 YEARS",NA,"Code.or.Value=[""0 to 13"", ""99"", "".""]; Value.Description=[""Range of Values"", ""Cannot be assessed"", ""Missing""]; Count=[""2341"", ""1383"", ""641""]; Cumulative=[""2341"", ""3724"", ""4365""]; Skip.to.Item=[""NA"", ""NA"", ""NA""]"
"OHXPER_G","OHX14LAM","OHX14LAM","LOA: Max L(1M) MdF calculated AL(mm)","Loss of Attachment: Upper left 1st molar (1M) mid-facial - Calculation of : (FGM to sulcus base measurement) - (FGM to CEJ measurement) (mm)","Both males and females 30 YEARS - 150 YEARS",NA,"Code.or.Value=[""0 to 12"", ""99"", "".""]; Value.Description=[""Range of Values"", ""Cannot be assessed"", ""Missing""]; Count=[""2359"", ""1365"", ""641""]; Cumulative=[""2359"", ""3724"", ""4365""]; Skip.to.Item=[""NA"", ""NA"", ""NA""]"
"OHXPER_G","OHX14LAS","OHX14LAS","LOA: Max L(1M) MF calculated AL(mm)","Loss of Attachment: Upper left 1st molar (1M) mesio-facial - Calculation of : (FGM to sulcus base measurement) - (FGM to CEJ measurement) (mm)","Both males and females 30 YEARS - 150 YEARS",NA,"Code.or.Value=[""0 to 12"", ""99"", "".""]; Value.Description=[""Range of Values"", ""Cannot be assessed"", ""Missing""]; Count=[""2361"", ""1363"", ""641""]; Cumulative=[""2361"", ""3724"", ""4365""]; Skip.to.Item=[""NA"", ""NA"", ""NA""]"
"OHXPER_G","OHX14LAP","OHX14LAP","LOA: Max L(1M) DL calculated AL(mm)","Loss of Attachment: Upper left 1st molar (1M) distal - lingual - Calculation of: (FGM to CEJ measurement) - (FGM to sulcus base measurement) (mm)","Both males and females 30 YEARS - 150 YEARS",NA,"Code.or.Value=[""0 to 16"", ""99"", "".""]; Value.Description=[""Range of Values"", ""Cannot be assessed"", ""Missing""]; Count=[""2377"", ""1346"", ""642""]; Cumulative=[""2377"", ""3723"", ""4365""]; Skip.to.Item=[""NA"", ""NA"", ""NA""]"
"OHXPER_G","OHX14LAL","OHX14LAL","LOA: Max L(1M) MdL calculated AL(mm)","Loss of Attachment: Upper left 1st molar (1M) mid- lingual - Calculation of: (FGM to sulcus base measurement) - (FGM to CEJ measurement) (mm)","Both males and females 30 YEARS - 150 YEARS",NA,"Code.or.Value=[""0 to 14"", ""99"", "".""]; Value.Description=[""Range of Values"", ""Cannot be assessed"", ""Missing""]; Count=[""2379"", ""1344"", ""642""]; Cumulative=[""2379"", ""3723"", ""4365""]; Skip.to.Item=[""NA"", ""NA"", ""NA""]"
"OHXPER_G","OHX14LAA","OHX14LAA","LOA: Max L(1M) ML calculated AL(mm)","Loss of Attachment: Upper left 1st molar (1M) mesio- lingual - Calculation of: (FGM to sulcus base measurement) - (FGM to CEJ measurement) (mm)","Both males and females 30 YEARS - 150 YEARS",NA,"Code.or.Value=[""0 to 10"", ""99"", "".""]; Value.Description=[""Range of Values"", ""Cannot be assessed"", ""Missing""]; Count=[""2381"", ""1342"", ""642""]; Cumulative=[""2381"", ""3723"", ""4365""]; Skip.to.Item=[""NA"", ""NA"", ""NA""]"
"OHXPER_G","OHX15CJD","OHX15CJD","LOA: Max L(2M) DF FGM-CEJ(mm)","Loss of Attachment: Upper left 2nd molar (2M) distal - FGM to CEJ measurement (mm)","Both males and females 30 YEARS - 150 YEARS",NA,"Code.or.Value=[""-10 to 9"", ""99"", "".""]; Value.Description=[""Range of Values"", ""Cannot be assessed"", ""Missing""]; Count=[""2362"", ""1368"", ""635""]; Cumulative=[""2362"", ""3730"", ""4365""]; Skip.to.Item=[""NA"", ""NA"", ""NA""]"
"OHXPER_G","OHX15CJM","OHX15CJM","LOA: Max L(2M) MdF FGM-CEJ(mm)","Loss of Attachment: Upper left 2nd molar (2M) mid-facial - FGM to CEJ measurement (mm)","Both males and females 30 YEARS - 150 YEARS",NA,"Code.or.Value=[""-8 to 9"", ""99"", "".""]; Value.Description=[""Range of Values"", ""Cannot be assessed"", ""Missing""]; Count=[""2375"", ""1355"", ""635""]; Cumulative=[""2375"", ""3730"", ""4365""]; Skip.to.Item=[""NA"", ""NA"", ""NA""]"
"OHXPER_G","OHX15CJS","OHX15CJS","LOA: Max L(2M) MF FGM-CEJ(mm)","Loss of Attachment: Upper left 2nd molar (2M) mesio-facial - FGM to CEJ measurement (mm)","Both males and females 30 YEARS - 150 YEARS",NA,"Code.or.Value=[""-8 to 9"", ""99"", "".""]; Value.Description=[""Range of Values"", ""Cannot be assessed"", ""Missing""]; Count=[""2373"", ""1357"", ""635""]; Cumulative=[""2373"", ""3730"", ""4365""]; Skip.to.Item=[""NA"", ""NA"", ""NA""]"
"OHXPER_G","OHX15CJP","OHX15CJP","LOA: Max L(2M) DL FGM-CEJ(mm)","Loss of Attachment: Upper left 2nd molar (2M) distal - lingual - FGM to CEJ measurement (mm)","Both males and females 30 YEARS - 150 YEARS",NA,"Code.or.Value=[""-9 to 2"", ""99"", "".""]; Value.Description=[""Range of Values"", ""Cannot be assessed"", ""Missing""]; Count=[""2407"", ""1321"", ""637""]; Cumulative=[""2407"", ""3728"", ""4365""]; Skip.to.Item=[""NA"", ""NA"", ""NA""]"
"OHXPER_G","OHX15CJL","OHX15CJL","LOA: Max L(2M) MdL FGM-CEJ(mm)","Loss of Attachment: Upper left 2nd molar (2M) mid- lingual - FGM to CEJ measurement (mm)","Both males and females 30 YEARS - 150 YEARS",NA,"Code.or.Value=[""-10 to 2"", ""99"", "".""]; Value.Description=[""Range of Values"", ""Cannot be assessed"", ""Missing""]; Count=[""2417"", ""1311"", ""637""]; Cumulative=[""2417"", ""3728"", ""4365""]; Skip.to.Item=[""NA"", ""NA"", ""NA""]"
"OHXPER_G","OHX15CJA","OHX15CJA","LOA: Max L(2M) ML FGM-CEJ(mm)","Loss of Attachment: Upper left 2nd molar (2M) mesio- lingual - FGM to CEJ measurement (mm)","Both males and females 30 YEARS - 150 YEARS",NA,"Code.or.Value=[""-8 to 2"", ""99"", "".""]; Value.Description=[""Range of Values"", ""Cannot be assessed"", ""Missing""]; Count=[""2415"", ""1313"", ""637""]; Cumulative=[""2415"", ""3728"", ""4365""]; Skip.to.Item=[""NA"", ""NA"", ""NA""]"
"OHXPER_G","OHX15PCD","OHX15PCD","LOA: Max L(2M) DF FGM-sulcus(mm)","Loss of Attachment: Upper left 2nd molar (2M) distal - FGM to sulcus base (pocket depth) (mm)","Both males and females 30 YEARS - 150 YEARS",NA,"Code.or.Value=[""0 to 9"", ""99"", "".""]; Value.Description=[""Range of Values"", ""Cannot be assessed"", ""Missing""]; Count=[""2362"", ""1368"", ""635""]; Cumulative=[""2362"", ""3730"", ""4365""]; Skip.to.Item=[""NA"", ""NA"", ""NA""]"
"OHXPER_G","OHX15PCM","OHX15PCM","LOA: Max L(2M) MdF FGM-sulcus(mm)","Loss of Attachment: Upper left 2nd molar (2M) mid-facial - FGM to sulcus base (pocket depth) (mm)","Both males and females 30 YEARS - 150 YEARS",NA,"Code.or.Value=[""0 to 10"", ""99"", "".""]; Value.Description=[""Range of Values"", ""Cannot be assessed"", ""Missing""]; Count=[""2375"", ""1355"", ""635""]; Cumulative=[""2375"", ""3730"", ""4365""]; Skip.to.Item=[""NA"", ""NA"", ""NA""]"
"OHXPER_G","OHX15PCS","OHX15PCS","LOA: Max L(2M) MF FGM-sulcus(mm)","Loss of Attachment: Upper left 2nd molar (2M) mesio-facial - FGM to sulcus base (pocket depth) (mm)","Both males and females 30 YEARS - 150 YEARS",NA,"Code.or.Value=[""0 to 9"", ""99"", "".""]; Value.Description=[""Range of Values"", ""Cannot be assessed"", ""Missing""]; Count=[""2373"", ""1357"", ""635""]; Cumulative=[""2373"", ""3730"", ""4365""]; Skip.to.Item=[""NA"", ""NA"", ""NA""]"
"OHXPER_G","OHX15PCP","OHX15PCP","LOA: Max L(2M) DL FGM-sulcus(mm)","Loss of Attachment: Upper left 2nd molar (2M) distal - lingual - FGM to sulcus base (pocket depth) (mm)","Both males and females 30 YEARS - 150 YEARS",NA,"Code.or.Value=[""0 to 9"", ""99"", "".""]; Value.Description=[""Range of Values"", ""Cannot be assessed"", ""Missing""]; Count=[""2407"", ""1321"", ""637""]; Cumulative=[""2407"", ""3728"", ""4365""]; Skip.to.Item=[""NA"", ""NA"", ""NA""]"
"OHXPER_G","OHX15PCL","OHX15PCL","LOA: Max L(2M) MdL FGM-sulcus(mm)","Loss of Attachment: Upper left 2nd molar (2M) mid- lingual - FGM to sulcus base (pocket depth) (mm)","Both males and females 30 YEARS - 150 YEARS",NA,"Code.or.Value=[""0 to 9"", ""99"", "".""]; Value.Description=[""Range of Values"", ""Cannot be assessed"", ""Missing""]; Count=[""2417"", ""1311"", ""637""]; Cumulative=[""2417"", ""3728"", ""4365""]; Skip.to.Item=[""NA"", ""NA"", ""NA""]"
"OHXPER_G","OHX15PCA","OHX15PCA","LOA: Max L(2M) ML FGM-sulcus(mm)","Loss of Attachment: Upper left 2nd molar (2M) mesio- lingual - FGM to sulcus base (pocket depth) (mm)","Both males and females 30 YEARS - 150 YEARS",NA,"Code.or.Value=[""0 to 10"", ""99"", "".""]; Value.Description=[""Range of Values"", ""Cannot be assessed"", ""Missing""]; Count=[""2415"", ""1313"", ""637""]; Cumulative=[""2415"", ""3728"", ""4365""]; Skip.to.Item=[""NA"", ""NA"", ""NA""]"
"OHXPER_G","OHX15LAD","OHX15LAD","LOA: Max L(2M) DF calculated AL(mm)","Loss of Attachment: Upper left 2nd molar (2M) distal - Calculation of : (FGM to CEJ measurement) - (FGM to sulcus base measurement) (mm)","Both males and females 30 YEARS - 150 YEARS",NA,"Code.or.Value=[""0 to 13"", ""99"", "".""]; Value.Description=[""Range of Values"", ""Cannot be assessed"", ""Missing""]; Count=[""2362"", ""1368"", ""635""]; Cumulative=[""2362"", ""3730"", ""4365""]; Skip.to.Item=[""NA"", ""NA"", ""NA""]"
"OHXPER_G","OHX15LAM","OHX15LAM","LOA: Max L(2M) MdF calculated AL(mm)","Loss of Attachment: Upper left 2nd molar (2M) mid-facial - Calculation of : (FGM to sulcus base measurement) - (FGM to CEJ measurement) (mm)","Both males and females 30 YEARS - 150 YEARS",NA,"Code.or.Value=[""0 to 13"", ""99"", "".""]; Value.Description=[""Range of Values"", ""Cannot be assessed"", ""Missing""]; Count=[""2375"", ""1355"", ""635""]; Cumulative=[""2375"", ""3730"", ""4365""]; Skip.to.Item=[""NA"", ""NA"", ""NA""]"
"OHXPER_G","OHX15LAS","OHX15LAS","LOA: Max L(2M) MF calculated AL(mm)","Loss of Attachment: Upper left 2nd molar (2M) mesio-facial - Calculation of : (FGM to sulcus base measurement) - (FGM to CEJ measurement) (mm)","Both males and females 30 YEARS - 150 YEARS",NA,"Code.or.Value=[""0 to 12"", ""99"", "".""]; Value.Description=[""Range of Values"", ""Cannot be assessed"", ""Missing""]; Count=[""2373"", ""1357"", ""635""]; Cumulative=[""2373"", ""3730"", ""4365""]; Skip.to.Item=[""NA"", ""NA"", ""NA""]"
"OHXPER_G","OHX15LAP","OHX15LAP","LOA: Max L(2M) DL calculated AL(mm)","Loss of Attachment: Upper left 2nd molar (2M) distal - lingual - Calculation of: (FGM to CEJ measurement) - (FGM to sulcus base measurement) (mm)","Both males and females 30 YEARS - 150 YEARS",NA,"Code.or.Value=[""0 to 13"", ""99"", "".""]; Value.Description=[""Range of Values"", ""Cannot be assessed"", ""Missing""]; Count=[""2407"", ""1321"", ""637""]; Cumulative=[""2407"", ""3728"", ""4365""]; Skip.to.Item=[""NA"", ""NA"", ""NA""]"
"OHXPER_G","OHX15LAL","OHX15LAL","LOA: Max L(2M) MdL calculated AL(mm)","Loss of Attachment: Upper left 2nd molar (2M) mid- lingual - Calculation of: (FGM to sulcus base measurement) - (FGM to CEJ measurement) (mm)","Both males and females 30 YEARS - 150 YEARS",NA,"Code.or.Value=[""0 to 12"", ""99"", "".""]; Value.Description=[""Range of Values"", ""Cannot be assessed"", ""Missing""]; Count=[""2417"", ""1311"", ""637""]; Cumulative=[""2417"", ""3728"", ""4365""]; Skip.to.Item=[""NA"", ""NA"", ""NA""]"
"OHXPER_G","OHX15LAA","OHX15LAA","LOA: Max L(2M) ML calculated AL(mm)","Loss of Attachment: Upper left 2nd molar (2M) mesio- lingual - Calculation of: (FGM to sulcus base measurement) - (FGM to CEJ measurement) (mm)","Both males and females 30 YEARS - 150 YEARS",NA,"Code.or.Value=[""0 to 12"", ""99"", "".""]; Value.Description=[""Range of Values"", ""Cannot be assessed"", ""Missing""]; Count=[""2415"", ""1313"", ""637""]; Cumulative=[""2415"", ""3728"", ""4365""]; Skip.to.Item=[""NA"", ""NA"", ""NA""]"
"OHXPER_G","OHX18CJD","OHX18CJD","LOA: Mnd L(2M) DF FGM-CEJ(mm)","Loss of Attachment: Lower left 2nd molar (2M) distal - FGM to CEJ measurement (mm)","Both males and females 30 YEARS - 150 YEARS",NA,"Code.or.Value=[""-10 to 2"", ""99"", "".""]; Value.Description=[""Range of Values"", ""Cannot be assessed"", ""Missing""]; Count=[""2298"", ""1430"", ""637""]; Cumulative=[""2298"", ""3728"", ""4365""]; Skip.to.Item=[""NA"", ""NA"", ""NA""]"
"OHXPER_G","OHX18CJM","OHX18CJM","LOA: Mnd L(2M) MdF FGM-CEJ(mm)","Loss of Attachment: Lower left 2nd molar (2M) mid-facial - FGM to CEJ measurement (mm)","Both males and females 30 YEARS - 150 YEARS",NA,"Code.or.Value=[""-8 to 1"", ""99"", "".""]; Value.Description=[""Range of Values"", ""Cannot be assessed"", ""Missing""]; Count=[""2292"", ""1436"", ""637""]; Cumulative=[""2292"", ""3728"", ""4365""]; Skip.to.Item=[""NA"", ""NA"", ""NA""]"
"OHXPER_G","OHX18CJS","OHX18CJS","LOA: Mnd L(2M) MF FGM-CEJ(mm)","Loss of Attachment: Lower left 2nd molar (2M) mesio-facial - FGM to CEJ measurement (mm)","Both males and females 30 YEARS - 150 YEARS",NA,"Code.or.Value=[""-8 to 1"", ""99"", "".""]; Value.Description=[""Range of Values"", ""Cannot be assessed"", ""Missing""]; Count=[""2300"", ""1428"", ""637""]; Cumulative=[""2300"", ""3728"", ""4365""]; Skip.to.Item=[""NA"", ""NA"", ""NA""]"
"OHXPER_G","OHX18CJP","OHX18CJP","LOA: Mnd L(2M) DL FGM-CEJ(mm)","Loss of Attachment: Lower left 2nd molar (2M) distal - lingual - FGM to CEJ measurement (mm)","Both males and females 30 YEARS - 150 YEARS",NA,"Code.or.Value=[""-10 to 2"", ""99"", "".""]; Value.Description=[""Range of Values"", ""Cannot be assessed"", ""Missing""]; Count=[""2283"", ""1445"", ""637""]; Cumulative=[""2283"", ""3728"", ""4365""]; Skip.to.Item=[""NA"", ""NA"", ""NA""]"
"OHXPER_G","OHX18CJL","OHX18CJL","LOA: Mnd L(2M) MdL FGM-CEJ(mm)","Loss of Attachment: Lower left 2nd molar (2M) mid- lingual - FGM to CEJ measurement (mm)","Both males and females 30 YEARS - 150 YEARS",NA,"Code.or.Value=[""-10 to 1"", ""99"", "".""]; Value.Description=[""Range of Values"", ""Cannot be assessed"", ""Missing""]; Count=[""2287"", ""1441"", ""637""]; Cumulative=[""2287"", ""3728"", ""4365""]; Skip.to.Item=[""NA"", ""NA"", ""NA""]"
"OHXPER_G","OHX18CJA","OHX18CJA","LOA: Mnd L(2M) ML FGM-CEJ(mm)","Loss of Attachment: Lower left 2nd molar (2M) mesio- lingual - FGM to CEJ measurement (mm)","Both males and females 30 YEARS - 150 YEARS",NA,"Code.or.Value=[""-8 to 2"", ""99"", "".""]; Value.Description=[""Range of Values"", ""Cannot be assessed"", ""Missing""]; Count=[""2283"", ""1445"", ""637""]; Cumulative=[""2283"", ""3728"", ""4365""]; Skip.to.Item=[""NA"", ""NA"", ""NA""]"
"OHXPER_G","OHX18PCD","OHX18PCD","LOA: Mnd L(2M) DF FGM-sulcus(mm)","Loss of Attachment: Lower left 2nd molar (2M) distal - FGM to sulcus base (pocket depth) (mm)","Both males and females 30 YEARS - 150 YEARS",NA,"Code.or.Value=[""0 to 10"", ""99"", "".""]; Value.Description=[""Range of Values"", ""Cannot be assessed"", ""Missing""]; Count=[""2298"", ""1430"", ""637""]; Cumulative=[""2298"", ""3728"", ""4365""]; Skip.to.Item=[""NA"", ""NA"", ""NA""]"
"OHXPER_G","OHX18PCM","OHX18PCM","LOA: Mnd L(2M) MdF FGM-sulcus(mm)","Loss of Attachment: Lower left 2nd molar (2M) mid-facial - FGM to sulcus base (pocket depth) (mm)","Both males and females 30 YEARS - 150 YEARS",NA,"Code.or.Value=[""0 to 10"", ""99"", "".""]; Value.Description=[""Range of Values"", ""Cannot be assessed"", ""Missing""]; Count=[""2292"", ""1436"", ""637""]; Cumulative=[""2292"", ""3728"", ""4365""]; Skip.to.Item=[""NA"", ""NA"", ""NA""]"
"OHXPER_G","OHX18PCS","OHX18PCS","LOA: Mnd L(2M) MF FGM-sulcus(mm)","Loss of Attachment: Lower left 2nd molar (2M) mesio-facial - FGM to sulcus base (pocket depth) (mm)","Both males and females 30 YEARS - 150 YEARS",NA,"Code.or.Value=[""0 to 11"", ""99"", "".""]; Value.Description=[""Range of Values"", ""Cannot be assessed"", ""Missing""]; Count=[""2300"", ""1428"", ""637""]; Cumulative=[""2300"", ""3728"", ""4365""]; Skip.to.Item=[""NA"", ""NA"", ""NA""]"
"OHXPER_G","OHX18PCP","OHX18PCP","LOA: Mnd L(2M) DL FGM-sulcus(mm)","Loss of Attachment: Lower left 2nd molar (2M) distal - lingual - FGM to sulcus base (pocket depth) (mm)","Both males and females 30 YEARS - 150 YEARS",NA,"Code.or.Value=[""0 to 10"", ""99"", "".""]; Value.Description=[""Range of Values"", ""Cannot be assessed"", ""Missing""]; Count=[""2283"", ""1445"", ""637""]; Cumulative=[""2283"", ""3728"", ""4365""]; Skip.to.Item=[""NA"", ""NA"", ""NA""]"
"OHXPER_G","OHX18PCL","OHX18PCL","LOA: Mnd L(2M) MdL FGM-sulcus(mm)","Loss of Attachment: Lower left 2nd molar (2M) mid- lingual - FGM to sulcus base (pocket depth) (mm)","Both males and females 30 YEARS - 150 YEARS",NA,"Code.or.Value=[""0 to 7"", ""99"", "".""]; Value.Description=[""Range of Values"", ""Cannot be assessed"", ""Missing""]; Count=[""2287"", ""1441"", ""637""]; Cumulative=[""2287"", ""3728"", ""4365""]; Skip.to.Item=[""NA"", ""NA"", ""NA""]"
"OHXPER_G","OHX18PCA","OHX18PCA","LOA: Mnd L(2M) ML FGM-sulcus(mm)","Loss of Attachment: Lower left 2nd molar (2M) mesio- lingual - FGM to sulcus base (pocket depth) (mm)","Both males and females 30 YEARS - 150 YEARS",NA,"Code.or.Value=[""0 to 8"", ""99"", "".""]; Value.Description=[""Range of Values"", ""Cannot be assessed"", ""Missing""]; Count=[""2283"", ""1445"", ""637""]; Cumulative=[""2283"", ""3728"", ""4365""]; Skip.to.Item=[""NA"", ""NA"", ""NA""]"
"OHXPER_G","OHX18LAD","OHX18LAD","LOA: Mnd L(2M) DF calculated AL(mm)","Loss of Attachment: Lower left 2nd molar (2M) distal - Calculation of : (FGM to CEJ measurement) - (FGM to sulcus base measurement) (mm)","Both males and females 30 YEARS - 150 YEARS",NA,"Code.or.Value=[""0 to 12"", ""99"", "".""]; Value.Description=[""Range of Values"", ""Cannot be assessed"", ""Missing""]; Count=[""2298"", ""1430"", ""637""]; Cumulative=[""2298"", ""3728"", ""4365""]; Skip.to.Item=[""NA"", ""NA"", ""NA""]"
"OHXPER_G","OHX18LAM","OHX18LAM","LOA: Mnd L(2M) MdF calculated AL(mm)","Loss of Attachment: Lower left 2nd molar (2M) mid-facial - Calculation of: (FGM to sulcus base measurement) - (FGM to CEJ measurement) (mm)","Both males and females 30 YEARS - 150 YEARS",NA,"Code.or.Value=[""0 to 10"", ""99"", "".""]; Value.Description=[""Range of Values"", ""Cannot be assessed"", ""Missing""]; Count=[""2292"", ""1436"", ""637""]; Cumulative=[""2292"", ""3728"", ""4365""]; Skip.to.Item=[""NA"", ""NA"", ""NA""]"
"OHXPER_G","OHX18LAS","OHX18LAS","LOA: Mnd L(2M) MF calculated AL(mm)","Loss of Attachment: Lower left 2nd molar (2M) mesio-facial - Calculation of: (FGM to sulcus base measurement) - (FGM to CEJ measurement) (mm)","Both males and females 30 YEARS - 150 YEARS",NA,"Code.or.Value=[""0 to 12"", ""99"", "".""]; Value.Description=[""Range of Values"", ""Cannot be assessed"", ""Missing""]; Count=[""2300"", ""1428"", ""637""]; Cumulative=[""2300"", ""3728"", ""4365""]; Skip.to.Item=[""NA"", ""NA"", ""NA""]"
"OHXPER_G","OHX18LAP","OHX18LAP","LOA: Mnd L(2M) DL calculated AL(mm)","Loss of Attachment: Lower left 2nd molar (2M) distal - lingual - Calculation of: (FGM to CEJ measurement) - (FGM to sulcus base measurement) (mm)","Both males and females 30 YEARS - 150 YEARS",NA,"Code.or.Value=[""0 to 13"", ""99"", "".""]; Value.Description=[""Range of Values"", ""Cannot be assessed"", ""Missing""]; Count=[""2283"", ""1445"", ""637""]; Cumulative=[""2283"", ""3728"", ""4365""]; Skip.to.Item=[""NA"", ""NA"", ""NA""]"
"OHXPER_G","OHX18LAL","OHX18LAL","LOA: Mnd L(2M) MdL calculated AL(mm)","Loss of Attachment: Lower left 2nd molar (2M) mid- lingual - Calculation of: (FGM to sulcus base measurement) - (FGM to CEJ measurement) (mm)","Both males and females 30 YEARS - 150 YEARS",NA,"Code.or.Value=[""0 to 11"", ""99"", "".""]; Value.Description=[""Range of Values"", ""Cannot be assessed"", ""Missing""]; Count=[""2287"", ""1441"", ""637""]; Cumulative=[""2287"", ""3728"", ""4365""]; Skip.to.Item=[""NA"", ""NA"", ""NA""]"
"OHXPER_G","OHX18LAA","OHX18LAA","LOA: Mnd L(2M) ML calculated AL(mm)","Loss of Attachment: Lower left 2nd molar (2M) mesio-lingual - Calculation of: (FGM to sulcus base measurement) - (FGM to CEJ measurement) (mm)","Both males and females 30 YEARS - 150 YEARS",NA,"Code.or.Value=[""0 to 14"", ""99"", "".""]; Value.Description=[""Range of Values"", ""Cannot be assessed"", ""Missing""]; Count=[""2283"", ""1445"", ""637""]; Cumulative=[""2283"", ""3728"", ""4365""]; Skip.to.Item=[""NA"", ""NA"", ""NA""]"
"OHXPER_G","OHX19CJD","OHX19CJD","LOA: Mnd L(1M) DF FGM-CEJ(mm)","Loss of Attachment: Lower left 1st molar (1M) distal - FGM to CEJ measurement (mm)","Both males and females 30 YEARS - 150 YEARS",NA,"Code.or.Value=[""-11 to 1"", ""99"", "".""]; Value.Description=[""Range of Values"", ""Cannot be assessed"", ""Missing""]; Count=[""2099"", ""1630"", ""636""]; Cumulative=[""2099"", ""3729"", ""4365""]; Skip.to.Item=[""NA"", ""NA"", ""NA""]"
"OHXPER_G","OHX19CJM","OHX19CJM","LOA: Mnd L(1M) MdF FGM-CEJ(mm)","Loss of Attachment: Lower left 1st molar (1M) mid-facial - FGM to CEJ measurement (mm)","Both males and females 30 YEARS - 150 YEARS",NA,"Code.or.Value=[""-10 to 1"", ""99"", "".""]; Value.Description=[""Range of Values"", ""Cannot be assessed"", ""Missing""]; Count=[""2096"", ""1633"", ""636""]; Cumulative=[""2096"", ""3729"", ""4365""]; Skip.to.Item=[""NA"", ""NA"", ""NA""]"
"OHXPER_G","OHX19CJS","OHX19CJS","LOA: Mnd L(1M) MF FGM-CEJ(mm)","Loss of Attachment: Lower left 1st molar (1M) mesio-facial - FGM to CEJ measurement (mm)","Both males and females 30 YEARS - 150 YEARS",NA,"Code.or.Value=[""-11 to 2"", ""99"", "".""]; Value.Description=[""Range of Values"", ""Cannot be assessed"", ""Missing""]; Count=[""2101"", ""1628"", ""636""]; Cumulative=[""2101"", ""3729"", ""4365""]; Skip.to.Item=[""NA"", ""NA"", ""NA""]"
"OHXPER_G","OHX19CJP","OHX19CJP","LOA: Max L(1M) DL FGM-CEJ(mm)","Loss of Attachment: Lower left 1st molar (1M) distal - lingual - FGM to CEJ measurement (mm)","Both males and females 30 YEARS - 150 YEARS",NA,"Code.or.Value=[""-11 to 2"", ""99"", "".""]; Value.Description=[""Range of Values"", ""Cannot be assessed"", ""Missing""]; Count=[""2077"", ""1652"", ""636""]; Cumulative=[""2077"", ""3729"", ""4365""]; Skip.to.Item=[""NA"", ""NA"", ""NA""]"
"OHXPER_G","OHX19CJL","OHX19CJL","LOA: Mnd L(1M) MdL FGM-CEJ(mm)","Loss of Attachment: Lower left 1st molar (1M) mid- lingual - FGM to CEJ measurement (mm)","Both males and females 30 YEARS - 150 YEARS",NA,"Code.or.Value=[""-10 to 3"", ""99"", "".""]; Value.Description=[""Range of Values"", ""Cannot be assessed"", ""Missing""]; Count=[""2083"", ""1646"", ""636""]; Cumulative=[""2083"", ""3729"", ""4365""]; Skip.to.Item=[""NA"", ""NA"", ""NA""]"
"OHXPER_G","OHX19CJA","OHX19CJA","LOA: Mnd L(1M) ML FGM-CEJ(mm)","Loss of Attachment: Lower left 1st molar (1M) mesio- lingual - FGM to CEJ measurement (mm)","Both males and females 30 YEARS - 150 YEARS",NA,"Code.or.Value=[""-11 to 2"", ""99"", "".""]; Value.Description=[""Range of Values"", ""Cannot be assessed"", ""Missing""]; Count=[""2085"", ""1644"", ""636""]; Cumulative=[""2085"", ""3729"", ""4365""]; Skip.to.Item=[""NA"", ""NA"", ""NA""]"
"OHXPER_G","OHX19PCD","OHX19PCD","LOA: Mnd L(1M) DF FGM-sulcus(mm)","Loss of Attachment: Lower left 1st molar (1M) distal - FGM to sulcus base (pocket depth) (mm)","Both males and females 30 YEARS - 150 YEARS",NA,"Code.or.Value=[""0 to 8"", ""99"", "".""]; Value.Description=[""Range of Values"", ""Cannot be assessed"", ""Missing""]; Count=[""2099"", ""1630"", ""636""]; Cumulative=[""2099"", ""3729"", ""4365""]; Skip.to.Item=[""NA"", ""NA"", ""NA""]"
"OHXPER_G","OHX19PCM","OHX19PCM","LOA: Mnd L(1M) MdF FGM-sulcus(mm)","Loss of Attachment: Lower left 1st molar (1M) mid-facial - FGM to sulcus base (pocket depth) (mm)","Both males and females 30 YEARS - 150 YEARS",NA,"Code.or.Value=[""0 to 9"", ""99"", "".""]; Value.Description=[""Range of Values"", ""Cannot be assessed"", ""Missing""]; Count=[""2096"", ""1633"", ""636""]; Cumulative=[""2096"", ""3729"", ""4365""]; Skip.to.Item=[""NA"", ""NA"", ""NA""]"
"OHXPER_G","OHX19PCS","OHX19PCS","LOA: Mnd L(1M) MF FGM-sulcus(mm)","Loss of Attachment: Lower left 1st molar (1M) mesio-facial - FGM to sulcus base (pocket depth) (mm)","Both males and females 30 YEARS - 150 YEARS",NA,"Code.or.Value=[""0 to 8"", ""99"", "".""]; Value.Description=[""Range of Values"", ""Cannot be assessed"", ""Missing""]; Count=[""2101"", ""1628"", ""636""]; Cumulative=[""2101"", ""3729"", ""4365""]; Skip.to.Item=[""NA"", ""NA"", ""NA""]"
"OHXPER_G","OHX19PCP","OHX19PCP","LOA: Mnd L(1M) DL FGM-sulcus(mm)","Loss of Attachment: Lower left 1st molar (1M) distal - lingual - FGM to sulcus base (pocket depth) (mm)","Both males and females 30 YEARS - 150 YEARS",NA,"Code.or.Value=[""0 to 8"", ""99"", "".""]; Value.Description=[""Range of Values"", ""Cannot be assessed"", ""Missing""]; Count=[""2077"", ""1652"", ""636""]; Cumulative=[""2077"", ""3729"", ""4365""]; Skip.to.Item=[""NA"", ""NA"", ""NA""]"
"OHXPER_G","OHX19PCL","OHX19PCL","LOA: Mnd L(1M) MdL FGM-sulcus(mm)","Loss of Attachment: Lower left 1st molar (1M) mid- lingual - FGM to sulcus base (pocket depth) (mm)","Both males and females 30 YEARS - 150 YEARS",NA,"Code.or.Value=[""0 to 7"", ""99"", "".""]; Value.Description=[""Range of Values"", ""Cannot be assessed"", ""Missing""]; Count=[""2083"", ""1646"", ""636""]; Cumulative=[""2083"", ""3729"", ""4365""]; Skip.to.Item=[""NA"", ""NA"", ""NA""]"
"OHXPER_G","OHX19PCA","OHX19PCA","LOA: Mnd L(1M) ML FGM-sulcus(mm)","Loss of Attachment: Lower left 1st molar (1M) mesio- lingual - FGM to sulcus base (pocket depth) (mm)","Both males and females 30 YEARS - 150 YEARS",NA,"Code.or.Value=[""0 to 6"", ""99"", "".""]; Value.Description=[""Range of Values"", ""Cannot be assessed"", ""Missing""]; Count=[""2085"", ""1644"", ""636""]; Cumulative=[""2085"", ""3729"", ""4365""]; Skip.to.Item=[""NA"", ""NA"", ""NA""]"
"OHXPER_G","OHX19LAD","OHX19LAD","LOA: Mnd L(1M) DF calculated AL(mm)","Loss of Attachment: Lower left 1st molar (1M) distal - Calculation of : (FGM to CEJ measurement) - (FGM to sulcus base measurement) (mm)","Both males and females 30 YEARS - 150 YEARS",NA,"Code.or.Value=[""0 to 13"", ""99"", "".""]; Value.Description=[""Range of Values"", ""Cannot be assessed"", ""Missing""]; Count=[""2099"", ""1630"", ""636""]; Cumulative=[""2099"", ""3729"", ""4365""]; Skip.to.Item=[""NA"", ""NA"", ""NA""]"
"OHXPER_G","OHX19LAM","OHX19LAM","LOA: Mnd L(1M) MdF calculated AL(mm)","Loss of Attachment: Lower left 1st molar (1M) mid-facial - Calculation of: (FGM to sulcus base measurement) - (FGM to CEJ measurement) (mm)","Both males and females 30 YEARS - 150 YEARS",NA,"Code.or.Value=[""0 to 13"", ""99"", "".""]; Value.Description=[""Range of Values"", ""Cannot be assessed"", ""Missing""]; Count=[""2096"", ""1633"", ""636""]; Cumulative=[""2096"", ""3729"", ""4365""]; Skip.to.Item=[""NA"", ""NA"", ""NA""]"
"OHXPER_G","OHX19LAS","OHX19LAS","LOA: Mnd L(1M) MF calculated AL(mm)","Loss of Attachment: Lower left 1st molar (1M) mesio-facial - Calculation of: (FGM to sulcus base measurement) - (FGM to CEJ measurement) (mm)","Both males and females 30 YEARS - 150 YEARS",NA,"Code.or.Value=[""0 to 13"", ""99"", "".""]; Value.Description=[""Range of Values"", ""Cannot be assessed"", ""Missing""]; Count=[""2101"", ""1628"", ""636""]; Cumulative=[""2101"", ""3729"", ""4365""]; Skip.to.Item=[""NA"", ""NA"", ""NA""]"
"OHXPER_G","OHX19LAP","OHX19LAP","LOA: Mnd L(1M) DL calculated AL(mm)","Loss of Attachment: Lower left 1st molar (1M) distal - lingual - Calculation of: (FGM to CEJ measurement) - (FGM to sulcus base measurement) (mm)","Both males and females 30 YEARS - 150 YEARS",NA,"Code.or.Value=[""0 to 13"", ""99"", "".""]; Value.Description=[""Range of Values"", ""Cannot be assessed"", ""Missing""]; Count=[""2077"", ""1652"", ""636""]; Cumulative=[""2077"", ""3729"", ""4365""]; Skip.to.Item=[""NA"", ""NA"", ""NA""]"
"OHXPER_G","OHX19LAL","OHX19LAL","LOA: Mnd L(1M) MdL calculated AL(mm)","Loss of Attachment: Lower left 1st molar (1M) mid- lingual - Calculation of: (FGM to sulcus base measurement) - (FGM to CEJ measurement) (mm)","Both males and females 30 YEARS - 150 YEARS",NA,"Code.or.Value=[""0 to 13"", ""99"", "".""]; Value.Description=[""Range of Values"", ""Cannot be assessed"", ""Missing""]; Count=[""2083"", ""1646"", ""636""]; Cumulative=[""2083"", ""3729"", ""4365""]; Skip.to.Item=[""NA"", ""NA"", ""NA""]"
"OHXPER_G","OHX19LAA","OHX19LAA","LOA: Mnd L(1M) ML calculated AL(mm)","Loss of Attachment: Lower left 1st molar (1M) mesio-lingual - Calculation of: (FGM to sulcus base measurement) - (FGM to CEJ measurement) (mm)","Both males and females 30 YEARS - 150 YEARS",NA,"Code.or.Value=[""0 to 13"", ""99"", "".""]; Value.Description=[""Range of Values"", ""Cannot be assessed"", ""Missing""]; Count=[""2085"", ""1644"", ""636""]; Cumulative=[""2085"", ""3729"", ""4365""]; Skip.to.Item=[""NA"", ""NA"", ""NA""]"
"OHXPER_G","OHX20CJD","OHX20CJD","LOA: Mnd L(2B) DF FGM-CEJ(mm)","Loss of Attachment: Lower left 2nd bicuspid/2nd primary molar (2B) distal - FGM to CEJ measurement (mm)","Both males and females 30 YEARS - 150 YEARS",NA,"Code.or.Value=[""-10 to 2"", ""99"", "".""]; Value.Description=[""Range of Values"", ""Cannot be assessed"", ""Missing""]; Count=[""2773"", ""939"", ""653""]; Cumulative=[""2773"", ""3712"", ""4365""]; Skip.to.Item=[""NA"", ""NA"", ""NA""]"
"OHXPER_G","OHX20CJM","OHX20CJM","LOA: Mnd L(2B) MdF FGM-CEJ(mm)","Loss of Attachment: Lower left 2nd bicuspid/2nd primary molar (2B) mid-facial - FGM to CEJ measurement (mm)","Both males and females 30 YEARS - 150 YEARS",NA,"Code.or.Value=[""-11 to 1"", ""99"", "".""]; Value.Description=[""Range of Values"", ""Cannot be assessed"", ""Missing""]; Count=[""2771"", ""941"", ""653""]; Cumulative=[""2771"", ""3712"", ""4365""]; Skip.to.Item=[""NA"", ""NA"", ""NA""]"
"OHXPER_G","OHX20CJS","OHX20CJS","LOA: Mnd L(2B) MF FGM-CEJ(mm)","Loss of Attachment: Lower left 2nd bicuspid/2nd primary molar (2B) mesio-facial - FGM to CEJ measurement (mm)","Both males and females 30 YEARS - 150 YEARS",NA,"Code.or.Value=[""-11 to 2"", ""99"", "".""]; Value.Description=[""Range of Values"", ""Cannot be assessed"", ""Missing""]; Count=[""2743"", ""969"", ""653""]; Cumulative=[""2743"", ""3712"", ""4365""]; Skip.to.Item=[""NA"", ""NA"", ""NA""]"
"OHXPER_G","OHX20CJP","OHX20CJP","LOA: Mnd L(2B) DL FGM-CEJ(mm)","Loss of Attachment: Lower left 2nd bicuspid/2nd primary molar (2B) distal - lingual - FGM to CEJ measurement (mm)","Both males and females 30 YEARS - 150 YEARS",NA,"Code.or.Value=[""-10 to 2"", ""99"", "".""]; Value.Description=[""Range of Values"", ""Cannot be assessed"", ""Missing""]; Count=[""2720"", ""991"", ""654""]; Cumulative=[""2720"", ""3711"", ""4365""]; Skip.to.Item=[""NA"", ""NA"", ""NA""]"
"OHXPER_G","OHX20CJL","OHX20CJL","LOA: Mnd L(2B) MdL FGM-CEJ(mm)","Loss of Attachment: Lower left 2nd bicuspid/2nd primary molar (2B) mid- lingual - FGM to CEJ measurement (mm)","Both males and females 30 YEARS - 150 YEARS",NA,"Code.or.Value=[""-11 to 1"", ""99"", "".""]; Value.Description=[""Range of Values"", ""Cannot be assessed"", ""Missing""]; Count=[""2746"", ""965"", ""654""]; Cumulative=[""2746"", ""3711"", ""4365""]; Skip.to.Item=[""NA"", ""NA"", ""NA""]"
"OHXPER_G","OHX20CJA","OHX20CJA","LOA: Mnd L(2B) ML FGM-CEJ(mm)","Loss of Attachment: Lower left 2nd bicuspid/2nd primary molar (2B) mesio- lingual - FGM to CEJ measurement (mm)","Both males and females 30 YEARS - 150 YEARS",NA,"Code.or.Value=[""-11 to 2"", ""99"", "".""]; Value.Description=[""Range of Values"", ""Cannot be assessed"", ""Missing""]; Count=[""2739"", ""972"", ""654""]; Cumulative=[""2739"", ""3711"", ""4365""]; Skip.to.Item=[""NA"", ""NA"", ""NA""]"
"OHXPER_G","OHX20PCD","OHX20PCD","LOA: Mnd L(2B) DF FGM-sulcus(mm)","Loss of Attachment: Lower left 2nd bicuspid/2nd primary molar (2B) distal - FGM to sulcus base (pocket depth) (mm)","Both males and females 30 YEARS - 150 YEARS",NA,"Code.or.Value=[""0 to 10"", ""99"", "".""]; Value.Description=[""Range of Values"", ""Cannot be assessed"", ""Missing""]; Count=[""2773"", ""939"", ""653""]; Cumulative=[""2773"", ""3712"", ""4365""]; Skip.to.Item=[""NA"", ""NA"", ""NA""]"
"OHXPER_G","OHX20PCM","OHX20PCM","LOA: Mnd L(2B) MdF FGM-sulcus(mm)","Loss of Attachment: Lower left 2nd bicuspid/2nd primary molar (2B) mid-facial - FGM to sulcus base (pocket depth) (mm)","Both males and females 30 YEARS - 150 YEARS",NA,"Code.or.Value=[""0 to 7"", ""99"", "".""]; Value.Description=[""Range of Values"", ""Cannot be assessed"", ""Missing""]; Count=[""2771"", ""941"", ""653""]; Cumulative=[""2771"", ""3712"", ""4365""]; Skip.to.Item=[""NA"", ""NA"", ""NA""]"
"OHXPER_G","OHX20PCS","OHX20PCS","LOA: Mnd L(2B) MF FGM-sulcus(mm)","Loss of Attachment: Lower left 2nd bicuspid/2nd primary molar (2B) mesio-facial - FGM to sulcus base (pocket depth) (mm)","Both males and females 30 YEARS - 150 YEARS",NA,"Code.or.Value=[""0 to 8"", ""99"", "".""]; Value.Description=[""Range of Values"", ""Cannot be assessed"", ""Missing""]; Count=[""2743"", ""969"", ""653""]; Cumulative=[""2743"", ""3712"", ""4365""]; Skip.to.Item=[""NA"", ""NA"", ""NA""]"
"OHXPER_G","OHX20PCP","OHX20PCP","LOA: Mnd L(2B) DL FGM-sulcus(mm)","Loss of Attachment: Lower left 2nd bicuspid/2nd primary molar (2B) distal - lingual - FGM to sulcus base (pocket depth) (mm)","Both males and females 30 YEARS - 150 YEARS",NA,"Code.or.Value=[""0 to 8"", ""99"", "".""]; Value.Description=[""Range of Values"", ""Cannot be assessed"", ""Missing""]; Count=[""2720"", ""991"", ""654""]; Cumulative=[""2720"", ""3711"", ""4365""]; Skip.to.Item=[""NA"", ""NA"", ""NA""]"
"OHXPER_G","OHX20PCL","OHX20PCL","LOA: Mnd L(2B) MdL FGM-sulcus(mm)","Loss of Attachment: Lower left 2nd bicuspid/2nd primary molar (2B) mid- lingual - FGM to sulcus base (pocket depth) (mm)","Both males and females 30 YEARS - 150 YEARS",NA,"Code.or.Value=[""0 to 7"", ""99"", "".""]; Value.Description=[""Range of Values"", ""Cannot be assessed"", ""Missing""]; Count=[""2746"", ""965"", ""654""]; Cumulative=[""2746"", ""3711"", ""4365""]; Skip.to.Item=[""NA"", ""NA"", ""NA""]"
"OHXPER_G","OHX20PCA","OHX20PCA","LOA: Mnd L(2B) ML FGM-sulcus(mm)","Loss of Attachment: Lower left 2nd bicuspid/2nd primary molar (2B) mesio- lingual - FGM to sulcus base (pocket depth) (mm)","Both males and females 30 YEARS - 150 YEARS",NA,"Code.or.Value=[""0 to 7"", ""99"", "".""]; Value.Description=[""Range of Values"", ""Cannot be assessed"", ""Missing""]; Count=[""2739"", ""972"", ""654""]; Cumulative=[""2739"", ""3711"", ""4365""]; Skip.to.Item=[""NA"", ""NA"", ""NA""]"
"OHXPER_G","OHX20LAD","OHX20LAD","LOA: Mnd L(2B) DF calculated AL(mm)","Loss of Attachment: Lower left 2nd bicuspid/2nd primary molar (2B) distal - Calculation of : (FGM to CEJ measurement) - (FGM to sulcus base measurement) (mm)","Both males and females 30 YEARS - 150 YEARS",NA,"Code.or.Value=[""0 to 13"", ""99"", "".""]; Value.Description=[""Range of Values"", ""Cannot be assessed"", ""Missing""]; Count=[""2773"", ""939"", ""653""]; Cumulative=[""2773"", ""3712"", ""4365""]; Skip.to.Item=[""NA"", ""NA"", ""NA""]"
"OHXPER_G","OHX20LAM","OHX20LAM","LOA: Mnd L(2B) MdF calculated AL(mm)","Loss of Attachment: Lower left 2nd bicuspid/2nd primary molar (2B) mid-facial - Calculation of : (FGM to sulcus base measurement) - (FGM to CEJ measurement) (mm)","Both males and females 30 YEARS - 150 YEARS",NA,"Code.or.Value=[""0 to 13"", ""99"", "".""]; Value.Description=[""Range of Values"", ""Cannot be assessed"", ""Missing""]; Count=[""2771"", ""941"", ""653""]; Cumulative=[""2771"", ""3712"", ""4365""]; Skip.to.Item=[""NA"", ""NA"", ""NA""]"
"OHXPER_G","OHX20LAS","OHX20LAS","LOA: Mnd L(2B) MF calculated AL(mm)","Loss of Attachment: Lower left 2nd bicuspid/2nd primary molar (2B) mesio-facial - Level of attachment calculation of : (FGM to sulcus base measurement) - (FGM to CEJ measurement) (mm)","Both males and females 30 YEARS - 150 YEARS",NA,"Code.or.Value=[""0 to 13"", ""99"", "".""]; Value.Description=[""Range of Values"", ""Cannot be assessed"", ""Missing""]; Count=[""2743"", ""969"", ""653""]; Cumulative=[""2743"", ""3712"", ""4365""]; Skip.to.Item=[""NA"", ""NA"", ""NA""]"
"OHXPER_G","OHX20LAP","OHX20LAP","LOA: Mnd L(2B) DL calculated AL(mm)","Loss of Attachment: Lower left 2nd bicuspid/2nd primary molar (2B) distal - lingual - Calculation of: (FGM to CEJ measurement) - (FGM to sulcus base measurement) (mm)","Both males and females 30 YEARS - 150 YEARS",NA,"Code.or.Value=[""0 to 13"", ""99"", "".""]; Value.Description=[""Range of Values"", ""Cannot be assessed"", ""Missing""]; Count=[""2720"", ""991"", ""654""]; Cumulative=[""2720"", ""3711"", ""4365""]; Skip.to.Item=[""NA"", ""NA"", ""NA""]"
"OHXPER_G","OHX20LAL","OHX20LAL","LOA: Mnd L(2B) MdL calculated AL(mm)","Loss of Attachment: Lower left 2nd bicuspid/2nd primary molar (2B) mid- lingual - Calculation of: (FGM to sulcus base measurement) - (FGM to CEJ measurement) (mm)","Both males and females 30 YEARS - 150 YEARS",NA,"Code.or.Value=[""0 to 13"", ""99"", "".""]; Value.Description=[""Range of Values"", ""Cannot be assessed"", ""Missing""]; Count=[""2746"", ""965"", ""654""]; Cumulative=[""2746"", ""3711"", ""4365""]; Skip.to.Item=[""NA"", ""NA"", ""NA""]"
"OHXPER_G","OHX20LAA","OHX20LAA","LOA: Mnd L(2B) ML calculated AL(mm)","Loss of Attachment: Lower left 2nd bicuspid/2nd primary molar (2B) mesio-lingual - Calculation of: (FGM to sulcus base measurement) - (FGM to CEJ measurement) (mm)","Both males and females 30 YEARS - 150 YEARS",NA,"Code.or.Value=[""0 to 13"", ""99"", "".""]; Value.Description=[""Range of Values"", ""Cannot be assessed"", ""Missing""]; Count=[""2739"", ""972"", ""654""]; Cumulative=[""2739"", ""3711"", ""4365""]; Skip.to.Item=[""NA"", ""NA"", ""NA""]"
"OHXPER_G","OHX21CJD","OHX21CJD","LOA: Mnd L(1B) DF FGM-CEJ(mm)","Loss of Attachment: Lower left 1st bicuspid/1st primary molar (1B) distal - FGM to CEJ measurement (mm)","Both males and females 30 YEARS - 150 YEARS",NA,"Code.or.Value=[""-10 to 2"", ""99"", "".""]; Value.Description=[""Range of Values"", ""Cannot be assessed"", ""Missing""]; Count=[""2895"", ""804"", ""666""]; Cumulative=[""2895"", ""3699"", ""4365""]; Skip.to.Item=[""NA"", ""NA"", ""NA""]"
"OHXPER_G","OHX21CJM","OHX21CJM","LOA: Mnd L(1B) MdF FGM-CEJ(mm)","Loss of Attachment: Lower left 1st bicuspid/1st primary molar (1B) mid-facial - FGM to CEJ measurement (mm)","Both males and females 30 YEARS - 150 YEARS",NA,"Code.or.Value=[""-11 to 1"", ""99"", "".""]; Value.Description=[""Range of Values"", ""Cannot be assessed"", ""Missing""]; Count=[""2888"", ""810"", ""667""]; Cumulative=[""2888"", ""3698"", ""4365""]; Skip.to.Item=[""NA"", ""NA"", ""NA""]"
"OHXPER_G","OHX21CJS","OHX21CJS","LOA: Mnd L(1B) MF FGM-CEJ(mm)","Loss of Attachment: Lower left 1st bicuspid/1st primary molar (1B) mesio-facial - FGM to CEJ measurement (mm)","Both males and females 30 YEARS - 150 YEARS",NA,"Code.or.Value=[""-10 to 2"", ""99"", "".""]; Value.Description=[""Range of Values"", ""Cannot be assessed"", ""Missing""]; Count=[""2883"", ""815"", ""667""]; Cumulative=[""2883"", ""3698"", ""4365""]; Skip.to.Item=[""NA"", ""NA"", ""NA""]"
"OHXPER_G","OHX21CJP","OHX21CJP","LOA: Mnd L(1B) DL FGM-CEJ(mm)","Loss of Attachment: Lower left 1st bicuspid/1st primary molar (1B) distal - lingual - FGM to CEJ measurement (mm)","Both males and females 30 YEARS - 150 YEARS",NA,"Code.or.Value=[""-10 to 2"", ""99"", "".""]; Value.Description=[""Range of Values"", ""Cannot be assessed"", ""Missing""]; Count=[""2805"", ""893"", ""667""]; Cumulative=[""2805"", ""3698"", ""4365""]; Skip.to.Item=[""NA"", ""NA"", ""NA""]"
"OHXPER_G","OHX21CJL","OHX21CJL","LOA: Mnd L(1B) MdL FGM-CEJ(mm)","Loss of Attachment: Lower left 1st bicuspid/1st primary molar (1B) mid- lingual - FGM to CEJ measurement (mm)","Both males and females 30 YEARS - 150 YEARS",NA,"Code.or.Value=[""-10 to 1"", ""99"", "".""]; Value.Description=[""Range of Values"", ""Cannot be assessed"", ""Missing""]; Count=[""2830"", ""868"", ""667""]; Cumulative=[""2830"", ""3698"", ""4365""]; Skip.to.Item=[""NA"", ""NA"", ""NA""]"
"OHXPER_G","OHX21CJA","OHX21CJA","LOA: Mnd L(1B) ML FGM-CEJ(mm)","Loss of Attachment: Lower left 1st bicuspid/1st primary molar (1B) mesio- lingual - FGM to CEJ measurement (mm)","Both males and females 30 YEARS - 150 YEARS",NA,"Code.or.Value=[""-8 to 1"", ""99"", "".""]; Value.Description=[""Range of Values"", ""Cannot be assessed"", ""Missing""]; Count=[""2778"", ""920"", ""667""]; Cumulative=[""2778"", ""3698"", ""4365""]; Skip.to.Item=[""NA"", ""NA"", ""NA""]"
"OHXPER_G","OHX21PCD","OHX21PCD","LOA: Mnd L(1B) DF FGM-sulcus(mm)","Loss of Attachment: Lower left 1st bicuspid/1st primary molar (1B) distal - FGM to sulcus base (pocket depth) (mm)","Both males and females 30 YEARS - 150 YEARS",NA,"Code.or.Value=[""0 to 8"", ""99"", "".""]; Value.Description=[""Range of Values"", ""Cannot be assessed"", ""Missing""]; Count=[""2895"", ""804"", ""666""]; Cumulative=[""2895"", ""3699"", ""4365""]; Skip.to.Item=[""NA"", ""NA"", ""NA""]"
"OHXPER_G","OHX21PCM","OHX21PCM","LOA: Mnd L(1B) MdF FGM-sulcus(mm)","Loss of Attachment: Lower left 1st bicuspid/1st primary molar (1B) mid-facial - FGM to sulcus base (pocket depth) (mm)","Both males and females 30 YEARS - 150 YEARS",NA,"Code.or.Value=[""0 to 6"", ""99"", "".""]; Value.Description=[""Range of Values"", ""Cannot be assessed"", ""Missing""]; Count=[""2888"", ""810"", ""667""]; Cumulative=[""2888"", ""3698"", ""4365""]; Skip.to.Item=[""NA"", ""NA"", ""NA""]"
"OHXPER_G","OHX21PCS","OHX21PCS","LOA: Mnd L(1B) MF FGM-sulcus(mm)","Loss of Attachment: Lower left 1st bicuspid/1st primary molar (1B) mesio-facial - FGM to sulcus base (pocket depth) (mm)","Both males and females 30 YEARS - 150 YEARS",NA,"Code.or.Value=[""0 to 6"", ""99"", "".""]; Value.Description=[""Range of Values"", ""Cannot be assessed"", ""Missing""]; Count=[""2883"", ""815"", ""667""]; Cumulative=[""2883"", ""3698"", ""4365""]; Skip.to.Item=[""NA"", ""NA"", ""NA""]"
"OHXPER_G","OHX21PCP","OHX21PCP","LOA: Mnd L(1B) DL FGM-sulcus(mm)","Loss of Attachment: Lower left 1st bicuspid/1st primary molar (1B) distal - lingual - FGM to sulcus base (pocket depth) (mm)","Both males and females 30 YEARS - 150 YEARS",NA,"Code.or.Value=[""0 to 7"", ""99"", "".""]; Value.Description=[""Range of Values"", ""Cannot be assessed"", ""Missing""]; Count=[""2805"", ""893"", ""667""]; Cumulative=[""2805"", ""3698"", ""4365""]; Skip.to.Item=[""NA"", ""NA"", ""NA""]"
"OHXPER_G","OHX21PCL","OHX21PCL","LOA: Mnd L(1B) MdL FGM-sulcus(mm)","Loss of Attachment: Lower left 1st bicuspid/1st primary molar (1B) mid- lingual - FGM to sulcus base (pocket depth) (mm)","Both males and females 30 YEARS - 150 YEARS",NA,"Code.or.Value=[""0 to 8"", ""99"", "".""]; Value.Description=[""Range of Values"", ""Cannot be assessed"", ""Missing""]; Count=[""2830"", ""868"", ""667""]; Cumulative=[""2830"", ""3698"", ""4365""]; Skip.to.Item=[""NA"", ""NA"", ""NA""]"
"OHXPER_G","OHX21PCA","OHX21PCA","LOA: Mnd L(1B) ML FGM-sulcus(mm)","Loss of Attachment: Lower left 1st bicuspid/1st primary molar (1B) mesio- lingual - FGM to sulcus base (pocket depth) (mm)","Both males and females 30 YEARS - 150 YEARS",NA,"Code.or.Value=[""0 to 7"", ""99"", "".""]; Value.Description=[""Range of Values"", ""Cannot be assessed"", ""Missing""]; Count=[""2778"", ""920"", ""667""]; Cumulative=[""2778"", ""3698"", ""4365""]; Skip.to.Item=[""NA"", ""NA"", ""NA""]"
"OHXPER_G","OHX21LAD","OHX21LAD","LOA: Mnd L(1B) DF calculated AL(mm)","Loss of Attachment: Lower left 1st bicuspid/1st primary molar (1B) distal - Calculation of : (FGM to CEJ measurement) - (FGM to sulcus base measurement) (mm)","Both males and females 30 YEARS - 150 YEARS",NA,"Code.or.Value=[""0 to 13"", ""99"", "".""]; Value.Description=[""Range of Values"", ""Cannot be assessed"", ""Missing""]; Count=[""2895"", ""804"", ""666""]; Cumulative=[""2895"", ""3699"", ""4365""]; Skip.to.Item=[""NA"", ""NA"", ""NA""]"
"OHXPER_G","OHX21LAM","OHX21LAM","LOA: Mnd L(1B) MdF calculated AL(mm)","Loss of Attachment: Lower left 1st bicuspid/1st primary molar (1B) mid-facial - Calculation of : (FGM to sulcus base measurement) - (FGM to CEJ measurement) (mm)","Both males and females 30 YEARS - 150 YEARS",NA,"Code.or.Value=[""0 to 13"", ""99"", "".""]; Value.Description=[""Range of Values"", ""Cannot be assessed"", ""Missing""]; Count=[""2888"", ""810"", ""667""]; Cumulative=[""2888"", ""3698"", ""4365""]; Skip.to.Item=[""NA"", ""NA"", ""NA""]"
"OHXPER_G","OHX21LAS","OHX21LAS","LOA: Mnd L(1B) MF calculated AL(mm)","Loss of Attachment: Lower left 1st bicuspid/1st primary molar (1B) mesio-facial - Calculation of : (FGM to sulcus base measurement) - (FGM to CEJ measurement) (mm)","Both males and females 30 YEARS - 150 YEARS",NA,"Code.or.Value=[""0 to 13"", ""99"", "".""]; Value.Description=[""Range of Values"", ""Cannot be assessed"", ""Missing""]; Count=[""2883"", ""815"", ""667""]; Cumulative=[""2883"", ""3698"", ""4365""]; Skip.to.Item=[""NA"", ""NA"", ""NA""]"
"OHXPER_G","OHX21LAP","OHX21LAP","LOA: Mnd L(1B) DL calculated AL(mm)","Loss of Attachment: Lower left 1st bicuspid/1st primary molar (1B) distal - lingual - Calculation of: (FGM to CEJ measurement) - (FGM to sulcus base measurement) (mm)","Both males and females 30 YEARS - 150 YEARS",NA,"Code.or.Value=[""0 to 13"", ""99"", "".""]; Value.Description=[""Range of Values"", ""Cannot be assessed"", ""Missing""]; Count=[""2805"", ""893"", ""667""]; Cumulative=[""2805"", ""3698"", ""4365""]; Skip.to.Item=[""NA"", ""NA"", ""NA""]"
"OHXPER_G","OHX21LAL","OHX21LAL","LOA: Mnd L(1B) MdL calculated AL(mm)","Loss of Attachment: Lower left 1st bicuspid/1st primary molar (1B) mid- lingual - Calculation of: (FGM to sulcus base measurement) - (FGM to CEJ measurement) (mm)","Both males and females 30 YEARS - 150 YEARS",NA,"Code.or.Value=[""0 to 12"", ""99"", "".""]; Value.Description=[""Range of Values"", ""Cannot be assessed"", ""Missing""]; Count=[""2830"", ""868"", ""667""]; Cumulative=[""2830"", ""3698"", ""4365""]; Skip.to.Item=[""NA"", ""NA"", ""NA""]"
"OHXPER_G","OHX21LAA","OHX21LAA","LOA: Mnd L(1B) ML calculated AL(mm)","Loss of Attachment: Lower left 1st bicuspid/1st primary molar (1B) mesio-lingual - Calculation of: (FGM to sulcus base measurement) - (FGM to CEJ measurement) (mm)","Both males and females 30 YEARS - 150 YEARS",NA,"Code.or.Value=[""0 to 11"", ""99"", "".""]; Value.Description=[""Range of Values"", ""Cannot be assessed"", ""Missing""]; Count=[""2778"", ""920"", ""667""]; Cumulative=[""2778"", ""3698"", ""4365""]; Skip.to.Item=[""NA"", ""NA"", ""NA""]"
"OHXPER_G","OHX22CJD","OHX22CJD","LOA: Mnd L(C) DF FGM-CEJ(mm)","Loss of Attachment: Lower left cuspid (C) distal - FGM to CEJ measurement (mm)","Both males and females 30 YEARS - 150 YEARS",NA,"Code.or.Value=[""-11 to 2"", ""99"", "".""]; Value.Description=[""Range of Values"", ""Cannot be assessed"", ""Missing""]; Count=[""3190"", ""504"", ""671""]; Cumulative=[""3190"", ""3694"", ""4365""]; Skip.to.Item=[""NA"", ""NA"", ""NA""]"
"OHXPER_G","OHX22CJM","OHX22CJM","LOA: Mnd L(C) MdF FGM-CEJ(mm)","Loss of Attachment: Lower left cuspid (C) mid-facial - FGM to CEJ measurement (mm)","Both males and females 30 YEARS - 150 YEARS",NA,"Code.or.Value=[""-11 to 1"", ""99"", "".""]; Value.Description=[""Range of Values"", ""Cannot be assessed"", ""Missing""]; Count=[""3188"", ""506"", ""671""]; Cumulative=[""3188"", ""3694"", ""4365""]; Skip.to.Item=[""NA"", ""NA"", ""NA""]"
"OHXPER_G","OHX22CJS","OHX22CJS","LOA: Mnd L(C) MF FGM-CEJ(mm)","Loss of Attachment: Lower left cuspid (C) mesio-facial - FGM to CEJ measurement (mm)","Both males and females 30 YEARS - 150 YEARS",NA,"Code.or.Value=[""-11 to 4"", ""99"", "".""]; Value.Description=[""Range of Values"", ""Cannot be assessed"", ""Missing""]; Count=[""3169"", ""525"", ""671""]; Cumulative=[""3169"", ""3694"", ""4365""]; Skip.to.Item=[""NA"", ""NA"", ""NA""]"
"OHXPER_G","OHX22CJP","OHX22CJP","LOA: Mnd L(C) DL FGM-CEJ(mm)","Loss of Attachment: Lower left cuspid (C) distal - lingual - FGM to CEJ measurement (mm)","Both males and females 30 YEARS - 150 YEARS",NA,"Code.or.Value=[""-10 to 2"", ""99"", "".""]; Value.Description=[""Range of Values"", ""Cannot be assessed"", ""Missing""]; Count=[""2987"", ""707"", ""671""]; Cumulative=[""2987"", ""3694"", ""4365""]; Skip.to.Item=[""NA"", ""NA"", ""NA""]"
"OHXPER_G","OHX22CJL","OHX22CJL","LOA: Mnd L(C) MdL FGM-CEJ(mm)","Loss of Attachment: Lower left cuspid (C) mid- lingual - FGM to CEJ measurement (mm)","Both males and females 30 YEARS - 150 YEARS",NA,"Code.or.Value=[""-10 to 1"", ""99"", "".""]; Value.Description=[""Range of Values"", ""Cannot be assessed"", ""Missing""]; Count=[""2987"", ""707"", ""671""]; Cumulative=[""2987"", ""3694"", ""4365""]; Skip.to.Item=[""NA"", ""NA"", ""NA""]"
"OHXPER_G","OHX22CJA","OHX22CJA","LOA: Mnd L(C) ML FGM-CEJ(mm)","Loss of Attachment: Lower left cuspid (C) mesio- lingual - FGM to CEJ measurement (mm)","Both males and females 30 YEARS - 150 YEARS",NA,"Code.or.Value=[""-11 to 2"", ""99"", "".""]; Value.Description=[""Range of Values"", ""Cannot be assessed"", ""Missing""]; Count=[""2791"", ""903"", ""671""]; Cumulative=[""2791"", ""3694"", ""4365""]; Skip.to.Item=[""NA"", ""NA"", ""NA""]"
"OHXPER_G","OHX22PCD","OHX22PCD","LOA: Mnd L(C) DF FGM-sulcus(mm)","Loss of Attachment: Lower left cuspid (C) distal - FGM to sulcus base (pocket depth) (mm)","Both males and females 30 YEARS - 150 YEARS",NA,"Code.or.Value=[""0 to 8"", ""99"", "".""]; Value.Description=[""Range of Values"", ""Cannot be assessed"", ""Missing""]; Count=[""3190"", ""504"", ""671""]; Cumulative=[""3190"", ""3694"", ""4365""]; Skip.to.Item=[""NA"", ""NA"", ""NA""]"
"OHXPER_G","OHX22PCM","OHX22PCM","LOA: Mnd L(C) MdF FGM-sulcus(mm)","Loss of Attachment: Lower left cuspid (C) mid-facial - FGM to sulcus base (pocket depth) (mm)","Both males and females 30 YEARS - 150 YEARS",NA,"Code.or.Value=[""0 to 7"", ""99"", "".""]; Value.Description=[""Range of Values"", ""Cannot be assessed"", ""Missing""]; Count=[""3188"", ""506"", ""671""]; Cumulative=[""3188"", ""3694"", ""4365""]; Skip.to.Item=[""NA"", ""NA"", ""NA""]"
"OHXPER_G","OHX22PCS","OHX22PCS","LOA: Mnd L(C) MF FGM-sulcus(mm)","Loss of Attachment: Lower left cuspid (C) mesio-facial - FGM to sulcus base (pocket depth) (mm)","Both males and females 30 YEARS - 150 YEARS",NA,"Code.or.Value=[""."", ""0 to 8"", ""99""]; Value.Description=[""Missing"", ""Range of Values"", ""Cannot be assessed""]; Count=[""671"", ""3169"", ""525""]; Cumulative=[""4365"", ""3169"", ""3694""]; Skip.to.Item=[""NA"", ""NA"", ""NA""]"
"OHXPER_G","OHX22PCP","OHX22PCP","LOA: Mnd L(C) DL FGM-sulcus(mm)","Loss of Attachment: Lower left cuspid (C) distal - lingual - FGM to sulcus base (pocket depth) (mm)","Both males and females 30 YEARS - 150 YEARS",NA,"Code.or.Value=[""0 to 8"", ""99"", "".""]; Value.Description=[""Range of Values"", ""Cannot be assessed"", ""Missing""]; Count=[""2987"", ""707"", ""671""]; Cumulative=[""2987"", ""3694"", ""4365""]; Skip.to.Item=[""NA"", ""NA"", ""NA""]"
"OHXPER_G","OHX22PCL","OHX22PCL","LOA: Mnd L(C) MdL FGM-sulcus(mm)","Loss of Attachment: Lower left cuspid (C) mid- lingual - FGM to sulcus base (pocket depth) (mm)","Both males and females 30 YEARS - 150 YEARS",NA,"Code.or.Value=[""0 to 9"", ""99"", "".""]; Value.Description=[""Range of Values"", ""Cannot be assessed"", ""Missing""]; Count=[""2987"", ""707"", ""671""]; Cumulative=[""2987"", ""3694"", ""4365""]; Skip.to.Item=[""NA"", ""NA"", ""NA""]"
"OHXPER_G","OHX22PCA","OHX22PCA","LOA: Mnd L(C) ML FGM-sulcus(mm)","Loss of Attachment: Lower left cuspid (C) mesio- lingual - FGM to sulcus base (pocket depth) (mm)","Both males and females 30 YEARS - 150 YEARS",NA,"Code.or.Value=[""0 to 9"", ""99"", "".""]; Value.Description=[""Range of Values"", ""Cannot be assessed"", ""Missing""]; Count=[""2791"", ""903"", ""671""]; Cumulative=[""2791"", ""3694"", ""4365""]; Skip.to.Item=[""NA"", ""NA"", ""NA""]"
"OHXPER_G","OHX22LAD","OHX22LAD","LOA: Mnd L(C) DF calculated AL(mm)","Loss of Attachment: Lower left cuspid (C) distal - Calculation of : (FGM to CEJ measurement) - (FGM to sulcus base measurement) (mm)","Both males and females 30 YEARS - 150 YEARS",NA,"Code.or.Value=[""0 to 13"", ""99"", "".""]; Value.Description=[""Range of Values"", ""Cannot be assessed"", ""Missing""]; Count=[""3190"", ""504"", ""671""]; Cumulative=[""3190"", ""3694"", ""4365""]; Skip.to.Item=[""NA"", ""NA"", ""NA""]"
"OHXPER_G","OHX22LAM","OHX22LAM","LOA: Mnd L(C) MdF calculated AL(mm)","Loss of Attachment: Lower left cuspid (C) mid-facial - Level of attachment calculation of : (FGM to sulcus base measurement) - (FGM to CEJ measurement) (mm)","Both males and females 30 YEARS - 150 YEARS",NA,"Code.or.Value=[""0 to 14"", ""99"", "".""]; Value.Description=[""Range of Values"", ""Cannot be assessed"", ""Missing""]; Count=[""3188"", ""506"", ""671""]; Cumulative=[""3188"", ""3694"", ""4365""]; Skip.to.Item=[""NA"", ""NA"", ""NA""]"
"OHXPER_G","OHX22LAS","OHX22LAS","LOA: Mnd L(C) MF calculated AL(mm)","Loss of Attachment: Lower left cuspid (C) mesio-facial - Calculation of : (FGM to sulcus base measurement) - (FGM to CEJ measurement) (mm)","Both males and females 30 YEARS - 150 YEARS",NA,"Code.or.Value=[""0 to 13"", ""99"", "".""]; Value.Description=[""Range of Values"", ""Cannot be assessed"", ""Missing""]; Count=[""3169"", ""525"", ""671""]; Cumulative=[""3169"", ""3694"", ""4365""]; Skip.to.Item=[""NA"", ""NA"", ""NA""]"
"OHXPER_G","OHX22LAP","OHX22LAP","LOA: Mnd L(C) DL calculated AL(mm)","Loss of Attachment: Lower left cuspid (C) distal - lingual - Calculation of: (FGM to CEJ measurement) - (FGM to sulcus base measurement) (mm)","Both males and females 30 YEARS - 150 YEARS",NA,"Code.or.Value=[""0 to 13"", ""99"", "".""]; Value.Description=[""Range of Values"", ""Cannot be assessed"", ""Missing""]; Count=[""2987"", ""707"", ""671""]; Cumulative=[""2987"", ""3694"", ""4365""]; Skip.to.Item=[""NA"", ""NA"", ""NA""]"
"OHXPER_G","OHX22LAL","OHX22LAL","LOA: Mnd L(C) MdL calculated AL(mm)","Loss of Attachment: Lower left cuspid (C) mid- lingual - Calculation of: (FGM to sulcus base measurement) - (FGM to CEJ measurement) (mm)","Both males and females 30 YEARS - 150 YEARS",NA,"Code.or.Value=[""0 to 12"", ""99"", "".""]; Value.Description=[""Range of Values"", ""Cannot be assessed"", ""Missing""]; Count=[""2987"", ""707"", ""671""]; Cumulative=[""2987"", ""3694"", ""4365""]; Skip.to.Item=[""NA"", ""NA"", ""NA""]"
"OHXPER_G","OHX22LAA","OHX22LAA","LOA: Mnd L(C) ML calculated AL(mm)","Loss of Attachment: Lower left cuspid (C) mesio-lingual - Calculation of: (FGM to sulcus base measurement) - (FGM to CEJ measurement) (mm)","Both males and females 30 YEARS - 150 YEARS",NA,"Code.or.Value=[""0 to 13"", ""99"", "".""]; Value.Description=[""Range of Values"", ""Cannot be assessed"", ""Missing""]; Count=[""2791"", ""903"", ""671""]; Cumulative=[""2791"", ""3694"", ""4365""]; Skip.to.Item=[""NA"", ""NA"", ""NA""]"
"OHXPER_G","OHX23CJD","OHX23CJD","LOA: Mnd L(LI) DF FGM-CEJ(mm)","Loss of Attachment: Lower left lateral incisor (LI) distal - FGM to CEJ measurement (mm)","Both males and females 30 YEARS - 150 YEARS",NA,"Code.or.Value=[""-11 to 4"", ""99"", "".""]; Value.Description=[""Range of Values"", ""Cannot be assessed"", ""Missing""]; Count=[""3043"", ""652"", ""670""]; Cumulative=[""3043"", ""3695"", ""4365""]; Skip.to.Item=[""NA"", ""NA"", ""NA""]"
"OHXPER_G","OHX23CJM","OHX23CJM","LOA: Mnd L(LI) MdF FGM-CEJ(mm)","Loss of Attachment: Lower left lateral incisor (LI) mid-facial - FGM to CEJ measurement (mm)","Both males and females 30 YEARS - 150 YEARS",NA,"Code.or.Value=[""-11 to 3"", ""99"", "".""]; Value.Description=[""Range of Values"", ""Cannot be assessed"", ""Missing""]; Count=[""3055"", ""640"", ""670""]; Cumulative=[""3055"", ""3695"", ""4365""]; Skip.to.Item=[""NA"", ""NA"", ""NA""]"
"OHXPER_G","OHX23CJS","OHX23CJS","LOA: Mnd L(LI) MF FGM-CEJ(mm)","Loss of Attachment: Lower left lateral incisor (LI) mesio-facial - FGM to CEJ measurement (mm)","Both males and females 30 YEARS - 150 YEARS",NA,"Code.or.Value=[""-10 to 4"", ""99"", "".""]; Value.Description=[""Range of Values"", ""Cannot be assessed"", ""Missing""]; Count=[""3011"", ""684"", ""670""]; Cumulative=[""3011"", ""3695"", ""4365""]; Skip.to.Item=[""NA"", ""NA"", ""NA""]"
"OHXPER_G","OHX23CJP","OHX23CJP","LOA: Mnd L(LI) DL FGM-CEJ(mm)","Loss of Attachment: Lower left lateral incisor (LI) distal - lingual - FGM to CEJ measurement (mm)","Both males and females 30 YEARS - 150 YEARS",NA,"Code.or.Value=[""-8 to 2"", ""99"", "".""]; Value.Description=[""Range of Values"", ""Cannot be assessed"", ""Missing""]; Count=[""2662"", ""1033"", ""670""]; Cumulative=[""2662"", ""3695"", ""4365""]; Skip.to.Item=[""NA"", ""NA"", ""NA""]"
"OHXPER_G","OHX23CJL","OHX23CJL","LOA: Mnd L(LI) MdL FGM-CEJ(mm)","Loss of Attachment: Lower left lateral incisor (LI) mid- lingual - FGM to CEJ measurement (mm)","Both males and females 30 YEARS - 150 YEARS",NA,"Code.or.Value=[""-10 to 2"", ""99"", "".""]; Value.Description=[""Range of Values"", ""Cannot be assessed"", ""Missing""]; Count=[""2733"", ""962"", ""670""]; Cumulative=[""2733"", ""3695"", ""4365""]; Skip.to.Item=[""NA"", ""NA"", ""NA""]"
"OHXPER_G","OHX23CJA","OHX23CJA","LOA: Mnd L(LI) ML FGM-CEJ(mm)","Loss of Attachment: Lower left lateral incisor (LI) mesio- lingual - FGM to CEJ measurement (mm)","Both males and females 30 YEARS - 150 YEARS",NA,"Code.or.Value=[""-8 to 2"", ""99"", "".""]; Value.Description=[""Range of Values"", ""Cannot be assessed"", ""Missing""]; Count=[""2679"", ""1016"", ""670""]; Cumulative=[""2679"", ""3695"", ""4365""]; Skip.to.Item=[""NA"", ""NA"", ""NA""]"
"OHXPER_G","OHX23PCD","OHX23PCD","LOA: Mnd L(LI) DF FGM-sulcus(mm)","Loss of Attachment: Lower left lateral incisor (LI) distal - FGM to sulcus base (pocket depth) (mm)","Both males and females 30 YEARS - 150 YEARS",NA,"Code.or.Value=[""0 to 8"", ""99"", "".""]; Value.Description=[""Range of Values"", ""Cannot be assessed"", ""Missing""]; Count=[""3043"", ""652"", ""670""]; Cumulative=[""3043"", ""3695"", ""4365""]; Skip.to.Item=[""NA"", ""NA"", ""NA""]"
"OHXPER_G","OHX23PCM","OHX23PCM","LOA: Mnd L(LI) MdF FGM-sulcus(mm)","Loss of Attachment: Lower left lateral incisor (LI) mid-facial - FGM to sulcus base (pocket depth) (mm)","Both males and females 30 YEARS - 150 YEARS",NA,"Code.or.Value=[""0 to 7"", ""99"", "".""]; Value.Description=[""Range of Values"", ""Cannot be assessed"", ""Missing""]; Count=[""3055"", ""640"", ""670""]; Cumulative=[""3055"", ""3695"", ""4365""]; Skip.to.Item=[""NA"", ""NA"", ""NA""]"
"OHXPER_G","OHX23PCS","OHX23PCS","LOA: Mnd L(LI) MF FGM-sulcus(mm)","Loss of Attachment: Lower left lateral incisor (LI) mesio-facial - FGM to sulcus base (pocket depth) (mm)","Both males and females 30 YEARS - 150 YEARS",NA,"Code.or.Value=[""0 to 8"", ""99"", "".""]; Value.Description=[""Range of Values"", ""Cannot be assessed"", ""Missing""]; Count=[""3011"", ""684"", ""670""]; Cumulative=[""3011"", ""3695"", ""4365""]; Skip.to.Item=[""NA"", ""NA"", ""NA""]"
"OHXPER_G","OHX23PCP","OHX23PCP","LOA: Mnd L(LI) DL FGM-sulcus(mm)","Loss of Attachment: Lower left lateral incisor (LI) distal - lingual - FGM to sulcus base (pocket depth) (mm)","Both males and females 30 YEARS - 150 YEARS",NA,"Code.or.Value=[""0 to 6"", ""99"", "".""]; Value.Description=[""Range of Values"", ""Cannot be assessed"", ""Missing""]; Count=[""2662"", ""1033"", ""670""]; Cumulative=[""2662"", ""3695"", ""4365""]; Skip.to.Item=[""NA"", ""NA"", ""NA""]"
"OHXPER_G","OHX23PCL","OHX23PCL","LOA: Mnd L(LI) MdL FGM-sulcus(mm)","Loss of Attachment: Lower left lateral incisor (LI) mid- lingual - FGM to sulcus base (pocket depth) (mm)","Both males and females 30 YEARS - 150 YEARS",NA,"Code.or.Value=[""0 to 5"", ""99"", "".""]; Value.Description=[""Range of Values"", ""Cannot be assessed"", ""Missing""]; Count=[""2733"", ""962"", ""670""]; Cumulative=[""2733"", ""3695"", ""4365""]; Skip.to.Item=[""NA"", ""NA"", ""NA""]"
"OHXPER_G","OHX23PCA","OHX23PCA","LOA: Mnd L(LI) ML FGM-sulcus(mm)","Loss of Attachment: Lower left lateral incisor (LI) mesio- lingual - FGM to sulcus base (pocket depth) (mm)","Both males and females 30 YEARS - 150 YEARS",NA,"Code.or.Value=[""0 to 5"", ""99"", "".""]; Value.Description=[""Range of Values"", ""Cannot be assessed"", ""Missing""]; Count=[""2679"", ""1016"", ""670""]; Cumulative=[""2679"", ""3695"", ""4365""]; Skip.to.Item=[""NA"", ""NA"", ""NA""]"
"OHXPER_G","OHX23LAD","OHX23LAD","LOA: Mnd L(LI) DF calculated AL(mm)","Loss of Attachment: Lower left lateral incisor (LI) distal - Calculation of: (FGM to CEJ measurement) - (FGM to sulcus base measurement) (mm)","Both males and females 30 YEARS - 150 YEARS",NA,"Code.or.Value=[""0 to 13"", ""99"", "".""]; Value.Description=[""Range of Values"", ""Cannot be assessed"", ""Missing""]; Count=[""3043"", ""652"", ""670""]; Cumulative=[""3043"", ""3695"", ""4365""]; Skip.to.Item=[""NA"", ""NA"", ""NA""]"
"OHXPER_G","OHX23LAM","OHX23LAM","LOA: Mnd L(LI) MdF calculated AL(mm)","Loss of Attachment: Lower left lateral incisor (LI) mid-facial - Calculation of: (FGM to sulcus base measurement) - (FGM to CEJ measurement) (mm)","Both males and females 30 YEARS - 150 YEARS",NA,"Code.or.Value=[""0 to 12"", ""99"", "".""]; Value.Description=[""Range of Values"", ""Cannot be assessed"", ""Missing""]; Count=[""3055"", ""640"", ""670""]; Cumulative=[""3055"", ""3695"", ""4365""]; Skip.to.Item=[""NA"", ""NA"", ""NA""]"
"OHXPER_G","OHX23LAS","OHX23LAS","LOA: Mnd L(LI) MF calculated AL(mm)","Loss of Attachment: Lower left lateral incisor (LI) mesio-facial - Calculation of: (FGM to sulcus base measurement) - (FGM to CEJ measurement) (mm)","Both males and females 30 YEARS - 150 YEARS",NA,"Code.or.Value=[""0 to 13"", ""99"", "".""]; Value.Description=[""Range of Values"", ""Cannot be assessed"", ""Missing""]; Count=[""3011"", ""684"", ""670""]; Cumulative=[""3011"", ""3695"", ""4365""]; Skip.to.Item=[""NA"", ""NA"", ""NA""]"
"OHXPER_G","OHX23LAP","OHX23LAP","LOA: Mnd L(LI) DL calculated AL(mm)","Loss of Attachment: Lower left lateral incisor (LI) distal - lingual - Calculation of: (FGM to CEJ measurement) - (FGM to sulcus base measurement) (mm)","Both males and females 30 YEARS - 150 YEARS",NA,"Code.or.Value=[""0 to 11"", ""99"", "".""]; Value.Description=[""Range of Values"", ""Cannot be assessed"", ""Missing""]; Count=[""2662"", ""1033"", ""670""]; Cumulative=[""2662"", ""3695"", ""4365""]; Skip.to.Item=[""NA"", ""NA"", ""NA""]"
"OHXPER_G","OHX23LAL","OHX23LAL","LOA: Mnd L(LI) MdL calculated AL(mm)","Loss of Attachment: Lower left lateral incisor (LI) mid- lingual - Calculation of: (FGM to sulcus base measurement) - (FGM to CEJ measurement) (mm)","Both males and females 30 YEARS - 150 YEARS",NA,"Code.or.Value=[""0 to 12"", ""99"", "".""]; Value.Description=[""Range of Values"", ""Cannot be assessed"", ""Missing""]; Count=[""2733"", ""962"", ""670""]; Cumulative=[""2733"", ""3695"", ""4365""]; Skip.to.Item=[""NA"", ""NA"", ""NA""]"
"OHXPER_G","OHX23LAA","OHX23LAA","LOA: Mnd L(LI) ML calculated AL(mm)","Loss of Attachment: Lower left lateral incisor (LI) mesio-lingual - Calculation of: (FGM to sulcus base measurement) - (FGM to CEJ measurement) (mm)","Both males and females 30 YEARS - 150 YEARS",NA,"Code.or.Value=[""0 to 11"", ""99"", "".""]; Value.Description=[""Range of Values"", ""Cannot be assessed"", ""Missing""]; Count=[""2679"", ""1016"", ""670""]; Cumulative=[""2679"", ""3695"", ""4365""]; Skip.to.Item=[""NA"", ""NA"", ""NA""]"
"OHXPER_G","OHX24CJD","OHX24CJD","LOA: Mnd L(CI) DF FGM-CEJ(mm)","Loss of Attachment: Lower left central incisor (CI) distal - FGM to CEJ measurement (mm)","Both males and females 30 YEARS - 150 YEARS",NA,"Code.or.Value=[""-10 to 4"", ""99"", "".""]; Value.Description=[""Range of Values"", ""Cannot be assessed"", ""Missing""]; Count=[""2979"", ""719"", ""667""]; Cumulative=[""2979"", ""3698"", ""4365""]; Skip.to.Item=[""NA"", ""NA"", ""NA""]"
"OHXPER_G","OHX24CJM","OHX24CJM","LOA: Mnd L(CI) MdF FGM-CEJ(mm)","Loss of Attachment: Lower left central incisor (CI) mid-facial - FGM to CEJ measurement (mm)","Both males and females 30 YEARS - 150 YEARS",NA,"Code.or.Value=[""-11 to 3"", ""99"", "".""]; Value.Description=[""Range of Values"", ""Cannot be assessed"", ""Missing""]; Count=[""2976"", ""722"", ""667""]; Cumulative=[""2976"", ""3698"", ""4365""]; Skip.to.Item=[""NA"", ""NA"", ""NA""]"
"OHXPER_G","OHX24CJS","OHX24CJS","LOA: Mnd L(CI) MF FGM-CEJ(mm)","Loss of Attachment: Lower left central incisor (CI) mesio-facial - FGM to CEJ measurement (mm)","Both males and females 30 YEARS - 150 YEARS",NA,"Code.or.Value=[""-11 to 4"", ""99"", "".""]; Value.Description=[""Range of Values"", ""Cannot be assessed"", ""Missing""]; Count=[""2919"", ""779"", ""667""]; Cumulative=[""2919"", ""3698"", ""4365""]; Skip.to.Item=[""NA"", ""NA"", ""NA""]"
"OHXPER_G","OHX24CJP","OHX24CJP","LOA: Mnd L(CI) DL FGM-CEJ(mm)","Loss of Attachment: Lower left central incisor (CI) distal - lingual - FGM to CEJ measurement (mm)","Both males and females 30 YEARS - 150 YEARS",NA,"Code.or.Value=[""-6 to 2"", ""99"", "".""]; Value.Description=[""Range of Values"", ""Cannot be assessed"", ""Missing""]; Count=[""2500"", ""1198"", ""667""]; Cumulative=[""2500"", ""3698"", ""4365""]; Skip.to.Item=[""NA"", ""NA"", ""NA""]"
"OHXPER_G","OHX24CJL","OHX24CJL","LOA: Mnd L(CI) MdL FGM-CEJ(mm)","Loss of Attachment: Lower left central incisor (CI) mid- lingual - FGM to CEJ measurement (mm)","Both males and females 30 YEARS - 150 YEARS",NA,"Code.or.Value=[""-8 to 2"", ""99"", "".""]; Value.Description=[""Range of Values"", ""Cannot be assessed"", ""Missing""]; Count=[""2562"", ""1136"", ""667""]; Cumulative=[""2562"", ""3698"", ""4365""]; Skip.to.Item=[""NA"", ""NA"", ""NA""]"
"OHXPER_G","OHX24CJA","OHX24CJA","LOA: Mnd L(CI) ML FGM-CEJ(mm)","Loss of Attachment: Lower left central incisor (CI) mesio- lingual - FGM to CEJ measurement (mm)","Both males and females 30 YEARS - 150 YEARS",NA,"Code.or.Value=[""-8 to 2"", ""99"", "".""]; Value.Description=[""Range of Values"", ""Cannot be assessed"", ""Missing""]; Count=[""2521"", ""1177"", ""667""]; Cumulative=[""2521"", ""3698"", ""4365""]; Skip.to.Item=[""NA"", ""NA"", ""NA""]"
"OHXPER_G","OHX24PCD","OHX24PCD","LOA: Mnd L(CI) DF FGM-sulcus(mm)","Loss of Attachment: Lower left central incisor (CI) distal - FGM to sulcus base (pocket depth) (mm)","Both males and females 30 YEARS - 150 YEARS",NA,"Code.or.Value=[""0 to 8"", ""99"", "".""]; Value.Description=[""Range of Values"", ""Cannot be assessed"", ""Missing""]; Count=[""2979"", ""719"", ""667""]; Cumulative=[""2979"", ""3698"", ""4365""]; Skip.to.Item=[""NA"", ""NA"", ""NA""]"
"OHXPER_G","OHX24PCM","OHX24PCM","LOA: Mnd L(CI) MdF FGM-sulcus(mm)","Loss of Attachment: Lower left central incisor (CI) mid-facial - FGM to sulcus base (pocket depth) (mm)","Both males and females 30 YEARS - 150 YEARS",NA,"Code.or.Value=[""0 to 7"", ""99"", "".""]; Value.Description=[""Range of Values"", ""Cannot be assessed"", ""Missing""]; Count=[""2976"", ""722"", ""667""]; Cumulative=[""2976"", ""3698"", ""4365""]; Skip.to.Item=[""NA"", ""NA"", ""NA""]"
"OHXPER_G","OHX24PCS","OHX24PCS","LOA: Mnd L(CI) MF FGM-sulcus(mm)","Loss of Attachment: Lower left central incisor (CI) mesio-facial - FGM to sulcus base (pocket depth) (mm)","Both males and females 30 YEARS - 150 YEARS",NA,"Code.or.Value=[""99"", ""."", ""0 to 6""]; Value.Description=[""Cannot be assessed"", ""Missing"", ""Range of Values""]; Count=[""779"", ""667"", ""2919""]; Cumulative=[""3698"", ""4365"", ""2919""]; Skip.to.Item=[""NA"", ""NA"", ""NA""]"
"OHXPER_G","OHX24PCP","OHX24PCP","LOA: Mnd L(CI) DL FGM-sulcus(mm)","Loss of Attachment: Lower left central incisor (CI) distal - lingual - FGM to sulcus base (pocket depth) (mm)","Both males and females 30 YEARS - 150 YEARS",NA,"Code.or.Value=[""0 to 8"", ""99"", "".""]; Value.Description=[""Range of Values"", ""Cannot be assessed"", ""Missing""]; Count=[""2500"", ""1198"", ""667""]; Cumulative=[""2500"", ""3698"", ""4365""]; Skip.to.Item=[""NA"", ""NA"", ""NA""]"
"OHXPER_G","OHX24PCL","OHX24PCL","LOA: Mnd L(CI) MdL FGM-sulcus(mm)","Loss of Attachment: Lower left central incisor (CI) mid- lingual - FGM to sulcus base (pocket depth) (mm)","Both males and females 30 YEARS - 150 YEARS",NA,"Code.or.Value=[""0 to 6"", ""99"", "".""]; Value.Description=[""Range of Values"", ""Cannot be assessed"", ""Missing""]; Count=[""2562"", ""1136"", ""667""]; Cumulative=[""2562"", ""3698"", ""4365""]; Skip.to.Item=[""NA"", ""NA"", ""NA""]"
"OHXPER_G","OHX24PCA","OHX24PCA","LOA: Mnd L(CI) ML FGM-sulcus(mm)","Loss of Attachment: Lower left central incisor (CI) mesio- lingual - FGM to sulcus base (pocket depth) (mm)","Both males and females 30 YEARS - 150 YEARS",NA,"Code.or.Value=[""0 to 6"", ""99"", "".""]; Value.Description=[""Range of Values"", ""Cannot be assessed"", ""Missing""]; Count=[""2521"", ""1177"", ""667""]; Cumulative=[""2521"", ""3698"", ""4365""]; Skip.to.Item=[""NA"", ""NA"", ""NA""]"
"OHXPER_G","OHX24LAD","OHX24LAD","LOA: Mnd L(CI) DF calculated AL(mm)","Loss of Attachment: Lower left central incisor (CI) distal - Calculation of : (FGM to CEJ measurement) - (FGM to sulcus base measurement) (mm)","Both males and females 30 YEARS - 150 YEARS",NA,"Code.or.Value=[""0 to 12"", ""99"", "".""]; Value.Description=[""Range of Values"", ""Cannot be assessed"", ""Missing""]; Count=[""2979"", ""719"", ""667""]; Cumulative=[""2979"", ""3698"", ""4365""]; Skip.to.Item=[""NA"", ""NA"", ""NA""]"
"OHXPER_G","OHX24LAM","OHX24LAM","LOA: Mnd L(CI) MdF calculated AL(mm)","Loss of Attachment: Lower left central incisor (CI) mid-facial - Calculation of: (FGM to sulcus base measurement) - (FGM to CEJ measurement) (mm)","Both males and females 30 YEARS - 150 YEARS",NA,"Code.or.Value=[""0 to 13"", ""99"", "".""]; Value.Description=[""Range of Values"", ""Cannot be assessed"", ""Missing""]; Count=[""2976"", ""722"", ""667""]; Cumulative=[""2976"", ""3698"", ""4365""]; Skip.to.Item=[""NA"", ""NA"", ""NA""]"
"OHXPER_G","OHX24LAS","OHX24LAS","LOA: Mnd L(CI) MF calculated AL(mm)","Loss of Attachment: Lower left central incisor (CI) mesio-facial - Calculation of: (FGM to sulcus base measurement) - (FGM to CEJ measurement) (mm)","Both males and females 30 YEARS - 150 YEARS",NA,"Code.or.Value=[""0 to 13"", ""99"", "".""]; Value.Description=[""Range of Values"", ""Cannot be assessed"", ""Missing""]; Count=[""2919"", ""779"", ""667""]; Cumulative=[""2919"", ""3698"", ""4365""]; Skip.to.Item=[""NA"", ""NA"", ""NA""]"
"OHXPER_G","OHX24LAP","OHX24LAP","LOA: Mnd L(CI) DL calculated AL(mm)","Loss of Attachment: Lower left central incisor (CI) distal - lingual - Calculation of: (FGM to CEJ measurement) - (FGM to sulcus base measurement) (mm)","Both males and females 30 YEARS - 150 YEARS",NA,"Code.or.Value=[""0 to 10"", ""99"", "".""]; Value.Description=[""Range of Values"", ""Cannot be assessed"", ""Missing""]; Count=[""2500"", ""1198"", ""667""]; Cumulative=[""2500"", ""3698"", ""4365""]; Skip.to.Item=[""NA"", ""NA"", ""NA""]"
"OHXPER_G","OHX24LAL","OHX24LAL","LOA: Mnd L(CI) MdL calculated AL(mm)","Loss of Attachment: Lower left central incisor (CI) mid- lingual - Calculation of: (FGM to sulcus base measurement) - (FGM to CEJ measurement) (mm)","Both males and females 30 YEARS - 150 YEARS",NA,"Code.or.Value=[""0 to 11"", ""99"", "".""]; Value.Description=[""Range of Values"", ""Cannot be assessed"", ""Missing""]; Count=[""2562"", ""1136"", ""667""]; Cumulative=[""2562"", ""3698"", ""4365""]; Skip.to.Item=[""NA"", ""NA"", ""NA""]"
"OHXPER_G","OHX24LAA","OHX24LAA","LOA: Mnd L(CI) ML calculated AL(mm)","Loss of Attachment: Lower left central incisor (CI) mesio-lingual - Calculation of: (FGM to sulcus base measurement) - (FGM to CEJ measurement) (mm)","Both males and females 30 YEARS - 150 YEARS",NA,"Code.or.Value=[""0 to 11"", ""99"", "".""]; Value.Description=[""Range of Values"", ""Cannot be assessed"", ""Missing""]; Count=[""2521"", ""1177"", ""667""]; Cumulative=[""2521"", ""3698"", ""4365""]; Skip.to.Item=[""NA"", ""NA"", ""NA""]"
"OHXPER_G","OHX25CJD","OHX25CJD","LOA: Mnd R(CI) DF FGM-CEJ(mm)","Loss of Attachment: Lower right central incisor (CI) distal - FGM to CEJ measurement (mm)","Both males and females 30 YEARS - 150 YEARS",NA,"Code.or.Value=[""-8 to 3"", ""99"", "".""]; Value.Description=[""Range of Values"", ""Cannot be assessed"", ""Missing""]; Count=[""2951"", ""745"", ""669""]; Cumulative=[""2951"", ""3696"", ""4365""]; Skip.to.Item=[""NA"", ""NA"", ""NA""]"
"OHXPER_G","OHX25CJM","OHX25CJM","LOA: Mnd R(CI) MdF FGM-CEJ(mm)","Loss of Attachment: Lower right central incisor (CI) mid-facial - FGM to CEJ measurement (mm)","Both males and females 30 YEARS - 150 YEARS",NA,"Code.or.Value=[""-8 to 4"", ""99"", "".""]; Value.Description=[""Range of Values"", ""Cannot be assessed"", ""Missing""]; Count=[""2946"", ""750"", ""669""]; Cumulative=[""2946"", ""3696"", ""4365""]; Skip.to.Item=[""NA"", ""NA"", ""NA""]"
"OHXPER_G","OHX25CJS","OHX25CJS","LOA: Mnd R(CI) MF FGM-CEJ(mm)","Loss of Attachment: Lower right central incisor (CI) mesio-facial - FGM to CEJ measurement (mm)","Both males and females 30 YEARS - 150 YEARS",NA,"Code.or.Value=[""-8 to 4"", ""99"", "".""]; Value.Description=[""Range of Values"", ""Cannot be assessed"", ""Missing""]; Count=[""2895"", ""801"", ""669""]; Cumulative=[""2895"", ""3696"", ""4365""]; Skip.to.Item=[""NA"", ""NA"", ""NA""]"
"OHXPER_G","OHX25CJP","OHX25CJP","LOA: Mnd R(CI) DL FGM-CEJ(mm)","Loss of Attachment: Lower right central incisor (CI) distal - lingual - FGM to CEJ measurement (mm)","Both males and females 30 YEARS - 150 YEARS",NA,"Code.or.Value=[""-8 to 2"", ""99"", "".""]; Value.Description=[""Range of Values"", ""Cannot be assessed"", ""Missing""]; Count=[""2450"", ""1246"", ""669""]; Cumulative=[""2450"", ""3696"", ""4365""]; Skip.to.Item=[""NA"", ""NA"", ""NA""]"
"OHXPER_G","OHX25CJL","OHX25CJL","LOA: Mnd R(CI) MdL FGM-CEJ(mm)","Loss of Attachment: Lower right central incisor (CI) mid- lingual - FGM to CEJ measurement (mm)","Both males and females 30 YEARS - 150 YEARS",NA,"Code.or.Value=[""-6 to 2"", ""99"", "".""]; Value.Description=[""Range of Values"", ""Cannot be assessed"", ""Missing""]; Count=[""2536"", ""1160"", ""669""]; Cumulative=[""2536"", ""3696"", ""4365""]; Skip.to.Item=[""NA"", ""NA"", ""NA""]"
"OHXPER_G","OHX25CJA","OHX25CJA","LOA: Mnd R(CI) ML FGM-CEJ(mm)","Loss of Attachment: Lower right central incisor (CI) mesio- lingual - FGM to CEJ measurement (mm)","Both males and females 30 YEARS - 150 YEARS",NA,"Code.or.Value=[""-9 to 2"", ""99"", "".""]; Value.Description=[""Range of Values"", ""Cannot be assessed"", ""Missing""]; Count=[""2477"", ""1219"", ""669""]; Cumulative=[""2477"", ""3696"", ""4365""]; Skip.to.Item=[""NA"", ""NA"", ""NA""]"
"OHXPER_G","OHX25PCD","OHX25PCD","LOA: Mnd R(CI) DF FGM-sulcus(mm)","Loss of Attachment: Lower right central incisor (CI) distal - FGM to sulcus base (pocket depth) (mm)","Both males and females 30 YEARS - 150 YEARS",NA,"Code.or.Value=[""0 to 8"", ""99"", "".""]; Value.Description=[""Range of Values"", ""Cannot be assessed"", ""Missing""]; Count=[""2951"", ""745"", ""669""]; Cumulative=[""2951"", ""3696"", ""4365""]; Skip.to.Item=[""NA"", ""NA"", ""NA""]"
"OHXPER_G","OHX25PCM","OHX25PCM","LOA: Mnd R(CI) MdF FGM-sulcus(mm)","Loss of Attachment: Lower right central incisor (CI) mid-facial - FGM to sulcus base (pocket depth) (mm)","Both males and females 30 YEARS - 150 YEARS",NA,"Code.or.Value=[""0 to 9"", ""99"", "".""]; Value.Description=[""Range of Values"", ""Cannot be assessed"", ""Missing""]; Count=[""2946"", ""750"", ""669""]; Cumulative=[""2946"", ""3696"", ""4365""]; Skip.to.Item=[""NA"", ""NA"", ""NA""]"
"OHXPER_G","OHX25PCS","OHX25PCS","LOA: Mnd R(CI) MF FGM-sulcus(mm)","Loss of Attachment: Lower right central incisor (CI) mesio-facial - FGM to sulcus base (pocket depth) (mm)","Both males and females 30 YEARS - 150 YEARS",NA,"Code.or.Value=[""0 to 8"", ""99"", "".""]; Value.Description=[""Range of Values"", ""Cannot be assessed"", ""Missing""]; Count=[""2895"", ""801"", ""669""]; Cumulative=[""2895"", ""3696"", ""4365""]; Skip.to.Item=[""NA"", ""NA"", ""NA""]"
"OHXPER_G","OHX25PCP","OHX25PCP","LOA: Mnd R(CI) DL FGM-sulcus(mm)","Loss of Attachment: Lower right central incisor (CI) distal - lingual - FGM to sulcus base (pocket depth) (mm)","Both males and females 30 YEARS - 150 YEARS",NA,"Code.or.Value=[""0 to 5"", ""99"", "".""]; Value.Description=[""Range of Values"", ""Cannot be assessed"", ""Missing""]; Count=[""2450"", ""1246"", ""669""]; Cumulative=[""2450"", ""3696"", ""4365""]; Skip.to.Item=[""NA"", ""NA"", ""NA""]"
"OHXPER_G","OHX25PCL","OHX25PCL","LOA: Mnd R(CI) MdL FGM-sulcus(mm)","Loss of Attachment: Lower right central incisor (CI) mid- lingual - FGM to sulcus base (pocket depth) (mm)","Both males and females 30 YEARS - 150 YEARS",NA,"Code.or.Value=[""0 to 5"", ""99"", "".""]; Value.Description=[""Range of Values"", ""Cannot be assessed"", ""Missing""]; Count=[""2536"", ""1160"", ""669""]; Cumulative=[""2536"", ""3696"", ""4365""]; Skip.to.Item=[""NA"", ""NA"", ""NA""]"
"OHXPER_G","OHX25PCA","OHX25PCA","LOA: Mnd R(CI) ML FGM-sulcus(mm)","Loss of Attachment: Lower right central incisor (CI) mesio- lingual - FGM to sulcus base (pocket depth) (mm)","Both males and females 30 YEARS - 150 YEARS",NA,"Code.or.Value=[""0 to 6"", ""99"", "".""]; Value.Description=[""Range of Values"", ""Cannot be assessed"", ""Missing""]; Count=[""2477"", ""1219"", ""669""]; Cumulative=[""2477"", ""3696"", ""4365""]; Skip.to.Item=[""NA"", ""NA"", ""NA""]"
"OHXPER_G","OHX25LAD","OHX25LAD","LOA: Mnd R(CI) DF calculated AL(mm)","Loss of Attachment: Lower right central incisor (CI) distal - Calculation of : (FGM to CEJ measurement) - (FGM to sulcus base measurement) (mm)","Both males and females 30 YEARS - 150 YEARS",NA,"Code.or.Value=[""0 to 11"", ""99"", "".""]; Value.Description=[""Range of Values"", ""Cannot be assessed"", ""Missing""]; Count=[""2951"", ""745"", ""669""]; Cumulative=[""2951"", ""3696"", ""4365""]; Skip.to.Item=[""NA"", ""NA"", ""NA""]"
"OHXPER_G","OHX25LAM","OHX25LAM","LOA: Mnd R(CI) MdF calculated AL(mm)","Loss of Attachment: Lower right central incisor (CI) mid-facial - Calculation of : (FGM to sulcus base measurement) - (FGM to CEJ measurement) (mm)","Both males and females 30 YEARS - 150 YEARS",NA,"Code.or.Value=[""0 to 11"", ""99"", "".""]; Value.Description=[""Range of Values"", ""Cannot be assessed"", ""Missing""]; Count=[""2946"", ""750"", ""669""]; Cumulative=[""2946"", ""3696"", ""4365""]; Skip.to.Item=[""NA"", ""NA"", ""NA""]"
"OHXPER_G","OHX25LAS","OHX25LAS","LOA: Mnd R(CI) MF calculated AL(mm)","Loss of Attachment: Lower right central incisor (CI) mesio-facial - Calculation of : (FGM to sulcus base measurement) - (FGM to CEJ measurement) (mm)","Both males and females 30 YEARS - 150 YEARS",NA,"Code.or.Value=[""0 to 12"", ""99"", "".""]; Value.Description=[""Range of Values"", ""Cannot be assessed"", ""Missing""]; Count=[""2895"", ""801"", ""669""]; Cumulative=[""2895"", ""3696"", ""4365""]; Skip.to.Item=[""NA"", ""NA"", ""NA""]"
"OHXPER_G","OHX25LAP","OHX25LAP","LOA: Mnd R(CI) DL calculated AL(mm)","Loss of Attachment: Lower right central incisor (CI) distal - lingual - Calculation of: (FGM to CEJ measurement) - (FGM to sulcus base measurement) (mm)","Both males and females 30 YEARS - 150 YEARS",NA,"Code.or.Value=[""0 to 10"", ""99"", "".""]; Value.Description=[""Range of Values"", ""Cannot be assessed"", ""Missing""]; Count=[""2450"", ""1246"", ""669""]; Cumulative=[""2450"", ""3696"", ""4365""]; Skip.to.Item=[""NA"", ""NA"", ""NA""]"
"OHXPER_G","OHX25LAL","OHX25LAL","LOA: Mnd R(CI) MdL calculated AL(mm)","Loss of Attachment: Lower right central incisor (CI) mid- lingual - Calculation of: (FGM to sulcus base measurement) - (FGM to CEJ measurement) (mm)","Both males and females 30 YEARS - 150 YEARS",NA,"Code.or.Value=[""0 to 9"", ""99"", "".""]; Value.Description=[""Range of Values"", ""Cannot be assessed"", ""Missing""]; Count=[""2536"", ""1160"", ""669""]; Cumulative=[""2536"", ""3696"", ""4365""]; Skip.to.Item=[""NA"", ""NA"", ""NA""]"
"OHXPER_G","OHX25LAA","OHX25LAA","LOA: Mnd R(CI) ML calculated AL(mm)","Loss of Attachment: Lower right central incisor (CI) mesio-lingual - Calculation of: (FGM to sulcus base measurement) - (FGM to CEJ measurement) (mm)","Both males and females 30 YEARS - 150 YEARS",NA,"Code.or.Value=[""0 to 11"", ""99"", "".""]; Value.Description=[""Range of Values"", ""Cannot be assessed"", ""Missing""]; Count=[""2477"", ""1219"", ""669""]; Cumulative=[""2477"", ""3696"", ""4365""]; Skip.to.Item=[""NA"", ""NA"", ""NA""]"
"OHXPER_G","OHX26CJD","OHX26CJD","LOA: Mnd R(LI) DF FGM-CEJ(mm)","Loss of Attachment: Lower right lateral incisor (LI) distal - FGM to CEJ measurement (mm)","Both males and females 30 YEARS - 150 YEARS",NA,"Code.or.Value=[""-10 to 4"", ""99"", "".""]; Value.Description=[""Range of Values"", ""Cannot be assessed"", ""Missing""]; Count=[""3003"", ""691"", ""671""]; Cumulative=[""3003"", ""3694"", ""4365""]; Skip.to.Item=[""NA"", ""NA"", ""NA""]"
"OHXPER_G","OHX26CJM","OHX26CJM","LOA: Mnd R(LI) MdF FGM-CEJ(mm)","Loss of Attachment: Lower right lateral incisor (LI) mid-facial - FGM to sulcus base (pocket depth) (mm)","Both males and females 30 YEARS - 150 YEARS",NA,"Code.or.Value=[""-10 to 3"", ""99"", "".""]; Value.Description=[""Range of Values"", ""Cannot be assessed"", ""Missing""]; Count=[""3028"", ""666"", ""671""]; Cumulative=[""3028"", ""3694"", ""4365""]; Skip.to.Item=[""NA"", ""NA"", ""NA""]"
"OHXPER_G","OHX26CJS","OHX26CJS","LOA: Mnd R(LI) MF FGM-CEJ(mm)","Loss of Attachment: Lower right lateral incisor (LI) mesio-facial - FGM to CEJ measurement (mm)","Both males and females 30 YEARS - 150 YEARS",NA,"Code.or.Value=[""-10 to 3"", ""99"", "".""]; Value.Description=[""Range of Values"", ""Cannot be assessed"", ""Missing""]; Count=[""3004"", ""690"", ""671""]; Cumulative=[""3004"", ""3694"", ""4365""]; Skip.to.Item=[""NA"", ""NA"", ""NA""]"
"OHXPER_G","OHX26CJP","OHX26CJP","LOA: Mnd R(LI) DL FGM-CEJ(mm)","Loss of Attachment: Lower right lateral incisor (LI) distal - lingual - FGM to CEJ measurement (mm)","Both males and females 30 YEARS - 150 YEARS",NA,"Code.or.Value=[""-8 to 1"", ""99"", "".""]; Value.Description=[""Range of Values"", ""Cannot be assessed"", ""Missing""]; Count=[""2646"", ""1047"", ""672""]; Cumulative=[""2646"", ""3693"", ""4365""]; Skip.to.Item=[""NA"", ""NA"", ""NA""]"
"OHXPER_G","OHX26CJL","OHX26CJL","LOA: Mnd R(LI) MdL FGM-CEJ(mm)","Loss of Attachment: Lower right lateral incisor (LI) mid- lingual - FGM to CEJ measurement (mm)","Both males and females 30 YEARS - 150 YEARS",NA,"Code.or.Value=[""-8 to 1"", ""99"", "".""]; Value.Description=[""Range of Values"", ""Cannot be assessed"", ""Missing""]; Count=[""2709"", ""984"", ""672""]; Cumulative=[""2709"", ""3693"", ""4365""]; Skip.to.Item=[""NA"", ""NA"", ""NA""]"
"OHXPER_G","OHX26CJA","OHX26CJA","LOA: Mnd R(LI) ML FGM-CEJ(mm)","Loss of Attachment: Lower right lateral incisor (LI) mesio- lingual - FGM to CEJ measurement (mm)","Both males and females 30 YEARS - 150 YEARS",NA,"Code.or.Value=[""-10 to 1"", ""99"", "".""]; Value.Description=[""Range of Values"", ""Cannot be assessed"", ""Missing""]; Count=[""2637"", ""1056"", ""672""]; Cumulative=[""2637"", ""3693"", ""4365""]; Skip.to.Item=[""NA"", ""NA"", ""NA""]"
"OHXPER_G","OHX26PCD","OHX26PCD","LOA: Mnd R(LI) DF FGM-sulcus(mm)","Loss of Attachment: Lower right lateral incisor (LI) distal - FGM to sulcus base (pocket depth) (mm)","Both males and females 30 YEARS - 150 YEARS",NA,"Code.or.Value=[""0 to 10"", ""99"", "".""]; Value.Description=[""Range of Values"", ""Cannot be assessed"", ""Missing""]; Count=[""3003"", ""691"", ""671""]; Cumulative=[""3003"", ""3694"", ""4365""]; Skip.to.Item=[""NA"", ""NA"", ""NA""]"
"OHXPER_G","OHX26PCM","OHX26PCM","LOA: Mnd R(LI) MdF FGM-sulcus(mm)","Loss of Attachment: Lower right lateral incisor (LI) mid-facial - FGM to CEJ measurement (mm)","Both males and females 30 YEARS - 150 YEARS",NA,"Code.or.Value=[""0 to 8"", ""99"", "".""]; Value.Description=[""Range of Values"", ""Cannot be assessed"", ""Missing""]; Count=[""3028"", ""666"", ""671""]; Cumulative=[""3028"", ""3694"", ""4365""]; Skip.to.Item=[""NA"", ""NA"", ""NA""]"
"OHXPER_G","OHX26PCS","OHX26PCS","LOA: Mnd R(LI) MF FGM-sulcus(mm)","Loss of Attachment: Lower right lateral incisor (LI) mesio-facial - FGM to sulcus base (pocket depth) (mm)","Both males and females 30 YEARS - 150 YEARS",NA,"Code.or.Value=[""0 to 9"", ""99"", "".""]; Value.Description=[""Range of Values"", ""Cannot be assessed"", ""Missing""]; Count=[""3004"", ""690"", ""671""]; Cumulative=[""3004"", ""3694"", ""4365""]; Skip.to.Item=[""NA"", ""NA"", ""NA""]"
"OHXPER_G","OHX26PCP","OHX26PCP","LOA: Mnd R(LI) DL FGM-sulcus(mm)","Loss of Attachment: Lower right lateral incisor (LI) distal - lingual - FGM to sulcus base (pocket depth) (mm)","Both males and females 30 YEARS - 150 YEARS",NA,"Code.or.Value=[""0 to 8"", ""99"", "".""]; Value.Description=[""Range of Values"", ""Cannot be assessed"", ""Missing""]; Count=[""2646"", ""1047"", ""672""]; Cumulative=[""2646"", ""3693"", ""4365""]; Skip.to.Item=[""NA"", ""NA"", ""NA""]"
"OHXPER_G","OHX26PCL","OHX26PCL","LOA: Mnd R(LI) MdL FGM-sulcus(mm)","Loss of Attachment: Lower right lateral incisor (LI) mid- lingual - FGM to sulcus base (pocket depth) (mm)","Both males and females 30 YEARS - 150 YEARS",NA,"Code.or.Value=[""0 to 8"", ""99"", "".""]; Value.Description=[""Range of Values"", ""Cannot be assessed"", ""Missing""]; Count=[""2709"", ""984"", ""672""]; Cumulative=[""2709"", ""3693"", ""4365""]; Skip.to.Item=[""NA"", ""NA"", ""NA""]"
"OHXPER_G","OHX26PCA","OHX26PCA","LOA: Mnd R(LI) ML FGM-sulcus(mm)","Loss of Attachment: Lower right lateral incisor (LI) mesio- lingual - FGM to sulcus base (pocket depth) (mm)","Both males and females 30 YEARS - 150 YEARS",NA,"Code.or.Value=[""0 to 10"", ""99"", "".""]; Value.Description=[""Range of Values"", ""Cannot be assessed"", ""Missing""]; Count=[""2637"", ""1056"", ""672""]; Cumulative=[""2637"", ""3693"", ""4365""]; Skip.to.Item=[""NA"", ""NA"", ""NA""]"
"OHXPER_G","OHX26LAD","OHX26LAD","LOA: Mnd R(LI) DF calculated AL(mm)","Loss of Attachment: Lower right lateral incisor (LI) distal - Calculation of : (FGM to CEJ measurement) - (FGM to sulcus base measurement) (mm)","Both males and females 30 YEARS - 150 YEARS",NA,"Code.or.Value=[""0 to 12"", ""99"", "".""]; Value.Description=[""Range of Values"", ""Cannot be assessed"", ""Missing""]; Count=[""3003"", ""691"", ""671""]; Cumulative=[""3003"", ""3694"", ""4365""]; Skip.to.Item=[""NA"", ""NA"", ""NA""]"
"OHXPER_G","OHX26LAM","OHX26LAM","LOA: Mnd R(LI) MdF calculated AL(mm)","Loss of Attachment: Lower right lateral incisor (LI) mid-facial - Calculation of : (FGM to sulcus base measurement) - (FGM to CEJ measurement) (mm)","Both males and females 30 YEARS - 150 YEARS",NA,"Code.or.Value=[""0 to 12"", ""99"", "".""]; Value.Description=[""Range of Values"", ""Cannot be assessed"", ""Missing""]; Count=[""3028"", ""666"", ""671""]; Cumulative=[""3028"", ""3694"", ""4365""]; Skip.to.Item=[""NA"", ""NA"", ""NA""]"
"OHXPER_G","OHX26LAS","OHX26LAS","LOA: Mnd R(LI) MF calculated AL(mm)","Loss of Attachment: Lower right lateral incisor (LI) mesio-facial - Calculation of : (FGM to sulcus base measurement) - (FGM to CEJ measurement) (mm)","Both males and females 30 YEARS - 150 YEARS",NA,"Code.or.Value=[""0 to 12"", ""99"", "".""]; Value.Description=[""Range of Values"", ""Cannot be assessed"", ""Missing""]; Count=[""3004"", ""690"", ""671""]; Cumulative=[""3004"", ""3694"", ""4365""]; Skip.to.Item=[""NA"", ""NA"", ""NA""]"
"OHXPER_G","OHX26LAP","OHX26LAP","LOA: Mnd R(LI) DL calculated AL(mm)","Loss of Attachment: Lower right lateral incisor (LI) distal - lingual - Calculation of: (FGM to CEJ measurement) - (FGM to sulcus base measurement) (mm)","Both males and females 30 YEARS - 150 YEARS",NA,"Code.or.Value=[""0 to 13"", ""99"", "".""]; Value.Description=[""Range of Values"", ""Cannot be assessed"", ""Missing""]; Count=[""2646"", ""1047"", ""672""]; Cumulative=[""2646"", ""3693"", ""4365""]; Skip.to.Item=[""NA"", ""NA"", ""NA""]"
"OHXPER_G","OHX26LAL","OHX26LAL","LOA: Mnd R(LI) MdL calculated AL(mm)","Loss of Attachment: Lower right lateral incisor (LI) mid- lingual - Calculation of: (FGM to sulcus base measurement) - (FGM to CEJ measurement) (mm)","Both males and females 30 YEARS - 150 YEARS",NA,"Code.or.Value=[""0 to 13"", ""99"", "".""]; Value.Description=[""Range of Values"", ""Cannot be assessed"", ""Missing""]; Count=[""2709"", ""984"", ""672""]; Cumulative=[""2709"", ""3693"", ""4365""]; Skip.to.Item=[""NA"", ""NA"", ""NA""]"
"OHXPER_G","OHX26LAA","OHX26LAA","LOA: Mnd R(LI) ML calculated AL(mm)","Loss of Attachment: Lower right lateral incisor (LI) mesio-lingual - Calculation of: (FGM to sulcus base measurement) - (FGM to CEJ measurement) (mm)","Both males and females 30 YEARS - 150 YEARS",NA,"Code.or.Value=[""0 to 15"", ""99"", "".""]; Value.Description=[""Range of Values"", ""Cannot be assessed"", ""Missing""]; Count=[""2637"", ""1056"", ""672""]; Cumulative=[""2637"", ""3693"", ""4365""]; Skip.to.Item=[""NA"", ""NA"", ""NA""]"
"OHXPER_G","OHX27CJD","OHX27CJD","LOA: Mnd R(C) DF FGM-CEJ(mm)","Loss of Attachment: Lower right cuspid (C) distal - FGM to CEJ measurement (mm)","Both males and females 30 YEARS - 150 YEARS",NA,"Code.or.Value=[""-11 to 2"", ""99"", "".""]; Value.Description=[""Range of Values"", ""Cannot be assessed"", ""Missing""]; Count=[""3131"", ""562"", ""672""]; Cumulative=[""3131"", ""3693"", ""4365""]; Skip.to.Item=[""NA"", ""NA"", ""NA""]"
"OHXPER_G","OHX27CJM","OHX27CJM","LOA: Mnd R(C) MdF FGM-CEJ(mm)","Loss of Attachment: Lower right cuspid (C) mid-facial - FGM to CEJ measurement (mm)","Both males and females 30 YEARS - 150 YEARS",NA,"Code.or.Value=[""-11 to 2"", ""99"", "".""]; Value.Description=[""Range of Values"", ""Cannot be assessed"", ""Missing""]; Count=[""3167"", ""526"", ""672""]; Cumulative=[""3167"", ""3693"", ""4365""]; Skip.to.Item=[""NA"", ""NA"", ""NA""]"
"OHXPER_G","OHX27CJS","OHX27CJS","LOA: Mnd R(C) MF FGM-CEJ(mm)","Loss of Attachment: Lower right cuspid (C) mesio-facial - FGM to CEJ measurement (mm)","Both males and females 30 YEARS - 150 YEARS",NA,"Code.or.Value=[""-11 to 4"", ""99"", "".""]; Value.Description=[""Range of Values"", ""Cannot be assessed"", ""Missing""]; Count=[""3159"", ""534"", ""672""]; Cumulative=[""3159"", ""3693"", ""4365""]; Skip.to.Item=[""NA"", ""NA"", ""NA""]"
"OHXPER_G","OHX27CJP","OHX27CJP","LOA: Mnd R(C) DL FGM-CEJ(mm)","Loss of Attachment: Lower right cuspid (C) distal - lingual - FGM to CEJ measurement (mm)","Both males and females 30 YEARS - 150 YEARS",NA,"Code.or.Value=[""-11 to 2"", ""99"", "".""]; Value.Description=[""Range of Values"", ""Cannot be assessed"", ""Missing""]; Count=[""2991"", ""701"", ""673""]; Cumulative=[""2991"", ""3692"", ""4365""]; Skip.to.Item=[""NA"", ""NA"", ""NA""]"
"OHXPER_G","OHX27CJL","OHX27CJL","LOA: Mnd R(C) MdL FGM-CEJ(mm)","Loss of Attachment: Lower right cuspid (C) mid- lingual - FGM to CEJ measurement (mm)","Both males and females 30 YEARS - 150 YEARS",NA,"Code.or.Value=[""-11 to 1"", ""99"", "".""]; Value.Description=[""Range of Values"", ""Cannot be assessed"", ""Missing""]; Count=[""2995"", ""697"", ""673""]; Cumulative=[""2995"", ""3692"", ""4365""]; Skip.to.Item=[""NA"", ""NA"", ""NA""]"
"OHXPER_G","OHX27CJA","OHX27CJA","LOA: Mnd R(C) ML FGM-CEJ(mm)","Loss of Attachment: Lower right cuspid (C) mesio- lingual - FGM to CEJ measurement (mm)","Both males and females 30 YEARS - 150 YEARS",NA,"Code.or.Value=[""-12 to 1"", ""99"", "".""]; Value.Description=[""Range of Values"", ""Cannot be assessed"", ""Missing""]; Count=[""2764"", ""928"", ""673""]; Cumulative=[""2764"", ""3692"", ""4365""]; Skip.to.Item=[""NA"", ""NA"", ""NA""]"
"OHXPER_G","OHX27PCD","OHX27PCD","LOA: Mnd R(C) DF FGM-sulcus(mm)","Loss of Attachment: Lower right cuspid (C) distal - FGM to sulcus base (pocket depth) (mm)","Both males and females 30 YEARS - 150 YEARS",NA,"Code.or.Value=[""0 to 9"", ""99"", "".""]; Value.Description=[""Range of Values"", ""Cannot be assessed"", ""Missing""]; Count=[""3131"", ""562"", ""672""]; Cumulative=[""3131"", ""3693"", ""4365""]; Skip.to.Item=[""NA"", ""NA"", ""NA""]"
"OHXPER_G","OHX27PCM","OHX27PCM","LOA: Mnd R(C) MdF FGM-sulcus(mm)","Loss of Attachment: Lower right cuspid (C) mid-facial - FGM to sulcus base (pocket depth) (mm)","Both males and females 30 YEARS - 150 YEARS",NA,"Code.or.Value=[""0 to 7"", ""99"", "".""]; Value.Description=[""Range of Values"", ""Cannot be assessed"", ""Missing""]; Count=[""3167"", ""526"", ""672""]; Cumulative=[""3167"", ""3693"", ""4365""]; Skip.to.Item=[""NA"", ""NA"", ""NA""]"
"OHXPER_G","OHX27PCS","OHX27PCS","LOA: Mnd R(C) MF FGM-sulcus(mm)","Loss of Attachment: Lower right cuspid (C) mesio-facial - FGM to sulcus base (pocket depth) (mm)","Both males and females 30 YEARS - 150 YEARS",NA,"Code.or.Value=[""0 to 10"", ""99"", "".""]; Value.Description=[""Range of Values"", ""Cannot be assessed"", ""Missing""]; Count=[""3159"", ""534"", ""672""]; Cumulative=[""3159"", ""3693"", ""4365""]; Skip.to.Item=[""NA"", ""NA"", ""NA""]"
"OHXPER_G","OHX27PCP","OHX27PCP","LOA: Mnd R(C) DL FGM-sulcus(mm)","Loss of Attachment: Lower right cuspid (C) distal - lingual - FGM to sulcus base (pocket depth) (mm)","Both males and females 30 YEARS - 150 YEARS",NA,"Code.or.Value=[""0 to 9"", ""99"", "".""]; Value.Description=[""Range of Values"", ""Cannot be assessed"", ""Missing""]; Count=[""2991"", ""701"", ""673""]; Cumulative=[""2991"", ""3692"", ""4365""]; Skip.to.Item=[""NA"", ""NA"", ""NA""]"
"OHXPER_G","OHX27PCL","OHX27PCL","LOA: Mnd R(C) MdL FGM-sulcus(mm)","Loss of Attachment: Lower right lateral incisor (LI) mid- lingual - FGM to sulcus base (pocket depth) (mm)","Both males and females 30 YEARS - 150 YEARS",NA,"Code.or.Value=[""0 to 9"", ""99"", "".""]; Value.Description=[""Range of Values"", ""Cannot be assessed"", ""Missing""]; Count=[""2995"", ""697"", ""673""]; Cumulative=[""2995"", ""3692"", ""4365""]; Skip.to.Item=[""NA"", ""NA"", ""NA""]"
"OHXPER_G","OHX27PCA","OHX27PCA","LOA: Mnd R(C) ML FGM-sulcus(mm)","Loss of Attachment: Lower right cuspid (C) mesio- lingual - FGM to sulcus base (pocket depth) (mm)","Both males and females 30 YEARS - 150 YEARS",NA,"Code.or.Value=[""0 to 8"", ""99"", "".""]; Value.Description=[""Range of Values"", ""Cannot be assessed"", ""Missing""]; Count=[""2764"", ""928"", ""673""]; Cumulative=[""2764"", ""3692"", ""4365""]; Skip.to.Item=[""NA"", ""NA"", ""NA""]"
"OHXPER_G","OHX27LAD","OHX27LAD","LOA: Mnd R(C) DF calculated AL(mm)","Loss of Attachment: Lower right cuspid (C) distal - Calculation of : (FGM to CEJ measurement) - (FGM to sulcus base measurement) (mm)","Both males and females 30 YEARS - 150 YEARS",NA,"Code.or.Value=[""0 to 13"", ""99"", "".""]; Value.Description=[""Range of Values"", ""Cannot be assessed"", ""Missing""]; Count=[""3131"", ""562"", ""672""]; Cumulative=[""3131"", ""3693"", ""4365""]; Skip.to.Item=[""NA"", ""NA"", ""NA""]"
"OHXPER_G","OHX27LAM","OHX27LAM","LOA: Mnd R(C) MdF calculated AL(mm)","Loss of Attachment: Lower right cuspid (C) mid-facial - Calculation of : (FGM to sulcus base measurement) - (FGM to CEJ measurement) (mm)","Both males and females 30 YEARS - 150 YEARS",NA,"Code.or.Value=[""0 to 13"", ""99"", "".""]; Value.Description=[""Range of Values"", ""Cannot be assessed"", ""Missing""]; Count=[""3167"", ""526"", ""672""]; Cumulative=[""3167"", ""3693"", ""4365""]; Skip.to.Item=[""NA"", ""NA"", ""NA""]"
"OHXPER_G","OHX27LAS","OHX27LAS","LOA: Mnd R(C) MF calculated AL(mm)","Loss of Attachment: Lower right cuspid (C) mesio-facial - Calculation of : (FGM to sulcus base measurement) - (FGM to CEJ measurement) (mm)","Both males and females 30 YEARS - 150 YEARS",NA,"Code.or.Value=[""0 to 14"", ""99"", "".""]; Value.Description=[""Range of Values"", ""Cannot be assessed"", ""Missing""]; Count=[""3159"", ""534"", ""672""]; Cumulative=[""3159"", ""3693"", ""4365""]; Skip.to.Item=[""NA"", ""NA"", ""NA""]"
"OHXPER_G","OHX27LAP","OHX27LAP","LOA: Mnd R(C) DL calculated AL(mm)","Loss of Attachment: Lower right cuspid (C) distal - lingual - Calculation of: (FGM to CEJ measurement) - (FGM to sulcus base measurement) (mm)","Both males and females 30 YEARS - 150 YEARS",NA,"Code.or.Value=[""0 to 13"", ""99"", "".""]; Value.Description=[""Range of Values"", ""Cannot be assessed"", ""Missing""]; Count=[""2991"", ""701"", ""673""]; Cumulative=[""2991"", ""3692"", ""4365""]; Skip.to.Item=[""NA"", ""NA"", ""NA""]"
"OHXPER_G","OHX27LAL","OHX27LAL","LOA: Mnd R(C) MdL calculated AL(mm)","Loss of Attachment: Lower right cuspid (C) mid- lingual - Calculation of: (FGM to sulcus base measurement) - (FGM to CEJ measurement) (mm)","Both males and females 30 YEARS - 150 YEARS",NA,"Code.or.Value=[""0 to 12"", ""99"", "".""]; Value.Description=[""Range of Values"", ""Cannot be assessed"", ""Missing""]; Count=[""2995"", ""697"", ""673""]; Cumulative=[""2995"", ""3692"", ""4365""]; Skip.to.Item=[""NA"", ""NA"", ""NA""]"
"OHXPER_G","OHX27LAA","OHX27LAA","LOA: Mnd R(C) ML calculated AL(mm)","Loss of Attachment: Lower right cuspid (C) mesio-lingual - Calculation of: (FGM to sulcus base measurement) - (FGM to CEJ measurement) (mm)","Both males and females 30 YEARS - 150 YEARS",NA,"Code.or.Value=[""0 to 13"", ""99"", "".""]; Value.Description=[""Range of Values"", ""Cannot be assessed"", ""Missing""]; Count=[""2764"", ""928"", ""673""]; Cumulative=[""2764"", ""3692"", ""4365""]; Skip.to.Item=[""NA"", ""NA"", ""NA""]"
"OHXPER_G","OHX28CJD","OHX28CJD","LOA: Mnd R(1B) DF FGM-CEJ(mm)","Loss of Attachment: Lower right 1st bicuspid/1st primary molar (1B) distal - FGM to CEJ measurement (mm)","Both males and females 30 YEARS - 150 YEARS",NA,"Code.or.Value=[""-11 to 1"", ""99"", "".""]; Value.Description=[""Range of Values"", ""Cannot be assessed"", ""Missing""]; Count=[""2888"", ""813"", ""664""]; Cumulative=[""2888"", ""3701"", ""4365""]; Skip.to.Item=[""NA"", ""NA"", ""NA""]"
"OHXPER_G","OHX28CJM","OHX28CJM","LOA: Mnd R(1B) MdF FGM-CEJ(mm)","Loss of Attachment: Lower right 1st bicuspid/1st primary molar (1B) mid-facial - FGM to CEJ measurement (mm)","Both males and females 30 YEARS - 150 YEARS",NA,"Code.or.Value=[""-12 to 1"", ""99"", "".""]; Value.Description=[""Range of Values"", ""Cannot be assessed"", ""Missing""]; Count=[""2879"", ""822"", ""664""]; Cumulative=[""2879"", ""3701"", ""4365""]; Skip.to.Item=[""NA"", ""NA"", ""NA""]"
"OHXPER_G","OHX28CJS","OHX28CJS","LOA: Mnd R(1B) MF FGM-CEJ(mm)","Loss of Attachment: Lower right 1st bicuspid/1st primary molar (1B) mesio-facial - FGM to CEJ measurement (mm)","Both males and females 30 YEARS - 150 YEARS",NA,"Code.or.Value=[""-11 to 2"", ""99"", "".""]; Value.Description=[""Range of Values"", ""Cannot be assessed"", ""Missing""]; Count=[""2882"", ""819"", ""664""]; Cumulative=[""2882"", ""3701"", ""4365""]; Skip.to.Item=[""NA"", ""NA"", ""NA""]"
"OHXPER_G","OHX28CJP","OHX28CJP","LOA: Mnd R(1B) DL FGM-CEJ(mm)","Loss of Attachment: Lower right 1st bicuspid/1st primary molar (1B) distal - lingual - FGM to CEJ measurement (mm)","Both males and females 30 YEARS - 150 YEARS",NA,"Code.or.Value=[""-8 to 2"", ""99"", "".""]; Value.Description=[""Range of Values"", ""Cannot be assessed"", ""Missing""]; Count=[""2804"", ""896"", ""665""]; Cumulative=[""2804"", ""3700"", ""4365""]; Skip.to.Item=[""NA"", ""NA"", ""NA""]"
"OHXPER_G","OHX28CJL","OHX28CJL","LOA: Mnd R(1B) MdL FGM-CEJ(mm)","Loss of Attachment: Lower right 1st bicuspid/1st primary molar (1B) mid- lingual - FGM to CEJ measurement (mm)","Both males and females 30 YEARS - 150 YEARS",NA,"Code.or.Value=[""-8 to 1"", ""99"", "".""]; Value.Description=[""Range of Values"", ""Cannot be assessed"", ""Missing""]; Count=[""2818"", ""882"", ""665""]; Cumulative=[""2818"", ""3700"", ""4365""]; Skip.to.Item=[""NA"", ""NA"", ""NA""]"
"OHXPER_G","OHX28CJA","OHX28CJA","LOA: Mnd R(1B) ML FGM-CEJ(mm)","Loss of Attachment: Lower right 1st bicuspid/1st primary molar (1B) mesio- lingual - FGM to CEJ measurement (mm)","Both males and females 30 YEARS - 150 YEARS",NA,"Code.or.Value=[""-10 to 1"", ""99"", "".""]; Value.Description=[""Range of Values"", ""Cannot be assessed"", ""Missing""]; Count=[""2716"", ""984"", ""665""]; Cumulative=[""2716"", ""3700"", ""4365""]; Skip.to.Item=[""NA"", ""NA"", ""NA""]"
"OHXPER_G","OHX28PCD","OHX28PCD","LOA: Mnd R(1B) DF FGM-sulcus(mm)","Loss of Attachment: Lower right 1st bicuspid/1st primary molar (1B) distal - FGM to sulcus base (pocket depth) (mm)","Both males and females 30 YEARS - 150 YEARS",NA,"Code.or.Value=[""0 to 10"", ""99"", "".""]; Value.Description=[""Range of Values"", ""Cannot be assessed"", ""Missing""]; Count=[""2888"", ""813"", ""664""]; Cumulative=[""2888"", ""3701"", ""4365""]; Skip.to.Item=[""NA"", ""NA"", ""NA""]"
"OHXPER_G","OHX28PCM","OHX28PCM","LOA: Mnd R(1B) MdF FGM-sulcus(mm)","Loss of Attachment: Lower right 1st bicuspid/1st primary molar (1B) mid-facial - FGM to sulcus base (pocket depth) (mm)","Both males and females 30 YEARS - 150 YEARS",NA,"Code.or.Value=[""."", ""0 to 6"", ""99""]; Value.Description=[""Missing"", ""Range of Values"", ""Cannot be assessed""]; Count=[""664"", ""2879"", ""822""]; Cumulative=[""4365"", ""2879"", ""3701""]; Skip.to.Item=[""NA"", ""NA"", ""NA""]"
"OHXPER_G","OHX28PCS","OHX28PCS","LOA: Mnd R(1B) MF FGM-sulcus(mm)","Loss of Attachment: Lower right 1st bicuspid/1st primary molar (1B) mesio-facial - FGM to sulcus base (pocket depth) (mm)","Both males and females 30 YEARS - 150 YEARS",NA,"Code.or.Value=[""0 to 8"", ""99"", "".""]; Value.Description=[""Range of Values"", ""Cannot be assessed"", ""Missing""]; Count=[""2882"", ""819"", ""664""]; Cumulative=[""2882"", ""3701"", ""4365""]; Skip.to.Item=[""NA"", ""NA"", ""NA""]"
"OHXPER_G","OHX28PCP","OHX28PCP","LOA: Mnd R(1B) DL FGM-sulcus(mm)","Loss of Attachment: Lower right 1st bicuspid/1st primary molar (1B) distal - lingual - FGM to sulcus base (pocket depth) (mm)","Both males and females 30 YEARS - 150 YEARS",NA,"Code.or.Value=[""0 to 9"", ""99"", "".""]; Value.Description=[""Range of Values"", ""Cannot be assessed"", ""Missing""]; Count=[""2804"", ""896"", ""665""]; Cumulative=[""2804"", ""3700"", ""4365""]; Skip.to.Item=[""NA"", ""NA"", ""NA""]"
"OHXPER_G","OHX28PCL","OHX28PCL","LOA: Mnd R(1B) MdL FGM-sulcus(mm)","Loss of Attachment: Lower right 1st bicuspid/1st primary molar (1B) mid- lingual - FGM to sulcus base (pocket depth) (mm)","Both males and females 30 YEARS - 150 YEARS",NA,"Code.or.Value=[""0 to 8"", ""99"", "".""]; Value.Description=[""Range of Values"", ""Cannot be assessed"", ""Missing""]; Count=[""2818"", ""882"", ""665""]; Cumulative=[""2818"", ""3700"", ""4365""]; Skip.to.Item=[""NA"", ""NA"", ""NA""]"
"OHXPER_G","OHX28PCA","OHX28PCA","LOA: Mnd R(1B) ML FGM-sulcus(mm)","Loss of Attachment: Lower right 1st bicuspid/1st primary molar (1B) mesio- lingual - FGM to sulcus base (pocket depth) (mm)","Both males and females 30 YEARS - 150 YEARS",NA,"Code.or.Value=[""0 to 9"", ""99"", "".""]; Value.Description=[""Range of Values"", ""Cannot be assessed"", ""Missing""]; Count=[""2716"", ""984"", ""665""]; Cumulative=[""2716"", ""3700"", ""4365""]; Skip.to.Item=[""NA"", ""NA"", ""NA""]"
"OHXPER_G","OHX28LAD","OHX28LAD","LOA: Mnd R(1B) DF calculated AL(mm)","Loss of Attachment: Lower right 1st bicuspid/1st primary molar (1B) distal - Calculation of : (FGM to CEJ measurement) - (FGM to sulcus base measurement) (mm)","Both males and females 30 YEARS - 150 YEARS",NA,"Code.or.Value=[""0 to 13"", ""99"", "".""]; Value.Description=[""Range of Values"", ""Cannot be assessed"", ""Missing""]; Count=[""2888"", ""813"", ""664""]; Cumulative=[""2888"", ""3701"", ""4365""]; Skip.to.Item=[""NA"", ""NA"", ""NA""]"
"OHXPER_G","OHX28LAM","OHX28LAM","LOA: Mnd R(1B) MdF calculated AL(mm)","Loss of Attachment: Lower right 1st bicuspid/1st primary molar (1B) mid-facial - Calculation of : (FGM to sulcus base measurement) - (FGM to CEJ measurement) (mm)","Both males and females 30 YEARS - 150 YEARS",NA,"Code.or.Value=[""0 to 14"", ""99"", "".""]; Value.Description=[""Range of Values"", ""Cannot be assessed"", ""Missing""]; Count=[""2879"", ""822"", ""664""]; Cumulative=[""2879"", ""3701"", ""4365""]; Skip.to.Item=[""NA"", ""NA"", ""NA""]"
"OHXPER_G","OHX28LAS","OHX28LAS","LOA: Mnd R(1B) MF calculated AL(mm)","Loss of Attachment: Lower right 1st bicuspid/1st primary molar (1B) mesio-facial - Calculation of : (FGM to sulcus base measurement) - (FGM to CEJ measurement) (mm)","Both males and females 30 YEARS - 150 YEARS",NA,"Code.or.Value=[""0 to 13"", ""99"", "".""]; Value.Description=[""Range of Values"", ""Cannot be assessed"", ""Missing""]; Count=[""2882"", ""819"", ""664""]; Cumulative=[""2882"", ""3701"", ""4365""]; Skip.to.Item=[""NA"", ""NA"", ""NA""]"
"OHXPER_G","OHX28LAP","OHX28LAP","LOA: Mnd R(1B) DL calculated AL(mm)","Loss of Attachment: Lower right 1st bicuspid/1st primary molar (1B) distal - lingual - Calculation of: (FGM to CEJ measurement) - (FGM to sulcus base measurement) (mm)","Both males and females 30 YEARS - 150 YEARS",NA,"Code.or.Value=[""0 to 11"", ""99"", "".""]; Value.Description=[""Range of Values"", ""Cannot be assessed"", ""Missing""]; Count=[""2804"", ""896"", ""665""]; Cumulative=[""2804"", ""3700"", ""4365""]; Skip.to.Item=[""NA"", ""NA"", ""NA""]"
"OHXPER_G","OHX28LAL","OHX28LAL","LOA: Mnd R(1B) MdL calculated AL(mm)","Loss of Attachment: Lower right 1st bicuspid/1st primary molar (1B) mid- lingual - Calculation of: (FGM to sulcus base measurement) - (FGM to CEJ measurement) (mm)","Both males and females 30 YEARS - 150 YEARS",NA,"Code.or.Value=[""0 to 11"", ""99"", "".""]; Value.Description=[""Range of Values"", ""Cannot be assessed"", ""Missing""]; Count=[""2818"", ""882"", ""665""]; Cumulative=[""2818"", ""3700"", ""4365""]; Skip.to.Item=[""NA"", ""NA"", ""NA""]"
"OHXPER_G","OHX28LAA","OHX28LAA","LOA: Mnd R(1B) ML calculated AL(mm)","Loss of Attachment: Lower right 1st bicuspid/1st primary molar (1B) mesio-lingual - Calculation of: (FGM to sulcus base measurement) - (FGM to CEJ measurement) (mm)","Both males and females 30 YEARS - 150 YEARS",NA,"Code.or.Value=[""0 to 14"", ""99"", "".""]; Value.Description=[""Range of Values"", ""Cannot be assessed"", ""Missing""]; Count=[""2716"", ""984"", ""665""]; Cumulative=[""2716"", ""3700"", ""4365""]; Skip.to.Item=[""NA"", ""NA"", ""NA""]"
"OHXPER_G","OHX29CJD","OHX29CJD","LOA: Mnd R(2B) DF FGM-CEJ(mm)","Loss of Attachment: Lower right 2nd bicuspid/2nd primary molar (2B) distal - FGM to CEJ measurement (mm)","Both males and females 30 YEARS - 150 YEARS",NA,"Code.or.Value=[""-10 to 1"", ""99"", "".""]; Value.Description=[""Range of Values"", ""Cannot be assessed"", ""Missing""]; Count=[""2758"", ""949"", ""658""]; Cumulative=[""2758"", ""3707"", ""4365""]; Skip.to.Item=[""NA"", ""NA"", ""NA""]"
"OHXPER_G","OHX29CJM","OHX29CJM","LOA: Mnd R(2B) MdF FGM-CEJ(mm)","Loss of Attachment: Lower right 2nd bicuspid/2nd primary molar (2B) mid-facial - FGM to sulcus base (pocket depth) (mm)","Both males and females 30 YEARS - 150 YEARS",NA,"Code.or.Value=[""-10 to 1"", ""99"", "".""]; Value.Description=[""Range of Values"", ""Cannot be assessed"", ""Missing""]; Count=[""2753"", ""954"", ""658""]; Cumulative=[""2753"", ""3707"", ""4365""]; Skip.to.Item=[""NA"", ""NA"", ""NA""]"
"OHXPER_G","OHX29CJS","OHX29CJS","LOA: Mnd R(2B) MF FGM-CEJ(mm)","Loss of Attachment: Lower right 2nd bicuspid/2nd primary molar (2B) mesio-facial - FGM to CEJ measurement (mm)","Both males and females 30 YEARS - 150 YEARS",NA,"Code.or.Value=[""-8 to 2"", ""99"", "".""]; Value.Description=[""Range of Values"", ""Cannot be assessed"", ""Missing""]; Count=[""2739"", ""968"", ""658""]; Cumulative=[""2739"", ""3707"", ""4365""]; Skip.to.Item=[""NA"", ""NA"", ""NA""]"
"OHXPER_G","OHX29CJP","OHX29CJP","LOA: Mnd R(2B) DL FGM-CEJ(mm)","Loss of Attachment: Lower right 2nd bicuspid/2nd primary molar (2B) distal - lingual - FGM to CEJ measurement (mm)","Both males and females 30 YEARS - 150 YEARS",NA,"Code.or.Value=[""-10 to 2"", ""99"", "".""]; Value.Description=[""Range of Values"", ""Cannot be assessed"", ""Missing""]; Count=[""2723"", ""983"", ""659""]; Cumulative=[""2723"", ""3706"", ""4365""]; Skip.to.Item=[""NA"", ""NA"", ""NA""]"
"OHXPER_G","OHX29CJL","OHX29CJL","LOA: Mnd R(2B) MdL FGM-CEJ(mm)","Loss of Attachment: Lower right 2nd bicuspid/2nd primary molar (2B) mid- lingual - FGM to CEJ measurement (mm)","Both males and females 30 YEARS - 150 YEARS",NA,"Code.or.Value=[""-10 to 1"", ""99"", "".""]; Value.Description=[""Range of Values"", ""Cannot be assessed"", ""Missing""]; Count=[""2723"", ""983"", ""659""]; Cumulative=[""2723"", ""3706"", ""4365""]; Skip.to.Item=[""NA"", ""NA"", ""NA""]"
"OHXPER_G","OHX29CJA","OHX29CJA","LOA: Mnd R(2B) ML FGM-CEJ(mm)","Loss of Attachment: Lower right 2nd bicuspid/2nd primary molar (2B) mesio- lingual - FGM to CEJ measurement (mm)","Both males and females 30 YEARS - 150 YEARS",NA,"Code.or.Value=[""-10 to 2"", ""99"", "".""]; Value.Description=[""Range of Values"", ""Cannot be assessed"", ""Missing""]; Count=[""2712"", ""994"", ""659""]; Cumulative=[""2712"", ""3706"", ""4365""]; Skip.to.Item=[""NA"", ""NA"", ""NA""]"
"OHXPER_G","OHX29PCD","OHX29PCD","LOA: Mnd R(2B) DF FGM-sulcus(mm)","Loss of Attachment: Lower right 2nd bicuspid/2nd primary molar (2B) distal - FGM to sulcus base (pocket depth) (mm)","Both males and females 30 YEARS - 150 YEARS",NA,"Code.or.Value=[""0 to 12"", ""99"", "".""]; Value.Description=[""Range of Values"", ""Cannot be assessed"", ""Missing""]; Count=[""2758"", ""949"", ""658""]; Cumulative=[""2758"", ""3707"", ""4365""]; Skip.to.Item=[""NA"", ""NA"", ""NA""]"
"OHXPER_G","OHX29PCM","OHX29PCM","LOA: Mnd R(2B) MdF FGM-sulcus(mm)","Loss of Attachment: Lower right 2nd bicuspid/2nd primary molar (2B) mid-facial - FGM to CEJ measurement (mm)","Both males and females 30 YEARS - 150 YEARS",NA,"Code.or.Value=[""0 to 10"", ""99"", "".""]; Value.Description=[""Range of Values"", ""Cannot be assessed"", ""Missing""]; Count=[""2753"", ""954"", ""658""]; Cumulative=[""2753"", ""3707"", ""4365""]; Skip.to.Item=[""NA"", ""NA"", ""NA""]"
"OHXPER_G","OHX29PCS","OHX29PCS","LOA: Mnd R(2B) MF FGM-sulcus(mm)","Loss of Attachment: Lower right 2nd bicuspid/2nd primary molar (2B) mesio-facial - FGM to sulcus base (pocket depth) (mm)","Both males and females 30 YEARS - 150 YEARS",NA,"Code.or.Value=[""0 to 8"", ""99"", "".""]; Value.Description=[""Range of Values"", ""Cannot be assessed"", ""Missing""]; Count=[""2739"", ""968"", ""658""]; Cumulative=[""2739"", ""3707"", ""4365""]; Skip.to.Item=[""NA"", ""NA"", ""NA""]"
"OHXPER_G","OHX29PCP","OHX29PCP","LOA: Mnd R(2B) DL FGM-sulcus(mm)","Loss of Attachment: Lower right 2nd bicuspid/2nd primary molar (2B) distal - lingual - FGM to sulcus base (pocket depth) (mm)","Both males and females 30 YEARS - 150 YEARS",NA,"Code.or.Value=[""0 to 10"", ""99"", "".""]; Value.Description=[""Range of Values"", ""Cannot be assessed"", ""Missing""]; Count=[""2723"", ""983"", ""659""]; Cumulative=[""2723"", ""3706"", ""4365""]; Skip.to.Item=[""NA"", ""NA"", ""NA""]"
"OHXPER_G","OHX29PCL","OHX29PCL","LOA: Mnd R(2B) MdL FGM-sulcus(mm)","Loss of Attachment: Lower right 2nd bicuspid/2nd primary molar (2B) mid- lingual - FGM to sulcus base (pocket depth) (mm)","Both males and females 30 YEARS - 150 YEARS",NA,"Code.or.Value=[""0 to 9"", ""99"", "".""]; Value.Description=[""Range of Values"", ""Cannot be assessed"", ""Missing""]; Count=[""2723"", ""983"", ""659""]; Cumulative=[""2723"", ""3706"", ""4365""]; Skip.to.Item=[""NA"", ""NA"", ""NA""]"
"OHXPER_G","OHX29PCA","OHX29PCA","LOA: Mnd R(2B) ML FGM-sulcus(mm)","Loss of Attachment: Lower right 2nd bicuspid/2nd primary molar (2B) mesio- lingual - FGM to sulcus base (pocket depth) (mm)","Both males and females 30 YEARS - 150 YEARS",NA,"Code.or.Value=[""0 to 10"", ""99"", "".""]; Value.Description=[""Range of Values"", ""Cannot be assessed"", ""Missing""]; Count=[""2712"", ""994"", ""659""]; Cumulative=[""2712"", ""3706"", ""4365""]; Skip.to.Item=[""NA"", ""NA"", ""NA""]"
"OHXPER_G","OHX29LAD","OHX29LAD","LOA: Mnd R(2B) DF calculated AL(mm)","Loss of Attachment: Lower right 2nd bicuspid/2nd primary molar (2B) distal - Calculation of : (FGM to CEJ measurement) - (FGM to sulcus base measurement) (mm)","Both males and females 30 YEARS - 150 YEARS",NA,"Code.or.Value=[""0 to 16"", ""99"", "".""]; Value.Description=[""Range of Values"", ""Cannot be assessed"", ""Missing""]; Count=[""2758"", ""949"", ""658""]; Cumulative=[""2758"", ""3707"", ""4365""]; Skip.to.Item=[""NA"", ""NA"", ""NA""]"
"OHXPER_G","OHX29LAM","OHX29LAM","LOA: Mnd R(2B) MdF calculated AL(mm)","Loss of Attachment: Lower right 2nd bicuspid/2nd primary molar (2B) mid-facial - Calculation of : (FGM to sulcus base measurement) - (FGM to CEJ measurement) (mm)","Both males and females 30 YEARS - 150 YEARS",NA,"Code.or.Value=[""0 to 14"", ""99"", "".""]; Value.Description=[""Range of Values"", ""Cannot be assessed"", ""Missing""]; Count=[""2753"", ""954"", ""658""]; Cumulative=[""2753"", ""3707"", ""4365""]; Skip.to.Item=[""NA"", ""NA"", ""NA""]"
"OHXPER_G","OHX29LAS","OHX29LAS","LOA: Mnd R(2B) MF calculated AL(mm)","Loss of Attachment: Lower right 2nd bicuspid/2nd primary molar (2B) mesio-facial - Calculation of : (FGM to sulcus base measurement) - (FGM to CEJ measurement) (mm)","Both males and females 30 YEARS - 150 YEARS",NA,"Code.or.Value=[""0 to 12"", ""99"", "".""]; Value.Description=[""Range of Values"", ""Cannot be assessed"", ""Missing""]; Count=[""2739"", ""968"", ""658""]; Cumulative=[""2739"", ""3707"", ""4365""]; Skip.to.Item=[""NA"", ""NA"", ""NA""]"
"OHXPER_G","OHX29LAP","OHX29LAP","LOA: Mnd R(2B) DL calculated AL(mm)","Loss of Attachment: Lower right 2nd bicuspid/2nd primary molar (2B) distal - lingual - Calculation of: (FGM to CEJ measurement) - (FGM to sulcus base measurement) (mm)","Both males and females 30 YEARS - 150 YEARS",NA,"Code.or.Value=[""0 to 12"", ""99"", "".""]; Value.Description=[""Range of Values"", ""Cannot be assessed"", ""Missing""]; Count=[""2723"", ""983"", ""659""]; Cumulative=[""2723"", ""3706"", ""4365""]; Skip.to.Item=[""NA"", ""NA"", ""NA""]"
"OHXPER_G","OHX29LAL","OHX29LAL","LOA: Mnd R(2B) MdL calculated AL(mm)","Loss of Attachment: Lower right 2nd bicuspid/2nd primary molar (2B) mid- lingual - Calculation of: (FGM to sulcus base measurement) - (FGM to CEJ measurement) (mm)","Both males and females 30 YEARS - 150 YEARS",NA,"Code.or.Value=[""0 to 12"", ""99"", "".""]; Value.Description=[""Range of Values"", ""Cannot be assessed"", ""Missing""]; Count=[""2723"", ""983"", ""659""]; Cumulative=[""2723"", ""3706"", ""4365""]; Skip.to.Item=[""NA"", ""NA"", ""NA""]"
"OHXPER_G","OHX29LAA","OHX29LAA","LOA: Mnd R(2B) ML calculated AL(mm)","Loss of Attachment: Lower right 2nd bicuspid/2nd primary molar (2B) mesio-lingual - Calculation of: (FGM to sulcus base measurement) - (FGM to CEJ measurement) (mm)","Both males and females 30 YEARS - 150 YEARS",NA,"Code.or.Value=[""0 to 13"", ""99"", "".""]; Value.Description=[""Range of Values"", ""Cannot be assessed"", ""Missing""]; Count=[""2712"", ""994"", ""659""]; Cumulative=[""2712"", ""3706"", ""4365""]; Skip.to.Item=[""NA"", ""NA"", ""NA""]"
"OHXPER_G","OHX30CJD","OHX30CJD","LOA: Mnd R(1M) DF FGM-CEJ(mm)","Loss of Attachment: Lower right 1st molar (1M) distal - FGM to CEJ measurement (mm)","Both males and females 30 YEARS - 150 YEARS",NA,"Code.or.Value=[""-12 to 2"", ""99"", "".""]; Value.Description=[""Range of Values"", ""Cannot be assessed"", ""Missing""]; Count=[""2109"", ""1616"", ""640""]; Cumulative=[""2109"", ""3725"", ""4365""]; Skip.to.Item=[""NA"", ""NA"", ""NA""]"
"OHXPER_G","OHX30CJM","OHX30CJM","LOA: Mnd R(1M) MdF FGM-CEJ(mm)","Loss of Attachment: Lower right 1st molar (1M) mid-facial - FGM to CEJ measurement (mm)","Both males and females 30 YEARS - 150 YEARS",NA,"Code.or.Value=[""-6 to 2"", ""99"", "".""]; Value.Description=[""Range of Values"", ""Cannot be assessed"", ""Missing""]; Count=[""2114"", ""1611"", ""640""]; Cumulative=[""2114"", ""3725"", ""4365""]; Skip.to.Item=[""NA"", ""NA"", ""NA""]"
"OHXPER_G","OHX30CJS","OHX30CJS","LOA: Mnd R(1M) MF FGM-CEJ(mm)","Loss of Attachment: Lower right 1st molar (1M) mesio-facial - FGM to CEJ measurement (mm)","Both males and females 30 YEARS - 150 YEARS",NA,"Code.or.Value=[""-8 to 2"", ""99"", "".""]; Value.Description=[""Range of Values"", ""Cannot be assessed"", ""Missing""]; Count=[""2115"", ""1610"", ""640""]; Cumulative=[""2115"", ""3725"", ""4365""]; Skip.to.Item=[""NA"", ""NA"", ""NA""]"
"OHXPER_G","OHX30CJP","OHX30CJP","LOA: Mnd R(1M) DL FGM-CEJ(mm)","Loss of Attachment: Lower right 1st molar (1M) distal - lingual - FGM to CEJ measurement (mm)","Both males and females 30 YEARS - 150 YEARS",NA,"Code.or.Value=[""-11 to 2"", ""99"", "".""]; Value.Description=[""Range of Values"", ""Cannot be assessed"", ""Missing""]; Count=[""2087"", ""1637"", ""641""]; Cumulative=[""2087"", ""3724"", ""4365""]; Skip.to.Item=[""NA"", ""NA"", ""NA""]"
"OHXPER_G","OHX30CJL","OHX30CJL","LOA: Mnd R(1M) MdL FGM-CEJ(mm)","Loss of Attachment: Lower right 1st molar (1M) mid- lingual - FGM to sulcus base (pocket depth) (mm)","Both males and females 30 YEARS - 150 YEARS",NA,"Code.or.Value=[""-10 to 1"", ""99"", "".""]; Value.Description=[""Range of Values"", ""Cannot be assessed"", ""Missing""]; Count=[""2091"", ""1633"", ""641""]; Cumulative=[""2091"", ""3724"", ""4365""]; Skip.to.Item=[""NA"", ""NA"", ""NA""]"
"OHXPER_G","OHX30CJA","OHX30CJA","LOA: Mnd R(1M) ML FGM-CEJ(mm)","Loss of Attachment: Lower right 1st molar (1M) mesio- lingual - FGM to CEJ measurement (mm)","Both males and females 30 YEARS - 150 YEARS",NA,"Code.or.Value=[""-10 to 2"", ""99"", "".""]; Value.Description=[""Range of Values"", ""Cannot be assessed"", ""Missing""]; Count=[""2095"", ""1629"", ""641""]; Cumulative=[""2095"", ""3724"", ""4365""]; Skip.to.Item=[""NA"", ""NA"", ""NA""]"
"OHXPER_G","OHX30PCD","OHX30PCD","LOA: Mnd R(1M) DF FGM-sulcus(mm)","Loss of Attachment: Lower right 1st molar (1M) distal - FGM to sulcus base (pocket depth) (mm)","Both males and females 30 YEARS - 150 YEARS",NA,"Code.or.Value=[""0 to 8"", ""99"", "".""]; Value.Description=[""Range of Values"", ""Cannot be assessed"", ""Missing""]; Count=[""2109"", ""1616"", ""640""]; Cumulative=[""2109"", ""3725"", ""4365""]; Skip.to.Item=[""NA"", ""NA"", ""NA""]"
"OHXPER_G","OHX30PCM","OHX30PCM","LOA: Mnd R(1M) MdF FGM-sulcus(mm)","Loss of Attachment: Lower right 1st molar (1M) mid-facial - FGM to sulcus base (pocket depth) (mm)","Both males and females 30 YEARS - 150 YEARS",NA,"Code.or.Value=[""0 to 9"", ""99"", "".""]; Value.Description=[""Range of Values"", ""Cannot be assessed"", ""Missing""]; Count=[""2114"", ""1611"", ""640""]; Cumulative=[""2114"", ""3725"", ""4365""]; Skip.to.Item=[""NA"", ""NA"", ""NA""]"
"OHXPER_G","OHX30PCS","OHX30PCS","LOA: Mnd R(1M) MF FGM-sulcus(mm)","Loss of Attachment: Lower right 1st molar (1M) mesio-facial - FGM to sulcus base (pocket depth) (mm)","Both males and females 30 YEARS - 150 YEARS",NA,"Code.or.Value=[""0 to 8"", ""99"", "".""]; Value.Description=[""Range of Values"", ""Cannot be assessed"", ""Missing""]; Count=[""2115"", ""1610"", ""640""]; Cumulative=[""2115"", ""3725"", ""4365""]; Skip.to.Item=[""NA"", ""NA"", ""NA""]"
"OHXPER_G","OHX30PCP","OHX30PCP","LOA: Mnd R(1M) DL FGM-sulcus(mm)","Loss of Attachment: Lower right 1st molar (1M) distal - lingual - FGM to sulcus base (pocket depth) (mm)","Both males and females 30 YEARS - 150 YEARS",NA,"Code.or.Value=[""0 to 10"", ""99"", "".""]; Value.Description=[""Range of Values"", ""Cannot be assessed"", ""Missing""]; Count=[""2087"", ""1637"", ""641""]; Cumulative=[""2087"", ""3724"", ""4365""]; Skip.to.Item=[""NA"", ""NA"", ""NA""]"
"OHXPER_G","OHX30PCL","OHX30PCL","LOA: Mnd R(1M) MdL FGM-sulcus(mm)","Loss of Attachment: Lower right 1st molar (1M) mid- lingual - FGM to sulcus base (pocket depth) (mm)","Both males and females 30 YEARS - 150 YEARS",NA,"Code.or.Value=[""0 to 8"", ""99"", "".""]; Value.Description=[""Range of Values"", ""Cannot be assessed"", ""Missing""]; Count=[""2091"", ""1633"", ""641""]; Cumulative=[""2091"", ""3724"", ""4365""]; Skip.to.Item=[""NA"", ""NA"", ""NA""]"
"OHXPER_G","OHX30PCA","OHX30PCA","LOA: Mnd R(1M) ML FGM-sulcus(mm)","Loss of Attachment: Lower right 1st molar (1M) mesio- lingual - FGM to sulcus base (pocket depth) (mm)","Both males and females 30 YEARS - 150 YEARS",NA,"Code.or.Value=[""0 to 7"", ""99"", "".""]; Value.Description=[""Range of Values"", ""Cannot be assessed"", ""Missing""]; Count=[""2095"", ""1629"", ""641""]; Cumulative=[""2095"", ""3724"", ""4365""]; Skip.to.Item=[""NA"", ""NA"", ""NA""]"
"OHXPER_G","OHX30LAD","OHX30LAD","LOA: Mnd R(1M) DF calculated AL(mm)","Loss of Attachment: Lower right 1st molar (1M) distal - Calculation of : (FGM to CEJ measurement) - (FGM to sulcus base measurement) (mm)","Both males and females 30 YEARS - 150 YEARS",NA,"Code.or.Value=[""0 to 12"", ""99"", "".""]; Value.Description=[""Range of Values"", ""Cannot be assessed"", ""Missing""]; Count=[""2109"", ""1616"", ""640""]; Cumulative=[""2109"", ""3725"", ""4365""]; Skip.to.Item=[""NA"", ""NA"", ""NA""]"
"OHXPER_G","OHX30LAM","OHX30LAM","LOA: Mnd R(1M) MdF calculated AL(mm)","Loss of Attachment: Lower right 1st molar (1M) mid-facial - LCalculation of : (FGM to sulcus base measurement) - (FGM to CEJ measurement) (mm)","Both males and females 30 YEARS - 150 YEARS",NA,"Code.or.Value=[""0 to 12"", ""99"", "".""]; Value.Description=[""Range of Values"", ""Cannot be assessed"", ""Missing""]; Count=[""2114"", ""1611"", ""640""]; Cumulative=[""2114"", ""3725"", ""4365""]; Skip.to.Item=[""NA"", ""NA"", ""NA""]"
"OHXPER_G","OHX30LAS","OHX30LAS","LOA: Mnd R(1M) MF calculated AL(mm)","Loss of Attachment: Lower right 1st molar (1M) mesio-facial - Calculation of : (FGM to sulcus base measurement) - (FGM to CEJ measurement) (mm)","Both males and females 30 YEARS - 150 YEARS",NA,"Code.or.Value=[""0 to 12"", ""99"", "".""]; Value.Description=[""Range of Values"", ""Cannot be assessed"", ""Missing""]; Count=[""2115"", ""1610"", ""640""]; Cumulative=[""2115"", ""3725"", ""4365""]; Skip.to.Item=[""NA"", ""NA"", ""NA""]"
"OHXPER_G","OHX30LAP","OHX30LAP","LOA: Mnd R(1M) DL calculated AL(mm)","Loss of Attachment: Lower right 1st molar (1M) distal - lingual - Calculation of: (FGM to CEJ measurement) - (FGM to sulcus base measurement) (mm)","Both males and females 30 YEARS - 150 YEARS",NA,"Code.or.Value=[""0 to 13"", ""99"", "".""]; Value.Description=[""Range of Values"", ""Cannot be assessed"", ""Missing""]; Count=[""2087"", ""1637"", ""641""]; Cumulative=[""2087"", ""3724"", ""4365""]; Skip.to.Item=[""NA"", ""NA"", ""NA""]"
"OHXPER_G","OHX30LAL","OHX30LAL","LOA: Mnd R(1M) MdL calculated AL(mm)","Loss of Attachment: Lower right 1st molar (1M) mid- lingual - LCalculation of: (FGM to sulcus base measurement) - (FGM to CEJ measurement) (mm)","Both males and females 30 YEARS - 150 YEARS",NA,"Code.or.Value=[""0 to 12"", ""99"", "".""]; Value.Description=[""Range of Values"", ""Cannot be assessed"", ""Missing""]; Count=[""2091"", ""1633"", ""641""]; Cumulative=[""2091"", ""3724"", ""4365""]; Skip.to.Item=[""NA"", ""NA"", ""NA""]"
"OHXPER_G","OHX30LAA","OHX30LAA","LOA: Mnd R(1M) ML calculated AL(mm)","Loss of Attachment: Lower right 1st molar (1M) mesio-lingual - Calculation of: (FGM to sulcus base measurement) - (FGM to CEJ measurement) (mm)","Both males and females 30 YEARS - 150 YEARS",NA,"Code.or.Value=[""0 to 12"", ""99"", "".""]; Value.Description=[""Range of Values"", ""Cannot be assessed"", ""Missing""]; Count=[""2095"", ""1629"", ""641""]; Cumulative=[""2095"", ""3724"", ""4365""]; Skip.to.Item=[""NA"", ""NA"", ""NA""]"
"OHXPER_G","OHX31CJD","OHX31CJD","LOA: Mnd R(2M) DF FGM-CEJ(mm)","Loss of Attachment: Lower right 2nd molar (2M) distal - FGM to CEJ measurement (mm)","Both males and females 30 YEARS - 150 YEARS",NA,"Code.or.Value=[""-6 to 1"", ""99"", "".""]; Value.Description=[""Range of Values"", ""Cannot be assessed"", ""Missing""]; Count=[""2320"", ""1402"", ""643""]; Cumulative=[""2320"", ""3722"", ""4365""]; Skip.to.Item=[""NA"", ""NA"", ""NA""]"
"OHXPER_G","OHX31CJM","OHX31CJM","LOA: Mnd R(2M) MdF FGM-CEJ(mm)","Loss of Attachment: Lower right 2nd molar (2M) mid-facial - FGM to CEJ measurement (mm)","Both males and females 30 YEARS - 150 YEARS",NA,"Code.or.Value=[""-8 to 1"", ""99"", "".""]; Value.Description=[""Range of Values"", ""Cannot be assessed"", ""Missing""]; Count=[""2317"", ""1405"", ""643""]; Cumulative=[""2317"", ""3722"", ""4365""]; Skip.to.Item=[""NA"", ""NA"", ""NA""]"
"OHXPER_G","OHX31CJS","OHX31CJS","LOA: Mnd R(2M) MF FGM-CEJ(mm)","Loss of Attachment: Lower right 2nd molar (2M) mesio-facial - FGM to CEJ measurement (mm)","Both males and females 30 YEARS - 150 YEARS",NA,"Code.or.Value=[""-6 to 2"", ""99"", "".""]; Value.Description=[""Range of Values"", ""Cannot be assessed"", ""Missing""]; Count=[""2326"", ""1396"", ""643""]; Cumulative=[""2326"", ""3722"", ""4365""]; Skip.to.Item=[""NA"", ""NA"", ""NA""]"
"OHXPER_G","OHX31CJP","OHX31CJP","LOA: Mnd R(2M) DL FGM-CEJ(mm)","Loss of Attachment: Lower right 2nd molar (2M) distal - lingual - FGM to CEJ measurement (mm)","Both males and females 30 YEARS - 150 YEARS",NA,"Code.or.Value=[""-8 to 2"", ""99"", "".""]; Value.Description=[""Range of Values"", ""Cannot be assessed"", ""Missing""]; Count=[""2290"", ""1431"", ""644""]; Cumulative=[""2290"", ""3721"", ""4365""]; Skip.to.Item=[""NA"", ""NA"", ""NA""]"
"OHXPER_G","OHX31CJL","OHX31CJL","LOA: Mnd R(2M) MdL FGM-CEJ(mm)","Loss of Attachment: Lower right 2nd molar (2M) mid- lingual - FGM to CEJ measurement (mm)","Both males and females 30 YEARS - 150 YEARS",NA,"Code.or.Value=[""-8 to 2"", ""99"", "".""]; Value.Description=[""Range of Values"", ""Cannot be assessed"", ""Missing""]; Count=[""2286"", ""1435"", ""644""]; Cumulative=[""2286"", ""3721"", ""4365""]; Skip.to.Item=[""NA"", ""NA"", ""NA""]"
"OHXPER_G","OHX31CJA","OHX31CJA","LOA: Mnd R(2M) ML FGM-CEJ(mm)","Loss of Attachment: Lower right 2nd molar (2M) mesio- lingual - FGM to CEJ measurement (mm)","Both males and females 30 YEARS - 150 YEARS",NA,"Code.or.Value=[""-8 to 2"", ""99"", "".""]; Value.Description=[""Range of Values"", ""Cannot be assessed"", ""Missing""]; Count=[""2298"", ""1423"", ""644""]; Cumulative=[""2298"", ""3721"", ""4365""]; Skip.to.Item=[""NA"", ""NA"", ""NA""]"
"OHXPER_G","OHX31PCD","OHX31PCD","LOA: Mnd R(2M) DF FGM-sulcus(mm)","Loss of Attachment: Lower right 2nd molar (2M) distal - FGM to sulcus base (pocket depth) (mm)","Both males and females 30 YEARS - 150 YEARS",NA,"Code.or.Value=[""0 to 9"", ""99"", "".""]; Value.Description=[""Range of Values"", ""Cannot be assessed"", ""Missing""]; Count=[""2320"", ""1402"", ""643""]; Cumulative=[""2320"", ""3722"", ""4365""]; Skip.to.Item=[""NA"", ""NA"", ""NA""]"
"OHXPER_G","OHX31PCM","OHX31PCM","LOA: Mnd R(2M) MdF FGM-sulcus(mm)","Loss of Attachment: Lower right 2nd molar (2M) mid-facial - FGM to sulcus base (pocket depth) (mm)","Both males and females 30 YEARS - 150 YEARS",NA,"Code.or.Value=[""0 to 8"", ""99"", "".""]; Value.Description=[""Range of Values"", ""Cannot be assessed"", ""Missing""]; Count=[""2317"", ""1405"", ""643""]; Cumulative=[""2317"", ""3722"", ""4365""]; Skip.to.Item=[""NA"", ""NA"", ""NA""]"
"OHXPER_G","OHX31PCS","OHX31PCS","LOA: Mnd R(2M) MF FGM-sulcus(mm)","Loss of Attachment: Lower right 2nd molar (2M) mesio-facial - FGM to sulcus base (pocket depth) (mm)","Both males and females 30 YEARS - 150 YEARS",NA,"Code.or.Value=[""0 to 10"", ""99"", "".""]; Value.Description=[""Range of Values"", ""Cannot be assessed"", ""Missing""]; Count=[""2326"", ""1396"", ""643""]; Cumulative=[""2326"", ""3722"", ""4365""]; Skip.to.Item=[""NA"", ""NA"", ""NA""]"
"OHXPER_G","OHX31PCP","OHX31PCP","LOA: Mnd R(2M) DL FGM-sulcus(mm)","Loss of Attachment: Lower right 2nd molar (2M) distal - lingual - FGM to sulcus base (pocket depth) (mm)","Both males and females 30 YEARS - 150 YEARS",NA,"Code.or.Value=[""0 to 8"", ""99"", "".""]; Value.Description=[""Range of Values"", ""Cannot be assessed"", ""Missing""]; Count=[""2290"", ""1431"", ""644""]; Cumulative=[""2290"", ""3721"", ""4365""]; Skip.to.Item=[""NA"", ""NA"", ""NA""]"
"OHXPER_G","OHX31PCL","OHX31PCL","LOA: Mnd R(2M) MdL FGM-sulcus(mm)","Loss of Attachment: Lower right 2nd molar (2M) mid- lingual - FGM to sulcus base (pocket depth) (mm)","Both males and females 30 YEARS - 150 YEARS",NA,"Code.or.Value=[""0 to 7"", ""99"", "".""]; Value.Description=[""Range of Values"", ""Cannot be assessed"", ""Missing""]; Count=[""2286"", ""1435"", ""644""]; Cumulative=[""2286"", ""3721"", ""4365""]; Skip.to.Item=[""NA"", ""NA"", ""NA""]"
"OHXPER_G","OHX31PCA","OHX31PCA","LOA: Mnd R(2M) ML FGM-sulcus(mm)","Loss of Attachment: Lower right 2nd molar (2M) mesio- lingual - FGM to sulcus base (pocket depth) (mm)","Both males and females 30 YEARS - 150 YEARS",NA,"Code.or.Value=[""0 to 7"", ""99"", "".""]; Value.Description=[""Range of Values"", ""Cannot be assessed"", ""Missing""]; Count=[""2298"", ""1423"", ""644""]; Cumulative=[""2298"", ""3721"", ""4365""]; Skip.to.Item=[""NA"", ""NA"", ""NA""]"
"OHXPER_G","OHX31LAD","OHX31LAD","LOA: Mnd R(2M) DF calculated AL(mm)","Loss of Attachment: Lower right 2nd molar (2M) distal - Calculation of : (FGM to CEJ measurement) - (FGM to sulcus base measurement) (mm)","Both males and females 30 YEARS - 150 YEARS",NA,"Code.or.Value=[""0 to 11"", ""99"", "".""]; Value.Description=[""Range of Values"", ""Cannot be assessed"", ""Missing""]; Count=[""2320"", ""1402"", ""643""]; Cumulative=[""2320"", ""3722"", ""4365""]; Skip.to.Item=[""NA"", ""NA"", ""NA""]"
"OHXPER_G","OHX31LAM","OHX31LAM","LOA: Mnd R(2M) MdF calculated AL(mm)","Loss of Attachment: Lower right 2nd molar (2M) mid-facial - Calculation of : (FGM to sulcus base measurement) - (FGM to CEJ measurement) (mm)","Both males and females 30 YEARS - 150 YEARS",NA,"Code.or.Value=[""0 to 12"", ""99"", "".""]; Value.Description=[""Range of Values"", ""Cannot be assessed"", ""Missing""]; Count=[""2317"", ""1405"", ""643""]; Cumulative=[""2317"", ""3722"", ""4365""]; Skip.to.Item=[""NA"", ""NA"", ""NA""]"
"OHXPER_G","OHX31LAS","OHX31LAS","LOA: Mnd R(2M) MF calculated AL(mm)","Loss of Attachment: Lower right 2nd molar (2M) mesio-facial - Calculation of : (FGM to sulcus base measurement) - (FGM to CEJ measurement) (mm)","Both males and females 30 YEARS - 150 YEARS",NA,"Code.or.Value=[""0 to 12"", ""99"", "".""]; Value.Description=[""Range of Values"", ""Cannot be assessed"", ""Missing""]; Count=[""2326"", ""1396"", ""643""]; Cumulative=[""2326"", ""3722"", ""4365""]; Skip.to.Item=[""NA"", ""NA"", ""NA""]"
"OHXPER_G","OHX31LAP","OHX31LAP","LOA: Mnd R(2M) DL calculated AL(mm)","Loss of Attachment: Lower right 2nd molar (2M) distal - lingual - Calculation of: (FGM to CEJ measurement) - (FGM to sulcus base measurement) (mm)","Both males and females 30 YEARS - 150 YEARS",NA,"Code.or.Value=[""0 to 13"", ""99"", "".""]; Value.Description=[""Range of Values"", ""Cannot be assessed"", ""Missing""]; Count=[""2290"", ""1431"", ""644""]; Cumulative=[""2290"", ""3721"", ""4365""]; Skip.to.Item=[""NA"", ""NA"", ""NA""]"
"OHXPER_G","OHX31LAL","OHX31LAL","LOA: Mnd R(2M) MdL calculated AL(mm)","Loss of Attachment: Lower right 2nd molar (2M) mid- lingual - Calculation of: (FGM to sulcus base measurement) - (FGM to CEJ measurement) (mm)","Both males and females 30 YEARS - 150 YEARS",NA,"Code.or.Value=[""0 to 14"", ""99"", "".""]; Value.Description=[""Range of Values"", ""Cannot be assessed"", ""Missing""]; Count=[""2286"", ""1435"", ""644""]; Cumulative=[""2286"", ""3721"", ""4365""]; Skip.to.Item=[""NA"", ""NA"", ""NA""]"
"OHXPER_G","OHX31LAA","OHX31LAA","LOA: Mnd R(2M) ML calculated AL(mm)","Loss of Attachment: Lower right 2nd molar (2M) mesio-lingual - Calculation of: (FGM to sulcus base measurement) - (FGM to CEJ measurement) (mm)","Both males and females 30 YEARS - 150 YEARS",NA,"Code.or.Value=[""0 to 11"", ""99"", "".""]; Value.Description=[""Range of Values"", ""Cannot be assessed"", ""Missing""]; Count=[""2298"", ""1423"", ""644""]; Cumulative=[""2298"", ""3721"", ""4365""]; Skip.to.Item=[""NA"", ""NA"", ""NA""]"
