,Column,Code,Label,English_Text,Target,English_Instructions,Class,Other For
0,SEQN,,,['Respondent sequence number.'],"['Both males and females 20 YEARS - 69 YEARS', 'Both males and females 12 YEARS - 19 YEARS', 'Both males and females 6 YEARS - 19 YEARS']",[nan],,
1,WTSAU2YR,3358.5324887 To 411457.26869,Range Of Values,['Audiometry Subsample 2 Year Mec Weight'],['Both males and females 20 YEARS - 69 YEARS'],[nan],,
2,WTSAU2YR,.,Missing,['Audiometry Subsample 2 Year Mec Weight'],['Both males and females 20 YEARS - 69 YEARS'],[nan],,
3,WTSAU2YR,0 To 323087.55894,Range Of Values,['Audiometry Subsample 2 Year Mec Weight'],['Both males and females 20 YEARS - 69 YEARS'],[nan],,
4,WTSAU2YR,2623.5024752 To 478335.60528,Range Of Values,['Audiometry Subsample 2 Year Mec Weight'],['Both males and females 20 YEARS - 69 YEARS'],[nan],,
5,WTSAU4YR,1717.538914 To 212637.94244,Range Of Values,['Audiometry Subsample 4 Year Mec Weight'],['Both males and females 20 YEARS - 69 YEARS'],[nan],,
6,WTSAU4YR,.,Missing,['Audiometry Subsample 4 Year Mec Weight'],['Both males and females 20 YEARS - 69 YEARS'],[nan],,
7,WTSAU4YR,1686.6082054 To 213403.65628,Range Of Values,['Audiometry Subsample 4 Year Mec Weight'],['Both males and females 20 YEARS - 69 YEARS'],[nan],,
8,AUXRR101,-41 To 67,Range Of Values,['Acoustic Reflex Right Ear 1KHz 01'],"['Both males and females 20 YEARS - 69 YEARS', 'Both males and females 12 YEARS - 19 YEARS']",[nan],,
9,AUXRR101,.,Missing,['Acoustic Reflex Right Ear 1KHz 01'],"['Both males and females 20 YEARS - 69 YEARS', 'Both males and females 12 YEARS - 19 YEARS']",[nan],,
10,AUXRR101,-58 To 42,Range Of Values,['Acoustic Reflex Right Ear 1KHz 01'],"['Both males and females 20 YEARS - 69 YEARS', 'Both males and females 12 YEARS - 19 YEARS']",[nan],,
11,AUXRR101,-69 To 47,Range Of Values,['Acoustic Reflex Right Ear 1KHz 01'],"['Both males and females 20 YEARS - 69 YEARS', 'Both males and females 12 YEARS - 19 YEARS']",[nan],,
12,AUXRR101,-138 To 48,Range Of Values,['Acoustic Reflex Right Ear 1KHz 01'],"['Both males and females 20 YEARS - 69 YEARS', 'Both males and females 12 YEARS - 19 YEARS']",[nan],,
13,AUXRR101,-80 To 99,Range Of Values,['Acoustic Reflex Right Ear 1KHz 01'],"['Both males and females 20 YEARS - 69 YEARS', 'Both males and females 12 YEARS - 19 YEARS']",[nan],,
14,AUXRR101,-63 To 57,Range Of Values,['Acoustic Reflex Right Ear 1KHz 01'],"['Both males and females 20 YEARS - 69 YEARS', 'Both males and females 12 YEARS - 19 YEARS']",[nan],,
15,AUXRR101,-78 To 45,Range Of Values,['Acoustic Reflex Right Ear 1KHz 01'],"['Both males and females 20 YEARS - 69 YEARS', 'Both males and females 12 YEARS - 19 YEARS']",[nan],,
16,AUXRR102,-38 To 64,Range Of Values,['Acoustic Reflex Right Ear 1KHz 02'],"['Both males and females 20 YEARS - 69 YEARS', 'Both males and females 12 YEARS - 19 YEARS']",[nan],,
17,AUXRR102,.,Missing,['Acoustic Reflex Right Ear 1KHz 02'],"['Both males and females 20 YEARS - 69 YEARS', 'Both males and females 12 YEARS - 19 YEARS']",[nan],,
18,AUXRR102,-59 To 46,Range Of Values,['Acoustic Reflex Right Ear 1KHz 02'],"['Both males and females 20 YEARS - 69 YEARS', 'Both males and females 12 YEARS - 19 YEARS']",[nan],,
19,AUXRR102,-71 To 52,Range Of Values,['Acoustic Reflex Right Ear 1KHz 02'],"['Both males and females 20 YEARS - 69 YEARS', 'Both males and females 12 YEARS - 19 YEARS']",[nan],,
20,AUXRR102,-133 To 41,Range Of Values,['Acoustic Reflex Right Ear 1KHz 02'],"['Both males and females 20 YEARS - 69 YEARS', 'Both males and females 12 YEARS - 19 YEARS']",[nan],,
21,AUXRR102,-77 To 101,Range Of Values,['Acoustic Reflex Right Ear 1KHz 02'],"['Both males and females 20 YEARS - 69 YEARS', 'Both males and females 12 YEARS - 19 YEARS']",[nan],,
22,AUXRR102,-58 To 64,Range Of Values,['Acoustic Reflex Right Ear 1KHz 02'],"['Both males and females 20 YEARS - 69 YEARS', 'Both males and females 12 YEARS - 19 YEARS']",[nan],,
23,AUXRR102,-77 To 47,Range Of Values,['Acoustic Reflex Right Ear 1KHz 02'],"['Both males and females 20 YEARS - 69 YEARS', 'Both males and females 12 YEARS - 19 YEARS']",[nan],,
24,AUXRR103,-44 To 59,Range Of Values,['Acoustic Reflex Right Ear 1KHz 03'],"['Both males and females 20 YEARS - 69 YEARS', 'Both males and females 12 YEARS - 19 YEARS']",[nan],,
25,AUXRR103,.,Missing,['Acoustic Reflex Right Ear 1KHz 03'],"['Both males and females 20 YEARS - 69 YEARS', 'Both males and females 12 YEARS - 19 YEARS']",[nan],,
26,AUXRR103,-63 To 39,Range Of Values,['Acoustic Reflex Right Ear 1KHz 03'],"['Both males and females 20 YEARS - 69 YEARS', 'Both males and females 12 YEARS - 19 YEARS']",[nan],,
27,AUXRR103,-71 To 52,Range Of Values,['Acoustic Reflex Right Ear 1KHz 03'],"['Both males and females 20 YEARS - 69 YEARS', 'Both males and females 12 YEARS - 19 YEARS']",[nan],,
28,AUXRR103,-130 To 40,Range Of Values,['Acoustic Reflex Right Ear 1KHz 03'],"['Both males and females 20 YEARS - 69 YEARS', 'Both males and females 12 YEARS - 19 YEARS']",[nan],,
29,AUXRR103,-74 To 102,Range Of Values,['Acoustic Reflex Right Ear 1KHz 03'],"['Both males and females 20 YEARS - 69 YEARS', 'Both males and females 12 YEARS - 19 YEARS']",[nan],,
30,AUXRR103,-56 To 66,Range Of Values,['Acoustic Reflex Right Ear 1KHz 03'],"['Both males and females 20 YEARS - 69 YEARS', 'Both males and females 12 YEARS - 19 YEARS']",[nan],,
31,AUXRR103,-77 To 46,Range Of Values,['Acoustic Reflex Right Ear 1KHz 03'],"['Both males and females 20 YEARS - 69 YEARS', 'Both males and females 12 YEARS - 19 YEARS']",[nan],,
32,AUXRR104,-55 To 56,Range Of Values,['Acoustic Reflex Right Ear 1KHz 04'],"['Both males and females 20 YEARS - 69 YEARS', 'Both males and females 12 YEARS - 19 YEARS']",[nan],,
33,AUXRR104,.,Missing,['Acoustic Reflex Right Ear 1KHz 04'],"['Both males and females 20 YEARS - 69 YEARS', 'Both males and females 12 YEARS - 19 YEARS']",[nan],,
34,AUXRR104,-60 To 42,Range Of Values,['Acoustic Reflex Right Ear 1KHz 04'],"['Both males and females 20 YEARS - 69 YEARS', 'Both males and females 12 YEARS - 19 YEARS']",[nan],,
35,AUXRR104,-71 To 66,Range Of Values,['Acoustic Reflex Right Ear 1KHz 04'],"['Both males and females 20 YEARS - 69 YEARS', 'Both males and females 12 YEARS - 19 YEARS']",[nan],,
36,AUXRR104,-127 To 49,Range Of Values,['Acoustic Reflex Right Ear 1KHz 04'],"['Both males and females 20 YEARS - 69 YEARS', 'Both males and females 12 YEARS - 19 YEARS']",[nan],,
37,AUXRR104,-71 To 100,Range Of Values,['Acoustic Reflex Right Ear 1KHz 04'],"['Both males and females 20 YEARS - 69 YEARS', 'Both males and females 12 YEARS - 19 YEARS']",[nan],,
38,AUXRR104,-55 To 73,Range Of Values,['Acoustic Reflex Right Ear 1KHz 04'],"['Both males and females 20 YEARS - 69 YEARS', 'Both males and females 12 YEARS - 19 YEARS']",[nan],,
39,AUXRR104,-76 To 46,Range Of Values,['Acoustic Reflex Right Ear 1KHz 04'],"['Both males and females 20 YEARS - 69 YEARS', 'Both males and females 12 YEARS - 19 YEARS']",[nan],,
40,AUXRR105,-67 To 65,Range Of Values,['Acoustic Reflex Right Ear 1KHz 05'],"['Both males and females 20 YEARS - 69 YEARS', 'Both males and females 12 YEARS - 19 YEARS']",[nan],,
41,AUXRR105,.,Missing,['Acoustic Reflex Right Ear 1KHz 05'],"['Both males and females 20 YEARS - 69 YEARS', 'Both males and females 12 YEARS - 19 YEARS']",[nan],,
42,AUXRR105,-52 To 71,Range Of Values,['Acoustic Reflex Right Ear 1KHz 05'],"['Both males and females 20 YEARS - 69 YEARS', 'Both males and females 12 YEARS - 19 YEARS']",[nan],,
43,AUXRR105,-72 To 57,Range Of Values,['Acoustic Reflex Right Ear 1KHz 05'],"['Both males and females 20 YEARS - 69 YEARS', 'Both males and females 12 YEARS - 19 YEARS']",[nan],,
44,AUXRR105,-125 To 42,Range Of Values,['Acoustic Reflex Right Ear 1KHz 05'],"['Both males and females 20 YEARS - 69 YEARS', 'Both males and females 12 YEARS - 19 YEARS']",[nan],,
45,AUXRR105,-68 To 97,Range Of Values,['Acoustic Reflex Right Ear 1KHz 05'],"['Both males and females 20 YEARS - 69 YEARS', 'Both males and females 12 YEARS - 19 YEARS']",[nan],,
46,AUXRR105,-53 To 98,Range Of Values,['Acoustic Reflex Right Ear 1KHz 05'],"['Both males and females 20 YEARS - 69 YEARS', 'Both males and females 12 YEARS - 19 YEARS']",[nan],,
47,AUXRR105,-73 To 61,Range Of Values,['Acoustic Reflex Right Ear 1KHz 05'],"['Both males and females 20 YEARS - 69 YEARS', 'Both males and females 12 YEARS - 19 YEARS']",[nan],,
48,AUXRR106,-74 To 92,Range Of Values,['Acoustic Reflex Right Ear 1KHz 06'],"['Both males and females 20 YEARS - 69 YEARS', 'Both males and females 12 YEARS - 19 YEARS']",[nan],,
49,AUXRR106,.,Missing,['Acoustic Reflex Right Ear 1KHz 06'],"['Both males and females 20 YEARS - 69 YEARS', 'Both males and females 12 YEARS - 19 YEARS']",[nan],,
50,AUXRR106,-45 To 55,Range Of Values,['Acoustic Reflex Right Ear 1KHz 06'],"['Both males and females 20 YEARS - 69 YEARS', 'Both males and females 12 YEARS - 19 YEARS']",[nan],,
51,AUXRR106,-73 To 71,Range Of Values,['Acoustic Reflex Right Ear 1KHz 06'],"['Both males and females 20 YEARS - 69 YEARS', 'Both males and females 12 YEARS - 19 YEARS']",[nan],,
52,AUXRR106,-122 To 39,Range Of Values,['Acoustic Reflex Right Ear 1KHz 06'],"['Both males and females 20 YEARS - 69 YEARS', 'Both males and females 12 YEARS - 19 YEARS']",[nan],,
53,AUXRR106,-65 To 93,Range Of Values,['Acoustic Reflex Right Ear 1KHz 06'],"['Both males and females 20 YEARS - 69 YEARS', 'Both males and females 12 YEARS - 19 YEARS']",[nan],,
54,AUXRR106,-49 To 94,Range Of Values,['Acoustic Reflex Right Ear 1KHz 06'],"['Both males and females 20 YEARS - 69 YEARS', 'Both males and females 12 YEARS - 19 YEARS']",[nan],,
55,AUXRR106,-76 To 49,Range Of Values,['Acoustic Reflex Right Ear 1KHz 06'],"['Both males and females 20 YEARS - 69 YEARS', 'Both males and females 12 YEARS - 19 YEARS']",[nan],,
56,AUXRR107,-72 To 65,Range Of Values,['Acoustic Reflex Right Ear 1KHz 07'],"['Both males and females 20 YEARS - 69 YEARS', 'Both males and females 12 YEARS - 19 YEARS']",[nan],,
57,AUXRR107,.,Missing,['Acoustic Reflex Right Ear 1KHz 07'],"['Both males and females 20 YEARS - 69 YEARS', 'Both males and females 12 YEARS - 19 YEARS']",[nan],,
58,AUXRR107,-46 To 44,Range Of Values,['Acoustic Reflex Right Ear 1KHz 07'],"['Both males and females 20 YEARS - 69 YEARS', 'Both males and females 12 YEARS - 19 YEARS']",[nan],,
59,AUXRR107,-73 To 65,Range Of Values,['Acoustic Reflex Right Ear 1KHz 07'],"['Both males and females 20 YEARS - 69 YEARS', 'Both males and females 12 YEARS - 19 YEARS']",[nan],,
60,AUXRR107,-117 To 62,Range Of Values,['Acoustic Reflex Right Ear 1KHz 07'],"['Both males and females 20 YEARS - 69 YEARS', 'Both males and females 12 YEARS - 19 YEARS']",[nan],,
61,AUXRR107,-62 To 89,Range Of Values,['Acoustic Reflex Right Ear 1KHz 07'],"['Both males and females 20 YEARS - 69 YEARS', 'Both males and females 12 YEARS - 19 YEARS']",[nan],,
62,AUXRR107,-46 To 86,Range Of Values,['Acoustic Reflex Right Ear 1KHz 07'],"['Both males and females 20 YEARS - 69 YEARS', 'Both males and females 12 YEARS - 19 YEARS']",[nan],,
63,AUXRR107,-76 To 60,Range Of Values,['Acoustic Reflex Right Ear 1KHz 07'],"['Both males and females 20 YEARS - 69 YEARS', 'Both males and females 12 YEARS - 19 YEARS']",[nan],,
64,AUXRR108,-66 To 53,Range Of Values,['Acoustic Reflex Right Ear 1KHz 08'],"['Both males and females 20 YEARS - 69 YEARS', 'Both males and females 12 YEARS - 19 YEARS']",[nan],,
65,AUXRR108,.,Missing,['Acoustic Reflex Right Ear 1KHz 08'],"['Both males and females 20 YEARS - 69 YEARS', 'Both males and females 12 YEARS - 19 YEARS']",[nan],,
66,AUXRR108,-52 To 83,Range Of Values,['Acoustic Reflex Right Ear 1KHz 08'],"['Both males and females 20 YEARS - 69 YEARS', 'Both males and females 12 YEARS - 19 YEARS']",[nan],,
67,AUXRR108,-70 To 65,Range Of Values,['Acoustic Reflex Right Ear 1KHz 08'],"['Both males and females 20 YEARS - 69 YEARS', 'Both males and females 12 YEARS - 19 YEARS']",[nan],,
68,AUXRR108,-110 To 38,Range Of Values,['Acoustic Reflex Right Ear 1KHz 08'],"['Both males and females 20 YEARS - 69 YEARS', 'Both males and females 12 YEARS - 19 YEARS']",[nan],,
69,AUXRR108,-60 To 84,Range Of Values,['Acoustic Reflex Right Ear 1KHz 08'],"['Both males and females 20 YEARS - 69 YEARS', 'Both males and females 12 YEARS - 19 YEARS']",[nan],,
70,AUXRR108,-44 To 87,Range Of Values,['Acoustic Reflex Right Ear 1KHz 08'],"['Both males and females 20 YEARS - 69 YEARS', 'Both males and females 12 YEARS - 19 YEARS']",[nan],,
71,AUXRR108,-65 To 50,Range Of Values,['Acoustic Reflex Right Ear 1KHz 08'],"['Both males and females 20 YEARS - 69 YEARS', 'Both males and females 12 YEARS - 19 YEARS']",[nan],,
72,AUXRR109,-64 To 54,Range Of Values,['Acoustic Reflex Right Ear 1KHz 09'],"['Both males and females 20 YEARS - 69 YEARS', 'Both males and females 12 YEARS - 19 YEARS']",[nan],,
73,AUXRR109,.,Missing,['Acoustic Reflex Right Ear 1KHz 09'],"['Both males and females 20 YEARS - 69 YEARS', 'Both males and females 12 YEARS - 19 YEARS']",[nan],,
74,AUXRR109,-59 To 81,Range Of Values,['Acoustic Reflex Right Ear 1KHz 09'],"['Both males and females 20 YEARS - 69 YEARS', 'Both males and females 12 YEARS - 19 YEARS']",[nan],,
75,AUXRR109,-63 To 65,Range Of Values,['Acoustic Reflex Right Ear 1KHz 09'],"['Both males and females 20 YEARS - 69 YEARS', 'Both males and females 12 YEARS - 19 YEARS']",[nan],,
76,AUXRR109,-101 To 39,Range Of Values,['Acoustic Reflex Right Ear 1KHz 09'],"['Both males and females 20 YEARS - 69 YEARS', 'Both males and females 12 YEARS - 19 YEARS']",[nan],,
77,AUXRR109,-57 To 90,Range Of Values,['Acoustic Reflex Right Ear 1KHz 09'],"['Both males and females 20 YEARS - 69 YEARS', 'Both males and females 12 YEARS - 19 YEARS']",[nan],,
78,AUXRR109,-43 To 86,Range Of Values,['Acoustic Reflex Right Ear 1KHz 09'],"['Both males and females 20 YEARS - 69 YEARS', 'Both males and females 12 YEARS - 19 YEARS']",[nan],,
79,AUXRR109,-72 To 44,Range Of Values,['Acoustic Reflex Right Ear 1KHz 09'],"['Both males and females 20 YEARS - 69 YEARS', 'Both males and females 12 YEARS - 19 YEARS']",[nan],,
80,AUXRR110,-62 To 46,Range Of Values,['Acoustic Reflex Right Ear 1KHz 10'],"['Both males and females 20 YEARS - 69 YEARS', 'Both males and females 12 YEARS - 19 YEARS']",[nan],,
81,AUXRR110,.,Missing,['Acoustic Reflex Right Ear 1KHz 10'],"['Both males and females 20 YEARS - 69 YEARS', 'Both males and females 12 YEARS - 19 YEARS']",[nan],,
82,AUXRR110,-59 To 67,Range Of Values,['Acoustic Reflex Right Ear 1KHz 10'],"['Both males and females 20 YEARS - 69 YEARS', 'Both males and females 12 YEARS - 19 YEARS']",[nan],,
83,AUXRR110,-59 To 65,Range Of Values,['Acoustic Reflex Right Ear 1KHz 10'],"['Both males and females 20 YEARS - 69 YEARS', 'Both males and females 12 YEARS - 19 YEARS']",[nan],,
84,AUXRR110,-93 To 49,Range Of Values,['Acoustic Reflex Right Ear 1KHz 10'],"['Both males and females 20 YEARS - 69 YEARS', 'Both males and females 12 YEARS - 19 YEARS']",[nan],,
85,AUXRR110,-55 To 96,Range Of Values,['Acoustic Reflex Right Ear 1KHz 10'],"['Both males and females 20 YEARS - 69 YEARS', 'Both males and females 12 YEARS - 19 YEARS']",[nan],,
86,AUXRR110,-44 To 83,Range Of Values,['Acoustic Reflex Right Ear 1KHz 10'],"['Both males and females 20 YEARS - 69 YEARS', 'Both males and females 12 YEARS - 19 YEARS']",[nan],,
87,AUXRR110,-74 To 57,Range Of Values,['Acoustic Reflex Right Ear 1KHz 10'],"['Both males and females 20 YEARS - 69 YEARS', 'Both males and females 12 YEARS - 19 YEARS']",[nan],,
88,AUXRR111,-59 To 44,Range Of Values,['Acoustic Reflex Right Ear 1KHz 11'],"['Both males and females 20 YEARS - 69 YEARS', 'Both males and females 12 YEARS - 19 YEARS']",[nan],,
89,AUXRR111,.,Missing,['Acoustic Reflex Right Ear 1KHz 11'],"['Both males and females 20 YEARS - 69 YEARS', 'Both males and females 12 YEARS - 19 YEARS']",[nan],,
90,AUXRR111,-48 To 63,Range Of Values,['Acoustic Reflex Right Ear 1KHz 11'],"['Both males and females 20 YEARS - 69 YEARS', 'Both males and females 12 YEARS - 19 YEARS']",[nan],,
91,AUXRR111,-57 To 71,Range Of Values,['Acoustic Reflex Right Ear 1KHz 11'],"['Both males and females 20 YEARS - 69 YEARS', 'Both males and females 12 YEARS - 19 YEARS']",[nan],,
92,AUXRR111,-83 To 37,Range Of Values,['Acoustic Reflex Right Ear 1KHz 11'],"['Both males and females 20 YEARS - 69 YEARS', 'Both males and females 12 YEARS - 19 YEARS']",[nan],,
93,AUXRR111,-53 To 96,Range Of Values,['Acoustic Reflex Right Ear 1KHz 11'],"['Both males and females 20 YEARS - 69 YEARS', 'Both males and females 12 YEARS - 19 YEARS']",[nan],,
94,AUXRR111,-44 To 81,Range Of Values,['Acoustic Reflex Right Ear 1KHz 11'],"['Both males and females 20 YEARS - 69 YEARS', 'Both males and females 12 YEARS - 19 YEARS']",[nan],,
95,AUXRR111,-74 To 49,Range Of Values,['Acoustic Reflex Right Ear 1KHz 11'],"['Both males and females 20 YEARS - 69 YEARS', 'Both males and females 12 YEARS - 19 YEARS']",[nan],,
96,AUXRR112,-57 To 44,Range Of Values,['Acoustic Reflex Right Ear 1KHz 12'],"['Both males and females 20 YEARS - 69 YEARS', 'Both males and females 12 YEARS - 19 YEARS']",[nan],,
97,AUXRR112,.,Missing,['Acoustic Reflex Right Ear 1KHz 12'],"['Both males and females 20 YEARS - 69 YEARS', 'Both males and females 12 YEARS - 19 YEARS']",[nan],,
98,AUXRR112,-38 To 61,Range Of Values,['Acoustic Reflex Right Ear 1KHz 12'],"['Both males and females 20 YEARS - 69 YEARS', 'Both males and females 12 YEARS - 19 YEARS']",[nan],,
99,AUXRR112,-56 To 71,Range Of Values,['Acoustic Reflex Right Ear 1KHz 12'],"['Both males and females 20 YEARS - 69 YEARS', 'Both males and females 12 YEARS - 19 YEARS']",[nan],,
100,AUXRR112,-73 To 38,Range Of Values,['Acoustic Reflex Right Ear 1KHz 12'],"['Both males and females 20 YEARS - 69 YEARS', 'Both males and females 12 YEARS - 19 YEARS']",[nan],,
101,AUXRR112,-53 To 77,Range Of Values,['Acoustic Reflex Right Ear 1KHz 12'],"['Both males and females 20 YEARS - 69 YEARS', 'Both males and females 12 YEARS - 19 YEARS']",[nan],,
102,AUXRR112,-43 To 79,Range Of Values,['Acoustic Reflex Right Ear 1KHz 12'],"['Both males and females 20 YEARS - 69 YEARS', 'Both males and females 12 YEARS - 19 YEARS']",[nan],,
103,AUXRR112,-81 To 56,Range Of Values,['Acoustic Reflex Right Ear 1KHz 12'],"['Both males and females 20 YEARS - 69 YEARS', 'Both males and females 12 YEARS - 19 YEARS']",[nan],,
104,AUXRR113,-55 To 44,Range Of Values,['Acoustic Reflex Right Ear 1KHz 13'],"['Both males and females 20 YEARS - 69 YEARS', 'Both males and females 12 YEARS - 19 YEARS']",[nan],,
105,AUXRR113,.,Missing,['Acoustic Reflex Right Ear 1KHz 13'],"['Both males and females 20 YEARS - 69 YEARS', 'Both males and females 12 YEARS - 19 YEARS']",[nan],,
106,AUXRR113,-36 To 47,Range Of Values,['Acoustic Reflex Right Ear 1KHz 13'],"['Both males and females 20 YEARS - 69 YEARS', 'Both males and females 12 YEARS - 19 YEARS']",[nan],,
107,AUXRR113,-56 To 65,Range Of Values,['Acoustic Reflex Right Ear 1KHz 13'],"['Both males and females 20 YEARS - 69 YEARS', 'Both males and females 12 YEARS - 19 YEARS']",[nan],,
108,AUXRR113,-65 To 40,Range Of Values,['Acoustic Reflex Right Ear 1KHz 13'],"['Both males and females 20 YEARS - 69 YEARS', 'Both males and females 12 YEARS - 19 YEARS']",[nan],,
109,AUXRR113,-53 To 76,Range Of Values,['Acoustic Reflex Right Ear 1KHz 13'],"['Both males and females 20 YEARS - 69 YEARS', 'Both males and females 12 YEARS - 19 YEARS']",[nan],,
110,AUXRR113,-42 To 76,Range Of Values,['Acoustic Reflex Right Ear 1KHz 13'],"['Both males and females 20 YEARS - 69 YEARS', 'Both males and females 12 YEARS - 19 YEARS']",[nan],,
111,AUXRR113,-81 To 69,Range Of Values,['Acoustic Reflex Right Ear 1KHz 13'],"['Both males and females 20 YEARS - 69 YEARS', 'Both males and females 12 YEARS - 19 YEARS']",[nan],,
112,AUXRR114,-51 To 57,Range Of Values,['Acoustic Reflex Right Ear 1KHz 14'],"['Both males and females 20 YEARS - 69 YEARS', 'Both males and females 12 YEARS - 19 YEARS']",[nan],,
113,AUXRR114,.,Missing,['Acoustic Reflex Right Ear 1KHz 14'],"['Both males and females 20 YEARS - 69 YEARS', 'Both males and females 12 YEARS - 19 YEARS']",[nan],,
114,AUXRR114,-33 To 64,Range Of Values,['Acoustic Reflex Right Ear 1KHz 14'],"['Both males and females 20 YEARS - 69 YEARS', 'Both males and females 12 YEARS - 19 YEARS']",[nan],,
115,AUXRR114,-56 To 71,Range Of Values,['Acoustic Reflex Right Ear 1KHz 14'],"['Both males and females 20 YEARS - 69 YEARS', 'Both males and females 12 YEARS - 19 YEARS']",[nan],,
116,AUXRR114,-60 To 41,Range Of Values,['Acoustic Reflex Right Ear 1KHz 14'],"['Both males and females 20 YEARS - 69 YEARS', 'Both males and females 12 YEARS - 19 YEARS']",[nan],,
117,AUXRR114,-53 To 76,Range Of Values,['Acoustic Reflex Right Ear 1KHz 14'],"['Both males and females 20 YEARS - 69 YEARS', 'Both males and females 12 YEARS - 19 YEARS']",[nan],,
118,AUXRR114,-41 To 72,Range Of Values,['Acoustic Reflex Right Ear 1KHz 14'],"['Both males and females 20 YEARS - 69 YEARS', 'Both males and females 12 YEARS - 19 YEARS']",[nan],,
119,AUXRR114,-78 To 104,Range Of Values,['Acoustic Reflex Right Ear 1KHz 14'],"['Both males and females 20 YEARS - 69 YEARS', 'Both males and females 12 YEARS - 19 YEARS']",[nan],,
120,AUXRR115,-47 To 79,Range Of Values,['Acoustic Reflex Right Ear 1KHz 15'],"['Both males and females 20 YEARS - 69 YEARS', 'Both males and females 12 YEARS - 19 YEARS']",[nan],,
121,AUXRR115,.,Missing,['Acoustic Reflex Right Ear 1KHz 15'],"['Both males and females 20 YEARS - 69 YEARS', 'Both males and females 12 YEARS - 19 YEARS']",[nan],,
122,AUXRR115,-29 To 48,Range Of Values,['Acoustic Reflex Right Ear 1KHz 15'],"['Both males and females 20 YEARS - 69 YEARS', 'Both males and females 12 YEARS - 19 YEARS']",[nan],,
123,AUXRR115,-54 To 75,Range Of Values,['Acoustic Reflex Right Ear 1KHz 15'],"['Both males and females 20 YEARS - 69 YEARS', 'Both males and females 12 YEARS - 19 YEARS']",[nan],,
124,AUXRR115,-57 To 42,Range Of Values,['Acoustic Reflex Right Ear 1KHz 15'],"['Both males and females 20 YEARS - 69 YEARS', 'Both males and females 12 YEARS - 19 YEARS']",[nan],,
125,AUXRR115,-53 To 76,Range Of Values,['Acoustic Reflex Right Ear 1KHz 15'],"['Both males and females 20 YEARS - 69 YEARS', 'Both males and females 12 YEARS - 19 YEARS']",[nan],,
126,AUXRR115,-41 To 63,Range Of Values,['Acoustic Reflex Right Ear 1KHz 15'],"['Both males and females 20 YEARS - 69 YEARS', 'Both males and females 12 YEARS - 19 YEARS']",[nan],,
127,AUXRR115,-77 To 118,Range Of Values,['Acoustic Reflex Right Ear 1KHz 15'],"['Both males and females 20 YEARS - 69 YEARS', 'Both males and females 12 YEARS - 19 YEARS']",[nan],,
128,AUXRR116,-41 To 49,Range Of Values,['Acoustic Reflex Right Ear 1KHz 16'],"['Both males and females 20 YEARS - 69 YEARS', 'Both males and females 12 YEARS - 19 YEARS']",[nan],,
129,AUXRR116,.,Missing,['Acoustic Reflex Right Ear 1KHz 16'],"['Both males and females 20 YEARS - 69 YEARS', 'Both males and females 12 YEARS - 19 YEARS']",[nan],,
130,AUXRR116,-27 To 35,Range Of Values,['Acoustic Reflex Right Ear 1KHz 16'],"['Both males and females 20 YEARS - 69 YEARS', 'Both males and females 12 YEARS - 19 YEARS']",[nan],,
131,AUXRR116,-53 To 64,Range Of Values,['Acoustic Reflex Right Ear 1KHz 16'],"['Both males and females 20 YEARS - 69 YEARS', 'Both males and females 12 YEARS - 19 YEARS']",[nan],,
132,AUXRR116,-54 To 42,Range Of Values,['Acoustic Reflex Right Ear 1KHz 16'],"['Both males and females 20 YEARS - 69 YEARS', 'Both males and females 12 YEARS - 19 YEARS']",[nan],,
133,AUXRR116,-52 To 76,Range Of Values,['Acoustic Reflex Right Ear 1KHz 16'],"['Both males and females 20 YEARS - 69 YEARS', 'Both males and females 12 YEARS - 19 YEARS']",[nan],,
134,AUXRR116,-55 To 52,Range Of Values,['Acoustic Reflex Right Ear 1KHz 16'],"['Both males and females 20 YEARS - 69 YEARS', 'Both males and females 12 YEARS - 19 YEARS']",[nan],,
135,AUXRR116,-74 To 104,Range Of Values,['Acoustic Reflex Right Ear 1KHz 16'],"['Both males and females 20 YEARS - 69 YEARS', 'Both males and females 12 YEARS - 19 YEARS']",[nan],,
136,AUXRR117,-35 To 44,Range Of Values,['Acoustic Reflex Right Ear 1KHz 17'],"['Both males and females 20 YEARS - 69 YEARS', 'Both males and females 12 YEARS - 19 YEARS']",[nan],,
137,AUXRR117,.,Missing,['Acoustic Reflex Right Ear 1KHz 17'],"['Both males and females 20 YEARS - 69 YEARS', 'Both males and females 12 YEARS - 19 YEARS']",[nan],,
138,AUXRR117,-25 To 45,Range Of Values,['Acoustic Reflex Right Ear 1KHz 17'],"['Both males and females 20 YEARS - 69 YEARS', 'Both males and females 12 YEARS - 19 YEARS']",[nan],,
139,AUXRR117,-54 To 64,Range Of Values,['Acoustic Reflex Right Ear 1KHz 17'],"['Both males and females 20 YEARS - 69 YEARS', 'Both males and females 12 YEARS - 19 YEARS']",[nan],,
140,AUXRR117,-48 To 63,Range Of Values,['Acoustic Reflex Right Ear 1KHz 17'],"['Both males and females 20 YEARS - 69 YEARS', 'Both males and females 12 YEARS - 19 YEARS']",[nan],,
141,AUXRR117,-51 To 73,Range Of Values,['Acoustic Reflex Right Ear 1KHz 17'],"['Both males and females 20 YEARS - 69 YEARS', 'Both males and females 12 YEARS - 19 YEARS']",[nan],,
142,AUXRR117,-69 To 52,Range Of Values,['Acoustic Reflex Right Ear 1KHz 17'],"['Both males and females 20 YEARS - 69 YEARS', 'Both males and females 12 YEARS - 19 YEARS']",[nan],,
143,AUXRR117,-72 To 102,Range Of Values,['Acoustic Reflex Right Ear 1KHz 17'],"['Both males and females 20 YEARS - 69 YEARS', 'Both males and females 12 YEARS - 19 YEARS']",[nan],,
144,AUXRR118,-29 To 50,Range Of Values,['Acoustic Reflex Right Ear 1KHz 18'],"['Both males and females 20 YEARS - 69 YEARS', 'Both males and females 12 YEARS - 19 YEARS']",[nan],,
145,AUXRR118,.,Missing,['Acoustic Reflex Right Ear 1KHz 18'],"['Both males and females 20 YEARS - 69 YEARS', 'Both males and females 12 YEARS - 19 YEARS']",[nan],,
146,AUXRR118,-29 To 38,Range Of Values,['Acoustic Reflex Right Ear 1KHz 18'],"['Both males and females 20 YEARS - 69 YEARS', 'Both males and females 12 YEARS - 19 YEARS']",[nan],,
147,AUXRR118,-57 To 65,Range Of Values,['Acoustic Reflex Right Ear 1KHz 18'],"['Both males and females 20 YEARS - 69 YEARS', 'Both males and females 12 YEARS - 19 YEARS']",[nan],,
148,AUXRR118,-37 To 54,Range Of Values,['Acoustic Reflex Right Ear 1KHz 18'],"['Both males and females 20 YEARS - 69 YEARS', 'Both males and females 12 YEARS - 19 YEARS']",[nan],,
149,AUXRR118,-50 To 73,Range Of Values,['Acoustic Reflex Right Ear 1KHz 18'],"['Both males and females 20 YEARS - 69 YEARS', 'Both males and females 12 YEARS - 19 YEARS']",[nan],,
150,AUXRR118,-40 To 69,Range Of Values,['Acoustic Reflex Right Ear 1KHz 18'],"['Both males and females 20 YEARS - 69 YEARS', 'Both males and females 12 YEARS - 19 YEARS']",[nan],,
151,AUXRR118,-73 To 83,Range Of Values,['Acoustic Reflex Right Ear 1KHz 18'],"['Both males and females 20 YEARS - 69 YEARS', 'Both males and females 12 YEARS - 19 YEARS']",[nan],,
152,AUXRR119,-24 To 53,Range Of Values,['Acoustic Reflex Right Ear 1KHz 19'],"['Both males and females 20 YEARS - 69 YEARS', 'Both males and females 12 YEARS - 19 YEARS']",[nan],,
153,AUXRR119,.,Missing,['Acoustic Reflex Right Ear 1KHz 19'],"['Both males and females 20 YEARS - 69 YEARS', 'Both males and females 12 YEARS - 19 YEARS']",[nan],,
154,AUXRR119,-28 To 39,Range Of Values,['Acoustic Reflex Right Ear 1KHz 19'],"['Both males and females 20 YEARS - 69 YEARS', 'Both males and females 12 YEARS - 19 YEARS']",[nan],,
155,AUXRR119,-61 To 64,Range Of Values,['Acoustic Reflex Right Ear 1KHz 19'],"['Both males and females 20 YEARS - 69 YEARS', 'Both males and females 12 YEARS - 19 YEARS']",[nan],,
156,AUXRR119,-39 To 75,Range Of Values,['Acoustic Reflex Right Ear 1KHz 19'],"['Both males and females 20 YEARS - 69 YEARS', 'Both males and females 12 YEARS - 19 YEARS']",[nan],,
157,AUXRR119,-48 To 105,Range Of Values,['Acoustic Reflex Right Ear 1KHz 19'],"['Both males and females 20 YEARS - 69 YEARS', 'Both males and females 12 YEARS - 19 YEARS']",[nan],,
158,AUXRR119,-40 To 62,Range Of Values,['Acoustic Reflex Right Ear 1KHz 19'],"['Both males and females 20 YEARS - 69 YEARS', 'Both males and females 12 YEARS - 19 YEARS']",[nan],,
159,AUXRR119,-74 To 78,Range Of Values,['Acoustic Reflex Right Ear 1KHz 19'],"['Both males and females 20 YEARS - 69 YEARS', 'Both males and females 12 YEARS - 19 YEARS']",[nan],,
160,AUXRR120,-22 To 72,Range Of Values,['Acoustic Reflex Right Ear 1KHz 20'],"['Both males and females 20 YEARS - 69 YEARS', 'Both males and females 12 YEARS - 19 YEARS']",[nan],,
161,AUXRR120,.,Missing,['Acoustic Reflex Right Ear 1KHz 20'],"['Both males and females 20 YEARS - 69 YEARS', 'Both males and females 12 YEARS - 19 YEARS']",[nan],,
162,AUXRR120,-32 To 41,Range Of Values,['Acoustic Reflex Right Ear 1KHz 20'],"['Both males and females 20 YEARS - 69 YEARS', 'Both males and females 12 YEARS - 19 YEARS']",[nan],,
163,AUXRR120,-65 To 80,Range Of Values,['Acoustic Reflex Right Ear 1KHz 20'],"['Both males and females 20 YEARS - 69 YEARS', 'Both males and females 12 YEARS - 19 YEARS']",[nan],,
164,AUXRR120,-40 To 61,Range Of Values,['Acoustic Reflex Right Ear 1KHz 20'],"['Both males and females 20 YEARS - 69 YEARS', 'Both males and females 12 YEARS - 19 YEARS']",[nan],,
165,AUXRR120,-42 To 107,Range Of Values,['Acoustic Reflex Right Ear 1KHz 20'],"['Both males and females 20 YEARS - 69 YEARS', 'Both males and females 12 YEARS - 19 YEARS']",[nan],,
166,AUXRR120,-42 To 60,Range Of Values,['Acoustic Reflex Right Ear 1KHz 20'],"['Both males and females 20 YEARS - 69 YEARS', 'Both males and females 12 YEARS - 19 YEARS']",[nan],,
167,AUXRR120,-76 To 94,Range Of Values,['Acoustic Reflex Right Ear 1KHz 20'],"['Both males and females 20 YEARS - 69 YEARS', 'Both males and females 12 YEARS - 19 YEARS']",[nan],,
168,AUXRR121,-21 To 94,Range Of Values,['Acoustic Reflex Right Ear 1KHz 21'],"['Both males and females 20 YEARS - 69 YEARS', 'Both males and females 12 YEARS - 19 YEARS']",[nan],,
169,AUXRR121,.,Missing,['Acoustic Reflex Right Ear 1KHz 21'],"['Both males and females 20 YEARS - 69 YEARS', 'Both males and females 12 YEARS - 19 YEARS']",[nan],,
170,AUXRR121,-42 To 47,Range Of Values,['Acoustic Reflex Right Ear 1KHz 21'],"['Both males and females 20 YEARS - 69 YEARS', 'Both males and females 12 YEARS - 19 YEARS']",[nan],,
171,AUXRR121,-69 To 77,Range Of Values,['Acoustic Reflex Right Ear 1KHz 21'],"['Both males and females 20 YEARS - 69 YEARS', 'Both males and females 12 YEARS - 19 YEARS']",[nan],,
172,AUXRR121,-41 To 43,Range Of Values,['Acoustic Reflex Right Ear 1KHz 21'],"['Both males and females 20 YEARS - 69 YEARS', 'Both males and females 12 YEARS - 19 YEARS']",[nan],,
173,AUXRR121,-43 To 105,Range Of Values,['Acoustic Reflex Right Ear 1KHz 21'],"['Both males and females 20 YEARS - 69 YEARS', 'Both males and females 12 YEARS - 19 YEARS']",[nan],,
174,AUXRR121,-45 To 86,Range Of Values,['Acoustic Reflex Right Ear 1KHz 21'],"['Both males and females 20 YEARS - 69 YEARS', 'Both males and females 12 YEARS - 19 YEARS']",[nan],,
175,AUXRR121,-77 To 81,Range Of Values,['Acoustic Reflex Right Ear 1KHz 21'],"['Both males and females 20 YEARS - 69 YEARS', 'Both males and females 12 YEARS - 19 YEARS']",[nan],,
176,AUXRR122,-22 To 55,Range Of Values,['Acoustic Reflex Right Ear 1KHz 22'],"['Both males and females 20 YEARS - 69 YEARS', 'Both males and females 12 YEARS - 19 YEARS']",[nan],,
177,AUXRR122,.,Missing,['Acoustic Reflex Right Ear 1KHz 22'],"['Both males and females 20 YEARS - 69 YEARS', 'Both males and females 12 YEARS - 19 YEARS']",[nan],,
178,AUXRR122,-44 To 51,Range Of Values,['Acoustic Reflex Right Ear 1KHz 22'],"['Both males and females 20 YEARS - 69 YEARS', 'Both males and females 12 YEARS - 19 YEARS']",[nan],,
179,AUXRR122,-73 To 57,Range Of Values,['Acoustic Reflex Right Ear 1KHz 22'],"['Both males and females 20 YEARS - 69 YEARS', 'Both males and females 12 YEARS - 19 YEARS']",[nan],,
180,AUXRR122,-40 To 46,Range Of Values,['Acoustic Reflex Right Ear 1KHz 22'],"['Both males and females 20 YEARS - 69 YEARS', 'Both males and females 12 YEARS - 19 YEARS']",[nan],,
181,AUXRR122,-43 To 68,Range Of Values,['Acoustic Reflex Right Ear 1KHz 22'],"['Both males and females 20 YEARS - 69 YEARS', 'Both males and females 12 YEARS - 19 YEARS']",[nan],,
182,AUXRR122,-48 To 100,Range Of Values,['Acoustic Reflex Right Ear 1KHz 22'],"['Both males and females 20 YEARS - 69 YEARS', 'Both males and females 12 YEARS - 19 YEARS']",[nan],,
183,AUXRR122,-78 To 52,Range Of Values,['Acoustic Reflex Right Ear 1KHz 22'],"['Both males and females 20 YEARS - 69 YEARS', 'Both males and females 12 YEARS - 19 YEARS']",[nan],,
184,AUXRR123,-23 To 48,Range Of Values,['Acoustic Reflex Right Ear 1KHz 23'],"['Both males and females 20 YEARS - 69 YEARS', 'Both males and females 12 YEARS - 19 YEARS']",[nan],,
185,AUXRR123,.,Missing,['Acoustic Reflex Right Ear 1KHz 23'],"['Both males and females 20 YEARS - 69 YEARS', 'Both males and females 12 YEARS - 19 YEARS']",[nan],,
186,AUXRR123,-34 To 50,Range Of Values,['Acoustic Reflex Right Ear 1KHz 23'],"['Both males and females 20 YEARS - 69 YEARS', 'Both males and females 12 YEARS - 19 YEARS']",[nan],,
187,AUXRR123,-74 To 60,Range Of Values,['Acoustic Reflex Right Ear 1KHz 23'],"['Both males and females 20 YEARS - 69 YEARS', 'Both males and females 12 YEARS - 19 YEARS']",[nan],,
188,AUXRR123,-40 To 44,Range Of Values,['Acoustic Reflex Right Ear 1KHz 23'],"['Both males and females 20 YEARS - 69 YEARS', 'Both males and females 12 YEARS - 19 YEARS']",[nan],,
189,AUXRR123,-44 To 67,Range Of Values,['Acoustic Reflex Right Ear 1KHz 23'],"['Both males and females 20 YEARS - 69 YEARS', 'Both males and females 12 YEARS - 19 YEARS']",[nan],,
190,AUXRR123,-51 To 100,Range Of Values,['Acoustic Reflex Right Ear 1KHz 23'],"['Both males and females 20 YEARS - 69 YEARS', 'Both males and females 12 YEARS - 19 YEARS']",[nan],,
191,AUXRR123,-79 To 58,Range Of Values,['Acoustic Reflex Right Ear 1KHz 23'],"['Both males and females 20 YEARS - 69 YEARS', 'Both males and females 12 YEARS - 19 YEARS']",[nan],,
192,AUXRR124,-24 To 45,Range Of Values,['Acoustic Reflex Right Ear 1KHz 24'],"['Both males and females 20 YEARS - 69 YEARS', 'Both males and females 12 YEARS - 19 YEARS']",[nan],,
193,AUXRR124,.,Missing,['Acoustic Reflex Right Ear 1KHz 24'],"['Both males and females 20 YEARS - 69 YEARS', 'Both males and females 12 YEARS - 19 YEARS']",[nan],,
194,AUXRR124,-27 To 53,Range Of Values,['Acoustic Reflex Right Ear 1KHz 24'],"['Both males and females 20 YEARS - 69 YEARS', 'Both males and females 12 YEARS - 19 YEARS']",[nan],,
195,AUXRR124,-74 To 62,Range Of Values,['Acoustic Reflex Right Ear 1KHz 24'],"['Both males and females 20 YEARS - 69 YEARS', 'Both males and females 12 YEARS - 19 YEARS']",[nan],,
196,AUXRR124,-40 To 50,Range Of Values,['Acoustic Reflex Right Ear 1KHz 24'],"['Both males and females 20 YEARS - 69 YEARS', 'Both males and females 12 YEARS - 19 YEARS']",[nan],,
197,AUXRR124,-47 To 69,Range Of Values,['Acoustic Reflex Right Ear 1KHz 24'],"['Both males and females 20 YEARS - 69 YEARS', 'Both males and females 12 YEARS - 19 YEARS']",[nan],,
198,AUXRR124,-53 To 100,Range Of Values,['Acoustic Reflex Right Ear 1KHz 24'],"['Both males and females 20 YEARS - 69 YEARS', 'Both males and females 12 YEARS - 19 YEARS']",[nan],,
199,AUXRR124,-78 To 63,Range Of Values,['Acoustic Reflex Right Ear 1KHz 24'],"['Both males and females 20 YEARS - 69 YEARS', 'Both males and females 12 YEARS - 19 YEARS']",[nan],,
200,AUXRR125,-25 To 44,Range Of Values,['Acoustic Reflex Right Ear 1KHz 25'],"['Both males and females 20 YEARS - 69 YEARS', 'Both males and females 12 YEARS - 19 YEARS']",[nan],,
201,AUXRR125,.,Missing,['Acoustic Reflex Right Ear 1KHz 25'],"['Both males and females 20 YEARS - 69 YEARS', 'Both males and females 12 YEARS - 19 YEARS']",[nan],,
202,AUXRR125,-32 To 67,Range Of Values,['Acoustic Reflex Right Ear 1KHz 25'],"['Both males and females 20 YEARS - 69 YEARS', 'Both males and females 12 YEARS - 19 YEARS']",[nan],,
203,AUXRR125,-75 To 73,Range Of Values,['Acoustic Reflex Right Ear 1KHz 25'],"['Both males and females 20 YEARS - 69 YEARS', 'Both males and females 12 YEARS - 19 YEARS']",[nan],,
204,AUXRR125,-42 To 49,Range Of Values,['Acoustic Reflex Right Ear 1KHz 25'],"['Both males and females 20 YEARS - 69 YEARS', 'Both males and females 12 YEARS - 19 YEARS']",[nan],,
205,AUXRR125,-50 To 65,Range Of Values,['Acoustic Reflex Right Ear 1KHz 25'],"['Both males and females 20 YEARS - 69 YEARS', 'Both males and females 12 YEARS - 19 YEARS']",[nan],,
206,AUXRR125,-53 To 89,Range Of Values,['Acoustic Reflex Right Ear 1KHz 25'],"['Both males and females 20 YEARS - 69 YEARS', 'Both males and females 12 YEARS - 19 YEARS']",[nan],,
207,AUXRR125,-78 To 71,Range Of Values,['Acoustic Reflex Right Ear 1KHz 25'],"['Both males and females 20 YEARS - 69 YEARS', 'Both males and females 12 YEARS - 19 YEARS']",[nan],,
208,AUXRR126,-27 To 56,Range Of Values,['Acoustic Reflex Right Ear 1KHz 26'],"['Both males and females 20 YEARS - 69 YEARS', 'Both males and females 12 YEARS - 19 YEARS']",[nan],,
209,AUXRR126,.,Missing,['Acoustic Reflex Right Ear 1KHz 26'],"['Both males and females 20 YEARS - 69 YEARS', 'Both males and females 12 YEARS - 19 YEARS']",[nan],,
210,AUXRR126,-41 To 54,Range Of Values,['Acoustic Reflex Right Ear 1KHz 26'],"['Both males and females 20 YEARS - 69 YEARS', 'Both males and females 12 YEARS - 19 YEARS']",[nan],,
211,AUXRR126,-77 To 65,Range Of Values,['Acoustic Reflex Right Ear 1KHz 26'],"['Both males and females 20 YEARS - 69 YEARS', 'Both males and females 12 YEARS - 19 YEARS']",[nan],,
212,AUXRR126,-44 To 44,Range Of Values,['Acoustic Reflex Right Ear 1KHz 26'],"['Both males and females 20 YEARS - 69 YEARS', 'Both males and females 12 YEARS - 19 YEARS']",[nan],,
213,AUXRR126,-51 To 65,Range Of Values,['Acoustic Reflex Right Ear 1KHz 26'],"['Both males and females 20 YEARS - 69 YEARS', 'Both males and females 12 YEARS - 19 YEARS']",[nan],,
214,AUXRR126,-53 To 69,Range Of Values,['Acoustic Reflex Right Ear 1KHz 26'],"['Both males and females 20 YEARS - 69 YEARS', 'Both males and females 12 YEARS - 19 YEARS']",[nan],,
215,AUXRR126,-78 To 78,Range Of Values,['Acoustic Reflex Right Ear 1KHz 26'],"['Both males and females 20 YEARS - 69 YEARS', 'Both males and females 12 YEARS - 19 YEARS']",[nan],,
216,AUXRR127,-30 To 42,Range Of Values,['Acoustic Reflex Right Ear 1KHz 27'],"['Both males and females 20 YEARS - 69 YEARS', 'Both males and females 12 YEARS - 19 YEARS']",[nan],,
217,AUXRR127,.,Missing,['Acoustic Reflex Right Ear 1KHz 27'],"['Both males and females 20 YEARS - 69 YEARS', 'Both males and females 12 YEARS - 19 YEARS']",[nan],,
218,AUXRR127,-45 To 51,Range Of Values,['Acoustic Reflex Right Ear 1KHz 27'],"['Both males and females 20 YEARS - 69 YEARS', 'Both males and females 12 YEARS - 19 YEARS']",[nan],,
219,AUXRR127,-77 To 61,Range Of Values,['Acoustic Reflex Right Ear 1KHz 27'],"['Both males and females 20 YEARS - 69 YEARS', 'Both males and females 12 YEARS - 19 YEARS']",[nan],,
220,AUXRR127,-46 To 45,Range Of Values,['Acoustic Reflex Right Ear 1KHz 27'],"['Both males and females 20 YEARS - 69 YEARS', 'Both males and females 12 YEARS - 19 YEARS']",[nan],,
221,AUXRR127,-45 To 63,Range Of Values,['Acoustic Reflex Right Ear 1KHz 27'],"['Both males and females 20 YEARS - 69 YEARS', 'Both males and females 12 YEARS - 19 YEARS']",[nan],,
222,AUXRR127,-51 To 62,Range Of Values,['Acoustic Reflex Right Ear 1KHz 27'],"['Both males and females 20 YEARS - 69 YEARS', 'Both males and females 12 YEARS - 19 YEARS']",[nan],,
223,AUXRR127,-78 To 82,Range Of Values,['Acoustic Reflex Right Ear 1KHz 27'],"['Both males and females 20 YEARS - 69 YEARS', 'Both males and females 12 YEARS - 19 YEARS']",[nan],,
224,AUXRR128,-37 To 39,Range Of Values,['Acoustic Reflex Right Ear 1KHz 28'],"['Both males and females 20 YEARS - 69 YEARS', 'Both males and females 12 YEARS - 19 YEARS']",[nan],,
225,AUXRR128,.,Missing,['Acoustic Reflex Right Ear 1KHz 28'],"['Both males and females 20 YEARS - 69 YEARS', 'Both males and females 12 YEARS - 19 YEARS']",[nan],,
226,AUXRR128,-45 To 44,Range Of Values,['Acoustic Reflex Right Ear 1KHz 28'],"['Both males and females 20 YEARS - 69 YEARS', 'Both males and females 12 YEARS - 19 YEARS']",[nan],,
227,AUXRR128,-74 To 60,Range Of Values,['Acoustic Reflex Right Ear 1KHz 28'],"['Both males and females 20 YEARS - 69 YEARS', 'Both males and females 12 YEARS - 19 YEARS']",[nan],,
228,AUXRR128,-48 To 49,Range Of Values,['Acoustic Reflex Right Ear 1KHz 28'],"['Both males and females 20 YEARS - 69 YEARS', 'Both males and females 12 YEARS - 19 YEARS']",[nan],,
229,AUXRR128,-43 To 63,Range Of Values,['Acoustic Reflex Right Ear 1KHz 28'],"['Both males and females 20 YEARS - 69 YEARS', 'Both males and females 12 YEARS - 19 YEARS']",[nan],,
230,AUXRR128,-50 To 65,Range Of Values,['Acoustic Reflex Right Ear 1KHz 28'],"['Both males and females 20 YEARS - 69 YEARS', 'Both males and females 12 YEARS - 19 YEARS']",[nan],,
231,AUXRR128,-77 To 81,Range Of Values,['Acoustic Reflex Right Ear 1KHz 28'],"['Both males and females 20 YEARS - 69 YEARS', 'Both males and females 12 YEARS - 19 YEARS']",[nan],,
232,AUXRR129,-39 To 42,Range Of Values,['Acoustic Reflex Right Ear 1KHz 29'],"['Both males and females 20 YEARS - 69 YEARS', 'Both males and females 12 YEARS - 19 YEARS']",[nan],,
233,AUXRR129,.,Missing,['Acoustic Reflex Right Ear 1KHz 29'],"['Both males and females 20 YEARS - 69 YEARS', 'Both males and females 12 YEARS - 19 YEARS']",[nan],,
234,AUXRR129,-43 To 73,Range Of Values,['Acoustic Reflex Right Ear 1KHz 29'],"['Both males and females 20 YEARS - 69 YEARS', 'Both males and females 12 YEARS - 19 YEARS']",[nan],,
235,AUXRR129,-69 To 72,Range Of Values,['Acoustic Reflex Right Ear 1KHz 29'],"['Both males and females 20 YEARS - 69 YEARS', 'Both males and females 12 YEARS - 19 YEARS']",[nan],,
236,AUXRR129,-47 To 79,Range Of Values,['Acoustic Reflex Right Ear 1KHz 29'],"['Both males and females 20 YEARS - 69 YEARS', 'Both males and females 12 YEARS - 19 YEARS']",[nan],,
237,AUXRR129,-43 To 65,Range Of Values,['Acoustic Reflex Right Ear 1KHz 29'],"['Both males and females 20 YEARS - 69 YEARS', 'Both males and females 12 YEARS - 19 YEARS']",[nan],,
238,AUXRR129,-49 To 70,Range Of Values,['Acoustic Reflex Right Ear 1KHz 29'],"['Both males and females 20 YEARS - 69 YEARS', 'Both males and females 12 YEARS - 19 YEARS']",[nan],,
239,AUXRR129,-73 To 77,Range Of Values,['Acoustic Reflex Right Ear 1KHz 29'],"['Both males and females 20 YEARS - 69 YEARS', 'Both males and females 12 YEARS - 19 YEARS']",[nan],,
240,AUXRR130,-35 To 61,Range Of Values,['Acoustic Reflex Right Ear 1KHz 30'],"['Both males and females 20 YEARS - 69 YEARS', 'Both males and females 12 YEARS - 19 YEARS']",[nan],,
241,AUXRR130,.,Missing,['Acoustic Reflex Right Ear 1KHz 30'],"['Both males and females 20 YEARS - 69 YEARS', 'Both males and females 12 YEARS - 19 YEARS']",[nan],,
242,AUXRR130,-41 To 62,Range Of Values,['Acoustic Reflex Right Ear 1KHz 30'],"['Both males and females 20 YEARS - 69 YEARS', 'Both males and females 12 YEARS - 19 YEARS']",[nan],,
243,AUXRR130,-66 To 73,Range Of Values,['Acoustic Reflex Right Ear 1KHz 30'],"['Both males and females 20 YEARS - 69 YEARS', 'Both males and females 12 YEARS - 19 YEARS']",[nan],,
244,AUXRR130,-46 To 69,Range Of Values,['Acoustic Reflex Right Ear 1KHz 30'],"['Both males and females 20 YEARS - 69 YEARS', 'Both males and females 12 YEARS - 19 YEARS']",[nan],,
245,AUXRR130,-45 To 85,Range Of Values,['Acoustic Reflex Right Ear 1KHz 30'],"['Both males and females 20 YEARS - 69 YEARS', 'Both males and females 12 YEARS - 19 YEARS']",[nan],,
246,AUXRR130,-47 To 81,Range Of Values,['Acoustic Reflex Right Ear 1KHz 30'],"['Both males and females 20 YEARS - 69 YEARS', 'Both males and females 12 YEARS - 19 YEARS']",[nan],,
247,AUXRR130,-70 To 71,Range Of Values,['Acoustic Reflex Right Ear 1KHz 30'],"['Both males and females 20 YEARS - 69 YEARS', 'Both males and females 12 YEARS - 19 YEARS']",[nan],,
248,AUXRR131,-34 To 49,Range Of Values,['Acoustic Reflex Right Ear 1KHz 31'],"['Both males and females 20 YEARS - 69 YEARS', 'Both males and females 12 YEARS - 19 YEARS']",[nan],,
249,AUXRR131,.,Missing,['Acoustic Reflex Right Ear 1KHz 31'],"['Both males and females 20 YEARS - 69 YEARS', 'Both males and females 12 YEARS - 19 YEARS']",[nan],,
250,AUXRR131,-40 To 49,Range Of Values,['Acoustic Reflex Right Ear 1KHz 31'],"['Both males and females 20 YEARS - 69 YEARS', 'Both males and females 12 YEARS - 19 YEARS']",[nan],,
251,AUXRR131,-63 To 58,Range Of Values,['Acoustic Reflex Right Ear 1KHz 31'],"['Both males and females 20 YEARS - 69 YEARS', 'Both males and females 12 YEARS - 19 YEARS']",[nan],,
252,AUXRR131,-45 To 49,Range Of Values,['Acoustic Reflex Right Ear 1KHz 31'],"['Both males and females 20 YEARS - 69 YEARS', 'Both males and females 12 YEARS - 19 YEARS']",[nan],,
253,AUXRR131,-45 To 114,Range Of Values,['Acoustic Reflex Right Ear 1KHz 31'],"['Both males and females 20 YEARS - 69 YEARS', 'Both males and females 12 YEARS - 19 YEARS']",[nan],,
254,AUXRR131,-45 To 62,Range Of Values,['Acoustic Reflex Right Ear 1KHz 31'],"['Both males and females 20 YEARS - 69 YEARS', 'Both males and females 12 YEARS - 19 YEARS']",[nan],,
255,AUXRR131,-68 To 69,Range Of Values,['Acoustic Reflex Right Ear 1KHz 31'],"['Both males and females 20 YEARS - 69 YEARS', 'Both males and females 12 YEARS - 19 YEARS']",[nan],,
256,AUXRR132,-35 To 46,Range Of Values,['Acoustic Reflex Right Ear 1KHz 32'],"['Both males and females 20 YEARS - 69 YEARS', 'Both males and females 12 YEARS - 19 YEARS']",[nan],,
257,AUXRR132,.,Missing,['Acoustic Reflex Right Ear 1KHz 32'],"['Both males and females 20 YEARS - 69 YEARS', 'Both males and females 12 YEARS - 19 YEARS']",[nan],,
258,AUXRR132,-37 To 63,Range Of Values,['Acoustic Reflex Right Ear 1KHz 32'],"['Both males and females 20 YEARS - 69 YEARS', 'Both males and females 12 YEARS - 19 YEARS']",[nan],,
259,AUXRR132,-60 To 56,Range Of Values,['Acoustic Reflex Right Ear 1KHz 32'],"['Both males and females 20 YEARS - 69 YEARS', 'Both males and females 12 YEARS - 19 YEARS']",[nan],,
260,AUXRR132,-45 To 44,Range Of Values,['Acoustic Reflex Right Ear 1KHz 32'],"['Both males and females 20 YEARS - 69 YEARS', 'Both males and females 12 YEARS - 19 YEARS']",[nan],,
261,AUXRR132,-45 To 110,Range Of Values,['Acoustic Reflex Right Ear 1KHz 32'],"['Both males and females 20 YEARS - 69 YEARS', 'Both males and females 12 YEARS - 19 YEARS']",[nan],,
262,AUXRR132,-43 To 64,Range Of Values,['Acoustic Reflex Right Ear 1KHz 32'],"['Both males and females 20 YEARS - 69 YEARS', 'Both males and females 12 YEARS - 19 YEARS']",[nan],,
263,AUXRR132,-67 To 70,Range Of Values,['Acoustic Reflex Right Ear 1KHz 32'],"['Both males and females 20 YEARS - 69 YEARS', 'Both males and females 12 YEARS - 19 YEARS']",[nan],,
264,AUXRR133,-36 To 41,Range Of Values,['Acoustic Reflex Right Ear 1KHz 33'],"['Both males and females 20 YEARS - 69 YEARS', 'Both males and females 12 YEARS - 19 YEARS']",[nan],,
265,AUXRR133,.,Missing,['Acoustic Reflex Right Ear 1KHz 33'],"['Both males and females 20 YEARS - 69 YEARS', 'Both males and females 12 YEARS - 19 YEARS']",[nan],,
266,AUXRR133,-36 To 57,Range Of Values,['Acoustic Reflex Right Ear 1KHz 33'],"['Both males and females 20 YEARS - 69 YEARS', 'Both males and females 12 YEARS - 19 YEARS']",[nan],,
267,AUXRR133,-59 To 60,Range Of Values,['Acoustic Reflex Right Ear 1KHz 33'],"['Both males and females 20 YEARS - 69 YEARS', 'Both males and females 12 YEARS - 19 YEARS']",[nan],,
268,AUXRR133,-45 To 42,Range Of Values,['Acoustic Reflex Right Ear 1KHz 33'],"['Both males and females 20 YEARS - 69 YEARS', 'Both males and females 12 YEARS - 19 YEARS']",[nan],,
269,AUXRR133,-45 To 67,Range Of Values,['Acoustic Reflex Right Ear 1KHz 33'],"['Both males and females 20 YEARS - 69 YEARS', 'Both males and females 12 YEARS - 19 YEARS']",[nan],,
270,AUXRR133,-41 To 84,Range Of Values,['Acoustic Reflex Right Ear 1KHz 33'],"['Both males and females 20 YEARS - 69 YEARS', 'Both males and females 12 YEARS - 19 YEARS']",[nan],,
271,AUXRR133,-66 To 70,Range Of Values,['Acoustic Reflex Right Ear 1KHz 33'],"['Both males and females 20 YEARS - 69 YEARS', 'Both males and females 12 YEARS - 19 YEARS']",[nan],,
272,AUXRR134,-34 To 38,Range Of Values,['Acoustic Reflex Right Ear 1KHz 34'],"['Both males and females 20 YEARS - 69 YEARS', 'Both males and females 12 YEARS - 19 YEARS']",[nan],,
273,AUXRR134,.,Missing,['Acoustic Reflex Right Ear 1KHz 34'],"['Both males and females 20 YEARS - 69 YEARS', 'Both males and females 12 YEARS - 19 YEARS']",[nan],,
274,AUXRR134,-38 To 57,Range Of Values,['Acoustic Reflex Right Ear 1KHz 34'],"['Both males and females 20 YEARS - 69 YEARS', 'Both males and females 12 YEARS - 19 YEARS']",[nan],,
275,AUXRR134,-59 To 68,Range Of Values,['Acoustic Reflex Right Ear 1KHz 34'],"['Both males and females 20 YEARS - 69 YEARS', 'Both males and females 12 YEARS - 19 YEARS']",[nan],,
276,AUXRR134,-43 To 41,Range Of Values,['Acoustic Reflex Right Ear 1KHz 34'],"['Both males and females 20 YEARS - 69 YEARS', 'Both males and females 12 YEARS - 19 YEARS']",[nan],,
277,AUXRR134,-45 To 63,Range Of Values,['Acoustic Reflex Right Ear 1KHz 34'],"['Both males and females 20 YEARS - 69 YEARS', 'Both males and females 12 YEARS - 19 YEARS']",[nan],,
278,AUXRR134,-39 To 79,Range Of Values,['Acoustic Reflex Right Ear 1KHz 34'],"['Both males and females 20 YEARS - 69 YEARS', 'Both males and females 12 YEARS - 19 YEARS']",[nan],,
279,AUXRR134,-65 To 69,Range Of Values,['Acoustic Reflex Right Ear 1KHz 34'],"['Both males and females 20 YEARS - 69 YEARS', 'Both males and females 12 YEARS - 19 YEARS']",[nan],,
280,AUXRR135,-31 To 35,Range Of Values,['Acoustic Reflex Right Ear 1KHz 35'],"['Both males and females 20 YEARS - 69 YEARS', 'Both males and females 12 YEARS - 19 YEARS']",[nan],,
281,AUXRR135,.,Missing,['Acoustic Reflex Right Ear 1KHz 35'],"['Both males and females 20 YEARS - 69 YEARS', 'Both males and females 12 YEARS - 19 YEARS']",[nan],,
282,AUXRR135,-38 To 46,Range Of Values,['Acoustic Reflex Right Ear 1KHz 35'],"['Both males and females 20 YEARS - 69 YEARS', 'Both males and females 12 YEARS - 19 YEARS']",[nan],,
283,AUXRR135,-60 To 64,Range Of Values,['Acoustic Reflex Right Ear 1KHz 35'],"['Both males and females 20 YEARS - 69 YEARS', 'Both males and females 12 YEARS - 19 YEARS']",[nan],,
284,AUXRR135,-41 To 41,Range Of Values,['Acoustic Reflex Right Ear 1KHz 35'],"['Both males and females 20 YEARS - 69 YEARS', 'Both males and females 12 YEARS - 19 YEARS']",[nan],,
285,AUXRR135,-45 To 60,Range Of Values,['Acoustic Reflex Right Ear 1KHz 35'],"['Both males and females 20 YEARS - 69 YEARS', 'Both males and females 12 YEARS - 19 YEARS']",[nan],,
286,AUXRR135,-39 To 58,Range Of Values,['Acoustic Reflex Right Ear 1KHz 35'],"['Both males and females 20 YEARS - 69 YEARS', 'Both males and females 12 YEARS - 19 YEARS']",[nan],,
287,AUXRR135,-65 To 71,Range Of Values,['Acoustic Reflex Right Ear 1KHz 35'],"['Both males and females 20 YEARS - 69 YEARS', 'Both males and females 12 YEARS - 19 YEARS']",[nan],,
288,AUXRR136,-35 To 34,Range Of Values,['Acoustic Reflex Right Ear 1KHz 36'],"['Both males and females 20 YEARS - 69 YEARS', 'Both males and females 12 YEARS - 19 YEARS']",[nan],,
289,AUXRR136,.,Missing,['Acoustic Reflex Right Ear 1KHz 36'],"['Both males and females 20 YEARS - 69 YEARS', 'Both males and females 12 YEARS - 19 YEARS']",[nan],,
290,AUXRR136,-33 To 74,Range Of Values,['Acoustic Reflex Right Ear 1KHz 36'],"['Both males and females 20 YEARS - 69 YEARS', 'Both males and females 12 YEARS - 19 YEARS']",[nan],,
291,AUXRR136,-59 To 60,Range Of Values,['Acoustic Reflex Right Ear 1KHz 36'],"['Both males and females 20 YEARS - 69 YEARS', 'Both males and females 12 YEARS - 19 YEARS']",[nan],,
292,AUXRR136,-40 To 43,Range Of Values,['Acoustic Reflex Right Ear 1KHz 36'],"['Both males and females 20 YEARS - 69 YEARS', 'Both males and females 12 YEARS - 19 YEARS']",[nan],,
293,AUXRR136,-45 To 62,Range Of Values,['Acoustic Reflex Right Ear 1KHz 36'],"['Both males and females 20 YEARS - 69 YEARS', 'Both males and females 12 YEARS - 19 YEARS']",[nan],,
294,AUXRR136,-39 To 65,Range Of Values,['Acoustic Reflex Right Ear 1KHz 36'],"['Both males and females 20 YEARS - 69 YEARS', 'Both males and females 12 YEARS - 19 YEARS']",[nan],,
295,AUXRR136,-64 To 76,Range Of Values,['Acoustic Reflex Right Ear 1KHz 36'],"['Both males and females 20 YEARS - 69 YEARS', 'Both males and females 12 YEARS - 19 YEARS']",[nan],,
296,AUXRR137,-34 To 40,Range Of Values,['Acoustic Reflex Right Ear 1KHz 37'],"['Both males and females 20 YEARS - 69 YEARS', 'Both males and females 12 YEARS - 19 YEARS']",[nan],,
297,AUXRR137,.,Missing,['Acoustic Reflex Right Ear 1KHz 37'],"['Both males and females 20 YEARS - 69 YEARS', 'Both males and females 12 YEARS - 19 YEARS']",[nan],,
298,AUXRR137,-25 To 62,Range Of Values,['Acoustic Reflex Right Ear 1KHz 37'],"['Both males and females 20 YEARS - 69 YEARS', 'Both males and females 12 YEARS - 19 YEARS']",[nan],,
299,AUXRR137,-55 To 51,Range Of Values,['Acoustic Reflex Right Ear 1KHz 37'],"['Both males and females 20 YEARS - 69 YEARS', 'Both males and females 12 YEARS - 19 YEARS']",[nan],,
300,AUXRR137,-39 To 38,Range Of Values,['Acoustic Reflex Right Ear 1KHz 37'],"['Both males and females 20 YEARS - 69 YEARS', 'Both males and females 12 YEARS - 19 YEARS']",[nan],,
301,AUXRR137,-44 To 56,Range Of Values,['Acoustic Reflex Right Ear 1KHz 37'],"['Both males and females 20 YEARS - 69 YEARS', 'Both males and females 12 YEARS - 19 YEARS']",[nan],,
302,AUXRR137,-38 To 63,Range Of Values,['Acoustic Reflex Right Ear 1KHz 37'],"['Both males and females 20 YEARS - 69 YEARS', 'Both males and females 12 YEARS - 19 YEARS']",[nan],,
303,AUXRR137,-64 To 73,Range Of Values,['Acoustic Reflex Right Ear 1KHz 37'],"['Both males and females 20 YEARS - 69 YEARS', 'Both males and females 12 YEARS - 19 YEARS']",[nan],,
304,AUXRR138,-33 To 38,Range Of Values,['Acoustic Reflex Right Ear 1KHz 38'],"['Both males and females 20 YEARS - 69 YEARS', 'Both males and females 12 YEARS - 19 YEARS']",[nan],,
305,AUXRR138,.,Missing,['Acoustic Reflex Right Ear 1KHz 38'],"['Both males and females 20 YEARS - 69 YEARS', 'Both males and females 12 YEARS - 19 YEARS']",[nan],,
306,AUXRR138,-17 To 48,Range Of Values,['Acoustic Reflex Right Ear 1KHz 38'],"['Both males and females 20 YEARS - 69 YEARS', 'Both males and females 12 YEARS - 19 YEARS']",[nan],,
307,AUXRR138,-45 To 48,Range Of Values,['Acoustic Reflex Right Ear 1KHz 38'],"['Both males and females 20 YEARS - 69 YEARS', 'Both males and females 12 YEARS - 19 YEARS']",[nan],,
308,AUXRR138,-38 To 42,Range Of Values,['Acoustic Reflex Right Ear 1KHz 38'],"['Both males and females 20 YEARS - 69 YEARS', 'Both males and females 12 YEARS - 19 YEARS']",[nan],,
309,AUXRR138,-44 To 52,Range Of Values,['Acoustic Reflex Right Ear 1KHz 38'],"['Both males and females 20 YEARS - 69 YEARS', 'Both males and females 12 YEARS - 19 YEARS']",[nan],,
310,AUXRR138,-36 To 56,Range Of Values,['Acoustic Reflex Right Ear 1KHz 38'],"['Both males and females 20 YEARS - 69 YEARS', 'Both males and females 12 YEARS - 19 YEARS']",[nan],,
311,AUXRR138,-62 To 70,Range Of Values,['Acoustic Reflex Right Ear 1KHz 38'],"['Both males and females 20 YEARS - 69 YEARS', 'Both males and females 12 YEARS - 19 YEARS']",[nan],,
312,AUXRR139,-30 To 53,Range Of Values,['Acoustic Reflex Right Ear 1KHz 39'],"['Both males and females 20 YEARS - 69 YEARS', 'Both males and females 12 YEARS - 19 YEARS']",[nan],,
313,AUXRR139,.,Missing,['Acoustic Reflex Right Ear 1KHz 39'],"['Both males and females 20 YEARS - 69 YEARS', 'Both males and females 12 YEARS - 19 YEARS']",[nan],,
314,AUXRR139,-15 To 50,Range Of Values,['Acoustic Reflex Right Ear 1KHz 39'],"['Both males and females 20 YEARS - 69 YEARS', 'Both males and females 12 YEARS - 19 YEARS']",[nan],,
315,AUXRR139,-33 To 46,Range Of Values,['Acoustic Reflex Right Ear 1KHz 39'],"['Both males and females 20 YEARS - 69 YEARS', 'Both males and females 12 YEARS - 19 YEARS']",[nan],,
316,AUXRR139,-37 To 38,Range Of Values,['Acoustic Reflex Right Ear 1KHz 39'],"['Both males and females 20 YEARS - 69 YEARS', 'Both males and females 12 YEARS - 19 YEARS']",[nan],,
317,AUXRR139,-43 To 49,Range Of Values,['Acoustic Reflex Right Ear 1KHz 39'],"['Both males and females 20 YEARS - 69 YEARS', 'Both males and females 12 YEARS - 19 YEARS']",[nan],,
318,AUXRR139,-33 To 65,Range Of Values,['Acoustic Reflex Right Ear 1KHz 39'],"['Both males and females 20 YEARS - 69 YEARS', 'Both males and females 12 YEARS - 19 YEARS']",[nan],,
319,AUXRR139,-61 To 65,Range Of Values,['Acoustic Reflex Right Ear 1KHz 39'],"['Both males and females 20 YEARS - 69 YEARS', 'Both males and females 12 YEARS - 19 YEARS']",[nan],,
320,AUXRR140,-19 To 44,Range Of Values,['Acoustic Reflex Right Ear 1KHz 40'],"['Both males and females 20 YEARS - 69 YEARS', 'Both males and females 12 YEARS - 19 YEARS']",[nan],,
321,AUXRR140,.,Missing,['Acoustic Reflex Right Ear 1KHz 40'],"['Both males and females 20 YEARS - 69 YEARS', 'Both males and females 12 YEARS - 19 YEARS']",[nan],,
322,AUXRR140,-17 To 49,Range Of Values,['Acoustic Reflex Right Ear 1KHz 40'],"['Both males and females 20 YEARS - 69 YEARS', 'Both males and females 12 YEARS - 19 YEARS']",[nan],,
323,AUXRR140,-28 To 49,Range Of Values,['Acoustic Reflex Right Ear 1KHz 40'],"['Both males and females 20 YEARS - 69 YEARS', 'Both males and females 12 YEARS - 19 YEARS']",[nan],,
324,AUXRR140,-36 To 38,Range Of Values,['Acoustic Reflex Right Ear 1KHz 40'],"['Both males and females 20 YEARS - 69 YEARS', 'Both males and females 12 YEARS - 19 YEARS']",[nan],,
325,AUXRR140,-43 To 48,Range Of Values,['Acoustic Reflex Right Ear 1KHz 40'],"['Both males and females 20 YEARS - 69 YEARS', 'Both males and females 12 YEARS - 19 YEARS']",[nan],,
326,AUXRR140,-30 To 83,Range Of Values,['Acoustic Reflex Right Ear 1KHz 40'],"['Both males and females 20 YEARS - 69 YEARS', 'Both males and females 12 YEARS - 19 YEARS']",[nan],,
327,AUXRR140,-60 To 57,Range Of Values,['Acoustic Reflex Right Ear 1KHz 40'],"['Both males and females 20 YEARS - 69 YEARS', 'Both males and females 12 YEARS - 19 YEARS']",[nan],,
328,AUXRR141,-12 To 52,Range Of Values,['Acoustic Reflex Right Ear 1KHz 41'],"['Both males and females 20 YEARS - 69 YEARS', 'Both males and females 12 YEARS - 19 YEARS']",[nan],,
329,AUXRR141,.,Missing,['Acoustic Reflex Right Ear 1KHz 41'],"['Both males and females 20 YEARS - 69 YEARS', 'Both males and females 12 YEARS - 19 YEARS']",[nan],,
330,AUXRR141,-15 To 72,Range Of Values,['Acoustic Reflex Right Ear 1KHz 41'],"['Both males and females 20 YEARS - 69 YEARS', 'Both males and females 12 YEARS - 19 YEARS']",[nan],,
331,AUXRR141,-26 To 87,Range Of Values,['Acoustic Reflex Right Ear 1KHz 41'],"['Both males and females 20 YEARS - 69 YEARS', 'Both males and females 12 YEARS - 19 YEARS']",[nan],,
332,AUXRR141,-35 To 42,Range Of Values,['Acoustic Reflex Right Ear 1KHz 41'],"['Both males and females 20 YEARS - 69 YEARS', 'Both males and females 12 YEARS - 19 YEARS']",[nan],,
333,AUXRR141,-45 To 48,Range Of Values,['Acoustic Reflex Right Ear 1KHz 41'],"['Both males and females 20 YEARS - 69 YEARS', 'Both males and females 12 YEARS - 19 YEARS']",[nan],,
334,AUXRR141,-31 To 97,Range Of Values,['Acoustic Reflex Right Ear 1KHz 41'],"['Both males and females 20 YEARS - 69 YEARS', 'Both males and females 12 YEARS - 19 YEARS']",[nan],,
335,AUXRR141,-59 To 58,Range Of Values,['Acoustic Reflex Right Ear 1KHz 41'],"['Both males and females 20 YEARS - 69 YEARS', 'Both males and females 12 YEARS - 19 YEARS']",[nan],,
336,AUXRR142,-8 To 47,Range Of Values,['Acoustic Reflex Right Ear 1KHz 42'],"['Both males and females 20 YEARS - 69 YEARS', 'Both males and females 12 YEARS - 19 YEARS']",[nan],,
337,AUXRR142,.,Missing,['Acoustic Reflex Right Ear 1KHz 42'],"['Both males and females 20 YEARS - 69 YEARS', 'Both males and females 12 YEARS - 19 YEARS']",[nan],,
338,AUXRR142,-7 To 61,Range Of Values,['Acoustic Reflex Right Ear 1KHz 42'],"['Both males and females 20 YEARS - 69 YEARS', 'Both males and females 12 YEARS - 19 YEARS']",[nan],,
339,AUXRR142,-25 To 102,Range Of Values,['Acoustic Reflex Right Ear 1KHz 42'],"['Both males and females 20 YEARS - 69 YEARS', 'Both males and females 12 YEARS - 19 YEARS']",[nan],,
340,AUXRR142,-34 To 60,Range Of Values,['Acoustic Reflex Right Ear 1KHz 42'],"['Both males and females 20 YEARS - 69 YEARS', 'Both males and females 12 YEARS - 19 YEARS']",[nan],,
341,AUXRR142,-45 To 104,Range Of Values,['Acoustic Reflex Right Ear 1KHz 42'],"['Both males and females 20 YEARS - 69 YEARS', 'Both males and females 12 YEARS - 19 YEARS']",[nan],,
342,AUXRR142,-35 To 108,Range Of Values,['Acoustic Reflex Right Ear 1KHz 42'],"['Both males and females 20 YEARS - 69 YEARS', 'Both males and females 12 YEARS - 19 YEARS']",[nan],,
343,AUXRR142,-57 To 54,Range Of Values,['Acoustic Reflex Right Ear 1KHz 42'],"['Both males and females 20 YEARS - 69 YEARS', 'Both males and females 12 YEARS - 19 YEARS']",[nan],,
344,AUXRR143,-11 To 40,Range Of Values,['Acoustic Reflex Right Ear 1KHz 43'],"['Both males and females 20 YEARS - 69 YEARS', 'Both males and females 12 YEARS - 19 YEARS']",[nan],,
345,AUXRR143,.,Missing,['Acoustic Reflex Right Ear 1KHz 43'],"['Both males and females 20 YEARS - 69 YEARS', 'Both males and females 12 YEARS - 19 YEARS']",[nan],,
346,AUXRR143,-14 To 51,Range Of Values,['Acoustic Reflex Right Ear 1KHz 43'],"['Both males and females 20 YEARS - 69 YEARS', 'Both males and females 12 YEARS - 19 YEARS']",[nan],,
347,AUXRR143,-24 To 70,Range Of Values,['Acoustic Reflex Right Ear 1KHz 43'],"['Both males and females 20 YEARS - 69 YEARS', 'Both males and females 12 YEARS - 19 YEARS']",[nan],,
348,AUXRR143,-33 To 78,Range Of Values,['Acoustic Reflex Right Ear 1KHz 43'],"['Both males and females 20 YEARS - 69 YEARS', 'Both males and females 12 YEARS - 19 YEARS']",[nan],,
349,AUXRR143,-45 To 131,Range Of Values,['Acoustic Reflex Right Ear 1KHz 43'],"['Both males and females 20 YEARS - 69 YEARS', 'Both males and females 12 YEARS - 19 YEARS']",[nan],,
350,AUXRR143,-38 To 100,Range Of Values,['Acoustic Reflex Right Ear 1KHz 43'],"['Both males and females 20 YEARS - 69 YEARS', 'Both males and females 12 YEARS - 19 YEARS']",[nan],,
351,AUXRR143,-56 To 52,Range Of Values,['Acoustic Reflex Right Ear 1KHz 43'],"['Both males and females 20 YEARS - 69 YEARS', 'Both males and females 12 YEARS - 19 YEARS']",[nan],,
352,AUXRR144,-7 To 47,Range Of Values,['Acoustic Reflex Right Ear 1KHz 44'],"['Both males and females 20 YEARS - 69 YEARS', 'Both males and females 12 YEARS - 19 YEARS']",[nan],,
353,AUXRR144,.,Missing,['Acoustic Reflex Right Ear 1KHz 44'],"['Both males and females 20 YEARS - 69 YEARS', 'Both males and females 12 YEARS - 19 YEARS']",[nan],,
354,AUXRR144,-10 To 44,Range Of Values,['Acoustic Reflex Right Ear 1KHz 44'],"['Both males and females 20 YEARS - 69 YEARS', 'Both males and females 12 YEARS - 19 YEARS']",[nan],,
355,AUXRR144,-23 To 80,Range Of Values,['Acoustic Reflex Right Ear 1KHz 44'],"['Both males and females 20 YEARS - 69 YEARS', 'Both males and females 12 YEARS - 19 YEARS']",[nan],,
356,AUXRR144,-33 To 54,Range Of Values,['Acoustic Reflex Right Ear 1KHz 44'],"['Both males and females 20 YEARS - 69 YEARS', 'Both males and females 12 YEARS - 19 YEARS']",[nan],,
357,AUXRR144,-43 To 128,Range Of Values,['Acoustic Reflex Right Ear 1KHz 44'],"['Both males and females 20 YEARS - 69 YEARS', 'Both males and females 12 YEARS - 19 YEARS']",[nan],,
358,AUXRR144,-35 To 94,Range Of Values,['Acoustic Reflex Right Ear 1KHz 44'],"['Both males and females 20 YEARS - 69 YEARS', 'Both males and females 12 YEARS - 19 YEARS']",[nan],,
359,AUXRR144,-54 To 54,Range Of Values,['Acoustic Reflex Right Ear 1KHz 44'],"['Both males and females 20 YEARS - 69 YEARS', 'Both males and females 12 YEARS - 19 YEARS']",[nan],,
360,AUXRR145,-6 To 45,Range Of Values,['Acoustic Reflex Right Ear 1KHz 45'],"['Both males and females 20 YEARS - 69 YEARS', 'Both males and females 12 YEARS - 19 YEARS']",[nan],,
361,AUXRR145,.,Missing,['Acoustic Reflex Right Ear 1KHz 45'],"['Both males and females 20 YEARS - 69 YEARS', 'Both males and females 12 YEARS - 19 YEARS']",[nan],,
362,AUXRR145,-6 To 50,Range Of Values,['Acoustic Reflex Right Ear 1KHz 45'],"['Both males and females 20 YEARS - 69 YEARS', 'Both males and females 12 YEARS - 19 YEARS']",[nan],,
363,AUXRR145,-21 To 98,Range Of Values,['Acoustic Reflex Right Ear 1KHz 45'],"['Both males and females 20 YEARS - 69 YEARS', 'Both males and females 12 YEARS - 19 YEARS']",[nan],,
364,AUXRR145,-31 To 38,Range Of Values,['Acoustic Reflex Right Ear 1KHz 45'],"['Both males and females 20 YEARS - 69 YEARS', 'Both males and females 12 YEARS - 19 YEARS']",[nan],,
365,AUXRR145,-42 To 141,Range Of Values,['Acoustic Reflex Right Ear 1KHz 45'],"['Both males and females 20 YEARS - 69 YEARS', 'Both males and females 12 YEARS - 19 YEARS']",[nan],,
366,AUXRR145,-28 To 101,Range Of Values,['Acoustic Reflex Right Ear 1KHz 45'],"['Both males and females 20 YEARS - 69 YEARS', 'Both males and females 12 YEARS - 19 YEARS']",[nan],,
367,AUXRR145,-52 To 51,Range Of Values,['Acoustic Reflex Right Ear 1KHz 45'],"['Both males and females 20 YEARS - 69 YEARS', 'Both males and females 12 YEARS - 19 YEARS']",[nan],,
368,AUXRR146,-7 To 33,Range Of Values,['Acoustic Reflex Right Ear 1KHz 46'],"['Both males and females 20 YEARS - 69 YEARS', 'Both males and females 12 YEARS - 19 YEARS']",[nan],,
369,AUXRR146,.,Missing,['Acoustic Reflex Right Ear 1KHz 46'],"['Both males and females 20 YEARS - 69 YEARS', 'Both males and females 12 YEARS - 19 YEARS']",[nan],,
370,AUXRR146,-3 To 56,Range Of Values,['Acoustic Reflex Right Ear 1KHz 46'],"['Both males and females 20 YEARS - 69 YEARS', 'Both males and females 12 YEARS - 19 YEARS']",[nan],,
371,AUXRR146,-18 To 92,Range Of Values,['Acoustic Reflex Right Ear 1KHz 46'],"['Both males and females 20 YEARS - 69 YEARS', 'Both males and females 12 YEARS - 19 YEARS']",[nan],,
372,AUXRR146,-31 To 40,Range Of Values,['Acoustic Reflex Right Ear 1KHz 46'],"['Both males and females 20 YEARS - 69 YEARS', 'Both males and females 12 YEARS - 19 YEARS']",[nan],,
373,AUXRR146,-41 To 151,Range Of Values,['Acoustic Reflex Right Ear 1KHz 46'],"['Both males and females 20 YEARS - 69 YEARS', 'Both males and females 12 YEARS - 19 YEARS']",[nan],,
374,AUXRR146,-29 To 106,Range Of Values,['Acoustic Reflex Right Ear 1KHz 46'],"['Both males and females 20 YEARS - 69 YEARS', 'Both males and females 12 YEARS - 19 YEARS']",[nan],,
375,AUXRR146,-48 To 60,Range Of Values,['Acoustic Reflex Right Ear 1KHz 46'],"['Both males and females 20 YEARS - 69 YEARS', 'Both males and females 12 YEARS - 19 YEARS']",[nan],,
376,AUXRR147,-6 To 36,Range Of Values,['Acoustic Reflex Right Ear 1KHz 47'],"['Both males and females 20 YEARS - 69 YEARS', 'Both males and females 12 YEARS - 19 YEARS']",[nan],,
377,AUXRR147,.,Missing,['Acoustic Reflex Right Ear 1KHz 47'],"['Both males and females 20 YEARS - 69 YEARS', 'Both males and females 12 YEARS - 19 YEARS']",[nan],,
378,AUXRR147,-1 To 52,Range Of Values,['Acoustic Reflex Right Ear 1KHz 47'],"['Both males and females 20 YEARS - 69 YEARS', 'Both males and females 12 YEARS - 19 YEARS']",[nan],,
379,AUXRR147,-16 To 60,Range Of Values,['Acoustic Reflex Right Ear 1KHz 47'],"['Both males and females 20 YEARS - 69 YEARS', 'Both males and females 12 YEARS - 19 YEARS']",[nan],,
380,AUXRR147,-30 To 47,Range Of Values,['Acoustic Reflex Right Ear 1KHz 47'],"['Both males and females 20 YEARS - 69 YEARS', 'Both males and females 12 YEARS - 19 YEARS']",[nan],,
381,AUXRR147,-39 To 151,Range Of Values,['Acoustic Reflex Right Ear 1KHz 47'],"['Both males and females 20 YEARS - 69 YEARS', 'Both males and females 12 YEARS - 19 YEARS']",[nan],,
382,AUXRR147,-28 To 81,Range Of Values,['Acoustic Reflex Right Ear 1KHz 47'],"['Both males and females 20 YEARS - 69 YEARS', 'Both males and females 12 YEARS - 19 YEARS']",[nan],,
383,AUXRR147,-44 To 58,Range Of Values,['Acoustic Reflex Right Ear 1KHz 47'],"['Both males and females 20 YEARS - 69 YEARS', 'Both males and females 12 YEARS - 19 YEARS']",[nan],,
384,AUXRR148,-5 To 57,Range Of Values,['Acoustic Reflex Right Ear 1KHz 48'],"['Both males and females 20 YEARS - 69 YEARS', 'Both males and females 12 YEARS - 19 YEARS']",[nan],,
385,AUXRR148,.,Missing,['Acoustic Reflex Right Ear 1KHz 48'],"['Both males and females 20 YEARS - 69 YEARS', 'Both males and females 12 YEARS - 19 YEARS']",[nan],,
386,AUXRR148,1 To 46,Range Of Values,['Acoustic Reflex Right Ear 1KHz 48'],"['Both males and females 20 YEARS - 69 YEARS', 'Both males and females 12 YEARS - 19 YEARS']",[nan],,
387,AUXRR148,-15 To 71,Range Of Values,['Acoustic Reflex Right Ear 1KHz 48'],"['Both males and females 20 YEARS - 69 YEARS', 'Both males and females 12 YEARS - 19 YEARS']",[nan],,
388,AUXRR148,-28 To 54,Range Of Values,['Acoustic Reflex Right Ear 1KHz 48'],"['Both males and females 20 YEARS - 69 YEARS', 'Both males and females 12 YEARS - 19 YEARS']",[nan],,
389,AUXRR148,-38 To 151,Range Of Values,['Acoustic Reflex Right Ear 1KHz 48'],"['Both males and females 20 YEARS - 69 YEARS', 'Both males and females 12 YEARS - 19 YEARS']",[nan],,
390,AUXRR148,-39 To 59,Range Of Values,['Acoustic Reflex Right Ear 1KHz 48'],"['Both males and females 20 YEARS - 69 YEARS', 'Both males and females 12 YEARS - 19 YEARS']",[nan],,
391,AUXRR148,-41 To 47,Range Of Values,['Acoustic Reflex Right Ear 1KHz 48'],"['Both males and females 20 YEARS - 69 YEARS', 'Both males and females 12 YEARS - 19 YEARS']",[nan],,
392,AUXRR149,-8 To 42,Range Of Values,['Acoustic Reflex Right Ear 1KHz 49'],"['Both males and females 20 YEARS - 69 YEARS', 'Both males and females 12 YEARS - 19 YEARS']",[nan],,
393,AUXRR149,.,Missing,['Acoustic Reflex Right Ear 1KHz 49'],"['Both males and females 20 YEARS - 69 YEARS', 'Both males and females 12 YEARS - 19 YEARS']",[nan],,
394,AUXRR149,-6 To 65,Range Of Values,['Acoustic Reflex Right Ear 1KHz 49'],"['Both males and females 20 YEARS - 69 YEARS', 'Both males and females 12 YEARS - 19 YEARS']",[nan],,
395,AUXRR149,-15 To 62,Range Of Values,['Acoustic Reflex Right Ear 1KHz 49'],"['Both males and females 20 YEARS - 69 YEARS', 'Both males and females 12 YEARS - 19 YEARS']",[nan],,
396,AUXRR149,-26 To 52,Range Of Values,['Acoustic Reflex Right Ear 1KHz 49'],"['Both males and females 20 YEARS - 69 YEARS', 'Both males and females 12 YEARS - 19 YEARS']",[nan],,
397,AUXRR149,-36 To 151,Range Of Values,['Acoustic Reflex Right Ear 1KHz 49'],"['Both males and females 20 YEARS - 69 YEARS', 'Both males and females 12 YEARS - 19 YEARS']",[nan],,
398,AUXRR149,-43 To 50,Range Of Values,['Acoustic Reflex Right Ear 1KHz 49'],"['Both males and females 20 YEARS - 69 YEARS', 'Both males and females 12 YEARS - 19 YEARS']",[nan],,
399,AUXRR149,-39 To 49,Range Of Values,['Acoustic Reflex Right Ear 1KHz 49'],"['Both males and females 20 YEARS - 69 YEARS', 'Both males and females 12 YEARS - 19 YEARS']",[nan],,
400,AUXRR150,-13 To 36,Range Of Values,['Acoustic Reflex Right Ear 1KHz 50'],"['Both males and females 20 YEARS - 69 YEARS', 'Both males and females 12 YEARS - 19 YEARS']",[nan],,
401,AUXRR150,.,Missing,['Acoustic Reflex Right Ear 1KHz 50'],"['Both males and females 20 YEARS - 69 YEARS', 'Both males and females 12 YEARS - 19 YEARS']",[nan],,
402,AUXRR150,-12 To 55,Range Of Values,['Acoustic Reflex Right Ear 1KHz 50'],"['Both males and females 20 YEARS - 69 YEARS', 'Both males and females 12 YEARS - 19 YEARS']",[nan],,
403,AUXRR150,-14 To 65,Range Of Values,['Acoustic Reflex Right Ear 1KHz 50'],"['Both males and females 20 YEARS - 69 YEARS', 'Both males and females 12 YEARS - 19 YEARS']",[nan],,
404,AUXRR150,-25 To 38,Range Of Values,['Acoustic Reflex Right Ear 1KHz 50'],"['Both males and females 20 YEARS - 69 YEARS', 'Both males and females 12 YEARS - 19 YEARS']",[nan],,
405,AUXRR150,-33 To 130,Range Of Values,['Acoustic Reflex Right Ear 1KHz 50'],"['Both males and females 20 YEARS - 69 YEARS', 'Both males and females 12 YEARS - 19 YEARS']",[nan],,
406,AUXRR150,-37 To 50,Range Of Values,['Acoustic Reflex Right Ear 1KHz 50'],"['Both males and females 20 YEARS - 69 YEARS', 'Both males and females 12 YEARS - 19 YEARS']",[nan],,
407,AUXRR150,-37 To 48,Range Of Values,['Acoustic Reflex Right Ear 1KHz 50'],"['Both males and females 20 YEARS - 69 YEARS', 'Both males and females 12 YEARS - 19 YEARS']",[nan],,
408,AUXRR151,-8 To 35,Range Of Values,['Acoustic Reflex Right Ear 1KHz 51'],"['Both males and females 20 YEARS - 69 YEARS', 'Both males and females 12 YEARS - 19 YEARS']",[nan],,
409,AUXRR151,.,Missing,['Acoustic Reflex Right Ear 1KHz 51'],"['Both males and females 20 YEARS - 69 YEARS', 'Both males and females 12 YEARS - 19 YEARS']",[nan],,
410,AUXRR151,-14 To 40,Range Of Values,['Acoustic Reflex Right Ear 1KHz 51'],"['Both males and females 20 YEARS - 69 YEARS', 'Both males and females 12 YEARS - 19 YEARS']",[nan],,
411,AUXRR151,-14 To 57,Range Of Values,['Acoustic Reflex Right Ear 1KHz 51'],"['Both males and females 20 YEARS - 69 YEARS', 'Both males and females 12 YEARS - 19 YEARS']",[nan],,
412,AUXRR151,-24 To 41,Range Of Values,['Acoustic Reflex Right Ear 1KHz 51'],"['Both males and females 20 YEARS - 69 YEARS', 'Both males and females 12 YEARS - 19 YEARS']",[nan],,
413,AUXRR151,-28 To 59,Range Of Values,['Acoustic Reflex Right Ear 1KHz 51'],"['Both males and females 20 YEARS - 69 YEARS', 'Both males and females 12 YEARS - 19 YEARS']",[nan],,
414,AUXRR151,-24 To 48,Range Of Values,['Acoustic Reflex Right Ear 1KHz 51'],"['Both males and females 20 YEARS - 69 YEARS', 'Both males and females 12 YEARS - 19 YEARS']",[nan],,
415,AUXRR151,-35 To 51,Range Of Values,['Acoustic Reflex Right Ear 1KHz 51'],"['Both males and females 20 YEARS - 69 YEARS', 'Both males and females 12 YEARS - 19 YEARS']",[nan],,
416,AUXRR152,-18 To 39,Range Of Values,['Acoustic Reflex Right Ear 1KHz 52'],"['Both males and females 20 YEARS - 69 YEARS', 'Both males and females 12 YEARS - 19 YEARS']",[nan],,
417,AUXRR152,.,Missing,['Acoustic Reflex Right Ear 1KHz 52'],"['Both males and females 20 YEARS - 69 YEARS', 'Both males and females 12 YEARS - 19 YEARS']",[nan],,
418,AUXRR152,-14 To 36,Range Of Values,['Acoustic Reflex Right Ear 1KHz 52'],"['Both males and females 20 YEARS - 69 YEARS', 'Both males and females 12 YEARS - 19 YEARS']",[nan],,
419,AUXRR152,-13 To 51,Range Of Values,['Acoustic Reflex Right Ear 1KHz 52'],"['Both males and females 20 YEARS - 69 YEARS', 'Both males and females 12 YEARS - 19 YEARS']",[nan],,
420,AUXRR152,-24 To 58,Range Of Values,['Acoustic Reflex Right Ear 1KHz 52'],"['Both males and females 20 YEARS - 69 YEARS', 'Both males and females 12 YEARS - 19 YEARS']",[nan],,
421,AUXRR152,-23 To 39,Range Of Values,['Acoustic Reflex Right Ear 1KHz 52'],"['Both males and females 20 YEARS - 69 YEARS', 'Both males and females 12 YEARS - 19 YEARS']",[nan],,
422,AUXRR152,-18 To 50,Range Of Values,['Acoustic Reflex Right Ear 1KHz 52'],"['Both males and females 20 YEARS - 69 YEARS', 'Both males and females 12 YEARS - 19 YEARS']",[nan],,
423,AUXRR152,-31 To 58,Range Of Values,['Acoustic Reflex Right Ear 1KHz 52'],"['Both males and females 20 YEARS - 69 YEARS', 'Both males and females 12 YEARS - 19 YEARS']",[nan],,
424,AUXRR153,-4 To 69,Range Of Values,['Acoustic Reflex Right Ear 1KHz 53'],"['Both males and females 20 YEARS - 69 YEARS', 'Both males and females 12 YEARS - 19 YEARS']",[nan],,
425,AUXRR153,.,Missing,['Acoustic Reflex Right Ear 1KHz 53'],"['Both males and females 20 YEARS - 69 YEARS', 'Both males and females 12 YEARS - 19 YEARS']",[nan],,
426,AUXRR153,-18 To 35,Range Of Values,['Acoustic Reflex Right Ear 1KHz 53'],"['Both males and females 20 YEARS - 69 YEARS', 'Both males and females 12 YEARS - 19 YEARS']",[nan],,
427,AUXRR153,-11 To 43,Range Of Values,['Acoustic Reflex Right Ear 1KHz 53'],"['Both males and females 20 YEARS - 69 YEARS', 'Both males and females 12 YEARS - 19 YEARS']",[nan],,
428,AUXRR153,-24 To 38,Range Of Values,['Acoustic Reflex Right Ear 1KHz 53'],"['Both males and females 20 YEARS - 69 YEARS', 'Both males and females 12 YEARS - 19 YEARS']",[nan],,
429,AUXRR153,-19 To 40,Range Of Values,['Acoustic Reflex Right Ear 1KHz 53'],"['Both males and females 20 YEARS - 69 YEARS', 'Both males and females 12 YEARS - 19 YEARS']",[nan],,
430,AUXRR153,-11 To 51,Range Of Values,['Acoustic Reflex Right Ear 1KHz 53'],"['Both males and females 20 YEARS - 69 YEARS', 'Both males and females 12 YEARS - 19 YEARS']",[nan],,
431,AUXRR153,-28 To 57,Range Of Values,['Acoustic Reflex Right Ear 1KHz 53'],"['Both males and females 20 YEARS - 69 YEARS', 'Both males and females 12 YEARS - 19 YEARS']",[nan],,
432,AUXRR154,-29 To 80,Range Of Values,['Acoustic Reflex Right Ear 1KHz 54'],"['Both males and females 20 YEARS - 69 YEARS', 'Both males and females 12 YEARS - 19 YEARS']",[nan],,
433,AUXRR154,.,Missing,['Acoustic Reflex Right Ear 1KHz 54'],"['Both males and females 20 YEARS - 69 YEARS', 'Both males and females 12 YEARS - 19 YEARS']",[nan],,
434,AUXRR154,-20 To 35,Range Of Values,['Acoustic Reflex Right Ear 1KHz 54'],"['Both males and females 20 YEARS - 69 YEARS', 'Both males and females 12 YEARS - 19 YEARS']",[nan],,
435,AUXRR154,-8 To 46,Range Of Values,['Acoustic Reflex Right Ear 1KHz 54'],"['Both males and females 20 YEARS - 69 YEARS', 'Both males and females 12 YEARS - 19 YEARS']",[nan],,
436,AUXRR154,-23 To 38,Range Of Values,['Acoustic Reflex Right Ear 1KHz 54'],"['Both males and females 20 YEARS - 69 YEARS', 'Both males and females 12 YEARS - 19 YEARS']",[nan],,
437,AUXRR154,-18 To 53,Range Of Values,['Acoustic Reflex Right Ear 1KHz 54'],"['Both males and females 20 YEARS - 69 YEARS', 'Both males and females 12 YEARS - 19 YEARS']",[nan],,
438,AUXRR154,-10 To 49,Range Of Values,['Acoustic Reflex Right Ear 1KHz 54'],"['Both males and females 20 YEARS - 69 YEARS', 'Both males and females 12 YEARS - 19 YEARS']",[nan],,
439,AUXRR154,-25 To 57,Range Of Values,['Acoustic Reflex Right Ear 1KHz 54'],"['Both males and females 20 YEARS - 69 YEARS', 'Both males and females 12 YEARS - 19 YEARS']",[nan],,
440,AUXRR155,-24 To 80,Range Of Values,['Acoustic Reflex Right Ear 1KHz 55'],"['Both males and females 20 YEARS - 69 YEARS', 'Both males and females 12 YEARS - 19 YEARS']",[nan],,
441,AUXRR155,.,Missing,['Acoustic Reflex Right Ear 1KHz 55'],"['Both males and females 20 YEARS - 69 YEARS', 'Both males and females 12 YEARS - 19 YEARS']",[nan],,
442,AUXRR155,-18 To 62,Range Of Values,['Acoustic Reflex Right Ear 1KHz 55'],"['Both males and females 20 YEARS - 69 YEARS', 'Both males and females 12 YEARS - 19 YEARS']",[nan],,
443,AUXRR155,-8 To 43,Range Of Values,['Acoustic Reflex Right Ear 1KHz 55'],"['Both males and females 20 YEARS - 69 YEARS', 'Both males and females 12 YEARS - 19 YEARS']",[nan],,
444,AUXRR155,-22 To 38,Range Of Values,['Acoustic Reflex Right Ear 1KHz 55'],"['Both males and females 20 YEARS - 69 YEARS', 'Both males and females 12 YEARS - 19 YEARS']",[nan],,
445,AUXRR155,-17 To 76,Range Of Values,['Acoustic Reflex Right Ear 1KHz 55'],"['Both males and females 20 YEARS - 69 YEARS', 'Both males and females 12 YEARS - 19 YEARS']",[nan],,
446,AUXRR155,-12 To 51,Range Of Values,['Acoustic Reflex Right Ear 1KHz 55'],"['Both males and females 20 YEARS - 69 YEARS', 'Both males and females 12 YEARS - 19 YEARS']",[nan],,
447,AUXRR155,-23 To 58,Range Of Values,['Acoustic Reflex Right Ear 1KHz 55'],"['Both males and females 20 YEARS - 69 YEARS', 'Both males and females 12 YEARS - 19 YEARS']",[nan],,
448,AUXRR156,-15 To 78,Range Of Values,['Acoustic Reflex Right Ear 1KHz 56'],"['Both males and females 20 YEARS - 69 YEARS', 'Both males and females 12 YEARS - 19 YEARS']",[nan],,
449,AUXRR156,.,Missing,['Acoustic Reflex Right Ear 1KHz 56'],"['Both males and females 20 YEARS - 69 YEARS', 'Both males and females 12 YEARS - 19 YEARS']",[nan],,
450,AUXRR156,-23 To 58,Range Of Values,['Acoustic Reflex Right Ear 1KHz 56'],"['Both males and females 20 YEARS - 69 YEARS', 'Both males and females 12 YEARS - 19 YEARS']",[nan],,
451,AUXRR156,-14 To 39,Range Of Values,['Acoustic Reflex Right Ear 1KHz 56'],"['Both males and females 20 YEARS - 69 YEARS', 'Both males and females 12 YEARS - 19 YEARS']",[nan],,
452,AUXRR156,-21 To 38,Range Of Values,['Acoustic Reflex Right Ear 1KHz 56'],"['Both males and females 20 YEARS - 69 YEARS', 'Both males and females 12 YEARS - 19 YEARS']",[nan],,
453,AUXRR156,-20 To 55,Range Of Values,['Acoustic Reflex Right Ear 1KHz 56'],"['Both males and females 20 YEARS - 69 YEARS', 'Both males and females 12 YEARS - 19 YEARS']",[nan],,
454,AUXRR156,-25 To 53,Range Of Values,['Acoustic Reflex Right Ear 1KHz 56'],"['Both males and females 20 YEARS - 69 YEARS', 'Both males and females 12 YEARS - 19 YEARS']",[nan],,
455,AUXRR156,-21 To 67,Range Of Values,['Acoustic Reflex Right Ear 1KHz 56'],"['Both males and females 20 YEARS - 69 YEARS', 'Both males and females 12 YEARS - 19 YEARS']",[nan],,
456,AUXRR157,-3 To 53,Range Of Values,['Acoustic Reflex Right Ear 1KHz 57'],"['Both males and females 20 YEARS - 69 YEARS', 'Both males and females 12 YEARS - 19 YEARS']",[nan],,
457,AUXRR157,.,Missing,['Acoustic Reflex Right Ear 1KHz 57'],"['Both males and females 20 YEARS - 69 YEARS', 'Both males and females 12 YEARS - 19 YEARS']",[nan],,
458,AUXRR157,-39 To 43,Range Of Values,['Acoustic Reflex Right Ear 1KHz 57'],"['Both males and females 20 YEARS - 69 YEARS', 'Both males and females 12 YEARS - 19 YEARS']",[nan],,
459,AUXRR157,-16 To 62,Range Of Values,['Acoustic Reflex Right Ear 1KHz 57'],"['Both males and females 20 YEARS - 69 YEARS', 'Both males and females 12 YEARS - 19 YEARS']",[nan],,
460,AUXRR157,-19 To 38,Range Of Values,['Acoustic Reflex Right Ear 1KHz 57'],"['Both males and females 20 YEARS - 69 YEARS', 'Both males and females 12 YEARS - 19 YEARS']",[nan],,
461,AUXRR157,-28 To 52,Range Of Values,['Acoustic Reflex Right Ear 1KHz 57'],"['Both males and females 20 YEARS - 69 YEARS', 'Both males and females 12 YEARS - 19 YEARS']",[nan],,
462,AUXRR157,-30 To 62,Range Of Values,['Acoustic Reflex Right Ear 1KHz 57'],"['Both males and females 20 YEARS - 69 YEARS', 'Both males and females 12 YEARS - 19 YEARS']",[nan],,
463,AUXRR157,-19 To 75,Range Of Values,['Acoustic Reflex Right Ear 1KHz 57'],"['Both males and females 20 YEARS - 69 YEARS', 'Both males and females 12 YEARS - 19 YEARS']",[nan],,
464,AUXRR158,-8 To 77,Range Of Values,['Acoustic Reflex Right Ear 1KHz 58'],"['Both males and females 20 YEARS - 69 YEARS', 'Both males and females 12 YEARS - 19 YEARS']",[nan],,
465,AUXRR158,.,Missing,['Acoustic Reflex Right Ear 1KHz 58'],"['Both males and females 20 YEARS - 69 YEARS', 'Both males and females 12 YEARS - 19 YEARS']",[nan],,
466,AUXRR158,-46 To 35,Range Of Values,['Acoustic Reflex Right Ear 1KHz 58'],"['Both males and females 20 YEARS - 69 YEARS', 'Both males and females 12 YEARS - 19 YEARS']",[nan],,
467,AUXRR158,-19 To 74,Range Of Values,['Acoustic Reflex Right Ear 1KHz 58'],"['Both males and females 20 YEARS - 69 YEARS', 'Both males and females 12 YEARS - 19 YEARS']",[nan],,
468,AUXRR158,-17 To 38,Range Of Values,['Acoustic Reflex Right Ear 1KHz 58'],"['Both males and females 20 YEARS - 69 YEARS', 'Both males and females 12 YEARS - 19 YEARS']",[nan],,
469,AUXRR158,-35 To 43,Range Of Values,['Acoustic Reflex Right Ear 1KHz 58'],"['Both males and females 20 YEARS - 69 YEARS', 'Both males and females 12 YEARS - 19 YEARS']",[nan],,
470,AUXRR158,-25 To 57,Range Of Values,['Acoustic Reflex Right Ear 1KHz 58'],"['Both males and females 20 YEARS - 69 YEARS', 'Both males and females 12 YEARS - 19 YEARS']",[nan],,
471,AUXRR158,-15 To 104,Range Of Values,['Acoustic Reflex Right Ear 1KHz 58'],"['Both males and females 20 YEARS - 69 YEARS', 'Both males and females 12 YEARS - 19 YEARS']",[nan],,
472,AUXRR159,-3 To 51,Range Of Values,['Acoustic Reflex Right Ear 1KHz 59'],"['Both males and females 20 YEARS - 69 YEARS', 'Both males and females 12 YEARS - 19 YEARS']",[nan],,
473,AUXRR159,.,Missing,['Acoustic Reflex Right Ear 1KHz 59'],"['Both males and females 20 YEARS - 69 YEARS', 'Both males and females 12 YEARS - 19 YEARS']",[nan],,
474,AUXRR159,-36 To 38,Range Of Values,['Acoustic Reflex Right Ear 1KHz 59'],"['Both males and females 20 YEARS - 69 YEARS', 'Both males and females 12 YEARS - 19 YEARS']",[nan],,
475,AUXRR159,-21 To 69,Range Of Values,['Acoustic Reflex Right Ear 1KHz 59'],"['Both males and females 20 YEARS - 69 YEARS', 'Both males and females 12 YEARS - 19 YEARS']",[nan],,
476,AUXRR159,-15 To 38,Range Of Values,['Acoustic Reflex Right Ear 1KHz 59'],"['Both males and females 20 YEARS - 69 YEARS', 'Both males and females 12 YEARS - 19 YEARS']",[nan],,
477,AUXRR159,-53 To 95,Range Of Values,['Acoustic Reflex Right Ear 1KHz 59'],"['Both males and females 20 YEARS - 69 YEARS', 'Both males and females 12 YEARS - 19 YEARS']",[nan],,
478,AUXRR159,-22 To 57,Range Of Values,['Acoustic Reflex Right Ear 1KHz 59'],"['Both males and females 20 YEARS - 69 YEARS', 'Both males and females 12 YEARS - 19 YEARS']",[nan],,
479,AUXRR159,-20 To 79,Range Of Values,['Acoustic Reflex Right Ear 1KHz 59'],"['Both males and females 20 YEARS - 69 YEARS', 'Both males and females 12 YEARS - 19 YEARS']",[nan],,
480,AUXRR160,-2 To 33,Range Of Values,['Acoustic Reflex Right Ear 1KHz 60'],"['Both males and females 20 YEARS - 69 YEARS', 'Both males and females 12 YEARS - 19 YEARS']",[nan],,
481,AUXRR160,.,Missing,['Acoustic Reflex Right Ear 1KHz 60'],"['Both males and females 20 YEARS - 69 YEARS', 'Both males and females 12 YEARS - 19 YEARS']",[nan],,
482,AUXRR160,-20 To 48,Range Of Values,['Acoustic Reflex Right Ear 1KHz 60'],"['Both males and females 20 YEARS - 69 YEARS', 'Both males and females 12 YEARS - 19 YEARS']",[nan],,
483,AUXRR160,-20 To 96,Range Of Values,['Acoustic Reflex Right Ear 1KHz 60'],"['Both males and females 20 YEARS - 69 YEARS', 'Both males and females 12 YEARS - 19 YEARS']",[nan],,
484,AUXRR160,-13 To 38,Range Of Values,['Acoustic Reflex Right Ear 1KHz 60'],"['Both males and females 20 YEARS - 69 YEARS', 'Both males and females 12 YEARS - 19 YEARS']",[nan],,
485,AUXRR160,-35 To 127,Range Of Values,['Acoustic Reflex Right Ear 1KHz 60'],"['Both males and females 20 YEARS - 69 YEARS', 'Both males and females 12 YEARS - 19 YEARS']",[nan],,
486,AUXRR160,-22 To 56,Range Of Values,['Acoustic Reflex Right Ear 1KHz 60'],"['Both males and females 20 YEARS - 69 YEARS', 'Both males and females 12 YEARS - 19 YEARS']",[nan],,
487,AUXRR160,-15 To 75,Range Of Values,['Acoustic Reflex Right Ear 1KHz 60'],"['Both males and females 20 YEARS - 69 YEARS', 'Both males and females 12 YEARS - 19 YEARS']",[nan],,
488,AUXRR161,-13 To 51,Range Of Values,['Acoustic Reflex Right Ear 1KHz 61'],"['Both males and females 20 YEARS - 69 YEARS', 'Both males and females 12 YEARS - 19 YEARS']",[nan],,
489,AUXRR161,.,Missing,['Acoustic Reflex Right Ear 1KHz 61'],"['Both males and females 20 YEARS - 69 YEARS', 'Both males and females 12 YEARS - 19 YEARS']",[nan],,
490,AUXRR161,-11 To 45,Range Of Values,['Acoustic Reflex Right Ear 1KHz 61'],"['Both males and females 20 YEARS - 69 YEARS', 'Both males and females 12 YEARS - 19 YEARS']",[nan],,
491,AUXRR161,-19 To 64,Range Of Values,['Acoustic Reflex Right Ear 1KHz 61'],"['Both males and females 20 YEARS - 69 YEARS', 'Both males and females 12 YEARS - 19 YEARS']",[nan],,
492,AUXRR161,-11 To 38,Range Of Values,['Acoustic Reflex Right Ear 1KHz 61'],"['Both males and females 20 YEARS - 69 YEARS', 'Both males and females 12 YEARS - 19 YEARS']",[nan],,
493,AUXRR161,-19 To 96,Range Of Values,['Acoustic Reflex Right Ear 1KHz 61'],"['Both males and females 20 YEARS - 69 YEARS', 'Both males and females 12 YEARS - 19 YEARS']",[nan],,
494,AUXRR161,-17 To 67,Range Of Values,['Acoustic Reflex Right Ear 1KHz 61'],"['Both males and females 20 YEARS - 69 YEARS', 'Both males and females 12 YEARS - 19 YEARS']",[nan],,
495,AUXRR161,-7 To 96,Range Of Values,['Acoustic Reflex Right Ear 1KHz 61'],"['Both males and females 20 YEARS - 69 YEARS', 'Both males and females 12 YEARS - 19 YEARS']",[nan],,
496,AUXRR162,-18 To 59,Range Of Values,['Acoustic Reflex Right Ear 1KHz 62'],"['Both males and females 20 YEARS - 69 YEARS', 'Both males and females 12 YEARS - 19 YEARS']",[nan],,
497,AUXRR162,.,Missing,['Acoustic Reflex Right Ear 1KHz 62'],"['Both males and females 20 YEARS - 69 YEARS', 'Both males and females 12 YEARS - 19 YEARS']",[nan],,
498,AUXRR162,-10 To 69,Range Of Values,['Acoustic Reflex Right Ear 1KHz 62'],"['Both males and females 20 YEARS - 69 YEARS', 'Both males and females 12 YEARS - 19 YEARS']",[nan],,
499,AUXRR162,-25 To 84,Range Of Values,['Acoustic Reflex Right Ear 1KHz 62'],"['Both males and females 20 YEARS - 69 YEARS', 'Both males and females 12 YEARS - 19 YEARS']",[nan],,
500,AUXRR162,-9 To 38,Range Of Values,['Acoustic Reflex Right Ear 1KHz 62'],"['Both males and females 20 YEARS - 69 YEARS', 'Both males and females 12 YEARS - 19 YEARS']",[nan],,
501,AUXRR162,-21 To 106,Range Of Values,['Acoustic Reflex Right Ear 1KHz 62'],"['Both males and females 20 YEARS - 69 YEARS', 'Both males and females 12 YEARS - 19 YEARS']",[nan],,
502,AUXRR162,-19 To 77,Range Of Values,['Acoustic Reflex Right Ear 1KHz 62'],"['Both males and females 20 YEARS - 69 YEARS', 'Both males and females 12 YEARS - 19 YEARS']",[nan],,
503,AUXRR162,-12 To 71,Range Of Values,['Acoustic Reflex Right Ear 1KHz 62'],"['Both males and females 20 YEARS - 69 YEARS', 'Both males and females 12 YEARS - 19 YEARS']",[nan],,
504,AUXRR163,-13 To 104,Range Of Values,['Acoustic Reflex Right Ear 1KHz 63'],"['Both males and females 20 YEARS - 69 YEARS', 'Both males and females 12 YEARS - 19 YEARS']",[nan],,
505,AUXRR163,.,Missing,['Acoustic Reflex Right Ear 1KHz 63'],"['Both males and females 20 YEARS - 69 YEARS', 'Both males and females 12 YEARS - 19 YEARS']",[nan],,
506,AUXRR163,-11 To 63,Range Of Values,['Acoustic Reflex Right Ear 1KHz 63'],"['Both males and females 20 YEARS - 69 YEARS', 'Both males and females 12 YEARS - 19 YEARS']",[nan],,
507,AUXRR163,-32 To 67,Range Of Values,['Acoustic Reflex Right Ear 1KHz 63'],"['Both males and females 20 YEARS - 69 YEARS', 'Both males and females 12 YEARS - 19 YEARS']",[nan],,
508,AUXRR163,-7 To 38,Range Of Values,['Acoustic Reflex Right Ear 1KHz 63'],"['Both males and females 20 YEARS - 69 YEARS', 'Both males and females 12 YEARS - 19 YEARS']",[nan],,
509,AUXRR163,-15 To 95,Range Of Values,['Acoustic Reflex Right Ear 1KHz 63'],"['Both males and females 20 YEARS - 69 YEARS', 'Both males and females 12 YEARS - 19 YEARS']",[nan],,
510,AUXRR163,-23 To 116,Range Of Values,['Acoustic Reflex Right Ear 1KHz 63'],"['Both males and females 20 YEARS - 69 YEARS', 'Both males and females 12 YEARS - 19 YEARS']",[nan],,
511,AUXRR163,-44 To 73,Range Of Values,['Acoustic Reflex Right Ear 1KHz 63'],"['Both males and females 20 YEARS - 69 YEARS', 'Both males and females 12 YEARS - 19 YEARS']",[nan],,
512,AUXRR164,-19 To 106,Range Of Values,['Acoustic Reflex Right Ear 1KHz 64'],"['Both males and females 20 YEARS - 69 YEARS', 'Both males and females 12 YEARS - 19 YEARS']",[nan],,
513,AUXRR164,.,Missing,['Acoustic Reflex Right Ear 1KHz 64'],"['Both males and females 20 YEARS - 69 YEARS', 'Both males and females 12 YEARS - 19 YEARS']",[nan],,
514,AUXRR164,-11 To 73,Range Of Values,['Acoustic Reflex Right Ear 1KHz 64'],"['Both males and females 20 YEARS - 69 YEARS', 'Both males and females 12 YEARS - 19 YEARS']",[nan],,
515,AUXRR164,-35 To 64,Range Of Values,['Acoustic Reflex Right Ear 1KHz 64'],"['Both males and females 20 YEARS - 69 YEARS', 'Both males and females 12 YEARS - 19 YEARS']",[nan],,
516,AUXRR164,-5 To 39,Range Of Values,['Acoustic Reflex Right Ear 1KHz 64'],"['Both males and females 20 YEARS - 69 YEARS', 'Both males and females 12 YEARS - 19 YEARS']",[nan],,
517,AUXRR164,-16 To 72,Range Of Values,['Acoustic Reflex Right Ear 1KHz 64'],"['Both males and females 20 YEARS - 69 YEARS', 'Both males and females 12 YEARS - 19 YEARS']",[nan],,
518,AUXRR164,-21 To 132,Range Of Values,['Acoustic Reflex Right Ear 1KHz 64'],"['Both males and females 20 YEARS - 69 YEARS', 'Both males and females 12 YEARS - 19 YEARS']",[nan],,
519,AUXRR164,-92 To 73,Range Of Values,['Acoustic Reflex Right Ear 1KHz 64'],"['Both males and females 20 YEARS - 69 YEARS', 'Both males and females 12 YEARS - 19 YEARS']",[nan],,
520,AUXRR165,-12 To 60,Range Of Values,['Acoustic Reflex Right Ear 1KHz 65'],"['Both males and females 20 YEARS - 69 YEARS', 'Both males and females 12 YEARS - 19 YEARS']",[nan],,
521,AUXRR165,.,Missing,['Acoustic Reflex Right Ear 1KHz 65'],"['Both males and females 20 YEARS - 69 YEARS', 'Both males and females 12 YEARS - 19 YEARS']",[nan],,
522,AUXRR165,-10 To 58,Range Of Values,['Acoustic Reflex Right Ear 1KHz 65'],"['Both males and females 20 YEARS - 69 YEARS', 'Both males and females 12 YEARS - 19 YEARS']",[nan],,
523,AUXRR165,-34 To 84,Range Of Values,['Acoustic Reflex Right Ear 1KHz 65'],"['Both males and females 20 YEARS - 69 YEARS', 'Both males and females 12 YEARS - 19 YEARS']",[nan],,
524,AUXRR165,-4 To 62,Range Of Values,['Acoustic Reflex Right Ear 1KHz 65'],"['Both males and females 20 YEARS - 69 YEARS', 'Both males and females 12 YEARS - 19 YEARS']",[nan],,
525,AUXRR165,-16 To 52,Range Of Values,['Acoustic Reflex Right Ear 1KHz 65'],"['Both males and females 20 YEARS - 69 YEARS', 'Both males and females 12 YEARS - 19 YEARS']",[nan],,
526,AUXRR165,-23 To 134,Range Of Values,['Acoustic Reflex Right Ear 1KHz 65'],"['Both males and females 20 YEARS - 69 YEARS', 'Both males and females 12 YEARS - 19 YEARS']",[nan],,
527,AUXRR165,-83 To 68,Range Of Values,['Acoustic Reflex Right Ear 1KHz 65'],"['Both males and females 20 YEARS - 69 YEARS', 'Both males and females 12 YEARS - 19 YEARS']",[nan],,
528,AUXRR166,-9 To 35,Range Of Values,['Acoustic Reflex Right Ear 1KHz 66'],"['Both males and females 20 YEARS - 69 YEARS', 'Both males and females 12 YEARS - 19 YEARS']",[nan],,
529,AUXRR166,.,Missing,['Acoustic Reflex Right Ear 1KHz 66'],"['Both males and females 20 YEARS - 69 YEARS', 'Both males and females 12 YEARS - 19 YEARS']",[nan],,
530,AUXRR166,-14 To 60,Range Of Values,['Acoustic Reflex Right Ear 1KHz 66'],"['Both males and females 20 YEARS - 69 YEARS', 'Both males and females 12 YEARS - 19 YEARS']",[nan],,
531,AUXRR166,-34 To 53,Range Of Values,['Acoustic Reflex Right Ear 1KHz 66'],"['Both males and females 20 YEARS - 69 YEARS', 'Both males and females 12 YEARS - 19 YEARS']",[nan],,
532,AUXRR166,-7 To 44,Range Of Values,['Acoustic Reflex Right Ear 1KHz 66'],"['Both males and females 20 YEARS - 69 YEARS', 'Both males and females 12 YEARS - 19 YEARS']",[nan],,
533,AUXRR166,-16 To 55,Range Of Values,['Acoustic Reflex Right Ear 1KHz 66'],"['Both males and females 20 YEARS - 69 YEARS', 'Both males and females 12 YEARS - 19 YEARS']",[nan],,
534,AUXRR166,-27 To 136,Range Of Values,['Acoustic Reflex Right Ear 1KHz 66'],"['Both males and females 20 YEARS - 69 YEARS', 'Both males and females 12 YEARS - 19 YEARS']",[nan],,
535,AUXRR166,-49 To 57,Range Of Values,['Acoustic Reflex Right Ear 1KHz 66'],"['Both males and females 20 YEARS - 69 YEARS', 'Both males and females 12 YEARS - 19 YEARS']",[nan],,
536,AUXRR167,-6 To 56,Range Of Values,['Acoustic Reflex Right Ear 1KHz 67'],"['Both males and females 20 YEARS - 69 YEARS', 'Both males and females 12 YEARS - 19 YEARS']",[nan],,
537,AUXRR167,.,Missing,['Acoustic Reflex Right Ear 1KHz 67'],"['Both males and females 20 YEARS - 69 YEARS', 'Both males and females 12 YEARS - 19 YEARS']",[nan],,
538,AUXRR167,-3 To 68,Range Of Values,['Acoustic Reflex Right Ear 1KHz 67'],"['Both males and females 20 YEARS - 69 YEARS', 'Both males and females 12 YEARS - 19 YEARS']",[nan],,
539,AUXRR167,-34 To 51,Range Of Values,['Acoustic Reflex Right Ear 1KHz 67'],"['Both males and females 20 YEARS - 69 YEARS', 'Both males and females 12 YEARS - 19 YEARS']",[nan],,
540,AUXRR167,-6 To 38,Range Of Values,['Acoustic Reflex Right Ear 1KHz 67'],"['Both males and females 20 YEARS - 69 YEARS', 'Both males and females 12 YEARS - 19 YEARS']",[nan],,
541,AUXRR167,-15 To 110,Range Of Values,['Acoustic Reflex Right Ear 1KHz 67'],"['Both males and females 20 YEARS - 69 YEARS', 'Both males and females 12 YEARS - 19 YEARS']",[nan],,
542,AUXRR167,-27 To 134,Range Of Values,['Acoustic Reflex Right Ear 1KHz 67'],"['Both males and females 20 YEARS - 69 YEARS', 'Both males and females 12 YEARS - 19 YEARS']",[nan],,
543,AUXRR167,-9 To 51,Range Of Values,['Acoustic Reflex Right Ear 1KHz 67'],"['Both males and females 20 YEARS - 69 YEARS', 'Both males and females 12 YEARS - 19 YEARS']",[nan],,
544,AUXRR168,-5 To 45,Range Of Values,['Acoustic Reflex Right Ear 1KHz 68'],"['Both males and females 20 YEARS - 69 YEARS', 'Both males and females 12 YEARS - 19 YEARS']",[nan],,
545,AUXRR168,.,Missing,['Acoustic Reflex Right Ear 1KHz 68'],"['Both males and females 20 YEARS - 69 YEARS', 'Both males and females 12 YEARS - 19 YEARS']",[nan],,
546,AUXRR168,-1 To 64,Range Of Values,['Acoustic Reflex Right Ear 1KHz 68'],"['Both males and females 20 YEARS - 69 YEARS', 'Both males and females 12 YEARS - 19 YEARS']",[nan],,
547,AUXRR168,-32 To 51,Range Of Values,['Acoustic Reflex Right Ear 1KHz 68'],"['Both males and females 20 YEARS - 69 YEARS', 'Both males and females 12 YEARS - 19 YEARS']",[nan],,
548,AUXRR168,-3 To 38,Range Of Values,['Acoustic Reflex Right Ear 1KHz 68'],"['Both males and females 20 YEARS - 69 YEARS', 'Both males and females 12 YEARS - 19 YEARS']",[nan],,
549,AUXRR168,-25 To 131,Range Of Values,['Acoustic Reflex Right Ear 1KHz 68'],"['Both males and females 20 YEARS - 69 YEARS', 'Both males and females 12 YEARS - 19 YEARS']",[nan],,
550,AUXRR168,-26 To 128,Range Of Values,['Acoustic Reflex Right Ear 1KHz 68'],"['Both males and females 20 YEARS - 69 YEARS', 'Both males and females 12 YEARS - 19 YEARS']",[nan],,
551,AUXRR168,-21 To 62,Range Of Values,['Acoustic Reflex Right Ear 1KHz 68'],"['Both males and females 20 YEARS - 69 YEARS', 'Both males and females 12 YEARS - 19 YEARS']",[nan],,
552,AUXRR169,-10 To 49,Range Of Values,['Acoustic Reflex Right Ear 1KHz 69'],"['Both males and females 20 YEARS - 69 YEARS', 'Both males and females 12 YEARS - 19 YEARS']",[nan],,
553,AUXRR169,.,Missing,['Acoustic Reflex Right Ear 1KHz 69'],"['Both males and females 20 YEARS - 69 YEARS', 'Both males and females 12 YEARS - 19 YEARS']",[nan],,
554,AUXRR169,-2 To 66,Range Of Values,['Acoustic Reflex Right Ear 1KHz 69'],"['Both males and females 20 YEARS - 69 YEARS', 'Both males and females 12 YEARS - 19 YEARS']",[nan],,
555,AUXRR169,-38 To 70,Range Of Values,['Acoustic Reflex Right Ear 1KHz 69'],"['Both males and females 20 YEARS - 69 YEARS', 'Both males and females 12 YEARS - 19 YEARS']",[nan],,
556,AUXRR169,-4 To 38,Range Of Values,['Acoustic Reflex Right Ear 1KHz 69'],"['Both males and females 20 YEARS - 69 YEARS', 'Both males and females 12 YEARS - 19 YEARS']",[nan],,
557,AUXRR169,-15 To 132,Range Of Values,['Acoustic Reflex Right Ear 1KHz 69'],"['Both males and females 20 YEARS - 69 YEARS', 'Both males and females 12 YEARS - 19 YEARS']",[nan],,
558,AUXRR169,-24 To 124,Range Of Values,['Acoustic Reflex Right Ear 1KHz 69'],"['Both males and females 20 YEARS - 69 YEARS', 'Both males and females 12 YEARS - 19 YEARS']",[nan],,
559,AUXRR169,-12 To 71,Range Of Values,['Acoustic Reflex Right Ear 1KHz 69'],"['Both males and females 20 YEARS - 69 YEARS', 'Both males and females 12 YEARS - 19 YEARS']",[nan],,
560,AUXRR170,-12 To 38,Range Of Values,['Acoustic Reflex Right Ear 1KHz 70'],"['Both males and females 20 YEARS - 69 YEARS', 'Both males and females 12 YEARS - 19 YEARS']",[nan],,
561,AUXRR170,.,Missing,['Acoustic Reflex Right Ear 1KHz 70'],"['Both males and females 20 YEARS - 69 YEARS', 'Both males and females 12 YEARS - 19 YEARS']",[nan],,
562,AUXRR170,-5 To 67,Range Of Values,['Acoustic Reflex Right Ear 1KHz 70'],"['Both males and females 20 YEARS - 69 YEARS', 'Both males and females 12 YEARS - 19 YEARS']",[nan],,
563,AUXRR170,-40 To 67,Range Of Values,['Acoustic Reflex Right Ear 1KHz 70'],"['Both males and females 20 YEARS - 69 YEARS', 'Both males and females 12 YEARS - 19 YEARS']",[nan],,
564,AUXRR170,-5 To 45,Range Of Values,['Acoustic Reflex Right Ear 1KHz 70'],"['Both males and females 20 YEARS - 69 YEARS', 'Both males and females 12 YEARS - 19 YEARS']",[nan],,
565,AUXRR170,-14 To 132,Range Of Values,['Acoustic Reflex Right Ear 1KHz 70'],"['Both males and females 20 YEARS - 69 YEARS', 'Both males and females 12 YEARS - 19 YEARS']",[nan],,
566,AUXRR170,-24 To 127,Range Of Values,['Acoustic Reflex Right Ear 1KHz 70'],"['Both males and females 20 YEARS - 69 YEARS', 'Both males and females 12 YEARS - 19 YEARS']",[nan],,
567,AUXRR170,-18 To 81,Range Of Values,['Acoustic Reflex Right Ear 1KHz 70'],"['Both males and females 20 YEARS - 69 YEARS', 'Both males and females 12 YEARS - 19 YEARS']",[nan],,
568,AUXRR171,-2 To 40,Range Of Values,['Acoustic Reflex Right Ear 1KHz 71'],"['Both males and females 20 YEARS - 69 YEARS', 'Both males and females 12 YEARS - 19 YEARS']",[nan],,
569,AUXRR171,.,Missing,['Acoustic Reflex Right Ear 1KHz 71'],"['Both males and females 20 YEARS - 69 YEARS', 'Both males and females 12 YEARS - 19 YEARS']",[nan],,
570,AUXRR171,-29 To 59,Range Of Values,['Acoustic Reflex Right Ear 1KHz 71'],"['Both males and females 20 YEARS - 69 YEARS', 'Both males and females 12 YEARS - 19 YEARS']",[nan],,
571,AUXRR171,-37 To 59,Range Of Values,['Acoustic Reflex Right Ear 1KHz 71'],"['Both males and females 20 YEARS - 69 YEARS', 'Both males and females 12 YEARS - 19 YEARS']",[nan],,
572,AUXRR171,-6 To 54,Range Of Values,['Acoustic Reflex Right Ear 1KHz 71'],"['Both males and females 20 YEARS - 69 YEARS', 'Both males and females 12 YEARS - 19 YEARS']",[nan],,
573,AUXRR171,-14 To 127,Range Of Values,['Acoustic Reflex Right Ear 1KHz 71'],"['Both males and females 20 YEARS - 69 YEARS', 'Both males and females 12 YEARS - 19 YEARS']",[nan],,
574,AUXRR171,-24 To 121,Range Of Values,['Acoustic Reflex Right Ear 1KHz 71'],"['Both males and females 20 YEARS - 69 YEARS', 'Both males and females 12 YEARS - 19 YEARS']",[nan],,
575,AUXRR171,-9 To 88,Range Of Values,['Acoustic Reflex Right Ear 1KHz 71'],"['Both males and females 20 YEARS - 69 YEARS', 'Both males and females 12 YEARS - 19 YEARS']",[nan],,
576,AUXRR172,-8 To 57,Range Of Values,['Acoustic Reflex Right Ear 1KHz 72'],"['Both males and females 20 YEARS - 69 YEARS', 'Both males and females 12 YEARS - 19 YEARS']",[nan],,
577,AUXRR172,.,Missing,['Acoustic Reflex Right Ear 1KHz 72'],"['Both males and females 20 YEARS - 69 YEARS', 'Both males and females 12 YEARS - 19 YEARS']",[nan],,
578,AUXRR172,-44 To 67,Range Of Values,['Acoustic Reflex Right Ear 1KHz 72'],"['Both males and females 20 YEARS - 69 YEARS', 'Both males and females 12 YEARS - 19 YEARS']",[nan],,
579,AUXRR172,-34 To 62,Range Of Values,['Acoustic Reflex Right Ear 1KHz 72'],"['Both males and females 20 YEARS - 69 YEARS', 'Both males and females 12 YEARS - 19 YEARS']",[nan],,
580,AUXRR172,-5 To 38,Range Of Values,['Acoustic Reflex Right Ear 1KHz 72'],"['Both males and females 20 YEARS - 69 YEARS', 'Both males and females 12 YEARS - 19 YEARS']",[nan],,
581,AUXRR172,-57 To 104,Range Of Values,['Acoustic Reflex Right Ear 1KHz 72'],"['Both males and females 20 YEARS - 69 YEARS', 'Both males and females 12 YEARS - 19 YEARS']",[nan],,
582,AUXRR172,-24 To 70,Range Of Values,['Acoustic Reflex Right Ear 1KHz 72'],"['Both males and females 20 YEARS - 69 YEARS', 'Both males and females 12 YEARS - 19 YEARS']",[nan],,
583,AUXRR172,-8 To 90,Range Of Values,['Acoustic Reflex Right Ear 1KHz 72'],"['Both males and females 20 YEARS - 69 YEARS', 'Both males and females 12 YEARS - 19 YEARS']",[nan],,
584,AUXRR173,-3 To 37,Range Of Values,['Acoustic Reflex Right Ear 1KHz 73'],"['Both males and females 20 YEARS - 69 YEARS', 'Both males and females 12 YEARS - 19 YEARS']",[nan],,
585,AUXRR173,.,Missing,['Acoustic Reflex Right Ear 1KHz 73'],"['Both males and females 20 YEARS - 69 YEARS', 'Both males and females 12 YEARS - 19 YEARS']",[nan],,
586,AUXRR173,-29 To 56,Range Of Values,['Acoustic Reflex Right Ear 1KHz 73'],"['Both males and females 20 YEARS - 69 YEARS', 'Both males and females 12 YEARS - 19 YEARS']",[nan],,
587,AUXRR173,-29 To 63,Range Of Values,['Acoustic Reflex Right Ear 1KHz 73'],"['Both males and females 20 YEARS - 69 YEARS', 'Both males and females 12 YEARS - 19 YEARS']",[nan],,
588,AUXRR173,-2 To 47,Range Of Values,['Acoustic Reflex Right Ear 1KHz 73'],"['Both males and females 20 YEARS - 69 YEARS', 'Both males and females 12 YEARS - 19 YEARS']",[nan],,
589,AUXRR173,-43 To 82,Range Of Values,['Acoustic Reflex Right Ear 1KHz 73'],"['Both males and females 20 YEARS - 69 YEARS', 'Both males and females 12 YEARS - 19 YEARS']",[nan],,
590,AUXRR173,-23 To 84,Range Of Values,['Acoustic Reflex Right Ear 1KHz 73'],"['Both males and females 20 YEARS - 69 YEARS', 'Both males and females 12 YEARS - 19 YEARS']",[nan],,
591,AUXRR173,-37 To 91,Range Of Values,['Acoustic Reflex Right Ear 1KHz 73'],"['Both males and females 20 YEARS - 69 YEARS', 'Both males and females 12 YEARS - 19 YEARS']",[nan],,
592,AUXRR174,-4 To 67,Range Of Values,['Acoustic Reflex Right Ear 1KHz 74'],"['Both males and females 20 YEARS - 69 YEARS', 'Both males and females 12 YEARS - 19 YEARS']",[nan],,
593,AUXRR174,.,Missing,['Acoustic Reflex Right Ear 1KHz 74'],"['Both males and females 20 YEARS - 69 YEARS', 'Both males and females 12 YEARS - 19 YEARS']",[nan],,
594,AUXRR174,-10 To 50,Range Of Values,['Acoustic Reflex Right Ear 1KHz 74'],"['Both males and females 20 YEARS - 69 YEARS', 'Both males and females 12 YEARS - 19 YEARS']",[nan],,
595,AUXRR174,-21 To 66,Range Of Values,['Acoustic Reflex Right Ear 1KHz 74'],"['Both males and females 20 YEARS - 69 YEARS', 'Both males and females 12 YEARS - 19 YEARS']",[nan],,
596,AUXRR174,2 To 41,Range Of Values,['Acoustic Reflex Right Ear 1KHz 74'],"['Both males and females 20 YEARS - 69 YEARS', 'Both males and females 12 YEARS - 19 YEARS']",[nan],,
597,AUXRR174,-12 To 74,Range Of Values,['Acoustic Reflex Right Ear 1KHz 74'],"['Both males and females 20 YEARS - 69 YEARS', 'Both males and females 12 YEARS - 19 YEARS']",[nan],,
598,AUXRR174,-24 To 114,Range Of Values,['Acoustic Reflex Right Ear 1KHz 74'],"['Both males and females 20 YEARS - 69 YEARS', 'Both males and females 12 YEARS - 19 YEARS']",[nan],,
599,AUXRR174,-51 To 91,Range Of Values,['Acoustic Reflex Right Ear 1KHz 74'],"['Both males and females 20 YEARS - 69 YEARS', 'Both males and females 12 YEARS - 19 YEARS']",[nan],,
600,AUXRR175,-2 To 48,Range Of Values,['Acoustic Reflex Right Ear 1KHz 75'],"['Both males and females 20 YEARS - 69 YEARS', 'Both males and females 12 YEARS - 19 YEARS']",[nan],,
601,AUXRR175,.,Missing,['Acoustic Reflex Right Ear 1KHz 75'],"['Both males and females 20 YEARS - 69 YEARS', 'Both males and females 12 YEARS - 19 YEARS']",[nan],,
602,AUXRR175,-9 To 40,Range Of Values,['Acoustic Reflex Right Ear 1KHz 75'],"['Both males and females 20 YEARS - 69 YEARS', 'Both males and females 12 YEARS - 19 YEARS']",[nan],,
603,AUXRR175,-33 To 77,Range Of Values,['Acoustic Reflex Right Ear 1KHz 75'],"['Both males and females 20 YEARS - 69 YEARS', 'Both males and females 12 YEARS - 19 YEARS']",[nan],,
604,AUXRR175,1 To 38,Range Of Values,['Acoustic Reflex Right Ear 1KHz 75'],"['Both males and females 20 YEARS - 69 YEARS', 'Both males and females 12 YEARS - 19 YEARS']",[nan],,
605,AUXRR175,-13 To 63,Range Of Values,['Acoustic Reflex Right Ear 1KHz 75'],"['Both males and females 20 YEARS - 69 YEARS', 'Both males and females 12 YEARS - 19 YEARS']",[nan],,
606,AUXRR175,-23 To 117,Range Of Values,['Acoustic Reflex Right Ear 1KHz 75'],"['Both males and females 20 YEARS - 69 YEARS', 'Both males and females 12 YEARS - 19 YEARS']",[nan],,
607,AUXRR175,-50 To 91,Range Of Values,['Acoustic Reflex Right Ear 1KHz 75'],"['Both males and females 20 YEARS - 69 YEARS', 'Both males and females 12 YEARS - 19 YEARS']",[nan],,
608,AUXRR176,-3 To 58,Range Of Values,['Acoustic Reflex Right Ear 1KHz 76'],"['Both males and females 20 YEARS - 69 YEARS', 'Both males and females 12 YEARS - 19 YEARS']",[nan],,
609,AUXRR176,.,Missing,['Acoustic Reflex Right Ear 1KHz 76'],"['Both males and females 20 YEARS - 69 YEARS', 'Both males and females 12 YEARS - 19 YEARS']",[nan],,
610,AUXRR176,-22 To 35,Range Of Values,['Acoustic Reflex Right Ear 1KHz 76'],"['Both males and females 20 YEARS - 69 YEARS', 'Both males and females 12 YEARS - 19 YEARS']",[nan],,
611,AUXRR176,-48 To 91,Range Of Values,['Acoustic Reflex Right Ear 1KHz 76'],"['Both males and females 20 YEARS - 69 YEARS', 'Both males and females 12 YEARS - 19 YEARS']",[nan],,
612,AUXRR176,-13 To 46,Range Of Values,['Acoustic Reflex Right Ear 1KHz 76'],"['Both males and females 20 YEARS - 69 YEARS', 'Both males and females 12 YEARS - 19 YEARS']",[nan],,
613,AUXRR176,-17 To 66,Range Of Values,['Acoustic Reflex Right Ear 1KHz 76'],"['Both males and females 20 YEARS - 69 YEARS', 'Both males and females 12 YEARS - 19 YEARS']",[nan],,
614,AUXRR176,-24 To 117,Range Of Values,['Acoustic Reflex Right Ear 1KHz 76'],"['Both males and females 20 YEARS - 69 YEARS', 'Both males and females 12 YEARS - 19 YEARS']",[nan],,
615,AUXRR176,-50 To 91,Range Of Values,['Acoustic Reflex Right Ear 1KHz 76'],"['Both males and females 20 YEARS - 69 YEARS', 'Both males and females 12 YEARS - 19 YEARS']",[nan],,
616,AUXRR177,-8 To 44,Range Of Values,['Acoustic Reflex Right Ear 1KHz 77'],"['Both males and females 20 YEARS - 69 YEARS', 'Both males and females 12 YEARS - 19 YEARS']",[nan],,
617,AUXRR177,.,Missing,['Acoustic Reflex Right Ear 1KHz 77'],"['Both males and females 20 YEARS - 69 YEARS', 'Both males and females 12 YEARS - 19 YEARS']",[nan],,
618,AUXRR177,-12 To 35,Range Of Values,['Acoustic Reflex Right Ear 1KHz 77'],"['Both males and females 20 YEARS - 69 YEARS', 'Both males and females 12 YEARS - 19 YEARS']",[nan],,
619,AUXRR177,-52 To 116,Range Of Values,['Acoustic Reflex Right Ear 1KHz 77'],"['Both males and females 20 YEARS - 69 YEARS', 'Both males and females 12 YEARS - 19 YEARS']",[nan],,
620,AUXRR177,-4 To 58,Range Of Values,['Acoustic Reflex Right Ear 1KHz 77'],"['Both males and females 20 YEARS - 69 YEARS', 'Both males and females 12 YEARS - 19 YEARS']",[nan],,
621,AUXRR177,-15 To 96,Range Of Values,['Acoustic Reflex Right Ear 1KHz 77'],"['Both males and females 20 YEARS - 69 YEARS', 'Both males and females 12 YEARS - 19 YEARS']",[nan],,
622,AUXRR177,-28 To 117,Range Of Values,['Acoustic Reflex Right Ear 1KHz 77'],"['Both males and females 20 YEARS - 69 YEARS', 'Both males and females 12 YEARS - 19 YEARS']",[nan],,
623,AUXRR177,-50 To 98,Range Of Values,['Acoustic Reflex Right Ear 1KHz 77'],"['Both males and females 20 YEARS - 69 YEARS', 'Both males and females 12 YEARS - 19 YEARS']",[nan],,
624,AUXRR178,-8 To 37,Range Of Values,['Acoustic Reflex Right Ear 1KHz 78'],"['Both males and females 20 YEARS - 69 YEARS', 'Both males and females 12 YEARS - 19 YEARS']",[nan],,
625,AUXRR178,.,Missing,['Acoustic Reflex Right Ear 1KHz 78'],"['Both males and females 20 YEARS - 69 YEARS', 'Both males and females 12 YEARS - 19 YEARS']",[nan],,
626,AUXRR178,-9 To 44,Range Of Values,['Acoustic Reflex Right Ear 1KHz 78'],"['Both males and females 20 YEARS - 69 YEARS', 'Both males and females 12 YEARS - 19 YEARS']",[nan],,
627,AUXRR178,-51 To 131,Range Of Values,['Acoustic Reflex Right Ear 1KHz 78'],"['Both males and females 20 YEARS - 69 YEARS', 'Both males and females 12 YEARS - 19 YEARS']",[nan],,
628,AUXRR178,-10 To 43,Range Of Values,['Acoustic Reflex Right Ear 1KHz 78'],"['Both males and females 20 YEARS - 69 YEARS', 'Both males and females 12 YEARS - 19 YEARS']",[nan],,
629,AUXRR178,-16 To 62,Range Of Values,['Acoustic Reflex Right Ear 1KHz 78'],"['Both males and females 20 YEARS - 69 YEARS', 'Both males and females 12 YEARS - 19 YEARS']",[nan],,
630,AUXRR178,-29 To 117,Range Of Values,['Acoustic Reflex Right Ear 1KHz 78'],"['Both males and females 20 YEARS - 69 YEARS', 'Both males and females 12 YEARS - 19 YEARS']",[nan],,
631,AUXRR178,-47 To 91,Range Of Values,['Acoustic Reflex Right Ear 1KHz 78'],"['Both males and females 20 YEARS - 69 YEARS', 'Both males and females 12 YEARS - 19 YEARS']",[nan],,
632,AUXRR179,-11 To 36,Range Of Values,['Acoustic Reflex Right Ear 1KHz 79'],"['Both males and females 20 YEARS - 69 YEARS', 'Both males and females 12 YEARS - 19 YEARS']",[nan],,
633,AUXRR179,.,Missing,['Acoustic Reflex Right Ear 1KHz 79'],"['Both males and females 20 YEARS - 69 YEARS', 'Both males and females 12 YEARS - 19 YEARS']",[nan],,
634,AUXRR179,-10 To 59,Range Of Values,['Acoustic Reflex Right Ear 1KHz 79'],"['Both males and females 20 YEARS - 69 YEARS', 'Both males and females 12 YEARS - 19 YEARS']",[nan],,
635,AUXRR179,-46 To 130,Range Of Values,['Acoustic Reflex Right Ear 1KHz 79'],"['Both males and females 20 YEARS - 69 YEARS', 'Both males and females 12 YEARS - 19 YEARS']",[nan],,
636,AUXRR179,-6 To 38,Range Of Values,['Acoustic Reflex Right Ear 1KHz 79'],"['Both males and females 20 YEARS - 69 YEARS', 'Both males and females 12 YEARS - 19 YEARS']",[nan],,
637,AUXRR179,-20 To 61,Range Of Values,['Acoustic Reflex Right Ear 1KHz 79'],"['Both males and females 20 YEARS - 69 YEARS', 'Both males and females 12 YEARS - 19 YEARS']",[nan],,
638,AUXRR179,-27 To 117,Range Of Values,['Acoustic Reflex Right Ear 1KHz 79'],"['Both males and females 20 YEARS - 69 YEARS', 'Both males and females 12 YEARS - 19 YEARS']",[nan],,
639,AUXRR179,-45 To 91,Range Of Values,['Acoustic Reflex Right Ear 1KHz 79'],"['Both males and females 20 YEARS - 69 YEARS', 'Both males and females 12 YEARS - 19 YEARS']",[nan],,
640,AUXRR180,-9 To 37,Range Of Values,['Acoustic Reflex Right Ear 1KHz 80'],"['Both males and females 20 YEARS - 69 YEARS', 'Both males and females 12 YEARS - 19 YEARS']",[nan],,
641,AUXRR180,.,Missing,['Acoustic Reflex Right Ear 1KHz 80'],"['Both males and females 20 YEARS - 69 YEARS', 'Both males and females 12 YEARS - 19 YEARS']",[nan],,
642,AUXRR180,-6 To 62,Range Of Values,['Acoustic Reflex Right Ear 1KHz 80'],"['Both males and females 20 YEARS - 69 YEARS', 'Both males and females 12 YEARS - 19 YEARS']",[nan],,
643,AUXRR180,-35 To 128,Range Of Values,['Acoustic Reflex Right Ear 1KHz 80'],"['Both males and females 20 YEARS - 69 YEARS', 'Both males and females 12 YEARS - 19 YEARS']",[nan],,
644,AUXRR180,-12 To 38,Range Of Values,['Acoustic Reflex Right Ear 1KHz 80'],"['Both males and females 20 YEARS - 69 YEARS', 'Both males and females 12 YEARS - 19 YEARS']",[nan],,
645,AUXRR180,-22 To 87,Range Of Values,['Acoustic Reflex Right Ear 1KHz 80'],"['Both males and females 20 YEARS - 69 YEARS', 'Both males and females 12 YEARS - 19 YEARS']",[nan],,
646,AUXRR180,-25 To 117,Range Of Values,['Acoustic Reflex Right Ear 1KHz 80'],"['Both males and females 20 YEARS - 69 YEARS', 'Both males and females 12 YEARS - 19 YEARS']",[nan],,
647,AUXRR180,-47 To 91,Range Of Values,['Acoustic Reflex Right Ear 1KHz 80'],"['Both males and females 20 YEARS - 69 YEARS', 'Both males and females 12 YEARS - 19 YEARS']",[nan],,
648,AUXRR181,-17 To 38,Range Of Values,['Acoustic Reflex Right Ear 1KHz 81'],"['Both males and females 20 YEARS - 69 YEARS', 'Both males and females 12 YEARS - 19 YEARS']",[nan],,
649,AUXRR181,.,Missing,['Acoustic Reflex Right Ear 1KHz 81'],"['Both males and females 20 YEARS - 69 YEARS', 'Both males and females 12 YEARS - 19 YEARS']",[nan],,
650,AUXRR181,-6 To 62,Range Of Values,['Acoustic Reflex Right Ear 1KHz 81'],"['Both males and females 20 YEARS - 69 YEARS', 'Both males and females 12 YEARS - 19 YEARS']",[nan],,
651,AUXRR181,-22 To 123,Range Of Values,['Acoustic Reflex Right Ear 1KHz 81'],"['Both males and females 20 YEARS - 69 YEARS', 'Both males and females 12 YEARS - 19 YEARS']",[nan],,
652,AUXRR181,2 To 51,Range Of Values,['Acoustic Reflex Right Ear 1KHz 81'],"['Both males and females 20 YEARS - 69 YEARS', 'Both males and females 12 YEARS - 19 YEARS']",[nan],,
653,AUXRR181,-20 To 127,Range Of Values,['Acoustic Reflex Right Ear 1KHz 81'],"['Both males and females 20 YEARS - 69 YEARS', 'Both males and females 12 YEARS - 19 YEARS']",[nan],,
654,AUXRR181,-25 To 117,Range Of Values,['Acoustic Reflex Right Ear 1KHz 81'],"['Both males and females 20 YEARS - 69 YEARS', 'Both males and females 12 YEARS - 19 YEARS']",[nan],,
655,AUXRR181,-50 To 91,Range Of Values,['Acoustic Reflex Right Ear 1KHz 81'],"['Both males and females 20 YEARS - 69 YEARS', 'Both males and females 12 YEARS - 19 YEARS']",[nan],,
656,AUXRR182,-21 To 51,Range Of Values,['Acoustic Reflex Right Ear 1KHz 82'],"['Both males and females 20 YEARS - 69 YEARS', 'Both males and females 12 YEARS - 19 YEARS']",[nan],,
657,AUXRR182,.,Missing,['Acoustic Reflex Right Ear 1KHz 82'],"['Both males and females 20 YEARS - 69 YEARS', 'Both males and females 12 YEARS - 19 YEARS']",[nan],,
658,AUXRR182,-6 To 68,Range Of Values,['Acoustic Reflex Right Ear 1KHz 82'],"['Both males and females 20 YEARS - 69 YEARS', 'Both males and females 12 YEARS - 19 YEARS']",[nan],,
659,AUXRR182,-25 To 106,Range Of Values,['Acoustic Reflex Right Ear 1KHz 82'],"['Both males and females 20 YEARS - 69 YEARS', 'Both males and females 12 YEARS - 19 YEARS']",[nan],,
660,AUXRR182,5 To 64,Range Of Values,['Acoustic Reflex Right Ear 1KHz 82'],"['Both males and females 20 YEARS - 69 YEARS', 'Both males and females 12 YEARS - 19 YEARS']",[nan],,
661,AUXRR182,-20 To 112,Range Of Values,['Acoustic Reflex Right Ear 1KHz 82'],"['Both males and females 20 YEARS - 69 YEARS', 'Both males and females 12 YEARS - 19 YEARS']",[nan],,
662,AUXRR182,-18 To 117,Range Of Values,['Acoustic Reflex Right Ear 1KHz 82'],"['Both males and females 20 YEARS - 69 YEARS', 'Both males and females 12 YEARS - 19 YEARS']",[nan],,
663,AUXRR182,-51 To 91,Range Of Values,['Acoustic Reflex Right Ear 1KHz 82'],"['Both males and females 20 YEARS - 69 YEARS', 'Both males and females 12 YEARS - 19 YEARS']",[nan],,
664,AUXRR183,-21 To 46,Range Of Values,['Acoustic Reflex Right Ear 1KHz 83'],"['Both males and females 20 YEARS - 69 YEARS', 'Both males and females 12 YEARS - 19 YEARS']",[nan],,
665,AUXRR183,.,Missing,['Acoustic Reflex Right Ear 1KHz 83'],"['Both males and females 20 YEARS - 69 YEARS', 'Both males and females 12 YEARS - 19 YEARS']",[nan],,
666,AUXRR183,-4 To 72,Range Of Values,['Acoustic Reflex Right Ear 1KHz 83'],"['Both males and females 20 YEARS - 69 YEARS', 'Both males and females 12 YEARS - 19 YEARS']",[nan],,
667,AUXRR183,-27 To 74,Range Of Values,['Acoustic Reflex Right Ear 1KHz 83'],"['Both males and females 20 YEARS - 69 YEARS', 'Both males and females 12 YEARS - 19 YEARS']",[nan],,
668,AUXRR183,4 To 38,Range Of Values,['Acoustic Reflex Right Ear 1KHz 83'],"['Both males and females 20 YEARS - 69 YEARS', 'Both males and females 12 YEARS - 19 YEARS']",[nan],,
669,AUXRR183,-20 To 74,Range Of Values,['Acoustic Reflex Right Ear 1KHz 83'],"['Both males and females 20 YEARS - 69 YEARS', 'Both males and females 12 YEARS - 19 YEARS']",[nan],,
670,AUXRR183,-25 To 117,Range Of Values,['Acoustic Reflex Right Ear 1KHz 83'],"['Both males and females 20 YEARS - 69 YEARS', 'Both males and females 12 YEARS - 19 YEARS']",[nan],,
671,AUXRR183,-49 To 91,Range Of Values,['Acoustic Reflex Right Ear 1KHz 83'],"['Both males and females 20 YEARS - 69 YEARS', 'Both males and females 12 YEARS - 19 YEARS']",[nan],,
672,AUXRR184,-8 To 61,Range Of Values,['Acoustic Reflex Right Ear 1KHz 84'],"['Both males and females 20 YEARS - 69 YEARS', 'Both males and females 12 YEARS - 19 YEARS']",[nan],,
673,AUXRR184,.,Missing,['Acoustic Reflex Right Ear 1KHz 84'],"['Both males and females 20 YEARS - 69 YEARS', 'Both males and females 12 YEARS - 19 YEARS']",[nan],,
674,AUXRR184,-7 To 63,Range Of Values,['Acoustic Reflex Right Ear 1KHz 84'],"['Both males and females 20 YEARS - 69 YEARS', 'Both males and females 12 YEARS - 19 YEARS']",[nan],,
675,AUXRR184,-26 To 69,Range Of Values,['Acoustic Reflex Right Ear 1KHz 84'],"['Both males and females 20 YEARS - 69 YEARS', 'Both males and females 12 YEARS - 19 YEARS']",[nan],,
676,AUXRR184,-3 To 38,Range Of Values,['Acoustic Reflex Right Ear 1KHz 84'],"['Both males and females 20 YEARS - 69 YEARS', 'Both males and females 12 YEARS - 19 YEARS']",[nan],,
677,AUXRR184,-19 To 58,Range Of Values,['Acoustic Reflex Right Ear 1KHz 84'],"['Both males and females 20 YEARS - 69 YEARS', 'Both males and females 12 YEARS - 19 YEARS']",[nan],,
678,AUXRR184,-30 To 117,Range Of Values,['Acoustic Reflex Right Ear 1KHz 84'],"['Both males and females 20 YEARS - 69 YEARS', 'Both males and females 12 YEARS - 19 YEARS']",[nan],,
679,AUXRR184,-47 To 91,Range Of Values,['Acoustic Reflex Right Ear 1KHz 84'],"['Both males and females 20 YEARS - 69 YEARS', 'Both males and females 12 YEARS - 19 YEARS']",[nan],,
680,AUXLR101,-56 To 83,Range Of Values,['Acoustic Reflex Left Ear 1KHz 01'],"['Both males and females 20 YEARS - 69 YEARS', 'Both males and females 12 YEARS - 19 YEARS']",[nan],,
681,AUXLR101,.,Missing,['Acoustic Reflex Left Ear 1KHz 01'],"['Both males and females 20 YEARS - 69 YEARS', 'Both males and females 12 YEARS - 19 YEARS']",[nan],,
682,AUXLR101,-94 To 73,Range Of Values,['Acoustic Reflex Left Ear 1KHz 01'],"['Both males and females 20 YEARS - 69 YEARS', 'Both males and females 12 YEARS - 19 YEARS']",[nan],,
683,AUXLR101,-70 To 48,Range Of Values,['Acoustic Reflex Left Ear 1KHz 01'],"['Both males and females 20 YEARS - 69 YEARS', 'Both males and females 12 YEARS - 19 YEARS']",[nan],,
684,AUXLR101,-39 To 41,Range Of Values,['Acoustic Reflex Left Ear 1KHz 01'],"['Both males and females 20 YEARS - 69 YEARS', 'Both males and females 12 YEARS - 19 YEARS']",[nan],,
685,AUXLR101,-58 To 50,Range Of Values,['Acoustic Reflex Left Ear 1KHz 01'],"['Both males and females 20 YEARS - 69 YEARS', 'Both males and females 12 YEARS - 19 YEARS']",[nan],,
686,AUXLR101,-62 To 69,Range Of Values,['Acoustic Reflex Left Ear 1KHz 01'],"['Both males and females 20 YEARS - 69 YEARS', 'Both males and females 12 YEARS - 19 YEARS']",[nan],,
687,AUXLR101,-64 To 51,Range Of Values,['Acoustic Reflex Left Ear 1KHz 01'],"['Both males and females 20 YEARS - 69 YEARS', 'Both males and females 12 YEARS - 19 YEARS']",[nan],,
688,AUXLR102,-56 To 85,Range Of Values,['Acoustic Reflex Left Ear 1KHz 02'],"['Both males and females 20 YEARS - 69 YEARS', 'Both males and females 12 YEARS - 19 YEARS']",[nan],,
689,AUXLR102,.,Missing,['Acoustic Reflex Left Ear 1KHz 02'],"['Both males and females 20 YEARS - 69 YEARS', 'Both males and females 12 YEARS - 19 YEARS']",[nan],,
690,AUXLR102,-91 To 84,Range Of Values,['Acoustic Reflex Left Ear 1KHz 02'],"['Both males and females 20 YEARS - 69 YEARS', 'Both males and females 12 YEARS - 19 YEARS']",[nan],,
691,AUXLR102,-68 To 43,Range Of Values,['Acoustic Reflex Left Ear 1KHz 02'],"['Both males and females 20 YEARS - 69 YEARS', 'Both males and females 12 YEARS - 19 YEARS']",[nan],,
692,AUXLR102,-46 To 43,Range Of Values,['Acoustic Reflex Left Ear 1KHz 02'],"['Both males and females 20 YEARS - 69 YEARS', 'Both males and females 12 YEARS - 19 YEARS']",[nan],,
693,AUXLR102,-61 To 48,Range Of Values,['Acoustic Reflex Left Ear 1KHz 02'],"['Both males and females 20 YEARS - 69 YEARS', 'Both males and females 12 YEARS - 19 YEARS']",[nan],,
694,AUXLR102,-56 To 70,Range Of Values,['Acoustic Reflex Left Ear 1KHz 02'],"['Both males and females 20 YEARS - 69 YEARS', 'Both males and females 12 YEARS - 19 YEARS']",[nan],,
695,AUXLR102,-63 To 79,Range Of Values,['Acoustic Reflex Left Ear 1KHz 02'],"['Both males and females 20 YEARS - 69 YEARS', 'Both males and females 12 YEARS - 19 YEARS']",[nan],,
696,AUXLR103,-56 To 56,Range Of Values,['Acoustic Reflex Left Ear 1KHz 03'],"['Both males and females 20 YEARS - 69 YEARS', 'Both males and females 12 YEARS - 19 YEARS']",[nan],,
697,AUXLR103,.,Missing,['Acoustic Reflex Left Ear 1KHz 03'],"['Both males and females 20 YEARS - 69 YEARS', 'Both males and females 12 YEARS - 19 YEARS']",[nan],,
698,AUXLR103,-89 To 89,Range Of Values,['Acoustic Reflex Left Ear 1KHz 03'],"['Both males and females 20 YEARS - 69 YEARS', 'Both males and females 12 YEARS - 19 YEARS']",[nan],,
699,AUXLR103,-68 To 44,Range Of Values,['Acoustic Reflex Left Ear 1KHz 03'],"['Both males and females 20 YEARS - 69 YEARS', 'Both males and females 12 YEARS - 19 YEARS']",[nan],,
700,AUXLR103,-49 To 43,Range Of Values,['Acoustic Reflex Left Ear 1KHz 03'],"['Both males and females 20 YEARS - 69 YEARS', 'Both males and females 12 YEARS - 19 YEARS']",[nan],,
701,AUXLR103,-61 To 49,Range Of Values,['Acoustic Reflex Left Ear 1KHz 03'],"['Both males and females 20 YEARS - 69 YEARS', 'Both males and females 12 YEARS - 19 YEARS']",[nan],,
702,AUXLR103,-58 To 71,Range Of Values,['Acoustic Reflex Left Ear 1KHz 03'],"['Both males and females 20 YEARS - 69 YEARS', 'Both males and females 12 YEARS - 19 YEARS']",[nan],,
703,AUXLR103,-63 To 63,Range Of Values,['Acoustic Reflex Left Ear 1KHz 03'],"['Both males and females 20 YEARS - 69 YEARS', 'Both males and females 12 YEARS - 19 YEARS']",[nan],,
704,AUXLR104,-54 To 55,Range Of Values,['Acoustic Reflex Left Ear 1KHz 04'],"['Both males and females 20 YEARS - 69 YEARS', 'Both males and females 12 YEARS - 19 YEARS']",[nan],,
705,AUXLR104,.,Missing,['Acoustic Reflex Left Ear 1KHz 04'],"['Both males and females 20 YEARS - 69 YEARS', 'Both males and females 12 YEARS - 19 YEARS']",[nan],,
706,AUXLR104,-86 To 83,Range Of Values,['Acoustic Reflex Left Ear 1KHz 04'],"['Both males and females 20 YEARS - 69 YEARS', 'Both males and females 12 YEARS - 19 YEARS']",[nan],,
707,AUXLR104,-68 To 75,Range Of Values,['Acoustic Reflex Left Ear 1KHz 04'],"['Both males and females 20 YEARS - 69 YEARS', 'Both males and females 12 YEARS - 19 YEARS']",[nan],,
708,AUXLR104,-46 To 44,Range Of Values,['Acoustic Reflex Left Ear 1KHz 04'],"['Both males and females 20 YEARS - 69 YEARS', 'Both males and females 12 YEARS - 19 YEARS']",[nan],,
709,AUXLR104,-58 To 51,Range Of Values,['Acoustic Reflex Left Ear 1KHz 04'],"['Both males and females 20 YEARS - 69 YEARS', 'Both males and females 12 YEARS - 19 YEARS']",[nan],,
710,AUXLR104,-59 To 130,Range Of Values,['Acoustic Reflex Left Ear 1KHz 04'],"['Both males and females 20 YEARS - 69 YEARS', 'Both males and females 12 YEARS - 19 YEARS']",[nan],,
711,AUXLR104,-66 To 58,Range Of Values,['Acoustic Reflex Left Ear 1KHz 04'],"['Both males and females 20 YEARS - 69 YEARS', 'Both males and females 12 YEARS - 19 YEARS']",[nan],,
712,AUXLR105,-52 To 79,Range Of Values,['Acoustic Reflex Left Ear 1KHz 05'],"['Both males and females 20 YEARS - 69 YEARS', 'Both males and females 12 YEARS - 19 YEARS']",[nan],,
713,AUXLR105,.,Missing,['Acoustic Reflex Left Ear 1KHz 05'],"['Both males and females 20 YEARS - 69 YEARS', 'Both males and females 12 YEARS - 19 YEARS']",[nan],,
714,AUXLR105,-84 To 72,Range Of Values,['Acoustic Reflex Left Ear 1KHz 05'],"['Both males and females 20 YEARS - 69 YEARS', 'Both males and females 12 YEARS - 19 YEARS']",[nan],,
715,AUXLR105,-66 To 75,Range Of Values,['Acoustic Reflex Left Ear 1KHz 05'],"['Both males and females 20 YEARS - 69 YEARS', 'Both males and females 12 YEARS - 19 YEARS']",[nan],,
716,AUXLR105,-42 To 44,Range Of Values,['Acoustic Reflex Left Ear 1KHz 05'],"['Both males and females 20 YEARS - 69 YEARS', 'Both males and females 12 YEARS - 19 YEARS']",[nan],,
717,AUXLR105,-57 To 52,Range Of Values,['Acoustic Reflex Left Ear 1KHz 05'],"['Both males and females 20 YEARS - 69 YEARS', 'Both males and females 12 YEARS - 19 YEARS']",[nan],,
718,AUXLR105,-59 To 130,Range Of Values,['Acoustic Reflex Left Ear 1KHz 05'],"['Both males and females 20 YEARS - 69 YEARS', 'Both males and females 12 YEARS - 19 YEARS']",[nan],,
719,AUXLR105,-68 To 55,Range Of Values,['Acoustic Reflex Left Ear 1KHz 05'],"['Both males and females 20 YEARS - 69 YEARS', 'Both males and females 12 YEARS - 19 YEARS']",[nan],,
720,AUXLR106,-51 To 64,Range Of Values,['Acoustic Reflex Left Ear 1KHz 06'],"['Both males and females 20 YEARS - 69 YEARS', 'Both males and females 12 YEARS - 19 YEARS']",[nan],,
721,AUXLR106,.,Missing,['Acoustic Reflex Left Ear 1KHz 06'],"['Both males and females 20 YEARS - 69 YEARS', 'Both males and females 12 YEARS - 19 YEARS']",[nan],,
722,AUXLR106,-81 To 65,Range Of Values,['Acoustic Reflex Left Ear 1KHz 06'],"['Both males and females 20 YEARS - 69 YEARS', 'Both males and females 12 YEARS - 19 YEARS']",[nan],,
723,AUXLR106,-70 To 63,Range Of Values,['Acoustic Reflex Left Ear 1KHz 06'],"['Both males and females 20 YEARS - 69 YEARS', 'Both males and females 12 YEARS - 19 YEARS']",[nan],,
724,AUXLR106,-44 To 43,Range Of Values,['Acoustic Reflex Left Ear 1KHz 06'],"['Both males and females 20 YEARS - 69 YEARS', 'Both males and females 12 YEARS - 19 YEARS']",[nan],,
725,AUXLR106,-58 To 53,Range Of Values,['Acoustic Reflex Left Ear 1KHz 06'],"['Both males and females 20 YEARS - 69 YEARS', 'Both males and females 12 YEARS - 19 YEARS']",[nan],,
726,AUXLR106,-57 To 130,Range Of Values,['Acoustic Reflex Left Ear 1KHz 06'],"['Both males and females 20 YEARS - 69 YEARS', 'Both males and females 12 YEARS - 19 YEARS']",[nan],,
727,AUXLR106,-69 To 48,Range Of Values,['Acoustic Reflex Left Ear 1KHz 06'],"['Both males and females 20 YEARS - 69 YEARS', 'Both males and females 12 YEARS - 19 YEARS']",[nan],,
728,AUXLR107,-50 To 64,Range Of Values,['Acoustic Reflex Left Ear 1KHz 07'],"['Both males and females 20 YEARS - 69 YEARS', 'Both males and females 12 YEARS - 19 YEARS']",[nan],,
729,AUXLR107,.,Missing,['Acoustic Reflex Left Ear 1KHz 07'],"['Both males and females 20 YEARS - 69 YEARS', 'Both males and females 12 YEARS - 19 YEARS']",[nan],,
730,AUXLR107,-75 To 73,Range Of Values,['Acoustic Reflex Left Ear 1KHz 07'],"['Both males and females 20 YEARS - 69 YEARS', 'Both males and females 12 YEARS - 19 YEARS']",[nan],,
731,AUXLR107,-79 To 51,Range Of Values,['Acoustic Reflex Left Ear 1KHz 07'],"['Both males and females 20 YEARS - 69 YEARS', 'Both males and females 12 YEARS - 19 YEARS']",[nan],,
732,AUXLR107,-51 To 43,Range Of Values,['Acoustic Reflex Left Ear 1KHz 07'],"['Both males and females 20 YEARS - 69 YEARS', 'Both males and females 12 YEARS - 19 YEARS']",[nan],,
733,AUXLR107,-58 To 53,Range Of Values,['Acoustic Reflex Left Ear 1KHz 07'],"['Both males and females 20 YEARS - 69 YEARS', 'Both males and females 12 YEARS - 19 YEARS']",[nan],,
734,AUXLR107,-56 To 131,Range Of Values,['Acoustic Reflex Left Ear 1KHz 07'],"['Both males and females 20 YEARS - 69 YEARS', 'Both males and females 12 YEARS - 19 YEARS']",[nan],,
735,AUXLR107,-70 To 65,Range Of Values,['Acoustic Reflex Left Ear 1KHz 07'],"['Both males and females 20 YEARS - 69 YEARS', 'Both males and females 12 YEARS - 19 YEARS']",[nan],,
736,AUXLR108,-49 To 66,Range Of Values,['Acoustic Reflex Left Ear 1KHz 08'],"['Both males and females 20 YEARS - 69 YEARS', 'Both males and females 12 YEARS - 19 YEARS']",[nan],,
737,AUXLR108,.,Missing,['Acoustic Reflex Left Ear 1KHz 08'],"['Both males and females 20 YEARS - 69 YEARS', 'Both males and females 12 YEARS - 19 YEARS']",[nan],,
738,AUXLR108,-67 To 62,Range Of Values,['Acoustic Reflex Left Ear 1KHz 08'],"['Both males and females 20 YEARS - 69 YEARS', 'Both males and females 12 YEARS - 19 YEARS']",[nan],,
739,AUXLR108,-82 To 57,Range Of Values,['Acoustic Reflex Left Ear 1KHz 08'],"['Both males and females 20 YEARS - 69 YEARS', 'Both males and females 12 YEARS - 19 YEARS']",[nan],,
740,AUXLR108,-55 To 44,Range Of Values,['Acoustic Reflex Left Ear 1KHz 08'],"['Both males and females 20 YEARS - 69 YEARS', 'Both males and females 12 YEARS - 19 YEARS']",[nan],,
741,AUXLR108,-58 To 58,Range Of Values,['Acoustic Reflex Left Ear 1KHz 08'],"['Both males and females 20 YEARS - 69 YEARS', 'Both males and females 12 YEARS - 19 YEARS']",[nan],,
742,AUXLR108,-56 To 98,Range Of Values,['Acoustic Reflex Left Ear 1KHz 08'],"['Both males and females 20 YEARS - 69 YEARS', 'Both males and females 12 YEARS - 19 YEARS']",[nan],,
743,AUXLR108,-70 To 47,Range Of Values,['Acoustic Reflex Left Ear 1KHz 08'],"['Both males and females 20 YEARS - 69 YEARS', 'Both males and females 12 YEARS - 19 YEARS']",[nan],,
744,AUXLR109,-46 To 45,Range Of Values,['Acoustic Reflex Left Ear 1KHz 09'],"['Both males and females 20 YEARS - 69 YEARS', 'Both males and females 12 YEARS - 19 YEARS']",[nan],,
745,AUXLR109,.,Missing,['Acoustic Reflex Left Ear 1KHz 09'],"['Both males and females 20 YEARS - 69 YEARS', 'Both males and females 12 YEARS - 19 YEARS']",[nan],,
746,AUXLR109,-61 To 77,Range Of Values,['Acoustic Reflex Left Ear 1KHz 09'],"['Both males and females 20 YEARS - 69 YEARS', 'Both males and females 12 YEARS - 19 YEARS']",[nan],,
747,AUXLR109,-81 To 54,Range Of Values,['Acoustic Reflex Left Ear 1KHz 09'],"['Both males and females 20 YEARS - 69 YEARS', 'Both males and females 12 YEARS - 19 YEARS']",[nan],,
748,AUXLR109,-56 To 46,Range Of Values,['Acoustic Reflex Left Ear 1KHz 09'],"['Both males and females 20 YEARS - 69 YEARS', 'Both males and females 12 YEARS - 19 YEARS']",[nan],,
749,AUXLR109,-62 To 51,Range Of Values,['Acoustic Reflex Left Ear 1KHz 09'],"['Both males and females 20 YEARS - 69 YEARS', 'Both males and females 12 YEARS - 19 YEARS']",[nan],,
750,AUXLR109,-57 To 93,Range Of Values,['Acoustic Reflex Left Ear 1KHz 09'],"['Both males and females 20 YEARS - 69 YEARS', 'Both males and females 12 YEARS - 19 YEARS']",[nan],,
751,AUXLR109,-72 To 61,Range Of Values,['Acoustic Reflex Left Ear 1KHz 09'],"['Both males and females 20 YEARS - 69 YEARS', 'Both males and females 12 YEARS - 19 YEARS']",[nan],,
752,AUXLR110,-42 To 45,Range Of Values,['Acoustic Reflex Left Ear 1KHz 10'],"['Both males and females 20 YEARS - 69 YEARS', 'Both males and females 12 YEARS - 19 YEARS']",[nan],,
753,AUXLR110,.,Missing,['Acoustic Reflex Left Ear 1KHz 10'],"['Both males and females 20 YEARS - 69 YEARS', 'Both males and females 12 YEARS - 19 YEARS']",[nan],,
754,AUXLR110,-56 To 59,Range Of Values,['Acoustic Reflex Left Ear 1KHz 10'],"['Both males and females 20 YEARS - 69 YEARS', 'Both males and females 12 YEARS - 19 YEARS']",[nan],,
755,AUXLR110,-77 To 46,Range Of Values,['Acoustic Reflex Left Ear 1KHz 10'],"['Both males and females 20 YEARS - 69 YEARS', 'Both males and females 12 YEARS - 19 YEARS']",[nan],,
756,AUXLR110,-53 To 63,Range Of Values,['Acoustic Reflex Left Ear 1KHz 10'],"['Both males and females 20 YEARS - 69 YEARS', 'Both males and females 12 YEARS - 19 YEARS']",[nan],,
757,AUXLR110,-65 To 57,Range Of Values,['Acoustic Reflex Left Ear 1KHz 10'],"['Both males and females 20 YEARS - 69 YEARS', 'Both males and females 12 YEARS - 19 YEARS']",[nan],,
758,AUXLR110,-53 To 87,Range Of Values,['Acoustic Reflex Left Ear 1KHz 10'],"['Both males and females 20 YEARS - 69 YEARS', 'Both males and females 12 YEARS - 19 YEARS']",[nan],,
759,AUXLR110,-73 To 47,Range Of Values,['Acoustic Reflex Left Ear 1KHz 10'],"['Both males and females 20 YEARS - 69 YEARS', 'Both males and females 12 YEARS - 19 YEARS']",[nan],,
760,AUXLR111,-40 To 64,Range Of Values,['Acoustic Reflex Left Ear 1KHz 11'],"['Both males and females 20 YEARS - 69 YEARS', 'Both males and females 12 YEARS - 19 YEARS']",[nan],,
761,AUXLR111,.,Missing,['Acoustic Reflex Left Ear 1KHz 11'],"['Both males and females 20 YEARS - 69 YEARS', 'Both males and females 12 YEARS - 19 YEARS']",[nan],,
762,AUXLR111,-53 To 58,Range Of Values,['Acoustic Reflex Left Ear 1KHz 11'],"['Both males and females 20 YEARS - 69 YEARS', 'Both males and females 12 YEARS - 19 YEARS']",[nan],,
763,AUXLR111,-71 To 53,Range Of Values,['Acoustic Reflex Left Ear 1KHz 11'],"['Both males and females 20 YEARS - 69 YEARS', 'Both males and females 12 YEARS - 19 YEARS']",[nan],,
764,AUXLR111,-49 To 52,Range Of Values,['Acoustic Reflex Left Ear 1KHz 11'],"['Both males and females 20 YEARS - 69 YEARS', 'Both males and females 12 YEARS - 19 YEARS']",[nan],,
765,AUXLR111,-65 To 47,Range Of Values,['Acoustic Reflex Left Ear 1KHz 11'],"['Both males and females 20 YEARS - 69 YEARS', 'Both males and females 12 YEARS - 19 YEARS']",[nan],,
766,AUXLR111,-55 To 66,Range Of Values,['Acoustic Reflex Left Ear 1KHz 11'],"['Both males and females 20 YEARS - 69 YEARS', 'Both males and females 12 YEARS - 19 YEARS']",[nan],,
767,AUXLR111,-73 To 64,Range Of Values,['Acoustic Reflex Left Ear 1KHz 11'],"['Both males and females 20 YEARS - 69 YEARS', 'Both males and females 12 YEARS - 19 YEARS']",[nan],,
768,AUXLR112,-39 To 60,Range Of Values,['Acoustic Reflex Left Ear 1KHz 12'],"['Both males and females 20 YEARS - 69 YEARS', 'Both males and females 12 YEARS - 19 YEARS']",[nan],,
769,AUXLR112,.,Missing,['Acoustic Reflex Left Ear 1KHz 12'],"['Both males and females 20 YEARS - 69 YEARS', 'Both males and females 12 YEARS - 19 YEARS']",[nan],,
770,AUXLR112,-53 To 58,Range Of Values,['Acoustic Reflex Left Ear 1KHz 12'],"['Both males and females 20 YEARS - 69 YEARS', 'Both males and females 12 YEARS - 19 YEARS']",[nan],,
771,AUXLR112,-65 To 51,Range Of Values,['Acoustic Reflex Left Ear 1KHz 12'],"['Both males and females 20 YEARS - 69 YEARS', 'Both males and females 12 YEARS - 19 YEARS']",[nan],,
772,AUXLR112,-46 To 43,Range Of Values,['Acoustic Reflex Left Ear 1KHz 12'],"['Both males and females 20 YEARS - 69 YEARS', 'Both males and females 12 YEARS - 19 YEARS']",[nan],,
773,AUXLR112,-62 To 46,Range Of Values,['Acoustic Reflex Left Ear 1KHz 12'],"['Both males and females 20 YEARS - 69 YEARS', 'Both males and females 12 YEARS - 19 YEARS']",[nan],,
774,AUXLR112,-50 To 67,Range Of Values,['Acoustic Reflex Left Ear 1KHz 12'],"['Both males and females 20 YEARS - 69 YEARS', 'Both males and females 12 YEARS - 19 YEARS']",[nan],,
775,AUXLR112,-73 To 64,Range Of Values,['Acoustic Reflex Left Ear 1KHz 12'],"['Both males and females 20 YEARS - 69 YEARS', 'Both males and females 12 YEARS - 19 YEARS']",[nan],,
776,AUXLR113,-38 To 47,Range Of Values,['Acoustic Reflex Left Ear 1KHz 13'],"['Both males and females 20 YEARS - 69 YEARS', 'Both males and females 12 YEARS - 19 YEARS']",[nan],,
777,AUXLR113,.,Missing,['Acoustic Reflex Left Ear 1KHz 13'],"['Both males and females 20 YEARS - 69 YEARS', 'Both males and females 12 YEARS - 19 YEARS']",[nan],,
778,AUXLR113,-52 To 57,Range Of Values,['Acoustic Reflex Left Ear 1KHz 13'],"['Both males and females 20 YEARS - 69 YEARS', 'Both males and females 12 YEARS - 19 YEARS']",[nan],,
779,AUXLR113,-69 To 70,Range Of Values,['Acoustic Reflex Left Ear 1KHz 13'],"['Both males and females 20 YEARS - 69 YEARS', 'Both males and females 12 YEARS - 19 YEARS']",[nan],,
780,AUXLR113,-45 To 42,Range Of Values,['Acoustic Reflex Left Ear 1KHz 13'],"['Both males and females 20 YEARS - 69 YEARS', 'Both males and females 12 YEARS - 19 YEARS']",[nan],,
781,AUXLR113,-55 To 44,Range Of Values,['Acoustic Reflex Left Ear 1KHz 13'],"['Both males and females 20 YEARS - 69 YEARS', 'Both males and females 12 YEARS - 19 YEARS']",[nan],,
782,AUXLR113,-49 To 68,Range Of Values,['Acoustic Reflex Left Ear 1KHz 13'],"['Both males and females 20 YEARS - 69 YEARS', 'Both males and females 12 YEARS - 19 YEARS']",[nan],,
783,AUXLR113,-73 To 43,Range Of Values,['Acoustic Reflex Left Ear 1KHz 13'],"['Both males and females 20 YEARS - 69 YEARS', 'Both males and females 12 YEARS - 19 YEARS']",[nan],,
784,AUXLR114,-37 To 53,Range Of Values,['Acoustic Reflex Left Ear 1KHz 14'],"['Both males and females 20 YEARS - 69 YEARS', 'Both males and females 12 YEARS - 19 YEARS']",[nan],,
785,AUXLR114,.,Missing,['Acoustic Reflex Left Ear 1KHz 14'],"['Both males and females 20 YEARS - 69 YEARS', 'Both males and females 12 YEARS - 19 YEARS']",[nan],,
786,AUXLR114,-51 To 63,Range Of Values,['Acoustic Reflex Left Ear 1KHz 14'],"['Both males and females 20 YEARS - 69 YEARS', 'Both males and females 12 YEARS - 19 YEARS']",[nan],,
787,AUXLR114,-74 To 68,Range Of Values,['Acoustic Reflex Left Ear 1KHz 14'],"['Both males and females 20 YEARS - 69 YEARS', 'Both males and females 12 YEARS - 19 YEARS']",[nan],,
788,AUXLR114,-47 To 50,Range Of Values,['Acoustic Reflex Left Ear 1KHz 14'],"['Both males and females 20 YEARS - 69 YEARS', 'Both males and females 12 YEARS - 19 YEARS']",[nan],,
789,AUXLR114,-49 To 42,Range Of Values,['Acoustic Reflex Left Ear 1KHz 14'],"['Both males and females 20 YEARS - 69 YEARS', 'Both males and females 12 YEARS - 19 YEARS']",[nan],,
790,AUXLR114,-48 To 68,Range Of Values,['Acoustic Reflex Left Ear 1KHz 14'],"['Both males and females 20 YEARS - 69 YEARS', 'Both males and females 12 YEARS - 19 YEARS']",[nan],,
791,AUXLR114,-73 To 40,Range Of Values,['Acoustic Reflex Left Ear 1KHz 14'],"['Both males and females 20 YEARS - 69 YEARS', 'Both males and females 12 YEARS - 19 YEARS']",[nan],,
792,AUXLR115,-36 To 47,Range Of Values,['Acoustic Reflex Left Ear 1KHz 15'],"['Both males and females 20 YEARS - 69 YEARS', 'Both males and females 12 YEARS - 19 YEARS']",[nan],,
793,AUXLR115,.,Missing,['Acoustic Reflex Left Ear 1KHz 15'],"['Both males and females 20 YEARS - 69 YEARS', 'Both males and females 12 YEARS - 19 YEARS']",[nan],,
794,AUXLR115,-49 To 47,Range Of Values,['Acoustic Reflex Left Ear 1KHz 15'],"['Both males and females 20 YEARS - 69 YEARS', 'Both males and females 12 YEARS - 19 YEARS']",[nan],,
795,AUXLR115,-77 To 48,Range Of Values,['Acoustic Reflex Left Ear 1KHz 15'],"['Both males and females 20 YEARS - 69 YEARS', 'Both males and females 12 YEARS - 19 YEARS']",[nan],,
796,AUXLR115,-47 To 49,Range Of Values,['Acoustic Reflex Left Ear 1KHz 15'],"['Both males and females 20 YEARS - 69 YEARS', 'Both males and females 12 YEARS - 19 YEARS']",[nan],,
797,AUXLR115,-47 To 81,Range Of Values,['Acoustic Reflex Left Ear 1KHz 15'],"['Both males and females 20 YEARS - 69 YEARS', 'Both males and females 12 YEARS - 19 YEARS']",[nan],,
798,AUXLR115,-45 To 68,Range Of Values,['Acoustic Reflex Left Ear 1KHz 15'],"['Both males and females 20 YEARS - 69 YEARS', 'Both males and females 12 YEARS - 19 YEARS']",[nan],,
799,AUXLR115,-73 To 44,Range Of Values,['Acoustic Reflex Left Ear 1KHz 15'],"['Both males and females 20 YEARS - 69 YEARS', 'Both males and females 12 YEARS - 19 YEARS']",[nan],,
800,AUXLR116,-37 To 68,Range Of Values,['Acoustic Reflex Left Ear 1KHz 16'],"['Both males and females 20 YEARS - 69 YEARS', 'Both males and females 12 YEARS - 19 YEARS']",[nan],,
801,AUXLR116,.,Missing,['Acoustic Reflex Left Ear 1KHz 16'],"['Both males and females 20 YEARS - 69 YEARS', 'Both males and females 12 YEARS - 19 YEARS']",[nan],,
802,AUXLR116,-47 To 49,Range Of Values,['Acoustic Reflex Left Ear 1KHz 16'],"['Both males and females 20 YEARS - 69 YEARS', 'Both males and females 12 YEARS - 19 YEARS']",[nan],,
803,AUXLR116,-78 To 55,Range Of Values,['Acoustic Reflex Left Ear 1KHz 16'],"['Both males and females 20 YEARS - 69 YEARS', 'Both males and females 12 YEARS - 19 YEARS']",[nan],,
804,AUXLR116,-45 To 37,Range Of Values,['Acoustic Reflex Left Ear 1KHz 16'],"['Both males and females 20 YEARS - 69 YEARS', 'Both males and females 12 YEARS - 19 YEARS']",[nan],,
805,AUXLR116,-45 To 59,Range Of Values,['Acoustic Reflex Left Ear 1KHz 16'],"['Both males and females 20 YEARS - 69 YEARS', 'Both males and females 12 YEARS - 19 YEARS']",[nan],,
806,AUXLR116,-43 To 68,Range Of Values,['Acoustic Reflex Left Ear 1KHz 16'],"['Both males and females 20 YEARS - 69 YEARS', 'Both males and females 12 YEARS - 19 YEARS']",[nan],,
807,AUXLR116,-72 To 57,Range Of Values,['Acoustic Reflex Left Ear 1KHz 16'],"['Both males and females 20 YEARS - 69 YEARS', 'Both males and females 12 YEARS - 19 YEARS']",[nan],,
808,AUXLR117,-40 To 62,Range Of Values,['Acoustic Reflex Left Ear 1KHz 17'],"['Both males and females 20 YEARS - 69 YEARS', 'Both males and females 12 YEARS - 19 YEARS']",[nan],,
809,AUXLR117,.,Missing,['Acoustic Reflex Left Ear 1KHz 17'],"['Both males and females 20 YEARS - 69 YEARS', 'Both males and females 12 YEARS - 19 YEARS']",[nan],,
810,AUXLR117,-46 To 45,Range Of Values,['Acoustic Reflex Left Ear 1KHz 17'],"['Both males and females 20 YEARS - 69 YEARS', 'Both males and females 12 YEARS - 19 YEARS']",[nan],,
811,AUXLR117,-75 To 63,Range Of Values,['Acoustic Reflex Left Ear 1KHz 17'],"['Both males and females 20 YEARS - 69 YEARS', 'Both males and females 12 YEARS - 19 YEARS']",[nan],,
812,AUXLR117,-43 To 36,Range Of Values,['Acoustic Reflex Left Ear 1KHz 17'],"['Both males and females 20 YEARS - 69 YEARS', 'Both males and females 12 YEARS - 19 YEARS']",[nan],,
813,AUXLR117,-43 To 56,Range Of Values,['Acoustic Reflex Left Ear 1KHz 17'],"['Both males and females 20 YEARS - 69 YEARS', 'Both males and females 12 YEARS - 19 YEARS']",[nan],,
814,AUXLR117,-45 To 69,Range Of Values,['Acoustic Reflex Left Ear 1KHz 17'],"['Both males and females 20 YEARS - 69 YEARS', 'Both males and females 12 YEARS - 19 YEARS']",[nan],,
815,AUXLR117,-71 To 78,Range Of Values,['Acoustic Reflex Left Ear 1KHz 17'],"['Both males and females 20 YEARS - 69 YEARS', 'Both males and females 12 YEARS - 19 YEARS']",[nan],,
816,AUXLR118,-46 To 68,Range Of Values,['Acoustic Reflex Left Ear 1KHz 18'],"['Both males and females 20 YEARS - 69 YEARS', 'Both males and females 12 YEARS - 19 YEARS']",[nan],,
817,AUXLR118,.,Missing,['Acoustic Reflex Left Ear 1KHz 18'],"['Both males and females 20 YEARS - 69 YEARS', 'Both males and females 12 YEARS - 19 YEARS']",[nan],,
818,AUXLR118,-44 To 44,Range Of Values,['Acoustic Reflex Left Ear 1KHz 18'],"['Both males and females 20 YEARS - 69 YEARS', 'Both males and females 12 YEARS - 19 YEARS']",[nan],,
819,AUXLR118,-71 To 58,Range Of Values,['Acoustic Reflex Left Ear 1KHz 18'],"['Both males and females 20 YEARS - 69 YEARS', 'Both males and females 12 YEARS - 19 YEARS']",[nan],,
820,AUXLR118,-42 To 36,Range Of Values,['Acoustic Reflex Left Ear 1KHz 18'],"['Both males and females 20 YEARS - 69 YEARS', 'Both males and females 12 YEARS - 19 YEARS']",[nan],,
821,AUXLR118,-43 To 59,Range Of Values,['Acoustic Reflex Left Ear 1KHz 18'],"['Both males and females 20 YEARS - 69 YEARS', 'Both males and females 12 YEARS - 19 YEARS']",[nan],,
822,AUXLR118,-47 To 74,Range Of Values,['Acoustic Reflex Left Ear 1KHz 18'],"['Both males and females 20 YEARS - 69 YEARS', 'Both males and females 12 YEARS - 19 YEARS']",[nan],,
823,AUXLR118,-71 To 49,Range Of Values,['Acoustic Reflex Left Ear 1KHz 18'],"['Both males and females 20 YEARS - 69 YEARS', 'Both males and females 12 YEARS - 19 YEARS']",[nan],,
824,AUXLR119,-53 To 65,Range Of Values,['Acoustic Reflex Left Ear 1KHz 19'],"['Both males and females 20 YEARS - 69 YEARS', 'Both males and females 12 YEARS - 19 YEARS']",[nan],,
825,AUXLR119,.,Missing,['Acoustic Reflex Left Ear 1KHz 19'],"['Both males and females 20 YEARS - 69 YEARS', 'Both males and females 12 YEARS - 19 YEARS']",[nan],,
826,AUXLR119,-43 To 46,Range Of Values,['Acoustic Reflex Left Ear 1KHz 19'],"['Both males and females 20 YEARS - 69 YEARS', 'Both males and females 12 YEARS - 19 YEARS']",[nan],,
827,AUXLR119,-68 To 49,Range Of Values,['Acoustic Reflex Left Ear 1KHz 19'],"['Both males and females 20 YEARS - 69 YEARS', 'Both males and females 12 YEARS - 19 YEARS']",[nan],,
828,AUXLR119,-41 To 40,Range Of Values,['Acoustic Reflex Left Ear 1KHz 19'],"['Both males and females 20 YEARS - 69 YEARS', 'Both males and females 12 YEARS - 19 YEARS']",[nan],,
829,AUXLR119,-41 To 69,Range Of Values,['Acoustic Reflex Left Ear 1KHz 19'],"['Both males and females 20 YEARS - 69 YEARS', 'Both males and females 12 YEARS - 19 YEARS']",[nan],,
830,AUXLR119,-50 To 74,Range Of Values,['Acoustic Reflex Left Ear 1KHz 19'],"['Both males and females 20 YEARS - 69 YEARS', 'Both males and females 12 YEARS - 19 YEARS']",[nan],,
831,AUXLR119,-71 To 50,Range Of Values,['Acoustic Reflex Left Ear 1KHz 19'],"['Both males and females 20 YEARS - 69 YEARS', 'Both males and females 12 YEARS - 19 YEARS']",[nan],,
832,AUXLR120,-60 To 59,Range Of Values,['Acoustic Reflex Left Ear 1KHz 20'],"['Both males and females 20 YEARS - 69 YEARS', 'Both males and females 12 YEARS - 19 YEARS']",[nan],,
833,AUXLR120,.,Missing,['Acoustic Reflex Left Ear 1KHz 20'],"['Both males and females 20 YEARS - 69 YEARS', 'Both males and females 12 YEARS - 19 YEARS']",[nan],,
834,AUXLR120,-40 To 46,Range Of Values,['Acoustic Reflex Left Ear 1KHz 20'],"['Both males and females 20 YEARS - 69 YEARS', 'Both males and females 12 YEARS - 19 YEARS']",[nan],,
835,AUXLR120,-65 To 50,Range Of Values,['Acoustic Reflex Left Ear 1KHz 20'],"['Both males and females 20 YEARS - 69 YEARS', 'Both males and females 12 YEARS - 19 YEARS']",[nan],,
836,AUXLR120,-37 To 37,Range Of Values,['Acoustic Reflex Left Ear 1KHz 20'],"['Both males and females 20 YEARS - 69 YEARS', 'Both males and females 12 YEARS - 19 YEARS']",[nan],,
837,AUXLR120,-37 To 78,Range Of Values,['Acoustic Reflex Left Ear 1KHz 20'],"['Both males and females 20 YEARS - 69 YEARS', 'Both males and females 12 YEARS - 19 YEARS']",[nan],,
838,AUXLR120,-51 To 69,Range Of Values,['Acoustic Reflex Left Ear 1KHz 20'],"['Both males and females 20 YEARS - 69 YEARS', 'Both males and females 12 YEARS - 19 YEARS']",[nan],,
839,AUXLR120,-70 To 51,Range Of Values,['Acoustic Reflex Left Ear 1KHz 20'],"['Both males and females 20 YEARS - 69 YEARS', 'Both males and females 12 YEARS - 19 YEARS']",[nan],,
840,AUXLR121,-64 To 63,Range Of Values,['Acoustic Reflex Left Ear 1KHz 21'],"['Both males and females 20 YEARS - 69 YEARS', 'Both males and females 12 YEARS - 19 YEARS']",[nan],,
841,AUXLR121,.,Missing,['Acoustic Reflex Left Ear 1KHz 21'],"['Both males and females 20 YEARS - 69 YEARS', 'Both males and females 12 YEARS - 19 YEARS']",[nan],,
842,AUXLR121,-38 To 47,Range Of Values,['Acoustic Reflex Left Ear 1KHz 21'],"['Both males and females 20 YEARS - 69 YEARS', 'Both males and females 12 YEARS - 19 YEARS']",[nan],,
843,AUXLR121,-62 To 50,Range Of Values,['Acoustic Reflex Left Ear 1KHz 21'],"['Both males and females 20 YEARS - 69 YEARS', 'Both males and females 12 YEARS - 19 YEARS']",[nan],,
844,AUXLR121,-31 To 65,Range Of Values,['Acoustic Reflex Left Ear 1KHz 21'],"['Both males and females 20 YEARS - 69 YEARS', 'Both males and females 12 YEARS - 19 YEARS']",[nan],,
845,AUXLR121,-32 To 49,Range Of Values,['Acoustic Reflex Left Ear 1KHz 21'],"['Both males and females 20 YEARS - 69 YEARS', 'Both males and females 12 YEARS - 19 YEARS']",[nan],,
846,AUXLR121,-50 To 68,Range Of Values,['Acoustic Reflex Left Ear 1KHz 21'],"['Both males and females 20 YEARS - 69 YEARS', 'Both males and females 12 YEARS - 19 YEARS']",[nan],,
847,AUXLR121,-69 To 48,Range Of Values,['Acoustic Reflex Left Ear 1KHz 21'],"['Both males and females 20 YEARS - 69 YEARS', 'Both males and females 12 YEARS - 19 YEARS']",[nan],,
848,AUXLR122,-66 To 73,Range Of Values,['Acoustic Reflex Left Ear 1KHz 22'],"['Both males and females 20 YEARS - 69 YEARS', 'Both males and females 12 YEARS - 19 YEARS']",[nan],,
849,AUXLR122,.,Missing,['Acoustic Reflex Left Ear 1KHz 22'],"['Both males and females 20 YEARS - 69 YEARS', 'Both males and females 12 YEARS - 19 YEARS']",[nan],,
850,AUXLR122,-34 To 49,Range Of Values,['Acoustic Reflex Left Ear 1KHz 22'],"['Both males and females 20 YEARS - 69 YEARS', 'Both males and females 12 YEARS - 19 YEARS']",[nan],,
851,AUXLR122,-60 To 56,Range Of Values,['Acoustic Reflex Left Ear 1KHz 22'],"['Both males and females 20 YEARS - 69 YEARS', 'Both males and females 12 YEARS - 19 YEARS']",[nan],,
852,AUXLR122,-26 To 57,Range Of Values,['Acoustic Reflex Left Ear 1KHz 22'],"['Both males and females 20 YEARS - 69 YEARS', 'Both males and females 12 YEARS - 19 YEARS']",[nan],,
853,AUXLR122,-34 To 71,Range Of Values,['Acoustic Reflex Left Ear 1KHz 22'],"['Both males and females 20 YEARS - 69 YEARS', 'Both males and females 12 YEARS - 19 YEARS']",[nan],,
854,AUXLR122,-50 To 81,Range Of Values,['Acoustic Reflex Left Ear 1KHz 22'],"['Both males and females 20 YEARS - 69 YEARS', 'Both males and females 12 YEARS - 19 YEARS']",[nan],,
855,AUXLR122,-68 To 62,Range Of Values,['Acoustic Reflex Left Ear 1KHz 22'],"['Both males and females 20 YEARS - 69 YEARS', 'Both males and females 12 YEARS - 19 YEARS']",[nan],,
856,AUXLR123,-69 To 58,Range Of Values,['Acoustic Reflex Left Ear 1KHz 23'],"['Both males and females 20 YEARS - 69 YEARS', 'Both males and females 12 YEARS - 19 YEARS']",[nan],,
857,AUXLR123,.,Missing,['Acoustic Reflex Left Ear 1KHz 23'],"['Both males and females 20 YEARS - 69 YEARS', 'Both males and females 12 YEARS - 19 YEARS']",[nan],,
858,AUXLR123,-33 To 52,Range Of Values,['Acoustic Reflex Left Ear 1KHz 23'],"['Both males and females 20 YEARS - 69 YEARS', 'Both males and females 12 YEARS - 19 YEARS']",[nan],,
859,AUXLR123,-58 To 51,Range Of Values,['Acoustic Reflex Left Ear 1KHz 23'],"['Both males and females 20 YEARS - 69 YEARS', 'Both males and females 12 YEARS - 19 YEARS']",[nan],,
860,AUXLR123,-24 To 40,Range Of Values,['Acoustic Reflex Left Ear 1KHz 23'],"['Both males and females 20 YEARS - 69 YEARS', 'Both males and females 12 YEARS - 19 YEARS']",[nan],,
861,AUXLR123,-36 To 80,Range Of Values,['Acoustic Reflex Left Ear 1KHz 23'],"['Both males and females 20 YEARS - 69 YEARS', 'Both males and females 12 YEARS - 19 YEARS']",[nan],,
862,AUXLR123,-62 To 82,Range Of Values,['Acoustic Reflex Left Ear 1KHz 23'],"['Both males and females 20 YEARS - 69 YEARS', 'Both males and females 12 YEARS - 19 YEARS']",[nan],,
863,AUXLR123,-64 To 53,Range Of Values,['Acoustic Reflex Left Ear 1KHz 23'],"['Both males and females 20 YEARS - 69 YEARS', 'Both males and females 12 YEARS - 19 YEARS']",[nan],,
864,AUXLR124,-71 To 58,Range Of Values,['Acoustic Reflex Left Ear 1KHz 24'],"['Both males and females 20 YEARS - 69 YEARS', 'Both males and females 12 YEARS - 19 YEARS']",[nan],,
865,AUXLR124,.,Missing,['Acoustic Reflex Left Ear 1KHz 24'],"['Both males and females 20 YEARS - 69 YEARS', 'Both males and females 12 YEARS - 19 YEARS']",[nan],,
866,AUXLR124,-32 To 54,Range Of Values,['Acoustic Reflex Left Ear 1KHz 24'],"['Both males and females 20 YEARS - 69 YEARS', 'Both males and females 12 YEARS - 19 YEARS']",[nan],,
867,AUXLR124,-56 To 50,Range Of Values,['Acoustic Reflex Left Ear 1KHz 24'],"['Both males and females 20 YEARS - 69 YEARS', 'Both males and females 12 YEARS - 19 YEARS']",[nan],,
868,AUXLR124,-26 To 44,Range Of Values,['Acoustic Reflex Left Ear 1KHz 24'],"['Both males and females 20 YEARS - 69 YEARS', 'Both males and females 12 YEARS - 19 YEARS']",[nan],,
869,AUXLR124,-38 To 74,Range Of Values,['Acoustic Reflex Left Ear 1KHz 24'],"['Both males and females 20 YEARS - 69 YEARS', 'Both males and females 12 YEARS - 19 YEARS']",[nan],,
870,AUXLR124,-64 To 66,Range Of Values,['Acoustic Reflex Left Ear 1KHz 24'],"['Both males and females 20 YEARS - 69 YEARS', 'Both males and females 12 YEARS - 19 YEARS']",[nan],,
871,AUXLR124,-61 To 76,Range Of Values,['Acoustic Reflex Left Ear 1KHz 24'],"['Both males and females 20 YEARS - 69 YEARS', 'Both males and females 12 YEARS - 19 YEARS']",[nan],,
872,AUXLR125,-74 To 95,Range Of Values,['Acoustic Reflex Left Ear 1KHz 25'],"['Both males and females 20 YEARS - 69 YEARS', 'Both males and females 12 YEARS - 19 YEARS']",[nan],,
873,AUXLR125,.,Missing,['Acoustic Reflex Left Ear 1KHz 25'],"['Both males and females 20 YEARS - 69 YEARS', 'Both males and females 12 YEARS - 19 YEARS']",[nan],,
874,AUXLR125,-31 To 56,Range Of Values,['Acoustic Reflex Left Ear 1KHz 25'],"['Both males and females 20 YEARS - 69 YEARS', 'Both males and females 12 YEARS - 19 YEARS']",[nan],,
875,AUXLR125,-54 To 50,Range Of Values,['Acoustic Reflex Left Ear 1KHz 25'],"['Both males and females 20 YEARS - 69 YEARS', 'Both males and females 12 YEARS - 19 YEARS']",[nan],,
876,AUXLR125,-27 To 55,Range Of Values,['Acoustic Reflex Left Ear 1KHz 25'],"['Both males and females 20 YEARS - 69 YEARS', 'Both males and females 12 YEARS - 19 YEARS']",[nan],,
877,AUXLR125,-37 To 80,Range Of Values,['Acoustic Reflex Left Ear 1KHz 25'],"['Both males and females 20 YEARS - 69 YEARS', 'Both males and females 12 YEARS - 19 YEARS']",[nan],,
878,AUXLR125,-68 To 65,Range Of Values,['Acoustic Reflex Left Ear 1KHz 25'],"['Both males and females 20 YEARS - 69 YEARS', 'Both males and females 12 YEARS - 19 YEARS']",[nan],,
879,AUXLR125,-58 To 61,Range Of Values,['Acoustic Reflex Left Ear 1KHz 25'],"['Both males and females 20 YEARS - 69 YEARS', 'Both males and females 12 YEARS - 19 YEARS']",[nan],,
880,AUXLR126,-78 To 89,Range Of Values,['Acoustic Reflex Left Ear 1KHz 26'],"['Both males and females 20 YEARS - 69 YEARS', 'Both males and females 12 YEARS - 19 YEARS']",[nan],,
881,AUXLR126,.,Missing,['Acoustic Reflex Left Ear 1KHz 26'],"['Both males and females 20 YEARS - 69 YEARS', 'Both males and females 12 YEARS - 19 YEARS']",[nan],,
882,AUXLR126,-31 To 56,Range Of Values,['Acoustic Reflex Left Ear 1KHz 26'],"['Both males and females 20 YEARS - 69 YEARS', 'Both males and females 12 YEARS - 19 YEARS']",[nan],,
883,AUXLR126,-51 To 67,Range Of Values,['Acoustic Reflex Left Ear 1KHz 26'],"['Both males and females 20 YEARS - 69 YEARS', 'Both males and females 12 YEARS - 19 YEARS']",[nan],,
884,AUXLR126,-26 To 57,Range Of Values,['Acoustic Reflex Left Ear 1KHz 26'],"['Both males and females 20 YEARS - 69 YEARS', 'Both males and females 12 YEARS - 19 YEARS']",[nan],,
885,AUXLR126,-35 To 73,Range Of Values,['Acoustic Reflex Left Ear 1KHz 26'],"['Both males and females 20 YEARS - 69 YEARS', 'Both males and females 12 YEARS - 19 YEARS']",[nan],,
886,AUXLR126,-71 To 63,Range Of Values,['Acoustic Reflex Left Ear 1KHz 26'],"['Both males and females 20 YEARS - 69 YEARS', 'Both males and females 12 YEARS - 19 YEARS']",[nan],,
887,AUXLR126,-56 To 46,Range Of Values,['Acoustic Reflex Left Ear 1KHz 26'],"['Both males and females 20 YEARS - 69 YEARS', 'Both males and females 12 YEARS - 19 YEARS']",[nan],,
888,AUXLR127,-85 To 89,Range Of Values,['Acoustic Reflex Left Ear 1KHz 27'],"['Both males and females 20 YEARS - 69 YEARS', 'Both males and females 12 YEARS - 19 YEARS']",[nan],,
889,AUXLR127,.,Missing,['Acoustic Reflex Left Ear 1KHz 27'],"['Both males and females 20 YEARS - 69 YEARS', 'Both males and females 12 YEARS - 19 YEARS']",[nan],,
890,AUXLR127,-30 To 57,Range Of Values,['Acoustic Reflex Left Ear 1KHz 27'],"['Both males and females 20 YEARS - 69 YEARS', 'Both males and females 12 YEARS - 19 YEARS']",[nan],,
891,AUXLR127,-50 To 51,Range Of Values,['Acoustic Reflex Left Ear 1KHz 27'],"['Both males and females 20 YEARS - 69 YEARS', 'Both males and females 12 YEARS - 19 YEARS']",[nan],,
892,AUXLR127,-24 To 43,Range Of Values,['Acoustic Reflex Left Ear 1KHz 27'],"['Both males and females 20 YEARS - 69 YEARS', 'Both males and females 12 YEARS - 19 YEARS']",[nan],,
893,AUXLR127,-31 To 64,Range Of Values,['Acoustic Reflex Left Ear 1KHz 27'],"['Both males and females 20 YEARS - 69 YEARS', 'Both males and females 12 YEARS - 19 YEARS']",[nan],,
894,AUXLR127,-65 To 63,Range Of Values,['Acoustic Reflex Left Ear 1KHz 27'],"['Both males and females 20 YEARS - 69 YEARS', 'Both males and females 12 YEARS - 19 YEARS']",[nan],,
895,AUXLR127,-56 To 43,Range Of Values,['Acoustic Reflex Left Ear 1KHz 27'],"['Both males and females 20 YEARS - 69 YEARS', 'Both males and females 12 YEARS - 19 YEARS']",[nan],,
896,AUXLR128,-95 To 124,Range Of Values,['Acoustic Reflex Left Ear 1KHz 28'],"['Both males and females 20 YEARS - 69 YEARS', 'Both males and females 12 YEARS - 19 YEARS']",[nan],,
897,AUXLR128,.,Missing,['Acoustic Reflex Left Ear 1KHz 28'],"['Both males and females 20 YEARS - 69 YEARS', 'Both males and females 12 YEARS - 19 YEARS']",[nan],,
898,AUXLR128,-28 To 56,Range Of Values,['Acoustic Reflex Left Ear 1KHz 28'],"['Both males and females 20 YEARS - 69 YEARS', 'Both males and females 12 YEARS - 19 YEARS']",[nan],,
899,AUXLR128,-50 To 52,Range Of Values,['Acoustic Reflex Left Ear 1KHz 28'],"['Both males and females 20 YEARS - 69 YEARS', 'Both males and females 12 YEARS - 19 YEARS']",[nan],,
900,AUXLR128,-23 To 38,Range Of Values,['Acoustic Reflex Left Ear 1KHz 28'],"['Both males and females 20 YEARS - 69 YEARS', 'Both males and females 12 YEARS - 19 YEARS']",[nan],,
901,AUXLR128,-25 To 78,Range Of Values,['Acoustic Reflex Left Ear 1KHz 28'],"['Both males and females 20 YEARS - 69 YEARS', 'Both males and females 12 YEARS - 19 YEARS']",[nan],,
902,AUXLR128,-54 To 60,Range Of Values,['Acoustic Reflex Left Ear 1KHz 28'],"['Both males and females 20 YEARS - 69 YEARS', 'Both males and females 12 YEARS - 19 YEARS']",[nan],,
903,AUXLR128,-57 To 42,Range Of Values,['Acoustic Reflex Left Ear 1KHz 28'],"['Both males and females 20 YEARS - 69 YEARS', 'Both males and females 12 YEARS - 19 YEARS']",[nan],,
904,AUXLR129,-103 To 82,Range Of Values,['Acoustic Reflex Left Ear 1KHz 29'],"['Both males and females 20 YEARS - 69 YEARS', 'Both males and females 12 YEARS - 19 YEARS']",[nan],,
905,AUXLR129,.,Missing,['Acoustic Reflex Left Ear 1KHz 29'],"['Both males and females 20 YEARS - 69 YEARS', 'Both males and females 12 YEARS - 19 YEARS']",[nan],,
906,AUXLR129,-23 To 55,Range Of Values,['Acoustic Reflex Left Ear 1KHz 29'],"['Both males and females 20 YEARS - 69 YEARS', 'Both males and females 12 YEARS - 19 YEARS']",[nan],,
907,AUXLR129,-57 To 55,Range Of Values,['Acoustic Reflex Left Ear 1KHz 29'],"['Both males and females 20 YEARS - 69 YEARS', 'Both males and females 12 YEARS - 19 YEARS']",[nan],,
908,AUXLR129,-21 To 40,Range Of Values,['Acoustic Reflex Left Ear 1KHz 29'],"['Both males and females 20 YEARS - 69 YEARS', 'Both males and females 12 YEARS - 19 YEARS']",[nan],,
909,AUXLR129,-21 To 104,Range Of Values,['Acoustic Reflex Left Ear 1KHz 29'],"['Both males and females 20 YEARS - 69 YEARS', 'Both males and females 12 YEARS - 19 YEARS']",[nan],,
910,AUXLR129,-45 To 73,Range Of Values,['Acoustic Reflex Left Ear 1KHz 29'],"['Both males and females 20 YEARS - 69 YEARS', 'Both males and females 12 YEARS - 19 YEARS']",[nan],,
911,AUXLR129,-54 To 63,Range Of Values,['Acoustic Reflex Left Ear 1KHz 29'],"['Both males and females 20 YEARS - 69 YEARS', 'Both males and females 12 YEARS - 19 YEARS']",[nan],,
912,AUXLR130,-106 To 50,Range Of Values,['Acoustic Reflex Left Ear 1KHz 30'],"['Both males and females 20 YEARS - 69 YEARS', 'Both males and females 12 YEARS - 19 YEARS']",[nan],,
913,AUXLR130,.,Missing,['Acoustic Reflex Left Ear 1KHz 30'],"['Both males and females 20 YEARS - 69 YEARS', 'Both males and females 12 YEARS - 19 YEARS']",[nan],,
914,AUXLR130,-21 To 55,Range Of Values,['Acoustic Reflex Left Ear 1KHz 30'],"['Both males and females 20 YEARS - 69 YEARS', 'Both males and females 12 YEARS - 19 YEARS']",[nan],,
915,AUXLR130,-50 To 57,Range Of Values,['Acoustic Reflex Left Ear 1KHz 30'],"['Both males and females 20 YEARS - 69 YEARS', 'Both males and females 12 YEARS - 19 YEARS']",[nan],,
916,AUXLR130,-20 To 44,Range Of Values,['Acoustic Reflex Left Ear 1KHz 30'],"['Both males and females 20 YEARS - 69 YEARS', 'Both males and females 12 YEARS - 19 YEARS']",[nan],,
917,AUXLR130,-20 To 69,Range Of Values,['Acoustic Reflex Left Ear 1KHz 30'],"['Both males and females 20 YEARS - 69 YEARS', 'Both males and females 12 YEARS - 19 YEARS']",[nan],,
918,AUXLR130,-39 To 73,Range Of Values,['Acoustic Reflex Left Ear 1KHz 30'],"['Both males and females 20 YEARS - 69 YEARS', 'Both males and females 12 YEARS - 19 YEARS']",[nan],,
919,AUXLR130,-47 To 97,Range Of Values,['Acoustic Reflex Left Ear 1KHz 30'],"['Both males and females 20 YEARS - 69 YEARS', 'Both males and females 12 YEARS - 19 YEARS']",[nan],,
920,AUXLR131,-105 To 76,Range Of Values,['Acoustic Reflex Left Ear 1KHz 31'],"['Both males and females 20 YEARS - 69 YEARS', 'Both males and females 12 YEARS - 19 YEARS']",[nan],,
921,AUXLR131,.,Missing,['Acoustic Reflex Left Ear 1KHz 31'],"['Both males and females 20 YEARS - 69 YEARS', 'Both males and females 12 YEARS - 19 YEARS']",[nan],,
922,AUXLR131,-20 To 54,Range Of Values,['Acoustic Reflex Left Ear 1KHz 31'],"['Both males and females 20 YEARS - 69 YEARS', 'Both males and females 12 YEARS - 19 YEARS']",[nan],,
923,AUXLR131,-43 To 56,Range Of Values,['Acoustic Reflex Left Ear 1KHz 31'],"['Both males and females 20 YEARS - 69 YEARS', 'Both males and females 12 YEARS - 19 YEARS']",[nan],,
924,AUXLR131,-19 To 70,Range Of Values,['Acoustic Reflex Left Ear 1KHz 31'],"['Both males and females 20 YEARS - 69 YEARS', 'Both males and females 12 YEARS - 19 YEARS']",[nan],,
925,AUXLR131,-20 To 52,Range Of Values,['Acoustic Reflex Left Ear 1KHz 31'],"['Both males and females 20 YEARS - 69 YEARS', 'Both males and females 12 YEARS - 19 YEARS']",[nan],,
926,AUXLR131,-36 To 75,Range Of Values,['Acoustic Reflex Left Ear 1KHz 31'],"['Both males and females 20 YEARS - 69 YEARS', 'Both males and females 12 YEARS - 19 YEARS']",[nan],,
927,AUXLR131,-44 To 84,Range Of Values,['Acoustic Reflex Left Ear 1KHz 31'],"['Both males and females 20 YEARS - 69 YEARS', 'Both males and females 12 YEARS - 19 YEARS']",[nan],,
928,AUXLR132,-101 To 66,Range Of Values,['Acoustic Reflex Left Ear 1KHz 32'],"['Both males and females 20 YEARS - 69 YEARS', 'Both males and females 12 YEARS - 19 YEARS']",[nan],,
929,AUXLR132,.,Missing,['Acoustic Reflex Left Ear 1KHz 32'],"['Both males and females 20 YEARS - 69 YEARS', 'Both males and females 12 YEARS - 19 YEARS']",[nan],,
930,AUXLR132,-20 To 58,Range Of Values,['Acoustic Reflex Left Ear 1KHz 32'],"['Both males and females 20 YEARS - 69 YEARS', 'Both males and females 12 YEARS - 19 YEARS']",[nan],,
931,AUXLR132,-40 To 98,Range Of Values,['Acoustic Reflex Left Ear 1KHz 32'],"['Both males and females 20 YEARS - 69 YEARS', 'Both males and females 12 YEARS - 19 YEARS']",[nan],,
932,AUXLR132,-22 To 48,Range Of Values,['Acoustic Reflex Left Ear 1KHz 32'],"['Both males and females 20 YEARS - 69 YEARS', 'Both males and females 12 YEARS - 19 YEARS']",[nan],,
933,AUXLR132,-20 To 67,Range Of Values,['Acoustic Reflex Left Ear 1KHz 32'],"['Both males and females 20 YEARS - 69 YEARS', 'Both males and females 12 YEARS - 19 YEARS']",[nan],,
934,AUXLR132,-33 To 76,Range Of Values,['Acoustic Reflex Left Ear 1KHz 32'],"['Both males and females 20 YEARS - 69 YEARS', 'Both males and females 12 YEARS - 19 YEARS']",[nan],,
935,AUXLR132,-42 To 72,Range Of Values,['Acoustic Reflex Left Ear 1KHz 32'],"['Both males and females 20 YEARS - 69 YEARS', 'Both males and females 12 YEARS - 19 YEARS']",[nan],,
936,AUXLR133,-97 To 58,Range Of Values,['Acoustic Reflex Left Ear 1KHz 33'],"['Both males and females 20 YEARS - 69 YEARS', 'Both males and females 12 YEARS - 19 YEARS']",[nan],,
937,AUXLR133,.,Missing,['Acoustic Reflex Left Ear 1KHz 33'],"['Both males and females 20 YEARS - 69 YEARS', 'Both males and females 12 YEARS - 19 YEARS']",[nan],,
938,AUXLR133,-19 To 69,Range Of Values,['Acoustic Reflex Left Ear 1KHz 33'],"['Both males and females 20 YEARS - 69 YEARS', 'Both males and females 12 YEARS - 19 YEARS']",[nan],,
939,AUXLR133,-40 To 127,Range Of Values,['Acoustic Reflex Left Ear 1KHz 33'],"['Both males and females 20 YEARS - 69 YEARS', 'Both males and females 12 YEARS - 19 YEARS']",[nan],,
940,AUXLR133,-37 To 38,Range Of Values,['Acoustic Reflex Left Ear 1KHz 33'],"['Both males and females 20 YEARS - 69 YEARS', 'Both males and females 12 YEARS - 19 YEARS']",[nan],,
941,AUXLR133,-18 To 96,Range Of Values,['Acoustic Reflex Left Ear 1KHz 33'],"['Both males and females 20 YEARS - 69 YEARS', 'Both males and females 12 YEARS - 19 YEARS']",[nan],,
942,AUXLR133,-29 To 76,Range Of Values,['Acoustic Reflex Left Ear 1KHz 33'],"['Both males and females 20 YEARS - 69 YEARS', 'Both males and females 12 YEARS - 19 YEARS']",[nan],,
943,AUXLR133,-37 To 57,Range Of Values,['Acoustic Reflex Left Ear 1KHz 33'],"['Both males and females 20 YEARS - 69 YEARS', 'Both males and females 12 YEARS - 19 YEARS']",[nan],,
944,AUXLR134,-92 To 53,Range Of Values,['Acoustic Reflex Left Ear 1KHz 34'],"['Both males and females 20 YEARS - 69 YEARS', 'Both males and females 12 YEARS - 19 YEARS']",[nan],,
945,AUXLR134,.,Missing,['Acoustic Reflex Left Ear 1KHz 34'],"['Both males and females 20 YEARS - 69 YEARS', 'Both males and females 12 YEARS - 19 YEARS']",[nan],,
946,AUXLR134,-19 To 80,Range Of Values,['Acoustic Reflex Left Ear 1KHz 34'],"['Both males and females 20 YEARS - 69 YEARS', 'Both males and females 12 YEARS - 19 YEARS']",[nan],,
947,AUXLR134,-39 To 126,Range Of Values,['Acoustic Reflex Left Ear 1KHz 34'],"['Both males and females 20 YEARS - 69 YEARS', 'Both males and females 12 YEARS - 19 YEARS']",[nan],,
948,AUXLR134,-54 To 38,Range Of Values,['Acoustic Reflex Left Ear 1KHz 34'],"['Both males and females 20 YEARS - 69 YEARS', 'Both males and females 12 YEARS - 19 YEARS']",[nan],,
949,AUXLR134,-16 To 63,Range Of Values,['Acoustic Reflex Left Ear 1KHz 34'],"['Both males and females 20 YEARS - 69 YEARS', 'Both males and females 12 YEARS - 19 YEARS']",[nan],,
950,AUXLR134,-25 To 76,Range Of Values,['Acoustic Reflex Left Ear 1KHz 34'],"['Both males and females 20 YEARS - 69 YEARS', 'Both males and females 12 YEARS - 19 YEARS']",[nan],,
951,AUXLR134,-31 To 38,Range Of Values,['Acoustic Reflex Left Ear 1KHz 34'],"['Both males and females 20 YEARS - 69 YEARS', 'Both males and females 12 YEARS - 19 YEARS']",[nan],,
952,AUXLR135,-88 To 81,Range Of Values,['Acoustic Reflex Left Ear 1KHz 35'],"['Both males and females 20 YEARS - 69 YEARS', 'Both males and females 12 YEARS - 19 YEARS']",[nan],,
953,AUXLR135,.,Missing,['Acoustic Reflex Left Ear 1KHz 35'],"['Both males and females 20 YEARS - 69 YEARS', 'Both males and females 12 YEARS - 19 YEARS']",[nan],,
954,AUXLR135,-18 To 80,Range Of Values,['Acoustic Reflex Left Ear 1KHz 35'],"['Both males and females 20 YEARS - 69 YEARS', 'Both males and females 12 YEARS - 19 YEARS']",[nan],,
955,AUXLR135,-39 To 125,Range Of Values,['Acoustic Reflex Left Ear 1KHz 35'],"['Both males and females 20 YEARS - 69 YEARS', 'Both males and females 12 YEARS - 19 YEARS']",[nan],,
956,AUXLR135,-68 To 36,Range Of Values,['Acoustic Reflex Left Ear 1KHz 35'],"['Both males and females 20 YEARS - 69 YEARS', 'Both males and females 12 YEARS - 19 YEARS']",[nan],,
957,AUXLR135,-16 To 52,Range Of Values,['Acoustic Reflex Left Ear 1KHz 35'],"['Both males and females 20 YEARS - 69 YEARS', 'Both males and females 12 YEARS - 19 YEARS']",[nan],,
958,AUXLR135,-23 To 76,Range Of Values,['Acoustic Reflex Left Ear 1KHz 35'],"['Both males and females 20 YEARS - 69 YEARS', 'Both males and females 12 YEARS - 19 YEARS']",[nan],,
959,AUXLR135,-26 To 43,Range Of Values,['Acoustic Reflex Left Ear 1KHz 35'],"['Both males and females 20 YEARS - 69 YEARS', 'Both males and females 12 YEARS - 19 YEARS']",[nan],,
960,AUXLR136,-86 To 93,Range Of Values,['Acoustic Reflex Left Ear 1KHz 36'],"['Both males and females 20 YEARS - 69 YEARS', 'Both males and females 12 YEARS - 19 YEARS']",[nan],,
961,AUXLR136,.,Missing,['Acoustic Reflex Left Ear 1KHz 36'],"['Both males and females 20 YEARS - 69 YEARS', 'Both males and females 12 YEARS - 19 YEARS']",[nan],,
962,AUXLR136,-17 To 118,Range Of Values,['Acoustic Reflex Left Ear 1KHz 36'],"['Both males and females 20 YEARS - 69 YEARS', 'Both males and females 12 YEARS - 19 YEARS']",[nan],,
963,AUXLR136,-38 To 124,Range Of Values,['Acoustic Reflex Left Ear 1KHz 36'],"['Both males and females 20 YEARS - 69 YEARS', 'Both males and females 12 YEARS - 19 YEARS']",[nan],,
964,AUXLR136,-77 To 40,Range Of Values,['Acoustic Reflex Left Ear 1KHz 36'],"['Both males and females 20 YEARS - 69 YEARS', 'Both males and females 12 YEARS - 19 YEARS']",[nan],,
965,AUXLR136,-16 To 51,Range Of Values,['Acoustic Reflex Left Ear 1KHz 36'],"['Both males and females 20 YEARS - 69 YEARS', 'Both males and females 12 YEARS - 19 YEARS']",[nan],,
966,AUXLR136,-21 To 76,Range Of Values,['Acoustic Reflex Left Ear 1KHz 36'],"['Both males and females 20 YEARS - 69 YEARS', 'Both males and females 12 YEARS - 19 YEARS']",[nan],,
967,AUXLR136,-26 To 41,Range Of Values,['Acoustic Reflex Left Ear 1KHz 36'],"['Both males and females 20 YEARS - 69 YEARS', 'Both males and females 12 YEARS - 19 YEARS']",[nan],,
968,AUXLR137,-84 To 52,Range Of Values,['Acoustic Reflex Left Ear 1KHz 37'],"['Both males and females 20 YEARS - 69 YEARS', 'Both males and females 12 YEARS - 19 YEARS']",[nan],,
969,AUXLR137,.,Missing,['Acoustic Reflex Left Ear 1KHz 37'],"['Both males and females 20 YEARS - 69 YEARS', 'Both males and females 12 YEARS - 19 YEARS']",[nan],,
970,AUXLR137,-15 To 108,Range Of Values,['Acoustic Reflex Left Ear 1KHz 37'],"['Both males and females 20 YEARS - 69 YEARS', 'Both males and females 12 YEARS - 19 YEARS']",[nan],,
971,AUXLR137,-38 To 125,Range Of Values,['Acoustic Reflex Left Ear 1KHz 37'],"['Both males and females 20 YEARS - 69 YEARS', 'Both males and females 12 YEARS - 19 YEARS']",[nan],,
972,AUXLR137,-80 To 35,Range Of Values,['Acoustic Reflex Left Ear 1KHz 37'],"['Both males and females 20 YEARS - 69 YEARS', 'Both males and females 12 YEARS - 19 YEARS']",[nan],,
973,AUXLR137,-29 To 53,Range Of Values,['Acoustic Reflex Left Ear 1KHz 37'],"['Both males and females 20 YEARS - 69 YEARS', 'Both males and females 12 YEARS - 19 YEARS']",[nan],,
974,AUXLR137,-25 To 80,Range Of Values,['Acoustic Reflex Left Ear 1KHz 37'],"['Both males and females 20 YEARS - 69 YEARS', 'Both males and females 12 YEARS - 19 YEARS']",[nan],,
975,AUXLR137,-26 To 39,Range Of Values,['Acoustic Reflex Left Ear 1KHz 37'],"['Both males and females 20 YEARS - 69 YEARS', 'Both males and females 12 YEARS - 19 YEARS']",[nan],,
976,AUXLR138,-82 To 61,Range Of Values,['Acoustic Reflex Left Ear 1KHz 38'],"['Both males and females 20 YEARS - 69 YEARS', 'Both males and females 12 YEARS - 19 YEARS']",[nan],,
977,AUXLR138,.,Missing,['Acoustic Reflex Left Ear 1KHz 38'],"['Both males and females 20 YEARS - 69 YEARS', 'Both males and females 12 YEARS - 19 YEARS']",[nan],,
978,AUXLR138,-13 To 61,Range Of Values,['Acoustic Reflex Left Ear 1KHz 38'],"['Both males and females 20 YEARS - 69 YEARS', 'Both males and females 12 YEARS - 19 YEARS']",[nan],,
979,AUXLR138,-44 To 126,Range Of Values,['Acoustic Reflex Left Ear 1KHz 38'],"['Both males and females 20 YEARS - 69 YEARS', 'Both males and females 12 YEARS - 19 YEARS']",[nan],,
980,AUXLR138,-80 To 38,Range Of Values,['Acoustic Reflex Left Ear 1KHz 38'],"['Both males and females 20 YEARS - 69 YEARS', 'Both males and females 12 YEARS - 19 YEARS']",[nan],,
981,AUXLR138,-18 To 71,Range Of Values,['Acoustic Reflex Left Ear 1KHz 38'],"['Both males and females 20 YEARS - 69 YEARS', 'Both males and females 12 YEARS - 19 YEARS']",[nan],,
982,AUXLR138,-23 To 74,Range Of Values,['Acoustic Reflex Left Ear 1KHz 38'],"['Both males and females 20 YEARS - 69 YEARS', 'Both males and females 12 YEARS - 19 YEARS']",[nan],,
983,AUXLR138,-29 To 37,Range Of Values,['Acoustic Reflex Left Ear 1KHz 38'],"['Both males and females 20 YEARS - 69 YEARS', 'Both males and females 12 YEARS - 19 YEARS']",[nan],,
984,AUXLR139,-79 To 60,Range Of Values,['Acoustic Reflex Left Ear 1KHz 39'],"['Both males and females 20 YEARS - 69 YEARS', 'Both males and females 12 YEARS - 19 YEARS']",[nan],,
985,AUXLR139,.,Missing,['Acoustic Reflex Left Ear 1KHz 39'],"['Both males and females 20 YEARS - 69 YEARS', 'Both males and females 12 YEARS - 19 YEARS']",[nan],,
986,AUXLR139,-19 To 47,Range Of Values,['Acoustic Reflex Left Ear 1KHz 39'],"['Both males and females 20 YEARS - 69 YEARS', 'Both males and females 12 YEARS - 19 YEARS']",[nan],,
987,AUXLR139,-47 To 125,Range Of Values,['Acoustic Reflex Left Ear 1KHz 39'],"['Both males and females 20 YEARS - 69 YEARS', 'Both males and females 12 YEARS - 19 YEARS']",[nan],,
988,AUXLR139,-77 To 34,Range Of Values,['Acoustic Reflex Left Ear 1KHz 39'],"['Both males and females 20 YEARS - 69 YEARS', 'Both males and females 12 YEARS - 19 YEARS']",[nan],,
989,AUXLR139,-18 To 43,Range Of Values,['Acoustic Reflex Left Ear 1KHz 39'],"['Both males and females 20 YEARS - 69 YEARS', 'Both males and females 12 YEARS - 19 YEARS']",[nan],,
990,AUXLR139,-22 To 70,Range Of Values,['Acoustic Reflex Left Ear 1KHz 39'],"['Both males and females 20 YEARS - 69 YEARS', 'Both males and females 12 YEARS - 19 YEARS']",[nan],,
991,AUXLR139,-29 To 72,Range Of Values,['Acoustic Reflex Left Ear 1KHz 39'],"['Both males and females 20 YEARS - 69 YEARS', 'Both males and females 12 YEARS - 19 YEARS']",[nan],,
992,AUXLR140,-72 To 70,Range Of Values,['Acoustic Reflex Left Ear 1KHz 40'],"['Both males and females 20 YEARS - 69 YEARS', 'Both males and females 12 YEARS - 19 YEARS']",[nan],,
993,AUXLR140,.,Missing,['Acoustic Reflex Left Ear 1KHz 40'],"['Both males and females 20 YEARS - 69 YEARS', 'Both males and females 12 YEARS - 19 YEARS']",[nan],,
994,AUXLR140,-12 To 57,Range Of Values,['Acoustic Reflex Left Ear 1KHz 40'],"['Both males and females 20 YEARS - 69 YEARS', 'Both males and females 12 YEARS - 19 YEARS']",[nan],,
995,AUXLR140,-46 To 119,Range Of Values,['Acoustic Reflex Left Ear 1KHz 40'],"['Both males and females 20 YEARS - 69 YEARS', 'Both males and females 12 YEARS - 19 YEARS']",[nan],,
996,AUXLR140,-73 To 37,Range Of Values,['Acoustic Reflex Left Ear 1KHz 40'],"['Both males and females 20 YEARS - 69 YEARS', 'Both males and females 12 YEARS - 19 YEARS']",[nan],,
997,AUXLR140,-18 To 47,Range Of Values,['Acoustic Reflex Left Ear 1KHz 40'],"['Both males and females 20 YEARS - 69 YEARS', 'Both males and females 12 YEARS - 19 YEARS']",[nan],,
998,AUXLR140,-23 To 66,Range Of Values,['Acoustic Reflex Left Ear 1KHz 40'],"['Both males and females 20 YEARS - 69 YEARS', 'Both males and females 12 YEARS - 19 YEARS']",[nan],,
999,AUXLR140,-29 To 70,Range Of Values,['Acoustic Reflex Left Ear 1KHz 40'],"['Both males and females 20 YEARS - 69 YEARS', 'Both males and females 12 YEARS - 19 YEARS']",[nan],,
1000,AUXLR141,-89 To 66,Range Of Values,['Acoustic Reflex Left Ear 1KHz 41'],"['Both males and females 20 YEARS - 69 YEARS', 'Both males and females 12 YEARS - 19 YEARS']",[nan],,
1001,AUXLR141,.,Missing,['Acoustic Reflex Left Ear 1KHz 41'],"['Both males and females 20 YEARS - 69 YEARS', 'Both males and females 12 YEARS - 19 YEARS']",[nan],,
1002,AUXLR141,-12 To 44,Range Of Values,['Acoustic Reflex Left Ear 1KHz 41'],"['Both males and females 20 YEARS - 69 YEARS', 'Both males and females 12 YEARS - 19 YEARS']",[nan],,
1003,AUXLR141,-41 To 117,Range Of Values,['Acoustic Reflex Left Ear 1KHz 41'],"['Both males and females 20 YEARS - 69 YEARS', 'Both males and females 12 YEARS - 19 YEARS']",[nan],,
1004,AUXLR141,-68 To 41,Range Of Values,['Acoustic Reflex Left Ear 1KHz 41'],"['Both males and females 20 YEARS - 69 YEARS', 'Both males and females 12 YEARS - 19 YEARS']",[nan],,
1005,AUXLR141,-17 To 47,Range Of Values,['Acoustic Reflex Left Ear 1KHz 41'],"['Both males and females 20 YEARS - 69 YEARS', 'Both males and females 12 YEARS - 19 YEARS']",[nan],,
1006,AUXLR141,-25 To 60,Range Of Values,['Acoustic Reflex Left Ear 1KHz 41'],"['Both males and females 20 YEARS - 69 YEARS', 'Both males and females 12 YEARS - 19 YEARS']",[nan],,
1007,AUXLR141,-29 To 76,Range Of Values,['Acoustic Reflex Left Ear 1KHz 41'],"['Both males and females 20 YEARS - 69 YEARS', 'Both males and females 12 YEARS - 19 YEARS']",[nan],,
1008,AUXLR142,-94 To 66,Range Of Values,['Acoustic Reflex Left Ear 1KHz 42'],"['Both males and females 20 YEARS - 69 YEARS', 'Both males and females 12 YEARS - 19 YEARS']",[nan],,
1009,AUXLR142,.,Missing,['Acoustic Reflex Left Ear 1KHz 42'],"['Both males and females 20 YEARS - 69 YEARS', 'Both males and females 12 YEARS - 19 YEARS']",[nan],,
1010,AUXLR142,-12 To 46,Range Of Values,['Acoustic Reflex Left Ear 1KHz 42'],"['Both males and females 20 YEARS - 69 YEARS', 'Both males and females 12 YEARS - 19 YEARS']",[nan],,
1011,AUXLR142,-37 To 122,Range Of Values,['Acoustic Reflex Left Ear 1KHz 42'],"['Both males and females 20 YEARS - 69 YEARS', 'Both males and females 12 YEARS - 19 YEARS']",[nan],,
1012,AUXLR142,-63 To 44,Range Of Values,['Acoustic Reflex Left Ear 1KHz 42'],"['Both males and females 20 YEARS - 69 YEARS', 'Both males and females 12 YEARS - 19 YEARS']",[nan],,
1013,AUXLR142,-16 To 52,Range Of Values,['Acoustic Reflex Left Ear 1KHz 42'],"['Both males and females 20 YEARS - 69 YEARS', 'Both males and females 12 YEARS - 19 YEARS']",[nan],,
1014,AUXLR142,-27 To 61,Range Of Values,['Acoustic Reflex Left Ear 1KHz 42'],"['Both males and females 20 YEARS - 69 YEARS', 'Both males and females 12 YEARS - 19 YEARS']",[nan],,
1015,AUXLR142,-29 To 57,Range Of Values,['Acoustic Reflex Left Ear 1KHz 42'],"['Both males and females 20 YEARS - 69 YEARS', 'Both males and females 12 YEARS - 19 YEARS']",[nan],,
1016,AUXLR143,-93 To 59,Range Of Values,['Acoustic Reflex Left Ear 1KHz 43'],"['Both males and females 20 YEARS - 69 YEARS', 'Both males and females 12 YEARS - 19 YEARS']",[nan],,
1017,AUXLR143,.,Missing,['Acoustic Reflex Left Ear 1KHz 43'],"['Both males and females 20 YEARS - 69 YEARS', 'Both males and females 12 YEARS - 19 YEARS']",[nan],,
1018,AUXLR143,-12 To 47,Range Of Values,['Acoustic Reflex Left Ear 1KHz 43'],"['Both males and females 20 YEARS - 69 YEARS', 'Both males and females 12 YEARS - 19 YEARS']",[nan],,
1019,AUXLR143,-35 To 124,Range Of Values,['Acoustic Reflex Left Ear 1KHz 43'],"['Both males and females 20 YEARS - 69 YEARS', 'Both males and females 12 YEARS - 19 YEARS']",[nan],,
1020,AUXLR143,-54 To 47,Range Of Values,['Acoustic Reflex Left Ear 1KHz 43'],"['Both males and females 20 YEARS - 69 YEARS', 'Both males and females 12 YEARS - 19 YEARS']",[nan],,
1021,AUXLR143,-15 To 58,Range Of Values,['Acoustic Reflex Left Ear 1KHz 43'],"['Both males and females 20 YEARS - 69 YEARS', 'Both males and females 12 YEARS - 19 YEARS']",[nan],,
1022,AUXLR143,-27 To 63,Range Of Values,['Acoustic Reflex Left Ear 1KHz 43'],"['Both males and females 20 YEARS - 69 YEARS', 'Both males and females 12 YEARS - 19 YEARS']",[nan],,
1023,AUXLR143,-28 To 91,Range Of Values,['Acoustic Reflex Left Ear 1KHz 43'],"['Both males and females 20 YEARS - 69 YEARS', 'Both males and females 12 YEARS - 19 YEARS']",[nan],,
1024,AUXLR144,-91 To 62,Range Of Values,['Acoustic Reflex Left Ear 1KHz 44'],"['Both males and females 20 YEARS - 69 YEARS', 'Both males and females 12 YEARS - 19 YEARS']",[nan],,
1025,AUXLR144,.,Missing,['Acoustic Reflex Left Ear 1KHz 44'],"['Both males and females 20 YEARS - 69 YEARS', 'Both males and females 12 YEARS - 19 YEARS']",[nan],,
1026,AUXLR144,-14 To 47,Range Of Values,['Acoustic Reflex Left Ear 1KHz 44'],"['Both males and females 20 YEARS - 69 YEARS', 'Both males and females 12 YEARS - 19 YEARS']",[nan],,
1027,AUXLR144,-33 To 112,Range Of Values,['Acoustic Reflex Left Ear 1KHz 44'],"['Both males and females 20 YEARS - 69 YEARS', 'Both males and females 12 YEARS - 19 YEARS']",[nan],,
1028,AUXLR144,-43 To 49,Range Of Values,['Acoustic Reflex Left Ear 1KHz 44'],"['Both males and females 20 YEARS - 69 YEARS', 'Both males and females 12 YEARS - 19 YEARS']",[nan],,
1029,AUXLR144,-15 To 103,Range Of Values,['Acoustic Reflex Left Ear 1KHz 44'],"['Both males and females 20 YEARS - 69 YEARS', 'Both males and females 12 YEARS - 19 YEARS']",[nan],,
1030,AUXLR144,-25 To 61,Range Of Values,['Acoustic Reflex Left Ear 1KHz 44'],"['Both males and females 20 YEARS - 69 YEARS', 'Both males and females 12 YEARS - 19 YEARS']",[nan],,
1031,AUXLR144,-25 To 126,Range Of Values,['Acoustic Reflex Left Ear 1KHz 44'],"['Both males and females 20 YEARS - 69 YEARS', 'Both males and females 12 YEARS - 19 YEARS']",[nan],,
1032,AUXLR145,-89 To 76,Range Of Values,['Acoustic Reflex Left Ear 1KHz 45'],"['Both males and females 20 YEARS - 69 YEARS', 'Both males and females 12 YEARS - 19 YEARS']",[nan],,
1033,AUXLR145,.,Missing,['Acoustic Reflex Left Ear 1KHz 45'],"['Both males and females 20 YEARS - 69 YEARS', 'Both males and females 12 YEARS - 19 YEARS']",[nan],,
1034,AUXLR145,-20 To 45,Range Of Values,['Acoustic Reflex Left Ear 1KHz 45'],"['Both males and females 20 YEARS - 69 YEARS', 'Both males and females 12 YEARS - 19 YEARS']",[nan],,
1035,AUXLR145,-30 To 85,Range Of Values,['Acoustic Reflex Left Ear 1KHz 45'],"['Both males and females 20 YEARS - 69 YEARS', 'Both males and females 12 YEARS - 19 YEARS']",[nan],,
1036,AUXLR145,-31 To 58,Range Of Values,['Acoustic Reflex Left Ear 1KHz 45'],"['Both males and females 20 YEARS - 69 YEARS', 'Both males and females 12 YEARS - 19 YEARS']",[nan],,
1037,AUXLR145,-15 To 121,Range Of Values,['Acoustic Reflex Left Ear 1KHz 45'],"['Both males and females 20 YEARS - 69 YEARS', 'Both males and females 12 YEARS - 19 YEARS']",[nan],,
1038,AUXLR145,-20 To 66,Range Of Values,['Acoustic Reflex Left Ear 1KHz 45'],"['Both males and females 20 YEARS - 69 YEARS', 'Both males and females 12 YEARS - 19 YEARS']",[nan],,
1039,AUXLR145,-25 To 125,Range Of Values,['Acoustic Reflex Left Ear 1KHz 45'],"['Both males and females 20 YEARS - 69 YEARS', 'Both males and females 12 YEARS - 19 YEARS']",[nan],,
1040,AUXLR146,-84 To 47,Range Of Values,['Acoustic Reflex Left Ear 1KHz 46'],"['Both males and females 20 YEARS - 69 YEARS', 'Both males and females 12 YEARS - 19 YEARS']",[nan],,
1041,AUXLR146,.,Missing,['Acoustic Reflex Left Ear 1KHz 46'],"['Both males and females 20 YEARS - 69 YEARS', 'Both males and females 12 YEARS - 19 YEARS']",[nan],,
1042,AUXLR146,-15 To 42,Range Of Values,['Acoustic Reflex Left Ear 1KHz 46'],"['Both males and females 20 YEARS - 69 YEARS', 'Both males and females 12 YEARS - 19 YEARS']",[nan],,
1043,AUXLR146,-29 To 78,Range Of Values,['Acoustic Reflex Left Ear 1KHz 46'],"['Both males and females 20 YEARS - 69 YEARS', 'Both males and females 12 YEARS - 19 YEARS']",[nan],,
1044,AUXLR146,-22 To 61,Range Of Values,['Acoustic Reflex Left Ear 1KHz 46'],"['Both males and females 20 YEARS - 69 YEARS', 'Both males and females 12 YEARS - 19 YEARS']",[nan],,
1045,AUXLR146,-15 To 126,Range Of Values,['Acoustic Reflex Left Ear 1KHz 46'],"['Both males and females 20 YEARS - 69 YEARS', 'Both males and females 12 YEARS - 19 YEARS']",[nan],,
1046,AUXLR146,-19 To 70,Range Of Values,['Acoustic Reflex Left Ear 1KHz 46'],"['Both males and females 20 YEARS - 69 YEARS', 'Both males and females 12 YEARS - 19 YEARS']",[nan],,
1047,AUXLR146,-30 To 119,Range Of Values,['Acoustic Reflex Left Ear 1KHz 46'],"['Both males and females 20 YEARS - 69 YEARS', 'Both males and females 12 YEARS - 19 YEARS']",[nan],,
1048,AUXLR147,-73 To 66,Range Of Values,['Acoustic Reflex Left Ear 1KHz 47'],"['Both males and females 20 YEARS - 69 YEARS', 'Both males and females 12 YEARS - 19 YEARS']",[nan],,
1049,AUXLR147,.,Missing,['Acoustic Reflex Left Ear 1KHz 47'],"['Both males and females 20 YEARS - 69 YEARS', 'Both males and females 12 YEARS - 19 YEARS']",[nan],,
1050,AUXLR147,-13 To 64,Range Of Values,['Acoustic Reflex Left Ear 1KHz 47'],"['Both males and females 20 YEARS - 69 YEARS', 'Both males and females 12 YEARS - 19 YEARS']",[nan],,
1051,AUXLR147,-29 To 56,Range Of Values,['Acoustic Reflex Left Ear 1KHz 47'],"['Both males and females 20 YEARS - 69 YEARS', 'Both males and females 12 YEARS - 19 YEARS']",[nan],,
1052,AUXLR147,-18 To 49,Range Of Values,['Acoustic Reflex Left Ear 1KHz 47'],"['Both males and females 20 YEARS - 69 YEARS', 'Both males and females 12 YEARS - 19 YEARS']",[nan],,
1053,AUXLR147,-15 To 128,Range Of Values,['Acoustic Reflex Left Ear 1KHz 47'],"['Both males and females 20 YEARS - 69 YEARS', 'Both males and females 12 YEARS - 19 YEARS']",[nan],,
1054,AUXLR147,-23 To 73,Range Of Values,['Acoustic Reflex Left Ear 1KHz 47'],"['Both males and females 20 YEARS - 69 YEARS', 'Both males and females 12 YEARS - 19 YEARS']",[nan],,
1055,AUXLR147,-35 To 123,Range Of Values,['Acoustic Reflex Left Ear 1KHz 47'],"['Both males and females 20 YEARS - 69 YEARS', 'Both males and females 12 YEARS - 19 YEARS']",[nan],,
1056,AUXLR148,-54 To 54,Range Of Values,['Acoustic Reflex Left Ear 1KHz 48'],"['Both males and females 20 YEARS - 69 YEARS', 'Both males and females 12 YEARS - 19 YEARS']",[nan],,
1057,AUXLR148,.,Missing,['Acoustic Reflex Left Ear 1KHz 48'],"['Both males and females 20 YEARS - 69 YEARS', 'Both males and females 12 YEARS - 19 YEARS']",[nan],,
1058,AUXLR148,-12 To 53,Range Of Values,['Acoustic Reflex Left Ear 1KHz 48'],"['Both males and females 20 YEARS - 69 YEARS', 'Both males and females 12 YEARS - 19 YEARS']",[nan],,
1059,AUXLR148,-28 To 55,Range Of Values,['Acoustic Reflex Left Ear 1KHz 48'],"['Both males and females 20 YEARS - 69 YEARS', 'Both males and females 12 YEARS - 19 YEARS']",[nan],,
1060,AUXLR148,-17 To 49,Range Of Values,['Acoustic Reflex Left Ear 1KHz 48'],"['Both males and females 20 YEARS - 69 YEARS', 'Both males and females 12 YEARS - 19 YEARS']",[nan],,
1061,AUXLR148,-14 To 128,Range Of Values,['Acoustic Reflex Left Ear 1KHz 48'],"['Both males and females 20 YEARS - 69 YEARS', 'Both males and females 12 YEARS - 19 YEARS']",[nan],,
1062,AUXLR148,-26 To 75,Range Of Values,['Acoustic Reflex Left Ear 1KHz 48'],"['Both males and females 20 YEARS - 69 YEARS', 'Both males and females 12 YEARS - 19 YEARS']",[nan],,
1063,AUXLR148,-37 To 91,Range Of Values,['Acoustic Reflex Left Ear 1KHz 48'],"['Both males and females 20 YEARS - 69 YEARS', 'Both males and females 12 YEARS - 19 YEARS']",[nan],,
1064,AUXLR149,-44 To 55,Range Of Values,['Acoustic Reflex Left Ear 1KHz 49'],"['Both males and females 20 YEARS - 69 YEARS', 'Both males and females 12 YEARS - 19 YEARS']",[nan],,
1065,AUXLR149,.,Missing,['Acoustic Reflex Left Ear 1KHz 49'],"['Both males and females 20 YEARS - 69 YEARS', 'Both males and females 12 YEARS - 19 YEARS']",[nan],,
1066,AUXLR149,-10 To 50,Range Of Values,['Acoustic Reflex Left Ear 1KHz 49'],"['Both males and females 20 YEARS - 69 YEARS', 'Both males and females 12 YEARS - 19 YEARS']",[nan],,
1067,AUXLR149,-29 To 45,Range Of Values,['Acoustic Reflex Left Ear 1KHz 49'],"['Both males and females 20 YEARS - 69 YEARS', 'Both males and females 12 YEARS - 19 YEARS']",[nan],,
1068,AUXLR149,-14 To 48,Range Of Values,['Acoustic Reflex Left Ear 1KHz 49'],"['Both males and females 20 YEARS - 69 YEARS', 'Both males and females 12 YEARS - 19 YEARS']",[nan],,
1069,AUXLR149,-12 To 128,Range Of Values,['Acoustic Reflex Left Ear 1KHz 49'],"['Both males and females 20 YEARS - 69 YEARS', 'Both males and females 12 YEARS - 19 YEARS']",[nan],,
1070,AUXLR149,-25 To 81,Range Of Values,['Acoustic Reflex Left Ear 1KHz 49'],"['Both males and females 20 YEARS - 69 YEARS', 'Both males and females 12 YEARS - 19 YEARS']",[nan],,
1071,AUXLR149,-36 To 64,Range Of Values,['Acoustic Reflex Left Ear 1KHz 49'],"['Both males and females 20 YEARS - 69 YEARS', 'Both males and females 12 YEARS - 19 YEARS']",[nan],,
1072,AUXLR150,-40 To 47,Range Of Values,['Acoustic Reflex Left Ear 1KHz 50'],"['Both males and females 20 YEARS - 69 YEARS', 'Both males and females 12 YEARS - 19 YEARS']",[nan],,
1073,AUXLR150,.,Missing,['Acoustic Reflex Left Ear 1KHz 50'],"['Both males and females 20 YEARS - 69 YEARS', 'Both males and females 12 YEARS - 19 YEARS']",[nan],,
1074,AUXLR150,-7 To 48,Range Of Values,['Acoustic Reflex Left Ear 1KHz 50'],"['Both males and females 20 YEARS - 69 YEARS', 'Both males and females 12 YEARS - 19 YEARS']",[nan],,
1075,AUXLR150,-31 To 51,Range Of Values,['Acoustic Reflex Left Ear 1KHz 50'],"['Both males and females 20 YEARS - 69 YEARS', 'Both males and females 12 YEARS - 19 YEARS']",[nan],,
1076,AUXLR150,-13 To 63,Range Of Values,['Acoustic Reflex Left Ear 1KHz 50'],"['Both males and females 20 YEARS - 69 YEARS', 'Both males and females 12 YEARS - 19 YEARS']",[nan],,
1077,AUXLR150,-11 To 128,Range Of Values,['Acoustic Reflex Left Ear 1KHz 50'],"['Both males and females 20 YEARS - 69 YEARS', 'Both males and females 12 YEARS - 19 YEARS']",[nan],,
1078,AUXLR150,-23 To 79,Range Of Values,['Acoustic Reflex Left Ear 1KHz 50'],"['Both males and females 20 YEARS - 69 YEARS', 'Both males and females 12 YEARS - 19 YEARS']",[nan],,
1079,AUXLR150,-33 To 57,Range Of Values,['Acoustic Reflex Left Ear 1KHz 50'],"['Both males and females 20 YEARS - 69 YEARS', 'Both males and females 12 YEARS - 19 YEARS']",[nan],,
1080,AUXLR151,-33 To 51,Range Of Values,['Acoustic Reflex Left Ear 1KHz 51'],"['Both males and females 20 YEARS - 69 YEARS', 'Both males and females 12 YEARS - 19 YEARS']",[nan],,
1081,AUXLR151,.,Missing,['Acoustic Reflex Left Ear 1KHz 51'],"['Both males and females 20 YEARS - 69 YEARS', 'Both males and females 12 YEARS - 19 YEARS']",[nan],,
1082,AUXLR151,-4 To 51,Range Of Values,['Acoustic Reflex Left Ear 1KHz 51'],"['Both males and females 20 YEARS - 69 YEARS', 'Both males and females 12 YEARS - 19 YEARS']",[nan],,
1083,AUXLR151,-31 To 56,Range Of Values,['Acoustic Reflex Left Ear 1KHz 51'],"['Both males and females 20 YEARS - 69 YEARS', 'Both males and females 12 YEARS - 19 YEARS']",[nan],,
1084,AUXLR151,-17 To 49,Range Of Values,['Acoustic Reflex Left Ear 1KHz 51'],"['Both males and females 20 YEARS - 69 YEARS', 'Both males and females 12 YEARS - 19 YEARS']",[nan],,
1085,AUXLR151,-8 To 128,Range Of Values,['Acoustic Reflex Left Ear 1KHz 51'],"['Both males and females 20 YEARS - 69 YEARS', 'Both males and females 12 YEARS - 19 YEARS']",[nan],,
1086,AUXLR151,-23 To 78,Range Of Values,['Acoustic Reflex Left Ear 1KHz 51'],"['Both males and females 20 YEARS - 69 YEARS', 'Both males and females 12 YEARS - 19 YEARS']",[nan],,
1087,AUXLR151,-27 To 52,Range Of Values,['Acoustic Reflex Left Ear 1KHz 51'],"['Both males and females 20 YEARS - 69 YEARS', 'Both males and females 12 YEARS - 19 YEARS']",[nan],,
1088,AUXLR152,-28 To 88,Range Of Values,['Acoustic Reflex Left Ear 1KHz 52'],"['Both males and females 20 YEARS - 69 YEARS', 'Both males and females 12 YEARS - 19 YEARS']",[nan],,
1089,AUXLR152,.,Missing,['Acoustic Reflex Left Ear 1KHz 52'],"['Both males and females 20 YEARS - 69 YEARS', 'Both males and females 12 YEARS - 19 YEARS']",[nan],,
1090,AUXLR152,-6 To 46,Range Of Values,['Acoustic Reflex Left Ear 1KHz 52'],"['Both males and females 20 YEARS - 69 YEARS', 'Both males and females 12 YEARS - 19 YEARS']",[nan],,
1091,AUXLR152,-27 To 58,Range Of Values,['Acoustic Reflex Left Ear 1KHz 52'],"['Both males and females 20 YEARS - 69 YEARS', 'Both males and females 12 YEARS - 19 YEARS']",[nan],,
1092,AUXLR152,-24 To 49,Range Of Values,['Acoustic Reflex Left Ear 1KHz 52'],"['Both males and females 20 YEARS - 69 YEARS', 'Both males and females 12 YEARS - 19 YEARS']",[nan],,
1093,AUXLR152,-14 To 128,Range Of Values,['Acoustic Reflex Left Ear 1KHz 52'],"['Both males and females 20 YEARS - 69 YEARS', 'Both males and females 12 YEARS - 19 YEARS']",[nan],,
1094,AUXLR152,-23 To 78,Range Of Values,['Acoustic Reflex Left Ear 1KHz 52'],"['Both males and females 20 YEARS - 69 YEARS', 'Both males and females 12 YEARS - 19 YEARS']",[nan],,
1095,AUXLR152,-14 To 59,Range Of Values,['Acoustic Reflex Left Ear 1KHz 52'],"['Both males and females 20 YEARS - 69 YEARS', 'Both males and females 12 YEARS - 19 YEARS']",[nan],,
1096,AUXLR153,-26 To 113,Range Of Values,['Acoustic Reflex Left Ear 1KHz 53'],"['Both males and females 20 YEARS - 69 YEARS', 'Both males and females 12 YEARS - 19 YEARS']",[nan],,
1097,AUXLR153,.,Missing,['Acoustic Reflex Left Ear 1KHz 53'],"['Both males and females 20 YEARS - 69 YEARS', 'Both males and females 12 YEARS - 19 YEARS']",[nan],,
1098,AUXLR153,-7 To 46,Range Of Values,['Acoustic Reflex Left Ear 1KHz 53'],"['Both males and females 20 YEARS - 69 YEARS', 'Both males and females 12 YEARS - 19 YEARS']",[nan],,
1099,AUXLR153,-51 To 55,Range Of Values,['Acoustic Reflex Left Ear 1KHz 53'],"['Both males and females 20 YEARS - 69 YEARS', 'Both males and females 12 YEARS - 19 YEARS']",[nan],,
1100,AUXLR153,-14 To 52,Range Of Values,['Acoustic Reflex Left Ear 1KHz 53'],"['Both males and females 20 YEARS - 69 YEARS', 'Both males and females 12 YEARS - 19 YEARS']",[nan],,
1101,AUXLR153,-18 To 128,Range Of Values,['Acoustic Reflex Left Ear 1KHz 53'],"['Both males and females 20 YEARS - 69 YEARS', 'Both males and females 12 YEARS - 19 YEARS']",[nan],,
1102,AUXLR153,-22 To 78,Range Of Values,['Acoustic Reflex Left Ear 1KHz 53'],"['Both males and females 20 YEARS - 69 YEARS', 'Both males and females 12 YEARS - 19 YEARS']",[nan],,
1103,AUXLR153,-10 To 45,Range Of Values,['Acoustic Reflex Left Ear 1KHz 53'],"['Both males and females 20 YEARS - 69 YEARS', 'Both males and females 12 YEARS - 19 YEARS']",[nan],,
1104,AUXLR154,-22 To 85,Range Of Values,['Acoustic Reflex Left Ear 1KHz 54'],"['Both males and females 20 YEARS - 69 YEARS', 'Both males and females 12 YEARS - 19 YEARS']",[nan],,
1105,AUXLR154,.,Missing,['Acoustic Reflex Left Ear 1KHz 54'],"['Both males and females 20 YEARS - 69 YEARS', 'Both males and females 12 YEARS - 19 YEARS']",[nan],,
1106,AUXLR154,-8 To 36,Range Of Values,['Acoustic Reflex Left Ear 1KHz 54'],"['Both males and females 20 YEARS - 69 YEARS', 'Both males and females 12 YEARS - 19 YEARS']",[nan],,
1107,AUXLR154,-30 To 62,Range Of Values,['Acoustic Reflex Left Ear 1KHz 54'],"['Both males and females 20 YEARS - 69 YEARS', 'Both males and females 12 YEARS - 19 YEARS']",[nan],,
1108,AUXLR154,-12 To 55,Range Of Values,['Acoustic Reflex Left Ear 1KHz 54'],"['Both males and females 20 YEARS - 69 YEARS', 'Both males and females 12 YEARS - 19 YEARS']",[nan],,
1109,AUXLR154,-18 To 128,Range Of Values,['Acoustic Reflex Left Ear 1KHz 54'],"['Both males and females 20 YEARS - 69 YEARS', 'Both males and females 12 YEARS - 19 YEARS']",[nan],,
1110,AUXLR154,-22 To 78,Range Of Values,['Acoustic Reflex Left Ear 1KHz 54'],"['Both males and females 20 YEARS - 69 YEARS', 'Both males and females 12 YEARS - 19 YEARS']",[nan],,
1111,AUXLR154,-12 To 59,Range Of Values,['Acoustic Reflex Left Ear 1KHz 54'],"['Both males and females 20 YEARS - 69 YEARS', 'Both males and females 12 YEARS - 19 YEARS']",[nan],,
1112,AUXLR155,-20 To 104,Range Of Values,['Acoustic Reflex Left Ear 1KHz 55'],"['Both males and females 20 YEARS - 69 YEARS', 'Both males and females 12 YEARS - 19 YEARS']",[nan],,
1113,AUXLR155,.,Missing,['Acoustic Reflex Left Ear 1KHz 55'],"['Both males and females 20 YEARS - 69 YEARS', 'Both males and females 12 YEARS - 19 YEARS']",[nan],,
1114,AUXLR155,-7 To 41,Range Of Values,['Acoustic Reflex Left Ear 1KHz 55'],"['Both males and females 20 YEARS - 69 YEARS', 'Both males and females 12 YEARS - 19 YEARS']",[nan],,
1115,AUXLR155,-28 To 50,Range Of Values,['Acoustic Reflex Left Ear 1KHz 55'],"['Both males and females 20 YEARS - 69 YEARS', 'Both males and females 12 YEARS - 19 YEARS']",[nan],,
1116,AUXLR155,-12 To 52,Range Of Values,['Acoustic Reflex Left Ear 1KHz 55'],"['Both males and females 20 YEARS - 69 YEARS', 'Both males and females 12 YEARS - 19 YEARS']",[nan],,
1117,AUXLR155,-37 To 128,Range Of Values,['Acoustic Reflex Left Ear 1KHz 55'],"['Both males and females 20 YEARS - 69 YEARS', 'Both males and females 12 YEARS - 19 YEARS']",[nan],,
1118,AUXLR155,-21 To 75,Range Of Values,['Acoustic Reflex Left Ear 1KHz 55'],"['Both males and females 20 YEARS - 69 YEARS', 'Both males and females 12 YEARS - 19 YEARS']",[nan],,
1119,AUXLR155,-13 To 46,Range Of Values,['Acoustic Reflex Left Ear 1KHz 55'],"['Both males and females 20 YEARS - 69 YEARS', 'Both males and females 12 YEARS - 19 YEARS']",[nan],,
1120,AUXLR156,-15 To 109,Range Of Values,['Acoustic Reflex Left Ear 1KHz 56'],"['Both males and females 20 YEARS - 69 YEARS', 'Both males and females 12 YEARS - 19 YEARS']",[nan],,
1121,AUXLR156,.,Missing,['Acoustic Reflex Left Ear 1KHz 56'],"['Both males and females 20 YEARS - 69 YEARS', 'Both males and females 12 YEARS - 19 YEARS']",[nan],,
1122,AUXLR156,-7 To 40,Range Of Values,['Acoustic Reflex Left Ear 1KHz 56'],"['Both males and females 20 YEARS - 69 YEARS', 'Both males and females 12 YEARS - 19 YEARS']",[nan],,
1123,AUXLR156,-27 To 81,Range Of Values,['Acoustic Reflex Left Ear 1KHz 56'],"['Both males and females 20 YEARS - 69 YEARS', 'Both males and females 12 YEARS - 19 YEARS']",[nan],,
1124,AUXLR156,-12 To 47,Range Of Values,['Acoustic Reflex Left Ear 1KHz 56'],"['Both males and females 20 YEARS - 69 YEARS', 'Both males and females 12 YEARS - 19 YEARS']",[nan],,
1125,AUXLR156,-24 To 127,Range Of Values,['Acoustic Reflex Left Ear 1KHz 56'],"['Both males and females 20 YEARS - 69 YEARS', 'Both males and females 12 YEARS - 19 YEARS']",[nan],,
1126,AUXLR156,-27 To 66,Range Of Values,['Acoustic Reflex Left Ear 1KHz 56'],"['Both males and females 20 YEARS - 69 YEARS', 'Both males and females 12 YEARS - 19 YEARS']",[nan],,
1127,AUXLR156,-26 To 59,Range Of Values,['Acoustic Reflex Left Ear 1KHz 56'],"['Both males and females 20 YEARS - 69 YEARS', 'Both males and females 12 YEARS - 19 YEARS']",[nan],,
1128,AUXLR157,-15 To 68,Range Of Values,['Acoustic Reflex Left Ear 1KHz 57'],"['Both males and females 20 YEARS - 69 YEARS', 'Both males and females 12 YEARS - 19 YEARS']",[nan],,
1129,AUXLR157,.,Missing,['Acoustic Reflex Left Ear 1KHz 57'],"['Both males and females 20 YEARS - 69 YEARS', 'Both males and females 12 YEARS - 19 YEARS']",[nan],,
1130,AUXLR157,-8 To 53,Range Of Values,['Acoustic Reflex Left Ear 1KHz 57'],"['Both males and females 20 YEARS - 69 YEARS', 'Both males and females 12 YEARS - 19 YEARS']",[nan],,
1131,AUXLR157,-26 To 108,Range Of Values,['Acoustic Reflex Left Ear 1KHz 57'],"['Both males and females 20 YEARS - 69 YEARS', 'Both males and females 12 YEARS - 19 YEARS']",[nan],,
1132,AUXLR157,-13 To 46,Range Of Values,['Acoustic Reflex Left Ear 1KHz 57'],"['Both males and females 20 YEARS - 69 YEARS', 'Both males and females 12 YEARS - 19 YEARS']",[nan],,
1133,AUXLR157,-16 To 105,Range Of Values,['Acoustic Reflex Left Ear 1KHz 57'],"['Both males and females 20 YEARS - 69 YEARS', 'Both males and females 12 YEARS - 19 YEARS']",[nan],,
1134,AUXLR157,-17 To 75,Range Of Values,['Acoustic Reflex Left Ear 1KHz 57'],"['Both males and females 20 YEARS - 69 YEARS', 'Both males and females 12 YEARS - 19 YEARS']",[nan],,
1135,AUXLR157,-33 To 92,Range Of Values,['Acoustic Reflex Left Ear 1KHz 57'],"['Both males and females 20 YEARS - 69 YEARS', 'Both males and females 12 YEARS - 19 YEARS']",[nan],,
1136,AUXLR158,-22 To 51,Range Of Values,['Acoustic Reflex Left Ear 1KHz 58'],"['Both males and females 20 YEARS - 69 YEARS', 'Both males and females 12 YEARS - 19 YEARS']",[nan],,
1137,AUXLR158,.,Missing,['Acoustic Reflex Left Ear 1KHz 58'],"['Both males and females 20 YEARS - 69 YEARS', 'Both males and females 12 YEARS - 19 YEARS']",[nan],,
1138,AUXLR158,-35 To 83,Range Of Values,['Acoustic Reflex Left Ear 1KHz 58'],"['Both males and females 20 YEARS - 69 YEARS', 'Both males and females 12 YEARS - 19 YEARS']",[nan],,
1139,AUXLR158,-24 To 115,Range Of Values,['Acoustic Reflex Left Ear 1KHz 58'],"['Both males and females 20 YEARS - 69 YEARS', 'Both males and females 12 YEARS - 19 YEARS']",[nan],,
1140,AUXLR158,-13 To 45,Range Of Values,['Acoustic Reflex Left Ear 1KHz 58'],"['Both males and females 20 YEARS - 69 YEARS', 'Both males and females 12 YEARS - 19 YEARS']",[nan],,
1141,AUXLR158,-12 To 58,Range Of Values,['Acoustic Reflex Left Ear 1KHz 58'],"['Both males and females 20 YEARS - 69 YEARS', 'Both males and females 12 YEARS - 19 YEARS']",[nan],,
1142,AUXLR158,-12 To 71,Range Of Values,['Acoustic Reflex Left Ear 1KHz 58'],"['Both males and females 20 YEARS - 69 YEARS', 'Both males and females 12 YEARS - 19 YEARS']",[nan],,
1143,AUXLR158,-32 To 72,Range Of Values,['Acoustic Reflex Left Ear 1KHz 58'],"['Both males and females 20 YEARS - 69 YEARS', 'Both males and females 12 YEARS - 19 YEARS']",[nan],,
1144,AUXLR159,-21 To 45,Range Of Values,['Acoustic Reflex Left Ear 1KHz 59'],"['Both males and females 20 YEARS - 69 YEARS', 'Both males and females 12 YEARS - 19 YEARS']",[nan],,
1145,AUXLR159,.,Missing,['Acoustic Reflex Left Ear 1KHz 59'],"['Both males and females 20 YEARS - 69 YEARS', 'Both males and females 12 YEARS - 19 YEARS']",[nan],,
1146,AUXLR159,-47 To 62,Range Of Values,['Acoustic Reflex Left Ear 1KHz 59'],"['Both males and females 20 YEARS - 69 YEARS', 'Both males and females 12 YEARS - 19 YEARS']",[nan],,
1147,AUXLR159,-22 To 109,Range Of Values,['Acoustic Reflex Left Ear 1KHz 59'],"['Both males and females 20 YEARS - 69 YEARS', 'Both males and females 12 YEARS - 19 YEARS']",[nan],,
1148,AUXLR159,-14 To 48,Range Of Values,['Acoustic Reflex Left Ear 1KHz 59'],"['Both males and females 20 YEARS - 69 YEARS', 'Both males and females 12 YEARS - 19 YEARS']",[nan],,
1149,AUXLR159,-21 To 57,Range Of Values,['Acoustic Reflex Left Ear 1KHz 59'],"['Both males and females 20 YEARS - 69 YEARS', 'Both males and females 12 YEARS - 19 YEARS']",[nan],,
1150,AUXLR159,-16 To 61,Range Of Values,['Acoustic Reflex Left Ear 1KHz 59'],"['Both males and females 20 YEARS - 69 YEARS', 'Both males and females 12 YEARS - 19 YEARS']",[nan],,
1151,AUXLR159,-28 To 46,Range Of Values,['Acoustic Reflex Left Ear 1KHz 59'],"['Both males and females 20 YEARS - 69 YEARS', 'Both males and females 12 YEARS - 19 YEARS']",[nan],,
1152,AUXLR160,-16 To 45,Range Of Values,['Acoustic Reflex Left Ear 1KHz 60'],"['Both males and females 20 YEARS - 69 YEARS', 'Both males and females 12 YEARS - 19 YEARS']",[nan],,
1153,AUXLR160,.,Missing,['Acoustic Reflex Left Ear 1KHz 60'],"['Both males and females 20 YEARS - 69 YEARS', 'Both males and females 12 YEARS - 19 YEARS']",[nan],,
1154,AUXLR160,-41 To 40,Range Of Values,['Acoustic Reflex Left Ear 1KHz 60'],"['Both males and females 20 YEARS - 69 YEARS', 'Both males and females 12 YEARS - 19 YEARS']",[nan],,
1155,AUXLR160,-20 To 97,Range Of Values,['Acoustic Reflex Left Ear 1KHz 60'],"['Both males and females 20 YEARS - 69 YEARS', 'Both males and females 12 YEARS - 19 YEARS']",[nan],,
1156,AUXLR160,-16 To 37,Range Of Values,['Acoustic Reflex Left Ear 1KHz 60'],"['Both males and females 20 YEARS - 69 YEARS', 'Both males and females 12 YEARS - 19 YEARS']",[nan],,
1157,AUXLR160,-9 To 52,Range Of Values,['Acoustic Reflex Left Ear 1KHz 60'],"['Both males and females 20 YEARS - 69 YEARS', 'Both males and females 12 YEARS - 19 YEARS']",[nan],,
1158,AUXLR160,-17 To 57,Range Of Values,['Acoustic Reflex Left Ear 1KHz 60'],"['Both males and females 20 YEARS - 69 YEARS', 'Both males and females 12 YEARS - 19 YEARS']",[nan],,
1159,AUXLR160,-26 To 87,Range Of Values,['Acoustic Reflex Left Ear 1KHz 60'],"['Both males and females 20 YEARS - 69 YEARS', 'Both males and females 12 YEARS - 19 YEARS']",[nan],,
1160,AUXLR161,-22 To 46,Range Of Values,['Acoustic Reflex Left Ear 1KHz 61'],"['Both males and females 20 YEARS - 69 YEARS', 'Both males and females 12 YEARS - 19 YEARS']",[nan],,
1161,AUXLR161,.,Missing,['Acoustic Reflex Left Ear 1KHz 61'],"['Both males and females 20 YEARS - 69 YEARS', 'Both males and females 12 YEARS - 19 YEARS']",[nan],,
1162,AUXLR161,-25 To 42,Range Of Values,['Acoustic Reflex Left Ear 1KHz 61'],"['Both males and females 20 YEARS - 69 YEARS', 'Both males and females 12 YEARS - 19 YEARS']",[nan],,
1163,AUXLR161,-18 To 78,Range Of Values,['Acoustic Reflex Left Ear 1KHz 61'],"['Both males and females 20 YEARS - 69 YEARS', 'Both males and females 12 YEARS - 19 YEARS']",[nan],,
1164,AUXLR161,-13 To 40,Range Of Values,['Acoustic Reflex Left Ear 1KHz 61'],"['Both males and females 20 YEARS - 69 YEARS', 'Both males and females 12 YEARS - 19 YEARS']",[nan],,
1165,AUXLR161,-12 To 58,Range Of Values,['Acoustic Reflex Left Ear 1KHz 61'],"['Both males and females 20 YEARS - 69 YEARS', 'Both males and females 12 YEARS - 19 YEARS']",[nan],,
1166,AUXLR161,-14 To 41,Range Of Values,['Acoustic Reflex Left Ear 1KHz 61'],"['Both males and females 20 YEARS - 69 YEARS', 'Both males and females 12 YEARS - 19 YEARS']",[nan],,
1167,AUXLR161,-30 To 95,Range Of Values,['Acoustic Reflex Left Ear 1KHz 61'],"['Both males and females 20 YEARS - 69 YEARS', 'Both males and females 12 YEARS - 19 YEARS']",[nan],,
1168,AUXLR162,-21 To 60,Range Of Values,['Acoustic Reflex Left Ear 1KHz 62'],"['Both males and females 20 YEARS - 69 YEARS', 'Both males and females 12 YEARS - 19 YEARS']",[nan],,
1169,AUXLR162,.,Missing,['Acoustic Reflex Left Ear 1KHz 62'],"['Both males and females 20 YEARS - 69 YEARS', 'Both males and females 12 YEARS - 19 YEARS']",[nan],,
1170,AUXLR162,-6 To 45,Range Of Values,['Acoustic Reflex Left Ear 1KHz 62'],"['Both males and females 20 YEARS - 69 YEARS', 'Both males and females 12 YEARS - 19 YEARS']",[nan],,
1171,AUXLR162,-16 To 56,Range Of Values,['Acoustic Reflex Left Ear 1KHz 62'],"['Both males and females 20 YEARS - 69 YEARS', 'Both males and females 12 YEARS - 19 YEARS']",[nan],,
1172,AUXLR162,-11 To 39,Range Of Values,['Acoustic Reflex Left Ear 1KHz 62'],"['Both males and females 20 YEARS - 69 YEARS', 'Both males and females 12 YEARS - 19 YEARS']",[nan],,
1173,AUXLR162,-6 To 41,Range Of Values,['Acoustic Reflex Left Ear 1KHz 62'],"['Both males and females 20 YEARS - 69 YEARS', 'Both males and females 12 YEARS - 19 YEARS']",[nan],,
1174,AUXLR162,-12 To 47,Range Of Values,['Acoustic Reflex Left Ear 1KHz 62'],"['Both males and females 20 YEARS - 69 YEARS', 'Both males and females 12 YEARS - 19 YEARS']",[nan],,
1175,AUXLR162,-34 To 75,Range Of Values,['Acoustic Reflex Left Ear 1KHz 62'],"['Both males and females 20 YEARS - 69 YEARS', 'Both males and females 12 YEARS - 19 YEARS']",[nan],,
1176,AUXLR163,-25 To 60,Range Of Values,['Acoustic Reflex Left Ear 1KHz 63'],"['Both males and females 20 YEARS - 69 YEARS', 'Both males and females 12 YEARS - 19 YEARS']",[nan],,
1177,AUXLR163,.,Missing,['Acoustic Reflex Left Ear 1KHz 63'],"['Both males and females 20 YEARS - 69 YEARS', 'Both males and females 12 YEARS - 19 YEARS']",[nan],,
1178,AUXLR163,-5 To 48,Range Of Values,['Acoustic Reflex Left Ear 1KHz 63'],"['Both males and females 20 YEARS - 69 YEARS', 'Both males and females 12 YEARS - 19 YEARS']",[nan],,
1179,AUXLR163,-16 To 55,Range Of Values,['Acoustic Reflex Left Ear 1KHz 63'],"['Both males and females 20 YEARS - 69 YEARS', 'Both males and females 12 YEARS - 19 YEARS']",[nan],,
1180,AUXLR163,-8 To 38,Range Of Values,['Acoustic Reflex Left Ear 1KHz 63'],"['Both males and females 20 YEARS - 69 YEARS', 'Both males and females 12 YEARS - 19 YEARS']",[nan],,
1181,AUXLR163,-6 To 41,Range Of Values,['Acoustic Reflex Left Ear 1KHz 63'],"['Both males and females 20 YEARS - 69 YEARS', 'Both males and females 12 YEARS - 19 YEARS']",[nan],,
1182,AUXLR163,-14 To 45,Range Of Values,['Acoustic Reflex Left Ear 1KHz 63'],"['Both males and females 20 YEARS - 69 YEARS', 'Both males and females 12 YEARS - 19 YEARS']",[nan],,
1183,AUXLR163,-35 To 69,Range Of Values,['Acoustic Reflex Left Ear 1KHz 63'],"['Both males and females 20 YEARS - 69 YEARS', 'Both males and females 12 YEARS - 19 YEARS']",[nan],,
1184,AUXLR164,-25 To 64,Range Of Values,['Acoustic Reflex Left Ear 1KHz 64'],"['Both males and females 20 YEARS - 69 YEARS', 'Both males and females 12 YEARS - 19 YEARS']",[nan],,
1185,AUXLR164,.,Missing,['Acoustic Reflex Left Ear 1KHz 64'],"['Both males and females 20 YEARS - 69 YEARS', 'Both males and females 12 YEARS - 19 YEARS']",[nan],,
1186,AUXLR164,-4 To 49,Range Of Values,['Acoustic Reflex Left Ear 1KHz 64'],"['Both males and females 20 YEARS - 69 YEARS', 'Both males and females 12 YEARS - 19 YEARS']",[nan],,
1187,AUXLR164,-12 To 66,Range Of Values,['Acoustic Reflex Left Ear 1KHz 64'],"['Both males and females 20 YEARS - 69 YEARS', 'Both males and females 12 YEARS - 19 YEARS']",[nan],,
1188,AUXLR164,-6 To 41,Range Of Values,['Acoustic Reflex Left Ear 1KHz 64'],"['Both males and females 20 YEARS - 69 YEARS', 'Both males and females 12 YEARS - 19 YEARS']",[nan],,
1189,AUXLR164,-11 To 41,Range Of Values,['Acoustic Reflex Left Ear 1KHz 64'],"['Both males and females 20 YEARS - 69 YEARS', 'Both males and females 12 YEARS - 19 YEARS']",[nan],,
1190,AUXLR164,-15 To 67,Range Of Values,['Acoustic Reflex Left Ear 1KHz 64'],"['Both males and females 20 YEARS - 69 YEARS', 'Both males and females 12 YEARS - 19 YEARS']",[nan],,
1191,AUXLR164,-34 To 71,Range Of Values,['Acoustic Reflex Left Ear 1KHz 64'],"['Both males and females 20 YEARS - 69 YEARS', 'Both males and females 12 YEARS - 19 YEARS']",[nan],,
1192,AUXLR165,-23 To 56,Range Of Values,['Acoustic Reflex Left Ear 1KHz 65'],"['Both males and females 20 YEARS - 69 YEARS', 'Both males and females 12 YEARS - 19 YEARS']",[nan],,
1193,AUXLR165,.,Missing,['Acoustic Reflex Left Ear 1KHz 65'],"['Both males and females 20 YEARS - 69 YEARS', 'Both males and females 12 YEARS - 19 YEARS']",[nan],,
1194,AUXLR165,-6 To 45,Range Of Values,['Acoustic Reflex Left Ear 1KHz 65'],"['Both males and females 20 YEARS - 69 YEARS', 'Both males and females 12 YEARS - 19 YEARS']",[nan],,
1195,AUXLR165,-15 To 67,Range Of Values,['Acoustic Reflex Left Ear 1KHz 65'],"['Both males and females 20 YEARS - 69 YEARS', 'Both males and females 12 YEARS - 19 YEARS']",[nan],,
1196,AUXLR165,-7 To 46,Range Of Values,['Acoustic Reflex Left Ear 1KHz 65'],"['Both males and females 20 YEARS - 69 YEARS', 'Both males and females 12 YEARS - 19 YEARS']",[nan],,
1197,AUXLR165,-6 To 44,Range Of Values,['Acoustic Reflex Left Ear 1KHz 65'],"['Both males and females 20 YEARS - 69 YEARS', 'Both males and females 12 YEARS - 19 YEARS']",[nan],,
1198,AUXLR165,-17 To 58,Range Of Values,['Acoustic Reflex Left Ear 1KHz 65'],"['Both males and females 20 YEARS - 69 YEARS', 'Both males and females 12 YEARS - 19 YEARS']",[nan],,
1199,AUXLR165,-31 To 86,Range Of Values,['Acoustic Reflex Left Ear 1KHz 65'],"['Both males and females 20 YEARS - 69 YEARS', 'Both males and females 12 YEARS - 19 YEARS']",[nan],,
1200,AUXLR166,-22 To 49,Range Of Values,['Acoustic Reflex Left Ear 1KHz 66'],"['Both males and females 20 YEARS - 69 YEARS', 'Both males and females 12 YEARS - 19 YEARS']",[nan],,
1201,AUXLR166,.,Missing,['Acoustic Reflex Left Ear 1KHz 66'],"['Both males and females 20 YEARS - 69 YEARS', 'Both males and females 12 YEARS - 19 YEARS']",[nan],,
1202,AUXLR166,-2 To 44,Range Of Values,['Acoustic Reflex Left Ear 1KHz 66'],"['Both males and females 20 YEARS - 69 YEARS', 'Both males and females 12 YEARS - 19 YEARS']",[nan],,
1203,AUXLR166,-18 To 60,Range Of Values,['Acoustic Reflex Left Ear 1KHz 66'],"['Both males and females 20 YEARS - 69 YEARS', 'Both males and females 12 YEARS - 19 YEARS']",[nan],,
1204,AUXLR166,-18 To 52,Range Of Values,['Acoustic Reflex Left Ear 1KHz 66'],"['Both males and females 20 YEARS - 69 YEARS', 'Both males and females 12 YEARS - 19 YEARS']",[nan],,
1205,AUXLR166,-6 To 41,Range Of Values,['Acoustic Reflex Left Ear 1KHz 66'],"['Both males and females 20 YEARS - 69 YEARS', 'Both males and females 12 YEARS - 19 YEARS']",[nan],,
1206,AUXLR166,-16 To 44,Range Of Values,['Acoustic Reflex Left Ear 1KHz 66'],"['Both males and females 20 YEARS - 69 YEARS', 'Both males and females 12 YEARS - 19 YEARS']",[nan],,
1207,AUXLR166,-21 To 53,Range Of Values,['Acoustic Reflex Left Ear 1KHz 66'],"['Both males and females 20 YEARS - 69 YEARS', 'Both males and females 12 YEARS - 19 YEARS']",[nan],,
1208,AUXLR167,-22 To 47,Range Of Values,['Acoustic Reflex Left Ear 1KHz 67'],"['Both males and females 20 YEARS - 69 YEARS', 'Both males and females 12 YEARS - 19 YEARS']",[nan],,
1209,AUXLR167,.,Missing,['Acoustic Reflex Left Ear 1KHz 67'],"['Both males and females 20 YEARS - 69 YEARS', 'Both males and females 12 YEARS - 19 YEARS']",[nan],,
1210,AUXLR167,-3 To 54,Range Of Values,['Acoustic Reflex Left Ear 1KHz 67'],"['Both males and females 20 YEARS - 69 YEARS', 'Both males and females 12 YEARS - 19 YEARS']",[nan],,
1211,AUXLR167,-14 To 72,Range Of Values,['Acoustic Reflex Left Ear 1KHz 67'],"['Both males and females 20 YEARS - 69 YEARS', 'Both males and females 12 YEARS - 19 YEARS']",[nan],,
1212,AUXLR167,-15 To 57,Range Of Values,['Acoustic Reflex Left Ear 1KHz 67'],"['Both males and females 20 YEARS - 69 YEARS', 'Both males and females 12 YEARS - 19 YEARS']",[nan],,
1213,AUXLR167,-6 To 65,Range Of Values,['Acoustic Reflex Left Ear 1KHz 67'],"['Both males and females 20 YEARS - 69 YEARS', 'Both males and females 12 YEARS - 19 YEARS']",[nan],,
1214,AUXLR167,-16 To 50,Range Of Values,['Acoustic Reflex Left Ear 1KHz 67'],"['Both males and females 20 YEARS - 69 YEARS', 'Both males and females 12 YEARS - 19 YEARS']",[nan],,
1215,AUXLR167,-13 To 54,Range Of Values,['Acoustic Reflex Left Ear 1KHz 67'],"['Both males and females 20 YEARS - 69 YEARS', 'Both males and females 12 YEARS - 19 YEARS']",[nan],,
1216,AUXLR168,-22 To 50,Range Of Values,['Acoustic Reflex Left Ear 1KHz 68'],"['Both males and females 20 YEARS - 69 YEARS', 'Both males and females 12 YEARS - 19 YEARS']",[nan],,
1217,AUXLR168,.,Missing,['Acoustic Reflex Left Ear 1KHz 68'],"['Both males and females 20 YEARS - 69 YEARS', 'Both males and females 12 YEARS - 19 YEARS']",[nan],,
1218,AUXLR168,-8 To 48,Range Of Values,['Acoustic Reflex Left Ear 1KHz 68'],"['Both males and females 20 YEARS - 69 YEARS', 'Both males and females 12 YEARS - 19 YEARS']",[nan],,
1219,AUXLR168,-12 To 77,Range Of Values,['Acoustic Reflex Left Ear 1KHz 68'],"['Both males and females 20 YEARS - 69 YEARS', 'Both males and females 12 YEARS - 19 YEARS']",[nan],,
1220,AUXLR168,-10 To 59,Range Of Values,['Acoustic Reflex Left Ear 1KHz 68'],"['Both males and females 20 YEARS - 69 YEARS', 'Both males and females 12 YEARS - 19 YEARS']",[nan],,
1221,AUXLR168,-9 To 67,Range Of Values,['Acoustic Reflex Left Ear 1KHz 68'],"['Both males and females 20 YEARS - 69 YEARS', 'Both males and females 12 YEARS - 19 YEARS']",[nan],,
1222,AUXLR168,-16 To 58,Range Of Values,['Acoustic Reflex Left Ear 1KHz 68'],"['Both males and females 20 YEARS - 69 YEARS', 'Both males and females 12 YEARS - 19 YEARS']",[nan],,
1223,AUXLR168,-13 To 55,Range Of Values,['Acoustic Reflex Left Ear 1KHz 68'],"['Both males and females 20 YEARS - 69 YEARS', 'Both males and females 12 YEARS - 19 YEARS']",[nan],,
1224,AUXLR169,-20 To 49,Range Of Values,['Acoustic Reflex Left Ear 1KHz 69'],"['Both males and females 20 YEARS - 69 YEARS', 'Both males and females 12 YEARS - 19 YEARS']",[nan],,
1225,AUXLR169,.,Missing,['Acoustic Reflex Left Ear 1KHz 69'],"['Both males and females 20 YEARS - 69 YEARS', 'Both males and females 12 YEARS - 19 YEARS']",[nan],,
1226,AUXLR169,-18 To 46,Range Of Values,['Acoustic Reflex Left Ear 1KHz 69'],"['Both males and females 20 YEARS - 69 YEARS', 'Both males and females 12 YEARS - 19 YEARS']",[nan],,
1227,AUXLR169,-13 To 80,Range Of Values,['Acoustic Reflex Left Ear 1KHz 69'],"['Both males and females 20 YEARS - 69 YEARS', 'Both males and females 12 YEARS - 19 YEARS']",[nan],,
1228,AUXLR169,-17 To 60,Range Of Values,['Acoustic Reflex Left Ear 1KHz 69'],"['Both males and females 20 YEARS - 69 YEARS', 'Both males and females 12 YEARS - 19 YEARS']",[nan],,
1229,AUXLR169,-10 To 50,Range Of Values,['Acoustic Reflex Left Ear 1KHz 69'],"['Both males and females 20 YEARS - 69 YEARS', 'Both males and females 12 YEARS - 19 YEARS']",[nan],,
1230,AUXLR169,-20 To 69,Range Of Values,['Acoustic Reflex Left Ear 1KHz 69'],"['Both males and females 20 YEARS - 69 YEARS', 'Both males and females 12 YEARS - 19 YEARS']",[nan],,
1231,AUXLR169,-12 To 65,Range Of Values,['Acoustic Reflex Left Ear 1KHz 69'],"['Both males and females 20 YEARS - 69 YEARS', 'Both males and females 12 YEARS - 19 YEARS']",[nan],,
1232,AUXLR170,-16 To 55,Range Of Values,['Acoustic Reflex Left Ear 1KHz 70'],"['Both males and females 20 YEARS - 69 YEARS', 'Both males and females 12 YEARS - 19 YEARS']",[nan],,
1233,AUXLR170,.,Missing,['Acoustic Reflex Left Ear 1KHz 70'],"['Both males and females 20 YEARS - 69 YEARS', 'Both males and females 12 YEARS - 19 YEARS']",[nan],,
1234,AUXLR170,-14 To 48,Range Of Values,['Acoustic Reflex Left Ear 1KHz 70'],"['Both males and females 20 YEARS - 69 YEARS', 'Both males and females 12 YEARS - 19 YEARS']",[nan],,
1235,AUXLR170,-10 To 67,Range Of Values,['Acoustic Reflex Left Ear 1KHz 70'],"['Both males and females 20 YEARS - 69 YEARS', 'Both males and females 12 YEARS - 19 YEARS']",[nan],,
1236,AUXLR170,-25 To 61,Range Of Values,['Acoustic Reflex Left Ear 1KHz 70'],"['Both males and females 20 YEARS - 69 YEARS', 'Both males and females 12 YEARS - 19 YEARS']",[nan],,
1237,AUXLR170,-5 To 49,Range Of Values,['Acoustic Reflex Left Ear 1KHz 70'],"['Both males and females 20 YEARS - 69 YEARS', 'Both males and females 12 YEARS - 19 YEARS']",[nan],,
1238,AUXLR170,-27 To 56,Range Of Values,['Acoustic Reflex Left Ear 1KHz 70'],"['Both males and females 20 YEARS - 69 YEARS', 'Both males and females 12 YEARS - 19 YEARS']",[nan],,
1239,AUXLR170,-19 To 56,Range Of Values,['Acoustic Reflex Left Ear 1KHz 70'],"['Both males and females 20 YEARS - 69 YEARS', 'Both males and females 12 YEARS - 19 YEARS']",[nan],,
1240,AUXLR171,-11 To 63,Range Of Values,['Acoustic Reflex Left Ear 1KHz 71'],"['Both males and females 20 YEARS - 69 YEARS', 'Both males and females 12 YEARS - 19 YEARS']",[nan],,
1241,AUXLR171,.,Missing,['Acoustic Reflex Left Ear 1KHz 71'],"['Both males and females 20 YEARS - 69 YEARS', 'Both males and females 12 YEARS - 19 YEARS']",[nan],,
1242,AUXLR171,-2 To 52,Range Of Values,['Acoustic Reflex Left Ear 1KHz 71'],"['Both males and females 20 YEARS - 69 YEARS', 'Both males and females 12 YEARS - 19 YEARS']",[nan],,
1243,AUXLR171,-9 To 84,Range Of Values,['Acoustic Reflex Left Ear 1KHz 71'],"['Both males and females 20 YEARS - 69 YEARS', 'Both males and females 12 YEARS - 19 YEARS']",[nan],,
1244,AUXLR171,-27 To 63,Range Of Values,['Acoustic Reflex Left Ear 1KHz 71'],"['Both males and females 20 YEARS - 69 YEARS', 'Both males and females 12 YEARS - 19 YEARS']",[nan],,
1245,AUXLR171,-6 To 55,Range Of Values,['Acoustic Reflex Left Ear 1KHz 71'],"['Both males and females 20 YEARS - 69 YEARS', 'Both males and females 12 YEARS - 19 YEARS']",[nan],,
1246,AUXLR171,-28 To 51,Range Of Values,['Acoustic Reflex Left Ear 1KHz 71'],"['Both males and females 20 YEARS - 69 YEARS', 'Both males and females 12 YEARS - 19 YEARS']",[nan],,
1247,AUXLR171,-49 To 55,Range Of Values,['Acoustic Reflex Left Ear 1KHz 71'],"['Both males and females 20 YEARS - 69 YEARS', 'Both males and females 12 YEARS - 19 YEARS']",[nan],,
1248,AUXLR172,-9 To 62,Range Of Values,['Acoustic Reflex Left Ear 1KHz 72'],"['Both males and females 20 YEARS - 69 YEARS', 'Both males and females 12 YEARS - 19 YEARS']",[nan],,
1249,AUXLR172,.,Missing,['Acoustic Reflex Left Ear 1KHz 72'],"['Both males and females 20 YEARS - 69 YEARS', 'Both males and females 12 YEARS - 19 YEARS']",[nan],,
1250,AUXLR172,-5 To 55,Range Of Values,['Acoustic Reflex Left Ear 1KHz 72'],"['Both males and females 20 YEARS - 69 YEARS', 'Both males and females 12 YEARS - 19 YEARS']",[nan],,
1251,AUXLR172,-8 To 78,Range Of Values,['Acoustic Reflex Left Ear 1KHz 72'],"['Both males and females 20 YEARS - 69 YEARS', 'Both males and females 12 YEARS - 19 YEARS']",[nan],,
1252,AUXLR172,-22 To 63,Range Of Values,['Acoustic Reflex Left Ear 1KHz 72'],"['Both males and females 20 YEARS - 69 YEARS', 'Both males and females 12 YEARS - 19 YEARS']",[nan],,
1253,AUXLR172,-7 To 53,Range Of Values,['Acoustic Reflex Left Ear 1KHz 72'],"['Both males and females 20 YEARS - 69 YEARS', 'Both males and females 12 YEARS - 19 YEARS']",[nan],,
1254,AUXLR172,-26 To 57,Range Of Values,['Acoustic Reflex Left Ear 1KHz 72'],"['Both males and females 20 YEARS - 69 YEARS', 'Both males and females 12 YEARS - 19 YEARS']",[nan],,
1255,AUXLR172,-61 To 53,Range Of Values,['Acoustic Reflex Left Ear 1KHz 72'],"['Both males and females 20 YEARS - 69 YEARS', 'Both males and females 12 YEARS - 19 YEARS']",[nan],,
1256,AUXLR173,-8 To 61,Range Of Values,['Acoustic Reflex Left Ear 1KHz 73'],"['Both males and females 20 YEARS - 69 YEARS', 'Both males and females 12 YEARS - 19 YEARS']",[nan],,
1257,AUXLR173,.,Missing,['Acoustic Reflex Left Ear 1KHz 73'],"['Both males and females 20 YEARS - 69 YEARS', 'Both males and females 12 YEARS - 19 YEARS']",[nan],,
1258,AUXLR173,-20 To 60,Range Of Values,['Acoustic Reflex Left Ear 1KHz 73'],"['Both males and females 20 YEARS - 69 YEARS', 'Both males and females 12 YEARS - 19 YEARS']",[nan],,
1259,AUXLR173,-14 To 62,Range Of Values,['Acoustic Reflex Left Ear 1KHz 73'],"['Both males and females 20 YEARS - 69 YEARS', 'Both males and females 12 YEARS - 19 YEARS']",[nan],,
1260,AUXLR173,-7 To 60,Range Of Values,['Acoustic Reflex Left Ear 1KHz 73'],"['Both males and females 20 YEARS - 69 YEARS', 'Both males and females 12 YEARS - 19 YEARS']",[nan],,
1261,AUXLR173,-9 To 75,Range Of Values,['Acoustic Reflex Left Ear 1KHz 73'],"['Both males and females 20 YEARS - 69 YEARS', 'Both males and females 12 YEARS - 19 YEARS']",[nan],,
1262,AUXLR173,-23 To 48,Range Of Values,['Acoustic Reflex Left Ear 1KHz 73'],"['Both males and females 20 YEARS - 69 YEARS', 'Both males and females 12 YEARS - 19 YEARS']",[nan],,
1263,AUXLR173,-31 To 62,Range Of Values,['Acoustic Reflex Left Ear 1KHz 73'],"['Both males and females 20 YEARS - 69 YEARS', 'Both males and females 12 YEARS - 19 YEARS']",[nan],,
1264,AUXLR174,-8 To 62,Range Of Values,['Acoustic Reflex Left Ear 1KHz 74'],"['Both males and females 20 YEARS - 69 YEARS', 'Both males and females 12 YEARS - 19 YEARS']",[nan],,
1265,AUXLR174,.,Missing,['Acoustic Reflex Left Ear 1KHz 74'],"['Both males and females 20 YEARS - 69 YEARS', 'Both males and females 12 YEARS - 19 YEARS']",[nan],,
1266,AUXLR174,-12 To 58,Range Of Values,['Acoustic Reflex Left Ear 1KHz 74'],"['Both males and females 20 YEARS - 69 YEARS', 'Both males and females 12 YEARS - 19 YEARS']",[nan],,
1267,AUXLR174,-14 To 88,Range Of Values,['Acoustic Reflex Left Ear 1KHz 74'],"['Both males and females 20 YEARS - 69 YEARS', 'Both males and females 12 YEARS - 19 YEARS']",[nan],,
1268,AUXLR174,-2 To 54,Range Of Values,['Acoustic Reflex Left Ear 1KHz 74'],"['Both males and females 20 YEARS - 69 YEARS', 'Both males and females 12 YEARS - 19 YEARS']",[nan],,
1269,AUXLR174,-9 To 57,Range Of Values,['Acoustic Reflex Left Ear 1KHz 74'],"['Both males and females 20 YEARS - 69 YEARS', 'Both males and females 12 YEARS - 19 YEARS']",[nan],,
1270,AUXLR174,-18 To 54,Range Of Values,['Acoustic Reflex Left Ear 1KHz 74'],"['Both males and females 20 YEARS - 69 YEARS', 'Both males and females 12 YEARS - 19 YEARS']",[nan],,
1271,AUXLR174,-16 To 56,Range Of Values,['Acoustic Reflex Left Ear 1KHz 74'],"['Both males and females 20 YEARS - 69 YEARS', 'Both males and females 12 YEARS - 19 YEARS']",[nan],,
1272,AUXLR175,-13 To 65,Range Of Values,['Acoustic Reflex Left Ear 1KHz 75'],"['Both males and females 20 YEARS - 69 YEARS', 'Both males and females 12 YEARS - 19 YEARS']",[nan],,
1273,AUXLR175,.,Missing,['Acoustic Reflex Left Ear 1KHz 75'],"['Both males and females 20 YEARS - 69 YEARS', 'Both males and females 12 YEARS - 19 YEARS']",[nan],,
1274,AUXLR175,-14 To 80,Range Of Values,['Acoustic Reflex Left Ear 1KHz 75'],"['Both males and females 20 YEARS - 69 YEARS', 'Both males and females 12 YEARS - 19 YEARS']",[nan],,
1275,AUXLR175,-18 To 126,Range Of Values,['Acoustic Reflex Left Ear 1KHz 75'],"['Both males and females 20 YEARS - 69 YEARS', 'Both males and females 12 YEARS - 19 YEARS']",[nan],,
1276,AUXLR175,-2 To 49,Range Of Values,['Acoustic Reflex Left Ear 1KHz 75'],"['Both males and females 20 YEARS - 69 YEARS', 'Both males and females 12 YEARS - 19 YEARS']",[nan],,
1277,AUXLR175,-8 To 40,Range Of Values,['Acoustic Reflex Left Ear 1KHz 75'],"['Both males and females 20 YEARS - 69 YEARS', 'Both males and females 12 YEARS - 19 YEARS']",[nan],,
1278,AUXLR175,-18 To 78,Range Of Values,['Acoustic Reflex Left Ear 1KHz 75'],"['Both males and females 20 YEARS - 69 YEARS', 'Both males and females 12 YEARS - 19 YEARS']",[nan],,
1279,AUXLR175,-16 To 53,Range Of Values,['Acoustic Reflex Left Ear 1KHz 75'],"['Both males and females 20 YEARS - 69 YEARS', 'Both males and females 12 YEARS - 19 YEARS']",[nan],,
1280,AUXLR176,-20 To 71,Range Of Values,['Acoustic Reflex Left Ear 1KHz 76'],"['Both males and females 20 YEARS - 69 YEARS', 'Both males and females 12 YEARS - 19 YEARS']",[nan],,
1281,AUXLR176,.,Missing,['Acoustic Reflex Left Ear 1KHz 76'],"['Both males and females 20 YEARS - 69 YEARS', 'Both males and females 12 YEARS - 19 YEARS']",[nan],,
1282,AUXLR176,-25 To 105,Range Of Values,['Acoustic Reflex Left Ear 1KHz 76'],"['Both males and females 20 YEARS - 69 YEARS', 'Both males and females 12 YEARS - 19 YEARS']",[nan],,
1283,AUXLR176,-21 To 92,Range Of Values,['Acoustic Reflex Left Ear 1KHz 76'],"['Both males and females 20 YEARS - 69 YEARS', 'Both males and females 12 YEARS - 19 YEARS']",[nan],,
1284,AUXLR176,-3 To 46,Range Of Values,['Acoustic Reflex Left Ear 1KHz 76'],"['Both males and females 20 YEARS - 69 YEARS', 'Both males and females 12 YEARS - 19 YEARS']",[nan],,
1285,AUXLR176,-11 To 41,Range Of Values,['Acoustic Reflex Left Ear 1KHz 76'],"['Both males and females 20 YEARS - 69 YEARS', 'Both males and females 12 YEARS - 19 YEARS']",[nan],,
1286,AUXLR176,-24 To 71,Range Of Values,['Acoustic Reflex Left Ear 1KHz 76'],"['Both males and females 20 YEARS - 69 YEARS', 'Both males and females 12 YEARS - 19 YEARS']",[nan],,
1287,AUXLR176,-14 To 52,Range Of Values,['Acoustic Reflex Left Ear 1KHz 76'],"['Both males and females 20 YEARS - 69 YEARS', 'Both males and females 12 YEARS - 19 YEARS']",[nan],,
1288,AUXLR177,-32 To 72,Range Of Values,['Acoustic Reflex Left Ear 1KHz 77'],"['Both males and females 20 YEARS - 69 YEARS', 'Both males and females 12 YEARS - 19 YEARS']",[nan],,
1289,AUXLR177,.,Missing,['Acoustic Reflex Left Ear 1KHz 77'],"['Both males and females 20 YEARS - 69 YEARS', 'Both males and females 12 YEARS - 19 YEARS']",[nan],,
1290,AUXLR177,-19 To 68,Range Of Values,['Acoustic Reflex Left Ear 1KHz 77'],"['Both males and females 20 YEARS - 69 YEARS', 'Both males and females 12 YEARS - 19 YEARS']",[nan],,
1291,AUXLR177,-20 To 59,Range Of Values,['Acoustic Reflex Left Ear 1KHz 77'],"['Both males and females 20 YEARS - 69 YEARS', 'Both males and females 12 YEARS - 19 YEARS']",[nan],,
1292,AUXLR177,-2 To 59,Range Of Values,['Acoustic Reflex Left Ear 1KHz 77'],"['Both males and females 20 YEARS - 69 YEARS', 'Both males and females 12 YEARS - 19 YEARS']",[nan],,
1293,AUXLR177,-19 To 42,Range Of Values,['Acoustic Reflex Left Ear 1KHz 77'],"['Both males and females 20 YEARS - 69 YEARS', 'Both males and females 12 YEARS - 19 YEARS']",[nan],,
1294,AUXLR177,-28 To 66,Range Of Values,['Acoustic Reflex Left Ear 1KHz 77'],"['Both males and females 20 YEARS - 69 YEARS', 'Both males and females 12 YEARS - 19 YEARS']",[nan],,
1295,AUXLR177,-10 To 56,Range Of Values,['Acoustic Reflex Left Ear 1KHz 77'],"['Both males and females 20 YEARS - 69 YEARS', 'Both males and females 12 YEARS - 19 YEARS']",[nan],,
1296,AUXLR178,-22 To 70,Range Of Values,['Acoustic Reflex Left Ear 1KHz 78'],"['Both males and females 20 YEARS - 69 YEARS', 'Both males and females 12 YEARS - 19 YEARS']",[nan],,
1297,AUXLR178,.,Missing,['Acoustic Reflex Left Ear 1KHz 78'],"['Both males and females 20 YEARS - 69 YEARS', 'Both males and females 12 YEARS - 19 YEARS']",[nan],,
1298,AUXLR178,-15 To 81,Range Of Values,['Acoustic Reflex Left Ear 1KHz 78'],"['Both males and females 20 YEARS - 69 YEARS', 'Both males and females 12 YEARS - 19 YEARS']",[nan],,
1299,AUXLR178,-19 To 69,Range Of Values,['Acoustic Reflex Left Ear 1KHz 78'],"['Both males and females 20 YEARS - 69 YEARS', 'Both males and females 12 YEARS - 19 YEARS']",[nan],,
1300,AUXLR178,-1 To 52,Range Of Values,['Acoustic Reflex Left Ear 1KHz 78'],"['Both males and females 20 YEARS - 69 YEARS', 'Both males and females 12 YEARS - 19 YEARS']",[nan],,
1301,AUXLR178,-23 To 72,Range Of Values,['Acoustic Reflex Left Ear 1KHz 78'],"['Both males and females 20 YEARS - 69 YEARS', 'Both males and females 12 YEARS - 19 YEARS']",[nan],,
1302,AUXLR178,-28 To 68,Range Of Values,['Acoustic Reflex Left Ear 1KHz 78'],"['Both males and females 20 YEARS - 69 YEARS', 'Both males and females 12 YEARS - 19 YEARS']",[nan],,
1303,AUXLR178,-10 To 74,Range Of Values,['Acoustic Reflex Left Ear 1KHz 78'],"['Both males and females 20 YEARS - 69 YEARS', 'Both males and females 12 YEARS - 19 YEARS']",[nan],,
1304,AUXLR179,-15 To 65,Range Of Values,['Acoustic Reflex Left Ear 1KHz 79'],"['Both males and females 20 YEARS - 69 YEARS', 'Both males and females 12 YEARS - 19 YEARS']",[nan],,
1305,AUXLR179,.,Missing,['Acoustic Reflex Left Ear 1KHz 79'],"['Both males and females 20 YEARS - 69 YEARS', 'Both males and females 12 YEARS - 19 YEARS']",[nan],,
1306,AUXLR179,-13 To 82,Range Of Values,['Acoustic Reflex Left Ear 1KHz 79'],"['Both males and females 20 YEARS - 69 YEARS', 'Both males and females 12 YEARS - 19 YEARS']",[nan],,
1307,AUXLR179,-18 To 76,Range Of Values,['Acoustic Reflex Left Ear 1KHz 79'],"['Both males and females 20 YEARS - 69 YEARS', 'Both males and females 12 YEARS - 19 YEARS']",[nan],,
1308,AUXLR179,-1 To 54,Range Of Values,['Acoustic Reflex Left Ear 1KHz 79'],"['Both males and females 20 YEARS - 69 YEARS', 'Both males and females 12 YEARS - 19 YEARS']",[nan],,
1309,AUXLR179,-20 To 49,Range Of Values,['Acoustic Reflex Left Ear 1KHz 79'],"['Both males and females 20 YEARS - 69 YEARS', 'Both males and females 12 YEARS - 19 YEARS']",[nan],,
1310,AUXLR179,-26 To 68,Range Of Values,['Acoustic Reflex Left Ear 1KHz 79'],"['Both males and females 20 YEARS - 69 YEARS', 'Both males and females 12 YEARS - 19 YEARS']",[nan],,
1311,AUXLR179,-11 To 84,Range Of Values,['Acoustic Reflex Left Ear 1KHz 79'],"['Both males and females 20 YEARS - 69 YEARS', 'Both males and females 12 YEARS - 19 YEARS']",[nan],,
1312,AUXLR180,-14 To 68,Range Of Values,['Acoustic Reflex Left Ear 1KHz 80'],"['Both males and females 20 YEARS - 69 YEARS', 'Both males and females 12 YEARS - 19 YEARS']",[nan],,
1313,AUXLR180,.,Missing,['Acoustic Reflex Left Ear 1KHz 80'],"['Both males and females 20 YEARS - 69 YEARS', 'Both males and females 12 YEARS - 19 YEARS']",[nan],,
1314,AUXLR180,-14 To 47,Range Of Values,['Acoustic Reflex Left Ear 1KHz 80'],"['Both males and females 20 YEARS - 69 YEARS', 'Both males and females 12 YEARS - 19 YEARS']",[nan],,
1315,AUXLR180,-18 To 77,Range Of Values,['Acoustic Reflex Left Ear 1KHz 80'],"['Both males and females 20 YEARS - 69 YEARS', 'Both males and females 12 YEARS - 19 YEARS']",[nan],,
1316,AUXLR180,-10 To 54,Range Of Values,['Acoustic Reflex Left Ear 1KHz 80'],"['Both males and females 20 YEARS - 69 YEARS', 'Both males and females 12 YEARS - 19 YEARS']",[nan],,
1317,AUXLR180,-19 To 43,Range Of Values,['Acoustic Reflex Left Ear 1KHz 80'],"['Both males and females 20 YEARS - 69 YEARS', 'Both males and females 12 YEARS - 19 YEARS']",[nan],,
1318,AUXLR180,-37 To 79,Range Of Values,['Acoustic Reflex Left Ear 1KHz 80'],"['Both males and females 20 YEARS - 69 YEARS', 'Both males and females 12 YEARS - 19 YEARS']",[nan],,
1319,AUXLR180,-17 To 58,Range Of Values,['Acoustic Reflex Left Ear 1KHz 80'],"['Both males and females 20 YEARS - 69 YEARS', 'Both males and females 12 YEARS - 19 YEARS']",[nan],,
1320,AUXLR181,-13 To 64,Range Of Values,['Acoustic Reflex Left Ear 1KHz 81'],"['Both males and females 20 YEARS - 69 YEARS', 'Both males and females 12 YEARS - 19 YEARS']",[nan],,
1321,AUXLR181,.,Missing,['Acoustic Reflex Left Ear 1KHz 81'],"['Both males and females 20 YEARS - 69 YEARS', 'Both males and females 12 YEARS - 19 YEARS']",[nan],,
1322,AUXLR181,-12 To 44,Range Of Values,['Acoustic Reflex Left Ear 1KHz 81'],"['Both males and females 20 YEARS - 69 YEARS', 'Both males and females 12 YEARS - 19 YEARS']",[nan],,
1323,AUXLR181,-11 To 76,Range Of Values,['Acoustic Reflex Left Ear 1KHz 81'],"['Both males and females 20 YEARS - 69 YEARS', 'Both males and females 12 YEARS - 19 YEARS']",[nan],,
1324,AUXLR181,-17 To 55,Range Of Values,['Acoustic Reflex Left Ear 1KHz 81'],"['Both males and females 20 YEARS - 69 YEARS', 'Both males and females 12 YEARS - 19 YEARS']",[nan],,
1325,AUXLR181,-16 To 46,Range Of Values,['Acoustic Reflex Left Ear 1KHz 81'],"['Both males and females 20 YEARS - 69 YEARS', 'Both males and females 12 YEARS - 19 YEARS']",[nan],,
1326,AUXLR181,-20 To 82,Range Of Values,['Acoustic Reflex Left Ear 1KHz 81'],"['Both males and females 20 YEARS - 69 YEARS', 'Both males and females 12 YEARS - 19 YEARS']",[nan],,
1327,AUXLR181,-6 To 59,Range Of Values,['Acoustic Reflex Left Ear 1KHz 81'],"['Both males and females 20 YEARS - 69 YEARS', 'Both males and females 12 YEARS - 19 YEARS']",[nan],,
1328,AUXLR182,-19 To 63,Range Of Values,['Acoustic Reflex Left Ear 1KHz 82'],"['Both males and females 20 YEARS - 69 YEARS', 'Both males and females 12 YEARS - 19 YEARS']",[nan],,
1329,AUXLR182,.,Missing,['Acoustic Reflex Left Ear 1KHz 82'],"['Both males and females 20 YEARS - 69 YEARS', 'Both males and females 12 YEARS - 19 YEARS']",[nan],,
1330,AUXLR182,-19 To 58,Range Of Values,['Acoustic Reflex Left Ear 1KHz 82'],"['Both males and females 20 YEARS - 69 YEARS', 'Both males and females 12 YEARS - 19 YEARS']",[nan],,
1331,AUXLR182,-9 To 78,Range Of Values,['Acoustic Reflex Left Ear 1KHz 82'],"['Both males and females 20 YEARS - 69 YEARS', 'Both males and females 12 YEARS - 19 YEARS']",[nan],,
1332,AUXLR182,-17 To 54,Range Of Values,['Acoustic Reflex Left Ear 1KHz 82'],"['Both males and females 20 YEARS - 69 YEARS', 'Both males and females 12 YEARS - 19 YEARS']",[nan],,
1333,AUXLR182,-9 To 75,Range Of Values,['Acoustic Reflex Left Ear 1KHz 82'],"['Both males and females 20 YEARS - 69 YEARS', 'Both males and females 12 YEARS - 19 YEARS']",[nan],,
1334,AUXLR182,-19 To 64,Range Of Values,['Acoustic Reflex Left Ear 1KHz 82'],"['Both males and females 20 YEARS - 69 YEARS', 'Both males and females 12 YEARS - 19 YEARS']",[nan],,
1335,AUXLR182,-5 To 91,Range Of Values,['Acoustic Reflex Left Ear 1KHz 82'],"['Both males and females 20 YEARS - 69 YEARS', 'Both males and females 12 YEARS - 19 YEARS']",[nan],,
1336,AUXLR183,-30 To 62,Range Of Values,['Acoustic Reflex Left Ear 1KHz 83'],"['Both males and females 20 YEARS - 69 YEARS', 'Both males and females 12 YEARS - 19 YEARS']",[nan],,
1337,AUXLR183,.,Missing,['Acoustic Reflex Left Ear 1KHz 83'],"['Both males and females 20 YEARS - 69 YEARS', 'Both males and females 12 YEARS - 19 YEARS']",[nan],,
1338,AUXLR183,-25 To 57,Range Of Values,['Acoustic Reflex Left Ear 1KHz 83'],"['Both males and females 20 YEARS - 69 YEARS', 'Both males and females 12 YEARS - 19 YEARS']",[nan],,
1339,AUXLR183,-13 To 81,Range Of Values,['Acoustic Reflex Left Ear 1KHz 83'],"['Both males and females 20 YEARS - 69 YEARS', 'Both males and females 12 YEARS - 19 YEARS']",[nan],,
1340,AUXLR183,-17 To 52,Range Of Values,['Acoustic Reflex Left Ear 1KHz 83'],"['Both males and females 20 YEARS - 69 YEARS', 'Both males and females 12 YEARS - 19 YEARS']",[nan],,
1341,AUXLR183,-7 To 49,Range Of Values,['Acoustic Reflex Left Ear 1KHz 83'],"['Both males and females 20 YEARS - 69 YEARS', 'Both males and females 12 YEARS - 19 YEARS']",[nan],,
1342,AUXLR183,-30 To 60,Range Of Values,['Acoustic Reflex Left Ear 1KHz 83'],"['Both males and females 20 YEARS - 69 YEARS', 'Both males and females 12 YEARS - 19 YEARS']",[nan],,
1343,AUXLR183,-19 To 81,Range Of Values,['Acoustic Reflex Left Ear 1KHz 83'],"['Both males and females 20 YEARS - 69 YEARS', 'Both males and females 12 YEARS - 19 YEARS']",[nan],,
1344,AUXLR184,-30 To 62,Range Of Values,['Acoustic Reflex Left Ear 1KHz 84'],"['Both males and females 20 YEARS - 69 YEARS', 'Both males and females 12 YEARS - 19 YEARS']",[nan],,
1345,AUXLR184,.,Missing,['Acoustic Reflex Left Ear 1KHz 84'],"['Both males and females 20 YEARS - 69 YEARS', 'Both males and females 12 YEARS - 19 YEARS']",[nan],,
1346,AUXLR184,-24 To 53,Range Of Values,['Acoustic Reflex Left Ear 1KHz 84'],"['Both males and females 20 YEARS - 69 YEARS', 'Both males and females 12 YEARS - 19 YEARS']",[nan],,
1347,AUXLR184,-17 To 84,Range Of Values,['Acoustic Reflex Left Ear 1KHz 84'],"['Both males and females 20 YEARS - 69 YEARS', 'Both males and females 12 YEARS - 19 YEARS']",[nan],,
1348,AUXLR184,-21 To 50,Range Of Values,['Acoustic Reflex Left Ear 1KHz 84'],"['Both males and females 20 YEARS - 69 YEARS', 'Both males and females 12 YEARS - 19 YEARS']",[nan],,
1349,AUXLR184,-7 To 71,Range Of Values,['Acoustic Reflex Left Ear 1KHz 84'],"['Both males and females 20 YEARS - 69 YEARS', 'Both males and females 12 YEARS - 19 YEARS']",[nan],,
1350,AUXLR184,-23 To 55,Range Of Values,['Acoustic Reflex Left Ear 1KHz 84'],"['Both males and females 20 YEARS - 69 YEARS', 'Both males and females 12 YEARS - 19 YEARS']",[nan],,
1351,AUXLR184,-14 To 60,Range Of Values,['Acoustic Reflex Left Ear 1KHz 84'],"['Both males and females 20 YEARS - 69 YEARS', 'Both males and females 12 YEARS - 19 YEARS']",[nan],,
1352,AUXRR201,-30 To 49,Range Of Values,['Acoustic Reflex Right Ear 2kHz 01'],"['Both males and females 20 YEARS - 69 YEARS', 'Both males and females 12 YEARS - 19 YEARS']",[nan],,
1353,AUXRR201,.,Missing,['Acoustic Reflex Right Ear 2kHz 01'],"['Both males and females 20 YEARS - 69 YEARS', 'Both males and females 12 YEARS - 19 YEARS']",[nan],,
1354,AUXRR201,-31 To 79,Range Of Values,['Acoustic Reflex Right Ear 2kHz 01'],"['Both males and females 20 YEARS - 69 YEARS', 'Both males and females 12 YEARS - 19 YEARS']",[nan],,
1355,AUXRR201,-65 To 60,Range Of Values,['Acoustic Reflex Right Ear 2kHz 01'],"['Both males and females 20 YEARS - 69 YEARS', 'Both males and females 12 YEARS - 19 YEARS']",[nan],,
1356,AUXRR201,-28 To 60,Range Of Values,['Acoustic Reflex Right Ear 2kHz 01'],"['Both males and females 20 YEARS - 69 YEARS', 'Both males and females 12 YEARS - 19 YEARS']",[nan],,
1357,AUXRR201,-119 To 47,Range Of Values,['Acoustic Reflex Right Ear 2kHz 01'],"['Both males and females 20 YEARS - 69 YEARS', 'Both males and females 12 YEARS - 19 YEARS']",[nan],,
1358,AUXRR201,-42 To 91,Range Of Values,['Acoustic Reflex Right Ear 2kHz 01'],"['Both males and females 20 YEARS - 69 YEARS', 'Both males and females 12 YEARS - 19 YEARS']",[nan],,
1359,AUXRR201,-31 To 46,Range Of Values,['Acoustic Reflex Right Ear 2kHz 01'],"['Both males and females 20 YEARS - 69 YEARS', 'Both males and females 12 YEARS - 19 YEARS']",[nan],,
1360,AUXRR202,-30 To 59,Range Of Values,['Acoustic Reflex Right Ear 2kHz 02'],"['Both males and females 20 YEARS - 69 YEARS', 'Both males and females 12 YEARS - 19 YEARS']",[nan],,
1361,AUXRR202,.,Missing,['Acoustic Reflex Right Ear 2kHz 02'],"['Both males and females 20 YEARS - 69 YEARS', 'Both males and females 12 YEARS - 19 YEARS']",[nan],,
1362,AUXRR202,-33 To 80,Range Of Values,['Acoustic Reflex Right Ear 2kHz 02'],"['Both males and females 20 YEARS - 69 YEARS', 'Both males and females 12 YEARS - 19 YEARS']",[nan],,
1363,AUXRR202,-74 To 76,Range Of Values,['Acoustic Reflex Right Ear 2kHz 02'],"['Both males and females 20 YEARS - 69 YEARS', 'Both males and females 12 YEARS - 19 YEARS']",[nan],,
1364,AUXRR202,-30 To 74,Range Of Values,['Acoustic Reflex Right Ear 2kHz 02'],"['Both males and females 20 YEARS - 69 YEARS', 'Both males and females 12 YEARS - 19 YEARS']",[nan],,
1365,AUXRR202,-120 To 49,Range Of Values,['Acoustic Reflex Right Ear 2kHz 02'],"['Both males and females 20 YEARS - 69 YEARS', 'Both males and females 12 YEARS - 19 YEARS']",[nan],,
1366,AUXRR202,-40 To 60,Range Of Values,['Acoustic Reflex Right Ear 2kHz 02'],"['Both males and females 20 YEARS - 69 YEARS', 'Both males and females 12 YEARS - 19 YEARS']",[nan],,
1367,AUXRR202,-30 To 47,Range Of Values,['Acoustic Reflex Right Ear 2kHz 02'],"['Both males and females 20 YEARS - 69 YEARS', 'Both males and females 12 YEARS - 19 YEARS']",[nan],,
1368,AUXRR203,-30 To 49,Range Of Values,['Acoustic Reflex Right Ear 2kHz 03'],"['Both males and females 20 YEARS - 69 YEARS', 'Both males and females 12 YEARS - 19 YEARS']",[nan],,
1369,AUXRR203,.,Missing,['Acoustic Reflex Right Ear 2kHz 03'],"['Both males and females 20 YEARS - 69 YEARS', 'Both males and females 12 YEARS - 19 YEARS']",[nan],,
1370,AUXRR203,-34 To 84,Range Of Values,['Acoustic Reflex Right Ear 2kHz 03'],"['Both males and females 20 YEARS - 69 YEARS', 'Both males and females 12 YEARS - 19 YEARS']",[nan],,
1371,AUXRR203,-65 To 61,Range Of Values,['Acoustic Reflex Right Ear 2kHz 03'],"['Both males and females 20 YEARS - 69 YEARS', 'Both males and females 12 YEARS - 19 YEARS']",[nan],,
1372,AUXRR203,-30 To 44,Range Of Values,['Acoustic Reflex Right Ear 2kHz 03'],"['Both males and females 20 YEARS - 69 YEARS', 'Both males and females 12 YEARS - 19 YEARS']",[nan],,
1373,AUXRR203,-120 To 48,Range Of Values,['Acoustic Reflex Right Ear 2kHz 03'],"['Both males and females 20 YEARS - 69 YEARS', 'Both males and females 12 YEARS - 19 YEARS']",[nan],,
1374,AUXRR203,-33 To 51,Range Of Values,['Acoustic Reflex Right Ear 2kHz 03'],"['Both males and females 20 YEARS - 69 YEARS', 'Both males and females 12 YEARS - 19 YEARS']",[nan],,
1375,AUXRR203,-29 To 59,Range Of Values,['Acoustic Reflex Right Ear 2kHz 03'],"['Both males and females 20 YEARS - 69 YEARS', 'Both males and females 12 YEARS - 19 YEARS']",[nan],,
1376,AUXRR204,-30 To 71,Range Of Values,['Acoustic Reflex Right Ear 2kHz 04'],"['Both males and females 20 YEARS - 69 YEARS', 'Both males and females 12 YEARS - 19 YEARS']",[nan],,
1377,AUXRR204,.,Missing,['Acoustic Reflex Right Ear 2kHz 04'],"['Both males and females 20 YEARS - 69 YEARS', 'Both males and females 12 YEARS - 19 YEARS']",[nan],,
1378,AUXRR204,-35 To 87,Range Of Values,['Acoustic Reflex Right Ear 2kHz 04'],"['Both males and females 20 YEARS - 69 YEARS', 'Both males and females 12 YEARS - 19 YEARS']",[nan],,
1379,AUXRR204,-38 To 59,Range Of Values,['Acoustic Reflex Right Ear 2kHz 04'],"['Both males and females 20 YEARS - 69 YEARS', 'Both males and females 12 YEARS - 19 YEARS']",[nan],,
1380,AUXRR204,-28 To 30,Range Of Values,['Acoustic Reflex Right Ear 2kHz 04'],"['Both males and females 20 YEARS - 69 YEARS', 'Both males and females 12 YEARS - 19 YEARS']",[nan],,
1381,AUXRR204,-120 To 43,Range Of Values,['Acoustic Reflex Right Ear 2kHz 04'],"['Both males and females 20 YEARS - 69 YEARS', 'Both males and females 12 YEARS - 19 YEARS']",[nan],,
1382,AUXRR204,-33 To 50,Range Of Values,['Acoustic Reflex Right Ear 2kHz 04'],"['Both males and females 20 YEARS - 69 YEARS', 'Both males and females 12 YEARS - 19 YEARS']",[nan],,
1383,AUXRR204,-28 To 50,Range Of Values,['Acoustic Reflex Right Ear 2kHz 04'],"['Both males and females 20 YEARS - 69 YEARS', 'Both males and females 12 YEARS - 19 YEARS']",[nan],,
1384,AUXRR205,-29 To 65,Range Of Values,['Acoustic Reflex Right Ear 2kHz 05'],"['Both males and females 20 YEARS - 69 YEARS', 'Both males and females 12 YEARS - 19 YEARS']",[nan],,
1385,AUXRR205,.,Missing,['Acoustic Reflex Right Ear 2kHz 05'],"['Both males and females 20 YEARS - 69 YEARS', 'Both males and females 12 YEARS - 19 YEARS']",[nan],,
1386,AUXRR205,-36 To 86,Range Of Values,['Acoustic Reflex Right Ear 2kHz 05'],"['Both males and females 20 YEARS - 69 YEARS', 'Both males and females 12 YEARS - 19 YEARS']",[nan],,
1387,AUXRR205,-24 To 60,Range Of Values,['Acoustic Reflex Right Ear 2kHz 05'],"['Both males and females 20 YEARS - 69 YEARS', 'Both males and females 12 YEARS - 19 YEARS']",[nan],,
1388,AUXRR205,-25 To 53,Range Of Values,['Acoustic Reflex Right Ear 2kHz 05'],"['Both males and females 20 YEARS - 69 YEARS', 'Both males and females 12 YEARS - 19 YEARS']",[nan],,
1389,AUXRR205,-119 To 42,Range Of Values,['Acoustic Reflex Right Ear 2kHz 05'],"['Both males and females 20 YEARS - 69 YEARS', 'Both males and females 12 YEARS - 19 YEARS']",[nan],,
1390,AUXRR205,-32 To 76,Range Of Values,['Acoustic Reflex Right Ear 2kHz 05'],"['Both males and females 20 YEARS - 69 YEARS', 'Both males and females 12 YEARS - 19 YEARS']",[nan],,
1391,AUXRR205,-26 To 44,Range Of Values,['Acoustic Reflex Right Ear 2kHz 05'],"['Both males and females 20 YEARS - 69 YEARS', 'Both males and females 12 YEARS - 19 YEARS']",[nan],,
1392,AUXRR206,-27 To 50,Range Of Values,['Acoustic Reflex Right Ear 2kHz 06'],"['Both males and females 20 YEARS - 69 YEARS', 'Both males and females 12 YEARS - 19 YEARS']",[nan],,
1393,AUXRR206,.,Missing,['Acoustic Reflex Right Ear 2kHz 06'],"['Both males and females 20 YEARS - 69 YEARS', 'Both males and females 12 YEARS - 19 YEARS']",[nan],,
1394,AUXRR206,-36 To 82,Range Of Values,['Acoustic Reflex Right Ear 2kHz 06'],"['Both males and females 20 YEARS - 69 YEARS', 'Both males and females 12 YEARS - 19 YEARS']",[nan],,
1395,AUXRR206,-24 To 66,Range Of Values,['Acoustic Reflex Right Ear 2kHz 06'],"['Both males and females 20 YEARS - 69 YEARS', 'Both males and females 12 YEARS - 19 YEARS']",[nan],,
1396,AUXRR206,-23 To 47,Range Of Values,['Acoustic Reflex Right Ear 2kHz 06'],"['Both males and females 20 YEARS - 69 YEARS', 'Both males and females 12 YEARS - 19 YEARS']",[nan],,
1397,AUXRR206,-118 To 53,Range Of Values,['Acoustic Reflex Right Ear 2kHz 06'],"['Both males and females 20 YEARS - 69 YEARS', 'Both males and females 12 YEARS - 19 YEARS']",[nan],,
1398,AUXRR206,-33 To 89,Range Of Values,['Acoustic Reflex Right Ear 2kHz 06'],"['Both males and females 20 YEARS - 69 YEARS', 'Both males and females 12 YEARS - 19 YEARS']",[nan],,
1399,AUXRR206,-28 To 42,Range Of Values,['Acoustic Reflex Right Ear 2kHz 06'],"['Both males and females 20 YEARS - 69 YEARS', 'Both males and females 12 YEARS - 19 YEARS']",[nan],,
1400,AUXRR207,-25 To 50,Range Of Values,['Acoustic Reflex Right Ear 2kHz 07'],"['Both males and females 20 YEARS - 69 YEARS', 'Both males and females 12 YEARS - 19 YEARS']",[nan],,
1401,AUXRR207,.,Missing,['Acoustic Reflex Right Ear 2kHz 07'],"['Both males and females 20 YEARS - 69 YEARS', 'Both males and females 12 YEARS - 19 YEARS']",[nan],,
1402,AUXRR207,-37 To 75,Range Of Values,['Acoustic Reflex Right Ear 2kHz 07'],"['Both males and females 20 YEARS - 69 YEARS', 'Both males and females 12 YEARS - 19 YEARS']",[nan],,
1403,AUXRR207,-25 To 65,Range Of Values,['Acoustic Reflex Right Ear 2kHz 07'],"['Both males and females 20 YEARS - 69 YEARS', 'Both males and females 12 YEARS - 19 YEARS']",[nan],,
1404,AUXRR207,-22 To 44,Range Of Values,['Acoustic Reflex Right Ear 2kHz 07'],"['Both males and females 20 YEARS - 69 YEARS', 'Both males and females 12 YEARS - 19 YEARS']",[nan],,
1405,AUXRR207,-117 To 76,Range Of Values,['Acoustic Reflex Right Ear 2kHz 07'],"['Both males and females 20 YEARS - 69 YEARS', 'Both males and females 12 YEARS - 19 YEARS']",[nan],,
1406,AUXRR207,-39 To 52,Range Of Values,['Acoustic Reflex Right Ear 2kHz 07'],"['Both males and females 20 YEARS - 69 YEARS', 'Both males and females 12 YEARS - 19 YEARS']",[nan],,
1407,AUXRR207,-29 To 39,Range Of Values,['Acoustic Reflex Right Ear 2kHz 07'],"['Both males and females 20 YEARS - 69 YEARS', 'Both males and females 12 YEARS - 19 YEARS']",[nan],,
1408,AUXRR208,-20 To 51,Range Of Values,['Acoustic Reflex Right Ear 2kHz 08'],"['Both males and females 20 YEARS - 69 YEARS', 'Both males and females 12 YEARS - 19 YEARS']",[nan],,
1409,AUXRR208,.,Missing,['Acoustic Reflex Right Ear 2kHz 08'],"['Both males and females 20 YEARS - 69 YEARS', 'Both males and females 12 YEARS - 19 YEARS']",[nan],,
1410,AUXRR208,-37 To 86,Range Of Values,['Acoustic Reflex Right Ear 2kHz 08'],"['Both males and females 20 YEARS - 69 YEARS', 'Both males and females 12 YEARS - 19 YEARS']",[nan],,
1411,AUXRR208,-25 To 68,Range Of Values,['Acoustic Reflex Right Ear 2kHz 08'],"['Both males and females 20 YEARS - 69 YEARS', 'Both males and females 12 YEARS - 19 YEARS']",[nan],,
1412,AUXRR208,-20 To 53,Range Of Values,['Acoustic Reflex Right Ear 2kHz 08'],"['Both males and females 20 YEARS - 69 YEARS', 'Both males and females 12 YEARS - 19 YEARS']",[nan],,
1413,AUXRR208,-115 To 74,Range Of Values,['Acoustic Reflex Right Ear 2kHz 08'],"['Both males and females 20 YEARS - 69 YEARS', 'Both males and females 12 YEARS - 19 YEARS']",[nan],,
1414,AUXRR208,-40 To 45,Range Of Values,['Acoustic Reflex Right Ear 2kHz 08'],"['Both males and females 20 YEARS - 69 YEARS', 'Both males and females 12 YEARS - 19 YEARS']",[nan],,
1415,AUXRR208,-30 To 45,Range Of Values,['Acoustic Reflex Right Ear 2kHz 08'],"['Both males and females 20 YEARS - 69 YEARS', 'Both males and females 12 YEARS - 19 YEARS']",[nan],,
1416,AUXRR209,-16 To 67,Range Of Values,['Acoustic Reflex Right Ear 2kHz 09'],"['Both males and females 20 YEARS - 69 YEARS', 'Both males and females 12 YEARS - 19 YEARS']",[nan],,
1417,AUXRR209,.,Missing,['Acoustic Reflex Right Ear 2kHz 09'],"['Both males and females 20 YEARS - 69 YEARS', 'Both males and females 12 YEARS - 19 YEARS']",[nan],,
1418,AUXRR209,-37 To 73,Range Of Values,['Acoustic Reflex Right Ear 2kHz 09'],"['Both males and females 20 YEARS - 69 YEARS', 'Both males and females 12 YEARS - 19 YEARS']",[nan],,
1419,AUXRR209,-20 To 69,Range Of Values,['Acoustic Reflex Right Ear 2kHz 09'],"['Both males and females 20 YEARS - 69 YEARS', 'Both males and females 12 YEARS - 19 YEARS']",[nan],,
1420,AUXRR209,-18 To 80,Range Of Values,['Acoustic Reflex Right Ear 2kHz 09'],"['Both males and females 20 YEARS - 69 YEARS', 'Both males and females 12 YEARS - 19 YEARS']",[nan],,
1421,AUXRR209,-114 To 73,Range Of Values,['Acoustic Reflex Right Ear 2kHz 09'],"['Both males and females 20 YEARS - 69 YEARS', 'Both males and females 12 YEARS - 19 YEARS']",[nan],,
1422,AUXRR209,-38 To 43,Range Of Values,['Acoustic Reflex Right Ear 2kHz 09'],"['Both males and females 20 YEARS - 69 YEARS', 'Both males and females 12 YEARS - 19 YEARS']",[nan],,
1423,AUXRR209,-29 To 54,Range Of Values,['Acoustic Reflex Right Ear 2kHz 09'],"['Both males and females 20 YEARS - 69 YEARS', 'Both males and females 12 YEARS - 19 YEARS']",[nan],,
1424,AUXRR210,-33 To 59,Range Of Values,['Acoustic Reflex Right Ear 2kHz 10'],"['Both males and females 20 YEARS - 69 YEARS', 'Both males and females 12 YEARS - 19 YEARS']",[nan],,
1425,AUXRR210,.,Missing,['Acoustic Reflex Right Ear 2kHz 10'],"['Both males and females 20 YEARS - 69 YEARS', 'Both males and females 12 YEARS - 19 YEARS']",[nan],,
1426,AUXRR210,-37 To 75,Range Of Values,['Acoustic Reflex Right Ear 2kHz 10'],"['Both males and females 20 YEARS - 69 YEARS', 'Both males and females 12 YEARS - 19 YEARS']",[nan],,
1427,AUXRR210,-25 To 69,Range Of Values,['Acoustic Reflex Right Ear 2kHz 10'],"['Both males and females 20 YEARS - 69 YEARS', 'Both males and females 12 YEARS - 19 YEARS']",[nan],,
1428,AUXRR210,-19 To 97,Range Of Values,['Acoustic Reflex Right Ear 2kHz 10'],"['Both males and females 20 YEARS - 69 YEARS', 'Both males and females 12 YEARS - 19 YEARS']",[nan],,
1429,AUXRR210,-111 To 75,Range Of Values,['Acoustic Reflex Right Ear 2kHz 10'],"['Both males and females 20 YEARS - 69 YEARS', 'Both males and females 12 YEARS - 19 YEARS']",[nan],,
1430,AUXRR210,-39 To 40,Range Of Values,['Acoustic Reflex Right Ear 2kHz 10'],"['Both males and females 20 YEARS - 69 YEARS', 'Both males and females 12 YEARS - 19 YEARS']",[nan],,
1431,AUXRR210,-29 To 52,Range Of Values,['Acoustic Reflex Right Ear 2kHz 10'],"['Both males and females 20 YEARS - 69 YEARS', 'Both males and females 12 YEARS - 19 YEARS']",[nan],,
1432,AUXRR211,-14 To 57,Range Of Values,['Acoustic Reflex Right Ear 2kHz 11'],"['Both males and females 20 YEARS - 69 YEARS', 'Both males and females 12 YEARS - 19 YEARS']",[nan],,
1433,AUXRR211,.,Missing,['Acoustic Reflex Right Ear 2kHz 11'],"['Both males and females 20 YEARS - 69 YEARS', 'Both males and females 12 YEARS - 19 YEARS']",[nan],,
1434,AUXRR211,-37 To 75,Range Of Values,['Acoustic Reflex Right Ear 2kHz 11'],"['Both males and females 20 YEARS - 69 YEARS', 'Both males and females 12 YEARS - 19 YEARS']",[nan],,
1435,AUXRR211,-22 To 68,Range Of Values,['Acoustic Reflex Right Ear 2kHz 11'],"['Both males and females 20 YEARS - 69 YEARS', 'Both males and females 12 YEARS - 19 YEARS']",[nan],,
1436,AUXRR211,-13 To 102,Range Of Values,['Acoustic Reflex Right Ear 2kHz 11'],"['Both males and females 20 YEARS - 69 YEARS', 'Both males and females 12 YEARS - 19 YEARS']",[nan],,
1437,AUXRR211,-110 To 79,Range Of Values,['Acoustic Reflex Right Ear 2kHz 11'],"['Both males and females 20 YEARS - 69 YEARS', 'Both males and females 12 YEARS - 19 YEARS']",[nan],,
1438,AUXRR211,-41 To 48,Range Of Values,['Acoustic Reflex Right Ear 2kHz 11'],"['Both males and females 20 YEARS - 69 YEARS', 'Both males and females 12 YEARS - 19 YEARS']",[nan],,
1439,AUXRR211,-28 To 53,Range Of Values,['Acoustic Reflex Right Ear 2kHz 11'],"['Both males and females 20 YEARS - 69 YEARS', 'Both males and females 12 YEARS - 19 YEARS']",[nan],,
1440,AUXRR212,-13 To 67,Range Of Values,['Acoustic Reflex Right Ear 2kHz 12'],"['Both males and females 20 YEARS - 69 YEARS', 'Both males and females 12 YEARS - 19 YEARS']",[nan],,
1441,AUXRR212,.,Missing,['Acoustic Reflex Right Ear 2kHz 12'],"['Both males and females 20 YEARS - 69 YEARS', 'Both males and females 12 YEARS - 19 YEARS']",[nan],,
1442,AUXRR212,-38 To 67,Range Of Values,['Acoustic Reflex Right Ear 2kHz 12'],"['Both males and females 20 YEARS - 69 YEARS', 'Both males and females 12 YEARS - 19 YEARS']",[nan],,
1443,AUXRR212,-23 To 69,Range Of Values,['Acoustic Reflex Right Ear 2kHz 12'],"['Both males and females 20 YEARS - 69 YEARS', 'Both males and females 12 YEARS - 19 YEARS']",[nan],,
1444,AUXRR212,-13 To 58,Range Of Values,['Acoustic Reflex Right Ear 2kHz 12'],"['Both males and females 20 YEARS - 69 YEARS', 'Both males and females 12 YEARS - 19 YEARS']",[nan],,
1445,AUXRR212,-110 To 64,Range Of Values,['Acoustic Reflex Right Ear 2kHz 12'],"['Both males and females 20 YEARS - 69 YEARS', 'Both males and females 12 YEARS - 19 YEARS']",[nan],,
1446,AUXRR212,-43 To 45,Range Of Values,['Acoustic Reflex Right Ear 2kHz 12'],"['Both males and females 20 YEARS - 69 YEARS', 'Both males and females 12 YEARS - 19 YEARS']",[nan],,
1447,AUXRR212,-28 To 53,Range Of Values,['Acoustic Reflex Right Ear 2kHz 12'],"['Both males and females 20 YEARS - 69 YEARS', 'Both males and females 12 YEARS - 19 YEARS']",[nan],,
1448,AUXRR213,-12 To 59,Range Of Values,['Acoustic Reflex Right Ear 2kHz 13'],"['Both males and females 20 YEARS - 69 YEARS', 'Both males and females 12 YEARS - 19 YEARS']",[nan],,
1449,AUXRR213,.,Missing,['Acoustic Reflex Right Ear 2kHz 13'],"['Both males and females 20 YEARS - 69 YEARS', 'Both males and females 12 YEARS - 19 YEARS']",[nan],,
1450,AUXRR213,-38 To 56,Range Of Values,['Acoustic Reflex Right Ear 2kHz 13'],"['Both males and females 20 YEARS - 69 YEARS', 'Both males and females 12 YEARS - 19 YEARS']",[nan],,
1451,AUXRR213,-22 To 71,Range Of Values,['Acoustic Reflex Right Ear 2kHz 13'],"['Both males and females 20 YEARS - 69 YEARS', 'Both males and females 12 YEARS - 19 YEARS']",[nan],,
1452,AUXRR213,-11 To 47,Range Of Values,['Acoustic Reflex Right Ear 2kHz 13'],"['Both males and females 20 YEARS - 69 YEARS', 'Both males and females 12 YEARS - 19 YEARS']",[nan],,
1453,AUXRR213,-109 To 64,Range Of Values,['Acoustic Reflex Right Ear 2kHz 13'],"['Both males and females 20 YEARS - 69 YEARS', 'Both males and females 12 YEARS - 19 YEARS']",[nan],,
1454,AUXRR213,-42 To 47,Range Of Values,['Acoustic Reflex Right Ear 2kHz 13'],"['Both males and females 20 YEARS - 69 YEARS', 'Both males and females 12 YEARS - 19 YEARS']",[nan],,
1455,AUXRR213,-28 To 55,Range Of Values,['Acoustic Reflex Right Ear 2kHz 13'],"['Both males and females 20 YEARS - 69 YEARS', 'Both males and females 12 YEARS - 19 YEARS']",[nan],,
1456,AUXRR214,-11 To 52,Range Of Values,['Acoustic Reflex Right Ear 2kHz 14'],"['Both males and females 20 YEARS - 69 YEARS', 'Both males and females 12 YEARS - 19 YEARS']",[nan],,
1457,AUXRR214,.,Missing,['Acoustic Reflex Right Ear 2kHz 14'],"['Both males and females 20 YEARS - 69 YEARS', 'Both males and females 12 YEARS - 19 YEARS']",[nan],,
1458,AUXRR214,-38 To 55,Range Of Values,['Acoustic Reflex Right Ear 2kHz 14'],"['Both males and females 20 YEARS - 69 YEARS', 'Both males and females 12 YEARS - 19 YEARS']",[nan],,
1459,AUXRR214,-22 To 72,Range Of Values,['Acoustic Reflex Right Ear 2kHz 14'],"['Both males and females 20 YEARS - 69 YEARS', 'Both males and females 12 YEARS - 19 YEARS']",[nan],,
1460,AUXRR214,-12 To 41,Range Of Values,['Acoustic Reflex Right Ear 2kHz 14'],"['Both males and females 20 YEARS - 69 YEARS', 'Both males and females 12 YEARS - 19 YEARS']",[nan],,
1461,AUXRR214,-107 To 62,Range Of Values,['Acoustic Reflex Right Ear 2kHz 14'],"['Both males and females 20 YEARS - 69 YEARS', 'Both males and females 12 YEARS - 19 YEARS']",[nan],,
1462,AUXRR214,-41 To 48,Range Of Values,['Acoustic Reflex Right Ear 2kHz 14'],"['Both males and females 20 YEARS - 69 YEARS', 'Both males and females 12 YEARS - 19 YEARS']",[nan],,
1463,AUXRR214,-40 To 59,Range Of Values,['Acoustic Reflex Right Ear 2kHz 14'],"['Both males and females 20 YEARS - 69 YEARS', 'Both males and females 12 YEARS - 19 YEARS']",[nan],,
1464,AUXRR215,-12 To 50,Range Of Values,['Acoustic Reflex Right Ear 2kHz 15'],"['Both males and females 20 YEARS - 69 YEARS', 'Both males and females 12 YEARS - 19 YEARS']",[nan],,
1465,AUXRR215,.,Missing,['Acoustic Reflex Right Ear 2kHz 15'],"['Both males and females 20 YEARS - 69 YEARS', 'Both males and females 12 YEARS - 19 YEARS']",[nan],,
1466,AUXRR215,-38 To 67,Range Of Values,['Acoustic Reflex Right Ear 2kHz 15'],"['Both males and females 20 YEARS - 69 YEARS', 'Both males and females 12 YEARS - 19 YEARS']",[nan],,
1467,AUXRR215,-23 To 70,Range Of Values,['Acoustic Reflex Right Ear 2kHz 15'],"['Both males and females 20 YEARS - 69 YEARS', 'Both males and females 12 YEARS - 19 YEARS']",[nan],,
1468,AUXRR215,-14 To 41,Range Of Values,['Acoustic Reflex Right Ear 2kHz 15'],"['Both males and females 20 YEARS - 69 YEARS', 'Both males and females 12 YEARS - 19 YEARS']",[nan],,
1469,AUXRR215,-106 To 60,Range Of Values,['Acoustic Reflex Right Ear 2kHz 15'],"['Both males and females 20 YEARS - 69 YEARS', 'Both males and females 12 YEARS - 19 YEARS']",[nan],,
1470,AUXRR215,-41 To 48,Range Of Values,['Acoustic Reflex Right Ear 2kHz 15'],"['Both males and females 20 YEARS - 69 YEARS', 'Both males and females 12 YEARS - 19 YEARS']",[nan],,
1471,AUXRR215,-35 To 59,Range Of Values,['Acoustic Reflex Right Ear 2kHz 15'],"['Both males and females 20 YEARS - 69 YEARS', 'Both males and females 12 YEARS - 19 YEARS']",[nan],,
1472,AUXRR216,-14 To 43,Range Of Values,['Acoustic Reflex Right Ear 2kHz 16'],"['Both males and females 20 YEARS - 69 YEARS', 'Both males and females 12 YEARS - 19 YEARS']",[nan],,
1473,AUXRR216,.,Missing,['Acoustic Reflex Right Ear 2kHz 16'],"['Both males and females 20 YEARS - 69 YEARS', 'Both males and females 12 YEARS - 19 YEARS']",[nan],,
1474,AUXRR216,-38 To 80,Range Of Values,['Acoustic Reflex Right Ear 2kHz 16'],"['Both males and females 20 YEARS - 69 YEARS', 'Both males and females 12 YEARS - 19 YEARS']",[nan],,
1475,AUXRR216,-23 To 63,Range Of Values,['Acoustic Reflex Right Ear 2kHz 16'],"['Both males and females 20 YEARS - 69 YEARS', 'Both males and females 12 YEARS - 19 YEARS']",[nan],,
1476,AUXRR216,-27 To 43,Range Of Values,['Acoustic Reflex Right Ear 2kHz 16'],"['Both males and females 20 YEARS - 69 YEARS', 'Both males and females 12 YEARS - 19 YEARS']",[nan],,
1477,AUXRR216,-104 To 59,Range Of Values,['Acoustic Reflex Right Ear 2kHz 16'],"['Both males and females 20 YEARS - 69 YEARS', 'Both males and females 12 YEARS - 19 YEARS']",[nan],,
1478,AUXRR216,-43 To 48,Range Of Values,['Acoustic Reflex Right Ear 2kHz 16'],"['Both males and females 20 YEARS - 69 YEARS', 'Both males and females 12 YEARS - 19 YEARS']",[nan],,
1479,AUXRR216,-26 To 53,Range Of Values,['Acoustic Reflex Right Ear 2kHz 16'],"['Both males and females 20 YEARS - 69 YEARS', 'Both males and females 12 YEARS - 19 YEARS']",[nan],,
1480,AUXRR217,-17 To 42,Range Of Values,['Acoustic Reflex Right Ear 2kHz 17'],"['Both males and females 20 YEARS - 69 YEARS', 'Both males and females 12 YEARS - 19 YEARS']",[nan],,
1481,AUXRR217,.,Missing,['Acoustic Reflex Right Ear 2kHz 17'],"['Both males and females 20 YEARS - 69 YEARS', 'Both males and females 12 YEARS - 19 YEARS']",[nan],,
1482,AUXRR217,-41 To 88,Range Of Values,['Acoustic Reflex Right Ear 2kHz 17'],"['Both males and females 20 YEARS - 69 YEARS', 'Both males and females 12 YEARS - 19 YEARS']",[nan],,
1483,AUXRR217,-23 To 62,Range Of Values,['Acoustic Reflex Right Ear 2kHz 17'],"['Both males and females 20 YEARS - 69 YEARS', 'Both males and females 12 YEARS - 19 YEARS']",[nan],,
1484,AUXRR217,-19 To 45,Range Of Values,['Acoustic Reflex Right Ear 2kHz 17'],"['Both males and females 20 YEARS - 69 YEARS', 'Both males and females 12 YEARS - 19 YEARS']",[nan],,
1485,AUXRR217,-102 To 56,Range Of Values,['Acoustic Reflex Right Ear 2kHz 17'],"['Both males and females 20 YEARS - 69 YEARS', 'Both males and females 12 YEARS - 19 YEARS']",[nan],,
1486,AUXRR217,-44 To 45,Range Of Values,['Acoustic Reflex Right Ear 2kHz 17'],"['Both males and females 20 YEARS - 69 YEARS', 'Both males and females 12 YEARS - 19 YEARS']",[nan],,
1487,AUXRR217,-26 To 91,Range Of Values,['Acoustic Reflex Right Ear 2kHz 17'],"['Both males and females 20 YEARS - 69 YEARS', 'Both males and females 12 YEARS - 19 YEARS']",[nan],,
1488,AUXRR218,-32 To 42,Range Of Values,['Acoustic Reflex Right Ear 2kHz 18'],"['Both males and females 20 YEARS - 69 YEARS', 'Both males and females 12 YEARS - 19 YEARS']",[nan],,
1489,AUXRR218,.,Missing,['Acoustic Reflex Right Ear 2kHz 18'],"['Both males and females 20 YEARS - 69 YEARS', 'Both males and females 12 YEARS - 19 YEARS']",[nan],,
1490,AUXRR218,-38 To 91,Range Of Values,['Acoustic Reflex Right Ear 2kHz 18'],"['Both males and females 20 YEARS - 69 YEARS', 'Both males and females 12 YEARS - 19 YEARS']",[nan],,
1491,AUXRR218,-22 To 64,Range Of Values,['Acoustic Reflex Right Ear 2kHz 18'],"['Both males and females 20 YEARS - 69 YEARS', 'Both males and females 12 YEARS - 19 YEARS']",[nan],,
1492,AUXRR218,-20 To 44,Range Of Values,['Acoustic Reflex Right Ear 2kHz 18'],"['Both males and females 20 YEARS - 69 YEARS', 'Both males and females 12 YEARS - 19 YEARS']",[nan],,
1493,AUXRR218,-100 To 70,Range Of Values,['Acoustic Reflex Right Ear 2kHz 18'],"['Both males and females 20 YEARS - 69 YEARS', 'Both males and females 12 YEARS - 19 YEARS']",[nan],,
1494,AUXRR218,-41 To 43,Range Of Values,['Acoustic Reflex Right Ear 2kHz 18'],"['Both males and females 20 YEARS - 69 YEARS', 'Both males and females 12 YEARS - 19 YEARS']",[nan],,
1495,AUXRR218,-28 To 79,Range Of Values,['Acoustic Reflex Right Ear 2kHz 18'],"['Both males and females 20 YEARS - 69 YEARS', 'Both males and females 12 YEARS - 19 YEARS']",[nan],,
1496,AUXRR219,-22 To 60,Range Of Values,['Acoustic Reflex Right Ear 2kHz 19'],"['Both males and females 20 YEARS - 69 YEARS', 'Both males and females 12 YEARS - 19 YEARS']",[nan],,
1497,AUXRR219,.,Missing,['Acoustic Reflex Right Ear 2kHz 19'],"['Both males and females 20 YEARS - 69 YEARS', 'Both males and females 12 YEARS - 19 YEARS']",[nan],,
1498,AUXRR219,-38 To 89,Range Of Values,['Acoustic Reflex Right Ear 2kHz 19'],"['Both males and females 20 YEARS - 69 YEARS', 'Both males and females 12 YEARS - 19 YEARS']",[nan],,
1499,AUXRR219,-24 To 67,Range Of Values,['Acoustic Reflex Right Ear 2kHz 19'],"['Both males and females 20 YEARS - 69 YEARS', 'Both males and females 12 YEARS - 19 YEARS']",[nan],,
1500,AUXRR219,-19 To 53,Range Of Values,['Acoustic Reflex Right Ear 2kHz 19'],"['Both males and females 20 YEARS - 69 YEARS', 'Both males and females 12 YEARS - 19 YEARS']",[nan],,
1501,AUXRR219,-98 To 69,Range Of Values,['Acoustic Reflex Right Ear 2kHz 19'],"['Both males and females 20 YEARS - 69 YEARS', 'Both males and females 12 YEARS - 19 YEARS']",[nan],,
1502,AUXRR219,-39 To 51,Range Of Values,['Acoustic Reflex Right Ear 2kHz 19'],"['Both males and females 20 YEARS - 69 YEARS', 'Both males and females 12 YEARS - 19 YEARS']",[nan],,
1503,AUXRR219,-28 To 47,Range Of Values,['Acoustic Reflex Right Ear 2kHz 19'],"['Both males and females 20 YEARS - 69 YEARS', 'Both males and females 12 YEARS - 19 YEARS']",[nan],,
1504,AUXRR220,-20 To 46,Range Of Values,['Acoustic Reflex Right Ear 2kHz 20'],"['Both males and females 20 YEARS - 69 YEARS', 'Both males and females 12 YEARS - 19 YEARS']",[nan],,
1505,AUXRR220,.,Missing,['Acoustic Reflex Right Ear 2kHz 20'],"['Both males and females 20 YEARS - 69 YEARS', 'Both males and females 12 YEARS - 19 YEARS']",[nan],,
1506,AUXRR220,-39 To 85,Range Of Values,['Acoustic Reflex Right Ear 2kHz 20'],"['Both males and females 20 YEARS - 69 YEARS', 'Both males and females 12 YEARS - 19 YEARS']",[nan],,
1507,AUXRR220,-25 To 69,Range Of Values,['Acoustic Reflex Right Ear 2kHz 20'],"['Both males and females 20 YEARS - 69 YEARS', 'Both males and females 12 YEARS - 19 YEARS']",[nan],,
1508,AUXRR220,-19 To 59,Range Of Values,['Acoustic Reflex Right Ear 2kHz 20'],"['Both males and females 20 YEARS - 69 YEARS', 'Both males and females 12 YEARS - 19 YEARS']",[nan],,
1509,AUXRR220,-96 To 49,Range Of Values,['Acoustic Reflex Right Ear 2kHz 20'],"['Both males and females 20 YEARS - 69 YEARS', 'Both males and females 12 YEARS - 19 YEARS']",[nan],,
1510,AUXRR220,-41 To 44,Range Of Values,['Acoustic Reflex Right Ear 2kHz 20'],"['Both males and females 20 YEARS - 69 YEARS', 'Both males and females 12 YEARS - 19 YEARS']",[nan],,
1511,AUXRR220,-24 To 57,Range Of Values,['Acoustic Reflex Right Ear 2kHz 20'],"['Both males and females 20 YEARS - 69 YEARS', 'Both males and females 12 YEARS - 19 YEARS']",[nan],,
1512,AUXRR221,-16 To 64,Range Of Values,['Acoustic Reflex Right Ear 2kHz 21'],"['Both males and females 20 YEARS - 69 YEARS', 'Both males and females 12 YEARS - 19 YEARS']",[nan],,
1513,AUXRR221,.,Missing,['Acoustic Reflex Right Ear 2kHz 21'],"['Both males and females 20 YEARS - 69 YEARS', 'Both males and females 12 YEARS - 19 YEARS']",[nan],,
1514,AUXRR221,-39 To 83,Range Of Values,['Acoustic Reflex Right Ear 2kHz 21'],"['Both males and females 20 YEARS - 69 YEARS', 'Both males and females 12 YEARS - 19 YEARS']",[nan],,
1515,AUXRR221,-25 To 68,Range Of Values,['Acoustic Reflex Right Ear 2kHz 21'],"['Both males and females 20 YEARS - 69 YEARS', 'Both males and females 12 YEARS - 19 YEARS']",[nan],,
1516,AUXRR221,-18 To 43,Range Of Values,['Acoustic Reflex Right Ear 2kHz 21'],"['Both males and females 20 YEARS - 69 YEARS', 'Both males and females 12 YEARS - 19 YEARS']",[nan],,
1517,AUXRR221,-93 To 46,Range Of Values,['Acoustic Reflex Right Ear 2kHz 21'],"['Both males and females 20 YEARS - 69 YEARS', 'Both males and females 12 YEARS - 19 YEARS']",[nan],,
1518,AUXRR221,-45 To 48,Range Of Values,['Acoustic Reflex Right Ear 2kHz 21'],"['Both males and females 20 YEARS - 69 YEARS', 'Both males and females 12 YEARS - 19 YEARS']",[nan],,
1519,AUXRR221,-24 To 72,Range Of Values,['Acoustic Reflex Right Ear 2kHz 21'],"['Both males and females 20 YEARS - 69 YEARS', 'Both males and females 12 YEARS - 19 YEARS']",[nan],,
1520,AUXRR222,-20 To 79,Range Of Values,['Acoustic Reflex Right Ear 2kHz 22'],"['Both males and females 20 YEARS - 69 YEARS', 'Both males and females 12 YEARS - 19 YEARS']",[nan],,
1521,AUXRR222,.,Missing,['Acoustic Reflex Right Ear 2kHz 22'],"['Both males and females 20 YEARS - 69 YEARS', 'Both males and females 12 YEARS - 19 YEARS']",[nan],,
1522,AUXRR222,-39 To 87,Range Of Values,['Acoustic Reflex Right Ear 2kHz 22'],"['Both males and females 20 YEARS - 69 YEARS', 'Both males and females 12 YEARS - 19 YEARS']",[nan],,
1523,AUXRR222,-27 To 68,Range Of Values,['Acoustic Reflex Right Ear 2kHz 22'],"['Both males and females 20 YEARS - 69 YEARS', 'Both males and females 12 YEARS - 19 YEARS']",[nan],,
1524,AUXRR222,-18 To 45,Range Of Values,['Acoustic Reflex Right Ear 2kHz 22'],"['Both males and females 20 YEARS - 69 YEARS', 'Both males and females 12 YEARS - 19 YEARS']",[nan],,
1525,AUXRR222,-90 To 45,Range Of Values,['Acoustic Reflex Right Ear 2kHz 22'],"['Both males and females 20 YEARS - 69 YEARS', 'Both males and females 12 YEARS - 19 YEARS']",[nan],,
1526,AUXRR222,-46 To 82,Range Of Values,['Acoustic Reflex Right Ear 2kHz 22'],"['Both males and females 20 YEARS - 69 YEARS', 'Both males and females 12 YEARS - 19 YEARS']",[nan],,
1527,AUXRR222,-24 To 73,Range Of Values,['Acoustic Reflex Right Ear 2kHz 22'],"['Both males and females 20 YEARS - 69 YEARS', 'Both males and females 12 YEARS - 19 YEARS']",[nan],,
1528,AUXRR223,-28 To 64,Range Of Values,['Acoustic Reflex Right Ear 2kHz 23'],"['Both males and females 20 YEARS - 69 YEARS', 'Both males and females 12 YEARS - 19 YEARS']",[nan],,
1529,AUXRR223,.,Missing,['Acoustic Reflex Right Ear 2kHz 23'],"['Both males and females 20 YEARS - 69 YEARS', 'Both males and females 12 YEARS - 19 YEARS']",[nan],,
1530,AUXRR223,-39 To 90,Range Of Values,['Acoustic Reflex Right Ear 2kHz 23'],"['Both males and females 20 YEARS - 69 YEARS', 'Both males and females 12 YEARS - 19 YEARS']",[nan],,
1531,AUXRR223,-26 To 69,Range Of Values,['Acoustic Reflex Right Ear 2kHz 23'],"['Both males and females 20 YEARS - 69 YEARS', 'Both males and females 12 YEARS - 19 YEARS']",[nan],,
1532,AUXRR223,-18 To 44,Range Of Values,['Acoustic Reflex Right Ear 2kHz 23'],"['Both males and females 20 YEARS - 69 YEARS', 'Both males and females 12 YEARS - 19 YEARS']",[nan],,
1533,AUXRR223,-87 To 45,Range Of Values,['Acoustic Reflex Right Ear 2kHz 23'],"['Both males and females 20 YEARS - 69 YEARS', 'Both males and females 12 YEARS - 19 YEARS']",[nan],,
1534,AUXRR223,-45 To 89,Range Of Values,['Acoustic Reflex Right Ear 2kHz 23'],"['Both males and females 20 YEARS - 69 YEARS', 'Both males and females 12 YEARS - 19 YEARS']",[nan],,
1535,AUXRR223,-23 To 55,Range Of Values,['Acoustic Reflex Right Ear 2kHz 23'],"['Both males and females 20 YEARS - 69 YEARS', 'Both males and females 12 YEARS - 19 YEARS']",[nan],,
1536,AUXRR224,-29 To 78,Range Of Values,['Acoustic Reflex Right Ear 2kHz 24'],"['Both males and females 20 YEARS - 69 YEARS', 'Both males and females 12 YEARS - 19 YEARS']",[nan],,
1537,AUXRR224,.,Missing,['Acoustic Reflex Right Ear 2kHz 24'],"['Both males and females 20 YEARS - 69 YEARS', 'Both males and females 12 YEARS - 19 YEARS']",[nan],,
1538,AUXRR224,-39 To 84,Range Of Values,['Acoustic Reflex Right Ear 2kHz 24'],"['Both males and females 20 YEARS - 69 YEARS', 'Both males and females 12 YEARS - 19 YEARS']",[nan],,
1539,AUXRR224,-25 To 71,Range Of Values,['Acoustic Reflex Right Ear 2kHz 24'],"['Both males and females 20 YEARS - 69 YEARS', 'Both males and females 12 YEARS - 19 YEARS']",[nan],,
1540,AUXRR224,-18 To 43,Range Of Values,['Acoustic Reflex Right Ear 2kHz 24'],"['Both males and females 20 YEARS - 69 YEARS', 'Both males and females 12 YEARS - 19 YEARS']",[nan],,
1541,AUXRR224,-85 To 45,Range Of Values,['Acoustic Reflex Right Ear 2kHz 24'],"['Both males and females 20 YEARS - 69 YEARS', 'Both males and females 12 YEARS - 19 YEARS']",[nan],,
1542,AUXRR224,-40 To 52,Range Of Values,['Acoustic Reflex Right Ear 2kHz 24'],"['Both males and females 20 YEARS - 69 YEARS', 'Both males and females 12 YEARS - 19 YEARS']",[nan],,
1543,AUXRR224,-24 To 88,Range Of Values,['Acoustic Reflex Right Ear 2kHz 24'],"['Both males and females 20 YEARS - 69 YEARS', 'Both males and females 12 YEARS - 19 YEARS']",[nan],,
1544,AUXRR225,-12 To 53,Range Of Values,['Acoustic Reflex Right Ear 2kHz 25'],"['Both males and females 20 YEARS - 69 YEARS', 'Both males and females 12 YEARS - 19 YEARS']",[nan],,
1545,AUXRR225,.,Missing,['Acoustic Reflex Right Ear 2kHz 25'],"['Both males and females 20 YEARS - 69 YEARS', 'Both males and females 12 YEARS - 19 YEARS']",[nan],,
1546,AUXRR225,-40 To 73,Range Of Values,['Acoustic Reflex Right Ear 2kHz 25'],"['Both males and females 20 YEARS - 69 YEARS', 'Both males and females 12 YEARS - 19 YEARS']",[nan],,
1547,AUXRR225,-24 To 70,Range Of Values,['Acoustic Reflex Right Ear 2kHz 25'],"['Both males and females 20 YEARS - 69 YEARS', 'Both males and females 12 YEARS - 19 YEARS']",[nan],,
1548,AUXRR225,-17 To 40,Range Of Values,['Acoustic Reflex Right Ear 2kHz 25'],"['Both males and females 20 YEARS - 69 YEARS', 'Both males and females 12 YEARS - 19 YEARS']",[nan],,
1549,AUXRR225,-83 To 45,Range Of Values,['Acoustic Reflex Right Ear 2kHz 25'],"['Both males and females 20 YEARS - 69 YEARS', 'Both males and females 12 YEARS - 19 YEARS']",[nan],,
1550,AUXRR225,-31 To 43,Range Of Values,['Acoustic Reflex Right Ear 2kHz 25'],"['Both males and females 20 YEARS - 69 YEARS', 'Both males and females 12 YEARS - 19 YEARS']",[nan],,
1551,AUXRR225,-25 To 47,Range Of Values,['Acoustic Reflex Right Ear 2kHz 25'],"['Both males and females 20 YEARS - 69 YEARS', 'Both males and females 12 YEARS - 19 YEARS']",[nan],,
1552,AUXRR226,-12 To 63,Range Of Values,['Acoustic Reflex Right Ear 2kHz 26'],"['Both males and females 20 YEARS - 69 YEARS', 'Both males and females 12 YEARS - 19 YEARS']",[nan],,
1553,AUXRR226,.,Missing,['Acoustic Reflex Right Ear 2kHz 26'],"['Both males and females 20 YEARS - 69 YEARS', 'Both males and females 12 YEARS - 19 YEARS']",[nan],,
1554,AUXRR226,-40 To 67,Range Of Values,['Acoustic Reflex Right Ear 2kHz 26'],"['Both males and females 20 YEARS - 69 YEARS', 'Both males and females 12 YEARS - 19 YEARS']",[nan],,
1555,AUXRR226,-24 To 68,Range Of Values,['Acoustic Reflex Right Ear 2kHz 26'],"['Both males and females 20 YEARS - 69 YEARS', 'Both males and females 12 YEARS - 19 YEARS']",[nan],,
1556,AUXRR226,-17 To 41,Range Of Values,['Acoustic Reflex Right Ear 2kHz 26'],"['Both males and females 20 YEARS - 69 YEARS', 'Both males and females 12 YEARS - 19 YEARS']",[nan],,
1557,AUXRR226,-80 To 61,Range Of Values,['Acoustic Reflex Right Ear 2kHz 26'],"['Both males and females 20 YEARS - 69 YEARS', 'Both males and females 12 YEARS - 19 YEARS']",[nan],,
1558,AUXRR226,-31 To 65,Range Of Values,['Acoustic Reflex Right Ear 2kHz 26'],"['Both males and females 20 YEARS - 69 YEARS', 'Both males and females 12 YEARS - 19 YEARS']",[nan],,
1559,AUXRR226,-53 To 55,Range Of Values,['Acoustic Reflex Right Ear 2kHz 26'],"['Both males and females 20 YEARS - 69 YEARS', 'Both males and females 12 YEARS - 19 YEARS']",[nan],,
1560,AUXRR227,-19 To 67,Range Of Values,['Acoustic Reflex Right Ear 2kHz 27'],"['Both males and females 20 YEARS - 69 YEARS', 'Both males and females 12 YEARS - 19 YEARS']",[nan],,
1561,AUXRR227,.,Missing,['Acoustic Reflex Right Ear 2kHz 27'],"['Both males and females 20 YEARS - 69 YEARS', 'Both males and females 12 YEARS - 19 YEARS']",[nan],,
1562,AUXRR227,-41 To 74,Range Of Values,['Acoustic Reflex Right Ear 2kHz 27'],"['Both males and females 20 YEARS - 69 YEARS', 'Both males and females 12 YEARS - 19 YEARS']",[nan],,
1563,AUXRR227,-24 To 68,Range Of Values,['Acoustic Reflex Right Ear 2kHz 27'],"['Both males and females 20 YEARS - 69 YEARS', 'Both males and females 12 YEARS - 19 YEARS']",[nan],,
1564,AUXRR227,-17 To 44,Range Of Values,['Acoustic Reflex Right Ear 2kHz 27'],"['Both males and females 20 YEARS - 69 YEARS', 'Both males and females 12 YEARS - 19 YEARS']",[nan],,
1565,AUXRR227,-76 To 76,Range Of Values,['Acoustic Reflex Right Ear 2kHz 27'],"['Both males and females 20 YEARS - 69 YEARS', 'Both males and females 12 YEARS - 19 YEARS']",[nan],,
1566,AUXRR227,-32 To 66,Range Of Values,['Acoustic Reflex Right Ear 2kHz 27'],"['Both males and females 20 YEARS - 69 YEARS', 'Both males and females 12 YEARS - 19 YEARS']",[nan],,
1567,AUXRR227,-82 To 48,Range Of Values,['Acoustic Reflex Right Ear 2kHz 27'],"['Both males and females 20 YEARS - 69 YEARS', 'Both males and females 12 YEARS - 19 YEARS']",[nan],,
1568,AUXRR228,-20 To 66,Range Of Values,['Acoustic Reflex Right Ear 2kHz 28'],"['Both males and females 20 YEARS - 69 YEARS', 'Both males and females 12 YEARS - 19 YEARS']",[nan],,
1569,AUXRR228,.,Missing,['Acoustic Reflex Right Ear 2kHz 28'],"['Both males and females 20 YEARS - 69 YEARS', 'Both males and females 12 YEARS - 19 YEARS']",[nan],,
1570,AUXRR228,-40 To 86,Range Of Values,['Acoustic Reflex Right Ear 2kHz 28'],"['Both males and females 20 YEARS - 69 YEARS', 'Both males and females 12 YEARS - 19 YEARS']",[nan],,
1571,AUXRR228,-24 To 65,Range Of Values,['Acoustic Reflex Right Ear 2kHz 28'],"['Both males and females 20 YEARS - 69 YEARS', 'Both males and females 12 YEARS - 19 YEARS']",[nan],,
1572,AUXRR228,-15 To 45,Range Of Values,['Acoustic Reflex Right Ear 2kHz 28'],"['Both males and females 20 YEARS - 69 YEARS', 'Both males and females 12 YEARS - 19 YEARS']",[nan],,
1573,AUXRR228,-70 To 56,Range Of Values,['Acoustic Reflex Right Ear 2kHz 28'],"['Both males and females 20 YEARS - 69 YEARS', 'Both males and females 12 YEARS - 19 YEARS']",[nan],,
1574,AUXRR228,-30 To 58,Range Of Values,['Acoustic Reflex Right Ear 2kHz 28'],"['Both males and females 20 YEARS - 69 YEARS', 'Both males and females 12 YEARS - 19 YEARS']",[nan],,
1575,AUXRR228,-46 To 54,Range Of Values,['Acoustic Reflex Right Ear 2kHz 28'],"['Both males and females 20 YEARS - 69 YEARS', 'Both males and females 12 YEARS - 19 YEARS']",[nan],,
1576,AUXRR229,-16 To 62,Range Of Values,['Acoustic Reflex Right Ear 2kHz 29'],"['Both males and females 20 YEARS - 69 YEARS', 'Both males and females 12 YEARS - 19 YEARS']",[nan],,
1577,AUXRR229,.,Missing,['Acoustic Reflex Right Ear 2kHz 29'],"['Both males and females 20 YEARS - 69 YEARS', 'Both males and females 12 YEARS - 19 YEARS']",[nan],,
1578,AUXRR229,-35 To 92,Range Of Values,['Acoustic Reflex Right Ear 2kHz 29'],"['Both males and females 20 YEARS - 69 YEARS', 'Both males and females 12 YEARS - 19 YEARS']",[nan],,
1579,AUXRR229,-23 To 73,Range Of Values,['Acoustic Reflex Right Ear 2kHz 29'],"['Both males and females 20 YEARS - 69 YEARS', 'Both males and females 12 YEARS - 19 YEARS']",[nan],,
1580,AUXRR229,-12 To 48,Range Of Values,['Acoustic Reflex Right Ear 2kHz 29'],"['Both males and females 20 YEARS - 69 YEARS', 'Both males and females 12 YEARS - 19 YEARS']",[nan],,
1581,AUXRR229,-64 To 50,Range Of Values,['Acoustic Reflex Right Ear 2kHz 29'],"['Both males and females 20 YEARS - 69 YEARS', 'Both males and females 12 YEARS - 19 YEARS']",[nan],,
1582,AUXRR229,-26 To 53,Range Of Values,['Acoustic Reflex Right Ear 2kHz 29'],"['Both males and females 20 YEARS - 69 YEARS', 'Both males and females 12 YEARS - 19 YEARS']",[nan],,
1583,AUXRR229,-29 To 57,Range Of Values,['Acoustic Reflex Right Ear 2kHz 29'],"['Both males and females 20 YEARS - 69 YEARS', 'Both males and females 12 YEARS - 19 YEARS']",[nan],,
1584,AUXRR230,-13 To 45,Range Of Values,['Acoustic Reflex Right Ear 2kHz 30'],"['Both males and females 20 YEARS - 69 YEARS', 'Both males and females 12 YEARS - 19 YEARS']",[nan],,
1585,AUXRR230,.,Missing,['Acoustic Reflex Right Ear 2kHz 30'],"['Both males and females 20 YEARS - 69 YEARS', 'Both males and females 12 YEARS - 19 YEARS']",[nan],,
1586,AUXRR230,-31 To 89,Range Of Values,['Acoustic Reflex Right Ear 2kHz 30'],"['Both males and females 20 YEARS - 69 YEARS', 'Both males and females 12 YEARS - 19 YEARS']",[nan],,
1587,AUXRR230,-24 To 63,Range Of Values,['Acoustic Reflex Right Ear 2kHz 30'],"['Both males and females 20 YEARS - 69 YEARS', 'Both males and females 12 YEARS - 19 YEARS']",[nan],,
1588,AUXRR230,-10 To 62,Range Of Values,['Acoustic Reflex Right Ear 2kHz 30'],"['Both males and females 20 YEARS - 69 YEARS', 'Both males and females 12 YEARS - 19 YEARS']",[nan],,
1589,AUXRR230,-60 To 47,Range Of Values,['Acoustic Reflex Right Ear 2kHz 30'],"['Both males and females 20 YEARS - 69 YEARS', 'Both males and females 12 YEARS - 19 YEARS']",[nan],,
1590,AUXRR230,-24 To 94,Range Of Values,['Acoustic Reflex Right Ear 2kHz 30'],"['Both males and females 20 YEARS - 69 YEARS', 'Both males and females 12 YEARS - 19 YEARS']",[nan],,
1591,AUXRR230,-45 To 55,Range Of Values,['Acoustic Reflex Right Ear 2kHz 30'],"['Both males and females 20 YEARS - 69 YEARS', 'Both males and females 12 YEARS - 19 YEARS']",[nan],,
1592,AUXRR231,-23 To 47,Range Of Values,['Acoustic Reflex Right Ear 2kHz 31'],"['Both males and females 20 YEARS - 69 YEARS', 'Both males and females 12 YEARS - 19 YEARS']",[nan],,
1593,AUXRR231,.,Missing,['Acoustic Reflex Right Ear 2kHz 31'],"['Both males and females 20 YEARS - 69 YEARS', 'Both males and females 12 YEARS - 19 YEARS']",[nan],,
1594,AUXRR231,-31 To 87,Range Of Values,['Acoustic Reflex Right Ear 2kHz 31'],"['Both males and females 20 YEARS - 69 YEARS', 'Both males and females 12 YEARS - 19 YEARS']",[nan],,
1595,AUXRR231,-26 To 66,Range Of Values,['Acoustic Reflex Right Ear 2kHz 31'],"['Both males and females 20 YEARS - 69 YEARS', 'Both males and females 12 YEARS - 19 YEARS']",[nan],,
1596,AUXRR231,-10 To 42,Range Of Values,['Acoustic Reflex Right Ear 2kHz 31'],"['Both males and females 20 YEARS - 69 YEARS', 'Both males and females 12 YEARS - 19 YEARS']",[nan],,
1597,AUXRR231,-59 To 60,Range Of Values,['Acoustic Reflex Right Ear 2kHz 31'],"['Both males and females 20 YEARS - 69 YEARS', 'Both males and females 12 YEARS - 19 YEARS']",[nan],,
1598,AUXRR231,-24 To 107,Range Of Values,['Acoustic Reflex Right Ear 2kHz 31'],"['Both males and females 20 YEARS - 69 YEARS', 'Both males and females 12 YEARS - 19 YEARS']",[nan],,
1599,AUXRR231,-33 To 64,Range Of Values,['Acoustic Reflex Right Ear 2kHz 31'],"['Both males and females 20 YEARS - 69 YEARS', 'Both males and females 12 YEARS - 19 YEARS']",[nan],,
1600,AUXRR232,-18 To 48,Range Of Values,['Acoustic Reflex Right Ear 2kHz 32'],"['Both males and females 20 YEARS - 69 YEARS', 'Both males and females 12 YEARS - 19 YEARS']",[nan],,
1601,AUXRR232,.,Missing,['Acoustic Reflex Right Ear 2kHz 32'],"['Both males and females 20 YEARS - 69 YEARS', 'Both males and females 12 YEARS - 19 YEARS']",[nan],,
1602,AUXRR232,-32 To 92,Range Of Values,['Acoustic Reflex Right Ear 2kHz 32'],"['Both males and females 20 YEARS - 69 YEARS', 'Both males and females 12 YEARS - 19 YEARS']",[nan],,
1603,AUXRR232,-25 To 60,Range Of Values,['Acoustic Reflex Right Ear 2kHz 32'],"['Both males and females 20 YEARS - 69 YEARS', 'Both males and females 12 YEARS - 19 YEARS']",[nan],,
1604,AUXRR232,-16 To 42,Range Of Values,['Acoustic Reflex Right Ear 2kHz 32'],"['Both males and females 20 YEARS - 69 YEARS', 'Both males and females 12 YEARS - 19 YEARS']",[nan],,
1605,AUXRR232,-57 To 70,Range Of Values,['Acoustic Reflex Right Ear 2kHz 32'],"['Both males and females 20 YEARS - 69 YEARS', 'Both males and females 12 YEARS - 19 YEARS']",[nan],,
1606,AUXRR232,-28 To 101,Range Of Values,['Acoustic Reflex Right Ear 2kHz 32'],"['Both males and females 20 YEARS - 69 YEARS', 'Both males and females 12 YEARS - 19 YEARS']",[nan],,
1607,AUXRR232,-21 To 64,Range Of Values,['Acoustic Reflex Right Ear 2kHz 32'],"['Both males and females 20 YEARS - 69 YEARS', 'Both males and females 12 YEARS - 19 YEARS']",[nan],,
1608,AUXRR233,-17 To 46,Range Of Values,['Acoustic Reflex Right Ear 2kHz 33'],"['Both males and females 20 YEARS - 69 YEARS', 'Both males and females 12 YEARS - 19 YEARS']",[nan],,
1609,AUXRR233,.,Missing,['Acoustic Reflex Right Ear 2kHz 33'],"['Both males and females 20 YEARS - 69 YEARS', 'Both males and females 12 YEARS - 19 YEARS']",[nan],,
1610,AUXRR233,-32 To 99,Range Of Values,['Acoustic Reflex Right Ear 2kHz 33'],"['Both males and females 20 YEARS - 69 YEARS', 'Both males and females 12 YEARS - 19 YEARS']",[nan],,
1611,AUXRR233,-24 To 56,Range Of Values,['Acoustic Reflex Right Ear 2kHz 33'],"['Both males and females 20 YEARS - 69 YEARS', 'Both males and females 12 YEARS - 19 YEARS']",[nan],,
1612,AUXRR233,-10 To 57,Range Of Values,['Acoustic Reflex Right Ear 2kHz 33'],"['Both males and females 20 YEARS - 69 YEARS', 'Both males and females 12 YEARS - 19 YEARS']",[nan],,
1613,AUXRR233,-55 To 60,Range Of Values,['Acoustic Reflex Right Ear 2kHz 33'],"['Both males and females 20 YEARS - 69 YEARS', 'Both males and females 12 YEARS - 19 YEARS']",[nan],,
1614,AUXRR233,-26 To 103,Range Of Values,['Acoustic Reflex Right Ear 2kHz 33'],"['Both males and females 20 YEARS - 69 YEARS', 'Both males and females 12 YEARS - 19 YEARS']",[nan],,
1615,AUXRR233,-22 To 61,Range Of Values,['Acoustic Reflex Right Ear 2kHz 33'],"['Both males and females 20 YEARS - 69 YEARS', 'Both males and females 12 YEARS - 19 YEARS']",[nan],,
1616,AUXRR234,-14 To 51,Range Of Values,['Acoustic Reflex Right Ear 2kHz 34'],"['Both males and females 20 YEARS - 69 YEARS', 'Both males and females 12 YEARS - 19 YEARS']",[nan],,
1617,AUXRR234,.,Missing,['Acoustic Reflex Right Ear 2kHz 34'],"['Both males and females 20 YEARS - 69 YEARS', 'Both males and females 12 YEARS - 19 YEARS']",[nan],,
1618,AUXRR234,-32 To 102,Range Of Values,['Acoustic Reflex Right Ear 2kHz 34'],"['Both males and females 20 YEARS - 69 YEARS', 'Both males and females 12 YEARS - 19 YEARS']",[nan],,
1619,AUXRR234,-23 To 53,Range Of Values,['Acoustic Reflex Right Ear 2kHz 34'],"['Both males and females 20 YEARS - 69 YEARS', 'Both males and females 12 YEARS - 19 YEARS']",[nan],,
1620,AUXRR234,-9 To 60,Range Of Values,['Acoustic Reflex Right Ear 2kHz 34'],"['Both males and females 20 YEARS - 69 YEARS', 'Both males and females 12 YEARS - 19 YEARS']",[nan],,
1621,AUXRR234,-52 To 60,Range Of Values,['Acoustic Reflex Right Ear 2kHz 34'],"['Both males and females 20 YEARS - 69 YEARS', 'Both males and females 12 YEARS - 19 YEARS']",[nan],,
1622,AUXRR234,-29 To 107,Range Of Values,['Acoustic Reflex Right Ear 2kHz 34'],"['Both males and females 20 YEARS - 69 YEARS', 'Both males and females 12 YEARS - 19 YEARS']",[nan],,
1623,AUXRR234,-27 To 68,Range Of Values,['Acoustic Reflex Right Ear 2kHz 34'],"['Both males and females 20 YEARS - 69 YEARS', 'Both males and females 12 YEARS - 19 YEARS']",[nan],,
1624,AUXRR235,-10 To 48,Range Of Values,['Acoustic Reflex Right Ear 2kHz 35'],"['Both males and females 20 YEARS - 69 YEARS', 'Both males and females 12 YEARS - 19 YEARS']",[nan],,
1625,AUXRR235,.,Missing,['Acoustic Reflex Right Ear 2kHz 35'],"['Both males and females 20 YEARS - 69 YEARS', 'Both males and females 12 YEARS - 19 YEARS']",[nan],,
1626,AUXRR235,-32 To 100,Range Of Values,['Acoustic Reflex Right Ear 2kHz 35'],"['Both males and females 20 YEARS - 69 YEARS', 'Both males and females 12 YEARS - 19 YEARS']",[nan],,
1627,AUXRR235,-23 To 49,Range Of Values,['Acoustic Reflex Right Ear 2kHz 35'],"['Both males and females 20 YEARS - 69 YEARS', 'Both males and females 12 YEARS - 19 YEARS']",[nan],,
1628,AUXRR235,-7 To 36,Range Of Values,['Acoustic Reflex Right Ear 2kHz 35'],"['Both males and females 20 YEARS - 69 YEARS', 'Both males and females 12 YEARS - 19 YEARS']",[nan],,
1629,AUXRR235,-49 To 74,Range Of Values,['Acoustic Reflex Right Ear 2kHz 35'],"['Both males and females 20 YEARS - 69 YEARS', 'Both males and females 12 YEARS - 19 YEARS']",[nan],,
1630,AUXRR235,-41 To 95,Range Of Values,['Acoustic Reflex Right Ear 2kHz 35'],"['Both males and females 20 YEARS - 69 YEARS', 'Both males and females 12 YEARS - 19 YEARS']",[nan],,
1631,AUXRR235,-30 To 67,Range Of Values,['Acoustic Reflex Right Ear 2kHz 35'],"['Both males and females 20 YEARS - 69 YEARS', 'Both males and females 12 YEARS - 19 YEARS']",[nan],,
1632,AUXRR236,-16 To 42,Range Of Values,['Acoustic Reflex Right Ear 2kHz 36'],"['Both males and females 20 YEARS - 69 YEARS', 'Both males and females 12 YEARS - 19 YEARS']",[nan],,
1633,AUXRR236,.,Missing,['Acoustic Reflex Right Ear 2kHz 36'],"['Both males and females 20 YEARS - 69 YEARS', 'Both males and females 12 YEARS - 19 YEARS']",[nan],,
1634,AUXRR236,-32 To 98,Range Of Values,['Acoustic Reflex Right Ear 2kHz 36'],"['Both males and females 20 YEARS - 69 YEARS', 'Both males and females 12 YEARS - 19 YEARS']",[nan],,
1635,AUXRR236,-22 To 54,Range Of Values,['Acoustic Reflex Right Ear 2kHz 36'],"['Both males and females 20 YEARS - 69 YEARS', 'Both males and females 12 YEARS - 19 YEARS']",[nan],,
1636,AUXRR236,-6 To 52,Range Of Values,['Acoustic Reflex Right Ear 2kHz 36'],"['Both males and females 20 YEARS - 69 YEARS', 'Both males and females 12 YEARS - 19 YEARS']",[nan],,
1637,AUXRR236,-45 To 58,Range Of Values,['Acoustic Reflex Right Ear 2kHz 36'],"['Both males and females 20 YEARS - 69 YEARS', 'Both males and females 12 YEARS - 19 YEARS']",[nan],,
1638,AUXRR236,-43 To 85,Range Of Values,['Acoustic Reflex Right Ear 2kHz 36'],"['Both males and females 20 YEARS - 69 YEARS', 'Both males and females 12 YEARS - 19 YEARS']",[nan],,
1639,AUXRR236,-29 To 74,Range Of Values,['Acoustic Reflex Right Ear 2kHz 36'],"['Both males and females 20 YEARS - 69 YEARS', 'Both males and females 12 YEARS - 19 YEARS']",[nan],,
1640,AUXRR237,-18 To 47,Range Of Values,['Acoustic Reflex Right Ear 2kHz 37'],"['Both males and females 20 YEARS - 69 YEARS', 'Both males and females 12 YEARS - 19 YEARS']",[nan],,
1641,AUXRR237,.,Missing,['Acoustic Reflex Right Ear 2kHz 37'],"['Both males and females 20 YEARS - 69 YEARS', 'Both males and females 12 YEARS - 19 YEARS']",[nan],,
1642,AUXRR237,-32 To 101,Range Of Values,['Acoustic Reflex Right Ear 2kHz 37'],"['Both males and females 20 YEARS - 69 YEARS', 'Both males and females 12 YEARS - 19 YEARS']",[nan],,
1643,AUXRR237,-22 To 93,Range Of Values,['Acoustic Reflex Right Ear 2kHz 37'],"['Both males and females 20 YEARS - 69 YEARS', 'Both males and females 12 YEARS - 19 YEARS']",[nan],,
1644,AUXRR237,-7 To 58,Range Of Values,['Acoustic Reflex Right Ear 2kHz 37'],"['Both males and females 20 YEARS - 69 YEARS', 'Both males and females 12 YEARS - 19 YEARS']",[nan],,
1645,AUXRR237,-41 To 43,Range Of Values,['Acoustic Reflex Right Ear 2kHz 37'],"['Both males and females 20 YEARS - 69 YEARS', 'Both males and females 12 YEARS - 19 YEARS']",[nan],,
1646,AUXRR237,-43 To 80,Range Of Values,['Acoustic Reflex Right Ear 2kHz 37'],"['Both males and females 20 YEARS - 69 YEARS', 'Both males and females 12 YEARS - 19 YEARS']",[nan],,
1647,AUXRR237,-43 To 78,Range Of Values,['Acoustic Reflex Right Ear 2kHz 37'],"['Both males and females 20 YEARS - 69 YEARS', 'Both males and females 12 YEARS - 19 YEARS']",[nan],,
1648,AUXRR238,-13 To 36,Range Of Values,['Acoustic Reflex Right Ear 2kHz 38'],"['Both males and females 20 YEARS - 69 YEARS', 'Both males and females 12 YEARS - 19 YEARS']",[nan],,
1649,AUXRR238,.,Missing,['Acoustic Reflex Right Ear 2kHz 38'],"['Both males and females 20 YEARS - 69 YEARS', 'Both males and females 12 YEARS - 19 YEARS']",[nan],,
1650,AUXRR238,-32 To 103,Range Of Values,['Acoustic Reflex Right Ear 2kHz 38'],"['Both males and females 20 YEARS - 69 YEARS', 'Both males and females 12 YEARS - 19 YEARS']",[nan],,
1651,AUXRR238,-21 To 82,Range Of Values,['Acoustic Reflex Right Ear 2kHz 38'],"['Both males and females 20 YEARS - 69 YEARS', 'Both males and females 12 YEARS - 19 YEARS']",[nan],,
1652,AUXRR238,-8 To 32,Range Of Values,['Acoustic Reflex Right Ear 2kHz 38'],"['Both males and females 20 YEARS - 69 YEARS', 'Both males and females 12 YEARS - 19 YEARS']",[nan],,
1653,AUXRR238,-38 To 54,Range Of Values,['Acoustic Reflex Right Ear 2kHz 38'],"['Both males and females 20 YEARS - 69 YEARS', 'Both males and females 12 YEARS - 19 YEARS']",[nan],,
1654,AUXRR238,-41 To 80,Range Of Values,['Acoustic Reflex Right Ear 2kHz 38'],"['Both males and females 20 YEARS - 69 YEARS', 'Both males and females 12 YEARS - 19 YEARS']",[nan],,
1655,AUXRR238,-61 To 78,Range Of Values,['Acoustic Reflex Right Ear 2kHz 38'],"['Both males and females 20 YEARS - 69 YEARS', 'Both males and females 12 YEARS - 19 YEARS']",[nan],,
1656,AUXRR239,-14 To 37,Range Of Values,['Acoustic Reflex Right Ear 2kHz 39'],"['Both males and females 20 YEARS - 69 YEARS', 'Both males and females 12 YEARS - 19 YEARS']",[nan],,
1657,AUXRR239,.,Missing,['Acoustic Reflex Right Ear 2kHz 39'],"['Both males and females 20 YEARS - 69 YEARS', 'Both males and females 12 YEARS - 19 YEARS']",[nan],,
1658,AUXRR239,-32 To 100,Range Of Values,['Acoustic Reflex Right Ear 2kHz 39'],"['Both males and females 20 YEARS - 69 YEARS', 'Both males and females 12 YEARS - 19 YEARS']",[nan],,
1659,AUXRR239,-25 To 43,Range Of Values,['Acoustic Reflex Right Ear 2kHz 39'],"['Both males and females 20 YEARS - 69 YEARS', 'Both males and females 12 YEARS - 19 YEARS']",[nan],,
1660,AUXRR239,-10 To 33,Range Of Values,['Acoustic Reflex Right Ear 2kHz 39'],"['Both males and females 20 YEARS - 69 YEARS', 'Both males and females 12 YEARS - 19 YEARS']",[nan],,
1661,AUXRR239,-34 To 48,Range Of Values,['Acoustic Reflex Right Ear 2kHz 39'],"['Both males and females 20 YEARS - 69 YEARS', 'Both males and females 12 YEARS - 19 YEARS']",[nan],,
1662,AUXRR239,-35 To 90,Range Of Values,['Acoustic Reflex Right Ear 2kHz 39'],"['Both males and females 20 YEARS - 69 YEARS', 'Both males and females 12 YEARS - 19 YEARS']",[nan],,
1663,AUXRR239,-74 To 76,Range Of Values,['Acoustic Reflex Right Ear 2kHz 39'],"['Both males and females 20 YEARS - 69 YEARS', 'Both males and females 12 YEARS - 19 YEARS']",[nan],,
1664,AUXRR240,-17 To 51,Range Of Values,['Acoustic Reflex Right Ear 2kHz 40'],"['Both males and females 20 YEARS - 69 YEARS', 'Both males and females 12 YEARS - 19 YEARS']",[nan],,
1665,AUXRR240,.,Missing,['Acoustic Reflex Right Ear 2kHz 40'],"['Both males and females 20 YEARS - 69 YEARS', 'Both males and females 12 YEARS - 19 YEARS']",[nan],,
1666,AUXRR240,-32 To 96,Range Of Values,['Acoustic Reflex Right Ear 2kHz 40'],"['Both males and females 20 YEARS - 69 YEARS', 'Both males and females 12 YEARS - 19 YEARS']",[nan],,
1667,AUXRR240,-23 To 57,Range Of Values,['Acoustic Reflex Right Ear 2kHz 40'],"['Both males and females 20 YEARS - 69 YEARS', 'Both males and females 12 YEARS - 19 YEARS']",[nan],,
1668,AUXRR240,-18 To 36,Range Of Values,['Acoustic Reflex Right Ear 2kHz 40'],"['Both males and females 20 YEARS - 69 YEARS', 'Both males and females 12 YEARS - 19 YEARS']",[nan],,
1669,AUXRR240,-29 To 46,Range Of Values,['Acoustic Reflex Right Ear 2kHz 40'],"['Both males and females 20 YEARS - 69 YEARS', 'Both males and females 12 YEARS - 19 YEARS']",[nan],,
1670,AUXRR240,-39 To 71,Range Of Values,['Acoustic Reflex Right Ear 2kHz 40'],"['Both males and females 20 YEARS - 69 YEARS', 'Both males and females 12 YEARS - 19 YEARS']",[nan],,
1671,AUXRR240,-83 To 79,Range Of Values,['Acoustic Reflex Right Ear 2kHz 40'],"['Both males and females 20 YEARS - 69 YEARS', 'Both males and females 12 YEARS - 19 YEARS']",[nan],,
1672,AUXRR241,-16 To 40,Range Of Values,['Acoustic Reflex Right Ear 2kHz 41'],"['Both males and females 20 YEARS - 69 YEARS', 'Both males and females 12 YEARS - 19 YEARS']",[nan],,
1673,AUXRR241,.,Missing,['Acoustic Reflex Right Ear 2kHz 41'],"['Both males and females 20 YEARS - 69 YEARS', 'Both males and females 12 YEARS - 19 YEARS']",[nan],,
1674,AUXRR241,-32 To 91,Range Of Values,['Acoustic Reflex Right Ear 2kHz 41'],"['Both males and females 20 YEARS - 69 YEARS', 'Both males and females 12 YEARS - 19 YEARS']",[nan],,
1675,AUXRR241,-25 To 76,Range Of Values,['Acoustic Reflex Right Ear 2kHz 41'],"['Both males and females 20 YEARS - 69 YEARS', 'Both males and females 12 YEARS - 19 YEARS']",[nan],,
1676,AUXRR241,-10 To 36,Range Of Values,['Acoustic Reflex Right Ear 2kHz 41'],"['Both males and females 20 YEARS - 69 YEARS', 'Both males and females 12 YEARS - 19 YEARS']",[nan],,
1677,AUXRR241,-21 To 61,Range Of Values,['Acoustic Reflex Right Ear 2kHz 41'],"['Both males and females 20 YEARS - 69 YEARS', 'Both males and females 12 YEARS - 19 YEARS']",[nan],,
1678,AUXRR241,-49 To 47,Range Of Values,['Acoustic Reflex Right Ear 2kHz 41'],"['Both males and females 20 YEARS - 69 YEARS', 'Both males and females 12 YEARS - 19 YEARS']",[nan],,
1679,AUXRR241,-84 To 91,Range Of Values,['Acoustic Reflex Right Ear 2kHz 41'],"['Both males and females 20 YEARS - 69 YEARS', 'Both males and females 12 YEARS - 19 YEARS']",[nan],,
1680,AUXRR242,-21 To 39,Range Of Values,['Acoustic Reflex Right Ear 2kHz 42'],"['Both males and females 20 YEARS - 69 YEARS', 'Both males and females 12 YEARS - 19 YEARS']",[nan],,
1681,AUXRR242,.,Missing,['Acoustic Reflex Right Ear 2kHz 42'],"['Both males and females 20 YEARS - 69 YEARS', 'Both males and females 12 YEARS - 19 YEARS']",[nan],,
1682,AUXRR242,-32 To 90,Range Of Values,['Acoustic Reflex Right Ear 2kHz 42'],"['Both males and females 20 YEARS - 69 YEARS', 'Both males and females 12 YEARS - 19 YEARS']",[nan],,
1683,AUXRR242,-30 To 44,Range Of Values,['Acoustic Reflex Right Ear 2kHz 42'],"['Both males and females 20 YEARS - 69 YEARS', 'Both males and females 12 YEARS - 19 YEARS']",[nan],,
1684,AUXRR242,-9 To 43,Range Of Values,['Acoustic Reflex Right Ear 2kHz 42'],"['Both males and females 20 YEARS - 69 YEARS', 'Both males and females 12 YEARS - 19 YEARS']",[nan],,
1685,AUXRR242,-19 To 47,Range Of Values,['Acoustic Reflex Right Ear 2kHz 42'],"['Both males and females 20 YEARS - 69 YEARS', 'Both males and females 12 YEARS - 19 YEARS']",[nan],,
1686,AUXRR242,-31 To 45,Range Of Values,['Acoustic Reflex Right Ear 2kHz 42'],"['Both males and females 20 YEARS - 69 YEARS', 'Both males and females 12 YEARS - 19 YEARS']",[nan],,
1687,AUXRR242,-73 To 66,Range Of Values,['Acoustic Reflex Right Ear 2kHz 42'],"['Both males and females 20 YEARS - 69 YEARS', 'Both males and females 12 YEARS - 19 YEARS']",[nan],,
1688,AUXRR243,-28 To 40,Range Of Values,['Acoustic Reflex Right Ear 2kHz 43'],"['Both males and females 20 YEARS - 69 YEARS', 'Both males and females 12 YEARS - 19 YEARS']",[nan],,
1689,AUXRR243,.,Missing,['Acoustic Reflex Right Ear 2kHz 43'],"['Both males and females 20 YEARS - 69 YEARS', 'Both males and females 12 YEARS - 19 YEARS']",[nan],,
1690,AUXRR243,-31 To 93,Range Of Values,['Acoustic Reflex Right Ear 2kHz 43'],"['Both males and females 20 YEARS - 69 YEARS', 'Both males and females 12 YEARS - 19 YEARS']",[nan],,
1691,AUXRR243,-29 To 47,Range Of Values,['Acoustic Reflex Right Ear 2kHz 43'],"['Both males and females 20 YEARS - 69 YEARS', 'Both males and females 12 YEARS - 19 YEARS']",[nan],,
1692,AUXRR243,-11 To 33,Range Of Values,['Acoustic Reflex Right Ear 2kHz 43'],"['Both males and females 20 YEARS - 69 YEARS', 'Both males and females 12 YEARS - 19 YEARS']",[nan],,
1693,AUXRR243,-16 To 43,Range Of Values,['Acoustic Reflex Right Ear 2kHz 43'],"['Both males and females 20 YEARS - 69 YEARS', 'Both males and females 12 YEARS - 19 YEARS']",[nan],,
1694,AUXRR243,-14 To 41,Range Of Values,['Acoustic Reflex Right Ear 2kHz 43'],"['Both males and females 20 YEARS - 69 YEARS', 'Both males and females 12 YEARS - 19 YEARS']",[nan],,
1695,AUXRR243,-56 To 59,Range Of Values,['Acoustic Reflex Right Ear 2kHz 43'],"['Both males and females 20 YEARS - 69 YEARS', 'Both males and females 12 YEARS - 19 YEARS']",[nan],,
1696,AUXRR244,-26 To 51,Range Of Values,['Acoustic Reflex Right Ear 2kHz 44'],"['Both males and females 20 YEARS - 69 YEARS', 'Both males and females 12 YEARS - 19 YEARS']",[nan],,
1697,AUXRR244,.,Missing,['Acoustic Reflex Right Ear 2kHz 44'],"['Both males and females 20 YEARS - 69 YEARS', 'Both males and females 12 YEARS - 19 YEARS']",[nan],,
1698,AUXRR244,-32 To 89,Range Of Values,['Acoustic Reflex Right Ear 2kHz 44'],"['Both males and females 20 YEARS - 69 YEARS', 'Both males and females 12 YEARS - 19 YEARS']",[nan],,
1699,AUXRR244,-25 To 41,Range Of Values,['Acoustic Reflex Right Ear 2kHz 44'],"['Both males and females 20 YEARS - 69 YEARS', 'Both males and females 12 YEARS - 19 YEARS']",[nan],,
1700,AUXRR244,-13 To 45,Range Of Values,['Acoustic Reflex Right Ear 2kHz 44'],"['Both males and females 20 YEARS - 69 YEARS', 'Both males and females 12 YEARS - 19 YEARS']",[nan],,
1701,AUXRR244,-14 To 89,Range Of Values,['Acoustic Reflex Right Ear 2kHz 44'],"['Both males and females 20 YEARS - 69 YEARS', 'Both males and females 12 YEARS - 19 YEARS']",[nan],,
1702,AUXRR244,-14 To 47,Range Of Values,['Acoustic Reflex Right Ear 2kHz 44'],"['Both males and females 20 YEARS - 69 YEARS', 'Both males and females 12 YEARS - 19 YEARS']",[nan],,
1703,AUXRR244,-40 To 55,Range Of Values,['Acoustic Reflex Right Ear 2kHz 44'],"['Both males and females 20 YEARS - 69 YEARS', 'Both males and females 12 YEARS - 19 YEARS']",[nan],,
1704,AUXRR245,-23 To 53,Range Of Values,['Acoustic Reflex Right Ear 2kHz 45'],"['Both males and females 20 YEARS - 69 YEARS', 'Both males and females 12 YEARS - 19 YEARS']",[nan],,
1705,AUXRR245,.,Missing,['Acoustic Reflex Right Ear 2kHz 45'],"['Both males and females 20 YEARS - 69 YEARS', 'Both males and females 12 YEARS - 19 YEARS']",[nan],,
1706,AUXRR245,-32 To 83,Range Of Values,['Acoustic Reflex Right Ear 2kHz 45'],"['Both males and females 20 YEARS - 69 YEARS', 'Both males and females 12 YEARS - 19 YEARS']",[nan],,
1707,AUXRR245,-25 To 47,Range Of Values,['Acoustic Reflex Right Ear 2kHz 45'],"['Both males and females 20 YEARS - 69 YEARS', 'Both males and females 12 YEARS - 19 YEARS']",[nan],,
1708,AUXRR245,-11 To 31,Range Of Values,['Acoustic Reflex Right Ear 2kHz 45'],"['Both males and females 20 YEARS - 69 YEARS', 'Both males and females 12 YEARS - 19 YEARS']",[nan],,
1709,AUXRR245,-15 To 80,Range Of Values,['Acoustic Reflex Right Ear 2kHz 45'],"['Both males and females 20 YEARS - 69 YEARS', 'Both males and females 12 YEARS - 19 YEARS']",[nan],,
1710,AUXRR245,-17 To 60,Range Of Values,['Acoustic Reflex Right Ear 2kHz 45'],"['Both males and females 20 YEARS - 69 YEARS', 'Both males and females 12 YEARS - 19 YEARS']",[nan],,
1711,AUXRR245,-24 To 55,Range Of Values,['Acoustic Reflex Right Ear 2kHz 45'],"['Both males and females 20 YEARS - 69 YEARS', 'Both males and females 12 YEARS - 19 YEARS']",[nan],,
1712,AUXRR246,-22 To 44,Range Of Values,['Acoustic Reflex Right Ear 2kHz 46'],"['Both males and females 20 YEARS - 69 YEARS', 'Both males and females 12 YEARS - 19 YEARS']",[nan],,
1713,AUXRR246,.,Missing,['Acoustic Reflex Right Ear 2kHz 46'],"['Both males and females 20 YEARS - 69 YEARS', 'Both males and females 12 YEARS - 19 YEARS']",[nan],,
1714,AUXRR246,-32 To 101,Range Of Values,['Acoustic Reflex Right Ear 2kHz 46'],"['Both males and females 20 YEARS - 69 YEARS', 'Both males and females 12 YEARS - 19 YEARS']",[nan],,
1715,AUXRR246,-28 To 43,Range Of Values,['Acoustic Reflex Right Ear 2kHz 46'],"['Both males and females 20 YEARS - 69 YEARS', 'Both males and females 12 YEARS - 19 YEARS']",[nan],,
1716,AUXRR246,-10 To 30,Range Of Values,['Acoustic Reflex Right Ear 2kHz 46'],"['Both males and females 20 YEARS - 69 YEARS', 'Both males and females 12 YEARS - 19 YEARS']",[nan],,
1717,AUXRR246,-17 To 76,Range Of Values,['Acoustic Reflex Right Ear 2kHz 46'],"['Both males and females 20 YEARS - 69 YEARS', 'Both males and females 12 YEARS - 19 YEARS']",[nan],,
1718,AUXRR246,-18 To 81,Range Of Values,['Acoustic Reflex Right Ear 2kHz 46'],"['Both males and females 20 YEARS - 69 YEARS', 'Both males and females 12 YEARS - 19 YEARS']",[nan],,
1719,AUXRR246,-20 To 51,Range Of Values,['Acoustic Reflex Right Ear 2kHz 46'],"['Both males and females 20 YEARS - 69 YEARS', 'Both males and females 12 YEARS - 19 YEARS']",[nan],,
1720,AUXRR247,-23 To 41,Range Of Values,['Acoustic Reflex Right Ear 2kHz 47'],"['Both males and females 20 YEARS - 69 YEARS', 'Both males and females 12 YEARS - 19 YEARS']",[nan],,
1721,AUXRR247,.,Missing,['Acoustic Reflex Right Ear 2kHz 47'],"['Both males and females 20 YEARS - 69 YEARS', 'Both males and females 12 YEARS - 19 YEARS']",[nan],,
1722,AUXRR247,-32 To 112,Range Of Values,['Acoustic Reflex Right Ear 2kHz 47'],"['Both males and females 20 YEARS - 69 YEARS', 'Both males and females 12 YEARS - 19 YEARS']",[nan],,
1723,AUXRR247,-24 To 39,Range Of Values,['Acoustic Reflex Right Ear 2kHz 47'],"['Both males and females 20 YEARS - 69 YEARS', 'Both males and females 12 YEARS - 19 YEARS']",[nan],,
1724,AUXRR247,-9 To 30,Range Of Values,['Acoustic Reflex Right Ear 2kHz 47'],"['Both males and females 20 YEARS - 69 YEARS', 'Both males and females 12 YEARS - 19 YEARS']",[nan],,
1725,AUXRR247,-15 To 68,Range Of Values,['Acoustic Reflex Right Ear 2kHz 47'],"['Both males and females 20 YEARS - 69 YEARS', 'Both males and females 12 YEARS - 19 YEARS']",[nan],,
1726,AUXRR247,-16 To 65,Range Of Values,['Acoustic Reflex Right Ear 2kHz 47'],"['Both males and females 20 YEARS - 69 YEARS', 'Both males and females 12 YEARS - 19 YEARS']",[nan],,
1727,AUXRR247,-20 To 50,Range Of Values,['Acoustic Reflex Right Ear 2kHz 47'],"['Both males and females 20 YEARS - 69 YEARS', 'Both males and females 12 YEARS - 19 YEARS']",[nan],,
1728,AUXRR248,-21 To 54,Range Of Values,['Acoustic Reflex Right Ear 2kHz 48'],"['Both males and females 20 YEARS - 69 YEARS', 'Both males and females 12 YEARS - 19 YEARS']",[nan],,
1729,AUXRR248,.,Missing,['Acoustic Reflex Right Ear 2kHz 48'],"['Both males and females 20 YEARS - 69 YEARS', 'Both males and females 12 YEARS - 19 YEARS']",[nan],,
1730,AUXRR248,-32 To 107,Range Of Values,['Acoustic Reflex Right Ear 2kHz 48'],"['Both males and females 20 YEARS - 69 YEARS', 'Both males and females 12 YEARS - 19 YEARS']",[nan],,
1731,AUXRR248,-24 To 36,Range Of Values,['Acoustic Reflex Right Ear 2kHz 48'],"['Both males and females 20 YEARS - 69 YEARS', 'Both males and females 12 YEARS - 19 YEARS']",[nan],,
1732,AUXRR248,-8 To 27,Range Of Values,['Acoustic Reflex Right Ear 2kHz 48'],"['Both males and females 20 YEARS - 69 YEARS', 'Both males and females 12 YEARS - 19 YEARS']",[nan],,
1733,AUXRR248,-23 To 71,Range Of Values,['Acoustic Reflex Right Ear 2kHz 48'],"['Both males and females 20 YEARS - 69 YEARS', 'Both males and females 12 YEARS - 19 YEARS']",[nan],,
1734,AUXRR248,-14 To 71,Range Of Values,['Acoustic Reflex Right Ear 2kHz 48'],"['Both males and females 20 YEARS - 69 YEARS', 'Both males and females 12 YEARS - 19 YEARS']",[nan],,
1735,AUXRR248,-20 To 68,Range Of Values,['Acoustic Reflex Right Ear 2kHz 48'],"['Both males and females 20 YEARS - 69 YEARS', 'Both males and females 12 YEARS - 19 YEARS']",[nan],,
1736,AUXRR249,-14 To 58,Range Of Values,['Acoustic Reflex Right Ear 2kHz 49'],"['Both males and females 20 YEARS - 69 YEARS', 'Both males and females 12 YEARS - 19 YEARS']",[nan],,
1737,AUXRR249,.,Missing,['Acoustic Reflex Right Ear 2kHz 49'],"['Both males and females 20 YEARS - 69 YEARS', 'Both males and females 12 YEARS - 19 YEARS']",[nan],,
1738,AUXRR249,-33 To 83,Range Of Values,['Acoustic Reflex Right Ear 2kHz 49'],"['Both males and females 20 YEARS - 69 YEARS', 'Both males and females 12 YEARS - 19 YEARS']",[nan],,
1739,AUXRR249,-24 To 55,Range Of Values,['Acoustic Reflex Right Ear 2kHz 49'],"['Both males and females 20 YEARS - 69 YEARS', 'Both males and females 12 YEARS - 19 YEARS']",[nan],,
1740,AUXRR249,-11 To 27,Range Of Values,['Acoustic Reflex Right Ear 2kHz 49'],"['Both males and females 20 YEARS - 69 YEARS', 'Both males and females 12 YEARS - 19 YEARS']",[nan],,
1741,AUXRR249,-27 To 77,Range Of Values,['Acoustic Reflex Right Ear 2kHz 49'],"['Both males and females 20 YEARS - 69 YEARS', 'Both males and females 12 YEARS - 19 YEARS']",[nan],,
1742,AUXRR249,-14 To 112,Range Of Values,['Acoustic Reflex Right Ear 2kHz 49'],"['Both males and females 20 YEARS - 69 YEARS', 'Both males and females 12 YEARS - 19 YEARS']",[nan],,
1743,AUXRR249,-24 To 120,Range Of Values,['Acoustic Reflex Right Ear 2kHz 49'],"['Both males and females 20 YEARS - 69 YEARS', 'Both males and females 12 YEARS - 19 YEARS']",[nan],,
1744,AUXRR250,-10 To 50,Range Of Values,['Acoustic Reflex Right Ear 2kHz 50'],"['Both males and females 20 YEARS - 69 YEARS', 'Both males and females 12 YEARS - 19 YEARS']",[nan],,
1745,AUXRR250,.,Missing,['Acoustic Reflex Right Ear 2kHz 50'],"['Both males and females 20 YEARS - 69 YEARS', 'Both males and females 12 YEARS - 19 YEARS']",[nan],,
1746,AUXRR250,-33 To 52,Range Of Values,['Acoustic Reflex Right Ear 2kHz 50'],"['Both males and females 20 YEARS - 69 YEARS', 'Both males and females 12 YEARS - 19 YEARS']",[nan],,
1747,AUXRR250,-25 To 79,Range Of Values,['Acoustic Reflex Right Ear 2kHz 50'],"['Both males and females 20 YEARS - 69 YEARS', 'Both males and females 12 YEARS - 19 YEARS']",[nan],,
1748,AUXRR250,-17 To 34,Range Of Values,['Acoustic Reflex Right Ear 2kHz 50'],"['Both males and females 20 YEARS - 69 YEARS', 'Both males and females 12 YEARS - 19 YEARS']",[nan],,
1749,AUXRR250,-22 To 83,Range Of Values,['Acoustic Reflex Right Ear 2kHz 50'],"['Both males and females 20 YEARS - 69 YEARS', 'Both males and females 12 YEARS - 19 YEARS']",[nan],,
1750,AUXRR250,-18 To 127,Range Of Values,['Acoustic Reflex Right Ear 2kHz 50'],"['Both males and females 20 YEARS - 69 YEARS', 'Both males and females 12 YEARS - 19 YEARS']",[nan],,
1751,AUXRR250,-30 To 111,Range Of Values,['Acoustic Reflex Right Ear 2kHz 50'],"['Both males and females 20 YEARS - 69 YEARS', 'Both males and females 12 YEARS - 19 YEARS']",[nan],,
1752,AUXRR251,-21 To 43,Range Of Values,['Acoustic Reflex Right Ear 2kHz 51'],"['Both males and females 20 YEARS - 69 YEARS', 'Both males and females 12 YEARS - 19 YEARS']",[nan],,
1753,AUXRR251,.,Missing,['Acoustic Reflex Right Ear 2kHz 51'],"['Both males and females 20 YEARS - 69 YEARS', 'Both males and females 12 YEARS - 19 YEARS']",[nan],,
1754,AUXRR251,-31 To 48,Range Of Values,['Acoustic Reflex Right Ear 2kHz 51'],"['Both males and females 20 YEARS - 69 YEARS', 'Both males and females 12 YEARS - 19 YEARS']",[nan],,
1755,AUXRR251,-25 To 77,Range Of Values,['Acoustic Reflex Right Ear 2kHz 51'],"['Both males and females 20 YEARS - 69 YEARS', 'Both males and females 12 YEARS - 19 YEARS']",[nan],,
1756,AUXRR251,-19 To 35,Range Of Values,['Acoustic Reflex Right Ear 2kHz 51'],"['Both males and females 20 YEARS - 69 YEARS', 'Both males and females 12 YEARS - 19 YEARS']",[nan],,
1757,AUXRR251,-13 To 60,Range Of Values,['Acoustic Reflex Right Ear 2kHz 51'],"['Both males and females 20 YEARS - 69 YEARS', 'Both males and females 12 YEARS - 19 YEARS']",[nan],,
1758,AUXRR251,-21 To 127,Range Of Values,['Acoustic Reflex Right Ear 2kHz 51'],"['Both males and females 20 YEARS - 69 YEARS', 'Both males and females 12 YEARS - 19 YEARS']",[nan],,
1759,AUXRR251,-32 To 108,Range Of Values,['Acoustic Reflex Right Ear 2kHz 51'],"['Both males and females 20 YEARS - 69 YEARS', 'Both males and females 12 YEARS - 19 YEARS']",[nan],,
1760,AUXRR252,-49 To 51,Range Of Values,['Acoustic Reflex Right Ear 2kHz 52'],"['Both males and females 20 YEARS - 69 YEARS', 'Both males and females 12 YEARS - 19 YEARS']",[nan],,
1761,AUXRR252,.,Missing,['Acoustic Reflex Right Ear 2kHz 52'],"['Both males and females 20 YEARS - 69 YEARS', 'Both males and females 12 YEARS - 19 YEARS']",[nan],,
1762,AUXRR252,-28 To 43,Range Of Values,['Acoustic Reflex Right Ear 2kHz 52'],"['Both males and females 20 YEARS - 69 YEARS', 'Both males and females 12 YEARS - 19 YEARS']",[nan],,
1763,AUXRR252,-24 To 95,Range Of Values,['Acoustic Reflex Right Ear 2kHz 52'],"['Both males and females 20 YEARS - 69 YEARS', 'Both males and females 12 YEARS - 19 YEARS']",[nan],,
1764,AUXRR252,-14 To 36,Range Of Values,['Acoustic Reflex Right Ear 2kHz 52'],"['Both males and females 20 YEARS - 69 YEARS', 'Both males and females 12 YEARS - 19 YEARS']",[nan],,
1765,AUXRR252,-8 To 86,Range Of Values,['Acoustic Reflex Right Ear 2kHz 52'],"['Both males and females 20 YEARS - 69 YEARS', 'Both males and females 12 YEARS - 19 YEARS']",[nan],,
1766,AUXRR252,-23 To 119,Range Of Values,['Acoustic Reflex Right Ear 2kHz 52'],"['Both males and females 20 YEARS - 69 YEARS', 'Both males and females 12 YEARS - 19 YEARS']",[nan],,
1767,AUXRR252,-29 To 110,Range Of Values,['Acoustic Reflex Right Ear 2kHz 52'],"['Both males and females 20 YEARS - 69 YEARS', 'Both males and females 12 YEARS - 19 YEARS']",[nan],,
1768,AUXRR253,-63 To 36,Range Of Values,['Acoustic Reflex Right Ear 2kHz 53'],"['Both males and females 20 YEARS - 69 YEARS', 'Both males and females 12 YEARS - 19 YEARS']",[nan],,
1769,AUXRR253,.,Missing,['Acoustic Reflex Right Ear 2kHz 53'],"['Both males and females 20 YEARS - 69 YEARS', 'Both males and females 12 YEARS - 19 YEARS']",[nan],,
1770,AUXRR253,-25 To 40,Range Of Values,['Acoustic Reflex Right Ear 2kHz 53'],"['Both males and females 20 YEARS - 69 YEARS', 'Both males and females 12 YEARS - 19 YEARS']",[nan],,
1771,AUXRR253,-24 To 64,Range Of Values,['Acoustic Reflex Right Ear 2kHz 53'],"['Both males and females 20 YEARS - 69 YEARS', 'Both males and females 12 YEARS - 19 YEARS']",[nan],,
1772,AUXRR253,-10 To 36,Range Of Values,['Acoustic Reflex Right Ear 2kHz 53'],"['Both males and females 20 YEARS - 69 YEARS', 'Both males and females 12 YEARS - 19 YEARS']",[nan],,
1773,AUXRR253,-36 To 118,Range Of Values,['Acoustic Reflex Right Ear 2kHz 53'],"['Both males and females 20 YEARS - 69 YEARS', 'Both males and females 12 YEARS - 19 YEARS']",[nan],,
1774,AUXRR253,-22 To 89,Range Of Values,['Acoustic Reflex Right Ear 2kHz 53'],"['Both males and females 20 YEARS - 69 YEARS', 'Both males and females 12 YEARS - 19 YEARS']",[nan],,
1775,AUXRR253,-30 To 63,Range Of Values,['Acoustic Reflex Right Ear 2kHz 53'],"['Both males and females 20 YEARS - 69 YEARS', 'Both males and females 12 YEARS - 19 YEARS']",[nan],,
1776,AUXRR254,-60 To 45,Range Of Values,['Acoustic Reflex Right Ear 2kHz 54'],"['Both males and females 20 YEARS - 69 YEARS', 'Both males and females 12 YEARS - 19 YEARS']",[nan],,
1777,AUXRR254,.,Missing,['Acoustic Reflex Right Ear 2kHz 54'],"['Both males and females 20 YEARS - 69 YEARS', 'Both males and females 12 YEARS - 19 YEARS']",[nan],,
1778,AUXRR254,-20 To 51,Range Of Values,['Acoustic Reflex Right Ear 2kHz 54'],"['Both males and females 20 YEARS - 69 YEARS', 'Both males and females 12 YEARS - 19 YEARS']",[nan],,
1779,AUXRR254,-24 To 92,Range Of Values,['Acoustic Reflex Right Ear 2kHz 54'],"['Both males and females 20 YEARS - 69 YEARS', 'Both males and females 12 YEARS - 19 YEARS']",[nan],,
1780,AUXRR254,-8 To 37,Range Of Values,['Acoustic Reflex Right Ear 2kHz 54'],"['Both males and females 20 YEARS - 69 YEARS', 'Both males and females 12 YEARS - 19 YEARS']",[nan],,
1781,AUXRR254,-13 To 73,Range Of Values,['Acoustic Reflex Right Ear 2kHz 54'],"['Both males and females 20 YEARS - 69 YEARS', 'Both males and females 12 YEARS - 19 YEARS']",[nan],,
1782,AUXRR254,-19 To 55,Range Of Values,['Acoustic Reflex Right Ear 2kHz 54'],"['Both males and females 20 YEARS - 69 YEARS', 'Both males and females 12 YEARS - 19 YEARS']",[nan],,
1783,AUXRR254,-40 To 63,Range Of Values,['Acoustic Reflex Right Ear 2kHz 54'],"['Both males and females 20 YEARS - 69 YEARS', 'Both males and females 12 YEARS - 19 YEARS']",[nan],,
1784,AUXRR255,-16 To 49,Range Of Values,['Acoustic Reflex Right Ear 2kHz 55'],"['Both males and females 20 YEARS - 69 YEARS', 'Both males and females 12 YEARS - 19 YEARS']",[nan],,
1785,AUXRR255,.,Missing,['Acoustic Reflex Right Ear 2kHz 55'],"['Both males and females 20 YEARS - 69 YEARS', 'Both males and females 12 YEARS - 19 YEARS']",[nan],,
1786,AUXRR255,-21 To 37,Range Of Values,['Acoustic Reflex Right Ear 2kHz 55'],"['Both males and females 20 YEARS - 69 YEARS', 'Both males and females 12 YEARS - 19 YEARS']",[nan],,
1787,AUXRR255,-44 To 116,Range Of Values,['Acoustic Reflex Right Ear 2kHz 55'],"['Both males and females 20 YEARS - 69 YEARS', 'Both males and females 12 YEARS - 19 YEARS']",[nan],,
1788,AUXRR255,-5 To 46,Range Of Values,['Acoustic Reflex Right Ear 2kHz 55'],"['Both males and females 20 YEARS - 69 YEARS', 'Both males and females 12 YEARS - 19 YEARS']",[nan],,
1789,AUXRR255,-3 To 51,Range Of Values,['Acoustic Reflex Right Ear 2kHz 55'],"['Both males and females 20 YEARS - 69 YEARS', 'Both males and females 12 YEARS - 19 YEARS']",[nan],,
1790,AUXRR255,-14 To 52,Range Of Values,['Acoustic Reflex Right Ear 2kHz 55'],"['Both males and females 20 YEARS - 69 YEARS', 'Both males and females 12 YEARS - 19 YEARS']",[nan],,
1791,AUXRR255,-53 To 60,Range Of Values,['Acoustic Reflex Right Ear 2kHz 55'],"['Both males and females 20 YEARS - 69 YEARS', 'Both males and females 12 YEARS - 19 YEARS']",[nan],,
1792,AUXRR256,-17 To 89,Range Of Values,['Acoustic Reflex Right Ear 2kHz 56'],"['Both males and females 20 YEARS - 69 YEARS', 'Both males and females 12 YEARS - 19 YEARS']",[nan],,
1793,AUXRR256,.,Missing,['Acoustic Reflex Right Ear 2kHz 56'],"['Both males and females 20 YEARS - 69 YEARS', 'Both males and females 12 YEARS - 19 YEARS']",[nan],,
1794,AUXRR256,-13 To 46,Range Of Values,['Acoustic Reflex Right Ear 2kHz 56'],"['Both males and females 20 YEARS - 69 YEARS', 'Both males and females 12 YEARS - 19 YEARS']",[nan],,
1795,AUXRR256,-53 To 106,Range Of Values,['Acoustic Reflex Right Ear 2kHz 56'],"['Both males and females 20 YEARS - 69 YEARS', 'Both males and females 12 YEARS - 19 YEARS']",[nan],,
1796,AUXRR256,-3 To 40,Range Of Values,['Acoustic Reflex Right Ear 2kHz 56'],"['Both males and females 20 YEARS - 69 YEARS', 'Both males and females 12 YEARS - 19 YEARS']",[nan],,
1797,AUXRR256,-20 To 95,Range Of Values,['Acoustic Reflex Right Ear 2kHz 56'],"['Both males and females 20 YEARS - 69 YEARS', 'Both males and females 12 YEARS - 19 YEARS']",[nan],,
1798,AUXRR256,-10 To 73,Range Of Values,['Acoustic Reflex Right Ear 2kHz 56'],"['Both males and females 20 YEARS - 69 YEARS', 'Both males and females 12 YEARS - 19 YEARS']",[nan],,
1799,AUXRR256,-60 To 60,Range Of Values,['Acoustic Reflex Right Ear 2kHz 56'],"['Both males and females 20 YEARS - 69 YEARS', 'Both males and females 12 YEARS - 19 YEARS']",[nan],,
1800,AUXRR257,-8 To 139,Range Of Values,['Acoustic Reflex Right Ear 2kHz 57'],"['Both males and females 20 YEARS - 69 YEARS', 'Both males and females 12 YEARS - 19 YEARS']",[nan],,
1801,AUXRR257,.,Missing,['Acoustic Reflex Right Ear 2kHz 57'],"['Both males and females 20 YEARS - 69 YEARS', 'Both males and females 12 YEARS - 19 YEARS']",[nan],,
1802,AUXRR257,-11 To 43,Range Of Values,['Acoustic Reflex Right Ear 2kHz 57'],"['Both males and females 20 YEARS - 69 YEARS', 'Both males and females 12 YEARS - 19 YEARS']",[nan],,
1803,AUXRR257,-38 To 79,Range Of Values,['Acoustic Reflex Right Ear 2kHz 57'],"['Both males and females 20 YEARS - 69 YEARS', 'Both males and females 12 YEARS - 19 YEARS']",[nan],,
1804,AUXRR257,-4 To 40,Range Of Values,['Acoustic Reflex Right Ear 2kHz 57'],"['Both males and females 20 YEARS - 69 YEARS', 'Both males and females 12 YEARS - 19 YEARS']",[nan],,
1805,AUXRR257,-15 To 102,Range Of Values,['Acoustic Reflex Right Ear 2kHz 57'],"['Both males and females 20 YEARS - 69 YEARS', 'Both males and females 12 YEARS - 19 YEARS']",[nan],,
1806,AUXRR257,-10 To 61,Range Of Values,['Acoustic Reflex Right Ear 2kHz 57'],"['Both males and females 20 YEARS - 69 YEARS', 'Both males and females 12 YEARS - 19 YEARS']",[nan],,
1807,AUXRR257,-57 To 59,Range Of Values,['Acoustic Reflex Right Ear 2kHz 57'],"['Both males and females 20 YEARS - 69 YEARS', 'Both males and females 12 YEARS - 19 YEARS']",[nan],,
1808,AUXRR258,-6 To 120,Range Of Values,['Acoustic Reflex Right Ear 2kHz 58'],"['Both males and females 20 YEARS - 69 YEARS', 'Both males and females 12 YEARS - 19 YEARS']",[nan],,
1809,AUXRR258,.,Missing,['Acoustic Reflex Right Ear 2kHz 58'],"['Both males and females 20 YEARS - 69 YEARS', 'Both males and females 12 YEARS - 19 YEARS']",[nan],,
1810,AUXRR258,-10 To 48,Range Of Values,['Acoustic Reflex Right Ear 2kHz 58'],"['Both males and females 20 YEARS - 69 YEARS', 'Both males and females 12 YEARS - 19 YEARS']",[nan],,
1811,AUXRR258,-29 To 50,Range Of Values,['Acoustic Reflex Right Ear 2kHz 58'],"['Both males and females 20 YEARS - 69 YEARS', 'Both males and females 12 YEARS - 19 YEARS']",[nan],,
1812,AUXRR258,-5 To 41,Range Of Values,['Acoustic Reflex Right Ear 2kHz 58'],"['Both males and females 20 YEARS - 69 YEARS', 'Both males and females 12 YEARS - 19 YEARS']",[nan],,
1813,AUXRR258,-16 To 124,Range Of Values,['Acoustic Reflex Right Ear 2kHz 58'],"['Both males and females 20 YEARS - 69 YEARS', 'Both males and females 12 YEARS - 19 YEARS']",[nan],,
1814,AUXRR258,-12 To 70,Range Of Values,['Acoustic Reflex Right Ear 2kHz 58'],"['Both males and females 20 YEARS - 69 YEARS', 'Both males and females 12 YEARS - 19 YEARS']",[nan],,
1815,AUXRR258,-54 To 59,Range Of Values,['Acoustic Reflex Right Ear 2kHz 58'],"['Both males and females 20 YEARS - 69 YEARS', 'Both males and females 12 YEARS - 19 YEARS']",[nan],,
1816,AUXRR259,-6 To 45,Range Of Values,['Acoustic Reflex Right Ear 2kHz 59'],"['Both males and females 20 YEARS - 69 YEARS', 'Both males and females 12 YEARS - 19 YEARS']",[nan],,
1817,AUXRR259,.,Missing,['Acoustic Reflex Right Ear 2kHz 59'],"['Both males and females 20 YEARS - 69 YEARS', 'Both males and females 12 YEARS - 19 YEARS']",[nan],,
1818,AUXRR259,-2 To 55,Range Of Values,['Acoustic Reflex Right Ear 2kHz 59'],"['Both males and females 20 YEARS - 69 YEARS', 'Both males and females 12 YEARS - 19 YEARS']",[nan],,
1819,AUXRR259,-30 To 71,Range Of Values,['Acoustic Reflex Right Ear 2kHz 59'],"['Both males and females 20 YEARS - 69 YEARS', 'Both males and females 12 YEARS - 19 YEARS']",[nan],,
1820,AUXRR259,-4 To 41,Range Of Values,['Acoustic Reflex Right Ear 2kHz 59'],"['Both males and females 20 YEARS - 69 YEARS', 'Both males and females 12 YEARS - 19 YEARS']",[nan],,
1821,AUXRR259,-15 To 126,Range Of Values,['Acoustic Reflex Right Ear 2kHz 59'],"['Both males and females 20 YEARS - 69 YEARS', 'Both males and females 12 YEARS - 19 YEARS']",[nan],,
1822,AUXRR259,-32 To 76,Range Of Values,['Acoustic Reflex Right Ear 2kHz 59'],"['Both males and females 20 YEARS - 69 YEARS', 'Both males and females 12 YEARS - 19 YEARS']",[nan],,
1823,AUXRR259,-55 To 59,Range Of Values,['Acoustic Reflex Right Ear 2kHz 59'],"['Both males and females 20 YEARS - 69 YEARS', 'Both males and females 12 YEARS - 19 YEARS']",[nan],,
1824,AUXRR260,-15 To 73,Range Of Values,['Acoustic Reflex Right Ear 2kHz 60'],"['Both males and females 20 YEARS - 69 YEARS', 'Both males and females 12 YEARS - 19 YEARS']",[nan],,
1825,AUXRR260,.,Missing,['Acoustic Reflex Right Ear 2kHz 60'],"['Both males and females 20 YEARS - 69 YEARS', 'Both males and females 12 YEARS - 19 YEARS']",[nan],,
1826,AUXRR260,-4 To 79,Range Of Values,['Acoustic Reflex Right Ear 2kHz 60'],"['Both males and females 20 YEARS - 69 YEARS', 'Both males and females 12 YEARS - 19 YEARS']",[nan],,
1827,AUXRR260,-25 To 110,Range Of Values,['Acoustic Reflex Right Ear 2kHz 60'],"['Both males and females 20 YEARS - 69 YEARS', 'Both males and females 12 YEARS - 19 YEARS']",[nan],,
1828,AUXRR260,-2 To 39,Range Of Values,['Acoustic Reflex Right Ear 2kHz 60'],"['Both males and females 20 YEARS - 69 YEARS', 'Both males and females 12 YEARS - 19 YEARS']",[nan],,
1829,AUXRR260,-13 To 103,Range Of Values,['Acoustic Reflex Right Ear 2kHz 60'],"['Both males and females 20 YEARS - 69 YEARS', 'Both males and females 12 YEARS - 19 YEARS']",[nan],,
1830,AUXRR260,-19 To 71,Range Of Values,['Acoustic Reflex Right Ear 2kHz 60'],"['Both males and females 20 YEARS - 69 YEARS', 'Both males and females 12 YEARS - 19 YEARS']",[nan],,
1831,AUXRR260,-54 To 59,Range Of Values,['Acoustic Reflex Right Ear 2kHz 60'],"['Both males and females 20 YEARS - 69 YEARS', 'Both males and females 12 YEARS - 19 YEARS']",[nan],,
1832,AUXRR261,-6 To 54,Range Of Values,['Acoustic Reflex Right Ear 2kHz 61'],"['Both males and females 20 YEARS - 69 YEARS', 'Both males and females 12 YEARS - 19 YEARS']",[nan],,
1833,AUXRR261,.,Missing,['Acoustic Reflex Right Ear 2kHz 61'],"['Both males and females 20 YEARS - 69 YEARS', 'Both males and females 12 YEARS - 19 YEARS']",[nan],,
1834,AUXRR261,-13 To 93,Range Of Values,['Acoustic Reflex Right Ear 2kHz 61'],"['Both males and females 20 YEARS - 69 YEARS', 'Both males and females 12 YEARS - 19 YEARS']",[nan],,
1835,AUXRR261,-17 To 112,Range Of Values,['Acoustic Reflex Right Ear 2kHz 61'],"['Both males and females 20 YEARS - 69 YEARS', 'Both males and females 12 YEARS - 19 YEARS']",[nan],,
1836,AUXRR261,-8 To 37,Range Of Values,['Acoustic Reflex Right Ear 2kHz 61'],"['Both males and females 20 YEARS - 69 YEARS', 'Both males and females 12 YEARS - 19 YEARS']",[nan],,
1837,AUXRR261,-9 To 37,Range Of Values,['Acoustic Reflex Right Ear 2kHz 61'],"['Both males and females 20 YEARS - 69 YEARS', 'Both males and females 12 YEARS - 19 YEARS']",[nan],,
1838,AUXRR261,-15 To 91,Range Of Values,['Acoustic Reflex Right Ear 2kHz 61'],"['Both males and females 20 YEARS - 69 YEARS', 'Both males and females 12 YEARS - 19 YEARS']",[nan],,
1839,AUXRR261,-40 To 58,Range Of Values,['Acoustic Reflex Right Ear 2kHz 61'],"['Both males and females 20 YEARS - 69 YEARS', 'Both males and females 12 YEARS - 19 YEARS']",[nan],,
1840,AUXRR262,-6 To 47,Range Of Values,['Acoustic Reflex Right Ear 2kHz 62'],"['Both males and females 20 YEARS - 69 YEARS', 'Both males and females 12 YEARS - 19 YEARS']",[nan],,
1841,AUXRR262,.,Missing,['Acoustic Reflex Right Ear 2kHz 62'],"['Both males and females 20 YEARS - 69 YEARS', 'Both males and females 12 YEARS - 19 YEARS']",[nan],,
1842,AUXRR262,-41 To 56,Range Of Values,['Acoustic Reflex Right Ear 2kHz 62'],"['Both males and females 20 YEARS - 69 YEARS', 'Both males and females 12 YEARS - 19 YEARS']",[nan],,
1843,AUXRR262,-20 To 118,Range Of Values,['Acoustic Reflex Right Ear 2kHz 62'],"['Both males and females 20 YEARS - 69 YEARS', 'Both males and females 12 YEARS - 19 YEARS']",[nan],,
1844,AUXRR262,-7 To 37,Range Of Values,['Acoustic Reflex Right Ear 2kHz 62'],"['Both males and females 20 YEARS - 69 YEARS', 'Both males and females 12 YEARS - 19 YEARS']",[nan],,
1845,AUXRR262,-24 To 60,Range Of Values,['Acoustic Reflex Right Ear 2kHz 62'],"['Both males and females 20 YEARS - 69 YEARS', 'Both males and females 12 YEARS - 19 YEARS']",[nan],,
1846,AUXRR262,-16 To 102,Range Of Values,['Acoustic Reflex Right Ear 2kHz 62'],"['Both males and females 20 YEARS - 69 YEARS', 'Both males and females 12 YEARS - 19 YEARS']",[nan],,
1847,AUXRR262,-18 To 56,Range Of Values,['Acoustic Reflex Right Ear 2kHz 62'],"['Both males and females 20 YEARS - 69 YEARS', 'Both males and females 12 YEARS - 19 YEARS']",[nan],,
1848,AUXRR263,-6 To 68,Range Of Values,['Acoustic Reflex Right Ear 2kHz 63'],"['Both males and females 20 YEARS - 69 YEARS', 'Both males and females 12 YEARS - 19 YEARS']",[nan],,
1849,AUXRR263,.,Missing,['Acoustic Reflex Right Ear 2kHz 63'],"['Both males and females 20 YEARS - 69 YEARS', 'Both males and females 12 YEARS - 19 YEARS']",[nan],,
1850,AUXRR263,-60 To 53,Range Of Values,['Acoustic Reflex Right Ear 2kHz 63'],"['Both males and females 20 YEARS - 69 YEARS', 'Both males and females 12 YEARS - 19 YEARS']",[nan],,
1851,AUXRR263,-16 To 127,Range Of Values,['Acoustic Reflex Right Ear 2kHz 63'],"['Both males and females 20 YEARS - 69 YEARS', 'Both males and females 12 YEARS - 19 YEARS']",[nan],,
1852,AUXRR263,0 To 36,Range Of Values,['Acoustic Reflex Right Ear 2kHz 63'],"['Both males and females 20 YEARS - 69 YEARS', 'Both males and females 12 YEARS - 19 YEARS']",[nan],,
1853,AUXRR263,-5 To 108,Range Of Values,['Acoustic Reflex Right Ear 2kHz 63'],"['Both males and females 20 YEARS - 69 YEARS', 'Both males and females 12 YEARS - 19 YEARS']",[nan],,
1854,AUXRR263,-7 To 98,Range Of Values,['Acoustic Reflex Right Ear 2kHz 63'],"['Both males and females 20 YEARS - 69 YEARS', 'Both males and females 12 YEARS - 19 YEARS']",[nan],,
1855,AUXRR263,-10 To 51,Range Of Values,['Acoustic Reflex Right Ear 2kHz 63'],"['Both males and females 20 YEARS - 69 YEARS', 'Both males and females 12 YEARS - 19 YEARS']",[nan],,
1856,AUXRR264,-10 To 54,Range Of Values,['Acoustic Reflex Right Ear 2kHz 64'],"['Both males and females 20 YEARS - 69 YEARS', 'Both males and females 12 YEARS - 19 YEARS']",[nan],,
1857,AUXRR264,.,Missing,['Acoustic Reflex Right Ear 2kHz 64'],"['Both males and females 20 YEARS - 69 YEARS', 'Both males and females 12 YEARS - 19 YEARS']",[nan],,
1858,AUXRR264,-63 To 74,Range Of Values,['Acoustic Reflex Right Ear 2kHz 64'],"['Both males and females 20 YEARS - 69 YEARS', 'Both males and females 12 YEARS - 19 YEARS']",[nan],,
1859,AUXRR264,-14 To 132,Range Of Values,['Acoustic Reflex Right Ear 2kHz 64'],"['Both males and females 20 YEARS - 69 YEARS', 'Both males and females 12 YEARS - 19 YEARS']",[nan],,
1860,AUXRR264,1 To 52,Range Of Values,['Acoustic Reflex Right Ear 2kHz 64'],"['Both males and females 20 YEARS - 69 YEARS', 'Both males and females 12 YEARS - 19 YEARS']",[nan],,
1861,AUXRR264,-3 To 134,Range Of Values,['Acoustic Reflex Right Ear 2kHz 64'],"['Both males and females 20 YEARS - 69 YEARS', 'Both males and females 12 YEARS - 19 YEARS']",[nan],,
1862,AUXRR264,-45 To 103,Range Of Values,['Acoustic Reflex Right Ear 2kHz 64'],"['Both males and females 20 YEARS - 69 YEARS', 'Both males and females 12 YEARS - 19 YEARS']",[nan],,
1863,AUXRR264,-11 To 47,Range Of Values,['Acoustic Reflex Right Ear 2kHz 64'],"['Both males and females 20 YEARS - 69 YEARS', 'Both males and females 12 YEARS - 19 YEARS']",[nan],,
1864,AUXRR265,-13 To 76,Range Of Values,['Acoustic Reflex Right Ear 2kHz 65'],"['Both males and females 20 YEARS - 69 YEARS', 'Both males and females 12 YEARS - 19 YEARS']",[nan],,
1865,AUXRR265,.,Missing,['Acoustic Reflex Right Ear 2kHz 65'],"['Both males and females 20 YEARS - 69 YEARS', 'Both males and females 12 YEARS - 19 YEARS']",[nan],,
1866,AUXRR265,-78 To 54,Range Of Values,['Acoustic Reflex Right Ear 2kHz 65'],"['Both males and females 20 YEARS - 69 YEARS', 'Both males and females 12 YEARS - 19 YEARS']",[nan],,
1867,AUXRR265,-15 To 133,Range Of Values,['Acoustic Reflex Right Ear 2kHz 65'],"['Both males and females 20 YEARS - 69 YEARS', 'Both males and females 12 YEARS - 19 YEARS']",[nan],,
1868,AUXRR265,-6 To 60,Range Of Values,['Acoustic Reflex Right Ear 2kHz 65'],"['Both males and females 20 YEARS - 69 YEARS', 'Both males and females 12 YEARS - 19 YEARS']",[nan],,
1869,AUXRR265,-7 To 134,Range Of Values,['Acoustic Reflex Right Ear 2kHz 65'],"['Both males and females 20 YEARS - 69 YEARS', 'Both males and females 12 YEARS - 19 YEARS']",[nan],,
1870,AUXRR265,-33 To 102,Range Of Values,['Acoustic Reflex Right Ear 2kHz 65'],"['Both males and females 20 YEARS - 69 YEARS', 'Both males and females 12 YEARS - 19 YEARS']",[nan],,
1871,AUXRR265,-24 To 64,Range Of Values,['Acoustic Reflex Right Ear 2kHz 65'],"['Both males and females 20 YEARS - 69 YEARS', 'Both males and females 12 YEARS - 19 YEARS']",[nan],,
1872,AUXRR266,-9 To 95,Range Of Values,['Acoustic Reflex Right Ear 2kHz 66'],"['Both males and females 20 YEARS - 69 YEARS', 'Both males and females 12 YEARS - 19 YEARS']",[nan],,
1873,AUXRR266,.,Missing,['Acoustic Reflex Right Ear 2kHz 66'],"['Both males and females 20 YEARS - 69 YEARS', 'Both males and females 12 YEARS - 19 YEARS']",[nan],,
1874,AUXRR266,-84 To 37,Range Of Values,['Acoustic Reflex Right Ear 2kHz 66'],"['Both males and females 20 YEARS - 69 YEARS', 'Both males and females 12 YEARS - 19 YEARS']",[nan],,
1875,AUXRR266,-13 To 133,Range Of Values,['Acoustic Reflex Right Ear 2kHz 66'],"['Both males and females 20 YEARS - 69 YEARS', 'Both males and females 12 YEARS - 19 YEARS']",[nan],,
1876,AUXRR266,1 To 42,Range Of Values,['Acoustic Reflex Right Ear 2kHz 66'],"['Both males and females 20 YEARS - 69 YEARS', 'Both males and females 12 YEARS - 19 YEARS']",[nan],,
1877,AUXRR266,-15 To 133,Range Of Values,['Acoustic Reflex Right Ear 2kHz 66'],"['Both males and females 20 YEARS - 69 YEARS', 'Both males and females 12 YEARS - 19 YEARS']",[nan],,
1878,AUXRR266,-18 To 76,Range Of Values,['Acoustic Reflex Right Ear 2kHz 66'],"['Both males and females 20 YEARS - 69 YEARS', 'Both males and females 12 YEARS - 19 YEARS']",[nan],,
1879,AUXRR266,-10 To 50,Range Of Values,['Acoustic Reflex Right Ear 2kHz 66'],"['Both males and females 20 YEARS - 69 YEARS', 'Both males and females 12 YEARS - 19 YEARS']",[nan],,
1880,AUXRR267,-10 To 79,Range Of Values,['Acoustic Reflex Right Ear 2kHz 67'],"['Both males and females 20 YEARS - 69 YEARS', 'Both males and females 12 YEARS - 19 YEARS']",[nan],,
1881,AUXRR267,.,Missing,['Acoustic Reflex Right Ear 2kHz 67'],"['Both males and females 20 YEARS - 69 YEARS', 'Both males and females 12 YEARS - 19 YEARS']",[nan],,
1882,AUXRR267,-84 To 66,Range Of Values,['Acoustic Reflex Right Ear 2kHz 67'],"['Both males and females 20 YEARS - 69 YEARS', 'Both males and females 12 YEARS - 19 YEARS']",[nan],,
1883,AUXRR267,-5 To 128,Range Of Values,['Acoustic Reflex Right Ear 2kHz 67'],"['Both males and females 20 YEARS - 69 YEARS', 'Both males and females 12 YEARS - 19 YEARS']",[nan],,
1884,AUXRR267,1 To 34,Range Of Values,['Acoustic Reflex Right Ear 2kHz 67'],"['Both males and females 20 YEARS - 69 YEARS', 'Both males and females 12 YEARS - 19 YEARS']",[nan],,
1885,AUXRR267,-21 To 114,Range Of Values,['Acoustic Reflex Right Ear 2kHz 67'],"['Both males and females 20 YEARS - 69 YEARS', 'Both males and females 12 YEARS - 19 YEARS']",[nan],,
1886,AUXRR267,-19 To 61,Range Of Values,['Acoustic Reflex Right Ear 2kHz 67'],"['Both males and females 20 YEARS - 69 YEARS', 'Both males and females 12 YEARS - 19 YEARS']",[nan],,
1887,AUXRR267,-39 To 64,Range Of Values,['Acoustic Reflex Right Ear 2kHz 67'],"['Both males and females 20 YEARS - 69 YEARS', 'Both males and females 12 YEARS - 19 YEARS']",[nan],,
1888,AUXRR268,-11 To 50,Range Of Values,['Acoustic Reflex Right Ear 2kHz 68'],"['Both males and females 20 YEARS - 69 YEARS', 'Both males and females 12 YEARS - 19 YEARS']",[nan],,
1889,AUXRR268,.,Missing,['Acoustic Reflex Right Ear 2kHz 68'],"['Both males and females 20 YEARS - 69 YEARS', 'Both males and females 12 YEARS - 19 YEARS']",[nan],,
1890,AUXRR268,-83 To 66,Range Of Values,['Acoustic Reflex Right Ear 2kHz 68'],"['Both males and females 20 YEARS - 69 YEARS', 'Both males and females 12 YEARS - 19 YEARS']",[nan],,
1891,AUXRR268,-2 To 101,Range Of Values,['Acoustic Reflex Right Ear 2kHz 68'],"['Both males and females 20 YEARS - 69 YEARS', 'Both males and females 12 YEARS - 19 YEARS']",[nan],,
1892,AUXRR268,0 To 35,Range Of Values,['Acoustic Reflex Right Ear 2kHz 68'],"['Both males and females 20 YEARS - 69 YEARS', 'Both males and females 12 YEARS - 19 YEARS']",[nan],,
1893,AUXRR268,-25 To 66,Range Of Values,['Acoustic Reflex Right Ear 2kHz 68'],"['Both males and females 20 YEARS - 69 YEARS', 'Both males and females 12 YEARS - 19 YEARS']",[nan],,
1894,AUXRR268,-31 To 57,Range Of Values,['Acoustic Reflex Right Ear 2kHz 68'],"['Both males and females 20 YEARS - 69 YEARS', 'Both males and females 12 YEARS - 19 YEARS']",[nan],,
1895,AUXRR268,-30 To 69,Range Of Values,['Acoustic Reflex Right Ear 2kHz 68'],"['Both males and females 20 YEARS - 69 YEARS', 'Both males and females 12 YEARS - 19 YEARS']",[nan],,
1896,AUXRR269,-24 To 51,Range Of Values,['Acoustic Reflex Right Ear 2kHz 69'],"['Both males and females 20 YEARS - 69 YEARS', 'Both males and females 12 YEARS - 19 YEARS']",[nan],,
1897,AUXRR269,.,Missing,['Acoustic Reflex Right Ear 2kHz 69'],"['Both males and females 20 YEARS - 69 YEARS', 'Both males and females 12 YEARS - 19 YEARS']",[nan],,
1898,AUXRR269,-81 To 40,Range Of Values,['Acoustic Reflex Right Ear 2kHz 69'],"['Both males and females 20 YEARS - 69 YEARS', 'Both males and females 12 YEARS - 19 YEARS']",[nan],,
1899,AUXRR269,-3 To 50,Range Of Values,['Acoustic Reflex Right Ear 2kHz 69'],"['Both males and females 20 YEARS - 69 YEARS', 'Both males and females 12 YEARS - 19 YEARS']",[nan],,
1900,AUXRR269,4 To 35,Range Of Values,['Acoustic Reflex Right Ear 2kHz 69'],"['Both males and females 20 YEARS - 69 YEARS', 'Both males and females 12 YEARS - 19 YEARS']",[nan],,
1901,AUXRR269,-27 To 98,Range Of Values,['Acoustic Reflex Right Ear 2kHz 69'],"['Both males and females 20 YEARS - 69 YEARS', 'Both males and females 12 YEARS - 19 YEARS']",[nan],,
1902,AUXRR269,-15 To 56,Range Of Values,['Acoustic Reflex Right Ear 2kHz 69'],"['Both males and females 20 YEARS - 69 YEARS', 'Both males and females 12 YEARS - 19 YEARS']",[nan],,
1903,AUXRR269,-13 To 64,Range Of Values,['Acoustic Reflex Right Ear 2kHz 69'],"['Both males and females 20 YEARS - 69 YEARS', 'Both males and females 12 YEARS - 19 YEARS']",[nan],,
1904,AUXRR270,-20 To 49,Range Of Values,['Acoustic Reflex Right Ear 2kHz 70'],"['Both males and females 20 YEARS - 69 YEARS', 'Both males and females 12 YEARS - 19 YEARS']",[nan],,
1905,AUXRR270,.,Missing,['Acoustic Reflex Right Ear 2kHz 70'],"['Both males and females 20 YEARS - 69 YEARS', 'Both males and females 12 YEARS - 19 YEARS']",[nan],,
1906,AUXRR270,-78 To 70,Range Of Values,['Acoustic Reflex Right Ear 2kHz 70'],"['Both males and females 20 YEARS - 69 YEARS', 'Both males and females 12 YEARS - 19 YEARS']",[nan],,
1907,AUXRR270,-13 To 48,Range Of Values,['Acoustic Reflex Right Ear 2kHz 70'],"['Both males and females 20 YEARS - 69 YEARS', 'Both males and females 12 YEARS - 19 YEARS']",[nan],,
1908,AUXRR270,1 To 35,Range Of Values,['Acoustic Reflex Right Ear 2kHz 70'],"['Both males and females 20 YEARS - 69 YEARS', 'Both males and females 12 YEARS - 19 YEARS']",[nan],,
1909,AUXRR270,-28 To 73,Range Of Values,['Acoustic Reflex Right Ear 2kHz 70'],"['Both males and females 20 YEARS - 69 YEARS', 'Both males and females 12 YEARS - 19 YEARS']",[nan],,
1910,AUXRR270,-11 To 53,Range Of Values,['Acoustic Reflex Right Ear 2kHz 70'],"['Both males and females 20 YEARS - 69 YEARS', 'Both males and females 12 YEARS - 19 YEARS']",[nan],,
1911,AUXRR270,-27 To 65,Range Of Values,['Acoustic Reflex Right Ear 2kHz 70'],"['Both males and females 20 YEARS - 69 YEARS', 'Both males and females 12 YEARS - 19 YEARS']",[nan],,
1912,AUXRR271,-9 To 60,Range Of Values,['Acoustic Reflex Right Ear 2kHz 71'],"['Both males and females 20 YEARS - 69 YEARS', 'Both males and females 12 YEARS - 19 YEARS']",[nan],,
1913,AUXRR271,.,Missing,['Acoustic Reflex Right Ear 2kHz 71'],"['Both males and females 20 YEARS - 69 YEARS', 'Both males and females 12 YEARS - 19 YEARS']",[nan],,
1914,AUXRR271,-73 To 65,Range Of Values,['Acoustic Reflex Right Ear 2kHz 71'],"['Both males and females 20 YEARS - 69 YEARS', 'Both males and females 12 YEARS - 19 YEARS']",[nan],,
1915,AUXRR271,-19 To 77,Range Of Values,['Acoustic Reflex Right Ear 2kHz 71'],"['Both males and females 20 YEARS - 69 YEARS', 'Both males and females 12 YEARS - 19 YEARS']",[nan],,
1916,AUXRR271,1 To 36,Range Of Values,['Acoustic Reflex Right Ear 2kHz 71'],"['Both males and females 20 YEARS - 69 YEARS', 'Both males and females 12 YEARS - 19 YEARS']",[nan],,
1917,AUXRR271,-22 To 78,Range Of Values,['Acoustic Reflex Right Ear 2kHz 71'],"['Both males and females 20 YEARS - 69 YEARS', 'Both males and females 12 YEARS - 19 YEARS']",[nan],,
1918,AUXRR271,-9 To 48,Range Of Values,['Acoustic Reflex Right Ear 2kHz 71'],"['Both males and females 20 YEARS - 69 YEARS', 'Both males and females 12 YEARS - 19 YEARS']",[nan],,
1919,AUXRR271,-16 To 96,Range Of Values,['Acoustic Reflex Right Ear 2kHz 71'],"['Both males and females 20 YEARS - 69 YEARS', 'Both males and females 12 YEARS - 19 YEARS']",[nan],,
1920,AUXRR272,-15 To 112,Range Of Values,['Acoustic Reflex Right Ear 2kHz 72'],"['Both males and females 20 YEARS - 69 YEARS', 'Both males and females 12 YEARS - 19 YEARS']",[nan],,
1921,AUXRR272,.,Missing,['Acoustic Reflex Right Ear 2kHz 72'],"['Both males and females 20 YEARS - 69 YEARS', 'Both males and females 12 YEARS - 19 YEARS']",[nan],,
1922,AUXRR272,-67 To 54,Range Of Values,['Acoustic Reflex Right Ear 2kHz 72'],"['Both males and females 20 YEARS - 69 YEARS', 'Both males and females 12 YEARS - 19 YEARS']",[nan],,
1923,AUXRR272,-24 To 91,Range Of Values,['Acoustic Reflex Right Ear 2kHz 72'],"['Both males and females 20 YEARS - 69 YEARS', 'Both males and females 12 YEARS - 19 YEARS']",[nan],,
1924,AUXRR272,-8 To 35,Range Of Values,['Acoustic Reflex Right Ear 2kHz 72'],"['Both males and females 20 YEARS - 69 YEARS', 'Both males and females 12 YEARS - 19 YEARS']",[nan],,
1925,AUXRR272,-6 To 71,Range Of Values,['Acoustic Reflex Right Ear 2kHz 72'],"['Both males and females 20 YEARS - 69 YEARS', 'Both males and females 12 YEARS - 19 YEARS']",[nan],,
1926,AUXRR272,-8 To 57,Range Of Values,['Acoustic Reflex Right Ear 2kHz 72'],"['Both males and females 20 YEARS - 69 YEARS', 'Both males and females 12 YEARS - 19 YEARS']",[nan],,
1927,AUXRR272,-12 To 122,Range Of Values,['Acoustic Reflex Right Ear 2kHz 72'],"['Both males and females 20 YEARS - 69 YEARS', 'Both males and females 12 YEARS - 19 YEARS']",[nan],,
1928,AUXRR273,-19 To 124,Range Of Values,['Acoustic Reflex Right Ear 2kHz 73'],"['Both males and females 20 YEARS - 69 YEARS', 'Both males and females 12 YEARS - 19 YEARS']",[nan],,
1929,AUXRR273,.,Missing,['Acoustic Reflex Right Ear 2kHz 73'],"['Both males and females 20 YEARS - 69 YEARS', 'Both males and females 12 YEARS - 19 YEARS']",[nan],,
1930,AUXRR273,-64 To 36,Range Of Values,['Acoustic Reflex Right Ear 2kHz 73'],"['Both males and females 20 YEARS - 69 YEARS', 'Both males and females 12 YEARS - 19 YEARS']",[nan],,
1931,AUXRR273,-30 To 114,Range Of Values,['Acoustic Reflex Right Ear 2kHz 73'],"['Both males and females 20 YEARS - 69 YEARS', 'Both males and females 12 YEARS - 19 YEARS']",[nan],,
1932,AUXRR273,-7 To 40,Range Of Values,['Acoustic Reflex Right Ear 2kHz 73'],"['Both males and females 20 YEARS - 69 YEARS', 'Both males and females 12 YEARS - 19 YEARS']",[nan],,
1933,AUXRR273,-6 To 62,Range Of Values,['Acoustic Reflex Right Ear 2kHz 73'],"['Both males and females 20 YEARS - 69 YEARS', 'Both males and females 12 YEARS - 19 YEARS']",[nan],,
1934,AUXRR273,-7 To 79,Range Of Values,['Acoustic Reflex Right Ear 2kHz 73'],"['Both males and females 20 YEARS - 69 YEARS', 'Both males and females 12 YEARS - 19 YEARS']",[nan],,
1935,AUXRR273,-16 To 107,Range Of Values,['Acoustic Reflex Right Ear 2kHz 73'],"['Both males and females 20 YEARS - 69 YEARS', 'Both males and females 12 YEARS - 19 YEARS']",[nan],,
1936,AUXRR274,-19 To 73,Range Of Values,['Acoustic Reflex Right Ear 2kHz 74'],"['Both males and females 20 YEARS - 69 YEARS', 'Both males and females 12 YEARS - 19 YEARS']",[nan],,
1937,AUXRR274,.,Missing,['Acoustic Reflex Right Ear 2kHz 74'],"['Both males and females 20 YEARS - 69 YEARS', 'Both males and females 12 YEARS - 19 YEARS']",[nan],,
1938,AUXRR274,-58 To 40,Range Of Values,['Acoustic Reflex Right Ear 2kHz 74'],"['Both males and females 20 YEARS - 69 YEARS', 'Both males and females 12 YEARS - 19 YEARS']",[nan],,
1939,AUXRR274,-36 To 122,Range Of Values,['Acoustic Reflex Right Ear 2kHz 74'],"['Both males and females 20 YEARS - 69 YEARS', 'Both males and females 12 YEARS - 19 YEARS']",[nan],,
1940,AUXRR274,-13 To 34,Range Of Values,['Acoustic Reflex Right Ear 2kHz 74'],"['Both males and females 20 YEARS - 69 YEARS', 'Both males and females 12 YEARS - 19 YEARS']",[nan],,
1941,AUXRR274,-7 To 65,Range Of Values,['Acoustic Reflex Right Ear 2kHz 74'],"['Both males and females 20 YEARS - 69 YEARS', 'Both males and females 12 YEARS - 19 YEARS']",[nan],,
1942,AUXRR274,-7 To 70,Range Of Values,['Acoustic Reflex Right Ear 2kHz 74'],"['Both males and females 20 YEARS - 69 YEARS', 'Both males and females 12 YEARS - 19 YEARS']",[nan],,
1943,AUXRR274,-13 To 83,Range Of Values,['Acoustic Reflex Right Ear 2kHz 74'],"['Both males and females 20 YEARS - 69 YEARS', 'Both males and females 12 YEARS - 19 YEARS']",[nan],,
1944,AUXRR275,-16 To 47,Range Of Values,['Acoustic Reflex Right Ear 2kHz 75'],"['Both males and females 20 YEARS - 69 YEARS', 'Both males and females 12 YEARS - 19 YEARS']",[nan],,
1945,AUXRR275,.,Missing,['Acoustic Reflex Right Ear 2kHz 75'],"['Both males and females 20 YEARS - 69 YEARS', 'Both males and females 12 YEARS - 19 YEARS']",[nan],,
1946,AUXRR275,-50 To 50,Range Of Values,['Acoustic Reflex Right Ear 2kHz 75'],"['Both males and females 20 YEARS - 69 YEARS', 'Both males and females 12 YEARS - 19 YEARS']",[nan],,
1947,AUXRR275,-39 To 96,Range Of Values,['Acoustic Reflex Right Ear 2kHz 75'],"['Both males and females 20 YEARS - 69 YEARS', 'Both males and females 12 YEARS - 19 YEARS']",[nan],,
1948,AUXRR275,-8 To 34,Range Of Values,['Acoustic Reflex Right Ear 2kHz 75'],"['Both males and females 20 YEARS - 69 YEARS', 'Both males and females 12 YEARS - 19 YEARS']",[nan],,
1949,AUXRR275,-16 To 80,Range Of Values,['Acoustic Reflex Right Ear 2kHz 75'],"['Both males and females 20 YEARS - 69 YEARS', 'Both males and females 12 YEARS - 19 YEARS']",[nan],,
1950,AUXRR275,-14 To 81,Range Of Values,['Acoustic Reflex Right Ear 2kHz 75'],"['Both males and females 20 YEARS - 69 YEARS', 'Both males and females 12 YEARS - 19 YEARS']",[nan],,
1951,AUXRR275,-13 To 52,Range Of Values,['Acoustic Reflex Right Ear 2kHz 75'],"['Both males and females 20 YEARS - 69 YEARS', 'Both males and females 12 YEARS - 19 YEARS']",[nan],,
1952,AUXRR276,-10 To 65,Range Of Values,['Acoustic Reflex Right Ear 2kHz 76'],"['Both males and females 20 YEARS - 69 YEARS', 'Both males and females 12 YEARS - 19 YEARS']",[nan],,
1953,AUXRR276,.,Missing,['Acoustic Reflex Right Ear 2kHz 76'],"['Both males and females 20 YEARS - 69 YEARS', 'Both males and females 12 YEARS - 19 YEARS']",[nan],,
1954,AUXRR276,-46 To 46,Range Of Values,['Acoustic Reflex Right Ear 2kHz 76'],"['Both males and females 20 YEARS - 69 YEARS', 'Both males and females 12 YEARS - 19 YEARS']",[nan],,
1955,AUXRR276,-31 To 65,Range Of Values,['Acoustic Reflex Right Ear 2kHz 76'],"['Both males and females 20 YEARS - 69 YEARS', 'Both males and females 12 YEARS - 19 YEARS']",[nan],,
1956,AUXRR276,-8 To 33,Range Of Values,['Acoustic Reflex Right Ear 2kHz 76'],"['Both males and females 20 YEARS - 69 YEARS', 'Both males and females 12 YEARS - 19 YEARS']",[nan],,
1957,AUXRR276,-24 To 73,Range Of Values,['Acoustic Reflex Right Ear 2kHz 76'],"['Both males and females 20 YEARS - 69 YEARS', 'Both males and females 12 YEARS - 19 YEARS']",[nan],,
1958,AUXRR276,-31 To 69,Range Of Values,['Acoustic Reflex Right Ear 2kHz 76'],"['Both males and females 20 YEARS - 69 YEARS', 'Both males and females 12 YEARS - 19 YEARS']",[nan],,
1959,AUXRR276,-14 To 35,Range Of Values,['Acoustic Reflex Right Ear 2kHz 76'],"['Both males and females 20 YEARS - 69 YEARS', 'Both males and females 12 YEARS - 19 YEARS']",[nan],,
1960,AUXRR277,-10 To 43,Range Of Values,['Acoustic Reflex Right Ear 2kHz 77'],"['Both males and females 20 YEARS - 69 YEARS', 'Both males and females 12 YEARS - 19 YEARS']",[nan],,
1961,AUXRR277,.,Missing,['Acoustic Reflex Right Ear 2kHz 77'],"['Both males and females 20 YEARS - 69 YEARS', 'Both males and females 12 YEARS - 19 YEARS']",[nan],,
1962,AUXRR277,-40 To 43,Range Of Values,['Acoustic Reflex Right Ear 2kHz 77'],"['Both males and females 20 YEARS - 69 YEARS', 'Both males and females 12 YEARS - 19 YEARS']",[nan],,
1963,AUXRR277,-40 To 92,Range Of Values,['Acoustic Reflex Right Ear 2kHz 77'],"['Both males and females 20 YEARS - 69 YEARS', 'Both males and females 12 YEARS - 19 YEARS']",[nan],,
1964,AUXRR277,-8 To 36,Range Of Values,['Acoustic Reflex Right Ear 2kHz 77'],"['Both males and females 20 YEARS - 69 YEARS', 'Both males and females 12 YEARS - 19 YEARS']",[nan],,
1965,AUXRR277,-12 To 85,Range Of Values,['Acoustic Reflex Right Ear 2kHz 77'],"['Both males and females 20 YEARS - 69 YEARS', 'Both males and females 12 YEARS - 19 YEARS']",[nan],,
1966,AUXRR277,-29 To 74,Range Of Values,['Acoustic Reflex Right Ear 2kHz 77'],"['Both males and females 20 YEARS - 69 YEARS', 'Both males and females 12 YEARS - 19 YEARS']",[nan],,
1967,AUXRR277,-18 To 44,Range Of Values,['Acoustic Reflex Right Ear 2kHz 77'],"['Both males and females 20 YEARS - 69 YEARS', 'Both males and females 12 YEARS - 19 YEARS']",[nan],,
1968,AUXRR278,-16 To 49,Range Of Values,['Acoustic Reflex Right Ear 2kHz 78'],"['Both males and females 20 YEARS - 69 YEARS', 'Both males and females 12 YEARS - 19 YEARS']",[nan],,
1969,AUXRR278,.,Missing,['Acoustic Reflex Right Ear 2kHz 78'],"['Both males and females 20 YEARS - 69 YEARS', 'Both males and females 12 YEARS - 19 YEARS']",[nan],,
1970,AUXRR278,-32 To 48,Range Of Values,['Acoustic Reflex Right Ear 2kHz 78'],"['Both males and females 20 YEARS - 69 YEARS', 'Both males and females 12 YEARS - 19 YEARS']",[nan],,
1971,AUXRR278,-34 To 114,Range Of Values,['Acoustic Reflex Right Ear 2kHz 78'],"['Both males and females 20 YEARS - 69 YEARS', 'Both males and females 12 YEARS - 19 YEARS']",[nan],,
1972,AUXRR278,-11 To 31,Range Of Values,['Acoustic Reflex Right Ear 2kHz 78'],"['Both males and females 20 YEARS - 69 YEARS', 'Both males and females 12 YEARS - 19 YEARS']",[nan],,
1973,AUXRR278,-19 To 90,Range Of Values,['Acoustic Reflex Right Ear 2kHz 78'],"['Both males and females 20 YEARS - 69 YEARS', 'Both males and females 12 YEARS - 19 YEARS']",[nan],,
1974,AUXRR278,-19 To 69,Range Of Values,['Acoustic Reflex Right Ear 2kHz 78'],"['Both males and females 20 YEARS - 69 YEARS', 'Both males and females 12 YEARS - 19 YEARS']",[nan],,
1975,AUXRR278,-16 To 57,Range Of Values,['Acoustic Reflex Right Ear 2kHz 78'],"['Both males and females 20 YEARS - 69 YEARS', 'Both males and females 12 YEARS - 19 YEARS']",[nan],,
1976,AUXRR279,-18 To 79,Range Of Values,['Acoustic Reflex Right Ear 2kHz 79'],"['Both males and females 20 YEARS - 69 YEARS', 'Both males and females 12 YEARS - 19 YEARS']",[nan],,
1977,AUXRR279,.,Missing,['Acoustic Reflex Right Ear 2kHz 79'],"['Both males and females 20 YEARS - 69 YEARS', 'Both males and females 12 YEARS - 19 YEARS']",[nan],,
1978,AUXRR279,-25 To 51,Range Of Values,['Acoustic Reflex Right Ear 2kHz 79'],"['Both males and females 20 YEARS - 69 YEARS', 'Both males and females 12 YEARS - 19 YEARS']",[nan],,
1979,AUXRR279,-17 To 125,Range Of Values,['Acoustic Reflex Right Ear 2kHz 79'],"['Both males and females 20 YEARS - 69 YEARS', 'Both males and females 12 YEARS - 19 YEARS']",[nan],,
1980,AUXRR279,-11 To 32,Range Of Values,['Acoustic Reflex Right Ear 2kHz 79'],"['Both males and females 20 YEARS - 69 YEARS', 'Both males and females 12 YEARS - 19 YEARS']",[nan],,
1981,AUXRR279,-24 To 96,Range Of Values,['Acoustic Reflex Right Ear 2kHz 79'],"['Both males and females 20 YEARS - 69 YEARS', 'Both males and females 12 YEARS - 19 YEARS']",[nan],,
1982,AUXRR279,-22 To 67,Range Of Values,['Acoustic Reflex Right Ear 2kHz 79'],"['Both males and females 20 YEARS - 69 YEARS', 'Both males and females 12 YEARS - 19 YEARS']",[nan],,
1983,AUXRR279,-21 To 56,Range Of Values,['Acoustic Reflex Right Ear 2kHz 79'],"['Both males and females 20 YEARS - 69 YEARS', 'Both males and females 12 YEARS - 19 YEARS']",[nan],,
1984,AUXRR280,-16 To 57,Range Of Values,['Acoustic Reflex Right Ear 2kHz 80'],"['Both males and females 20 YEARS - 69 YEARS', 'Both males and females 12 YEARS - 19 YEARS']",[nan],,
1985,AUXRR280,.,Missing,['Acoustic Reflex Right Ear 2kHz 80'],"['Both males and females 20 YEARS - 69 YEARS', 'Both males and females 12 YEARS - 19 YEARS']",[nan],,
1986,AUXRR280,-28 To 55,Range Of Values,['Acoustic Reflex Right Ear 2kHz 80'],"['Both males and females 20 YEARS - 69 YEARS', 'Both males and females 12 YEARS - 19 YEARS']",[nan],,
1987,AUXRR280,-15 To 124,Range Of Values,['Acoustic Reflex Right Ear 2kHz 80'],"['Both males and females 20 YEARS - 69 YEARS', 'Both males and females 12 YEARS - 19 YEARS']",[nan],,
1988,AUXRR280,-7 To 28,Range Of Values,['Acoustic Reflex Right Ear 2kHz 80'],"['Both males and females 20 YEARS - 69 YEARS', 'Both males and females 12 YEARS - 19 YEARS']",[nan],,
1989,AUXRR280,-26 To 98,Range Of Values,['Acoustic Reflex Right Ear 2kHz 80'],"['Both males and females 20 YEARS - 69 YEARS', 'Both males and females 12 YEARS - 19 YEARS']",[nan],,
1990,AUXRR280,-23 To 69,Range Of Values,['Acoustic Reflex Right Ear 2kHz 80'],"['Both males and females 20 YEARS - 69 YEARS', 'Both males and females 12 YEARS - 19 YEARS']",[nan],,
1991,AUXRR280,-17 To 39,Range Of Values,['Acoustic Reflex Right Ear 2kHz 80'],"['Both males and females 20 YEARS - 69 YEARS', 'Both males and females 12 YEARS - 19 YEARS']",[nan],,
1992,AUXRR281,-16 To 48,Range Of Values,['Acoustic Reflex Right Ear 2kHz 81'],"['Both males and females 20 YEARS - 69 YEARS', 'Both males and females 12 YEARS - 19 YEARS']",[nan],,
1993,AUXRR281,.,Missing,['Acoustic Reflex Right Ear 2kHz 81'],"['Both males and females 20 YEARS - 69 YEARS', 'Both males and females 12 YEARS - 19 YEARS']",[nan],,
1994,AUXRR281,-16 To 62,Range Of Values,['Acoustic Reflex Right Ear 2kHz 81'],"['Both males and females 20 YEARS - 69 YEARS', 'Both males and females 12 YEARS - 19 YEARS']",[nan],,
1995,AUXRR281,-20 To 78,Range Of Values,['Acoustic Reflex Right Ear 2kHz 81'],"['Both males and females 20 YEARS - 69 YEARS', 'Both males and females 12 YEARS - 19 YEARS']",[nan],,
1996,AUXRR281,-7 To 28,Range Of Values,['Acoustic Reflex Right Ear 2kHz 81'],"['Both males and females 20 YEARS - 69 YEARS', 'Both males and females 12 YEARS - 19 YEARS']",[nan],,
1997,AUXRR281,-25 To 98,Range Of Values,['Acoustic Reflex Right Ear 2kHz 81'],"['Both males and females 20 YEARS - 69 YEARS', 'Both males and females 12 YEARS - 19 YEARS']",[nan],,
1998,AUXRR281,-16 To 80,Range Of Values,['Acoustic Reflex Right Ear 2kHz 81'],"['Both males and females 20 YEARS - 69 YEARS', 'Both males and females 12 YEARS - 19 YEARS']",[nan],,
1999,AUXRR281,-17 To 39,Range Of Values,['Acoustic Reflex Right Ear 2kHz 81'],"['Both males and females 20 YEARS - 69 YEARS', 'Both males and females 12 YEARS - 19 YEARS']",[nan],,
2000,AUXRR282,-10 To 61,Range Of Values,['Acoustic Reflex Right Ear 2kHz 82'],"['Both males and females 20 YEARS - 69 YEARS', 'Both males and females 12 YEARS - 19 YEARS']",[nan],,
2001,AUXRR282,.,Missing,['Acoustic Reflex Right Ear 2kHz 82'],"['Both males and females 20 YEARS - 69 YEARS', 'Both males and females 12 YEARS - 19 YEARS']",[nan],,
2002,AUXRR282,-17 To 68,Range Of Values,['Acoustic Reflex Right Ear 2kHz 82'],"['Both males and females 20 YEARS - 69 YEARS', 'Both males and females 12 YEARS - 19 YEARS']",[nan],,
2003,AUXRR282,-24 To 49,Range Of Values,['Acoustic Reflex Right Ear 2kHz 82'],"['Both males and females 20 YEARS - 69 YEARS', 'Both males and females 12 YEARS - 19 YEARS']",[nan],,
2004,AUXRR282,-6 To 29,Range Of Values,['Acoustic Reflex Right Ear 2kHz 82'],"['Both males and females 20 YEARS - 69 YEARS', 'Both males and females 12 YEARS - 19 YEARS']",[nan],,
2005,AUXRR282,-24 To 98,Range Of Values,['Acoustic Reflex Right Ear 2kHz 82'],"['Both males and females 20 YEARS - 69 YEARS', 'Both males and females 12 YEARS - 19 YEARS']",[nan],,
2006,AUXRR282,-12 To 90,Range Of Values,['Acoustic Reflex Right Ear 2kHz 82'],"['Both males and females 20 YEARS - 69 YEARS', 'Both males and females 12 YEARS - 19 YEARS']",[nan],,
2007,AUXRR282,-18 To 42,Range Of Values,['Acoustic Reflex Right Ear 2kHz 82'],"['Both males and females 20 YEARS - 69 YEARS', 'Both males and females 12 YEARS - 19 YEARS']",[nan],,
2008,AUXRR283,-6 To 55,Range Of Values,['Acoustic Reflex Right Ear 2kHz 83'],"['Both males and females 20 YEARS - 69 YEARS', 'Both males and females 12 YEARS - 19 YEARS']",[nan],,
2009,AUXRR283,.,Missing,['Acoustic Reflex Right Ear 2kHz 83'],"['Both males and females 20 YEARS - 69 YEARS', 'Both males and females 12 YEARS - 19 YEARS']",[nan],,
2010,AUXRR283,-14 To 68,Range Of Values,['Acoustic Reflex Right Ear 2kHz 83'],"['Both males and females 20 YEARS - 69 YEARS', 'Both males and females 12 YEARS - 19 YEARS']",[nan],,
2011,AUXRR283,-38 To 59,Range Of Values,['Acoustic Reflex Right Ear 2kHz 83'],"['Both males and females 20 YEARS - 69 YEARS', 'Both males and females 12 YEARS - 19 YEARS']",[nan],,
2012,AUXRR283,-5 To 29,Range Of Values,['Acoustic Reflex Right Ear 2kHz 83'],"['Both males and females 20 YEARS - 69 YEARS', 'Both males and females 12 YEARS - 19 YEARS']",[nan],,
2013,AUXRR283,-21 To 98,Range Of Values,['Acoustic Reflex Right Ear 2kHz 83'],"['Both males and females 20 YEARS - 69 YEARS', 'Both males and females 12 YEARS - 19 YEARS']",[nan],,
2014,AUXRR283,-11 To 96,Range Of Values,['Acoustic Reflex Right Ear 2kHz 83'],"['Both males and females 20 YEARS - 69 YEARS', 'Both males and females 12 YEARS - 19 YEARS']",[nan],,
2015,AUXRR283,-24 To 73,Range Of Values,['Acoustic Reflex Right Ear 2kHz 83'],"['Both males and females 20 YEARS - 69 YEARS', 'Both males and females 12 YEARS - 19 YEARS']",[nan],,
2016,AUXRR284,-4 To 41,Range Of Values,['Acoustic Reflex Right Ear 2kHz 84'],"['Both males and females 20 YEARS - 69 YEARS', 'Both males and females 12 YEARS - 19 YEARS']",[nan],,
2017,AUXRR284,.,Missing,['Acoustic Reflex Right Ear 2kHz 84'],"['Both males and females 20 YEARS - 69 YEARS', 'Both males and females 12 YEARS - 19 YEARS']",[nan],,
2018,AUXRR284,-11 To 66,Range Of Values,['Acoustic Reflex Right Ear 2kHz 84'],"['Both males and females 20 YEARS - 69 YEARS', 'Both males and females 12 YEARS - 19 YEARS']",[nan],,
2019,AUXRR284,-40 To 73,Range Of Values,['Acoustic Reflex Right Ear 2kHz 84'],"['Both males and females 20 YEARS - 69 YEARS', 'Both males and females 12 YEARS - 19 YEARS']",[nan],,
2020,AUXRR284,-16 To 31,Range Of Values,['Acoustic Reflex Right Ear 2kHz 84'],"['Both males and females 20 YEARS - 69 YEARS', 'Both males and females 12 YEARS - 19 YEARS']",[nan],,
2021,AUXRR284,-18 To 98,Range Of Values,['Acoustic Reflex Right Ear 2kHz 84'],"['Both males and females 20 YEARS - 69 YEARS', 'Both males and females 12 YEARS - 19 YEARS']",[nan],,
2022,AUXRR284,-9 To 100,Range Of Values,['Acoustic Reflex Right Ear 2kHz 84'],"['Both males and females 20 YEARS - 69 YEARS', 'Both males and females 12 YEARS - 19 YEARS']",[nan],,
2023,AUXRR284,-28 To 61,Range Of Values,['Acoustic Reflex Right Ear 2kHz 84'],"['Both males and females 20 YEARS - 69 YEARS', 'Both males and females 12 YEARS - 19 YEARS']",[nan],,
2024,AUXLR201,-33 To 74,Range Of Values,['Acoustic Reflex Left Ear 2kHz 01'],"['Both males and females 20 YEARS - 69 YEARS', 'Both males and females 12 YEARS - 19 YEARS']",[nan],,
2025,AUXLR201,.,Missing,['Acoustic Reflex Left Ear 2kHz 01'],"['Both males and females 20 YEARS - 69 YEARS', 'Both males and females 12 YEARS - 19 YEARS']",[nan],,
2026,AUXLR201,-104 To 42,Range Of Values,['Acoustic Reflex Left Ear 2kHz 01'],"['Both males and females 20 YEARS - 69 YEARS', 'Both males and females 12 YEARS - 19 YEARS']",[nan],,
2027,AUXLR201,-74 To 65,Range Of Values,['Acoustic Reflex Left Ear 2kHz 01'],"['Both males and females 20 YEARS - 69 YEARS', 'Both males and females 12 YEARS - 19 YEARS']",[nan],,
2028,AUXLR201,-56 To 50,Range Of Values,['Acoustic Reflex Left Ear 2kHz 01'],"['Both males and females 20 YEARS - 69 YEARS', 'Both males and females 12 YEARS - 19 YEARS']",[nan],,
2029,AUXLR201,-36 To 54,Range Of Values,['Acoustic Reflex Left Ear 2kHz 01'],"['Both males and females 20 YEARS - 69 YEARS', 'Both males and females 12 YEARS - 19 YEARS']",[nan],,
2030,AUXLR201,-48 To 51,Range Of Values,['Acoustic Reflex Left Ear 2kHz 01'],"['Both males and females 20 YEARS - 69 YEARS', 'Both males and females 12 YEARS - 19 YEARS']",[nan],,
2031,AUXLR201,-27 To 67,Range Of Values,['Acoustic Reflex Left Ear 2kHz 01'],"['Both males and females 20 YEARS - 69 YEARS', 'Both males and females 12 YEARS - 19 YEARS']",[nan],,
2032,AUXLR202,-36 To 78,Range Of Values,['Acoustic Reflex Left Ear 2kHz 02'],"['Both males and females 20 YEARS - 69 YEARS', 'Both males and females 12 YEARS - 19 YEARS']",[nan],,
2033,AUXLR202,.,Missing,['Acoustic Reflex Left Ear 2kHz 02'],"['Both males and females 20 YEARS - 69 YEARS', 'Both males and females 12 YEARS - 19 YEARS']",[nan],,
2034,AUXLR202,-102 To 49,Range Of Values,['Acoustic Reflex Left Ear 2kHz 02'],"['Both males and females 20 YEARS - 69 YEARS', 'Both males and females 12 YEARS - 19 YEARS']",[nan],,
2035,AUXLR202,-77 To 59,Range Of Values,['Acoustic Reflex Left Ear 2kHz 02'],"['Both males and females 20 YEARS - 69 YEARS', 'Both males and females 12 YEARS - 19 YEARS']",[nan],,
2036,AUXLR202,-54 To 52,Range Of Values,['Acoustic Reflex Left Ear 2kHz 02'],"['Both males and females 20 YEARS - 69 YEARS', 'Both males and females 12 YEARS - 19 YEARS']",[nan],,
2037,AUXLR202,-31 To 61,Range Of Values,['Acoustic Reflex Left Ear 2kHz 02'],"['Both males and females 20 YEARS - 69 YEARS', 'Both males and females 12 YEARS - 19 YEARS']",[nan],,
2038,AUXLR202,-48 To 44,Range Of Values,['Acoustic Reflex Left Ear 2kHz 02'],"['Both males and females 20 YEARS - 69 YEARS', 'Both males and females 12 YEARS - 19 YEARS']",[nan],,
2039,AUXLR202,-28 To 61,Range Of Values,['Acoustic Reflex Left Ear 2kHz 02'],"['Both males and females 20 YEARS - 69 YEARS', 'Both males and females 12 YEARS - 19 YEARS']",[nan],,
2040,AUXLR203,-37 To 64,Range Of Values,['Acoustic Reflex Left Ear 2kHz 03'],"['Both males and females 20 YEARS - 69 YEARS', 'Both males and females 12 YEARS - 19 YEARS']",[nan],,
2041,AUXLR203,.,Missing,['Acoustic Reflex Left Ear 2kHz 03'],"['Both males and females 20 YEARS - 69 YEARS', 'Both males and females 12 YEARS - 19 YEARS']",[nan],,
2042,AUXLR203,-100 To 50,Range Of Values,['Acoustic Reflex Left Ear 2kHz 03'],"['Both males and females 20 YEARS - 69 YEARS', 'Both males and females 12 YEARS - 19 YEARS']",[nan],,
2043,AUXLR203,-76 To 62,Range Of Values,['Acoustic Reflex Left Ear 2kHz 03'],"['Both males and females 20 YEARS - 69 YEARS', 'Both males and females 12 YEARS - 19 YEARS']",[nan],,
2044,AUXLR203,-53 To 52,Range Of Values,['Acoustic Reflex Left Ear 2kHz 03'],"['Both males and females 20 YEARS - 69 YEARS', 'Both males and females 12 YEARS - 19 YEARS']",[nan],,
2045,AUXLR203,-26 To 80,Range Of Values,['Acoustic Reflex Left Ear 2kHz 03'],"['Both males and females 20 YEARS - 69 YEARS', 'Both males and females 12 YEARS - 19 YEARS']",[nan],,
2046,AUXLR203,-48 To 46,Range Of Values,['Acoustic Reflex Left Ear 2kHz 03'],"['Both males and females 20 YEARS - 69 YEARS', 'Both males and females 12 YEARS - 19 YEARS']",[nan],,
2047,AUXLR203,-29 To 53,Range Of Values,['Acoustic Reflex Left Ear 2kHz 03'],"['Both males and females 20 YEARS - 69 YEARS', 'Both males and females 12 YEARS - 19 YEARS']",[nan],,
2048,AUXLR204,-37 To 48,Range Of Values,['Acoustic Reflex Left Ear 2kHz 04'],"['Both males and females 20 YEARS - 69 YEARS', 'Both males and females 12 YEARS - 19 YEARS']",[nan],,
2049,AUXLR204,.,Missing,['Acoustic Reflex Left Ear 2kHz 04'],"['Both males and females 20 YEARS - 69 YEARS', 'Both males and females 12 YEARS - 19 YEARS']",[nan],,
2050,AUXLR204,-96 To 45,Range Of Values,['Acoustic Reflex Left Ear 2kHz 04'],"['Both males and females 20 YEARS - 69 YEARS', 'Both males and females 12 YEARS - 19 YEARS']",[nan],,
2051,AUXLR204,-69 To 64,Range Of Values,['Acoustic Reflex Left Ear 2kHz 04'],"['Both males and females 20 YEARS - 69 YEARS', 'Both males and females 12 YEARS - 19 YEARS']",[nan],,
2052,AUXLR204,-52 To 63,Range Of Values,['Acoustic Reflex Left Ear 2kHz 04'],"['Both males and females 20 YEARS - 69 YEARS', 'Both males and females 12 YEARS - 19 YEARS']",[nan],,
2053,AUXLR204,-22 To 112,Range Of Values,['Acoustic Reflex Left Ear 2kHz 04'],"['Both males and females 20 YEARS - 69 YEARS', 'Both males and females 12 YEARS - 19 YEARS']",[nan],,
2054,AUXLR204,-48 To 48,Range Of Values,['Acoustic Reflex Left Ear 2kHz 04'],"['Both males and females 20 YEARS - 69 YEARS', 'Both males and females 12 YEARS - 19 YEARS']",[nan],,
2055,AUXLR204,-30 To 60,Range Of Values,['Acoustic Reflex Left Ear 2kHz 04'],"['Both males and females 20 YEARS - 69 YEARS', 'Both males and females 12 YEARS - 19 YEARS']",[nan],,
2056,AUXLR205,-33 To 52,Range Of Values,['Acoustic Reflex Left Ear 2kHz 05'],"['Both males and females 20 YEARS - 69 YEARS', 'Both males and females 12 YEARS - 19 YEARS']",[nan],,
2057,AUXLR205,.,Missing,['Acoustic Reflex Left Ear 2kHz 05'],"['Both males and females 20 YEARS - 69 YEARS', 'Both males and females 12 YEARS - 19 YEARS']",[nan],,
2058,AUXLR205,-91 To 49,Range Of Values,['Acoustic Reflex Left Ear 2kHz 05'],"['Both males and females 20 YEARS - 69 YEARS', 'Both males and females 12 YEARS - 19 YEARS']",[nan],,
2059,AUXLR205,-61 To 64,Range Of Values,['Acoustic Reflex Left Ear 2kHz 05'],"['Both males and females 20 YEARS - 69 YEARS', 'Both males and females 12 YEARS - 19 YEARS']",[nan],,
2060,AUXLR205,-51 To 54,Range Of Values,['Acoustic Reflex Left Ear 2kHz 05'],"['Both males and females 20 YEARS - 69 YEARS', 'Both males and females 12 YEARS - 19 YEARS']",[nan],,
2061,AUXLR205,-17 To 94,Range Of Values,['Acoustic Reflex Left Ear 2kHz 05'],"['Both males and females 20 YEARS - 69 YEARS', 'Both males and females 12 YEARS - 19 YEARS']",[nan],,
2062,AUXLR205,-47 To 48,Range Of Values,['Acoustic Reflex Left Ear 2kHz 05'],"['Both males and females 20 YEARS - 69 YEARS', 'Both males and females 12 YEARS - 19 YEARS']",[nan],,
2063,AUXLR205,-31 To 73,Range Of Values,['Acoustic Reflex Left Ear 2kHz 05'],"['Both males and females 20 YEARS - 69 YEARS', 'Both males and females 12 YEARS - 19 YEARS']",[nan],,
2064,AUXLR206,-31 To 46,Range Of Values,['Acoustic Reflex Left Ear 2kHz 06'],"['Both males and females 20 YEARS - 69 YEARS', 'Both males and females 12 YEARS - 19 YEARS']",[nan],,
2065,AUXLR206,.,Missing,['Acoustic Reflex Left Ear 2kHz 06'],"['Both males and females 20 YEARS - 69 YEARS', 'Both males and females 12 YEARS - 19 YEARS']",[nan],,
2066,AUXLR206,-83 To 37,Range Of Values,['Acoustic Reflex Left Ear 2kHz 06'],"['Both males and females 20 YEARS - 69 YEARS', 'Both males and females 12 YEARS - 19 YEARS']",[nan],,
2067,AUXLR206,-58 To 65,Range Of Values,['Acoustic Reflex Left Ear 2kHz 06'],"['Both males and females 20 YEARS - 69 YEARS', 'Both males and females 12 YEARS - 19 YEARS']",[nan],,
2068,AUXLR206,-51 To 56,Range Of Values,['Acoustic Reflex Left Ear 2kHz 06'],"['Both males and females 20 YEARS - 69 YEARS', 'Both males and females 12 YEARS - 19 YEARS']",[nan],,
2069,AUXLR206,-23 To 79,Range Of Values,['Acoustic Reflex Left Ear 2kHz 06'],"['Both males and females 20 YEARS - 69 YEARS', 'Both males and females 12 YEARS - 19 YEARS']",[nan],,
2070,AUXLR206,-45 To 58,Range Of Values,['Acoustic Reflex Left Ear 2kHz 06'],"['Both males and females 20 YEARS - 69 YEARS', 'Both males and females 12 YEARS - 19 YEARS']",[nan],,
2071,AUXLR206,-32 To 95,Range Of Values,['Acoustic Reflex Left Ear 2kHz 06'],"['Both males and females 20 YEARS - 69 YEARS', 'Both males and females 12 YEARS - 19 YEARS']",[nan],,
2072,AUXLR207,-33 To 47,Range Of Values,['Acoustic Reflex Left Ear 2kHz 07'],"['Both males and females 20 YEARS - 69 YEARS', 'Both males and females 12 YEARS - 19 YEARS']",[nan],,
2073,AUXLR207,.,Missing,['Acoustic Reflex Left Ear 2kHz 07'],"['Both males and females 20 YEARS - 69 YEARS', 'Both males and females 12 YEARS - 19 YEARS']",[nan],,
2074,AUXLR207,-75 To 39,Range Of Values,['Acoustic Reflex Left Ear 2kHz 07'],"['Both males and females 20 YEARS - 69 YEARS', 'Both males and females 12 YEARS - 19 YEARS']",[nan],,
2075,AUXLR207,-60 To 65,Range Of Values,['Acoustic Reflex Left Ear 2kHz 07'],"['Both males and females 20 YEARS - 69 YEARS', 'Both males and females 12 YEARS - 19 YEARS']",[nan],,
2076,AUXLR207,-52 To 56,Range Of Values,['Acoustic Reflex Left Ear 2kHz 07'],"['Both males and females 20 YEARS - 69 YEARS', 'Both males and females 12 YEARS - 19 YEARS']",[nan],,
2077,AUXLR207,-13 To 82,Range Of Values,['Acoustic Reflex Left Ear 2kHz 07'],"['Both males and females 20 YEARS - 69 YEARS', 'Both males and females 12 YEARS - 19 YEARS']",[nan],,
2078,AUXLR207,-43 To 54,Range Of Values,['Acoustic Reflex Left Ear 2kHz 07'],"['Both males and females 20 YEARS - 69 YEARS', 'Both males and females 12 YEARS - 19 YEARS']",[nan],,
2079,AUXLR207,-33 To 116,Range Of Values,['Acoustic Reflex Left Ear 2kHz 07'],"['Both males and females 20 YEARS - 69 YEARS', 'Both males and females 12 YEARS - 19 YEARS']",[nan],,
2080,AUXLR208,-32 To 81,Range Of Values,['Acoustic Reflex Left Ear 2kHz 08'],"['Both males and females 20 YEARS - 69 YEARS', 'Both males and females 12 YEARS - 19 YEARS']",[nan],,
2081,AUXLR208,.,Missing,['Acoustic Reflex Left Ear 2kHz 08'],"['Both males and females 20 YEARS - 69 YEARS', 'Both males and females 12 YEARS - 19 YEARS']",[nan],,
2082,AUXLR208,-63 To 42,Range Of Values,['Acoustic Reflex Left Ear 2kHz 08'],"['Both males and females 20 YEARS - 69 YEARS', 'Both males and females 12 YEARS - 19 YEARS']",[nan],,
2083,AUXLR208,-141 To 65,Range Of Values,['Acoustic Reflex Left Ear 2kHz 08'],"['Both males and females 20 YEARS - 69 YEARS', 'Both males and females 12 YEARS - 19 YEARS']",[nan],,
2084,AUXLR208,-53 To 54,Range Of Values,['Acoustic Reflex Left Ear 2kHz 08'],"['Both males and females 20 YEARS - 69 YEARS', 'Both males and females 12 YEARS - 19 YEARS']",[nan],,
2085,AUXLR208,-13 To 83,Range Of Values,['Acoustic Reflex Left Ear 2kHz 08'],"['Both males and females 20 YEARS - 69 YEARS', 'Both males and females 12 YEARS - 19 YEARS']",[nan],,
2086,AUXLR208,-40 To 59,Range Of Values,['Acoustic Reflex Left Ear 2kHz 08'],"['Both males and females 20 YEARS - 69 YEARS', 'Both males and females 12 YEARS - 19 YEARS']",[nan],,
2087,AUXLR208,-33 To 121,Range Of Values,['Acoustic Reflex Left Ear 2kHz 08'],"['Both males and females 20 YEARS - 69 YEARS', 'Both males and females 12 YEARS - 19 YEARS']",[nan],,
2088,AUXLR209,-31 To 68,Range Of Values,['Acoustic Reflex Left Ear 2kHz 09'],"['Both males and females 20 YEARS - 69 YEARS', 'Both males and females 12 YEARS - 19 YEARS']",[nan],,
2089,AUXLR209,.,Missing,['Acoustic Reflex Left Ear 2kHz 09'],"['Both males and females 20 YEARS - 69 YEARS', 'Both males and females 12 YEARS - 19 YEARS']",[nan],,
2090,AUXLR209,-45 To 43,Range Of Values,['Acoustic Reflex Left Ear 2kHz 09'],"['Both males and females 20 YEARS - 69 YEARS', 'Both males and females 12 YEARS - 19 YEARS']",[nan],,
2091,AUXLR209,-201 To 65,Range Of Values,['Acoustic Reflex Left Ear 2kHz 09'],"['Both males and females 20 YEARS - 69 YEARS', 'Both males and females 12 YEARS - 19 YEARS']",[nan],,
2092,AUXLR209,-52 To 51,Range Of Values,['Acoustic Reflex Left Ear 2kHz 09'],"['Both males and females 20 YEARS - 69 YEARS', 'Both males and females 12 YEARS - 19 YEARS']",[nan],,
2093,AUXLR209,-13 To 82,Range Of Values,['Acoustic Reflex Left Ear 2kHz 09'],"['Both males and females 20 YEARS - 69 YEARS', 'Both males and females 12 YEARS - 19 YEARS']",[nan],,
2094,AUXLR209,-36 To 60,Range Of Values,['Acoustic Reflex Left Ear 2kHz 09'],"['Both males and females 20 YEARS - 69 YEARS', 'Both males and females 12 YEARS - 19 YEARS']",[nan],,
2095,AUXLR209,-31 To 115,Range Of Values,['Acoustic Reflex Left Ear 2kHz 09'],"['Both males and females 20 YEARS - 69 YEARS', 'Both males and females 12 YEARS - 19 YEARS']",[nan],,
2096,AUXLR210,-31 To 55,Range Of Values,['Acoustic Reflex Left Ear 2kHz 10'],"['Both males and females 20 YEARS - 69 YEARS', 'Both males and females 12 YEARS - 19 YEARS']",[nan],,
2097,AUXLR210,.,Missing,['Acoustic Reflex Left Ear 2kHz 10'],"['Both males and females 20 YEARS - 69 YEARS', 'Both males and females 12 YEARS - 19 YEARS']",[nan],,
2098,AUXLR210,-33 To 64,Range Of Values,['Acoustic Reflex Left Ear 2kHz 10'],"['Both males and females 20 YEARS - 69 YEARS', 'Both males and females 12 YEARS - 19 YEARS']",[nan],,
2099,AUXLR210,-198 To 65,Range Of Values,['Acoustic Reflex Left Ear 2kHz 10'],"['Both males and females 20 YEARS - 69 YEARS', 'Both males and females 12 YEARS - 19 YEARS']",[nan],,
2100,AUXLR210,-50 To 49,Range Of Values,['Acoustic Reflex Left Ear 2kHz 10'],"['Both males and females 20 YEARS - 69 YEARS', 'Both males and females 12 YEARS - 19 YEARS']",[nan],,
2101,AUXLR210,-12 To 79,Range Of Values,['Acoustic Reflex Left Ear 2kHz 10'],"['Both males and females 20 YEARS - 69 YEARS', 'Both males and females 12 YEARS - 19 YEARS']",[nan],,
2102,AUXLR210,-34 To 61,Range Of Values,['Acoustic Reflex Left Ear 2kHz 10'],"['Both males and females 20 YEARS - 69 YEARS', 'Both males and females 12 YEARS - 19 YEARS']",[nan],,
2103,AUXLR210,-30 To 102,Range Of Values,['Acoustic Reflex Left Ear 2kHz 10'],"['Both males and females 20 YEARS - 69 YEARS', 'Both males and females 12 YEARS - 19 YEARS']",[nan],,
2104,AUXLR211,-31 To 44,Range Of Values,['Acoustic Reflex Left Ear 2kHz 11'],"['Both males and females 20 YEARS - 69 YEARS', 'Both males and females 12 YEARS - 19 YEARS']",[nan],,
2105,AUXLR211,.,Missing,['Acoustic Reflex Left Ear 2kHz 11'],"['Both males and females 20 YEARS - 69 YEARS', 'Both males and females 12 YEARS - 19 YEARS']",[nan],,
2106,AUXLR211,-30 To 51,Range Of Values,['Acoustic Reflex Left Ear 2kHz 11'],"['Both males and females 20 YEARS - 69 YEARS', 'Both males and females 12 YEARS - 19 YEARS']",[nan],,
2107,AUXLR211,-199 To 65,Range Of Values,['Acoustic Reflex Left Ear 2kHz 11'],"['Both males and females 20 YEARS - 69 YEARS', 'Both males and females 12 YEARS - 19 YEARS']",[nan],,
2108,AUXLR211,-49 To 47,Range Of Values,['Acoustic Reflex Left Ear 2kHz 11'],"['Both males and females 20 YEARS - 69 YEARS', 'Both males and females 12 YEARS - 19 YEARS']",[nan],,
2109,AUXLR211,-12 To 78,Range Of Values,['Acoustic Reflex Left Ear 2kHz 11'],"['Both males and females 20 YEARS - 69 YEARS', 'Both males and females 12 YEARS - 19 YEARS']",[nan],,
2110,AUXLR211,-34 To 61,Range Of Values,['Acoustic Reflex Left Ear 2kHz 11'],"['Both males and females 20 YEARS - 69 YEARS', 'Both males and females 12 YEARS - 19 YEARS']",[nan],,
2111,AUXLR211,-29 To 56,Range Of Values,['Acoustic Reflex Left Ear 2kHz 11'],"['Both males and females 20 YEARS - 69 YEARS', 'Both males and females 12 YEARS - 19 YEARS']",[nan],,
2112,AUXLR212,-31 To 74,Range Of Values,['Acoustic Reflex Left Ear 2kHz 12'],"['Both males and females 20 YEARS - 69 YEARS', 'Both males and females 12 YEARS - 19 YEARS']",[nan],,
2113,AUXLR212,.,Missing,['Acoustic Reflex Left Ear 2kHz 12'],"['Both males and females 20 YEARS - 69 YEARS', 'Both males and females 12 YEARS - 19 YEARS']",[nan],,
2114,AUXLR212,-29 To 54,Range Of Values,['Acoustic Reflex Left Ear 2kHz 12'],"['Both males and females 20 YEARS - 69 YEARS', 'Both males and females 12 YEARS - 19 YEARS']",[nan],,
2115,AUXLR212,-199 To 66,Range Of Values,['Acoustic Reflex Left Ear 2kHz 12'],"['Both males and females 20 YEARS - 69 YEARS', 'Both males and females 12 YEARS - 19 YEARS']",[nan],,
2116,AUXLR212,-48 To 51,Range Of Values,['Acoustic Reflex Left Ear 2kHz 12'],"['Both males and females 20 YEARS - 69 YEARS', 'Both males and females 12 YEARS - 19 YEARS']",[nan],,
2117,AUXLR212,-19 To 76,Range Of Values,['Acoustic Reflex Left Ear 2kHz 12'],"['Both males and females 20 YEARS - 69 YEARS', 'Both males and females 12 YEARS - 19 YEARS']",[nan],,
2118,AUXLR212,-34 To 61,Range Of Values,['Acoustic Reflex Left Ear 2kHz 12'],"['Both males and females 20 YEARS - 69 YEARS', 'Both males and females 12 YEARS - 19 YEARS']",[nan],,
2119,AUXLR213,-30 To 86,Range Of Values,['Acoustic Reflex Left Ear 2kHz 13'],"['Both males and females 20 YEARS - 69 YEARS', 'Both males and females 12 YEARS - 19 YEARS']",[nan],,
2120,AUXLR213,.,Missing,['Acoustic Reflex Left Ear 2kHz 13'],"['Both males and females 20 YEARS - 69 YEARS', 'Both males and females 12 YEARS - 19 YEARS']",[nan],,
2121,AUXLR213,-29 To 58,Range Of Values,['Acoustic Reflex Left Ear 2kHz 13'],"['Both males and females 20 YEARS - 69 YEARS', 'Both males and females 12 YEARS - 19 YEARS']",[nan],,
2122,AUXLR213,-199 To 74,Range Of Values,['Acoustic Reflex Left Ear 2kHz 13'],"['Both males and females 20 YEARS - 69 YEARS', 'Both males and females 12 YEARS - 19 YEARS']",[nan],,
2123,AUXLR213,-48 To 57,Range Of Values,['Acoustic Reflex Left Ear 2kHz 13'],"['Both males and females 20 YEARS - 69 YEARS', 'Both males and females 12 YEARS - 19 YEARS']",[nan],,
2124,AUXLR213,-19 To 75,Range Of Values,['Acoustic Reflex Left Ear 2kHz 13'],"['Both males and females 20 YEARS - 69 YEARS', 'Both males and females 12 YEARS - 19 YEARS']",[nan],,
2125,AUXLR213,-39 To 61,Range Of Values,['Acoustic Reflex Left Ear 2kHz 13'],"['Both males and females 20 YEARS - 69 YEARS', 'Both males and females 12 YEARS - 19 YEARS']",[nan],,
2126,AUXLR213,-39 To 71,Range Of Values,['Acoustic Reflex Left Ear 2kHz 13'],"['Both males and females 20 YEARS - 69 YEARS', 'Both males and females 12 YEARS - 19 YEARS']",[nan],,
2127,AUXLR214,-30 To 84,Range Of Values,['Acoustic Reflex Left Ear 2kHz 14'],"['Both males and females 20 YEARS - 69 YEARS', 'Both males and females 12 YEARS - 19 YEARS']",[nan],,
2128,AUXLR214,.,Missing,['Acoustic Reflex Left Ear 2kHz 14'],"['Both males and females 20 YEARS - 69 YEARS', 'Both males and females 12 YEARS - 19 YEARS']",[nan],,
2129,AUXLR214,-31 To 51,Range Of Values,['Acoustic Reflex Left Ear 2kHz 14'],"['Both males and females 20 YEARS - 69 YEARS', 'Both males and females 12 YEARS - 19 YEARS']",[nan],,
2130,AUXLR214,-199 To 77,Range Of Values,['Acoustic Reflex Left Ear 2kHz 14'],"['Both males and females 20 YEARS - 69 YEARS', 'Both males and females 12 YEARS - 19 YEARS']",[nan],,
2131,AUXLR214,-49 To 46,Range Of Values,['Acoustic Reflex Left Ear 2kHz 14'],"['Both males and females 20 YEARS - 69 YEARS', 'Both males and females 12 YEARS - 19 YEARS']",[nan],,
2132,AUXLR214,-18 To 75,Range Of Values,['Acoustic Reflex Left Ear 2kHz 14'],"['Both males and females 20 YEARS - 69 YEARS', 'Both males and females 12 YEARS - 19 YEARS']",[nan],,
2133,AUXLR214,-43 To 61,Range Of Values,['Acoustic Reflex Left Ear 2kHz 14'],"['Both males and females 20 YEARS - 69 YEARS', 'Both males and females 12 YEARS - 19 YEARS']",[nan],,
2134,AUXLR214,-39 To 52,Range Of Values,['Acoustic Reflex Left Ear 2kHz 14'],"['Both males and females 20 YEARS - 69 YEARS', 'Both males and females 12 YEARS - 19 YEARS']",[nan],,
2135,AUXLR215,-31 To 55,Range Of Values,['Acoustic Reflex Left Ear 2kHz 15'],"['Both males and females 20 YEARS - 69 YEARS', 'Both males and females 12 YEARS - 19 YEARS']",[nan],,
2136,AUXLR215,.,Missing,['Acoustic Reflex Left Ear 2kHz 15'],"['Both males and females 20 YEARS - 69 YEARS', 'Both males and females 12 YEARS - 19 YEARS']",[nan],,
2137,AUXLR215,-31 To 53,Range Of Values,['Acoustic Reflex Left Ear 2kHz 15'],"['Both males and females 20 YEARS - 69 YEARS', 'Both males and females 12 YEARS - 19 YEARS']",[nan],,
2138,AUXLR215,-199 To 76,Range Of Values,['Acoustic Reflex Left Ear 2kHz 15'],"['Both males and females 20 YEARS - 69 YEARS', 'Both males and females 12 YEARS - 19 YEARS']",[nan],,
2139,AUXLR215,-51 To 42,Range Of Values,['Acoustic Reflex Left Ear 2kHz 15'],"['Both males and females 20 YEARS - 69 YEARS', 'Both males and females 12 YEARS - 19 YEARS']",[nan],,
2140,AUXLR215,-21 To 75,Range Of Values,['Acoustic Reflex Left Ear 2kHz 15'],"['Both males and females 20 YEARS - 69 YEARS', 'Both males and females 12 YEARS - 19 YEARS']",[nan],,
2141,AUXLR215,-42 To 61,Range Of Values,['Acoustic Reflex Left Ear 2kHz 15'],"['Both males and females 20 YEARS - 69 YEARS', 'Both males and females 12 YEARS - 19 YEARS']",[nan],,
2142,AUXLR215,-29 To 53,Range Of Values,['Acoustic Reflex Left Ear 2kHz 15'],"['Both males and females 20 YEARS - 69 YEARS', 'Both males and females 12 YEARS - 19 YEARS']",[nan],,
2143,AUXLR216,-31 To 45,Range Of Values,['Acoustic Reflex Left Ear 2kHz 16'],"['Both males and females 20 YEARS - 69 YEARS', 'Both males and females 12 YEARS - 19 YEARS']",[nan],,
2144,AUXLR216,.,Missing,['Acoustic Reflex Left Ear 2kHz 16'],"['Both males and females 20 YEARS - 69 YEARS', 'Both males and females 12 YEARS - 19 YEARS']",[nan],,
2145,AUXLR216,-30 To 58,Range Of Values,['Acoustic Reflex Left Ear 2kHz 16'],"['Both males and females 20 YEARS - 69 YEARS', 'Both males and females 12 YEARS - 19 YEARS']",[nan],,
2146,AUXLR216,-198 To 74,Range Of Values,['Acoustic Reflex Left Ear 2kHz 16'],"['Both males and females 20 YEARS - 69 YEARS', 'Both males and females 12 YEARS - 19 YEARS']",[nan],,
2147,AUXLR216,-52 To 49,Range Of Values,['Acoustic Reflex Left Ear 2kHz 16'],"['Both males and females 20 YEARS - 69 YEARS', 'Both males and females 12 YEARS - 19 YEARS']",[nan],,
2148,AUXLR216,-19 To 76,Range Of Values,['Acoustic Reflex Left Ear 2kHz 16'],"['Both males and females 20 YEARS - 69 YEARS', 'Both males and females 12 YEARS - 19 YEARS']",[nan],,
2149,AUXLR216,-39 To 61,Range Of Values,['Acoustic Reflex Left Ear 2kHz 16'],"['Both males and females 20 YEARS - 69 YEARS', 'Both males and females 12 YEARS - 19 YEARS']",[nan],,
2150,AUXLR216,-28 To 58,Range Of Values,['Acoustic Reflex Left Ear 2kHz 16'],"['Both males and females 20 YEARS - 69 YEARS', 'Both males and females 12 YEARS - 19 YEARS']",[nan],,
2151,AUXLR217,-30 To 46,Range Of Values,['Acoustic Reflex Left Ear 2kHz 17'],"['Both males and females 20 YEARS - 69 YEARS', 'Both males and females 12 YEARS - 19 YEARS']",[nan],,
2152,AUXLR217,.,Missing,['Acoustic Reflex Left Ear 2kHz 17'],"['Both males and females 20 YEARS - 69 YEARS', 'Both males and females 12 YEARS - 19 YEARS']",[nan],,
2153,AUXLR217,-29 To 55,Range Of Values,['Acoustic Reflex Left Ear 2kHz 17'],"['Both males and females 20 YEARS - 69 YEARS', 'Both males and females 12 YEARS - 19 YEARS']",[nan],,
2154,AUXLR217,-198 To 84,Range Of Values,['Acoustic Reflex Left Ear 2kHz 17'],"['Both males and females 20 YEARS - 69 YEARS', 'Both males and females 12 YEARS - 19 YEARS']",[nan],,
2155,AUXLR217,-53 To 62,Range Of Values,['Acoustic Reflex Left Ear 2kHz 17'],"['Both males and females 20 YEARS - 69 YEARS', 'Both males and females 12 YEARS - 19 YEARS']",[nan],,
2156,AUXLR217,-13 To 82,Range Of Values,['Acoustic Reflex Left Ear 2kHz 17'],"['Both males and females 20 YEARS - 69 YEARS', 'Both males and females 12 YEARS - 19 YEARS']",[nan],,
2157,AUXLR217,-38 To 61,Range Of Values,['Acoustic Reflex Left Ear 2kHz 17'],"['Both males and females 20 YEARS - 69 YEARS', 'Both males and females 12 YEARS - 19 YEARS']",[nan],,
2158,AUXLR217,-27 To 59,Range Of Values,['Acoustic Reflex Left Ear 2kHz 17'],"['Both males and females 20 YEARS - 69 YEARS', 'Both males and females 12 YEARS - 19 YEARS']",[nan],,
2159,AUXLR218,-31 To 48,Range Of Values,['Acoustic Reflex Left Ear 2kHz 18'],"['Both males and females 20 YEARS - 69 YEARS', 'Both males and females 12 YEARS - 19 YEARS']",[nan],,
2160,AUXLR218,.,Missing,['Acoustic Reflex Left Ear 2kHz 18'],"['Both males and females 20 YEARS - 69 YEARS', 'Both males and females 12 YEARS - 19 YEARS']",[nan],,
2161,AUXLR218,-28 To 57,Range Of Values,['Acoustic Reflex Left Ear 2kHz 18'],"['Both males and females 20 YEARS - 69 YEARS', 'Both males and females 12 YEARS - 19 YEARS']",[nan],,
2162,AUXLR218,-198 To 70,Range Of Values,['Acoustic Reflex Left Ear 2kHz 18'],"['Both males and females 20 YEARS - 69 YEARS', 'Both males and females 12 YEARS - 19 YEARS']",[nan],,
2163,AUXLR218,-52 To 58,Range Of Values,['Acoustic Reflex Left Ear 2kHz 18'],"['Both males and females 20 YEARS - 69 YEARS', 'Both males and females 12 YEARS - 19 YEARS']",[nan],,
2164,AUXLR218,-18 To 87,Range Of Values,['Acoustic Reflex Left Ear 2kHz 18'],"['Both males and females 20 YEARS - 69 YEARS', 'Both males and females 12 YEARS - 19 YEARS']",[nan],,
2165,AUXLR218,-38 To 61,Range Of Values,['Acoustic Reflex Left Ear 2kHz 18'],"['Both males and females 20 YEARS - 69 YEARS', 'Both males and females 12 YEARS - 19 YEARS']",[nan],,
2166,AUXLR218,-26 To 82,Range Of Values,['Acoustic Reflex Left Ear 2kHz 18'],"['Both males and females 20 YEARS - 69 YEARS', 'Both males and females 12 YEARS - 19 YEARS']",[nan],,
2167,AUXLR219,-30 To 81,Range Of Values,['Acoustic Reflex Left Ear 2kHz 19'],"['Both males and females 20 YEARS - 69 YEARS', 'Both males and females 12 YEARS - 19 YEARS']",[nan],,
2168,AUXLR219,.,Missing,['Acoustic Reflex Left Ear 2kHz 19'],"['Both males and females 20 YEARS - 69 YEARS', 'Both males and females 12 YEARS - 19 YEARS']",[nan],,
2169,AUXLR219,-28 To 61,Range Of Values,['Acoustic Reflex Left Ear 2kHz 19'],"['Both males and females 20 YEARS - 69 YEARS', 'Both males and females 12 YEARS - 19 YEARS']",[nan],,
2170,AUXLR219,-136 To 70,Range Of Values,['Acoustic Reflex Left Ear 2kHz 19'],"['Both males and females 20 YEARS - 69 YEARS', 'Both males and females 12 YEARS - 19 YEARS']",[nan],,
2171,AUXLR219,-51 To 44,Range Of Values,['Acoustic Reflex Left Ear 2kHz 19'],"['Both males and females 20 YEARS - 69 YEARS', 'Both males and females 12 YEARS - 19 YEARS']",[nan],,
2172,AUXLR219,-21 To 91,Range Of Values,['Acoustic Reflex Left Ear 2kHz 19'],"['Both males and females 20 YEARS - 69 YEARS', 'Both males and females 12 YEARS - 19 YEARS']",[nan],,
2173,AUXLR219,-38 To 61,Range Of Values,['Acoustic Reflex Left Ear 2kHz 19'],"['Both males and females 20 YEARS - 69 YEARS', 'Both males and females 12 YEARS - 19 YEARS']",[nan],,
2174,AUXLR219,-25 To 71,Range Of Values,['Acoustic Reflex Left Ear 2kHz 19'],"['Both males and females 20 YEARS - 69 YEARS', 'Both males and females 12 YEARS - 19 YEARS']",[nan],,
2175,AUXLR220,-31 To 87,Range Of Values,['Acoustic Reflex Left Ear 2kHz 20'],"['Both males and females 20 YEARS - 69 YEARS', 'Both males and females 12 YEARS - 19 YEARS']",[nan],,
2176,AUXLR220,.,Missing,['Acoustic Reflex Left Ear 2kHz 20'],"['Both males and females 20 YEARS - 69 YEARS', 'Both males and females 12 YEARS - 19 YEARS']",[nan],,
2177,AUXLR220,-28 To 64,Range Of Values,['Acoustic Reflex Left Ear 2kHz 20'],"['Both males and females 20 YEARS - 69 YEARS', 'Both males and females 12 YEARS - 19 YEARS']",[nan],,
2178,AUXLR220,-75 To 70,Range Of Values,['Acoustic Reflex Left Ear 2kHz 20'],"['Both males and females 20 YEARS - 69 YEARS', 'Both males and females 12 YEARS - 19 YEARS']",[nan],,
2179,AUXLR220,-50 To 55,Range Of Values,['Acoustic Reflex Left Ear 2kHz 20'],"['Both males and females 20 YEARS - 69 YEARS', 'Both males and females 12 YEARS - 19 YEARS']",[nan],,
2180,AUXLR220,-20 To 72,Range Of Values,['Acoustic Reflex Left Ear 2kHz 20'],"['Both males and females 20 YEARS - 69 YEARS', 'Both males and females 12 YEARS - 19 YEARS']",[nan],,
2181,AUXLR220,-36 To 61,Range Of Values,['Acoustic Reflex Left Ear 2kHz 20'],"['Both males and females 20 YEARS - 69 YEARS', 'Both males and females 12 YEARS - 19 YEARS']",[nan],,
2182,AUXLR220,-31 To 58,Range Of Values,['Acoustic Reflex Left Ear 2kHz 20'],"['Both males and females 20 YEARS - 69 YEARS', 'Both males and females 12 YEARS - 19 YEARS']",[nan],,
2183,AUXLR221,-33 To 55,Range Of Values,['Acoustic Reflex Left Ear 2kHz 21'],"['Both males and females 20 YEARS - 69 YEARS', 'Both males and females 12 YEARS - 19 YEARS']",[nan],,
2184,AUXLR221,.,Missing,['Acoustic Reflex Left Ear 2kHz 21'],"['Both males and females 20 YEARS - 69 YEARS', 'Both males and females 12 YEARS - 19 YEARS']",[nan],,
2185,AUXLR221,-28 To 66,Range Of Values,['Acoustic Reflex Left Ear 2kHz 21'],"['Both males and females 20 YEARS - 69 YEARS', 'Both males and females 12 YEARS - 19 YEARS']",[nan],,
2186,AUXLR221,-134 To 67,Range Of Values,['Acoustic Reflex Left Ear 2kHz 21'],"['Both males and females 20 YEARS - 69 YEARS', 'Both males and females 12 YEARS - 19 YEARS']",[nan],,
2187,AUXLR221,-49 To 53,Range Of Values,['Acoustic Reflex Left Ear 2kHz 21'],"['Both males and females 20 YEARS - 69 YEARS', 'Both males and females 12 YEARS - 19 YEARS']",[nan],,
2188,AUXLR221,-19 To 70,Range Of Values,['Acoustic Reflex Left Ear 2kHz 21'],"['Both males and females 20 YEARS - 69 YEARS', 'Both males and females 12 YEARS - 19 YEARS']",[nan],,
2189,AUXLR221,-35 To 61,Range Of Values,['Acoustic Reflex Left Ear 2kHz 21'],"['Both males and females 20 YEARS - 69 YEARS', 'Both males and females 12 YEARS - 19 YEARS']",[nan],,
2190,AUXLR221,-43 To 73,Range Of Values,['Acoustic Reflex Left Ear 2kHz 21'],"['Both males and females 20 YEARS - 69 YEARS', 'Both males and females 12 YEARS - 19 YEARS']",[nan],,
2191,AUXLR222,-33 To 55,Range Of Values,['Acoustic Reflex Left Ear 2kHz 22'],"['Both males and females 20 YEARS - 69 YEARS', 'Both males and females 12 YEARS - 19 YEARS']",[nan],,
2192,AUXLR222,.,Missing,['Acoustic Reflex Left Ear 2kHz 22'],"['Both males and females 20 YEARS - 69 YEARS', 'Both males and females 12 YEARS - 19 YEARS']",[nan],,
2193,AUXLR222,-27 To 64,Range Of Values,['Acoustic Reflex Left Ear 2kHz 22'],"['Both males and females 20 YEARS - 69 YEARS', 'Both males and females 12 YEARS - 19 YEARS']",[nan],,
2194,AUXLR222,-160 To 65,Range Of Values,['Acoustic Reflex Left Ear 2kHz 22'],"['Both males and females 20 YEARS - 69 YEARS', 'Both males and females 12 YEARS - 19 YEARS']",[nan],,
2195,AUXLR222,-49 To 49,Range Of Values,['Acoustic Reflex Left Ear 2kHz 22'],"['Both males and females 20 YEARS - 69 YEARS', 'Both males and females 12 YEARS - 19 YEARS']",[nan],,
2196,AUXLR222,-11 To 69,Range Of Values,['Acoustic Reflex Left Ear 2kHz 22'],"['Both males and females 20 YEARS - 69 YEARS', 'Both males and females 12 YEARS - 19 YEARS']",[nan],,
2197,AUXLR222,-42 To 61,Range Of Values,['Acoustic Reflex Left Ear 2kHz 22'],"['Both males and females 20 YEARS - 69 YEARS', 'Both males and females 12 YEARS - 19 YEARS']",[nan],,
2198,AUXLR222,-41 To 62,Range Of Values,['Acoustic Reflex Left Ear 2kHz 22'],"['Both males and females 20 YEARS - 69 YEARS', 'Both males and females 12 YEARS - 19 YEARS']",[nan],,
2199,AUXLR223,-32 To 54,Range Of Values,['Acoustic Reflex Left Ear 2kHz 23'],"['Both males and females 20 YEARS - 69 YEARS', 'Both males and females 12 YEARS - 19 YEARS']",[nan],,
2200,AUXLR223,.,Missing,['Acoustic Reflex Left Ear 2kHz 23'],"['Both males and females 20 YEARS - 69 YEARS', 'Both males and females 12 YEARS - 19 YEARS']",[nan],,
2201,AUXLR223,-25 To 61,Range Of Values,['Acoustic Reflex Left Ear 2kHz 23'],"['Both males and females 20 YEARS - 69 YEARS', 'Both males and females 12 YEARS - 19 YEARS']",[nan],,
2202,AUXLR223,-72 To 65,Range Of Values,['Acoustic Reflex Left Ear 2kHz 23'],"['Both males and females 20 YEARS - 69 YEARS', 'Both males and females 12 YEARS - 19 YEARS']",[nan],,
2203,AUXLR223,-49 To 47,Range Of Values,['Acoustic Reflex Left Ear 2kHz 23'],"['Both males and females 20 YEARS - 69 YEARS', 'Both males and females 12 YEARS - 19 YEARS']",[nan],,
2204,AUXLR223,-10 To 67,Range Of Values,['Acoustic Reflex Left Ear 2kHz 23'],"['Both males and females 20 YEARS - 69 YEARS', 'Both males and females 12 YEARS - 19 YEARS']",[nan],,
2205,AUXLR223,-56 To 61,Range Of Values,['Acoustic Reflex Left Ear 2kHz 23'],"['Both males and females 20 YEARS - 69 YEARS', 'Both males and females 12 YEARS - 19 YEARS']",[nan],,
2206,AUXLR223,-25 To 91,Range Of Values,['Acoustic Reflex Left Ear 2kHz 23'],"['Both males and females 20 YEARS - 69 YEARS', 'Both males and females 12 YEARS - 19 YEARS']",[nan],,
2207,AUXLR224,-32 To 54,Range Of Values,['Acoustic Reflex Left Ear 2kHz 24'],"['Both males and females 20 YEARS - 69 YEARS', 'Both males and females 12 YEARS - 19 YEARS']",[nan],,
2208,AUXLR224,.,Missing,['Acoustic Reflex Left Ear 2kHz 24'],"['Both males and females 20 YEARS - 69 YEARS', 'Both males and females 12 YEARS - 19 YEARS']",[nan],,
2209,AUXLR224,-25 To 58,Range Of Values,['Acoustic Reflex Left Ear 2kHz 24'],"['Both males and females 20 YEARS - 69 YEARS', 'Both males and females 12 YEARS - 19 YEARS']",[nan],,
2210,AUXLR224,-40 To 67,Range Of Values,['Acoustic Reflex Left Ear 2kHz 24'],"['Both males and females 20 YEARS - 69 YEARS', 'Both males and females 12 YEARS - 19 YEARS']",[nan],,
2211,AUXLR224,-49 To 49,Range Of Values,['Acoustic Reflex Left Ear 2kHz 24'],"['Both males and females 20 YEARS - 69 YEARS', 'Both males and females 12 YEARS - 19 YEARS']",[nan],,
2212,AUXLR224,-13 To 66,Range Of Values,['Acoustic Reflex Left Ear 2kHz 24'],"['Both males and females 20 YEARS - 69 YEARS', 'Both males and females 12 YEARS - 19 YEARS']",[nan],,
2213,AUXLR224,-32 To 61,Range Of Values,['Acoustic Reflex Left Ear 2kHz 24'],"['Both males and females 20 YEARS - 69 YEARS', 'Both males and females 12 YEARS - 19 YEARS']",[nan],,
2214,AUXLR224,-17 To 68,Range Of Values,['Acoustic Reflex Left Ear 2kHz 24'],"['Both males and females 20 YEARS - 69 YEARS', 'Both males and females 12 YEARS - 19 YEARS']",[nan],,
2215,AUXLR225,-33 To 56,Range Of Values,['Acoustic Reflex Left Ear 2kHz 25'],"['Both males and females 20 YEARS - 69 YEARS', 'Both males and females 12 YEARS - 19 YEARS']",[nan],,
2216,AUXLR225,.,Missing,['Acoustic Reflex Left Ear 2kHz 25'],"['Both males and females 20 YEARS - 69 YEARS', 'Both males and females 12 YEARS - 19 YEARS']",[nan],,
2217,AUXLR225,-28 To 53,Range Of Values,['Acoustic Reflex Left Ear 2kHz 25'],"['Both males and females 20 YEARS - 69 YEARS', 'Both males and females 12 YEARS - 19 YEARS']",[nan],,
2218,AUXLR225,-40 To 65,Range Of Values,['Acoustic Reflex Left Ear 2kHz 25'],"['Both males and females 20 YEARS - 69 YEARS', 'Both males and females 12 YEARS - 19 YEARS']",[nan],,
2219,AUXLR225,-48 To 50,Range Of Values,['Acoustic Reflex Left Ear 2kHz 25'],"['Both males and females 20 YEARS - 69 YEARS', 'Both males and females 12 YEARS - 19 YEARS']",[nan],,
2220,AUXLR225,-14 To 66,Range Of Values,['Acoustic Reflex Left Ear 2kHz 25'],"['Both males and females 20 YEARS - 69 YEARS', 'Both males and females 12 YEARS - 19 YEARS']",[nan],,
2221,AUXLR225,-30 To 61,Range Of Values,['Acoustic Reflex Left Ear 2kHz 25'],"['Both males and females 20 YEARS - 69 YEARS', 'Both males and females 12 YEARS - 19 YEARS']",[nan],,
2222,AUXLR225,-15 To 63,Range Of Values,['Acoustic Reflex Left Ear 2kHz 25'],"['Both males and females 20 YEARS - 69 YEARS', 'Both males and females 12 YEARS - 19 YEARS']",[nan],,
2223,AUXLR226,-34 To 56,Range Of Values,['Acoustic Reflex Left Ear 2kHz 26'],"['Both males and females 20 YEARS - 69 YEARS', 'Both males and females 12 YEARS - 19 YEARS']",[nan],,
2224,AUXLR226,.,Missing,['Acoustic Reflex Left Ear 2kHz 26'],"['Both males and females 20 YEARS - 69 YEARS', 'Both males and females 12 YEARS - 19 YEARS']",[nan],,
2225,AUXLR226,-28 To 56,Range Of Values,['Acoustic Reflex Left Ear 2kHz 26'],"['Both males and females 20 YEARS - 69 YEARS', 'Both males and females 12 YEARS - 19 YEARS']",[nan],,
2226,AUXLR226,-35 To 65,Range Of Values,['Acoustic Reflex Left Ear 2kHz 26'],"['Both males and females 20 YEARS - 69 YEARS', 'Both males and females 12 YEARS - 19 YEARS']",[nan],,
2227,AUXLR226,-47 To 49,Range Of Values,['Acoustic Reflex Left Ear 2kHz 26'],"['Both males and females 20 YEARS - 69 YEARS', 'Both males and females 12 YEARS - 19 YEARS']",[nan],,
2228,AUXLR226,-13 To 66,Range Of Values,['Acoustic Reflex Left Ear 2kHz 26'],"['Both males and females 20 YEARS - 69 YEARS', 'Both males and females 12 YEARS - 19 YEARS']",[nan],,
2229,AUXLR226,-29 To 61,Range Of Values,['Acoustic Reflex Left Ear 2kHz 26'],"['Both males and females 20 YEARS - 69 YEARS', 'Both males and females 12 YEARS - 19 YEARS']",[nan],,
2230,AUXLR226,-18 To 68,Range Of Values,['Acoustic Reflex Left Ear 2kHz 26'],"['Both males and females 20 YEARS - 69 YEARS', 'Both males and females 12 YEARS - 19 YEARS']",[nan],,
2231,AUXLR227,-33 To 64,Range Of Values,['Acoustic Reflex Left Ear 2kHz 27'],"['Both males and females 20 YEARS - 69 YEARS', 'Both males and females 12 YEARS - 19 YEARS']",[nan],,
2232,AUXLR227,.,Missing,['Acoustic Reflex Left Ear 2kHz 27'],"['Both males and females 20 YEARS - 69 YEARS', 'Both males and females 12 YEARS - 19 YEARS']",[nan],,
2233,AUXLR227,-29 To 42,Range Of Values,['Acoustic Reflex Left Ear 2kHz 27'],"['Both males and females 20 YEARS - 69 YEARS', 'Both males and females 12 YEARS - 19 YEARS']",[nan],,
2234,AUXLR227,-89 To 65,Range Of Values,['Acoustic Reflex Left Ear 2kHz 27'],"['Both males and females 20 YEARS - 69 YEARS', 'Both males and females 12 YEARS - 19 YEARS']",[nan],,
2235,AUXLR227,-45 To 51,Range Of Values,['Acoustic Reflex Left Ear 2kHz 27'],"['Both males and females 20 YEARS - 69 YEARS', 'Both males and females 12 YEARS - 19 YEARS']",[nan],,
2236,AUXLR227,-16 To 64,Range Of Values,['Acoustic Reflex Left Ear 2kHz 27'],"['Both males and females 20 YEARS - 69 YEARS', 'Both males and females 12 YEARS - 19 YEARS']",[nan],,
2237,AUXLR227,-30 To 60,Range Of Values,['Acoustic Reflex Left Ear 2kHz 27'],"['Both males and females 20 YEARS - 69 YEARS', 'Both males and females 12 YEARS - 19 YEARS']",[nan],,
2238,AUXLR227,-14 To 40,Range Of Values,['Acoustic Reflex Left Ear 2kHz 27'],"['Both males and females 20 YEARS - 69 YEARS', 'Both males and females 12 YEARS - 19 YEARS']",[nan],,
2239,AUXLR228,-33 To 92,Range Of Values,['Acoustic Reflex Left Ear 2kHz 28'],"['Both males and females 20 YEARS - 69 YEARS', 'Both males and females 12 YEARS - 19 YEARS']",[nan],,
2240,AUXLR228,.,Missing,['Acoustic Reflex Left Ear 2kHz 28'],"['Both males and females 20 YEARS - 69 YEARS', 'Both males and females 12 YEARS - 19 YEARS']",[nan],,
2241,AUXLR228,-25 To 45,Range Of Values,['Acoustic Reflex Left Ear 2kHz 28'],"['Both males and females 20 YEARS - 69 YEARS', 'Both males and females 12 YEARS - 19 YEARS']",[nan],,
2242,AUXLR228,-102 To 69,Range Of Values,['Acoustic Reflex Left Ear 2kHz 28'],"['Both males and females 20 YEARS - 69 YEARS', 'Both males and females 12 YEARS - 19 YEARS']",[nan],,
2243,AUXLR228,-41 To 62,Range Of Values,['Acoustic Reflex Left Ear 2kHz 28'],"['Both males and females 20 YEARS - 69 YEARS', 'Both males and females 12 YEARS - 19 YEARS']",[nan],,
2244,AUXLR228,-14 To 64,Range Of Values,['Acoustic Reflex Left Ear 2kHz 28'],"['Both males and females 20 YEARS - 69 YEARS', 'Both males and females 12 YEARS - 19 YEARS']",[nan],,
2245,AUXLR228,-30 To 72,Range Of Values,['Acoustic Reflex Left Ear 2kHz 28'],"['Both males and females 20 YEARS - 69 YEARS', 'Both males and females 12 YEARS - 19 YEARS']",[nan],,
2246,AUXLR228,-11 To 71,Range Of Values,['Acoustic Reflex Left Ear 2kHz 28'],"['Both males and females 20 YEARS - 69 YEARS', 'Both males and females 12 YEARS - 19 YEARS']",[nan],,
2247,AUXLR229,-32 To 86,Range Of Values,['Acoustic Reflex Left Ear 2kHz 29'],"['Both males and females 20 YEARS - 69 YEARS', 'Both males and females 12 YEARS - 19 YEARS']",[nan],,
2248,AUXLR229,.,Missing,['Acoustic Reflex Left Ear 2kHz 29'],"['Both males and females 20 YEARS - 69 YEARS', 'Both males and females 12 YEARS - 19 YEARS']",[nan],,
2249,AUXLR229,-22 To 68,Range Of Values,['Acoustic Reflex Left Ear 2kHz 29'],"['Both males and females 20 YEARS - 69 YEARS', 'Both males and females 12 YEARS - 19 YEARS']",[nan],,
2250,AUXLR229,-50 To 73,Range Of Values,['Acoustic Reflex Left Ear 2kHz 29'],"['Both males and females 20 YEARS - 69 YEARS', 'Both males and females 12 YEARS - 19 YEARS']",[nan],,
2251,AUXLR229,-38 To 64,Range Of Values,['Acoustic Reflex Left Ear 2kHz 29'],"['Both males and females 20 YEARS - 69 YEARS', 'Both males and females 12 YEARS - 19 YEARS']",[nan],,
2252,AUXLR229,-8 To 73,Range Of Values,['Acoustic Reflex Left Ear 2kHz 29'],"['Both males and females 20 YEARS - 69 YEARS', 'Both males and females 12 YEARS - 19 YEARS']",[nan],,
2253,AUXLR229,-31 To 76,Range Of Values,['Acoustic Reflex Left Ear 2kHz 29'],"['Both males and females 20 YEARS - 69 YEARS', 'Both males and females 12 YEARS - 19 YEARS']",[nan],,
2254,AUXLR229,-16 To 67,Range Of Values,['Acoustic Reflex Left Ear 2kHz 29'],"['Both males and females 20 YEARS - 69 YEARS', 'Both males and females 12 YEARS - 19 YEARS']",[nan],,
2255,AUXLR230,-33 To 70,Range Of Values,['Acoustic Reflex Left Ear 2kHz 30'],"['Both males and females 20 YEARS - 69 YEARS', 'Both males and females 12 YEARS - 19 YEARS']",[nan],,
2256,AUXLR230,.,Missing,['Acoustic Reflex Left Ear 2kHz 30'],"['Both males and females 20 YEARS - 69 YEARS', 'Both males and females 12 YEARS - 19 YEARS']",[nan],,
2257,AUXLR230,-22 To 56,Range Of Values,['Acoustic Reflex Left Ear 2kHz 30'],"['Both males and females 20 YEARS - 69 YEARS', 'Both males and females 12 YEARS - 19 YEARS']",[nan],,
2258,AUXLR230,-6 To 72,Range Of Values,['Acoustic Reflex Left Ear 2kHz 30'],"['Both males and females 20 YEARS - 69 YEARS', 'Both males and females 12 YEARS - 19 YEARS']",[nan],,
2259,AUXLR230,-37 To 46,Range Of Values,['Acoustic Reflex Left Ear 2kHz 30'],"['Both males and females 20 YEARS - 69 YEARS', 'Both males and females 12 YEARS - 19 YEARS']",[nan],,
2260,AUXLR230,-9 To 51,Range Of Values,['Acoustic Reflex Left Ear 2kHz 30'],"['Both males and females 20 YEARS - 69 YEARS', 'Both males and females 12 YEARS - 19 YEARS']",[nan],,
2261,AUXLR230,-34 To 81,Range Of Values,['Acoustic Reflex Left Ear 2kHz 30'],"['Both males and females 20 YEARS - 69 YEARS', 'Both males and females 12 YEARS - 19 YEARS']",[nan],,
2262,AUXLR230,-32 To 56,Range Of Values,['Acoustic Reflex Left Ear 2kHz 30'],"['Both males and females 20 YEARS - 69 YEARS', 'Both males and females 12 YEARS - 19 YEARS']",[nan],,
2263,AUXLR231,-32 To 57,Range Of Values,['Acoustic Reflex Left Ear 2kHz 31'],"['Both males and females 20 YEARS - 69 YEARS', 'Both males and females 12 YEARS - 19 YEARS']",[nan],,
2264,AUXLR231,.,Missing,['Acoustic Reflex Left Ear 2kHz 31'],"['Both males and females 20 YEARS - 69 YEARS', 'Both males and females 12 YEARS - 19 YEARS']",[nan],,
2265,AUXLR231,-24 To 46,Range Of Values,['Acoustic Reflex Left Ear 2kHz 31'],"['Both males and females 20 YEARS - 69 YEARS', 'Both males and females 12 YEARS - 19 YEARS']",[nan],,
2266,AUXLR231,-8 To 75,Range Of Values,['Acoustic Reflex Left Ear 2kHz 31'],"['Both males and females 20 YEARS - 69 YEARS', 'Both males and females 12 YEARS - 19 YEARS']",[nan],,
2267,AUXLR231,-36 To 49,Range Of Values,['Acoustic Reflex Left Ear 2kHz 31'],"['Both males and females 20 YEARS - 69 YEARS', 'Both males and females 12 YEARS - 19 YEARS']",[nan],,
2268,AUXLR231,-11 To 51,Range Of Values,['Acoustic Reflex Left Ear 2kHz 31'],"['Both males and females 20 YEARS - 69 YEARS', 'Both males and females 12 YEARS - 19 YEARS']",[nan],,
2269,AUXLR231,-36 To 71,Range Of Values,['Acoustic Reflex Left Ear 2kHz 31'],"['Both males and females 20 YEARS - 69 YEARS', 'Both males and females 12 YEARS - 19 YEARS']",[nan],,
2270,AUXLR231,-36 To 78,Range Of Values,['Acoustic Reflex Left Ear 2kHz 31'],"['Both males and females 20 YEARS - 69 YEARS', 'Both males and females 12 YEARS - 19 YEARS']",[nan],,
2271,AUXLR232,-31 To 76,Range Of Values,['Acoustic Reflex Left Ear 2kHz 32'],"['Both males and females 20 YEARS - 69 YEARS', 'Both males and females 12 YEARS - 19 YEARS']",[nan],,
2272,AUXLR232,.,Missing,['Acoustic Reflex Left Ear 2kHz 32'],"['Both males and females 20 YEARS - 69 YEARS', 'Both males and females 12 YEARS - 19 YEARS']",[nan],,
2273,AUXLR232,-23 To 48,Range Of Values,['Acoustic Reflex Left Ear 2kHz 32'],"['Both males and females 20 YEARS - 69 YEARS', 'Both males and females 12 YEARS - 19 YEARS']",[nan],,
2274,AUXLR232,-6 To 77,Range Of Values,['Acoustic Reflex Left Ear 2kHz 32'],"['Both males and females 20 YEARS - 69 YEARS', 'Both males and females 12 YEARS - 19 YEARS']",[nan],,
2275,AUXLR232,-34 To 40,Range Of Values,['Acoustic Reflex Left Ear 2kHz 32'],"['Both males and females 20 YEARS - 69 YEARS', 'Both males and females 12 YEARS - 19 YEARS']",[nan],,
2276,AUXLR232,-14 To 51,Range Of Values,['Acoustic Reflex Left Ear 2kHz 32'],"['Both males and females 20 YEARS - 69 YEARS', 'Both males and females 12 YEARS - 19 YEARS']",[nan],,
2277,AUXLR232,-38 To 75,Range Of Values,['Acoustic Reflex Left Ear 2kHz 32'],"['Both males and females 20 YEARS - 69 YEARS', 'Both males and females 12 YEARS - 19 YEARS']",[nan],,
2278,AUXLR232,-22 To 59,Range Of Values,['Acoustic Reflex Left Ear 2kHz 32'],"['Both males and females 20 YEARS - 69 YEARS', 'Both males and females 12 YEARS - 19 YEARS']",[nan],,
2279,AUXLR233,-32 To 75,Range Of Values,['Acoustic Reflex Left Ear 2kHz 33'],"['Both males and females 20 YEARS - 69 YEARS', 'Both males and females 12 YEARS - 19 YEARS']",[nan],,
2280,AUXLR233,.,Missing,['Acoustic Reflex Left Ear 2kHz 33'],"['Both males and females 20 YEARS - 69 YEARS', 'Both males and females 12 YEARS - 19 YEARS']",[nan],,
2281,AUXLR233,-22 To 55,Range Of Values,['Acoustic Reflex Left Ear 2kHz 33'],"['Both males and females 20 YEARS - 69 YEARS', 'Both males and females 12 YEARS - 19 YEARS']",[nan],,
2282,AUXLR233,-7 To 75,Range Of Values,['Acoustic Reflex Left Ear 2kHz 33'],"['Both males and females 20 YEARS - 69 YEARS', 'Both males and females 12 YEARS - 19 YEARS']",[nan],,
2283,AUXLR233,-32 To 51,Range Of Values,['Acoustic Reflex Left Ear 2kHz 33'],"['Both males and females 20 YEARS - 69 YEARS', 'Both males and females 12 YEARS - 19 YEARS']",[nan],,
2284,AUXLR233,-11 To 51,Range Of Values,['Acoustic Reflex Left Ear 2kHz 33'],"['Both males and females 20 YEARS - 69 YEARS', 'Both males and females 12 YEARS - 19 YEARS']",[nan],,
2285,AUXLR233,-39 To 99,Range Of Values,['Acoustic Reflex Left Ear 2kHz 33'],"['Both males and females 20 YEARS - 69 YEARS', 'Both males and females 12 YEARS - 19 YEARS']",[nan],,
2286,AUXLR233,-12 To 68,Range Of Values,['Acoustic Reflex Left Ear 2kHz 33'],"['Both males and females 20 YEARS - 69 YEARS', 'Both males and females 12 YEARS - 19 YEARS']",[nan],,
2287,AUXLR234,-32 To 58,Range Of Values,['Acoustic Reflex Left Ear 2kHz 34'],"['Both males and females 20 YEARS - 69 YEARS', 'Both males and females 12 YEARS - 19 YEARS']",[nan],,
2288,AUXLR234,.,Missing,['Acoustic Reflex Left Ear 2kHz 34'],"['Both males and females 20 YEARS - 69 YEARS', 'Both males and females 12 YEARS - 19 YEARS']",[nan],,
2289,AUXLR234,-20 To 87,Range Of Values,['Acoustic Reflex Left Ear 2kHz 34'],"['Both males and females 20 YEARS - 69 YEARS', 'Both males and females 12 YEARS - 19 YEARS']",[nan],,
2290,AUXLR234,-6 To 72,Range Of Values,['Acoustic Reflex Left Ear 2kHz 34'],"['Both males and females 20 YEARS - 69 YEARS', 'Both males and females 12 YEARS - 19 YEARS']",[nan],,
2291,AUXLR234,-31 To 47,Range Of Values,['Acoustic Reflex Left Ear 2kHz 34'],"['Both males and females 20 YEARS - 69 YEARS', 'Both males and females 12 YEARS - 19 YEARS']",[nan],,
2292,AUXLR234,-8 To 62,Range Of Values,['Acoustic Reflex Left Ear 2kHz 34'],"['Both males and females 20 YEARS - 69 YEARS', 'Both males and females 12 YEARS - 19 YEARS']",[nan],,
2293,AUXLR234,-35 To 103,Range Of Values,['Acoustic Reflex Left Ear 2kHz 34'],"['Both males and females 20 YEARS - 69 YEARS', 'Both males and females 12 YEARS - 19 YEARS']",[nan],,
2294,AUXLR234,-12 To 60,Range Of Values,['Acoustic Reflex Left Ear 2kHz 34'],"['Both males and females 20 YEARS - 69 YEARS', 'Both males and females 12 YEARS - 19 YEARS']",[nan],,
2295,AUXLR235,-30 To 56,Range Of Values,['Acoustic Reflex Left Ear 2kHz 35'],"['Both males and females 20 YEARS - 69 YEARS', 'Both males and females 12 YEARS - 19 YEARS']",[nan],,
2296,AUXLR235,.,Missing,['Acoustic Reflex Left Ear 2kHz 35'],"['Both males and females 20 YEARS - 69 YEARS', 'Both males and females 12 YEARS - 19 YEARS']",[nan],,
2297,AUXLR235,-20 To 63,Range Of Values,['Acoustic Reflex Left Ear 2kHz 35'],"['Both males and females 20 YEARS - 69 YEARS', 'Both males and females 12 YEARS - 19 YEARS']",[nan],,
2298,AUXLR235,-13 To 76,Range Of Values,['Acoustic Reflex Left Ear 2kHz 35'],"['Both males and females 20 YEARS - 69 YEARS', 'Both males and females 12 YEARS - 19 YEARS']",[nan],,
2299,AUXLR235,-32 To 43,Range Of Values,['Acoustic Reflex Left Ear 2kHz 35'],"['Both males and females 20 YEARS - 69 YEARS', 'Both males and females 12 YEARS - 19 YEARS']",[nan],,
2300,AUXLR235,-7 To 51,Range Of Values,['Acoustic Reflex Left Ear 2kHz 35'],"['Both males and females 20 YEARS - 69 YEARS', 'Both males and females 12 YEARS - 19 YEARS']",[nan],,
2301,AUXLR235,-25 To 99,Range Of Values,['Acoustic Reflex Left Ear 2kHz 35'],"['Both males and females 20 YEARS - 69 YEARS', 'Both males and females 12 YEARS - 19 YEARS']",[nan],,
2302,AUXLR235,-11 To 42,Range Of Values,['Acoustic Reflex Left Ear 2kHz 35'],"['Both males and females 20 YEARS - 69 YEARS', 'Both males and females 12 YEARS - 19 YEARS']",[nan],,
2303,AUXLR236,-30 To 60,Range Of Values,['Acoustic Reflex Left Ear 2kHz 36'],"['Both males and females 20 YEARS - 69 YEARS', 'Both males and females 12 YEARS - 19 YEARS']",[nan],,
2304,AUXLR236,.,Missing,['Acoustic Reflex Left Ear 2kHz 36'],"['Both males and females 20 YEARS - 69 YEARS', 'Both males and females 12 YEARS - 19 YEARS']",[nan],,
2305,AUXLR236,-19 To 52,Range Of Values,['Acoustic Reflex Left Ear 2kHz 36'],"['Both males and females 20 YEARS - 69 YEARS', 'Both males and females 12 YEARS - 19 YEARS']",[nan],,
2306,AUXLR236,-20 To 82,Range Of Values,['Acoustic Reflex Left Ear 2kHz 36'],"['Both males and females 20 YEARS - 69 YEARS', 'Both males and females 12 YEARS - 19 YEARS']",[nan],,
2307,AUXLR236,-33 To 44,Range Of Values,['Acoustic Reflex Left Ear 2kHz 36'],"['Both males and females 20 YEARS - 69 YEARS', 'Both males and females 12 YEARS - 19 YEARS']",[nan],,
2308,AUXLR236,-8 To 51,Range Of Values,['Acoustic Reflex Left Ear 2kHz 36'],"['Both males and females 20 YEARS - 69 YEARS', 'Both males and females 12 YEARS - 19 YEARS']",[nan],,
2309,AUXLR236,-19 To 67,Range Of Values,['Acoustic Reflex Left Ear 2kHz 36'],"['Both males and females 20 YEARS - 69 YEARS', 'Both males and females 12 YEARS - 19 YEARS']",[nan],,
2310,AUXLR236,-9 To 42,Range Of Values,['Acoustic Reflex Left Ear 2kHz 36'],"['Both males and females 20 YEARS - 69 YEARS', 'Both males and females 12 YEARS - 19 YEARS']",[nan],,
2311,AUXLR237,-31 To 72,Range Of Values,['Acoustic Reflex Left Ear 2kHz 37'],"['Both males and females 20 YEARS - 69 YEARS', 'Both males and females 12 YEARS - 19 YEARS']",[nan],,
2312,AUXLR237,.,Missing,['Acoustic Reflex Left Ear 2kHz 37'],"['Both males and females 20 YEARS - 69 YEARS', 'Both males and females 12 YEARS - 19 YEARS']",[nan],,
2313,AUXLR237,-18 To 51,Range Of Values,['Acoustic Reflex Left Ear 2kHz 37'],"['Both males and females 20 YEARS - 69 YEARS', 'Both males and females 12 YEARS - 19 YEARS']",[nan],,
2314,AUXLR237,-19 To 94,Range Of Values,['Acoustic Reflex Left Ear 2kHz 37'],"['Both males and females 20 YEARS - 69 YEARS', 'Both males and females 12 YEARS - 19 YEARS']",[nan],,
2315,AUXLR237,-36 To 44,Range Of Values,['Acoustic Reflex Left Ear 2kHz 37'],"['Both males and females 20 YEARS - 69 YEARS', 'Both males and females 12 YEARS - 19 YEARS']",[nan],,
2316,AUXLR237,-9 To 51,Range Of Values,['Acoustic Reflex Left Ear 2kHz 37'],"['Both males and females 20 YEARS - 69 YEARS', 'Both males and females 12 YEARS - 19 YEARS']",[nan],,
2317,AUXLR237,-14 To 66,Range Of Values,['Acoustic Reflex Left Ear 2kHz 37'],"['Both males and females 20 YEARS - 69 YEARS', 'Both males and females 12 YEARS - 19 YEARS']",[nan],,
2318,AUXLR237,-8 To 42,Range Of Values,['Acoustic Reflex Left Ear 2kHz 37'],"['Both males and females 20 YEARS - 69 YEARS', 'Both males and females 12 YEARS - 19 YEARS']",[nan],,
2319,AUXLR238,-23 To 48,Range Of Values,['Acoustic Reflex Left Ear 2kHz 38'],"['Both males and females 20 YEARS - 69 YEARS', 'Both males and females 12 YEARS - 19 YEARS']",[nan],,
2320,AUXLR238,.,Missing,['Acoustic Reflex Left Ear 2kHz 38'],"['Both males and females 20 YEARS - 69 YEARS', 'Both males and females 12 YEARS - 19 YEARS']",[nan],,
2321,AUXLR238,-21 To 76,Range Of Values,['Acoustic Reflex Left Ear 2kHz 38'],"['Both males and females 20 YEARS - 69 YEARS', 'Both males and females 12 YEARS - 19 YEARS']",[nan],,
2322,AUXLR238,-17 To 77,Range Of Values,['Acoustic Reflex Left Ear 2kHz 38'],"['Both males and females 20 YEARS - 69 YEARS', 'Both males and females 12 YEARS - 19 YEARS']",[nan],,
2323,AUXLR238,-37 To 57,Range Of Values,['Acoustic Reflex Left Ear 2kHz 38'],"['Both males and females 20 YEARS - 69 YEARS', 'Both males and females 12 YEARS - 19 YEARS']",[nan],,
2324,AUXLR238,-9 To 51,Range Of Values,['Acoustic Reflex Left Ear 2kHz 38'],"['Both males and females 20 YEARS - 69 YEARS', 'Both males and females 12 YEARS - 19 YEARS']",[nan],,
2325,AUXLR238,-13 To 65,Range Of Values,['Acoustic Reflex Left Ear 2kHz 38'],"['Both males and females 20 YEARS - 69 YEARS', 'Both males and females 12 YEARS - 19 YEARS']",[nan],,
2326,AUXLR238,-8 To 49,Range Of Values,['Acoustic Reflex Left Ear 2kHz 38'],"['Both males and females 20 YEARS - 69 YEARS', 'Both males and females 12 YEARS - 19 YEARS']",[nan],,
2327,AUXLR239,-22 To 50,Range Of Values,['Acoustic Reflex Left Ear 2kHz 39'],"['Both males and females 20 YEARS - 69 YEARS', 'Both males and females 12 YEARS - 19 YEARS']",[nan],,
2328,AUXLR239,.,Missing,['Acoustic Reflex Left Ear 2kHz 39'],"['Both males and females 20 YEARS - 69 YEARS', 'Both males and females 12 YEARS - 19 YEARS']",[nan],,
2329,AUXLR239,-33 To 57,Range Of Values,['Acoustic Reflex Left Ear 2kHz 39'],"['Both males and females 20 YEARS - 69 YEARS', 'Both males and females 12 YEARS - 19 YEARS']",[nan],,
2330,AUXLR239,-29 To 57,Range Of Values,['Acoustic Reflex Left Ear 2kHz 39'],"['Both males and females 20 YEARS - 69 YEARS', 'Both males and females 12 YEARS - 19 YEARS']",[nan],,
2331,AUXLR239,-37 To 46,Range Of Values,['Acoustic Reflex Left Ear 2kHz 39'],"['Both males and females 20 YEARS - 69 YEARS', 'Both males and females 12 YEARS - 19 YEARS']",[nan],,
2332,AUXLR239,-10 To 51,Range Of Values,['Acoustic Reflex Left Ear 2kHz 39'],"['Both males and females 20 YEARS - 69 YEARS', 'Both males and females 12 YEARS - 19 YEARS']",[nan],,
2333,AUXLR239,-15 To 63,Range Of Values,['Acoustic Reflex Left Ear 2kHz 39'],"['Both males and females 20 YEARS - 69 YEARS', 'Both males and females 12 YEARS - 19 YEARS']",[nan],,
2334,AUXLR239,-7 To 44,Range Of Values,['Acoustic Reflex Left Ear 2kHz 39'],"['Both males and females 20 YEARS - 69 YEARS', 'Both males and females 12 YEARS - 19 YEARS']",[nan],,
2335,AUXLR240,-21 To 51,Range Of Values,['Acoustic Reflex Left Ear 2kHz 40'],"['Both males and females 20 YEARS - 69 YEARS', 'Both males and females 12 YEARS - 19 YEARS']",[nan],,
2336,AUXLR240,.,Missing,['Acoustic Reflex Left Ear 2kHz 40'],"['Both males and females 20 YEARS - 69 YEARS', 'Both males and females 12 YEARS - 19 YEARS']",[nan],,
2337,AUXLR240,-27 To 49,Range Of Values,['Acoustic Reflex Left Ear 2kHz 40'],"['Both males and females 20 YEARS - 69 YEARS', 'Both males and females 12 YEARS - 19 YEARS']",[nan],,
2338,AUXLR240,-22 To 74,Range Of Values,['Acoustic Reflex Left Ear 2kHz 40'],"['Both males and females 20 YEARS - 69 YEARS', 'Both males and females 12 YEARS - 19 YEARS']",[nan],,
2339,AUXLR240,-37 To 43,Range Of Values,['Acoustic Reflex Left Ear 2kHz 40'],"['Both males and females 20 YEARS - 69 YEARS', 'Both males and females 12 YEARS - 19 YEARS']",[nan],,
2340,AUXLR240,-8 To 55,Range Of Values,['Acoustic Reflex Left Ear 2kHz 40'],"['Both males and females 20 YEARS - 69 YEARS', 'Both males and females 12 YEARS - 19 YEARS']",[nan],,
2341,AUXLR240,-19 To 62,Range Of Values,['Acoustic Reflex Left Ear 2kHz 40'],"['Both males and females 20 YEARS - 69 YEARS', 'Both males and females 12 YEARS - 19 YEARS']",[nan],,
2342,AUXLR240,-29 To 59,Range Of Values,['Acoustic Reflex Left Ear 2kHz 40'],"['Both males and females 20 YEARS - 69 YEARS', 'Both males and females 12 YEARS - 19 YEARS']",[nan],,
2343,AUXLR241,-19 To 79,Range Of Values,['Acoustic Reflex Left Ear 2kHz 41'],"['Both males and females 20 YEARS - 69 YEARS', 'Both males and females 12 YEARS - 19 YEARS']",[nan],,
2344,AUXLR241,.,Missing,['Acoustic Reflex Left Ear 2kHz 41'],"['Both males and females 20 YEARS - 69 YEARS', 'Both males and females 12 YEARS - 19 YEARS']",[nan],,
2345,AUXLR241,-20 To 59,Range Of Values,['Acoustic Reflex Left Ear 2kHz 41'],"['Both males and females 20 YEARS - 69 YEARS', 'Both males and females 12 YEARS - 19 YEARS']",[nan],,
2346,AUXLR241,-15 To 51,Range Of Values,['Acoustic Reflex Left Ear 2kHz 41'],"['Both males and females 20 YEARS - 69 YEARS', 'Both males and females 12 YEARS - 19 YEARS']",[nan],,
2347,AUXLR241,-36 To 41,Range Of Values,['Acoustic Reflex Left Ear 2kHz 41'],"['Both males and females 20 YEARS - 69 YEARS', 'Both males and females 12 YEARS - 19 YEARS']",[nan],,
2348,AUXLR241,-9 To 51,Range Of Values,['Acoustic Reflex Left Ear 2kHz 41'],"['Both males and females 20 YEARS - 69 YEARS', 'Both males and females 12 YEARS - 19 YEARS']",[nan],,
2349,AUXLR241,-24 To 60,Range Of Values,['Acoustic Reflex Left Ear 2kHz 41'],"['Both males and females 20 YEARS - 69 YEARS', 'Both males and females 12 YEARS - 19 YEARS']",[nan],,
2350,AUXLR241,-21 To 45,Range Of Values,['Acoustic Reflex Left Ear 2kHz 41'],"['Both males and females 20 YEARS - 69 YEARS', 'Both males and females 12 YEARS - 19 YEARS']",[nan],,
2351,AUXLR242,-17 To 57,Range Of Values,['Acoustic Reflex Left Ear 2kHz 42'],"['Both males and females 20 YEARS - 69 YEARS', 'Both males and females 12 YEARS - 19 YEARS']",[nan],,
2352,AUXLR242,.,Missing,['Acoustic Reflex Left Ear 2kHz 42'],"['Both males and females 20 YEARS - 69 YEARS', 'Both males and females 12 YEARS - 19 YEARS']",[nan],,
2353,AUXLR242,-25 To 53,Range Of Values,['Acoustic Reflex Left Ear 2kHz 42'],"['Both males and females 20 YEARS - 69 YEARS', 'Both males and females 12 YEARS - 19 YEARS']",[nan],,
2354,AUXLR242,-17 To 51,Range Of Values,['Acoustic Reflex Left Ear 2kHz 42'],"['Both males and females 20 YEARS - 69 YEARS', 'Both males and females 12 YEARS - 19 YEARS']",[nan],,
2355,AUXLR242,-35 To 41,Range Of Values,['Acoustic Reflex Left Ear 2kHz 42'],"['Both males and females 20 YEARS - 69 YEARS', 'Both males and females 12 YEARS - 19 YEARS']",[nan],,
2356,AUXLR242,-7 To 51,Range Of Values,['Acoustic Reflex Left Ear 2kHz 42'],"['Both males and females 20 YEARS - 69 YEARS', 'Both males and females 12 YEARS - 19 YEARS']",[nan],,
2357,AUXLR242,-24 To 61,Range Of Values,['Acoustic Reflex Left Ear 2kHz 42'],"['Both males and females 20 YEARS - 69 YEARS', 'Both males and females 12 YEARS - 19 YEARS']",[nan],,
2358,AUXLR242,-12 To 55,Range Of Values,['Acoustic Reflex Left Ear 2kHz 42'],"['Both males and females 20 YEARS - 69 YEARS', 'Both males and females 12 YEARS - 19 YEARS']",[nan],,
2359,AUXLR243,-17 To 47,Range Of Values,['Acoustic Reflex Left Ear 2kHz 43'],"['Both males and females 20 YEARS - 69 YEARS', 'Both males and females 12 YEARS - 19 YEARS']",[nan],,
2360,AUXLR243,.,Missing,['Acoustic Reflex Left Ear 2kHz 43'],"['Both males and females 20 YEARS - 69 YEARS', 'Both males and females 12 YEARS - 19 YEARS']",[nan],,
2361,AUXLR243,-25 To 66,Range Of Values,['Acoustic Reflex Left Ear 2kHz 43'],"['Both males and females 20 YEARS - 69 YEARS', 'Both males and females 12 YEARS - 19 YEARS']",[nan],,
2362,AUXLR243,-32 To 58,Range Of Values,['Acoustic Reflex Left Ear 2kHz 43'],"['Both males and females 20 YEARS - 69 YEARS', 'Both males and females 12 YEARS - 19 YEARS']",[nan],,
2363,AUXLR243,-34 To 43,Range Of Values,['Acoustic Reflex Left Ear 2kHz 43'],"['Both males and females 20 YEARS - 69 YEARS', 'Both males and females 12 YEARS - 19 YEARS']",[nan],,
2364,AUXLR243,-7 To 51,Range Of Values,['Acoustic Reflex Left Ear 2kHz 43'],"['Both males and females 20 YEARS - 69 YEARS', 'Both males and females 12 YEARS - 19 YEARS']",[nan],,
2365,AUXLR243,-25 To 65,Range Of Values,['Acoustic Reflex Left Ear 2kHz 43'],"['Both males and females 20 YEARS - 69 YEARS', 'Both males and females 12 YEARS - 19 YEARS']",[nan],,
2366,AUXLR243,-14 To 38,Range Of Values,['Acoustic Reflex Left Ear 2kHz 43'],"['Both males and females 20 YEARS - 69 YEARS', 'Both males and females 12 YEARS - 19 YEARS']",[nan],,
2367,AUXLR244,-17 To 59,Range Of Values,['Acoustic Reflex Left Ear 2kHz 44'],"['Both males and females 20 YEARS - 69 YEARS', 'Both males and females 12 YEARS - 19 YEARS']",[nan],,
2368,AUXLR244,.,Missing,['Acoustic Reflex Left Ear 2kHz 44'],"['Both males and females 20 YEARS - 69 YEARS', 'Both males and females 12 YEARS - 19 YEARS']",[nan],,
2369,AUXLR244,-19 To 70,Range Of Values,['Acoustic Reflex Left Ear 2kHz 44'],"['Both males and females 20 YEARS - 69 YEARS', 'Both males and females 12 YEARS - 19 YEARS']",[nan],,
2370,AUXLR244,-43 To 61,Range Of Values,['Acoustic Reflex Left Ear 2kHz 44'],"['Both males and females 20 YEARS - 69 YEARS', 'Both males and females 12 YEARS - 19 YEARS']",[nan],,
2371,AUXLR244,-33 To 44,Range Of Values,['Acoustic Reflex Left Ear 2kHz 44'],"['Both males and females 20 YEARS - 69 YEARS', 'Both males and females 12 YEARS - 19 YEARS']",[nan],,
2372,AUXLR244,-6 To 51,Range Of Values,['Acoustic Reflex Left Ear 2kHz 44'],"['Both males and females 20 YEARS - 69 YEARS', 'Both males and females 12 YEARS - 19 YEARS']",[nan],,
2373,AUXLR244,-26 To 65,Range Of Values,['Acoustic Reflex Left Ear 2kHz 44'],"['Both males and females 20 YEARS - 69 YEARS', 'Both males and females 12 YEARS - 19 YEARS']",[nan],,
2374,AUXLR245,-15 To 51,Range Of Values,['Acoustic Reflex Left Ear 2kHz 45'],"['Both males and females 20 YEARS - 69 YEARS', 'Both males and females 12 YEARS - 19 YEARS']",[nan],,
2375,AUXLR245,.,Missing,['Acoustic Reflex Left Ear 2kHz 45'],"['Both males and females 20 YEARS - 69 YEARS', 'Both males and females 12 YEARS - 19 YEARS']",[nan],,
2376,AUXLR245,-18 To 86,Range Of Values,['Acoustic Reflex Left Ear 2kHz 45'],"['Both males and females 20 YEARS - 69 YEARS', 'Both males and females 12 YEARS - 19 YEARS']",[nan],,
2377,AUXLR245,-50 To 62,Range Of Values,['Acoustic Reflex Left Ear 2kHz 45'],"['Both males and females 20 YEARS - 69 YEARS', 'Both males and females 12 YEARS - 19 YEARS']",[nan],,
2378,AUXLR245,-31 To 56,Range Of Values,['Acoustic Reflex Left Ear 2kHz 45'],"['Both males and females 20 YEARS - 69 YEARS', 'Both males and females 12 YEARS - 19 YEARS']",[nan],,
2379,AUXLR245,-13 To 59,Range Of Values,['Acoustic Reflex Left Ear 2kHz 45'],"['Both males and females 20 YEARS - 69 YEARS', 'Both males and females 12 YEARS - 19 YEARS']",[nan],,
2380,AUXLR245,-25 To 63,Range Of Values,['Acoustic Reflex Left Ear 2kHz 45'],"['Both males and females 20 YEARS - 69 YEARS', 'Both males and females 12 YEARS - 19 YEARS']",[nan],,
2381,AUXLR245,-19 To 46,Range Of Values,['Acoustic Reflex Left Ear 2kHz 45'],"['Both males and females 20 YEARS - 69 YEARS', 'Both males and females 12 YEARS - 19 YEARS']",[nan],,
2382,AUXLR246,-13 To 66,Range Of Values,['Acoustic Reflex Left Ear 2kHz 46'],"['Both males and females 20 YEARS - 69 YEARS', 'Both males and females 12 YEARS - 19 YEARS']",[nan],,
2383,AUXLR246,.,Missing,['Acoustic Reflex Left Ear 2kHz 46'],"['Both males and females 20 YEARS - 69 YEARS', 'Both males and females 12 YEARS - 19 YEARS']",[nan],,
2384,AUXLR246,-15 To 52,Range Of Values,['Acoustic Reflex Left Ear 2kHz 46'],"['Both males and females 20 YEARS - 69 YEARS', 'Both males and females 12 YEARS - 19 YEARS']",[nan],,
2385,AUXLR246,-54 To 63,Range Of Values,['Acoustic Reflex Left Ear 2kHz 46'],"['Both males and females 20 YEARS - 69 YEARS', 'Both males and females 12 YEARS - 19 YEARS']",[nan],,
2386,AUXLR246,-29 To 45,Range Of Values,['Acoustic Reflex Left Ear 2kHz 46'],"['Both males and females 20 YEARS - 69 YEARS', 'Both males and females 12 YEARS - 19 YEARS']",[nan],,
2387,AUXLR246,-5 To 66,Range Of Values,['Acoustic Reflex Left Ear 2kHz 46'],"['Both males and females 20 YEARS - 69 YEARS', 'Both males and females 12 YEARS - 19 YEARS']",[nan],,
2388,AUXLR246,-23 To 64,Range Of Values,['Acoustic Reflex Left Ear 2kHz 46'],"['Both males and females 20 YEARS - 69 YEARS', 'Both males and females 12 YEARS - 19 YEARS']",[nan],,
2389,AUXLR246,-17 To 76,Range Of Values,['Acoustic Reflex Left Ear 2kHz 46'],"['Both males and females 20 YEARS - 69 YEARS', 'Both males and females 12 YEARS - 19 YEARS']",[nan],,
2390,AUXLR247,-12 To 50,Range Of Values,['Acoustic Reflex Left Ear 2kHz 47'],"['Both males and females 20 YEARS - 69 YEARS', 'Both males and females 12 YEARS - 19 YEARS']",[nan],,
2391,AUXLR247,.,Missing,['Acoustic Reflex Left Ear 2kHz 47'],"['Both males and females 20 YEARS - 69 YEARS', 'Both males and females 12 YEARS - 19 YEARS']",[nan],,
2392,AUXLR247,-19 To 55,Range Of Values,['Acoustic Reflex Left Ear 2kHz 47'],"['Both males and females 20 YEARS - 69 YEARS', 'Both males and females 12 YEARS - 19 YEARS']",[nan],,
2393,AUXLR247,-56 To 66,Range Of Values,['Acoustic Reflex Left Ear 2kHz 47'],"['Both males and females 20 YEARS - 69 YEARS', 'Both males and females 12 YEARS - 19 YEARS']",[nan],,
2394,AUXLR247,-28 To 42,Range Of Values,['Acoustic Reflex Left Ear 2kHz 47'],"['Both males and females 20 YEARS - 69 YEARS', 'Both males and females 12 YEARS - 19 YEARS']",[nan],,
2395,AUXLR247,-3 To 53,Range Of Values,['Acoustic Reflex Left Ear 2kHz 47'],"['Both males and females 20 YEARS - 69 YEARS', 'Both males and females 12 YEARS - 19 YEARS']",[nan],,
2396,AUXLR247,-25 To 65,Range Of Values,['Acoustic Reflex Left Ear 2kHz 47'],"['Both males and females 20 YEARS - 69 YEARS', 'Both males and females 12 YEARS - 19 YEARS']",[nan],,
2397,AUXLR247,-14 To 77,Range Of Values,['Acoustic Reflex Left Ear 2kHz 47'],"['Both males and females 20 YEARS - 69 YEARS', 'Both males and females 12 YEARS - 19 YEARS']",[nan],,
2398,AUXLR248,-19 To 52,Range Of Values,['Acoustic Reflex Left Ear 2kHz 48'],"['Both males and females 20 YEARS - 69 YEARS', 'Both males and females 12 YEARS - 19 YEARS']",[nan],,
2399,AUXLR248,.,Missing,['Acoustic Reflex Left Ear 2kHz 48'],"['Both males and females 20 YEARS - 69 YEARS', 'Both males and females 12 YEARS - 19 YEARS']",[nan],,
2400,AUXLR248,-13 To 57,Range Of Values,['Acoustic Reflex Left Ear 2kHz 48'],"['Both males and females 20 YEARS - 69 YEARS', 'Both males and females 12 YEARS - 19 YEARS']",[nan],,
2401,AUXLR248,-57 To 70,Range Of Values,['Acoustic Reflex Left Ear 2kHz 48'],"['Both males and females 20 YEARS - 69 YEARS', 'Both males and females 12 YEARS - 19 YEARS']",[nan],,
2402,AUXLR248,-27 To 38,Range Of Values,['Acoustic Reflex Left Ear 2kHz 48'],"['Both males and females 20 YEARS - 69 YEARS', 'Both males and females 12 YEARS - 19 YEARS']",[nan],,
2403,AUXLR248,-4 To 51,Range Of Values,['Acoustic Reflex Left Ear 2kHz 48'],"['Both males and females 20 YEARS - 69 YEARS', 'Both males and females 12 YEARS - 19 YEARS']",[nan],,
2404,AUXLR248,-26 To 75,Range Of Values,['Acoustic Reflex Left Ear 2kHz 48'],"['Both males and females 20 YEARS - 69 YEARS', 'Both males and females 12 YEARS - 19 YEARS']",[nan],,
2405,AUXLR248,-13 To 70,Range Of Values,['Acoustic Reflex Left Ear 2kHz 48'],"['Both males and females 20 YEARS - 69 YEARS', 'Both males and females 12 YEARS - 19 YEARS']",[nan],,
2406,AUXLR249,-12 To 94,Range Of Values,['Acoustic Reflex Left Ear 2kHz 49'],"['Both males and females 20 YEARS - 69 YEARS', 'Both males and females 12 YEARS - 19 YEARS']",[nan],,
2407,AUXLR249,.,Missing,['Acoustic Reflex Left Ear 2kHz 49'],"['Both males and females 20 YEARS - 69 YEARS', 'Both males and females 12 YEARS - 19 YEARS']",[nan],,
2408,AUXLR249,-7 To 59,Range Of Values,['Acoustic Reflex Left Ear 2kHz 49'],"['Both males and females 20 YEARS - 69 YEARS', 'Both males and females 12 YEARS - 19 YEARS']",[nan],,
2409,AUXLR249,-58 To 70,Range Of Values,['Acoustic Reflex Left Ear 2kHz 49'],"['Both males and females 20 YEARS - 69 YEARS', 'Both males and females 12 YEARS - 19 YEARS']",[nan],,
2410,AUXLR249,-26 To 39,Range Of Values,['Acoustic Reflex Left Ear 2kHz 49'],"['Both males and females 20 YEARS - 69 YEARS', 'Both males and females 12 YEARS - 19 YEARS']",[nan],,
2411,AUXLR249,-12 To 51,Range Of Values,['Acoustic Reflex Left Ear 2kHz 49'],"['Both males and females 20 YEARS - 69 YEARS', 'Both males and females 12 YEARS - 19 YEARS']",[nan],,
2412,AUXLR249,-21 To 67,Range Of Values,['Acoustic Reflex Left Ear 2kHz 49'],"['Both males and females 20 YEARS - 69 YEARS', 'Both males and females 12 YEARS - 19 YEARS']",[nan],,
2413,AUXLR249,-13 To 53,Range Of Values,['Acoustic Reflex Left Ear 2kHz 49'],"['Both males and females 20 YEARS - 69 YEARS', 'Both males and females 12 YEARS - 19 YEARS']",[nan],,
2414,AUXLR250,-9 To 127,Range Of Values,['Acoustic Reflex Left Ear 2kHz 50'],"['Both males and females 20 YEARS - 69 YEARS', 'Both males and females 12 YEARS - 19 YEARS']",[nan],,
2415,AUXLR250,.,Missing,['Acoustic Reflex Left Ear 2kHz 50'],"['Both males and females 20 YEARS - 69 YEARS', 'Both males and females 12 YEARS - 19 YEARS']",[nan],,
2416,AUXLR250,-7 To 103,Range Of Values,['Acoustic Reflex Left Ear 2kHz 50'],"['Both males and females 20 YEARS - 69 YEARS', 'Both males and females 12 YEARS - 19 YEARS']",[nan],,
2417,AUXLR250,-59 To 77,Range Of Values,['Acoustic Reflex Left Ear 2kHz 50'],"['Both males and females 20 YEARS - 69 YEARS', 'Both males and females 12 YEARS - 19 YEARS']",[nan],,
2418,AUXLR250,-26 To 37,Range Of Values,['Acoustic Reflex Left Ear 2kHz 50'],"['Both males and females 20 YEARS - 69 YEARS', 'Both males and females 12 YEARS - 19 YEARS']",[nan],,
2419,AUXLR250,-6 To 51,Range Of Values,['Acoustic Reflex Left Ear 2kHz 50'],"['Both males and females 20 YEARS - 69 YEARS', 'Both males and females 12 YEARS - 19 YEARS']",[nan],,
2420,AUXLR250,-19 To 67,Range Of Values,['Acoustic Reflex Left Ear 2kHz 50'],"['Both males and females 20 YEARS - 69 YEARS', 'Both males and females 12 YEARS - 19 YEARS']",[nan],,
2421,AUXLR250,-20 To 46,Range Of Values,['Acoustic Reflex Left Ear 2kHz 50'],"['Both males and females 20 YEARS - 69 YEARS', 'Both males and females 12 YEARS - 19 YEARS']",[nan],,
2422,AUXLR251,-23 To 95,Range Of Values,['Acoustic Reflex Left Ear 2kHz 51'],"['Both males and females 20 YEARS - 69 YEARS', 'Both males and females 12 YEARS - 19 YEARS']",[nan],,
2423,AUXLR251,.,Missing,['Acoustic Reflex Left Ear 2kHz 51'],"['Both males and females 20 YEARS - 69 YEARS', 'Both males and females 12 YEARS - 19 YEARS']",[nan],,
2424,AUXLR251,-11 To 87,Range Of Values,['Acoustic Reflex Left Ear 2kHz 51'],"['Both males and females 20 YEARS - 69 YEARS', 'Both males and females 12 YEARS - 19 YEARS']",[nan],,
2425,AUXLR251,-59 To 69,Range Of Values,['Acoustic Reflex Left Ear 2kHz 51'],"['Both males and females 20 YEARS - 69 YEARS', 'Both males and females 12 YEARS - 19 YEARS']",[nan],,
2426,AUXLR251,-25 To 38,Range Of Values,['Acoustic Reflex Left Ear 2kHz 51'],"['Both males and females 20 YEARS - 69 YEARS', 'Both males and females 12 YEARS - 19 YEARS']",[nan],,
2427,AUXLR251,-4 To 51,Range Of Values,['Acoustic Reflex Left Ear 2kHz 51'],"['Both males and females 20 YEARS - 69 YEARS', 'Both males and females 12 YEARS - 19 YEARS']",[nan],,
2428,AUXLR251,-18 To 70,Range Of Values,['Acoustic Reflex Left Ear 2kHz 51'],"['Both males and females 20 YEARS - 69 YEARS', 'Both males and females 12 YEARS - 19 YEARS']",[nan],,
2429,AUXLR251,-22 To 58,Range Of Values,['Acoustic Reflex Left Ear 2kHz 51'],"['Both males and females 20 YEARS - 69 YEARS', 'Both males and females 12 YEARS - 19 YEARS']",[nan],,
2430,AUXLR252,-11 To 70,Range Of Values,['Acoustic Reflex Left Ear 2kHz 52'],"['Both males and females 20 YEARS - 69 YEARS', 'Both males and females 12 YEARS - 19 YEARS']",[nan],,
2431,AUXLR252,.,Missing,['Acoustic Reflex Left Ear 2kHz 52'],"['Both males and females 20 YEARS - 69 YEARS', 'Both males and females 12 YEARS - 19 YEARS']",[nan],,
2432,AUXLR252,-15 To 46,Range Of Values,['Acoustic Reflex Left Ear 2kHz 52'],"['Both males and females 20 YEARS - 69 YEARS', 'Both males and females 12 YEARS - 19 YEARS']",[nan],,
2433,AUXLR252,-59 To 66,Range Of Values,['Acoustic Reflex Left Ear 2kHz 52'],"['Both males and females 20 YEARS - 69 YEARS', 'Both males and females 12 YEARS - 19 YEARS']",[nan],,
2434,AUXLR252,-24 To 39,Range Of Values,['Acoustic Reflex Left Ear 2kHz 52'],"['Both males and females 20 YEARS - 69 YEARS', 'Both males and females 12 YEARS - 19 YEARS']",[nan],,
2435,AUXLR252,-1 To 51,Range Of Values,['Acoustic Reflex Left Ear 2kHz 52'],"['Both males and females 20 YEARS - 69 YEARS', 'Both males and females 12 YEARS - 19 YEARS']",[nan],,
2436,AUXLR252,-17 To 72,Range Of Values,['Acoustic Reflex Left Ear 2kHz 52'],"['Both males and females 20 YEARS - 69 YEARS', 'Both males and females 12 YEARS - 19 YEARS']",[nan],,
2437,AUXLR252,-16 To 74,Range Of Values,['Acoustic Reflex Left Ear 2kHz 52'],"['Both males and females 20 YEARS - 69 YEARS', 'Both males and females 12 YEARS - 19 YEARS']",[nan],,
2438,AUXLR253,-31 To 79,Range Of Values,['Acoustic Reflex Left Ear 2kHz 53'],"['Both males and females 20 YEARS - 69 YEARS', 'Both males and females 12 YEARS - 19 YEARS']",[nan],,
2439,AUXLR253,.,Missing,['Acoustic Reflex Left Ear 2kHz 53'],"['Both males and females 20 YEARS - 69 YEARS', 'Both males and females 12 YEARS - 19 YEARS']",[nan],,
2440,AUXLR253,-19 To 49,Range Of Values,['Acoustic Reflex Left Ear 2kHz 53'],"['Both males and females 20 YEARS - 69 YEARS', 'Both males and females 12 YEARS - 19 YEARS']",[nan],,
2441,AUXLR253,-59 To 66,Range Of Values,['Acoustic Reflex Left Ear 2kHz 53'],"['Both males and females 20 YEARS - 69 YEARS', 'Both males and females 12 YEARS - 19 YEARS']",[nan],,
2442,AUXLR253,-23 To 40,Range Of Values,['Acoustic Reflex Left Ear 2kHz 53'],"['Both males and females 20 YEARS - 69 YEARS', 'Both males and females 12 YEARS - 19 YEARS']",[nan],,
2443,AUXLR253,-10 To 51,Range Of Values,['Acoustic Reflex Left Ear 2kHz 53'],"['Both males and females 20 YEARS - 69 YEARS', 'Both males and females 12 YEARS - 19 YEARS']",[nan],,
2444,AUXLR253,-17 To 75,Range Of Values,['Acoustic Reflex Left Ear 2kHz 53'],"['Both males and females 20 YEARS - 69 YEARS', 'Both males and females 12 YEARS - 19 YEARS']",[nan],,
2445,AUXLR253,-12 To 70,Range Of Values,['Acoustic Reflex Left Ear 2kHz 53'],"['Both males and females 20 YEARS - 69 YEARS', 'Both males and females 12 YEARS - 19 YEARS']",[nan],,
2446,AUXLR254,-19 To 59,Range Of Values,['Acoustic Reflex Left Ear 2kHz 54'],"['Both males and females 20 YEARS - 69 YEARS', 'Both males and females 12 YEARS - 19 YEARS']",[nan],,
2447,AUXLR254,.,Missing,['Acoustic Reflex Left Ear 2kHz 54'],"['Both males and females 20 YEARS - 69 YEARS', 'Both males and females 12 YEARS - 19 YEARS']",[nan],,
2448,AUXLR254,-23 To 53,Range Of Values,['Acoustic Reflex Left Ear 2kHz 54'],"['Both males and females 20 YEARS - 69 YEARS', 'Both males and females 12 YEARS - 19 YEARS']",[nan],,
2449,AUXLR254,-58 To 67,Range Of Values,['Acoustic Reflex Left Ear 2kHz 54'],"['Both males and females 20 YEARS - 69 YEARS', 'Both males and females 12 YEARS - 19 YEARS']",[nan],,
2450,AUXLR254,-22 To 40,Range Of Values,['Acoustic Reflex Left Ear 2kHz 54'],"['Both males and females 20 YEARS - 69 YEARS', 'Both males and females 12 YEARS - 19 YEARS']",[nan],,
2451,AUXLR254,-8 To 58,Range Of Values,['Acoustic Reflex Left Ear 2kHz 54'],"['Both males and females 20 YEARS - 69 YEARS', 'Both males and females 12 YEARS - 19 YEARS']",[nan],,
2452,AUXLR254,-16 To 72,Range Of Values,['Acoustic Reflex Left Ear 2kHz 54'],"['Both males and females 20 YEARS - 69 YEARS', 'Both males and females 12 YEARS - 19 YEARS']",[nan],,
2453,AUXLR254,-8 To 55,Range Of Values,['Acoustic Reflex Left Ear 2kHz 54'],"['Both males and females 20 YEARS - 69 YEARS', 'Both males and females 12 YEARS - 19 YEARS']",[nan],,
2454,AUXLR255,-10 To 57,Range Of Values,['Acoustic Reflex Left Ear 2kHz 55'],"['Both males and females 20 YEARS - 69 YEARS', 'Both males and females 12 YEARS - 19 YEARS']",[nan],,
2455,AUXLR255,.,Missing,['Acoustic Reflex Left Ear 2kHz 55'],"['Both males and females 20 YEARS - 69 YEARS', 'Both males and females 12 YEARS - 19 YEARS']",[nan],,
2456,AUXLR255,-24 To 56,Range Of Values,['Acoustic Reflex Left Ear 2kHz 55'],"['Both males and females 20 YEARS - 69 YEARS', 'Both males and females 12 YEARS - 19 YEARS']",[nan],,
2457,AUXLR255,-56 To 64,Range Of Values,['Acoustic Reflex Left Ear 2kHz 55'],"['Both males and females 20 YEARS - 69 YEARS', 'Both males and females 12 YEARS - 19 YEARS']",[nan],,
2458,AUXLR255,-25 To 41,Range Of Values,['Acoustic Reflex Left Ear 2kHz 55'],"['Both males and females 20 YEARS - 69 YEARS', 'Both males and females 12 YEARS - 19 YEARS']",[nan],,
2459,AUXLR255,-10 To 54,Range Of Values,['Acoustic Reflex Left Ear 2kHz 55'],"['Both males and females 20 YEARS - 69 YEARS', 'Both males and females 12 YEARS - 19 YEARS']",[nan],,
2460,AUXLR255,-15 To 89,Range Of Values,['Acoustic Reflex Left Ear 2kHz 55'],"['Both males and females 20 YEARS - 69 YEARS', 'Both males and females 12 YEARS - 19 YEARS']",[nan],,
2461,AUXLR255,-12 To 73,Range Of Values,['Acoustic Reflex Left Ear 2kHz 55'],"['Both males and females 20 YEARS - 69 YEARS', 'Both males and females 12 YEARS - 19 YEARS']",[nan],,
2462,AUXLR256,-6 To 70,Range Of Values,['Acoustic Reflex Left Ear 2kHz 56'],"['Both males and females 20 YEARS - 69 YEARS', 'Both males and females 12 YEARS - 19 YEARS']",[nan],,
2463,AUXLR256,.,Missing,['Acoustic Reflex Left Ear 2kHz 56'],"['Both males and females 20 YEARS - 69 YEARS', 'Both males and females 12 YEARS - 19 YEARS']",[nan],,
2464,AUXLR256,-23 To 55,Range Of Values,['Acoustic Reflex Left Ear 2kHz 56'],"['Both males and females 20 YEARS - 69 YEARS', 'Both males and females 12 YEARS - 19 YEARS']",[nan],,
2465,AUXLR256,-55 To 71,Range Of Values,['Acoustic Reflex Left Ear 2kHz 56'],"['Both males and females 20 YEARS - 69 YEARS', 'Both males and females 12 YEARS - 19 YEARS']",[nan],,
2466,AUXLR256,-29 To 41,Range Of Values,['Acoustic Reflex Left Ear 2kHz 56'],"['Both males and females 20 YEARS - 69 YEARS', 'Both males and females 12 YEARS - 19 YEARS']",[nan],,
2467,AUXLR256,-16 To 51,Range Of Values,['Acoustic Reflex Left Ear 2kHz 56'],"['Both males and females 20 YEARS - 69 YEARS', 'Both males and females 12 YEARS - 19 YEARS']",[nan],,
2468,AUXLR256,-20 To 80,Range Of Values,['Acoustic Reflex Left Ear 2kHz 56'],"['Both males and females 20 YEARS - 69 YEARS', 'Both males and females 12 YEARS - 19 YEARS']",[nan],,
2469,AUXLR256,-16 To 82,Range Of Values,['Acoustic Reflex Left Ear 2kHz 56'],"['Both males and females 20 YEARS - 69 YEARS', 'Both males and females 12 YEARS - 19 YEARS']",[nan],,
2470,AUXLR257,-7 To 86,Range Of Values,['Acoustic Reflex Left Ear 2kHz 57'],"['Both males and females 20 YEARS - 69 YEARS', 'Both males and females 12 YEARS - 19 YEARS']",[nan],,
2471,AUXLR257,.,Missing,['Acoustic Reflex Left Ear 2kHz 57'],"['Both males and females 20 YEARS - 69 YEARS', 'Both males and females 12 YEARS - 19 YEARS']",[nan],,
2472,AUXLR257,-24 To 52,Range Of Values,['Acoustic Reflex Left Ear 2kHz 57'],"['Both males and females 20 YEARS - 69 YEARS', 'Both males and females 12 YEARS - 19 YEARS']",[nan],,
2473,AUXLR257,-54 To 81,Range Of Values,['Acoustic Reflex Left Ear 2kHz 57'],"['Both males and females 20 YEARS - 69 YEARS', 'Both males and females 12 YEARS - 19 YEARS']",[nan],,
2474,AUXLR257,-29 To 41,Range Of Values,['Acoustic Reflex Left Ear 2kHz 57'],"['Both males and females 20 YEARS - 69 YEARS', 'Both males and females 12 YEARS - 19 YEARS']",[nan],,
2475,AUXLR257,-15 To 58,Range Of Values,['Acoustic Reflex Left Ear 2kHz 57'],"['Both males and females 20 YEARS - 69 YEARS', 'Both males and females 12 YEARS - 19 YEARS']",[nan],,
2476,AUXLR257,-37 To 74,Range Of Values,['Acoustic Reflex Left Ear 2kHz 57'],"['Both males and females 20 YEARS - 69 YEARS', 'Both males and females 12 YEARS - 19 YEARS']",[nan],,
2477,AUXLR257,-24 To 82,Range Of Values,['Acoustic Reflex Left Ear 2kHz 57'],"['Both males and females 20 YEARS - 69 YEARS', 'Both males and females 12 YEARS - 19 YEARS']",[nan],,
2478,AUXLR258,-17 To 59,Range Of Values,['Acoustic Reflex Left Ear 2kHz 58'],"['Both males and females 20 YEARS - 69 YEARS', 'Both males and females 12 YEARS - 19 YEARS']",[nan],,
2479,AUXLR258,.,Missing,['Acoustic Reflex Left Ear 2kHz 58'],"['Both males and females 20 YEARS - 69 YEARS', 'Both males and females 12 YEARS - 19 YEARS']",[nan],,
2480,AUXLR258,-33 To 47,Range Of Values,['Acoustic Reflex Left Ear 2kHz 58'],"['Both males and females 20 YEARS - 69 YEARS', 'Both males and females 12 YEARS - 19 YEARS']",[nan],,
2481,AUXLR258,-53 To 68,Range Of Values,['Acoustic Reflex Left Ear 2kHz 58'],"['Both males and females 20 YEARS - 69 YEARS', 'Both males and females 12 YEARS - 19 YEARS']",[nan],,
2482,AUXLR258,-28 To 40,Range Of Values,['Acoustic Reflex Left Ear 2kHz 58'],"['Both males and females 20 YEARS - 69 YEARS', 'Both males and females 12 YEARS - 19 YEARS']",[nan],,
2483,AUXLR258,-14 To 70,Range Of Values,['Acoustic Reflex Left Ear 2kHz 58'],"['Both males and females 20 YEARS - 69 YEARS', 'Both males and females 12 YEARS - 19 YEARS']",[nan],,
2484,AUXLR258,-22 To 74,Range Of Values,['Acoustic Reflex Left Ear 2kHz 58'],"['Both males and females 20 YEARS - 69 YEARS', 'Both males and females 12 YEARS - 19 YEARS']",[nan],,
2485,AUXLR258,-36 To 51,Range Of Values,['Acoustic Reflex Left Ear 2kHz 58'],"['Both males and females 20 YEARS - 69 YEARS', 'Both males and females 12 YEARS - 19 YEARS']",[nan],,
2486,AUXLR259,-9 To 56,Range Of Values,['Acoustic Reflex Left Ear 2kHz 59'],"['Both males and females 20 YEARS - 69 YEARS', 'Both males and females 12 YEARS - 19 YEARS']",[nan],,
2487,AUXLR259,.,Missing,['Acoustic Reflex Left Ear 2kHz 59'],"['Both males and females 20 YEARS - 69 YEARS', 'Both males and females 12 YEARS - 19 YEARS']",[nan],,
2488,AUXLR259,-35 To 42,Range Of Values,['Acoustic Reflex Left Ear 2kHz 59'],"['Both males and females 20 YEARS - 69 YEARS', 'Both males and females 12 YEARS - 19 YEARS']",[nan],,
2489,AUXLR259,-51 To 71,Range Of Values,['Acoustic Reflex Left Ear 2kHz 59'],"['Both males and females 20 YEARS - 69 YEARS', 'Both males and females 12 YEARS - 19 YEARS']",[nan],,
2490,AUXLR259,-27 To 63,Range Of Values,['Acoustic Reflex Left Ear 2kHz 59'],"['Both males and females 20 YEARS - 69 YEARS', 'Both males and females 12 YEARS - 19 YEARS']",[nan],,
2491,AUXLR259,-21 To 71,Range Of Values,['Acoustic Reflex Left Ear 2kHz 59'],"['Both males and females 20 YEARS - 69 YEARS', 'Both males and females 12 YEARS - 19 YEARS']",[nan],,
2492,AUXLR259,-21 To 78,Range Of Values,['Acoustic Reflex Left Ear 2kHz 59'],"['Both males and females 20 YEARS - 69 YEARS', 'Both males and females 12 YEARS - 19 YEARS']",[nan],,
2493,AUXLR259,-11 To 64,Range Of Values,['Acoustic Reflex Left Ear 2kHz 59'],"['Both males and females 20 YEARS - 69 YEARS', 'Both males and females 12 YEARS - 19 YEARS']",[nan],,
2494,AUXLR260,-12 To 80,Range Of Values,['Acoustic Reflex Left Ear 2kHz 60'],"['Both males and females 20 YEARS - 69 YEARS', 'Both males and females 12 YEARS - 19 YEARS']",[nan],,
2495,AUXLR260,.,Missing,['Acoustic Reflex Left Ear 2kHz 60'],"['Both males and females 20 YEARS - 69 YEARS', 'Both males and females 12 YEARS - 19 YEARS']",[nan],,
2496,AUXLR260,-31 To 50,Range Of Values,['Acoustic Reflex Left Ear 2kHz 60'],"['Both males and females 20 YEARS - 69 YEARS', 'Both males and females 12 YEARS - 19 YEARS']",[nan],,
2497,AUXLR260,-49 To 68,Range Of Values,['Acoustic Reflex Left Ear 2kHz 60'],"['Both males and females 20 YEARS - 69 YEARS', 'Both males and females 12 YEARS - 19 YEARS']",[nan],,
2498,AUXLR260,-27 To 51,Range Of Values,['Acoustic Reflex Left Ear 2kHz 60'],"['Both males and females 20 YEARS - 69 YEARS', 'Both males and females 12 YEARS - 19 YEARS']",[nan],,
2499,AUXLR260,-27 To 69,Range Of Values,['Acoustic Reflex Left Ear 2kHz 60'],"['Both males and females 20 YEARS - 69 YEARS', 'Both males and females 12 YEARS - 19 YEARS']",[nan],,
2500,AUXLR260,-23 To 71,Range Of Values,['Acoustic Reflex Left Ear 2kHz 60'],"['Both males and females 20 YEARS - 69 YEARS', 'Both males and females 12 YEARS - 19 YEARS']",[nan],,
2501,AUXLR260,-4 To 40,Range Of Values,['Acoustic Reflex Left Ear 2kHz 60'],"['Both males and females 20 YEARS - 69 YEARS', 'Both males and females 12 YEARS - 19 YEARS']",[nan],,
2502,AUXLR261,-17 To 63,Range Of Values,['Acoustic Reflex Left Ear 2kHz 61'],"['Both males and females 20 YEARS - 69 YEARS', 'Both males and females 12 YEARS - 19 YEARS']",[nan],,
2503,AUXLR261,.,Missing,['Acoustic Reflex Left Ear 2kHz 61'],"['Both males and females 20 YEARS - 69 YEARS', 'Both males and females 12 YEARS - 19 YEARS']",[nan],,
2504,AUXLR261,-26 To 65,Range Of Values,['Acoustic Reflex Left Ear 2kHz 61'],"['Both males and females 20 YEARS - 69 YEARS', 'Both males and females 12 YEARS - 19 YEARS']",[nan],,
2505,AUXLR261,-46 To 71,Range Of Values,['Acoustic Reflex Left Ear 2kHz 61'],"['Both males and females 20 YEARS - 69 YEARS', 'Both males and females 12 YEARS - 19 YEARS']",[nan],,
2506,AUXLR261,-25 To 41,Range Of Values,['Acoustic Reflex Left Ear 2kHz 61'],"['Both males and females 20 YEARS - 69 YEARS', 'Both males and females 12 YEARS - 19 YEARS']",[nan],,
2507,AUXLR261,-30 To 65,Range Of Values,['Acoustic Reflex Left Ear 2kHz 61'],"['Both males and females 20 YEARS - 69 YEARS', 'Both males and females 12 YEARS - 19 YEARS']",[nan],,
2508,AUXLR261,-24 To 71,Range Of Values,['Acoustic Reflex Left Ear 2kHz 61'],"['Both males and females 20 YEARS - 69 YEARS', 'Both males and females 12 YEARS - 19 YEARS']",[nan],,
2509,AUXLR261,-13 To 42,Range Of Values,['Acoustic Reflex Left Ear 2kHz 61'],"['Both males and females 20 YEARS - 69 YEARS', 'Both males and females 12 YEARS - 19 YEARS']",[nan],,
2510,AUXLR262,-21 To 99,Range Of Values,['Acoustic Reflex Left Ear 2kHz 62'],"['Both males and females 20 YEARS - 69 YEARS', 'Both males and females 12 YEARS - 19 YEARS']",[nan],,
2511,AUXLR262,.,Missing,['Acoustic Reflex Left Ear 2kHz 62'],"['Both males and females 20 YEARS - 69 YEARS', 'Both males and females 12 YEARS - 19 YEARS']",[nan],,
2512,AUXLR262,-24 To 97,Range Of Values,['Acoustic Reflex Left Ear 2kHz 62'],"['Both males and females 20 YEARS - 69 YEARS', 'Both males and females 12 YEARS - 19 YEARS']",[nan],,
2513,AUXLR262,-43 To 82,Range Of Values,['Acoustic Reflex Left Ear 2kHz 62'],"['Both males and females 20 YEARS - 69 YEARS', 'Both males and females 12 YEARS - 19 YEARS']",[nan],,
2514,AUXLR262,-22 To 41,Range Of Values,['Acoustic Reflex Left Ear 2kHz 62'],"['Both males and females 20 YEARS - 69 YEARS', 'Both males and females 12 YEARS - 19 YEARS']",[nan],,
2515,AUXLR262,-30 To 59,Range Of Values,['Acoustic Reflex Left Ear 2kHz 62'],"['Both males and females 20 YEARS - 69 YEARS', 'Both males and females 12 YEARS - 19 YEARS']",[nan],,
2516,AUXLR262,-25 To 73,Range Of Values,['Acoustic Reflex Left Ear 2kHz 62'],"['Both males and females 20 YEARS - 69 YEARS', 'Both males and females 12 YEARS - 19 YEARS']",[nan],,
2517,AUXLR262,-13 To 60,Range Of Values,['Acoustic Reflex Left Ear 2kHz 62'],"['Both males and females 20 YEARS - 69 YEARS', 'Both males and females 12 YEARS - 19 YEARS']",[nan],,
2518,AUXLR263,-9 To 118,Range Of Values,['Acoustic Reflex Left Ear 2kHz 63'],"['Both males and females 20 YEARS - 69 YEARS', 'Both males and females 12 YEARS - 19 YEARS']",[nan],,
2519,AUXLR263,.,Missing,['Acoustic Reflex Left Ear 2kHz 63'],"['Both males and females 20 YEARS - 69 YEARS', 'Both males and females 12 YEARS - 19 YEARS']",[nan],,
2520,AUXLR263,-24 To 63,Range Of Values,['Acoustic Reflex Left Ear 2kHz 63'],"['Both males and females 20 YEARS - 69 YEARS', 'Both males and females 12 YEARS - 19 YEARS']",[nan],,
2521,AUXLR263,-39 To 86,Range Of Values,['Acoustic Reflex Left Ear 2kHz 63'],"['Both males and females 20 YEARS - 69 YEARS', 'Both males and females 12 YEARS - 19 YEARS']",[nan],,
2522,AUXLR263,-18 To 42,Range Of Values,['Acoustic Reflex Left Ear 2kHz 63'],"['Both males and females 20 YEARS - 69 YEARS', 'Both males and females 12 YEARS - 19 YEARS']",[nan],,
2523,AUXLR263,-28 To 51,Range Of Values,['Acoustic Reflex Left Ear 2kHz 63'],"['Both males and females 20 YEARS - 69 YEARS', 'Both males and females 12 YEARS - 19 YEARS']",[nan],,
2524,AUXLR263,-28 To 98,Range Of Values,['Acoustic Reflex Left Ear 2kHz 63'],"['Both males and females 20 YEARS - 69 YEARS', 'Both males and females 12 YEARS - 19 YEARS']",[nan],,
2525,AUXLR263,-27 To 66,Range Of Values,['Acoustic Reflex Left Ear 2kHz 63'],"['Both males and females 20 YEARS - 69 YEARS', 'Both males and females 12 YEARS - 19 YEARS']",[nan],,
2526,AUXLR264,-14 To 116,Range Of Values,['Acoustic Reflex Left Ear 2kHz 64'],"['Both males and females 20 YEARS - 69 YEARS', 'Both males and females 12 YEARS - 19 YEARS']",[nan],,
2527,AUXLR264,.,Missing,['Acoustic Reflex Left Ear 2kHz 64'],"['Both males and females 20 YEARS - 69 YEARS', 'Both males and females 12 YEARS - 19 YEARS']",[nan],,
2528,AUXLR264,-25 To 38,Range Of Values,['Acoustic Reflex Left Ear 2kHz 64'],"['Both males and females 20 YEARS - 69 YEARS', 'Both males and females 12 YEARS - 19 YEARS']",[nan],,
2529,AUXLR264,-36 To 84,Range Of Values,['Acoustic Reflex Left Ear 2kHz 64'],"['Both males and females 20 YEARS - 69 YEARS', 'Both males and females 12 YEARS - 19 YEARS']",[nan],,
2530,AUXLR264,-16 To 43,Range Of Values,['Acoustic Reflex Left Ear 2kHz 64'],"['Both males and females 20 YEARS - 69 YEARS', 'Both males and females 12 YEARS - 19 YEARS']",[nan],,
2531,AUXLR264,-26 To 51,Range Of Values,['Acoustic Reflex Left Ear 2kHz 64'],"['Both males and females 20 YEARS - 69 YEARS', 'Both males and females 12 YEARS - 19 YEARS']",[nan],,
2532,AUXLR264,-29 To 82,Range Of Values,['Acoustic Reflex Left Ear 2kHz 64'],"['Both males and females 20 YEARS - 69 YEARS', 'Both males and females 12 YEARS - 19 YEARS']",[nan],,
2533,AUXLR264,-37 To 80,Range Of Values,['Acoustic Reflex Left Ear 2kHz 64'],"['Both males and females 20 YEARS - 69 YEARS', 'Both males and females 12 YEARS - 19 YEARS']",[nan],,
2534,AUXLR265,-23 To 127,Range Of Values,['Acoustic Reflex Left Ear 2kHz 65'],"['Both males and females 20 YEARS - 69 YEARS', 'Both males and females 12 YEARS - 19 YEARS']",[nan],,
2535,AUXLR265,.,Missing,['Acoustic Reflex Left Ear 2kHz 65'],"['Both males and females 20 YEARS - 69 YEARS', 'Both males and females 12 YEARS - 19 YEARS']",[nan],,
2536,AUXLR265,-27 To 47,Range Of Values,['Acoustic Reflex Left Ear 2kHz 65'],"['Both males and females 20 YEARS - 69 YEARS', 'Both males and females 12 YEARS - 19 YEARS']",[nan],,
2537,AUXLR265,-34 To 81,Range Of Values,['Acoustic Reflex Left Ear 2kHz 65'],"['Both males and females 20 YEARS - 69 YEARS', 'Both males and females 12 YEARS - 19 YEARS']",[nan],,
2538,AUXLR265,-15 To 45,Range Of Values,['Acoustic Reflex Left Ear 2kHz 65'],"['Both males and females 20 YEARS - 69 YEARS', 'Both males and females 12 YEARS - 19 YEARS']",[nan],,
2539,AUXLR265,-25 To 51,Range Of Values,['Acoustic Reflex Left Ear 2kHz 65'],"['Both males and females 20 YEARS - 69 YEARS', 'Both males and females 12 YEARS - 19 YEARS']",[nan],,
2540,AUXLR265,-30 To 76,Range Of Values,['Acoustic Reflex Left Ear 2kHz 65'],"['Both males and females 20 YEARS - 69 YEARS', 'Both males and females 12 YEARS - 19 YEARS']",[nan],,
2541,AUXLR265,-35 To 61,Range Of Values,['Acoustic Reflex Left Ear 2kHz 65'],"['Both males and females 20 YEARS - 69 YEARS', 'Both males and females 12 YEARS - 19 YEARS']",[nan],,
2542,AUXLR266,-26 To 134,Range Of Values,['Acoustic Reflex Left Ear 2kHz 66'],"['Both males and females 20 YEARS - 69 YEARS', 'Both males and females 12 YEARS - 19 YEARS']",[nan],,
2543,AUXLR266,.,Missing,['Acoustic Reflex Left Ear 2kHz 66'],"['Both males and females 20 YEARS - 69 YEARS', 'Both males and females 12 YEARS - 19 YEARS']",[nan],,
2544,AUXLR266,-30 To 56,Range Of Values,['Acoustic Reflex Left Ear 2kHz 66'],"['Both males and females 20 YEARS - 69 YEARS', 'Both males and females 12 YEARS - 19 YEARS']",[nan],,
2545,AUXLR266,-32 To 84,Range Of Values,['Acoustic Reflex Left Ear 2kHz 66'],"['Both males and females 20 YEARS - 69 YEARS', 'Both males and females 12 YEARS - 19 YEARS']",[nan],,
2546,AUXLR266,-14 To 46,Range Of Values,['Acoustic Reflex Left Ear 2kHz 66'],"['Both males and females 20 YEARS - 69 YEARS', 'Both males and females 12 YEARS - 19 YEARS']",[nan],,
2547,AUXLR266,-24 To 52,Range Of Values,['Acoustic Reflex Left Ear 2kHz 66'],"['Both males and females 20 YEARS - 69 YEARS', 'Both males and females 12 YEARS - 19 YEARS']",[nan],,
2548,AUXLR266,-32 To 77,Range Of Values,['Acoustic Reflex Left Ear 2kHz 66'],"['Both males and females 20 YEARS - 69 YEARS', 'Both males and females 12 YEARS - 19 YEARS']",[nan],,
2549,AUXLR266,-35 To 52,Range Of Values,['Acoustic Reflex Left Ear 2kHz 66'],"['Both males and females 20 YEARS - 69 YEARS', 'Both males and females 12 YEARS - 19 YEARS']",[nan],,
2550,AUXLR267,-14 To 109,Range Of Values,['Acoustic Reflex Left Ear 2kHz 67'],"['Both males and females 20 YEARS - 69 YEARS', 'Both males and females 12 YEARS - 19 YEARS']",[nan],,
2551,AUXLR267,.,Missing,['Acoustic Reflex Left Ear 2kHz 67'],"['Both males and females 20 YEARS - 69 YEARS', 'Both males and females 12 YEARS - 19 YEARS']",[nan],,
2552,AUXLR267,-32 To 58,Range Of Values,['Acoustic Reflex Left Ear 2kHz 67'],"['Both males and females 20 YEARS - 69 YEARS', 'Both males and females 12 YEARS - 19 YEARS']",[nan],,
2553,AUXLR267,-29 To 88,Range Of Values,['Acoustic Reflex Left Ear 2kHz 67'],"['Both males and females 20 YEARS - 69 YEARS', 'Both males and females 12 YEARS - 19 YEARS']",[nan],,
2554,AUXLR267,-15 To 53,Range Of Values,['Acoustic Reflex Left Ear 2kHz 67'],"['Both males and females 20 YEARS - 69 YEARS', 'Both males and females 12 YEARS - 19 YEARS']",[nan],,
2555,AUXLR267,-23 To 99,Range Of Values,['Acoustic Reflex Left Ear 2kHz 67'],"['Both males and females 20 YEARS - 69 YEARS', 'Both males and females 12 YEARS - 19 YEARS']",[nan],,
2556,AUXLR267,-31 To 78,Range Of Values,['Acoustic Reflex Left Ear 2kHz 67'],"['Both males and females 20 YEARS - 69 YEARS', 'Both males and females 12 YEARS - 19 YEARS']",[nan],,
2557,AUXLR267,-28 To 76,Range Of Values,['Acoustic Reflex Left Ear 2kHz 67'],"['Both males and females 20 YEARS - 69 YEARS', 'Both males and females 12 YEARS - 19 YEARS']",[nan],,
2558,AUXLR268,-18 To 72,Range Of Values,['Acoustic Reflex Left Ear 2kHz 68'],"['Both males and females 20 YEARS - 69 YEARS', 'Both males and females 12 YEARS - 19 YEARS']",[nan],,
2559,AUXLR268,.,Missing,['Acoustic Reflex Left Ear 2kHz 68'],"['Both males and females 20 YEARS - 69 YEARS', 'Both males and females 12 YEARS - 19 YEARS']",[nan],,
2560,AUXLR268,-31 To 59,Range Of Values,['Acoustic Reflex Left Ear 2kHz 68'],"['Both males and females 20 YEARS - 69 YEARS', 'Both males and females 12 YEARS - 19 YEARS']",[nan],,
2561,AUXLR268,-33 To 87,Range Of Values,['Acoustic Reflex Left Ear 2kHz 68'],"['Both males and females 20 YEARS - 69 YEARS', 'Both males and females 12 YEARS - 19 YEARS']",[nan],,
2562,AUXLR268,-16 To 59,Range Of Values,['Acoustic Reflex Left Ear 2kHz 68'],"['Both males and females 20 YEARS - 69 YEARS', 'Both males and females 12 YEARS - 19 YEARS']",[nan],,
2563,AUXLR268,-22 To 113,Range Of Values,['Acoustic Reflex Left Ear 2kHz 68'],"['Both males and females 20 YEARS - 69 YEARS', 'Both males and females 12 YEARS - 19 YEARS']",[nan],,
2564,AUXLR268,-22 To 77,Range Of Values,['Acoustic Reflex Left Ear 2kHz 68'],"['Both males and females 20 YEARS - 69 YEARS', 'Both males and females 12 YEARS - 19 YEARS']",[nan],,
2565,AUXLR268,-23 To 78,Range Of Values,['Acoustic Reflex Left Ear 2kHz 68'],"['Both males and females 20 YEARS - 69 YEARS', 'Both males and females 12 YEARS - 19 YEARS']",[nan],,
2566,AUXLR269,-15 To 53,Range Of Values,['Acoustic Reflex Left Ear 2kHz 69'],"['Both males and females 20 YEARS - 69 YEARS', 'Both males and females 12 YEARS - 19 YEARS']",[nan],,
2567,AUXLR269,.,Missing,['Acoustic Reflex Left Ear 2kHz 69'],"['Both males and females 20 YEARS - 69 YEARS', 'Both males and females 12 YEARS - 19 YEARS']",[nan],,
2568,AUXLR269,-25 To 57,Range Of Values,['Acoustic Reflex Left Ear 2kHz 69'],"['Both males and females 20 YEARS - 69 YEARS', 'Both males and females 12 YEARS - 19 YEARS']",[nan],,
2569,AUXLR269,-36 To 83,Range Of Values,['Acoustic Reflex Left Ear 2kHz 69'],"['Both males and females 20 YEARS - 69 YEARS', 'Both males and females 12 YEARS - 19 YEARS']",[nan],,
2570,AUXLR269,-18 To 62,Range Of Values,['Acoustic Reflex Left Ear 2kHz 69'],"['Both males and females 20 YEARS - 69 YEARS', 'Both males and females 12 YEARS - 19 YEARS']",[nan],,
2571,AUXLR269,-22 To 93,Range Of Values,['Acoustic Reflex Left Ear 2kHz 69'],"['Both males and females 20 YEARS - 69 YEARS', 'Both males and females 12 YEARS - 19 YEARS']",[nan],,
2572,AUXLR269,-18 To 77,Range Of Values,['Acoustic Reflex Left Ear 2kHz 69'],"['Both males and females 20 YEARS - 69 YEARS', 'Both males and females 12 YEARS - 19 YEARS']",[nan],,
2573,AUXLR269,-23 To 64,Range Of Values,['Acoustic Reflex Left Ear 2kHz 69'],"['Both males and females 20 YEARS - 69 YEARS', 'Both males and females 12 YEARS - 19 YEARS']",[nan],,
2574,AUXLR270,-11 To 66,Range Of Values,['Acoustic Reflex Left Ear 2kHz 70'],"['Both males and females 20 YEARS - 69 YEARS', 'Both males and females 12 YEARS - 19 YEARS']",[nan],,
2575,AUXLR270,.,Missing,['Acoustic Reflex Left Ear 2kHz 70'],"['Both males and females 20 YEARS - 69 YEARS', 'Both males and females 12 YEARS - 19 YEARS']",[nan],,
2576,AUXLR270,-22 To 57,Range Of Values,['Acoustic Reflex Left Ear 2kHz 70'],"['Both males and females 20 YEARS - 69 YEARS', 'Both males and females 12 YEARS - 19 YEARS']",[nan],,
2577,AUXLR270,-36 To 83,Range Of Values,['Acoustic Reflex Left Ear 2kHz 70'],"['Both males and females 20 YEARS - 69 YEARS', 'Both males and females 12 YEARS - 19 YEARS']",[nan],,
2578,AUXLR270,-20 To 63,Range Of Values,['Acoustic Reflex Left Ear 2kHz 70'],"['Both males and females 20 YEARS - 69 YEARS', 'Both males and females 12 YEARS - 19 YEARS']",[nan],,
2579,AUXLR270,-21 To 50,Range Of Values,['Acoustic Reflex Left Ear 2kHz 70'],"['Both males and females 20 YEARS - 69 YEARS', 'Both males and females 12 YEARS - 19 YEARS']",[nan],,
2580,AUXLR270,-23 To 76,Range Of Values,['Acoustic Reflex Left Ear 2kHz 70'],"['Both males and females 20 YEARS - 69 YEARS', 'Both males and females 12 YEARS - 19 YEARS']",[nan],,
2581,AUXLR270,-20 To 71,Range Of Values,['Acoustic Reflex Left Ear 2kHz 70'],"['Both males and females 20 YEARS - 69 YEARS', 'Both males and females 12 YEARS - 19 YEARS']",[nan],,
2582,AUXLR271,-6 To 44,Range Of Values,['Acoustic Reflex Left Ear 2kHz 71'],"['Both males and females 20 YEARS - 69 YEARS', 'Both males and females 12 YEARS - 19 YEARS']",[nan],,
2583,AUXLR271,.,Missing,['Acoustic Reflex Left Ear 2kHz 71'],"['Both males and females 20 YEARS - 69 YEARS', 'Both males and females 12 YEARS - 19 YEARS']",[nan],,
2584,AUXLR271,-19 To 56,Range Of Values,['Acoustic Reflex Left Ear 2kHz 71'],"['Both males and females 20 YEARS - 69 YEARS', 'Both males and females 12 YEARS - 19 YEARS']",[nan],,
2585,AUXLR271,-36 To 102,Range Of Values,['Acoustic Reflex Left Ear 2kHz 71'],"['Both males and females 20 YEARS - 69 YEARS', 'Both males and females 12 YEARS - 19 YEARS']",[nan],,
2586,AUXLR271,-23 To 63,Range Of Values,['Acoustic Reflex Left Ear 2kHz 71'],"['Both males and females 20 YEARS - 69 YEARS', 'Both males and females 12 YEARS - 19 YEARS']",[nan],,
2587,AUXLR271,-20 To 50,Range Of Values,['Acoustic Reflex Left Ear 2kHz 71'],"['Both males and females 20 YEARS - 69 YEARS', 'Both males and females 12 YEARS - 19 YEARS']",[nan],,
2588,AUXLR271,-21 To 80,Range Of Values,['Acoustic Reflex Left Ear 2kHz 71'],"['Both males and females 20 YEARS - 69 YEARS', 'Both males and females 12 YEARS - 19 YEARS']",[nan],,
2589,AUXLR271,-15 To 49,Range Of Values,['Acoustic Reflex Left Ear 2kHz 71'],"['Both males and females 20 YEARS - 69 YEARS', 'Both males and females 12 YEARS - 19 YEARS']",[nan],,
2590,AUXLR272,-11 To 58,Range Of Values,['Acoustic Reflex Left Ear 2kHz 72'],"['Both males and females 20 YEARS - 69 YEARS', 'Both males and females 12 YEARS - 19 YEARS']",[nan],,
2591,AUXLR272,.,Missing,['Acoustic Reflex Left Ear 2kHz 72'],"['Both males and females 20 YEARS - 69 YEARS', 'Both males and females 12 YEARS - 19 YEARS']",[nan],,
2592,AUXLR272,-16 To 53,Range Of Values,['Acoustic Reflex Left Ear 2kHz 72'],"['Both males and females 20 YEARS - 69 YEARS', 'Both males and females 12 YEARS - 19 YEARS']",[nan],,
2593,AUXLR272,-34 To 105,Range Of Values,['Acoustic Reflex Left Ear 2kHz 72'],"['Both males and females 20 YEARS - 69 YEARS', 'Both males and females 12 YEARS - 19 YEARS']",[nan],,
2594,AUXLR272,-24 To 63,Range Of Values,['Acoustic Reflex Left Ear 2kHz 72'],"['Both males and females 20 YEARS - 69 YEARS', 'Both males and females 12 YEARS - 19 YEARS']",[nan],,
2595,AUXLR272,-19 To 50,Range Of Values,['Acoustic Reflex Left Ear 2kHz 72'],"['Both males and females 20 YEARS - 69 YEARS', 'Both males and females 12 YEARS - 19 YEARS']",[nan],,
2596,AUXLR272,-18 To 74,Range Of Values,['Acoustic Reflex Left Ear 2kHz 72'],"['Both males and females 20 YEARS - 69 YEARS', 'Both males and females 12 YEARS - 19 YEARS']",[nan],,
2597,AUXLR272,-17 To 53,Range Of Values,['Acoustic Reflex Left Ear 2kHz 72'],"['Both males and females 20 YEARS - 69 YEARS', 'Both males and females 12 YEARS - 19 YEARS']",[nan],,
2598,AUXLR273,-8 To 43,Range Of Values,['Acoustic Reflex Left Ear 2kHz 73'],"['Both males and females 20 YEARS - 69 YEARS', 'Both males and females 12 YEARS - 19 YEARS']",[nan],,
2599,AUXLR273,.,Missing,['Acoustic Reflex Left Ear 2kHz 73'],"['Both males and females 20 YEARS - 69 YEARS', 'Both males and females 12 YEARS - 19 YEARS']",[nan],,
2600,AUXLR273,-22 To 44,Range Of Values,['Acoustic Reflex Left Ear 2kHz 73'],"['Both males and females 20 YEARS - 69 YEARS', 'Both males and females 12 YEARS - 19 YEARS']",[nan],,
2601,AUXLR273,-28 To 105,Range Of Values,['Acoustic Reflex Left Ear 2kHz 73'],"['Both males and females 20 YEARS - 69 YEARS', 'Both males and females 12 YEARS - 19 YEARS']",[nan],,
2602,AUXLR273,-24 To 63,Range Of Values,['Acoustic Reflex Left Ear 2kHz 73'],"['Both males and females 20 YEARS - 69 YEARS', 'Both males and females 12 YEARS - 19 YEARS']",[nan],,
2603,AUXLR273,-18 To 50,Range Of Values,['Acoustic Reflex Left Ear 2kHz 73'],"['Both males and females 20 YEARS - 69 YEARS', 'Both males and females 12 YEARS - 19 YEARS']",[nan],,
2604,AUXLR273,-16 To 72,Range Of Values,['Acoustic Reflex Left Ear 2kHz 73'],"['Both males and females 20 YEARS - 69 YEARS', 'Both males and females 12 YEARS - 19 YEARS']",[nan],,
2605,AUXLR273,-28 To 48,Range Of Values,['Acoustic Reflex Left Ear 2kHz 73'],"['Both males and females 20 YEARS - 69 YEARS', 'Both males and females 12 YEARS - 19 YEARS']",[nan],,
2606,AUXLR274,-12 To 74,Range Of Values,['Acoustic Reflex Left Ear 2kHz 74'],"['Both males and females 20 YEARS - 69 YEARS', 'Both males and females 12 YEARS - 19 YEARS']",[nan],,
2607,AUXLR274,.,Missing,['Acoustic Reflex Left Ear 2kHz 74'],"['Both males and females 20 YEARS - 69 YEARS', 'Both males and females 12 YEARS - 19 YEARS']",[nan],,
2608,AUXLR274,-19 To 35,Range Of Values,['Acoustic Reflex Left Ear 2kHz 74'],"['Both males and females 20 YEARS - 69 YEARS', 'Both males and females 12 YEARS - 19 YEARS']",[nan],,
2609,AUXLR274,-19 To 109,Range Of Values,['Acoustic Reflex Left Ear 2kHz 74'],"['Both males and females 20 YEARS - 69 YEARS', 'Both males and females 12 YEARS - 19 YEARS']",[nan],,
2610,AUXLR274,-23 To 63,Range Of Values,['Acoustic Reflex Left Ear 2kHz 74'],"['Both males and females 20 YEARS - 69 YEARS', 'Both males and females 12 YEARS - 19 YEARS']",[nan],,
2611,AUXLR274,-16 To 50,Range Of Values,['Acoustic Reflex Left Ear 2kHz 74'],"['Both males and females 20 YEARS - 69 YEARS', 'Both males and females 12 YEARS - 19 YEARS']",[nan],,
2612,AUXLR274,-17 To 70,Range Of Values,['Acoustic Reflex Left Ear 2kHz 74'],"['Both males and females 20 YEARS - 69 YEARS', 'Both males and females 12 YEARS - 19 YEARS']",[nan],,
2613,AUXLR274,-36 To 83,Range Of Values,['Acoustic Reflex Left Ear 2kHz 74'],"['Both males and females 20 YEARS - 69 YEARS', 'Both males and females 12 YEARS - 19 YEARS']",[nan],,
2614,AUXLR275,-18 To 58,Range Of Values,['Acoustic Reflex Left Ear 2kHz 75'],"['Both males and females 20 YEARS - 69 YEARS', 'Both males and females 12 YEARS - 19 YEARS']",[nan],,
2615,AUXLR275,.,Missing,['Acoustic Reflex Left Ear 2kHz 75'],"['Both males and females 20 YEARS - 69 YEARS', 'Both males and females 12 YEARS - 19 YEARS']",[nan],,
2616,AUXLR275,-18 To 54,Range Of Values,['Acoustic Reflex Left Ear 2kHz 75'],"['Both males and females 20 YEARS - 69 YEARS', 'Both males and females 12 YEARS - 19 YEARS']",[nan],,
2617,AUXLR275,-20 To 104,Range Of Values,['Acoustic Reflex Left Ear 2kHz 75'],"['Both males and females 20 YEARS - 69 YEARS', 'Both males and females 12 YEARS - 19 YEARS']",[nan],,
2618,AUXLR275,-21 To 63,Range Of Values,['Acoustic Reflex Left Ear 2kHz 75'],"['Both males and females 20 YEARS - 69 YEARS', 'Both males and females 12 YEARS - 19 YEARS']",[nan],,
2619,AUXLR275,-21 To 50,Range Of Values,['Acoustic Reflex Left Ear 2kHz 75'],"['Both males and females 20 YEARS - 69 YEARS', 'Both males and females 12 YEARS - 19 YEARS']",[nan],,
2620,AUXLR275,-23 To 75,Range Of Values,['Acoustic Reflex Left Ear 2kHz 75'],"['Both males and females 20 YEARS - 69 YEARS', 'Both males and females 12 YEARS - 19 YEARS']",[nan],,
2621,AUXLR275,-35 To 83,Range Of Values,['Acoustic Reflex Left Ear 2kHz 75'],"['Both males and females 20 YEARS - 69 YEARS', 'Both males and females 12 YEARS - 19 YEARS']",[nan],,
2622,AUXLR276,-19 To 63,Range Of Values,['Acoustic Reflex Left Ear 2kHz 76'],"['Both males and females 20 YEARS - 69 YEARS', 'Both males and females 12 YEARS - 19 YEARS']",[nan],,
2623,AUXLR276,.,Missing,['Acoustic Reflex Left Ear 2kHz 76'],"['Both males and females 20 YEARS - 69 YEARS', 'Both males and females 12 YEARS - 19 YEARS']",[nan],,
2624,AUXLR276,-27 To 40,Range Of Values,['Acoustic Reflex Left Ear 2kHz 76'],"['Both males and females 20 YEARS - 69 YEARS', 'Both males and females 12 YEARS - 19 YEARS']",[nan],,
2625,AUXLR276,-20 To 88,Range Of Values,['Acoustic Reflex Left Ear 2kHz 76'],"['Both males and females 20 YEARS - 69 YEARS', 'Both males and females 12 YEARS - 19 YEARS']",[nan],,
2626,AUXLR276,-27 To 50,Range Of Values,['Acoustic Reflex Left Ear 2kHz 76'],"['Both males and females 20 YEARS - 69 YEARS', 'Both males and females 12 YEARS - 19 YEARS']",[nan],,
2627,AUXLR276,-26 To 72,Range Of Values,['Acoustic Reflex Left Ear 2kHz 76'],"['Both males and females 20 YEARS - 69 YEARS', 'Both males and females 12 YEARS - 19 YEARS']",[nan],,
2628,AUXLR276,-21 To 60,Range Of Values,['Acoustic Reflex Left Ear 2kHz 76'],"['Both males and females 20 YEARS - 69 YEARS', 'Both males and females 12 YEARS - 19 YEARS']",[nan],,
2629,AUXLR277,-20 To 50,Range Of Values,['Acoustic Reflex Left Ear 2kHz 77'],"['Both males and females 20 YEARS - 69 YEARS', 'Both males and females 12 YEARS - 19 YEARS']",[nan],,
2630,AUXLR277,.,Missing,['Acoustic Reflex Left Ear 2kHz 77'],"['Both males and females 20 YEARS - 69 YEARS', 'Both males and females 12 YEARS - 19 YEARS']",[nan],,
2631,AUXLR277,-25 To 39,Range Of Values,['Acoustic Reflex Left Ear 2kHz 77'],"['Both males and females 20 YEARS - 69 YEARS', 'Both males and females 12 YEARS - 19 YEARS']",[nan],,
2632,AUXLR277,-25 To 71,Range Of Values,['Acoustic Reflex Left Ear 2kHz 77'],"['Both males and females 20 YEARS - 69 YEARS', 'Both males and females 12 YEARS - 19 YEARS']",[nan],,
2633,AUXLR277,-18 To 63,Range Of Values,['Acoustic Reflex Left Ear 2kHz 77'],"['Both males and females 20 YEARS - 69 YEARS', 'Both males and females 12 YEARS - 19 YEARS']",[nan],,
2634,AUXLR277,-32 To 50,Range Of Values,['Acoustic Reflex Left Ear 2kHz 77'],"['Both males and females 20 YEARS - 69 YEARS', 'Both males and females 12 YEARS - 19 YEARS']",[nan],,
2635,AUXLR277,-27 To 72,Range Of Values,['Acoustic Reflex Left Ear 2kHz 77'],"['Both males and females 20 YEARS - 69 YEARS', 'Both males and females 12 YEARS - 19 YEARS']",[nan],,
2636,AUXLR277,-1 To 75,Range Of Values,['Acoustic Reflex Left Ear 2kHz 77'],"['Both males and females 20 YEARS - 69 YEARS', 'Both males and females 12 YEARS - 19 YEARS']",[nan],,
2637,AUXLR278,-21 To 70,Range Of Values,['Acoustic Reflex Left Ear 2kHz 78'],"['Both males and females 20 YEARS - 69 YEARS', 'Both males and females 12 YEARS - 19 YEARS']",[nan],,
2638,AUXLR278,.,Missing,['Acoustic Reflex Left Ear 2kHz 78'],"['Both males and females 20 YEARS - 69 YEARS', 'Both males and females 12 YEARS - 19 YEARS']",[nan],,
2639,AUXLR278,-23 To 47,Range Of Values,['Acoustic Reflex Left Ear 2kHz 78'],"['Both males and females 20 YEARS - 69 YEARS', 'Both males and females 12 YEARS - 19 YEARS']",[nan],,
2640,AUXLR278,-23 To 61,Range Of Values,['Acoustic Reflex Left Ear 2kHz 78'],"['Both males and females 20 YEARS - 69 YEARS', 'Both males and females 12 YEARS - 19 YEARS']",[nan],,
2641,AUXLR278,-16 To 63,Range Of Values,['Acoustic Reflex Left Ear 2kHz 78'],"['Both males and females 20 YEARS - 69 YEARS', 'Both males and females 12 YEARS - 19 YEARS']",[nan],,
2642,AUXLR278,-34 To 50,Range Of Values,['Acoustic Reflex Left Ear 2kHz 78'],"['Both males and females 20 YEARS - 69 YEARS', 'Both males and females 12 YEARS - 19 YEARS']",[nan],,
2643,AUXLR278,-26 To 70,Range Of Values,['Acoustic Reflex Left Ear 2kHz 78'],"['Both males and females 20 YEARS - 69 YEARS', 'Both males and females 12 YEARS - 19 YEARS']",[nan],,
2644,AUXLR278,-10 To 84,Range Of Values,['Acoustic Reflex Left Ear 2kHz 78'],"['Both males and females 20 YEARS - 69 YEARS', 'Both males and females 12 YEARS - 19 YEARS']",[nan],,
2645,AUXLR279,-22 To 49,Range Of Values,['Acoustic Reflex Left Ear 2kHz 79'],"['Both males and females 20 YEARS - 69 YEARS', 'Both males and females 12 YEARS - 19 YEARS']",[nan],,
2646,AUXLR279,.,Missing,['Acoustic Reflex Left Ear 2kHz 79'],"['Both males and females 20 YEARS - 69 YEARS', 'Both males and females 12 YEARS - 19 YEARS']",[nan],,
2647,AUXLR279,-22 To 61,Range Of Values,['Acoustic Reflex Left Ear 2kHz 79'],"['Both males and females 20 YEARS - 69 YEARS', 'Both males and females 12 YEARS - 19 YEARS']",[nan],,
2648,AUXLR279,-15 To 62,Range Of Values,['Acoustic Reflex Left Ear 2kHz 79'],"['Both males and females 20 YEARS - 69 YEARS', 'Both males and females 12 YEARS - 19 YEARS']",[nan],,
2649,AUXLR279,-15 To 63,Range Of Values,['Acoustic Reflex Left Ear 2kHz 79'],"['Both males and females 20 YEARS - 69 YEARS', 'Both males and females 12 YEARS - 19 YEARS']",[nan],,
2650,AUXLR279,-33 To 53,Range Of Values,['Acoustic Reflex Left Ear 2kHz 79'],"['Both males and females 20 YEARS - 69 YEARS', 'Both males and females 12 YEARS - 19 YEARS']",[nan],,
2651,AUXLR279,-23 To 66,Range Of Values,['Acoustic Reflex Left Ear 2kHz 79'],"['Both males and females 20 YEARS - 69 YEARS', 'Both males and females 12 YEARS - 19 YEARS']",[nan],,
2652,AUXLR279,-5 To 70,Range Of Values,['Acoustic Reflex Left Ear 2kHz 79'],"['Both males and females 20 YEARS - 69 YEARS', 'Both males and females 12 YEARS - 19 YEARS']",[nan],,
2653,AUXLR280,-23 To 66,Range Of Values,['Acoustic Reflex Left Ear 2kHz 80'],"['Both males and females 20 YEARS - 69 YEARS', 'Both males and females 12 YEARS - 19 YEARS']",[nan],,
2654,AUXLR280,.,Missing,['Acoustic Reflex Left Ear 2kHz 80'],"['Both males and females 20 YEARS - 69 YEARS', 'Both males and females 12 YEARS - 19 YEARS']",[nan],,
2655,AUXLR280,-10 To 60,Range Of Values,['Acoustic Reflex Left Ear 2kHz 80'],"['Both males and females 20 YEARS - 69 YEARS', 'Both males and females 12 YEARS - 19 YEARS']",[nan],,
2656,AUXLR280,-14 To 64,Range Of Values,['Acoustic Reflex Left Ear 2kHz 80'],"['Both males and females 20 YEARS - 69 YEARS', 'Both males and females 12 YEARS - 19 YEARS']",[nan],,
2657,AUXLR280,-13 To 63,Range Of Values,['Acoustic Reflex Left Ear 2kHz 80'],"['Both males and females 20 YEARS - 69 YEARS', 'Both males and females 12 YEARS - 19 YEARS']",[nan],,
2658,AUXLR280,-33 To 61,Range Of Values,['Acoustic Reflex Left Ear 2kHz 80'],"['Both males and females 20 YEARS - 69 YEARS', 'Both males and females 12 YEARS - 19 YEARS']",[nan],,
2659,AUXLR280,-20 To 82,Range Of Values,['Acoustic Reflex Left Ear 2kHz 80'],"['Both males and females 20 YEARS - 69 YEARS', 'Both males and females 12 YEARS - 19 YEARS']",[nan],,
2660,AUXLR280,-13 To 40,Range Of Values,['Acoustic Reflex Left Ear 2kHz 80'],"['Both males and females 20 YEARS - 69 YEARS', 'Both males and females 12 YEARS - 19 YEARS']",[nan],,
2661,AUXLR281,-21 To 57,Range Of Values,['Acoustic Reflex Left Ear 2kHz 81'],"['Both males and females 20 YEARS - 69 YEARS', 'Both males and females 12 YEARS - 19 YEARS']",[nan],,
2662,AUXLR281,.,Missing,['Acoustic Reflex Left Ear 2kHz 81'],"['Both males and females 20 YEARS - 69 YEARS', 'Both males and females 12 YEARS - 19 YEARS']",[nan],,
2663,AUXLR281,-12 To 43,Range Of Values,['Acoustic Reflex Left Ear 2kHz 81'],"['Both males and females 20 YEARS - 69 YEARS', 'Both males and females 12 YEARS - 19 YEARS']",[nan],,
2664,AUXLR281,-12 To 91,Range Of Values,['Acoustic Reflex Left Ear 2kHz 81'],"['Both males and females 20 YEARS - 69 YEARS', 'Both males and females 12 YEARS - 19 YEARS']",[nan],,
2665,AUXLR281,-11 To 63,Range Of Values,['Acoustic Reflex Left Ear 2kHz 81'],"['Both males and females 20 YEARS - 69 YEARS', 'Both males and females 12 YEARS - 19 YEARS']",[nan],,
2666,AUXLR281,-32 To 50,Range Of Values,['Acoustic Reflex Left Ear 2kHz 81'],"['Both males and females 20 YEARS - 69 YEARS', 'Both males and females 12 YEARS - 19 YEARS']",[nan],,
2667,AUXLR281,-20 To 112,Range Of Values,['Acoustic Reflex Left Ear 2kHz 81'],"['Both males and females 20 YEARS - 69 YEARS', 'Both males and females 12 YEARS - 19 YEARS']",[nan],,
2668,AUXLR281,-16 To 47,Range Of Values,['Acoustic Reflex Left Ear 2kHz 81'],"['Both males and females 20 YEARS - 69 YEARS', 'Both males and females 12 YEARS - 19 YEARS']",[nan],,
2669,AUXLR282,-18 To 43,Range Of Values,['Acoustic Reflex Left Ear 2kHz 82'],"['Both males and females 20 YEARS - 69 YEARS', 'Both males and females 12 YEARS - 19 YEARS']",[nan],,
2670,AUXLR282,.,Missing,['Acoustic Reflex Left Ear 2kHz 82'],"['Both males and females 20 YEARS - 69 YEARS', 'Both males and females 12 YEARS - 19 YEARS']",[nan],,
2671,AUXLR282,-16 To 43,Range Of Values,['Acoustic Reflex Left Ear 2kHz 82'],"['Both males and females 20 YEARS - 69 YEARS', 'Both males and females 12 YEARS - 19 YEARS']",[nan],,
2672,AUXLR282,-19 To 101,Range Of Values,['Acoustic Reflex Left Ear 2kHz 82'],"['Both males and females 20 YEARS - 69 YEARS', 'Both males and females 12 YEARS - 19 YEARS']",[nan],,
2673,AUXLR282,-14 To 63,Range Of Values,['Acoustic Reflex Left Ear 2kHz 82'],"['Both males and females 20 YEARS - 69 YEARS', 'Both males and females 12 YEARS - 19 YEARS']",[nan],,
2674,AUXLR282,-31 To 50,Range Of Values,['Acoustic Reflex Left Ear 2kHz 82'],"['Both males and females 20 YEARS - 69 YEARS', 'Both males and females 12 YEARS - 19 YEARS']",[nan],,
2675,AUXLR282,-20 To 114,Range Of Values,['Acoustic Reflex Left Ear 2kHz 82'],"['Both males and females 20 YEARS - 69 YEARS', 'Both males and females 12 YEARS - 19 YEARS']",[nan],,
2676,AUXLR282,-14 To 48,Range Of Values,['Acoustic Reflex Left Ear 2kHz 82'],"['Both males and females 20 YEARS - 69 YEARS', 'Both males and females 12 YEARS - 19 YEARS']",[nan],,
2677,AUXLR283,-34 To 51,Range Of Values,['Acoustic Reflex Left Ear 2kHz 83'],"['Both males and females 20 YEARS - 69 YEARS', 'Both males and females 12 YEARS - 19 YEARS']",[nan],,
2678,AUXLR283,.,Missing,['Acoustic Reflex Left Ear 2kHz 83'],"['Both males and females 20 YEARS - 69 YEARS', 'Both males and females 12 YEARS - 19 YEARS']",[nan],,
2679,AUXLR283,-12 To 41,Range Of Values,['Acoustic Reflex Left Ear 2kHz 83'],"['Both males and females 20 YEARS - 69 YEARS', 'Both males and females 12 YEARS - 19 YEARS']",[nan],,
2680,AUXLR283,-36 To 76,Range Of Values,['Acoustic Reflex Left Ear 2kHz 83'],"['Both males and females 20 YEARS - 69 YEARS', 'Both males and females 12 YEARS - 19 YEARS']",[nan],,
2681,AUXLR283,-14 To 63,Range Of Values,['Acoustic Reflex Left Ear 2kHz 83'],"['Both males and females 20 YEARS - 69 YEARS', 'Both males and females 12 YEARS - 19 YEARS']",[nan],,
2682,AUXLR283,-31 To 50,Range Of Values,['Acoustic Reflex Left Ear 2kHz 83'],"['Both males and females 20 YEARS - 69 YEARS', 'Both males and females 12 YEARS - 19 YEARS']",[nan],,
2683,AUXLR283,-21 To 105,Range Of Values,['Acoustic Reflex Left Ear 2kHz 83'],"['Both males and females 20 YEARS - 69 YEARS', 'Both males and females 12 YEARS - 19 YEARS']",[nan],,
2684,AUXLR283,-14 To 51,Range Of Values,['Acoustic Reflex Left Ear 2kHz 83'],"['Both males and females 20 YEARS - 69 YEARS', 'Both males and females 12 YEARS - 19 YEARS']",[nan],,
2685,AUXLR284,-21 To 48,Range Of Values,['Acoustic Reflex Left Ear 2kHz 84'],"['Both males and females 20 YEARS - 69 YEARS', 'Both males and females 12 YEARS - 19 YEARS']",[nan],,
2686,AUXLR284,.,Missing,['Acoustic Reflex Left Ear 2kHz 84'],"['Both males and females 20 YEARS - 69 YEARS', 'Both males and females 12 YEARS - 19 YEARS']",[nan],,
2687,AUXLR284,-13 To 40,Range Of Values,['Acoustic Reflex Left Ear 2kHz 84'],"['Both males and females 20 YEARS - 69 YEARS', 'Both males and females 12 YEARS - 19 YEARS']",[nan],,
2688,AUXLR284,-36 To 72,Range Of Values,['Acoustic Reflex Left Ear 2kHz 84'],"['Both males and females 20 YEARS - 69 YEARS', 'Both males and females 12 YEARS - 19 YEARS']",[nan],,
2689,AUXLR284,-12 To 63,Range Of Values,['Acoustic Reflex Left Ear 2kHz 84'],"['Both males and females 20 YEARS - 69 YEARS', 'Both males and females 12 YEARS - 19 YEARS']",[nan],,
2690,AUXLR284,-32 To 49,Range Of Values,['Acoustic Reflex Left Ear 2kHz 84'],"['Both males and females 20 YEARS - 69 YEARS', 'Both males and females 12 YEARS - 19 YEARS']",[nan],,
2691,AUXLR284,-23 To 68,Range Of Values,['Acoustic Reflex Left Ear 2kHz 84'],"['Both males and females 20 YEARS - 69 YEARS', 'Both males and females 12 YEARS - 19 YEARS']",[nan],,
2692,AUXLR284,-14 To 77,Range Of Values,['Acoustic Reflex Left Ear 2kHz 84'],"['Both males and females 20 YEARS - 69 YEARS', 'Both males and females 12 YEARS - 19 YEARS']",[nan],,
2693,RFXSEAR,1,Right Ear,['The ear which was tested.'],"['Both males and females 20 YEARS - 69 YEARS', 'Both males and females 6 YEARS - 19 YEARS']",[nan],,
2694,RFXSEAR,2,Left Ear,['The ear which was tested.'],"['Both males and females 20 YEARS - 69 YEARS', 'Both males and females 6 YEARS - 19 YEARS']",[nan],,
2695,RFXSEAR,.,Missing,['The ear which was tested.'],"['Both males and females 20 YEARS - 69 YEARS', 'Both males and females 6 YEARS - 19 YEARS']",[nan],,
2696,RFXLEVEL,1,85 Db And 1 Khz,['The frequency which was tested.'],"['Both males and females 20 YEARS - 69 YEARS', 'Both males and females 6 YEARS - 19 YEARS']",[nan],,
2697,RFXLEVEL,5,95 Db And 1 Khz,['The frequency which was tested.'],"['Both males and females 20 YEARS - 69 YEARS', 'Both males and females 6 YEARS - 19 YEARS']",[nan],,
2698,RFXLEVEL,9,105 Db And 1 Khz,['The frequency which was tested.'],"['Both males and females 20 YEARS - 69 YEARS', 'Both males and females 6 YEARS - 19 YEARS']",[nan],,
2699,RFXLEVEL,10,85 Db And 2 Khz,['The frequency which was tested.'],"['Both males and females 20 YEARS - 69 YEARS', 'Both males and females 6 YEARS - 19 YEARS']",[nan],,
2700,RFXLEVEL,14,95 Db And 2 Khz,['The frequency which was tested.'],"['Both males and females 20 YEARS - 69 YEARS', 'Both males and females 6 YEARS - 19 YEARS']",[nan],,
2701,RFXLEVEL,18,105 Db And 2 Khz,['The frequency which was tested.'],"['Both males and females 20 YEARS - 69 YEARS', 'Both males and females 6 YEARS - 19 YEARS']",[nan],,
2702,RFXLEVEL,.,Missing,['The frequency which was tested.'],"['Both males and females 20 YEARS - 69 YEARS', 'Both males and females 6 YEARS - 19 YEARS']",[nan],,
2703,RFXRFXDC,0,False,['Reflex Detected'],"['Both males and females 20 YEARS - 69 YEARS', 'Both males and females 6 YEARS - 19 YEARS']",[nan],,
2704,RFXRFXDC,1,True,['Reflex Detected'],"['Both males and females 20 YEARS - 69 YEARS', 'Both males and females 6 YEARS - 19 YEARS']",[nan],,
2705,RFXRFXDC,.,Missing,['Reflex Detected'],"['Both males and females 20 YEARS - 69 YEARS', 'Both males and females 6 YEARS - 19 YEARS']",[nan],,
2706,RFXT001,0 To 0,Range Of Values,['Reflex Time Array Data Point 001'],"['Both males and females 20 YEARS - 69 YEARS', 'Both males and females 6 YEARS - 19 YEARS']",[nan],,
2707,RFXT001,.,Missing,['Reflex Time Array Data Point 001'],"['Both males and females 20 YEARS - 69 YEARS', 'Both males and females 6 YEARS - 19 YEARS']",[nan],,
2708,RFXT002,0 To 9,Range Of Values,['Reflex Time Array Data Point 002'],"['Both males and females 20 YEARS - 69 YEARS', 'Both males and females 6 YEARS - 19 YEARS']",[nan],,
2709,RFXT002,.,Missing,['Reflex Time Array Data Point 002'],"['Both males and females 20 YEARS - 69 YEARS', 'Both males and females 6 YEARS - 19 YEARS']",[nan],,
2710,RFXT003,9 To 18,Range Of Values,['Reflex Time Array Data Point 003'],"['Both males and females 20 YEARS - 69 YEARS', 'Both males and females 6 YEARS - 19 YEARS']",[nan],,
2711,RFXT003,.,Missing,['Reflex Time Array Data Point 003'],"['Both males and females 20 YEARS - 69 YEARS', 'Both males and females 6 YEARS - 19 YEARS']",[nan],,
2712,RFXT004,18 To 27,Range Of Values,['Reflex Time Array Data Point 004'],"['Both males and females 20 YEARS - 69 YEARS', 'Both males and females 6 YEARS - 19 YEARS']",[nan],,
2713,RFXT004,.,Missing,['Reflex Time Array Data Point 004'],"['Both males and females 20 YEARS - 69 YEARS', 'Both males and females 6 YEARS - 19 YEARS']",[nan],,
2714,RFXT005,27 To 35,Range Of Values,['Reflex Time Array Data Point 005'],"['Both males and females 20 YEARS - 69 YEARS', 'Both males and females 6 YEARS - 19 YEARS']",[nan],,
2715,RFXT005,.,Missing,['Reflex Time Array Data Point 005'],"['Both males and females 20 YEARS - 69 YEARS', 'Both males and females 6 YEARS - 19 YEARS']",[nan],,
2716,RFXT006,35 To 44,Range Of Values,['Reflex Time Array Data Point 006'],"['Both males and females 20 YEARS - 69 YEARS', 'Both males and females 6 YEARS - 19 YEARS']",[nan],,
2717,RFXT006,.,Missing,['Reflex Time Array Data Point 006'],"['Both males and females 20 YEARS - 69 YEARS', 'Both males and females 6 YEARS - 19 YEARS']",[nan],,
2718,RFXT007,44 To 53,Range Of Values,['Reflex Time Array Data Point 007'],"['Both males and females 20 YEARS - 69 YEARS', 'Both males and females 6 YEARS - 19 YEARS']",[nan],,
2719,RFXT007,.,Missing,['Reflex Time Array Data Point 007'],"['Both males and females 20 YEARS - 69 YEARS', 'Both males and females 6 YEARS - 19 YEARS']",[nan],,
2720,RFXT008,53 To 62,Range Of Values,['Reflex Time Array Data Point 008'],"['Both males and females 20 YEARS - 69 YEARS', 'Both males and females 6 YEARS - 19 YEARS']",[nan],,
2721,RFXT008,.,Missing,['Reflex Time Array Data Point 008'],"['Both males and females 20 YEARS - 69 YEARS', 'Both males and females 6 YEARS - 19 YEARS']",[nan],,
2722,RFXT009,62 To 71,Range Of Values,['Reflex Time Array Data Point 009'],"['Both males and females 20 YEARS - 69 YEARS', 'Both males and females 6 YEARS - 19 YEARS']",[nan],,
2723,RFXT009,.,Missing,['Reflex Time Array Data Point 009'],"['Both males and females 20 YEARS - 69 YEARS', 'Both males and females 6 YEARS - 19 YEARS']",[nan],,
2724,RFXT010,71 To 80,Range Of Values,['Reflex Time Array Data Point 010'],"['Both males and females 20 YEARS - 69 YEARS', 'Both males and females 6 YEARS - 19 YEARS']",[nan],,
2725,RFXT010,.,Missing,['Reflex Time Array Data Point 010'],"['Both males and females 20 YEARS - 69 YEARS', 'Both males and females 6 YEARS - 19 YEARS']",[nan],,
2726,RFXT011,80 To 88,Range Of Values,['Reflex Time Array Data Point 011'],"['Both males and females 20 YEARS - 69 YEARS', 'Both males and females 6 YEARS - 19 YEARS']",[nan],,
2727,RFXT011,.,Missing,['Reflex Time Array Data Point 011'],"['Both males and females 20 YEARS - 69 YEARS', 'Both males and females 6 YEARS - 19 YEARS']",[nan],,
2728,RFXT012,88 To 97,Range Of Values,['Reflex Time Array Data Point 012'],"['Both males and females 20 YEARS - 69 YEARS', 'Both males and females 6 YEARS - 19 YEARS']",[nan],,
2729,RFXT012,.,Missing,['Reflex Time Array Data Point 012'],"['Both males and females 20 YEARS - 69 YEARS', 'Both males and females 6 YEARS - 19 YEARS']",[nan],,
2730,RFXT013,97 To 106,Range Of Values,['Reflex Time Array Data Point 013'],"['Both males and females 20 YEARS - 69 YEARS', 'Both males and females 6 YEARS - 19 YEARS']",[nan],,
2731,RFXT013,.,Missing,['Reflex Time Array Data Point 013'],"['Both males and females 20 YEARS - 69 YEARS', 'Both males and females 6 YEARS - 19 YEARS']",[nan],,
2732,RFXT014,106 To 115,Range Of Values,['Reflex Time Array Data Point 014'],"['Both males and females 20 YEARS - 69 YEARS', 'Both males and females 6 YEARS - 19 YEARS']",[nan],,
2733,RFXT014,.,Missing,['Reflex Time Array Data Point 014'],"['Both males and females 20 YEARS - 69 YEARS', 'Both males and females 6 YEARS - 19 YEARS']",[nan],,
2734,RFXT015,115 To 124,Range Of Values,['Reflex Time Array Data Point 015'],"['Both males and females 20 YEARS - 69 YEARS', 'Both males and females 6 YEARS - 19 YEARS']",[nan],,
2735,RFXT015,.,Missing,['Reflex Time Array Data Point 015'],"['Both males and females 20 YEARS - 69 YEARS', 'Both males and females 6 YEARS - 19 YEARS']",[nan],,
2736,RFXT016,124 To 133,Range Of Values,['Reflex Time Array Data Point 016'],"['Both males and females 20 YEARS - 69 YEARS', 'Both males and females 6 YEARS - 19 YEARS']",[nan],,
2737,RFXT016,.,Missing,['Reflex Time Array Data Point 016'],"['Both males and females 20 YEARS - 69 YEARS', 'Both males and females 6 YEARS - 19 YEARS']",[nan],,
2738,RFXT017,133 To 141,Range Of Values,['Reflex Time Array Data Point 017'],"['Both males and females 20 YEARS - 69 YEARS', 'Both males and females 6 YEARS - 19 YEARS']",[nan],,
2739,RFXT017,.,Missing,['Reflex Time Array Data Point 017'],"['Both males and females 20 YEARS - 69 YEARS', 'Both males and females 6 YEARS - 19 YEARS']",[nan],,
2740,RFXT018,141 To 150,Range Of Values,['Reflex Time Array Data Point 018'],"['Both males and females 20 YEARS - 69 YEARS', 'Both males and females 6 YEARS - 19 YEARS']",[nan],,
2741,RFXT018,.,Missing,['Reflex Time Array Data Point 018'],"['Both males and females 20 YEARS - 69 YEARS', 'Both males and females 6 YEARS - 19 YEARS']",[nan],,
2742,RFXT019,150 To 159,Range Of Values,['Reflex Time Array Data Point 019'],"['Both males and females 20 YEARS - 69 YEARS', 'Both males and females 6 YEARS - 19 YEARS']",[nan],,
2743,RFXT019,.,Missing,['Reflex Time Array Data Point 019'],"['Both males and females 20 YEARS - 69 YEARS', 'Both males and females 6 YEARS - 19 YEARS']",[nan],,
2744,RFXT020,159 To 168,Range Of Values,['Reflex Time Array Data Point 020'],"['Both males and females 20 YEARS - 69 YEARS', 'Both males and females 6 YEARS - 19 YEARS']",[nan],,
2745,RFXT020,.,Missing,['Reflex Time Array Data Point 020'],"['Both males and females 20 YEARS - 69 YEARS', 'Both males and females 6 YEARS - 19 YEARS']",[nan],,
2746,RFXT021,168 To 177,Range Of Values,['Reflex Time Array Data Point 021'],"['Both males and females 20 YEARS - 69 YEARS', 'Both males and females 6 YEARS - 19 YEARS']",[nan],,
2747,RFXT021,.,Missing,['Reflex Time Array Data Point 021'],"['Both males and females 20 YEARS - 69 YEARS', 'Both males and females 6 YEARS - 19 YEARS']",[nan],,
2748,RFXT022,177 To 186,Range Of Values,['Reflex Time Array Data Point 022'],"['Both males and females 20 YEARS - 69 YEARS', 'Both males and females 6 YEARS - 19 YEARS']",[nan],,
2749,RFXT022,.,Missing,['Reflex Time Array Data Point 022'],"['Both males and females 20 YEARS - 69 YEARS', 'Both males and females 6 YEARS - 19 YEARS']",[nan],,
2750,RFXT023,186 To 195,Range Of Values,['Reflex Time Array Data Point 023'],"['Both males and females 20 YEARS - 69 YEARS', 'Both males and females 6 YEARS - 19 YEARS']",[nan],,
2751,RFXT023,.,Missing,['Reflex Time Array Data Point 023'],"['Both males and females 20 YEARS - 69 YEARS', 'Both males and females 6 YEARS - 19 YEARS']",[nan],,
2752,RFXT024,195 To 203,Range Of Values,['Reflex Time Array Data Point 024'],"['Both males and females 20 YEARS - 69 YEARS', 'Both males and females 6 YEARS - 19 YEARS']",[nan],,
2753,RFXT024,.,Missing,['Reflex Time Array Data Point 024'],"['Both males and females 20 YEARS - 69 YEARS', 'Both males and females 6 YEARS - 19 YEARS']",[nan],,
2754,RFXT025,203 To 212,Range Of Values,['Reflex Time Array Data Point 025'],"['Both males and females 20 YEARS - 69 YEARS', 'Both males and females 6 YEARS - 19 YEARS']",[nan],,
2755,RFXT025,.,Missing,['Reflex Time Array Data Point 025'],"['Both males and females 20 YEARS - 69 YEARS', 'Both males and females 6 YEARS - 19 YEARS']",[nan],,
2756,RFXT026,212 To 221,Range Of Values,['Reflex Time Array Data Point 026'],"['Both males and females 20 YEARS - 69 YEARS', 'Both males and females 6 YEARS - 19 YEARS']",[nan],,
2757,RFXT026,.,Missing,['Reflex Time Array Data Point 026'],"['Both males and females 20 YEARS - 69 YEARS', 'Both males and females 6 YEARS - 19 YEARS']",[nan],,
2758,RFXT027,221 To 230,Range Of Values,['Reflex Time Array Data Point 027'],"['Both males and females 20 YEARS - 69 YEARS', 'Both males and females 6 YEARS - 19 YEARS']",[nan],,
2759,RFXT027,.,Missing,['Reflex Time Array Data Point 027'],"['Both males and females 20 YEARS - 69 YEARS', 'Both males and females 6 YEARS - 19 YEARS']",[nan],,
2760,RFXT028,230 To 239,Range Of Values,['Reflex Time Array Data Point 028'],"['Both males and females 20 YEARS - 69 YEARS', 'Both males and females 6 YEARS - 19 YEARS']",[nan],,
2761,RFXT028,.,Missing,['Reflex Time Array Data Point 028'],"['Both males and females 20 YEARS - 69 YEARS', 'Both males and females 6 YEARS - 19 YEARS']",[nan],,
2762,RFXT029,239 To 248,Range Of Values,['Reflex Time Array Data Point 029'],"['Both males and females 20 YEARS - 69 YEARS', 'Both males and females 6 YEARS - 19 YEARS']",[nan],,
2763,RFXT029,.,Missing,['Reflex Time Array Data Point 029'],"['Both males and females 20 YEARS - 69 YEARS', 'Both males and females 6 YEARS - 19 YEARS']",[nan],,
2764,RFXT030,248 To 256,Range Of Values,['Reflex Time Array Data Point 030'],"['Both males and females 20 YEARS - 69 YEARS', 'Both males and females 6 YEARS - 19 YEARS']",[nan],,
2765,RFXT030,.,Missing,['Reflex Time Array Data Point 030'],"['Both males and females 20 YEARS - 69 YEARS', 'Both males and females 6 YEARS - 19 YEARS']",[nan],,
2766,RFXT031,256 To 265,Range Of Values,['Reflex Time Array Data Point 031'],"['Both males and females 20 YEARS - 69 YEARS', 'Both males and females 6 YEARS - 19 YEARS']",[nan],,
2767,RFXT031,.,Missing,['Reflex Time Array Data Point 031'],"['Both males and females 20 YEARS - 69 YEARS', 'Both males and females 6 YEARS - 19 YEARS']",[nan],,
2768,RFXT032,265 To 274,Range Of Values,['Reflex Time Array Data Point 032'],"['Both males and females 20 YEARS - 69 YEARS', 'Both males and females 6 YEARS - 19 YEARS']",[nan],,
2769,RFXT032,.,Missing,['Reflex Time Array Data Point 032'],"['Both males and females 20 YEARS - 69 YEARS', 'Both males and females 6 YEARS - 19 YEARS']",[nan],,
2770,RFXT033,274 To 283,Range Of Values,['Reflex Time Array Data Point 033'],"['Both males and females 20 YEARS - 69 YEARS', 'Both males and females 6 YEARS - 19 YEARS']",[nan],,
2771,RFXT033,.,Missing,['Reflex Time Array Data Point 033'],"['Both males and females 20 YEARS - 69 YEARS', 'Both males and females 6 YEARS - 19 YEARS']",[nan],,
2772,RFXT034,283 To 292,Range Of Values,['Reflex Time Array Data Point 034'],"['Both males and females 20 YEARS - 69 YEARS', 'Both males and females 6 YEARS - 19 YEARS']",[nan],,
2773,RFXT034,.,Missing,['Reflex Time Array Data Point 034'],"['Both males and females 20 YEARS - 69 YEARS', 'Both males and females 6 YEARS - 19 YEARS']",[nan],,
2774,RFXT035,292 To 301,Range Of Values,['Reflex Time Array Data Point 035'],"['Both males and females 20 YEARS - 69 YEARS', 'Both males and females 6 YEARS - 19 YEARS']",[nan],,
2775,RFXT035,.,Missing,['Reflex Time Array Data Point 035'],"['Both males and females 20 YEARS - 69 YEARS', 'Both males and females 6 YEARS - 19 YEARS']",[nan],,
2776,RFXT036,301 To 310,Range Of Values,['Reflex Time Array Data Point 036'],"['Both males and females 20 YEARS - 69 YEARS', 'Both males and females 6 YEARS - 19 YEARS']",[nan],,
2777,RFXT036,.,Missing,['Reflex Time Array Data Point 036'],"['Both males and females 20 YEARS - 69 YEARS', 'Both males and females 6 YEARS - 19 YEARS']",[nan],,
2778,RFXT037,310 To 318,Range Of Values,['Reflex Time Array Data Point 037'],"['Both males and females 20 YEARS - 69 YEARS', 'Both males and females 6 YEARS - 19 YEARS']",[nan],,
2779,RFXT037,.,Missing,['Reflex Time Array Data Point 037'],"['Both males and females 20 YEARS - 69 YEARS', 'Both males and females 6 YEARS - 19 YEARS']",[nan],,
2780,RFXT038,318 To 327,Range Of Values,['Reflex Time Array Data Point 038'],"['Both males and females 20 YEARS - 69 YEARS', 'Both males and females 6 YEARS - 19 YEARS']",[nan],,
2781,RFXT038,.,Missing,['Reflex Time Array Data Point 038'],"['Both males and females 20 YEARS - 69 YEARS', 'Both males and females 6 YEARS - 19 YEARS']",[nan],,
2782,RFXT039,327 To 336,Range Of Values,['Reflex Time Array Data Point 039'],"['Both males and females 20 YEARS - 69 YEARS', 'Both males and females 6 YEARS - 19 YEARS']",[nan],,
2783,RFXT039,.,Missing,['Reflex Time Array Data Point 039'],"['Both males and females 20 YEARS - 69 YEARS', 'Both males and females 6 YEARS - 19 YEARS']",[nan],,
2784,RFXT040,336 To 345,Range Of Values,['Reflex Time Array Data Point 040'],"['Both males and females 20 YEARS - 69 YEARS', 'Both males and females 6 YEARS - 19 YEARS']",[nan],,
2785,RFXT040,.,Missing,['Reflex Time Array Data Point 040'],"['Both males and females 20 YEARS - 69 YEARS', 'Both males and females 6 YEARS - 19 YEARS']",[nan],,
2786,RFXT041,345 To 354,Range Of Values,['Reflex Time Array Data Point 041'],"['Both males and females 20 YEARS - 69 YEARS', 'Both males and females 6 YEARS - 19 YEARS']",[nan],,
2787,RFXT041,.,Missing,['Reflex Time Array Data Point 041'],"['Both males and females 20 YEARS - 69 YEARS', 'Both males and females 6 YEARS - 19 YEARS']",[nan],,
2788,RFXT042,354 To 363,Range Of Values,['Reflex Time Array Data Point 042'],"['Both males and females 20 YEARS - 69 YEARS', 'Both males and females 6 YEARS - 19 YEARS']",[nan],,
2789,RFXT042,.,Missing,['Reflex Time Array Data Point 042'],"['Both males and females 20 YEARS - 69 YEARS', 'Both males and females 6 YEARS - 19 YEARS']",[nan],,
2790,RFXT043,363 To 371,Range Of Values,['Reflex Time Array Data Point 043'],"['Both males and females 20 YEARS - 69 YEARS', 'Both males and females 6 YEARS - 19 YEARS']",[nan],,
2791,RFXT043,.,Missing,['Reflex Time Array Data Point 043'],"['Both males and females 20 YEARS - 69 YEARS', 'Both males and females 6 YEARS - 19 YEARS']",[nan],,
2792,RFXT044,371 To 380,Range Of Values,['Reflex Time Array Data Point 044'],"['Both males and females 20 YEARS - 69 YEARS', 'Both males and females 6 YEARS - 19 YEARS']",[nan],,
2793,RFXT044,.,Missing,['Reflex Time Array Data Point 044'],"['Both males and females 20 YEARS - 69 YEARS', 'Both males and females 6 YEARS - 19 YEARS']",[nan],,
2794,RFXT045,380 To 389,Range Of Values,['Reflex Time Array Data Point 045'],"['Both males and females 20 YEARS - 69 YEARS', 'Both males and females 6 YEARS - 19 YEARS']",[nan],,
2795,RFXT045,.,Missing,['Reflex Time Array Data Point 045'],"['Both males and females 20 YEARS - 69 YEARS', 'Both males and females 6 YEARS - 19 YEARS']",[nan],,
2796,RFXT046,389 To 398,Range Of Values,['Reflex Time Array Data Point 046'],"['Both males and females 20 YEARS - 69 YEARS', 'Both males and females 6 YEARS - 19 YEARS']",[nan],,
2797,RFXT046,.,Missing,['Reflex Time Array Data Point 046'],"['Both males and females 20 YEARS - 69 YEARS', 'Both males and females 6 YEARS - 19 YEARS']",[nan],,
2798,RFXT047,398 To 407,Range Of Values,['Reflex Time Array Data Point 047'],"['Both males and females 20 YEARS - 69 YEARS', 'Both males and females 6 YEARS - 19 YEARS']",[nan],,
2799,RFXT047,.,Missing,['Reflex Time Array Data Point 047'],"['Both males and females 20 YEARS - 69 YEARS', 'Both males and females 6 YEARS - 19 YEARS']",[nan],,
2800,RFXT048,407 To 416,Range Of Values,['Reflex Time Array Data Point 048'],"['Both males and females 20 YEARS - 69 YEARS', 'Both males and females 6 YEARS - 19 YEARS']",[nan],,
2801,RFXT048,.,Missing,['Reflex Time Array Data Point 048'],"['Both males and females 20 YEARS - 69 YEARS', 'Both males and females 6 YEARS - 19 YEARS']",[nan],,
2802,RFXT049,416 To 424,Range Of Values,['Reflex Time Array Data Point 049'],"['Both males and females 20 YEARS - 69 YEARS', 'Both males and females 6 YEARS - 19 YEARS']",[nan],,
2803,RFXT049,.,Missing,['Reflex Time Array Data Point 049'],"['Both males and females 20 YEARS - 69 YEARS', 'Both males and females 6 YEARS - 19 YEARS']",[nan],,
2804,RFXT050,424 To 433,Range Of Values,['Reflex Time Array Data Point 050'],"['Both males and females 20 YEARS - 69 YEARS', 'Both males and females 6 YEARS - 19 YEARS']",[nan],,
2805,RFXT050,.,Missing,['Reflex Time Array Data Point 050'],"['Both males and females 20 YEARS - 69 YEARS', 'Both males and females 6 YEARS - 19 YEARS']",[nan],,
2806,RFXT051,433 To 442,Range Of Values,['Reflex Time Array Data Point 051'],"['Both males and females 20 YEARS - 69 YEARS', 'Both males and females 6 YEARS - 19 YEARS']",[nan],,
2807,RFXT051,.,Missing,['Reflex Time Array Data Point 051'],"['Both males and females 20 YEARS - 69 YEARS', 'Both males and females 6 YEARS - 19 YEARS']",[nan],,
2808,RFXT052,442 To 451,Range Of Values,['Reflex Time Array Data Point 052'],"['Both males and females 20 YEARS - 69 YEARS', 'Both males and females 6 YEARS - 19 YEARS']",[nan],,
2809,RFXT052,.,Missing,['Reflex Time Array Data Point 052'],"['Both males and females 20 YEARS - 69 YEARS', 'Both males and females 6 YEARS - 19 YEARS']",[nan],,
2810,RFXT053,451 To 460,Range Of Values,['Reflex Time Array Data Point 053'],"['Both males and females 20 YEARS - 69 YEARS', 'Both males and females 6 YEARS - 19 YEARS']",[nan],,
2811,RFXT053,.,Missing,['Reflex Time Array Data Point 053'],"['Both males and females 20 YEARS - 69 YEARS', 'Both males and females 6 YEARS - 19 YEARS']",[nan],,
2812,RFXT054,460 To 469,Range Of Values,['Reflex Time Array Data Point 054'],"['Both males and females 20 YEARS - 69 YEARS', 'Both males and females 6 YEARS - 19 YEARS']",[nan],,
2813,RFXT054,.,Missing,['Reflex Time Array Data Point 054'],"['Both males and females 20 YEARS - 69 YEARS', 'Both males and females 6 YEARS - 19 YEARS']",[nan],,
2814,RFXT055,469 To 478,Range Of Values,['Reflex Time Array Data Point 055'],"['Both males and females 20 YEARS - 69 YEARS', 'Both males and females 6 YEARS - 19 YEARS']",[nan],,
2815,RFXT055,.,Missing,['Reflex Time Array Data Point 055'],"['Both males and females 20 YEARS - 69 YEARS', 'Both males and females 6 YEARS - 19 YEARS']",[nan],,
2816,RFXT056,478 To 486,Range Of Values,['Reflex Time Array Data Point 056'],"['Both males and females 20 YEARS - 69 YEARS', 'Both males and females 6 YEARS - 19 YEARS']",[nan],,
2817,RFXT056,.,Missing,['Reflex Time Array Data Point 056'],"['Both males and females 20 YEARS - 69 YEARS', 'Both males and females 6 YEARS - 19 YEARS']",[nan],,
2818,RFXT057,486 To 495,Range Of Values,['Reflex Time Array Data Point 057'],"['Both males and females 20 YEARS - 69 YEARS', 'Both males and females 6 YEARS - 19 YEARS']",[nan],,
2819,RFXT057,.,Missing,['Reflex Time Array Data Point 057'],"['Both males and females 20 YEARS - 69 YEARS', 'Both males and females 6 YEARS - 19 YEARS']",[nan],,
2820,RFXT058,495 To 504,Range Of Values,['Reflex Time Array Data Point 058'],"['Both males and females 20 YEARS - 69 YEARS', 'Both males and females 6 YEARS - 19 YEARS']",[nan],,
2821,RFXT058,.,Missing,['Reflex Time Array Data Point 058'],"['Both males and females 20 YEARS - 69 YEARS', 'Both males and females 6 YEARS - 19 YEARS']",[nan],,
2822,RFXT059,504 To 513,Range Of Values,['Reflex Time Array Data Point 059'],"['Both males and females 20 YEARS - 69 YEARS', 'Both males and females 6 YEARS - 19 YEARS']",[nan],,
2823,RFXT059,.,Missing,['Reflex Time Array Data Point 059'],"['Both males and females 20 YEARS - 69 YEARS', 'Both males and females 6 YEARS - 19 YEARS']",[nan],,
2824,RFXT060,513 To 522,Range Of Values,['Reflex Time Array Data Point 060'],"['Both males and females 20 YEARS - 69 YEARS', 'Both males and females 6 YEARS - 19 YEARS']",[nan],,
2825,RFXT060,.,Missing,['Reflex Time Array Data Point 060'],"['Both males and females 20 YEARS - 69 YEARS', 'Both males and females 6 YEARS - 19 YEARS']",[nan],,
2826,RFXT061,522 To 531,Range Of Values,['Reflex Time Array Data Point 061'],"['Both males and females 20 YEARS - 69 YEARS', 'Both males and females 6 YEARS - 19 YEARS']",[nan],,
2827,RFXT061,.,Missing,['Reflex Time Array Data Point 061'],"['Both males and females 20 YEARS - 69 YEARS', 'Both males and females 6 YEARS - 19 YEARS']",[nan],,
2828,RFXT062,531 To 539,Range Of Values,['Reflex Time Array Data Point 062'],"['Both males and females 20 YEARS - 69 YEARS', 'Both males and females 6 YEARS - 19 YEARS']",[nan],,
2829,RFXT062,.,Missing,['Reflex Time Array Data Point 062'],"['Both males and females 20 YEARS - 69 YEARS', 'Both males and females 6 YEARS - 19 YEARS']",[nan],,
2830,RFXT063,539 To 548,Range Of Values,['Reflex Time Array Data Point 063'],"['Both males and females 20 YEARS - 69 YEARS', 'Both males and females 6 YEARS - 19 YEARS']",[nan],,
2831,RFXT063,.,Missing,['Reflex Time Array Data Point 063'],"['Both males and females 20 YEARS - 69 YEARS', 'Both males and females 6 YEARS - 19 YEARS']",[nan],,
2832,RFXT064,548 To 557,Range Of Values,['Reflex Time Array Data Point 064'],"['Both males and females 20 YEARS - 69 YEARS', 'Both males and females 6 YEARS - 19 YEARS']",[nan],,
2833,RFXT064,.,Missing,['Reflex Time Array Data Point 064'],"['Both males and females 20 YEARS - 69 YEARS', 'Both males and females 6 YEARS - 19 YEARS']",[nan],,
2834,RFXT065,557 To 566,Range Of Values,['Reflex Time Array Data Point 065'],"['Both males and females 20 YEARS - 69 YEARS', 'Both males and females 6 YEARS - 19 YEARS']",[nan],,
2835,RFXT065,.,Missing,['Reflex Time Array Data Point 065'],"['Both males and females 20 YEARS - 69 YEARS', 'Both males and females 6 YEARS - 19 YEARS']",[nan],,
2836,RFXT066,566 To 575,Range Of Values,['Reflex Time Array Data Point 066'],"['Both males and females 20 YEARS - 69 YEARS', 'Both males and females 6 YEARS - 19 YEARS']",[nan],,
2837,RFXT066,.,Missing,['Reflex Time Array Data Point 066'],"['Both males and females 20 YEARS - 69 YEARS', 'Both males and females 6 YEARS - 19 YEARS']",[nan],,
2838,RFXT067,575 To 584,Range Of Values,['Reflex Time Array Data Point 067'],"['Both males and females 20 YEARS - 69 YEARS', 'Both males and females 6 YEARS - 19 YEARS']",[nan],,
2839,RFXT067,.,Missing,['Reflex Time Array Data Point 067'],"['Both males and females 20 YEARS - 69 YEARS', 'Both males and females 6 YEARS - 19 YEARS']",[nan],,
2840,RFXT068,584 To 593,Range Of Values,['Reflex Time Array Data Point 068'],"['Both males and females 20 YEARS - 69 YEARS', 'Both males and females 6 YEARS - 19 YEARS']",[nan],,
2841,RFXT068,.,Missing,['Reflex Time Array Data Point 068'],"['Both males and females 20 YEARS - 69 YEARS', 'Both males and females 6 YEARS - 19 YEARS']",[nan],,
2842,RFXT069,593 To 601,Range Of Values,['Reflex Time Array Data Point 069'],"['Both males and females 20 YEARS - 69 YEARS', 'Both males and females 6 YEARS - 19 YEARS']",[nan],,
2843,RFXT069,.,Missing,['Reflex Time Array Data Point 069'],"['Both males and females 20 YEARS - 69 YEARS', 'Both males and females 6 YEARS - 19 YEARS']",[nan],,
2844,RFXT070,601 To 610,Range Of Values,['Reflex Time Array Data Point 070'],"['Both males and females 20 YEARS - 69 YEARS', 'Both males and females 6 YEARS - 19 YEARS']",[nan],,
2845,RFXT070,.,Missing,['Reflex Time Array Data Point 070'],"['Both males and females 20 YEARS - 69 YEARS', 'Both males and females 6 YEARS - 19 YEARS']",[nan],,
2846,RFXT071,610 To 619,Range Of Values,['Reflex Time Array Data Point 071'],"['Both males and females 20 YEARS - 69 YEARS', 'Both males and females 6 YEARS - 19 YEARS']",[nan],,
2847,RFXT071,.,Missing,['Reflex Time Array Data Point 071'],"['Both males and females 20 YEARS - 69 YEARS', 'Both males and females 6 YEARS - 19 YEARS']",[nan],,
2848,RFXT072,619 To 628,Range Of Values,['Reflex Time Array Data Point 072'],"['Both males and females 20 YEARS - 69 YEARS', 'Both males and females 6 YEARS - 19 YEARS']",[nan],,
2849,RFXT072,.,Missing,['Reflex Time Array Data Point 072'],"['Both males and females 20 YEARS - 69 YEARS', 'Both males and females 6 YEARS - 19 YEARS']",[nan],,
2850,RFXT073,628 To 637,Range Of Values,['Reflex Time Array Data Point 073'],"['Both males and females 20 YEARS - 69 YEARS', 'Both males and females 6 YEARS - 19 YEARS']",[nan],,
2851,RFXT073,.,Missing,['Reflex Time Array Data Point 073'],"['Both males and females 20 YEARS - 69 YEARS', 'Both males and females 6 YEARS - 19 YEARS']",[nan],,
2852,RFXT074,637 To 646,Range Of Values,['Reflex Time Array Data Point 074'],"['Both males and females 20 YEARS - 69 YEARS', 'Both males and females 6 YEARS - 19 YEARS']",[nan],,
2853,RFXT074,.,Missing,['Reflex Time Array Data Point 074'],"['Both males and females 20 YEARS - 69 YEARS', 'Both males and females 6 YEARS - 19 YEARS']",[nan],,
2854,RFXT075,646 To 654,Range Of Values,['Reflex Time Array Data Point 075'],"['Both males and females 20 YEARS - 69 YEARS', 'Both males and females 6 YEARS - 19 YEARS']",[nan],,
2855,RFXT075,.,Missing,['Reflex Time Array Data Point 075'],"['Both males and females 20 YEARS - 69 YEARS', 'Both males and females 6 YEARS - 19 YEARS']",[nan],,
2856,RFXT076,654 To 663,Range Of Values,['Reflex Time Array Data Point 076'],"['Both males and females 20 YEARS - 69 YEARS', 'Both males and females 6 YEARS - 19 YEARS']",[nan],,
2857,RFXT076,.,Missing,['Reflex Time Array Data Point 076'],"['Both males and females 20 YEARS - 69 YEARS', 'Both males and females 6 YEARS - 19 YEARS']",[nan],,
2858,RFXT077,663 To 672,Range Of Values,['Reflex Time Array Data Point 077'],"['Both males and females 20 YEARS - 69 YEARS', 'Both males and females 6 YEARS - 19 YEARS']",[nan],,
2859,RFXT077,.,Missing,['Reflex Time Array Data Point 077'],"['Both males and females 20 YEARS - 69 YEARS', 'Both males and females 6 YEARS - 19 YEARS']",[nan],,
2860,RFXT078,672 To 681,Range Of Values,['Reflex Time Array Data Point 078'],"['Both males and females 20 YEARS - 69 YEARS', 'Both males and females 6 YEARS - 19 YEARS']",[nan],,
2861,RFXT078,.,Missing,['Reflex Time Array Data Point 078'],"['Both males and females 20 YEARS - 69 YEARS', 'Both males and females 6 YEARS - 19 YEARS']",[nan],,
2862,RFXT079,681 To 690,Range Of Values,['Reflex Time Array Data Point 079'],"['Both males and females 20 YEARS - 69 YEARS', 'Both males and females 6 YEARS - 19 YEARS']",[nan],,
2863,RFXT079,.,Missing,['Reflex Time Array Data Point 079'],"['Both males and females 20 YEARS - 69 YEARS', 'Both males and females 6 YEARS - 19 YEARS']",[nan],,
2864,RFXT080,690 To 699,Range Of Values,['Reflex Time Array Data Point 080'],"['Both males and females 20 YEARS - 69 YEARS', 'Both males and females 6 YEARS - 19 YEARS']",[nan],,
2865,RFXT080,.,Missing,['Reflex Time Array Data Point 080'],"['Both males and females 20 YEARS - 69 YEARS', 'Both males and females 6 YEARS - 19 YEARS']",[nan],,
2866,RFXT081,699 To 707,Range Of Values,['Reflex Time Array Data Point 081'],"['Both males and females 20 YEARS - 69 YEARS', 'Both males and females 6 YEARS - 19 YEARS']",[nan],,
2867,RFXT081,.,Missing,['Reflex Time Array Data Point 081'],"['Both males and females 20 YEARS - 69 YEARS', 'Both males and females 6 YEARS - 19 YEARS']",[nan],,
2868,RFXT082,707 To 716,Range Of Values,['Reflex Time Array Data Point 082'],"['Both males and females 20 YEARS - 69 YEARS', 'Both males and females 6 YEARS - 19 YEARS']",[nan],,
2869,RFXT082,.,Missing,['Reflex Time Array Data Point 082'],"['Both males and females 20 YEARS - 69 YEARS', 'Both males and females 6 YEARS - 19 YEARS']",[nan],,
2870,RFXT083,716 To 725,Range Of Values,['Reflex Time Array Data Point 083'],"['Both males and females 20 YEARS - 69 YEARS', 'Both males and females 6 YEARS - 19 YEARS']",[nan],,
2871,RFXT083,.,Missing,['Reflex Time Array Data Point 083'],"['Both males and females 20 YEARS - 69 YEARS', 'Both males and females 6 YEARS - 19 YEARS']",[nan],,
2872,RFXT084,725 To 734,Range Of Values,['Reflex Time Array Data Point 084'],"['Both males and females 20 YEARS - 69 YEARS', 'Both males and females 6 YEARS - 19 YEARS']",[nan],,
2873,RFXT084,.,Missing,['Reflex Time Array Data Point 084'],"['Both males and females 20 YEARS - 69 YEARS', 'Both males and females 6 YEARS - 19 YEARS']",[nan],,
2874,RFXT085,734 To 743,Range Of Values,['Reflex Time Array Data Point 085'],"['Both males and females 20 YEARS - 69 YEARS', 'Both males and females 6 YEARS - 19 YEARS']",[nan],,
2875,RFXT085,.,Missing,['Reflex Time Array Data Point 085'],"['Both males and females 20 YEARS - 69 YEARS', 'Both males and females 6 YEARS - 19 YEARS']",[nan],,
2876,RFXT086,743 To 752,Range Of Values,['Reflex Time Array Data Point 086'],"['Both males and females 20 YEARS - 69 YEARS', 'Both males and females 6 YEARS - 19 YEARS']",[nan],,
2877,RFXT086,.,Missing,['Reflex Time Array Data Point 086'],"['Both males and females 20 YEARS - 69 YEARS', 'Both males and females 6 YEARS - 19 YEARS']",[nan],,
2878,RFXT087,752 To 761,Range Of Values,['Reflex Time Array Data Point 087'],"['Both males and females 20 YEARS - 69 YEARS', 'Both males and females 6 YEARS - 19 YEARS']",[nan],,
2879,RFXT087,.,Missing,['Reflex Time Array Data Point 087'],"['Both males and females 20 YEARS - 69 YEARS', 'Both males and females 6 YEARS - 19 YEARS']",[nan],,
2880,RFXT088,761 To 769,Range Of Values,['Reflex Time Array Data Point 088'],"['Both males and females 20 YEARS - 69 YEARS', 'Both males and females 6 YEARS - 19 YEARS']",[nan],,
2881,RFXT088,.,Missing,['Reflex Time Array Data Point 088'],"['Both males and females 20 YEARS - 69 YEARS', 'Both males and females 6 YEARS - 19 YEARS']",[nan],,
2882,RFXT089,769 To 778,Range Of Values,['Reflex Time Array Data Point 089'],"['Both males and females 20 YEARS - 69 YEARS', 'Both males and females 6 YEARS - 19 YEARS']",[nan],,
2883,RFXT089,.,Missing,['Reflex Time Array Data Point 089'],"['Both males and females 20 YEARS - 69 YEARS', 'Both males and females 6 YEARS - 19 YEARS']",[nan],,
2884,RFXT090,778 To 787,Range Of Values,['Reflex Time Array Data Point 090'],"['Both males and females 20 YEARS - 69 YEARS', 'Both males and females 6 YEARS - 19 YEARS']",[nan],,
2885,RFXT090,.,Missing,['Reflex Time Array Data Point 090'],"['Both males and females 20 YEARS - 69 YEARS', 'Both males and females 6 YEARS - 19 YEARS']",[nan],,
2886,RFXT091,787 To 796,Range Of Values,['Reflex Time Array Data Point 091'],"['Both males and females 20 YEARS - 69 YEARS', 'Both males and females 6 YEARS - 19 YEARS']",[nan],,
2887,RFXT091,.,Missing,['Reflex Time Array Data Point 091'],"['Both males and females 20 YEARS - 69 YEARS', 'Both males and females 6 YEARS - 19 YEARS']",[nan],,
2888,RFXT092,796 To 805,Range Of Values,['Reflex Time Array Data Point 092'],"['Both males and females 20 YEARS - 69 YEARS', 'Both males and females 6 YEARS - 19 YEARS']",[nan],,
2889,RFXT092,.,Missing,['Reflex Time Array Data Point 092'],"['Both males and females 20 YEARS - 69 YEARS', 'Both males and females 6 YEARS - 19 YEARS']",[nan],,
2890,RFXT093,805 To 814,Range Of Values,['Reflex Time Array Data Point 093'],"['Both males and females 20 YEARS - 69 YEARS', 'Both males and females 6 YEARS - 19 YEARS']",[nan],,
2891,RFXT093,.,Missing,['Reflex Time Array Data Point 093'],"['Both males and females 20 YEARS - 69 YEARS', 'Both males and females 6 YEARS - 19 YEARS']",[nan],,
2892,RFXT094,814 To 822,Range Of Values,['Reflex Time Array Data Point 094'],"['Both males and females 20 YEARS - 69 YEARS', 'Both males and females 6 YEARS - 19 YEARS']",[nan],,
2893,RFXT094,.,Missing,['Reflex Time Array Data Point 094'],"['Both males and females 20 YEARS - 69 YEARS', 'Both males and females 6 YEARS - 19 YEARS']",[nan],,
2894,RFXT095,822 To 831,Range Of Values,['Reflex Time Array Data Point 095'],"['Both males and females 20 YEARS - 69 YEARS', 'Both males and females 6 YEARS - 19 YEARS']",[nan],,
2895,RFXT095,.,Missing,['Reflex Time Array Data Point 095'],"['Both males and females 20 YEARS - 69 YEARS', 'Both males and females 6 YEARS - 19 YEARS']",[nan],,
2896,RFXT096,831 To 840,Range Of Values,['Reflex Time Array Data Point 096'],"['Both males and females 20 YEARS - 69 YEARS', 'Both males and females 6 YEARS - 19 YEARS']",[nan],,
2897,RFXT096,.,Missing,['Reflex Time Array Data Point 096'],"['Both males and females 20 YEARS - 69 YEARS', 'Both males and females 6 YEARS - 19 YEARS']",[nan],,
2898,RFXT097,840 To 849,Range Of Values,['Reflex Time Array Data Point 097'],"['Both males and females 20 YEARS - 69 YEARS', 'Both males and females 6 YEARS - 19 YEARS']",[nan],,
2899,RFXT097,.,Missing,['Reflex Time Array Data Point 097'],"['Both males and females 20 YEARS - 69 YEARS', 'Both males and females 6 YEARS - 19 YEARS']",[nan],,
2900,RFXT098,849 To 858,Range Of Values,['Reflex Time Array Data Point 098'],"['Both males and females 20 YEARS - 69 YEARS', 'Both males and females 6 YEARS - 19 YEARS']",[nan],,
2901,RFXT098,.,Missing,['Reflex Time Array Data Point 098'],"['Both males and females 20 YEARS - 69 YEARS', 'Both males and females 6 YEARS - 19 YEARS']",[nan],,
2902,RFXT099,858 To 867,Range Of Values,['Reflex Time Array Data Point 099'],"['Both males and females 20 YEARS - 69 YEARS', 'Both males and females 6 YEARS - 19 YEARS']",[nan],,
2903,RFXT099,.,Missing,['Reflex Time Array Data Point 099'],"['Both males and females 20 YEARS - 69 YEARS', 'Both males and females 6 YEARS - 19 YEARS']",[nan],,
2904,RFXT100,867 To 876,Range Of Values,['Reflex Time Array Data Point 100'],"['Both males and females 20 YEARS - 69 YEARS', 'Both males and females 6 YEARS - 19 YEARS']",[nan],,
2905,RFXT100,.,Missing,['Reflex Time Array Data Point 100'],"['Both males and females 20 YEARS - 69 YEARS', 'Both males and females 6 YEARS - 19 YEARS']",[nan],,
2906,RFXT101,876 To 884,Range Of Values,['Reflex Time Array Data Point 101'],"['Both males and females 20 YEARS - 69 YEARS', 'Both males and females 6 YEARS - 19 YEARS']",[nan],,
2907,RFXT101,.,Missing,['Reflex Time Array Data Point 101'],"['Both males and females 20 YEARS - 69 YEARS', 'Both males and females 6 YEARS - 19 YEARS']",[nan],,
2908,RFXT102,884 To 893,Range Of Values,['Reflex Time Array Data Point 102'],"['Both males and females 20 YEARS - 69 YEARS', 'Both males and females 6 YEARS - 19 YEARS']",[nan],,
2909,RFXT102,.,Missing,['Reflex Time Array Data Point 102'],"['Both males and females 20 YEARS - 69 YEARS', 'Both males and females 6 YEARS - 19 YEARS']",[nan],,
2910,RFXT103,893 To 902,Range Of Values,['Reflex Time Array Data Point 103'],"['Both males and females 20 YEARS - 69 YEARS', 'Both males and females 6 YEARS - 19 YEARS']",[nan],,
2911,RFXT103,.,Missing,['Reflex Time Array Data Point 103'],"['Both males and females 20 YEARS - 69 YEARS', 'Both males and females 6 YEARS - 19 YEARS']",[nan],,
2912,RFXT104,902 To 911,Range Of Values,['Reflex Time Array Data Point 104'],"['Both males and females 20 YEARS - 69 YEARS', 'Both males and females 6 YEARS - 19 YEARS']",[nan],,
2913,RFXT104,.,Missing,['Reflex Time Array Data Point 104'],"['Both males and females 20 YEARS - 69 YEARS', 'Both males and females 6 YEARS - 19 YEARS']",[nan],,
2914,RFXT105,911 To 920,Range Of Values,['Reflex Time Array Data Point 105'],"['Both males and females 20 YEARS - 69 YEARS', 'Both males and females 6 YEARS - 19 YEARS']",[nan],,
2915,RFXT105,.,Missing,['Reflex Time Array Data Point 105'],"['Both males and females 20 YEARS - 69 YEARS', 'Both males and females 6 YEARS - 19 YEARS']",[nan],,
2916,RFXT106,920 To 929,Range Of Values,['Reflex Time Array Data Point 106'],"['Both males and females 20 YEARS - 69 YEARS', 'Both males and females 6 YEARS - 19 YEARS']",[nan],,
2917,RFXT106,.,Missing,['Reflex Time Array Data Point 106'],"['Both males and females 20 YEARS - 69 YEARS', 'Both males and females 6 YEARS - 19 YEARS']",[nan],,
2918,RFXT107,929 To 937,Range Of Values,['Reflex Time Array Data Point 107'],"['Both males and females 20 YEARS - 69 YEARS', 'Both males and females 6 YEARS - 19 YEARS']",[nan],,
2919,RFXT107,.,Missing,['Reflex Time Array Data Point 107'],"['Both males and females 20 YEARS - 69 YEARS', 'Both males and females 6 YEARS - 19 YEARS']",[nan],,
2920,RFXT108,937 To 946,Range Of Values,['Reflex Time Array Data Point 108'],"['Both males and females 20 YEARS - 69 YEARS', 'Both males and females 6 YEARS - 19 YEARS']",[nan],,
2921,RFXT108,.,Missing,['Reflex Time Array Data Point 108'],"['Both males and females 20 YEARS - 69 YEARS', 'Both males and females 6 YEARS - 19 YEARS']",[nan],,
2922,RFXT109,946 To 955,Range Of Values,['Reflex Time Array Data Point 109'],"['Both males and females 20 YEARS - 69 YEARS', 'Both males and females 6 YEARS - 19 YEARS']",[nan],,
2923,RFXT109,.,Missing,['Reflex Time Array Data Point 109'],"['Both males and females 20 YEARS - 69 YEARS', 'Both males and females 6 YEARS - 19 YEARS']",[nan],,
2924,RFXT110,955 To 964,Range Of Values,['Reflex Time Array Data Point 110'],"['Both males and females 20 YEARS - 69 YEARS', 'Both males and females 6 YEARS - 19 YEARS']",[nan],,
2925,RFXT110,.,Missing,['Reflex Time Array Data Point 110'],"['Both males and females 20 YEARS - 69 YEARS', 'Both males and females 6 YEARS - 19 YEARS']",[nan],,
2926,RFXT111,964 To 973,Range Of Values,['Reflex Time Array Data Point 111'],"['Both males and females 20 YEARS - 69 YEARS', 'Both males and females 6 YEARS - 19 YEARS']",[nan],,
2927,RFXT111,.,Missing,['Reflex Time Array Data Point 111'],"['Both males and females 20 YEARS - 69 YEARS', 'Both males and females 6 YEARS - 19 YEARS']",[nan],,
2928,RFXT112,973 To 982,Range Of Values,['Reflex Time Array Data Point 112'],"['Both males and females 20 YEARS - 69 YEARS', 'Both males and females 6 YEARS - 19 YEARS']",[nan],,
2929,RFXT112,.,Missing,['Reflex Time Array Data Point 112'],"['Both males and females 20 YEARS - 69 YEARS', 'Both males and females 6 YEARS - 19 YEARS']",[nan],,
2930,RFXT113,982 To 990,Range Of Values,['Reflex Time Array Data Point 113'],"['Both males and females 20 YEARS - 69 YEARS', 'Both males and females 6 YEARS - 19 YEARS']",[nan],,
2931,RFXT113,.,Missing,['Reflex Time Array Data Point 113'],"['Both males and females 20 YEARS - 69 YEARS', 'Both males and females 6 YEARS - 19 YEARS']",[nan],,
2932,RFXT114,990 To 999,Range Of Values,['Reflex Time Array Data Point 114'],"['Both males and females 20 YEARS - 69 YEARS', 'Both males and females 6 YEARS - 19 YEARS']",[nan],,
2933,RFXT114,.,Missing,['Reflex Time Array Data Point 114'],"['Both males and females 20 YEARS - 69 YEARS', 'Both males and females 6 YEARS - 19 YEARS']",[nan],,
2934,RFXT115,999 To 1008,Range Of Values,['Reflex Time Array Data Point 115'],"['Both males and females 20 YEARS - 69 YEARS', 'Both males and females 6 YEARS - 19 YEARS']",[nan],,
2935,RFXT115,.,Missing,['Reflex Time Array Data Point 115'],"['Both males and females 20 YEARS - 69 YEARS', 'Both males and females 6 YEARS - 19 YEARS']",[nan],,
2936,RFXT116,1008 To 1017,Range Of Values,['Reflex Time Array Data Point 116'],"['Both males and females 20 YEARS - 69 YEARS', 'Both males and females 6 YEARS - 19 YEARS']",[nan],,
2937,RFXT116,.,Missing,['Reflex Time Array Data Point 116'],"['Both males and females 20 YEARS - 69 YEARS', 'Both males and females 6 YEARS - 19 YEARS']",[nan],,
2938,RFXT117,1017 To 1026,Range Of Values,['Reflex Time Array Data Point 117'],"['Both males and females 20 YEARS - 69 YEARS', 'Both males and females 6 YEARS - 19 YEARS']",[nan],,
2939,RFXT117,.,Missing,['Reflex Time Array Data Point 117'],"['Both males and females 20 YEARS - 69 YEARS', 'Both males and females 6 YEARS - 19 YEARS']",[nan],,
2940,RFXT118,1026 To 1035,Range Of Values,['Reflex Time Array Data Point 118'],"['Both males and females 20 YEARS - 69 YEARS', 'Both males and females 6 YEARS - 19 YEARS']",[nan],,
2941,RFXT118,.,Missing,['Reflex Time Array Data Point 118'],"['Both males and females 20 YEARS - 69 YEARS', 'Both males and females 6 YEARS - 19 YEARS']",[nan],,
2942,RFXT119,1035 To 1044,Range Of Values,['Reflex Time Array Data Point 119'],"['Both males and females 20 YEARS - 69 YEARS', 'Both males and females 6 YEARS - 19 YEARS']",[nan],,
2943,RFXT119,.,Missing,['Reflex Time Array Data Point 119'],"['Both males and females 20 YEARS - 69 YEARS', 'Both males and females 6 YEARS - 19 YEARS']",[nan],,
2944,RFXT120,1044 To 1052,Range Of Values,['Reflex Time Array Data Point 120'],"['Both males and females 20 YEARS - 69 YEARS', 'Both males and females 6 YEARS - 19 YEARS']",[nan],,
2945,RFXT120,.,Missing,['Reflex Time Array Data Point 120'],"['Both males and females 20 YEARS - 69 YEARS', 'Both males and females 6 YEARS - 19 YEARS']",[nan],,
2946,RFXT121,1052 To 1061,Range Of Values,['Reflex Time Array Data Point 121'],"['Both males and females 20 YEARS - 69 YEARS', 'Both males and females 6 YEARS - 19 YEARS']",[nan],,
2947,RFXT121,.,Missing,['Reflex Time Array Data Point 121'],"['Both males and females 20 YEARS - 69 YEARS', 'Both males and females 6 YEARS - 19 YEARS']",[nan],,
2948,RFXT122,1061 To 1070,Range Of Values,['Reflex Time Array Data Point 122'],"['Both males and females 20 YEARS - 69 YEARS', 'Both males and females 6 YEARS - 19 YEARS']",[nan],,
2949,RFXT122,.,Missing,['Reflex Time Array Data Point 122'],"['Both males and females 20 YEARS - 69 YEARS', 'Both males and females 6 YEARS - 19 YEARS']",[nan],,
2950,RFXT123,1070 To 1079,Range Of Values,['Reflex Time Array Data Point 123'],"['Both males and females 20 YEARS - 69 YEARS', 'Both males and females 6 YEARS - 19 YEARS']",[nan],,
2951,RFXT123,.,Missing,['Reflex Time Array Data Point 123'],"['Both males and females 20 YEARS - 69 YEARS', 'Both males and females 6 YEARS - 19 YEARS']",[nan],,
2952,RFXT124,1079 To 1088,Range Of Values,['Reflex Time Array Data Point 124'],"['Both males and females 20 YEARS - 69 YEARS', 'Both males and females 6 YEARS - 19 YEARS']",[nan],,
2953,RFXT124,.,Missing,['Reflex Time Array Data Point 124'],"['Both males and females 20 YEARS - 69 YEARS', 'Both males and females 6 YEARS - 19 YEARS']",[nan],,
2954,RFXT125,1088 To 1097,Range Of Values,['Reflex Time Array Data Point 125'],"['Both males and females 20 YEARS - 69 YEARS', 'Both males and females 6 YEARS - 19 YEARS']",[nan],,
2955,RFXT125,.,Missing,['Reflex Time Array Data Point 125'],"['Both males and females 20 YEARS - 69 YEARS', 'Both males and females 6 YEARS - 19 YEARS']",[nan],,
2956,RFXT126,1097 To 1105,Range Of Values,['Reflex Time Array Data Point 126'],"['Both males and females 20 YEARS - 69 YEARS', 'Both males and females 6 YEARS - 19 YEARS']",[nan],,
2957,RFXT126,.,Missing,['Reflex Time Array Data Point 126'],"['Both males and females 20 YEARS - 69 YEARS', 'Both males and females 6 YEARS - 19 YEARS']",[nan],,
2958,RFXT127,1105 To 1114,Range Of Values,['Reflex Time Array Data Point 127'],"['Both males and females 20 YEARS - 69 YEARS', 'Both males and females 6 YEARS - 19 YEARS']",[nan],,
2959,RFXT127,.,Missing,['Reflex Time Array Data Point 127'],"['Both males and females 20 YEARS - 69 YEARS', 'Both males and females 6 YEARS - 19 YEARS']",[nan],,
2960,RFXT128,.,Missing,['Reflex Time Array Data Point 128'],"['Both males and females 20 YEARS - 69 YEARS', 'Both males and females 6 YEARS - 19 YEARS']",[nan],,
2961,RFXT128,1114 To 1123,Range Of Values,['Reflex Time Array Data Point 128'],"['Both males and females 20 YEARS - 69 YEARS', 'Both males and females 6 YEARS - 19 YEARS']",[nan],,
2962,RFXT129,1123 To 1132,Range Of Values,['Reflex Time Array Data Point 129'],"['Both males and females 20 YEARS - 69 YEARS', 'Both males and females 6 YEARS - 19 YEARS']",[nan],,
2963,RFXT129,.,Missing,['Reflex Time Array Data Point 129'],"['Both males and females 20 YEARS - 69 YEARS', 'Both males and females 6 YEARS - 19 YEARS']",[nan],,
2964,RFXT130,1132 To 1141,Range Of Values,['Reflex Time Array Data Point 130'],"['Both males and females 20 YEARS - 69 YEARS', 'Both males and females 6 YEARS - 19 YEARS']",[nan],,
2965,RFXT130,.,Missing,['Reflex Time Array Data Point 130'],"['Both males and females 20 YEARS - 69 YEARS', 'Both males and females 6 YEARS - 19 YEARS']",[nan],,
2966,RFXT131,1141 To 1150,Range Of Values,['Reflex Time Array Data Point 131'],"['Both males and females 20 YEARS - 69 YEARS', 'Both males and females 6 YEARS - 19 YEARS']",[nan],,
2967,RFXT131,.,Missing,['Reflex Time Array Data Point 131'],"['Both males and females 20 YEARS - 69 YEARS', 'Both males and females 6 YEARS - 19 YEARS']",[nan],,
2968,RFXT132,1150 To 1159,Range Of Values,['Reflex Time Array Data Point 132'],"['Both males and females 20 YEARS - 69 YEARS', 'Both males and females 6 YEARS - 19 YEARS']",[nan],,
2969,RFXT132,.,Missing,['Reflex Time Array Data Point 132'],"['Both males and females 20 YEARS - 69 YEARS', 'Both males and females 6 YEARS - 19 YEARS']",[nan],,
2970,RFXT133,1159 To 1167,Range Of Values,['Reflex Time Array Data Point 133'],"['Both males and females 20 YEARS - 69 YEARS', 'Both males and females 6 YEARS - 19 YEARS']",[nan],,
2971,RFXT133,.,Missing,['Reflex Time Array Data Point 133'],"['Both males and females 20 YEARS - 69 YEARS', 'Both males and females 6 YEARS - 19 YEARS']",[nan],,
2972,RFXT134,1167 To 1176,Range Of Values,['Reflex Time Array Data Point 134'],"['Both males and females 20 YEARS - 69 YEARS', 'Both males and females 6 YEARS - 19 YEARS']",[nan],,
2973,RFXT134,.,Missing,['Reflex Time Array Data Point 134'],"['Both males and females 20 YEARS - 69 YEARS', 'Both males and females 6 YEARS - 19 YEARS']",[nan],,
2974,RFXT135,1176 To 1185,Range Of Values,['Reflex Time Array Data Point 135'],"['Both males and females 20 YEARS - 69 YEARS', 'Both males and females 6 YEARS - 19 YEARS']",[nan],,
2975,RFXT135,.,Missing,['Reflex Time Array Data Point 135'],"['Both males and females 20 YEARS - 69 YEARS', 'Both males and females 6 YEARS - 19 YEARS']",[nan],,
2976,RFXT136,1185 To 1194,Range Of Values,['Reflex Time Array Data Point 136'],"['Both males and females 20 YEARS - 69 YEARS', 'Both males and females 6 YEARS - 19 YEARS']",[nan],,
2977,RFXT136,.,Missing,['Reflex Time Array Data Point 136'],"['Both males and females 20 YEARS - 69 YEARS', 'Both males and females 6 YEARS - 19 YEARS']",[nan],,
2978,RFXT137,1194 To 1203,Range Of Values,['Reflex Time Array Data Point 137'],"['Both males and females 20 YEARS - 69 YEARS', 'Both males and females 6 YEARS - 19 YEARS']",[nan],,
2979,RFXT137,.,Missing,['Reflex Time Array Data Point 137'],"['Both males and females 20 YEARS - 69 YEARS', 'Both males and females 6 YEARS - 19 YEARS']",[nan],,
2980,RFXT138,1203 To 1212,Range Of Values,['Reflex Time Array Data Point 138'],"['Both males and females 20 YEARS - 69 YEARS', 'Both males and females 6 YEARS - 19 YEARS']",[nan],,
2981,RFXT138,.,Missing,['Reflex Time Array Data Point 138'],"['Both males and females 20 YEARS - 69 YEARS', 'Both males and females 6 YEARS - 19 YEARS']",[nan],,
2982,RFXT139,1212 To 1220,Range Of Values,['Reflex Time Array Data Point 139'],"['Both males and females 20 YEARS - 69 YEARS', 'Both males and females 6 YEARS - 19 YEARS']",[nan],,
2983,RFXT139,.,Missing,['Reflex Time Array Data Point 139'],"['Both males and females 20 YEARS - 69 YEARS', 'Both males and females 6 YEARS - 19 YEARS']",[nan],,
2984,RFXT140,1220 To 1229,Range Of Values,['Reflex Time Array Data Point 140'],"['Both males and females 20 YEARS - 69 YEARS', 'Both males and females 6 YEARS - 19 YEARS']",[nan],,
2985,RFXT140,.,Missing,['Reflex Time Array Data Point 140'],"['Both males and females 20 YEARS - 69 YEARS', 'Both males and females 6 YEARS - 19 YEARS']",[nan],,
2986,RFXT141,1229 To 1238,Range Of Values,['Reflex Time Array Data Point 141'],"['Both males and females 20 YEARS - 69 YEARS', 'Both males and females 6 YEARS - 19 YEARS']",[nan],,
2987,RFXT141,.,Missing,['Reflex Time Array Data Point 141'],"['Both males and females 20 YEARS - 69 YEARS', 'Both males and females 6 YEARS - 19 YEARS']",[nan],,
2988,RFXT142,1238 To 1247,Range Of Values,['Reflex Time Array Data Point 142'],"['Both males and females 20 YEARS - 69 YEARS', 'Both males and females 6 YEARS - 19 YEARS']",[nan],,
2989,RFXT142,.,Missing,['Reflex Time Array Data Point 142'],"['Both males and females 20 YEARS - 69 YEARS', 'Both males and females 6 YEARS - 19 YEARS']",[nan],,
2990,RFXT143,1247 To 1256,Range Of Values,['Reflex Time Array Data Point 143'],"['Both males and females 20 YEARS - 69 YEARS', 'Both males and females 6 YEARS - 19 YEARS']",[nan],,
2991,RFXT143,.,Missing,['Reflex Time Array Data Point 143'],"['Both males and females 20 YEARS - 69 YEARS', 'Both males and females 6 YEARS - 19 YEARS']",[nan],,
2992,RFXT144,1256 To 1265,Range Of Values,['Reflex Time Array Data Point 144'],"['Both males and females 20 YEARS - 69 YEARS', 'Both males and females 6 YEARS - 19 YEARS']",[nan],,
2993,RFXT144,.,Missing,['Reflex Time Array Data Point 144'],"['Both males and females 20 YEARS - 69 YEARS', 'Both males and females 6 YEARS - 19 YEARS']",[nan],,
2994,RFXT145,1265 To 1273,Range Of Values,['Reflex Time Array Data Point 145'],"['Both males and females 20 YEARS - 69 YEARS', 'Both males and females 6 YEARS - 19 YEARS']",[nan],,
2995,RFXT145,.,Missing,['Reflex Time Array Data Point 145'],"['Both males and females 20 YEARS - 69 YEARS', 'Both males and females 6 YEARS - 19 YEARS']",[nan],,
2996,RFXT146,1273 To 1282,Range Of Values,['Reflex Time Array Data Point 146'],"['Both males and females 20 YEARS - 69 YEARS', 'Both males and females 6 YEARS - 19 YEARS']",[nan],,
2997,RFXT146,.,Missing,['Reflex Time Array Data Point 146'],"['Both males and females 20 YEARS - 69 YEARS', 'Both males and females 6 YEARS - 19 YEARS']",[nan],,
2998,RFXT147,1282 To 1291,Range Of Values,['Reflex Time Array Data Point 147'],"['Both males and females 20 YEARS - 69 YEARS', 'Both males and females 6 YEARS - 19 YEARS']",[nan],,
2999,RFXT147,.,Missing,['Reflex Time Array Data Point 147'],"['Both males and females 20 YEARS - 69 YEARS', 'Both males and females 6 YEARS - 19 YEARS']",[nan],,
3000,RFXT148,1291 To 1300,Range Of Values,['Reflex Time Array Data Point 148'],"['Both males and females 20 YEARS - 69 YEARS', 'Both males and females 6 YEARS - 19 YEARS']",[nan],,
3001,RFXT148,.,Missing,['Reflex Time Array Data Point 148'],"['Both males and females 20 YEARS - 69 YEARS', 'Both males and females 6 YEARS - 19 YEARS']",[nan],,
3002,RFXT149,1300 To 1309,Range Of Values,['Reflex Time Array Data Point 149'],"['Both males and females 20 YEARS - 69 YEARS', 'Both males and females 6 YEARS - 19 YEARS']",[nan],,
3003,RFXT149,.,Missing,['Reflex Time Array Data Point 149'],"['Both males and females 20 YEARS - 69 YEARS', 'Both males and females 6 YEARS - 19 YEARS']",[nan],,
3004,RFXT150,1309 To 1318,Range Of Values,['Reflex Time Array Data Point 150'],"['Both males and females 20 YEARS - 69 YEARS', 'Both males and females 6 YEARS - 19 YEARS']",[nan],,
3005,RFXT150,.,Missing,['Reflex Time Array Data Point 150'],"['Both males and females 20 YEARS - 69 YEARS', 'Both males and females 6 YEARS - 19 YEARS']",[nan],,
3006,RFXT151,1318 To 1327,Range Of Values,['Reflex Time Array Data Point 151'],"['Both males and females 20 YEARS - 69 YEARS', 'Both males and females 6 YEARS - 19 YEARS']",[nan],,
3007,RFXT151,.,Missing,['Reflex Time Array Data Point 151'],"['Both males and females 20 YEARS - 69 YEARS', 'Both males and females 6 YEARS - 19 YEARS']",[nan],,
3008,RFXT152,1327 To 1335,Range Of Values,['Reflex Time Array Data Point 152'],"['Both males and females 20 YEARS - 69 YEARS', 'Both males and females 6 YEARS - 19 YEARS']",[nan],,
3009,RFXT152,.,Missing,['Reflex Time Array Data Point 152'],"['Both males and females 20 YEARS - 69 YEARS', 'Both males and females 6 YEARS - 19 YEARS']",[nan],,
3010,RFXT153,1335 To 1344,Range Of Values,['Reflex Time Array Data Point 153'],"['Both males and females 20 YEARS - 69 YEARS', 'Both males and females 6 YEARS - 19 YEARS']",[nan],,
3011,RFXT153,.,Missing,['Reflex Time Array Data Point 153'],"['Both males and females 20 YEARS - 69 YEARS', 'Both males and females 6 YEARS - 19 YEARS']",[nan],,
3012,RFXT154,1344 To 1353,Range Of Values,['Reflex Time Array Data Point 154'],"['Both males and females 20 YEARS - 69 YEARS', 'Both males and females 6 YEARS - 19 YEARS']",[nan],,
3013,RFXT154,.,Missing,['Reflex Time Array Data Point 154'],"['Both males and females 20 YEARS - 69 YEARS', 'Both males and females 6 YEARS - 19 YEARS']",[nan],,
3014,RFXT155,1353 To 1362,Range Of Values,['Reflex Time Array Data Point 155'],"['Both males and females 20 YEARS - 69 YEARS', 'Both males and females 6 YEARS - 19 YEARS']",[nan],,
3015,RFXT155,.,Missing,['Reflex Time Array Data Point 155'],"['Both males and females 20 YEARS - 69 YEARS', 'Both males and females 6 YEARS - 19 YEARS']",[nan],,
3016,RFXT156,1362 To 1371,Range Of Values,['Reflex Time Array Data Point 156'],"['Both males and females 20 YEARS - 69 YEARS', 'Both males and females 6 YEARS - 19 YEARS']",[nan],,
3017,RFXT156,.,Missing,['Reflex Time Array Data Point 156'],"['Both males and females 20 YEARS - 69 YEARS', 'Both males and females 6 YEARS - 19 YEARS']",[nan],,
3018,RFXT157,1371 To 1380,Range Of Values,['Reflex Time Array Data Point 157'],"['Both males and females 20 YEARS - 69 YEARS', 'Both males and females 6 YEARS - 19 YEARS']",[nan],,
3019,RFXT157,.,Missing,['Reflex Time Array Data Point 157'],"['Both males and females 20 YEARS - 69 YEARS', 'Both males and females 6 YEARS - 19 YEARS']",[nan],,
3020,RFXT158,1380 To 1388,Range Of Values,['Reflex Time Array Data Point 158'],"['Both males and females 20 YEARS - 69 YEARS', 'Both males and females 6 YEARS - 19 YEARS']",[nan],,
3021,RFXT158,.,Missing,['Reflex Time Array Data Point 158'],"['Both males and females 20 YEARS - 69 YEARS', 'Both males and females 6 YEARS - 19 YEARS']",[nan],,
3022,RFXT159,1388 To 1397,Range Of Values,['Reflex Time Array Data Point 159'],"['Both males and females 20 YEARS - 69 YEARS', 'Both males and females 6 YEARS - 19 YEARS']",[nan],,
3023,RFXT159,.,Missing,['Reflex Time Array Data Point 159'],"['Both males and females 20 YEARS - 69 YEARS', 'Both males and females 6 YEARS - 19 YEARS']",[nan],,
3024,RFXT160,1397 To 1406,Range Of Values,['Reflex Time Array Data Point 160'],"['Both males and females 20 YEARS - 69 YEARS', 'Both males and females 6 YEARS - 19 YEARS']",[nan],,
3025,RFXT160,.,Missing,['Reflex Time Array Data Point 160'],"['Both males and females 20 YEARS - 69 YEARS', 'Both males and females 6 YEARS - 19 YEARS']",[nan],,
3026,RFXT161,1406 To 1415,Range Of Values,['Reflex Time Array Data Point 161'],"['Both males and females 20 YEARS - 69 YEARS', 'Both males and females 6 YEARS - 19 YEARS']",[nan],,
3027,RFXT161,.,Missing,['Reflex Time Array Data Point 161'],"['Both males and females 20 YEARS - 69 YEARS', 'Both males and females 6 YEARS - 19 YEARS']",[nan],,
3028,RFXT162,1415 To 1424,Range Of Values,['Reflex Time Array Data Point 162'],"['Both males and females 20 YEARS - 69 YEARS', 'Both males and females 6 YEARS - 19 YEARS']",[nan],,
3029,RFXT162,.,Missing,['Reflex Time Array Data Point 162'],"['Both males and females 20 YEARS - 69 YEARS', 'Both males and females 6 YEARS - 19 YEARS']",[nan],,
3030,RFXT163,1424 To 1433,Range Of Values,['Reflex Time Array Data Point 163'],"['Both males and females 20 YEARS - 69 YEARS', 'Both males and females 6 YEARS - 19 YEARS']",[nan],,
3031,RFXT163,.,Missing,['Reflex Time Array Data Point 163'],"['Both males and females 20 YEARS - 69 YEARS', 'Both males and females 6 YEARS - 19 YEARS']",[nan],,
3032,RFXT164,1433 To 1441,Range Of Values,['Reflex Time Array Data Point 164'],"['Both males and females 20 YEARS - 69 YEARS', 'Both males and females 6 YEARS - 19 YEARS']",[nan],,
3033,RFXT164,.,Missing,['Reflex Time Array Data Point 164'],"['Both males and females 20 YEARS - 69 YEARS', 'Both males and females 6 YEARS - 19 YEARS']",[nan],,
3034,RFXT165,1441 To 1450,Range Of Values,['Reflex Time Array Data Point 165'],"['Both males and females 20 YEARS - 69 YEARS', 'Both males and females 6 YEARS - 19 YEARS']",[nan],,
3035,RFXT165,.,Missing,['Reflex Time Array Data Point 165'],"['Both males and females 20 YEARS - 69 YEARS', 'Both males and females 6 YEARS - 19 YEARS']",[nan],,
3036,RFXT166,1450 To 1459,Range Of Values,['Reflex Time Array Data Point 166'],"['Both males and females 20 YEARS - 69 YEARS', 'Both males and females 6 YEARS - 19 YEARS']",[nan],,
3037,RFXT166,.,Missing,['Reflex Time Array Data Point 166'],"['Both males and females 20 YEARS - 69 YEARS', 'Both males and females 6 YEARS - 19 YEARS']",[nan],,
3038,RFXT167,1459 To 1468,Range Of Values,['Reflex Time Array Data Point 167'],"['Both males and females 20 YEARS - 69 YEARS', 'Both males and females 6 YEARS - 19 YEARS']",[nan],,
3039,RFXT167,.,Missing,['Reflex Time Array Data Point 167'],"['Both males and females 20 YEARS - 69 YEARS', 'Both males and females 6 YEARS - 19 YEARS']",[nan],,
3040,RFXT168,1468 To 1477,Range Of Values,['Reflex Time Array Data Point 168'],"['Both males and females 20 YEARS - 69 YEARS', 'Both males and females 6 YEARS - 19 YEARS']",[nan],,
3041,RFXT168,.,Missing,['Reflex Time Array Data Point 168'],"['Both males and females 20 YEARS - 69 YEARS', 'Both males and females 6 YEARS - 19 YEARS']",[nan],,
3042,RFXT169,1477 To 1486,Range Of Values,['Reflex Time Array Data Point 169'],"['Both males and females 20 YEARS - 69 YEARS', 'Both males and females 6 YEARS - 19 YEARS']",[nan],,
3043,RFXT169,.,Missing,['Reflex Time Array Data Point 169'],"['Both males and females 20 YEARS - 69 YEARS', 'Both males and females 6 YEARS - 19 YEARS']",[nan],,
3044,RFXT170,1486 To 1495,Range Of Values,['Reflex Time Array Data Point 170'],"['Both males and females 20 YEARS - 69 YEARS', 'Both males and females 6 YEARS - 19 YEARS']",[nan],,
3045,RFXT170,.,Missing,['Reflex Time Array Data Point 170'],"['Both males and females 20 YEARS - 69 YEARS', 'Both males and females 6 YEARS - 19 YEARS']",[nan],,
3046,RFXC001,-0.996 To 1.794,Range Of Values,['Reflex Compliance Array Data Point 001'],"['Both males and females 20 YEARS - 69 YEARS', 'Both males and females 6 YEARS - 19 YEARS']",[nan],,
3047,RFXC001,.,Missing,['Reflex Compliance Array Data Point 001'],"['Both males and females 20 YEARS - 69 YEARS', 'Both males and females 6 YEARS - 19 YEARS']",[nan],,
3048,RFXC001,-0.99 To 1.672,Range Of Values,['Reflex Compliance Array Data Point 001'],"['Both males and females 20 YEARS - 69 YEARS', 'Both males and females 6 YEARS - 19 YEARS']",[nan],,
3049,RFXC001,-1.344 To 1.811,Range Of Values,['Reflex Compliance Array Data Point 001'],"['Both males and females 20 YEARS - 69 YEARS', 'Both males and females 6 YEARS - 19 YEARS']",[nan],,
3050,RFXC002,-1.286 To 0.641,Range Of Values,['Reflex Compliance Array Data Point 002'],"['Both males and females 20 YEARS - 69 YEARS', 'Both males and females 6 YEARS - 19 YEARS']",[nan],,
3051,RFXC002,.,Missing,['Reflex Compliance Array Data Point 002'],"['Both males and females 20 YEARS - 69 YEARS', 'Both males and females 6 YEARS - 19 YEARS']",[nan],,
3052,RFXC002,-2.639 To 2.374,Range Of Values,['Reflex Compliance Array Data Point 002'],"['Both males and females 20 YEARS - 69 YEARS', 'Both males and females 6 YEARS - 19 YEARS']",[nan],,
3053,RFXC003,-1.658 To 1.289,Range Of Values,['Reflex Compliance Array Data Point 003'],"['Both males and females 20 YEARS - 69 YEARS', 'Both males and females 6 YEARS - 19 YEARS']",[nan],,
3054,RFXC003,.,Missing,['Reflex Compliance Array Data Point 003'],"['Both males and females 20 YEARS - 69 YEARS', 'Both males and females 6 YEARS - 19 YEARS']",[nan],,
3055,RFXC003,-3.519 To 3.043,Range Of Values,['Reflex Compliance Array Data Point 003'],"['Both males and females 20 YEARS - 69 YEARS', 'Both males and females 6 YEARS - 19 YEARS']",[nan],,
3056,RFXC004,-2.052 To 1.944,Range Of Values,['Reflex Compliance Array Data Point 004'],"['Both males and females 20 YEARS - 69 YEARS', 'Both males and females 6 YEARS - 19 YEARS']",[nan],,
3057,RFXC004,.,Missing,['Reflex Compliance Array Data Point 004'],"['Both males and females 20 YEARS - 69 YEARS', 'Both males and females 6 YEARS - 19 YEARS']",[nan],,
3058,RFXC004,-4.318 To 3.44,Range Of Values,['Reflex Compliance Array Data Point 004'],"['Both males and females 20 YEARS - 69 YEARS', 'Both males and females 6 YEARS - 19 YEARS']",[nan],,
3059,RFXC005,-2.512 To 2.596,Range Of Values,['Reflex Compliance Array Data Point 005'],"['Both males and females 20 YEARS - 69 YEARS', 'Both males and females 6 YEARS - 19 YEARS']",[nan],,
3060,RFXC005,.,Missing,['Reflex Compliance Array Data Point 005'],"['Both males and females 20 YEARS - 69 YEARS', 'Both males and females 6 YEARS - 19 YEARS']",[nan],,
3061,RFXC005,-4.318 To 3.713,Range Of Values,['Reflex Compliance Array Data Point 005'],"['Both males and females 20 YEARS - 69 YEARS', 'Both males and females 6 YEARS - 19 YEARS']",[nan],,
3062,RFXC006,-2.924 To 3.024,Range Of Values,['Reflex Compliance Array Data Point 006'],"['Both males and females 20 YEARS - 69 YEARS', 'Both males and females 6 YEARS - 19 YEARS']",[nan],,
3063,RFXC006,.,Missing,['Reflex Compliance Array Data Point 006'],"['Both males and females 20 YEARS - 69 YEARS', 'Both males and females 6 YEARS - 19 YEARS']",[nan],,
3064,RFXC006,-4.318 To 3.922,Range Of Values,['Reflex Compliance Array Data Point 006'],"['Both males and females 20 YEARS - 69 YEARS', 'Both males and females 6 YEARS - 19 YEARS']",[nan],,
3065,RFXC007,-3.286 To 3.295,Range Of Values,['Reflex Compliance Array Data Point 007'],"['Both males and females 20 YEARS - 69 YEARS', 'Both males and females 6 YEARS - 19 YEARS']",[nan],,
3066,RFXC007,.,Missing,['Reflex Compliance Array Data Point 007'],"['Both males and females 20 YEARS - 69 YEARS', 'Both males and females 6 YEARS - 19 YEARS']",[nan],,
3067,RFXC007,-4.318 To 4.087,Range Of Values,['Reflex Compliance Array Data Point 007'],"['Both males and females 20 YEARS - 69 YEARS', 'Both males and females 6 YEARS - 19 YEARS']",[nan],,
3068,RFXC008,-3.605 To 3.511,Range Of Values,['Reflex Compliance Array Data Point 008'],"['Both males and females 20 YEARS - 69 YEARS', 'Both males and females 6 YEARS - 19 YEARS']",[nan],,
3069,RFXC008,.,Missing,['Reflex Compliance Array Data Point 008'],"['Both males and females 20 YEARS - 69 YEARS', 'Both males and females 6 YEARS - 19 YEARS']",[nan],,
3070,RFXC008,-4.318 To 4.212,Range Of Values,['Reflex Compliance Array Data Point 008'],"['Both males and females 20 YEARS - 69 YEARS', 'Both males and females 6 YEARS - 19 YEARS']",[nan],,
3071,RFXC009,-3.794 To 3.688,Range Of Values,['Reflex Compliance Array Data Point 009'],"['Both males and females 20 YEARS - 69 YEARS', 'Both males and females 6 YEARS - 19 YEARS']",[nan],,
3072,RFXC009,.,Missing,['Reflex Compliance Array Data Point 009'],"['Both males and females 20 YEARS - 69 YEARS', 'Both males and females 6 YEARS - 19 YEARS']",[nan],,
3073,RFXC009,-4.318 To 4.296,Range Of Values,['Reflex Compliance Array Data Point 009'],"['Both males and females 20 YEARS - 69 YEARS', 'Both males and females 6 YEARS - 19 YEARS']",[nan],,
3074,RFXC009,-4.952 To 4.296,Range Of Values,['Reflex Compliance Array Data Point 009'],"['Both males and females 20 YEARS - 69 YEARS', 'Both males and females 6 YEARS - 19 YEARS']",[nan],,
3075,RFXC010,-3.83 To 3.775,Range Of Values,['Reflex Compliance Array Data Point 010'],"['Both males and females 20 YEARS - 69 YEARS', 'Both males and females 6 YEARS - 19 YEARS']",[nan],,
3076,RFXC010,.,Missing,['Reflex Compliance Array Data Point 010'],"['Both males and females 20 YEARS - 69 YEARS', 'Both males and females 6 YEARS - 19 YEARS']",[nan],,
3077,RFXC010,-4.318 To 4.346,Range Of Values,['Reflex Compliance Array Data Point 010'],"['Both males and females 20 YEARS - 69 YEARS', 'Both males and females 6 YEARS - 19 YEARS']",[nan],,
3078,RFXC010,-5.82 To 4.346,Range Of Values,['Reflex Compliance Array Data Point 010'],"['Both males and females 20 YEARS - 69 YEARS', 'Both males and females 6 YEARS - 19 YEARS']",[nan],,
3079,RFXC011,-3.875 To 3.818,Range Of Values,['Reflex Compliance Array Data Point 011'],"['Both males and females 20 YEARS - 69 YEARS', 'Both males and females 6 YEARS - 19 YEARS']",[nan],,
3080,RFXC011,.,Missing,['Reflex Compliance Array Data Point 011'],"['Both males and females 20 YEARS - 69 YEARS', 'Both males and females 6 YEARS - 19 YEARS']",[nan],,
3081,RFXC011,-4.318 To 4.368,Range Of Values,['Reflex Compliance Array Data Point 011'],"['Both males and females 20 YEARS - 69 YEARS', 'Both males and females 6 YEARS - 19 YEARS']",[nan],,
3082,RFXC011,-6.674 To 4.368,Range Of Values,['Reflex Compliance Array Data Point 011'],"['Both males and females 20 YEARS - 69 YEARS', 'Both males and females 6 YEARS - 19 YEARS']",[nan],,
3083,RFXC012,-4.403 To 3.837,Range Of Values,['Reflex Compliance Array Data Point 012'],"['Both males and females 20 YEARS - 69 YEARS', 'Both males and females 6 YEARS - 19 YEARS']",[nan],,
3084,RFXC012,.,Missing,['Reflex Compliance Array Data Point 012'],"['Both males and females 20 YEARS - 69 YEARS', 'Both males and females 6 YEARS - 19 YEARS']",[nan],,
3085,RFXC012,-4.568 To 4.372,Range Of Values,['Reflex Compliance Array Data Point 012'],"['Both males and females 20 YEARS - 69 YEARS', 'Both males and females 6 YEARS - 19 YEARS']",[nan],,
3086,RFXC012,-7.5 To 4.372,Range Of Values,['Reflex Compliance Array Data Point 012'],"['Both males and females 20 YEARS - 69 YEARS', 'Both males and females 6 YEARS - 19 YEARS']",[nan],,
3087,RFXC013,-4.933 To 3.844,Range Of Values,['Reflex Compliance Array Data Point 013'],"['Both males and females 20 YEARS - 69 YEARS', 'Both males and females 6 YEARS - 19 YEARS']",[nan],,
3088,RFXC013,.,Missing,['Reflex Compliance Array Data Point 013'],"['Both males and females 20 YEARS - 69 YEARS', 'Both males and females 6 YEARS - 19 YEARS']",[nan],,
3089,RFXC013,-4.932 To 4.723,Range Of Values,['Reflex Compliance Array Data Point 013'],"['Both males and females 20 YEARS - 69 YEARS', 'Both males and females 6 YEARS - 19 YEARS']",[nan],,
3090,RFXC013,-8.256 To 4.723,Range Of Values,['Reflex Compliance Array Data Point 013'],"['Both males and females 20 YEARS - 69 YEARS', 'Both males and females 6 YEARS - 19 YEARS']",[nan],,
3091,RFXC014,-5.438 To 3.84,Range Of Values,['Reflex Compliance Array Data Point 014'],"['Both males and females 20 YEARS - 69 YEARS', 'Both males and females 6 YEARS - 19 YEARS']",[nan],,
3092,RFXC014,.,Missing,['Reflex Compliance Array Data Point 014'],"['Both males and females 20 YEARS - 69 YEARS', 'Both males and females 6 YEARS - 19 YEARS']",[nan],,
3093,RFXC014,-5.435 To 4.876,Range Of Values,['Reflex Compliance Array Data Point 014'],"['Both males and females 20 YEARS - 69 YEARS', 'Both males and females 6 YEARS - 19 YEARS']",[nan],,
3094,RFXC014,-8.681 To 4.876,Range Of Values,['Reflex Compliance Array Data Point 014'],"['Both males and females 20 YEARS - 69 YEARS', 'Both males and females 6 YEARS - 19 YEARS']",[nan],,
3095,RFXC015,-5.879 To 3.831,Range Of Values,['Reflex Compliance Array Data Point 015'],"['Both males and females 20 YEARS - 69 YEARS', 'Both males and females 6 YEARS - 19 YEARS']",[nan],,
3096,RFXC015,.,Missing,['Reflex Compliance Array Data Point 015'],"['Both males and females 20 YEARS - 69 YEARS', 'Both males and females 6 YEARS - 19 YEARS']",[nan],,
3097,RFXC015,-5.651 To 5.056,Range Of Values,['Reflex Compliance Array Data Point 015'],"['Both males and females 20 YEARS - 69 YEARS', 'Both males and females 6 YEARS - 19 YEARS']",[nan],,
3098,RFXC015,-8.589 To 5.056,Range Of Values,['Reflex Compliance Array Data Point 015'],"['Both males and females 20 YEARS - 69 YEARS', 'Both males and females 6 YEARS - 19 YEARS']",[nan],,
3099,RFXC016,-6.164 To 3.815,Range Of Values,['Reflex Compliance Array Data Point 016'],"['Both males and females 20 YEARS - 69 YEARS', 'Both males and females 6 YEARS - 19 YEARS']",[nan],,
3100,RFXC016,.,Missing,['Reflex Compliance Array Data Point 016'],"['Both males and females 20 YEARS - 69 YEARS', 'Both males and females 6 YEARS - 19 YEARS']",[nan],,
3101,RFXC016,-5.63 To 5.19,Range Of Values,['Reflex Compliance Array Data Point 016'],"['Both males and females 20 YEARS - 69 YEARS', 'Both males and females 6 YEARS - 19 YEARS']",[nan],,
3102,RFXC016,-8.589 To 5.807,Range Of Values,['Reflex Compliance Array Data Point 016'],"['Both males and females 20 YEARS - 69 YEARS', 'Both males and females 6 YEARS - 19 YEARS']",[nan],,
3103,RFXC017,-6.057 To 3.798,Range Of Values,['Reflex Compliance Array Data Point 017'],"['Both males and females 20 YEARS - 69 YEARS', 'Both males and females 6 YEARS - 19 YEARS']",[nan],,
3104,RFXC017,.,Missing,['Reflex Compliance Array Data Point 017'],"['Both males and females 20 YEARS - 69 YEARS', 'Both males and females 6 YEARS - 19 YEARS']",[nan],,
3105,RFXC017,-5.944 To 5.265,Range Of Values,['Reflex Compliance Array Data Point 017'],"['Both males and females 20 YEARS - 69 YEARS', 'Both males and females 6 YEARS - 19 YEARS']",[nan],,
3106,RFXC017,-8.589 To 6.588,Range Of Values,['Reflex Compliance Array Data Point 017'],"['Both males and females 20 YEARS - 69 YEARS', 'Both males and females 6 YEARS - 19 YEARS']",[nan],,
3107,RFXC018,-5.956 To 3.779,Range Of Values,['Reflex Compliance Array Data Point 018'],"['Both males and females 20 YEARS - 69 YEARS', 'Both males and females 6 YEARS - 19 YEARS']",[nan],,
3108,RFXC018,.,Missing,['Reflex Compliance Array Data Point 018'],"['Both males and females 20 YEARS - 69 YEARS', 'Both males and females 6 YEARS - 19 YEARS']",[nan],,
3109,RFXC018,-6.346 To 5.306,Range Of Values,['Reflex Compliance Array Data Point 018'],"['Both males and females 20 YEARS - 69 YEARS', 'Both males and females 6 YEARS - 19 YEARS']",[nan],,
3110,RFXC018,-8.589 To 7.341,Range Of Values,['Reflex Compliance Array Data Point 018'],"['Both males and females 20 YEARS - 69 YEARS', 'Both males and females 6 YEARS - 19 YEARS']",[nan],,
3111,RFXC019,-5.982 To 3.76,Range Of Values,['Reflex Compliance Array Data Point 019'],"['Both males and females 20 YEARS - 69 YEARS', 'Both males and females 6 YEARS - 19 YEARS']",[nan],,
3112,RFXC019,.,Missing,['Reflex Compliance Array Data Point 019'],"['Both males and females 20 YEARS - 69 YEARS', 'Both males and females 6 YEARS - 19 YEARS']",[nan],,
3113,RFXC019,-6.625 To 5.328,Range Of Values,['Reflex Compliance Array Data Point 019'],"['Both males and females 20 YEARS - 69 YEARS', 'Both males and females 6 YEARS - 19 YEARS']",[nan],,
3114,RFXC019,-8.357 To 7.394,Range Of Values,['Reflex Compliance Array Data Point 019'],"['Both males and females 20 YEARS - 69 YEARS', 'Both males and females 6 YEARS - 19 YEARS']",[nan],,
3115,RFXC020,-5.877 To 3.74,Range Of Values,['Reflex Compliance Array Data Point 020'],"['Both males and females 20 YEARS - 69 YEARS', 'Both males and females 6 YEARS - 19 YEARS']",[nan],,
3116,RFXC020,.,Missing,['Reflex Compliance Array Data Point 020'],"['Both males and females 20 YEARS - 69 YEARS', 'Both males and females 6 YEARS - 19 YEARS']",[nan],,
3117,RFXC020,-7.265 To 5.343,Range Of Values,['Reflex Compliance Array Data Point 020'],"['Both males and females 20 YEARS - 69 YEARS', 'Both males and females 6 YEARS - 19 YEARS']",[nan],,
3118,RFXC020,-8.035 To 7.328,Range Of Values,['Reflex Compliance Array Data Point 020'],"['Both males and females 20 YEARS - 69 YEARS', 'Both males and females 6 YEARS - 19 YEARS']",[nan],,
3119,RFXC021,-5.836 To 3.72,Range Of Values,['Reflex Compliance Array Data Point 021'],"['Both males and females 20 YEARS - 69 YEARS', 'Both males and females 6 YEARS - 19 YEARS']",[nan],,
3120,RFXC021,.,Missing,['Reflex Compliance Array Data Point 021'],"['Both males and females 20 YEARS - 69 YEARS', 'Both males and females 6 YEARS - 19 YEARS']",[nan],,
3121,RFXC021,-7.841 To 5.355,Range Of Values,['Reflex Compliance Array Data Point 021'],"['Both males and females 20 YEARS - 69 YEARS', 'Both males and females 6 YEARS - 19 YEARS']",[nan],,
3122,RFXC021,-7.841 To 7.23,Range Of Values,['Reflex Compliance Array Data Point 021'],"['Both males and females 20 YEARS - 69 YEARS', 'Both males and females 6 YEARS - 19 YEARS']",[nan],,
3123,RFXC022,-6.57 To 3.699,Range Of Values,['Reflex Compliance Array Data Point 022'],"['Both males and females 20 YEARS - 69 YEARS', 'Both males and females 6 YEARS - 19 YEARS']",[nan],,
3124,RFXC022,.,Missing,['Reflex Compliance Array Data Point 022'],"['Both males and females 20 YEARS - 69 YEARS', 'Both males and females 6 YEARS - 19 YEARS']",[nan],,
3125,RFXC022,-8.123 To 5.367,Range Of Values,['Reflex Compliance Array Data Point 022'],"['Both males and females 20 YEARS - 69 YEARS', 'Both males and females 6 YEARS - 19 YEARS']",[nan],,
3126,RFXC022,-8.123 To 7.12,Range Of Values,['Reflex Compliance Array Data Point 022'],"['Both males and females 20 YEARS - 69 YEARS', 'Both males and females 6 YEARS - 19 YEARS']",[nan],,
3127,RFXC023,-7.001 To 3.68,Range Of Values,['Reflex Compliance Array Data Point 023'],"['Both males and females 20 YEARS - 69 YEARS', 'Both males and females 6 YEARS - 19 YEARS']",[nan],,
3128,RFXC023,.,Missing,['Reflex Compliance Array Data Point 023'],"['Both males and females 20 YEARS - 69 YEARS', 'Both males and females 6 YEARS - 19 YEARS']",[nan],,
3129,RFXC023,-8.123 To 5.376,Range Of Values,['Reflex Compliance Array Data Point 023'],"['Both males and females 20 YEARS - 69 YEARS', 'Both males and females 6 YEARS - 19 YEARS']",[nan],,
3130,RFXC023,-8.123 To 7.011,Range Of Values,['Reflex Compliance Array Data Point 023'],"['Both males and females 20 YEARS - 69 YEARS', 'Both males and females 6 YEARS - 19 YEARS']",[nan],,
3131,RFXC024,-7.001 To 3.659,Range Of Values,['Reflex Compliance Array Data Point 024'],"['Both males and females 20 YEARS - 69 YEARS', 'Both males and females 6 YEARS - 19 YEARS']",[nan],,
3132,RFXC024,.,Missing,['Reflex Compliance Array Data Point 024'],"['Both males and females 20 YEARS - 69 YEARS', 'Both males and females 6 YEARS - 19 YEARS']",[nan],,
3133,RFXC024,-8.123 To 5.384,Range Of Values,['Reflex Compliance Array Data Point 024'],"['Both males and females 20 YEARS - 69 YEARS', 'Both males and females 6 YEARS - 19 YEARS']",[nan],,
3134,RFXC024,-8.123 To 6.904,Range Of Values,['Reflex Compliance Array Data Point 024'],"['Both males and females 20 YEARS - 69 YEARS', 'Both males and females 6 YEARS - 19 YEARS']",[nan],,
3135,RFXC025,-7.001 To 3.639,Range Of Values,['Reflex Compliance Array Data Point 025'],"['Both males and females 20 YEARS - 69 YEARS', 'Both males and females 6 YEARS - 19 YEARS']",[nan],,
3136,RFXC025,.,Missing,['Reflex Compliance Array Data Point 025'],"['Both males and females 20 YEARS - 69 YEARS', 'Both males and females 6 YEARS - 19 YEARS']",[nan],,
3137,RFXC025,-8.123 To 5.391,Range Of Values,['Reflex Compliance Array Data Point 025'],"['Both males and females 20 YEARS - 69 YEARS', 'Both males and females 6 YEARS - 19 YEARS']",[nan],,
3138,RFXC025,-8.123 To 6.8,Range Of Values,['Reflex Compliance Array Data Point 025'],"['Both males and females 20 YEARS - 69 YEARS', 'Both males and females 6 YEARS - 19 YEARS']",[nan],,
3139,RFXC026,-6.466 To 3.619,Range Of Values,['Reflex Compliance Array Data Point 026'],"['Both males and females 20 YEARS - 69 YEARS', 'Both males and females 6 YEARS - 19 YEARS']",[nan],,
3140,RFXC026,.,Missing,['Reflex Compliance Array Data Point 026'],"['Both males and females 20 YEARS - 69 YEARS', 'Both males and females 6 YEARS - 19 YEARS']",[nan],,
3141,RFXC026,-8.122 To 5.395,Range Of Values,['Reflex Compliance Array Data Point 026'],"['Both males and females 20 YEARS - 69 YEARS', 'Both males and females 6 YEARS - 19 YEARS']",[nan],,
3142,RFXC026,-8.122 To 6.698,Range Of Values,['Reflex Compliance Array Data Point 026'],"['Both males and females 20 YEARS - 69 YEARS', 'Both males and females 6 YEARS - 19 YEARS']",[nan],,
3143,RFXC027,-6.576 To 3.6,Range Of Values,['Reflex Compliance Array Data Point 027'],"['Both males and females 20 YEARS - 69 YEARS', 'Both males and females 6 YEARS - 19 YEARS']",[nan],,
3144,RFXC027,.,Missing,['Reflex Compliance Array Data Point 027'],"['Both males and females 20 YEARS - 69 YEARS', 'Both males and females 6 YEARS - 19 YEARS']",[nan],,
3145,RFXC027,-8.122 To 5.395,Range Of Values,['Reflex Compliance Array Data Point 027'],"['Both males and females 20 YEARS - 69 YEARS', 'Both males and females 6 YEARS - 19 YEARS']",[nan],,
3146,RFXC027,-8.122 To 6.601,Range Of Values,['Reflex Compliance Array Data Point 027'],"['Both males and females 20 YEARS - 69 YEARS', 'Both males and females 6 YEARS - 19 YEARS']",[nan],,
3147,RFXC028,-6.789 To 3.58,Range Of Values,['Reflex Compliance Array Data Point 028'],"['Both males and females 20 YEARS - 69 YEARS', 'Both males and females 6 YEARS - 19 YEARS']",[nan],,
3148,RFXC028,.,Missing,['Reflex Compliance Array Data Point 028'],"['Both males and females 20 YEARS - 69 YEARS', 'Both males and females 6 YEARS - 19 YEARS']",[nan],,
3149,RFXC028,-8.122 To 5.394,Range Of Values,['Reflex Compliance Array Data Point 028'],"['Both males and females 20 YEARS - 69 YEARS', 'Both males and females 6 YEARS - 19 YEARS']",[nan],,
3150,RFXC028,-8.122 To 6.526,Range Of Values,['Reflex Compliance Array Data Point 028'],"['Both males and females 20 YEARS - 69 YEARS', 'Both males and females 6 YEARS - 19 YEARS']",[nan],,
3151,RFXC029,-6.787 To 3.561,Range Of Values,['Reflex Compliance Array Data Point 029'],"['Both males and females 20 YEARS - 69 YEARS', 'Both males and females 6 YEARS - 19 YEARS']",[nan],,
3152,RFXC029,.,Missing,['Reflex Compliance Array Data Point 029'],"['Both males and females 20 YEARS - 69 YEARS', 'Both males and females 6 YEARS - 19 YEARS']",[nan],,
3153,RFXC029,-8.215 To 5.392,Range Of Values,['Reflex Compliance Array Data Point 029'],"['Both males and females 20 YEARS - 69 YEARS', 'Both males and females 6 YEARS - 19 YEARS']",[nan],,
3154,RFXC029,-8.215 To 6.455,Range Of Values,['Reflex Compliance Array Data Point 029'],"['Both males and females 20 YEARS - 69 YEARS', 'Both males and females 6 YEARS - 19 YEARS']",[nan],,
3155,RFXC030,-6.786 To 3.54,Range Of Values,['Reflex Compliance Array Data Point 030'],"['Both males and females 20 YEARS - 69 YEARS', 'Both males and females 6 YEARS - 19 YEARS']",[nan],,
3156,RFXC030,.,Missing,['Reflex Compliance Array Data Point 030'],"['Both males and females 20 YEARS - 69 YEARS', 'Both males and females 6 YEARS - 19 YEARS']",[nan],,
3157,RFXC030,-8.215 To 5.387,Range Of Values,['Reflex Compliance Array Data Point 030'],"['Both males and females 20 YEARS - 69 YEARS', 'Both males and females 6 YEARS - 19 YEARS']",[nan],,
3158,RFXC030,-8.215 To 6.382,Range Of Values,['Reflex Compliance Array Data Point 030'],"['Both males and females 20 YEARS - 69 YEARS', 'Both males and females 6 YEARS - 19 YEARS']",[nan],,
3159,RFXC031,-6.785 To 3.521,Range Of Values,['Reflex Compliance Array Data Point 031'],"['Both males and females 20 YEARS - 69 YEARS', 'Both males and females 6 YEARS - 19 YEARS']",[nan],,
3160,RFXC031,.,Missing,['Reflex Compliance Array Data Point 031'],"['Both males and females 20 YEARS - 69 YEARS', 'Both males and females 6 YEARS - 19 YEARS']",[nan],,
3161,RFXC031,-8.215 To 5.379,Range Of Values,['Reflex Compliance Array Data Point 031'],"['Both males and females 20 YEARS - 69 YEARS', 'Both males and females 6 YEARS - 19 YEARS']",[nan],,
3162,RFXC031,-8.215 To 6.3,Range Of Values,['Reflex Compliance Array Data Point 031'],"['Both males and females 20 YEARS - 69 YEARS', 'Both males and females 6 YEARS - 19 YEARS']",[nan],,
3163,RFXC032,-6.592 To 3.5,Range Of Values,['Reflex Compliance Array Data Point 032'],"['Both males and females 20 YEARS - 69 YEARS', 'Both males and females 6 YEARS - 19 YEARS']",[nan],,
3164,RFXC032,.,Missing,['Reflex Compliance Array Data Point 032'],"['Both males and females 20 YEARS - 69 YEARS', 'Both males and females 6 YEARS - 19 YEARS']",[nan],,
3165,RFXC032,-8.215 To 5.37,Range Of Values,['Reflex Compliance Array Data Point 032'],"['Both males and females 20 YEARS - 69 YEARS', 'Both males and females 6 YEARS - 19 YEARS']",[nan],,
3166,RFXC032,-8.304 To 6.207,Range Of Values,['Reflex Compliance Array Data Point 032'],"['Both males and females 20 YEARS - 69 YEARS', 'Both males and females 6 YEARS - 19 YEARS']",[nan],,
3167,RFXC033,-6.49 To 3.48,Range Of Values,['Reflex Compliance Array Data Point 033'],"['Both males and females 20 YEARS - 69 YEARS', 'Both males and females 6 YEARS - 19 YEARS']",[nan],,
3168,RFXC033,.,Missing,['Reflex Compliance Array Data Point 033'],"['Both males and females 20 YEARS - 69 YEARS', 'Both males and females 6 YEARS - 19 YEARS']",[nan],,
3169,RFXC033,-8.215 To 5.36,Range Of Values,['Reflex Compliance Array Data Point 033'],"['Both males and females 20 YEARS - 69 YEARS', 'Both males and females 6 YEARS - 19 YEARS']",[nan],,
3170,RFXC033,-8.516 To 6.106,Range Of Values,['Reflex Compliance Array Data Point 033'],"['Both males and females 20 YEARS - 69 YEARS', 'Both males and females 6 YEARS - 19 YEARS']",[nan],,
3171,RFXC034,-6.759 To 3.458,Range Of Values,['Reflex Compliance Array Data Point 034'],"['Both males and females 20 YEARS - 69 YEARS', 'Both males and females 6 YEARS - 19 YEARS']",[nan],,
3172,RFXC034,.,Missing,['Reflex Compliance Array Data Point 034'],"['Both males and females 20 YEARS - 69 YEARS', 'Both males and females 6 YEARS - 19 YEARS']",[nan],,
3173,RFXC034,-8.215 To 5.348,Range Of Values,['Reflex Compliance Array Data Point 034'],"['Both males and females 20 YEARS - 69 YEARS', 'Both males and females 6 YEARS - 19 YEARS']",[nan],,
3174,RFXC034,-8.696 To 5.999,Range Of Values,['Reflex Compliance Array Data Point 034'],"['Both males and females 20 YEARS - 69 YEARS', 'Both males and females 6 YEARS - 19 YEARS']",[nan],,
3175,RFXC035,-6.933 To 3.437,Range Of Values,['Reflex Compliance Array Data Point 035'],"['Both males and females 20 YEARS - 69 YEARS', 'Both males and females 6 YEARS - 19 YEARS']",[nan],,
3176,RFXC035,.,Missing,['Reflex Compliance Array Data Point 035'],"['Both males and females 20 YEARS - 69 YEARS', 'Both males and females 6 YEARS - 19 YEARS']",[nan],,
3177,RFXC035,-8.214 To 5.335,Range Of Values,['Reflex Compliance Array Data Point 035'],"['Both males and females 20 YEARS - 69 YEARS', 'Both males and females 6 YEARS - 19 YEARS']",[nan],,
3178,RFXC035,-8.799 To 5.912,Range Of Values,['Reflex Compliance Array Data Point 035'],"['Both males and females 20 YEARS - 69 YEARS', 'Both males and females 6 YEARS - 19 YEARS']",[nan],,
3179,RFXC036,-6.103 To 3.463,Range Of Values,['Reflex Compliance Array Data Point 036'],"['Both males and females 20 YEARS - 69 YEARS', 'Both males and females 6 YEARS - 19 YEARS']",[nan],,
3180,RFXC036,.,Missing,['Reflex Compliance Array Data Point 036'],"['Both males and females 20 YEARS - 69 YEARS', 'Both males and females 6 YEARS - 19 YEARS']",[nan],,
3181,RFXC036,-8.214 To 5.323,Range Of Values,['Reflex Compliance Array Data Point 036'],"['Both males and females 20 YEARS - 69 YEARS', 'Both males and females 6 YEARS - 19 YEARS']",[nan],,
3182,RFXC036,-8.799 To 5.865,Range Of Values,['Reflex Compliance Array Data Point 036'],"['Both males and females 20 YEARS - 69 YEARS', 'Both males and females 6 YEARS - 19 YEARS']",[nan],,
3183,RFXC037,-6.104 To 3.514,Range Of Values,['Reflex Compliance Array Data Point 037'],"['Both males and females 20 YEARS - 69 YEARS', 'Both males and females 6 YEARS - 19 YEARS']",[nan],,
3184,RFXC037,.,Missing,['Reflex Compliance Array Data Point 037'],"['Both males and females 20 YEARS - 69 YEARS', 'Both males and females 6 YEARS - 19 YEARS']",[nan],,
3185,RFXC037,-7.948 To 5.312,Range Of Values,['Reflex Compliance Array Data Point 037'],"['Both males and females 20 YEARS - 69 YEARS', 'Both males and females 6 YEARS - 19 YEARS']",[nan],,
3186,RFXC037,-8.799 To 5.808,Range Of Values,['Reflex Compliance Array Data Point 037'],"['Both males and females 20 YEARS - 69 YEARS', 'Both males and females 6 YEARS - 19 YEARS']",[nan],,
3187,RFXC038,-6.104 To 3.567,Range Of Values,['Reflex Compliance Array Data Point 038'],"['Both males and females 20 YEARS - 69 YEARS', 'Both males and females 6 YEARS - 19 YEARS']",[nan],,
3188,RFXC038,.,Missing,['Reflex Compliance Array Data Point 038'],"['Both males and females 20 YEARS - 69 YEARS', 'Both males and females 6 YEARS - 19 YEARS']",[nan],,
3189,RFXC038,-7.475 To 5.302,Range Of Values,['Reflex Compliance Array Data Point 038'],"['Both males and females 20 YEARS - 69 YEARS', 'Both males and females 6 YEARS - 19 YEARS']",[nan],,
3190,RFXC038,-8.799 To 5.742,Range Of Values,['Reflex Compliance Array Data Point 038'],"['Both males and females 20 YEARS - 69 YEARS', 'Both males and females 6 YEARS - 19 YEARS']",[nan],,
3191,RFXC039,-6.212 To 3.622,Range Of Values,['Reflex Compliance Array Data Point 039'],"['Both males and females 20 YEARS - 69 YEARS', 'Both males and females 6 YEARS - 19 YEARS']",[nan],,
3192,RFXC039,.,Missing,['Reflex Compliance Array Data Point 039'],"['Both males and females 20 YEARS - 69 YEARS', 'Both males and females 6 YEARS - 19 YEARS']",[nan],,
3193,RFXC039,-7.147 To 5.291,Range Of Values,['Reflex Compliance Array Data Point 039'],"['Both males and females 20 YEARS - 69 YEARS', 'Both males and females 6 YEARS - 19 YEARS']",[nan],,
3194,RFXC039,-8.799 To 5.67,Range Of Values,['Reflex Compliance Array Data Point 039'],"['Both males and females 20 YEARS - 69 YEARS', 'Both males and females 6 YEARS - 19 YEARS']",[nan],,
3195,RFXC040,-6.354 To 3.677,Range Of Values,['Reflex Compliance Array Data Point 040'],"['Both males and females 20 YEARS - 69 YEARS', 'Both males and females 6 YEARS - 19 YEARS']",[nan],,
3196,RFXC040,.,Missing,['Reflex Compliance Array Data Point 040'],"['Both males and females 20 YEARS - 69 YEARS', 'Both males and females 6 YEARS - 19 YEARS']",[nan],,
3197,RFXC040,-7.236 To 5.284,Range Of Values,['Reflex Compliance Array Data Point 040'],"['Both males and females 20 YEARS - 69 YEARS', 'Both males and females 6 YEARS - 19 YEARS']",[nan],,
3198,RFXC040,-8.799 To 5.592,Range Of Values,['Reflex Compliance Array Data Point 040'],"['Both males and females 20 YEARS - 69 YEARS', 'Both males and females 6 YEARS - 19 YEARS']",[nan],,
3199,RFXC041,-6.516 To 3.729,Range Of Values,['Reflex Compliance Array Data Point 041'],"['Both males and females 20 YEARS - 69 YEARS', 'Both males and females 6 YEARS - 19 YEARS']",[nan],,
3200,RFXC041,.,Missing,['Reflex Compliance Array Data Point 041'],"['Both males and females 20 YEARS - 69 YEARS', 'Both males and females 6 YEARS - 19 YEARS']",[nan],,
3201,RFXC041,-7.241 To 5.278,Range Of Values,['Reflex Compliance Array Data Point 041'],"['Both males and females 20 YEARS - 69 YEARS', 'Both males and females 6 YEARS - 19 YEARS']",[nan],,
3202,RFXC041,-8.799 To 5.511,Range Of Values,['Reflex Compliance Array Data Point 041'],"['Both males and females 20 YEARS - 69 YEARS', 'Both males and females 6 YEARS - 19 YEARS']",[nan],,
3203,RFXC042,-6.678 To 3.776,Range Of Values,['Reflex Compliance Array Data Point 042'],"['Both males and females 20 YEARS - 69 YEARS', 'Both males and females 6 YEARS - 19 YEARS']",[nan],,
3204,RFXC042,.,Missing,['Reflex Compliance Array Data Point 042'],"['Both males and females 20 YEARS - 69 YEARS', 'Both males and females 6 YEARS - 19 YEARS']",[nan],,
3205,RFXC042,-7.246 To 5.273,Range Of Values,['Reflex Compliance Array Data Point 042'],"['Both males and females 20 YEARS - 69 YEARS', 'Both males and females 6 YEARS - 19 YEARS']",[nan],,
3206,RFXC042,-8.799 To 5.428,Range Of Values,['Reflex Compliance Array Data Point 042'],"['Both males and females 20 YEARS - 69 YEARS', 'Both males and females 6 YEARS - 19 YEARS']",[nan],,
3207,RFXC043,-6.813 To 3.819,Range Of Values,['Reflex Compliance Array Data Point 043'],"['Both males and females 20 YEARS - 69 YEARS', 'Both males and females 6 YEARS - 19 YEARS']",[nan],,
3208,RFXC043,.,Missing,['Reflex Compliance Array Data Point 043'],"['Both males and females 20 YEARS - 69 YEARS', 'Both males and females 6 YEARS - 19 YEARS']",[nan],,
3209,RFXC043,-7.252 To 5.269,Range Of Values,['Reflex Compliance Array Data Point 043'],"['Both males and females 20 YEARS - 69 YEARS', 'Both males and females 6 YEARS - 19 YEARS']",[nan],,
3210,RFXC043,-8.799 To 5.386,Range Of Values,['Reflex Compliance Array Data Point 043'],"['Both males and females 20 YEARS - 69 YEARS', 'Both males and females 6 YEARS - 19 YEARS']",[nan],,
3211,RFXC044,-6.813 To 3.857,Range Of Values,['Reflex Compliance Array Data Point 044'],"['Both males and females 20 YEARS - 69 YEARS', 'Both males and females 6 YEARS - 19 YEARS']",[nan],,
3212,RFXC044,.,Missing,['Reflex Compliance Array Data Point 044'],"['Both males and females 20 YEARS - 69 YEARS', 'Both males and females 6 YEARS - 19 YEARS']",[nan],,
3213,RFXC044,-7.304 To 5.268,Range Of Values,['Reflex Compliance Array Data Point 044'],"['Both males and females 20 YEARS - 69 YEARS', 'Both males and females 6 YEARS - 19 YEARS']",[nan],,
3214,RFXC044,-8.799 To 5.354,Range Of Values,['Reflex Compliance Array Data Point 044'],"['Both males and females 20 YEARS - 69 YEARS', 'Both males and females 6 YEARS - 19 YEARS']",[nan],,
3215,RFXC045,-7.069 To 3.892,Range Of Values,['Reflex Compliance Array Data Point 045'],"['Both males and females 20 YEARS - 69 YEARS', 'Both males and females 6 YEARS - 19 YEARS']",[nan],,
3216,RFXC045,.,Missing,['Reflex Compliance Array Data Point 045'],"['Both males and females 20 YEARS - 69 YEARS', 'Both males and females 6 YEARS - 19 YEARS']",[nan],,
3217,RFXC045,-7.831 To 5.267,Range Of Values,['Reflex Compliance Array Data Point 045'],"['Both males and females 20 YEARS - 69 YEARS', 'Both males and females 6 YEARS - 19 YEARS']",[nan],,
3218,RFXC045,-8.799 To 5.319,Range Of Values,['Reflex Compliance Array Data Point 045'],"['Both males and females 20 YEARS - 69 YEARS', 'Both males and females 6 YEARS - 19 YEARS']",[nan],,
3219,RFXC046,-7.326 To 3.925,Range Of Values,['Reflex Compliance Array Data Point 046'],"['Both males and females 20 YEARS - 69 YEARS', 'Both males and females 6 YEARS - 19 YEARS']",[nan],,
3220,RFXC046,.,Missing,['Reflex Compliance Array Data Point 046'],"['Both males and females 20 YEARS - 69 YEARS', 'Both males and females 6 YEARS - 19 YEARS']",[nan],,
3221,RFXC046,-8.174 To 5.267,Range Of Values,['Reflex Compliance Array Data Point 046'],"['Both males and females 20 YEARS - 69 YEARS', 'Both males and females 6 YEARS - 19 YEARS']",[nan],,
3222,RFXC046,-8.799 To 5.278,Range Of Values,['Reflex Compliance Array Data Point 046'],"['Both males and females 20 YEARS - 69 YEARS', 'Both males and females 6 YEARS - 19 YEARS']",[nan],,
3223,RFXC047,-7.525 To 3.957,Range Of Values,['Reflex Compliance Array Data Point 047'],"['Both males and females 20 YEARS - 69 YEARS', 'Both males and females 6 YEARS - 19 YEARS']",[nan],,
3224,RFXC047,.,Missing,['Reflex Compliance Array Data Point 047'],"['Both males and females 20 YEARS - 69 YEARS', 'Both males and females 6 YEARS - 19 YEARS']",[nan],,
3225,RFXC047,-8.174 To 5.267,Range Of Values,['Reflex Compliance Array Data Point 047'],"['Both males and females 20 YEARS - 69 YEARS', 'Both males and females 6 YEARS - 19 YEARS']",[nan],,
3226,RFXC047,-8.799 To 5.267,Range Of Values,['Reflex Compliance Array Data Point 047'],"['Both males and females 20 YEARS - 69 YEARS', 'Both males and females 6 YEARS - 19 YEARS']",[nan],,
3227,RFXC048,-7.685 To 3.989,Range Of Values,['Reflex Compliance Array Data Point 048'],"['Both males and females 20 YEARS - 69 YEARS', 'Both males and females 6 YEARS - 19 YEARS']",[nan],,
3228,RFXC048,.,Missing,['Reflex Compliance Array Data Point 048'],"['Both males and females 20 YEARS - 69 YEARS', 'Both males and females 6 YEARS - 19 YEARS']",[nan],,
3229,RFXC048,-8.174 To 5.268,Range Of Values,['Reflex Compliance Array Data Point 048'],"['Both males and females 20 YEARS - 69 YEARS', 'Both males and females 6 YEARS - 19 YEARS']",[nan],,
3230,RFXC048,-8.799 To 5.268,Range Of Values,['Reflex Compliance Array Data Point 048'],"['Both males and females 20 YEARS - 69 YEARS', 'Both males and females 6 YEARS - 19 YEARS']",[nan],,
3231,RFXC049,-7.874 To 4.02,Range Of Values,['Reflex Compliance Array Data Point 049'],"['Both males and females 20 YEARS - 69 YEARS', 'Both males and females 6 YEARS - 19 YEARS']",[nan],,
3232,RFXC049,.,Missing,['Reflex Compliance Array Data Point 049'],"['Both males and females 20 YEARS - 69 YEARS', 'Both males and females 6 YEARS - 19 YEARS']",[nan],,
3233,RFXC049,-8.174 To 5.268,Range Of Values,['Reflex Compliance Array Data Point 049'],"['Both males and females 20 YEARS - 69 YEARS', 'Both males and females 6 YEARS - 19 YEARS']",[nan],,
3234,RFXC049,-8.799 To 5.268,Range Of Values,['Reflex Compliance Array Data Point 049'],"['Both males and females 20 YEARS - 69 YEARS', 'Both males and females 6 YEARS - 19 YEARS']",[nan],,
3235,RFXC050,-7.874 To 4.051,Range Of Values,['Reflex Compliance Array Data Point 050'],"['Both males and females 20 YEARS - 69 YEARS', 'Both males and females 6 YEARS - 19 YEARS']",[nan],,
3236,RFXC050,.,Missing,['Reflex Compliance Array Data Point 050'],"['Both males and females 20 YEARS - 69 YEARS', 'Both males and females 6 YEARS - 19 YEARS']",[nan],,
3237,RFXC050,-8.174 To 5.269,Range Of Values,['Reflex Compliance Array Data Point 050'],"['Both males and females 20 YEARS - 69 YEARS', 'Both males and females 6 YEARS - 19 YEARS']",[nan],,
3238,RFXC050,-8.799 To 5.269,Range Of Values,['Reflex Compliance Array Data Point 050'],"['Both males and females 20 YEARS - 69 YEARS', 'Both males and females 6 YEARS - 19 YEARS']",[nan],,
3239,RFXC051,-7.625 To 4.08,Range Of Values,['Reflex Compliance Array Data Point 051'],"['Both males and females 20 YEARS - 69 YEARS', 'Both males and females 6 YEARS - 19 YEARS']",[nan],,
3240,RFXC051,.,Missing,['Reflex Compliance Array Data Point 051'],"['Both males and females 20 YEARS - 69 YEARS', 'Both males and females 6 YEARS - 19 YEARS']",[nan],,
3241,RFXC051,-8.174 To 5.268,Range Of Values,['Reflex Compliance Array Data Point 051'],"['Both males and females 20 YEARS - 69 YEARS', 'Both males and females 6 YEARS - 19 YEARS']",[nan],,
3242,RFXC051,-8.799 To 5.268,Range Of Values,['Reflex Compliance Array Data Point 051'],"['Both males and females 20 YEARS - 69 YEARS', 'Both males and females 6 YEARS - 19 YEARS']",[nan],,
3243,RFXC052,-7.348 To 4.108,Range Of Values,['Reflex Compliance Array Data Point 052'],"['Both males and females 20 YEARS - 69 YEARS', 'Both males and females 6 YEARS - 19 YEARS']",[nan],,
3244,RFXC052,.,Missing,['Reflex Compliance Array Data Point 052'],"['Both males and females 20 YEARS - 69 YEARS', 'Both males and females 6 YEARS - 19 YEARS']",[nan],,
3245,RFXC052,-8.174 To 5.268,Range Of Values,['Reflex Compliance Array Data Point 052'],"['Both males and females 20 YEARS - 69 YEARS', 'Both males and females 6 YEARS - 19 YEARS']",[nan],,
3246,RFXC052,-8.799 To 5.268,Range Of Values,['Reflex Compliance Array Data Point 052'],"['Both males and females 20 YEARS - 69 YEARS', 'Both males and females 6 YEARS - 19 YEARS']",[nan],,
3247,RFXC053,-6.818 To 4.134,Range Of Values,['Reflex Compliance Array Data Point 053'],"['Both males and females 20 YEARS - 69 YEARS', 'Both males and females 6 YEARS - 19 YEARS']",[nan],,
3248,RFXC053,.,Missing,['Reflex Compliance Array Data Point 053'],"['Both males and females 20 YEARS - 69 YEARS', 'Both males and females 6 YEARS - 19 YEARS']",[nan],,
3249,RFXC053,-8.174 To 5.268,Range Of Values,['Reflex Compliance Array Data Point 053'],"['Both males and females 20 YEARS - 69 YEARS', 'Both males and females 6 YEARS - 19 YEARS']",[nan],,
3250,RFXC053,-8.799 To 5.268,Range Of Values,['Reflex Compliance Array Data Point 053'],"['Both males and females 20 YEARS - 69 YEARS', 'Both males and females 6 YEARS - 19 YEARS']",[nan],,
3251,RFXC054,-7.267 To 4.158,Range Of Values,['Reflex Compliance Array Data Point 054'],"['Both males and females 20 YEARS - 69 YEARS', 'Both males and females 6 YEARS - 19 YEARS']",[nan],,
3252,RFXC054,.,Missing,['Reflex Compliance Array Data Point 054'],"['Both males and females 20 YEARS - 69 YEARS', 'Both males and females 6 YEARS - 19 YEARS']",[nan],,
3253,RFXC054,-8.174 To 5.268,Range Of Values,['Reflex Compliance Array Data Point 054'],"['Both males and females 20 YEARS - 69 YEARS', 'Both males and females 6 YEARS - 19 YEARS']",[nan],,
3254,RFXC054,-8.799 To 5.268,Range Of Values,['Reflex Compliance Array Data Point 054'],"['Both males and females 20 YEARS - 69 YEARS', 'Both males and females 6 YEARS - 19 YEARS']",[nan],,
3255,RFXC055,-7.969 To 4.181,Range Of Values,['Reflex Compliance Array Data Point 055'],"['Both males and females 20 YEARS - 69 YEARS', 'Both males and females 6 YEARS - 19 YEARS']",[nan],,
3256,RFXC055,.,Missing,['Reflex Compliance Array Data Point 055'],"['Both males and females 20 YEARS - 69 YEARS', 'Both males and females 6 YEARS - 19 YEARS']",[nan],,
3257,RFXC055,-8.174 To 5.266,Range Of Values,['Reflex Compliance Array Data Point 055'],"['Both males and females 20 YEARS - 69 YEARS', 'Both males and females 6 YEARS - 19 YEARS']",[nan],,
3258,RFXC055,-8.799 To 5.266,Range Of Values,['Reflex Compliance Array Data Point 055'],"['Both males and females 20 YEARS - 69 YEARS', 'Both males and females 6 YEARS - 19 YEARS']",[nan],,
3259,RFXC056,-5.192 To 4.201,Range Of Values,['Reflex Compliance Array Data Point 056'],"['Both males and females 20 YEARS - 69 YEARS', 'Both males and females 6 YEARS - 19 YEARS']",[nan],,
3260,RFXC056,.,Missing,['Reflex Compliance Array Data Point 056'],"['Both males and females 20 YEARS - 69 YEARS', 'Both males and females 6 YEARS - 19 YEARS']",[nan],,
3261,RFXC056,-7.553 To 5.265,Range Of Values,['Reflex Compliance Array Data Point 056'],"['Both males and females 20 YEARS - 69 YEARS', 'Both males and females 6 YEARS - 19 YEARS']",[nan],,
3262,RFXC056,-7.553 To 5.296,Range Of Values,['Reflex Compliance Array Data Point 056'],"['Both males and females 20 YEARS - 69 YEARS', 'Both males and females 6 YEARS - 19 YEARS']",[nan],,
3263,RFXC057,-5.09 To 4.22,Range Of Values,['Reflex Compliance Array Data Point 057'],"['Both males and females 20 YEARS - 69 YEARS', 'Both males and females 6 YEARS - 19 YEARS']",[nan],,
3264,RFXC057,.,Missing,['Reflex Compliance Array Data Point 057'],"['Both males and females 20 YEARS - 69 YEARS', 'Both males and females 6 YEARS - 19 YEARS']",[nan],,
3265,RFXC057,-7.709 To 5.264,Range Of Values,['Reflex Compliance Array Data Point 057'],"['Both males and females 20 YEARS - 69 YEARS', 'Both males and females 6 YEARS - 19 YEARS']",[nan],,
3266,RFXC057,-7.709 To 5.35,Range Of Values,['Reflex Compliance Array Data Point 057'],"['Both males and females 20 YEARS - 69 YEARS', 'Both males and females 6 YEARS - 19 YEARS']",[nan],,
3267,RFXC058,-5.112 To 4.239,Range Of Values,['Reflex Compliance Array Data Point 058'],"['Both males and females 20 YEARS - 69 YEARS', 'Both males and females 6 YEARS - 19 YEARS']",[nan],,
3268,RFXC058,.,Missing,['Reflex Compliance Array Data Point 058'],"['Both males and females 20 YEARS - 69 YEARS', 'Both males and females 6 YEARS - 19 YEARS']",[nan],,
3269,RFXC058,-7.962 To 5.262,Range Of Values,['Reflex Compliance Array Data Point 058'],"['Both males and females 20 YEARS - 69 YEARS', 'Both males and females 6 YEARS - 19 YEARS']",[nan],,
3270,RFXC058,-7.962 To 5.402,Range Of Values,['Reflex Compliance Array Data Point 058'],"['Both males and females 20 YEARS - 69 YEARS', 'Both males and females 6 YEARS - 19 YEARS']",[nan],,
3271,RFXC059,-5.293 To 4.258,Range Of Values,['Reflex Compliance Array Data Point 059'],"['Both males and females 20 YEARS - 69 YEARS', 'Both males and females 6 YEARS - 19 YEARS']",[nan],,
3272,RFXC059,.,Missing,['Reflex Compliance Array Data Point 059'],"['Both males and females 20 YEARS - 69 YEARS', 'Both males and females 6 YEARS - 19 YEARS']",[nan],,
3273,RFXC059,-7.774 To 5.259,Range Of Values,['Reflex Compliance Array Data Point 059'],"['Both males and females 20 YEARS - 69 YEARS', 'Both males and females 6 YEARS - 19 YEARS']",[nan],,
3274,RFXC059,-7.774 To 5.449,Range Of Values,['Reflex Compliance Array Data Point 059'],"['Both males and females 20 YEARS - 69 YEARS', 'Both males and females 6 YEARS - 19 YEARS']",[nan],,
3275,RFXC060,-5.731 To 4.277,Range Of Values,['Reflex Compliance Array Data Point 060'],"['Both males and females 20 YEARS - 69 YEARS', 'Both males and females 6 YEARS - 19 YEARS']",[nan],,
3276,RFXC060,.,Missing,['Reflex Compliance Array Data Point 060'],"['Both males and females 20 YEARS - 69 YEARS', 'Both males and females 6 YEARS - 19 YEARS']",[nan],,
3277,RFXC060,-7.556 To 5.256,Range Of Values,['Reflex Compliance Array Data Point 060'],"['Both males and females 20 YEARS - 69 YEARS', 'Both males and females 6 YEARS - 19 YEARS']",[nan],,
3278,RFXC060,-7.556 To 5.493,Range Of Values,['Reflex Compliance Array Data Point 060'],"['Both males and females 20 YEARS - 69 YEARS', 'Both males and females 6 YEARS - 19 YEARS']",[nan],,
3279,RFXC061,-6.062 To 4.299,Range Of Values,['Reflex Compliance Array Data Point 061'],"['Both males and females 20 YEARS - 69 YEARS', 'Both males and females 6 YEARS - 19 YEARS']",[nan],,
3280,RFXC061,.,Missing,['Reflex Compliance Array Data Point 061'],"['Both males and females 20 YEARS - 69 YEARS', 'Both males and females 6 YEARS - 19 YEARS']",[nan],,
3281,RFXC061,-7.553 To 5.253,Range Of Values,['Reflex Compliance Array Data Point 061'],"['Both males and females 20 YEARS - 69 YEARS', 'Both males and females 6 YEARS - 19 YEARS']",[nan],,
3282,RFXC061,-7.553 To 5.535,Range Of Values,['Reflex Compliance Array Data Point 061'],"['Both males and females 20 YEARS - 69 YEARS', 'Both males and females 6 YEARS - 19 YEARS']",[nan],,
3283,RFXC062,-6.044 To 4.654,Range Of Values,['Reflex Compliance Array Data Point 062'],"['Both males and females 20 YEARS - 69 YEARS', 'Both males and females 6 YEARS - 19 YEARS']",[nan],,
3284,RFXC062,.,Missing,['Reflex Compliance Array Data Point 062'],"['Both males and females 20 YEARS - 69 YEARS', 'Both males and females 6 YEARS - 19 YEARS']",[nan],,
3285,RFXC062,-7.553 To 5.25,Range Of Values,['Reflex Compliance Array Data Point 062'],"['Both males and females 20 YEARS - 69 YEARS', 'Both males and females 6 YEARS - 19 YEARS']",[nan],,
3286,RFXC062,-7.553 To 5.574,Range Of Values,['Reflex Compliance Array Data Point 062'],"['Both males and females 20 YEARS - 69 YEARS', 'Both males and females 6 YEARS - 19 YEARS']",[nan],,
3287,RFXC063,-6.092 To 4.697,Range Of Values,['Reflex Compliance Array Data Point 063'],"['Both males and females 20 YEARS - 69 YEARS', 'Both males and females 6 YEARS - 19 YEARS']",[nan],,
3288,RFXC063,.,Missing,['Reflex Compliance Array Data Point 063'],"['Both males and females 20 YEARS - 69 YEARS', 'Both males and females 6 YEARS - 19 YEARS']",[nan],,
3289,RFXC063,-7.553 To 5.245,Range Of Values,['Reflex Compliance Array Data Point 063'],"['Both males and females 20 YEARS - 69 YEARS', 'Both males and females 6 YEARS - 19 YEARS']",[nan],,
3290,RFXC063,-7.553 To 5.61,Range Of Values,['Reflex Compliance Array Data Point 063'],"['Both males and females 20 YEARS - 69 YEARS', 'Both males and females 6 YEARS - 19 YEARS']",[nan],,
3291,RFXC064,-6.292 To 4.735,Range Of Values,['Reflex Compliance Array Data Point 064'],"['Both males and females 20 YEARS - 69 YEARS', 'Both males and females 6 YEARS - 19 YEARS']",[nan],,
3292,RFXC064,.,Missing,['Reflex Compliance Array Data Point 064'],"['Both males and females 20 YEARS - 69 YEARS', 'Both males and females 6 YEARS - 19 YEARS']",[nan],,
3293,RFXC064,-7.553 To 5.241,Range Of Values,['Reflex Compliance Array Data Point 064'],"['Both males and females 20 YEARS - 69 YEARS', 'Both males and females 6 YEARS - 19 YEARS']",[nan],,
3294,RFXC064,-7.553 To 5.644,Range Of Values,['Reflex Compliance Array Data Point 064'],"['Both males and females 20 YEARS - 69 YEARS', 'Both males and females 6 YEARS - 19 YEARS']",[nan],,
3295,RFXC065,-6.477 To 4.768,Range Of Values,['Reflex Compliance Array Data Point 065'],"['Both males and females 20 YEARS - 69 YEARS', 'Both males and females 6 YEARS - 19 YEARS']",[nan],,
3296,RFXC065,.,Missing,['Reflex Compliance Array Data Point 065'],"['Both males and females 20 YEARS - 69 YEARS', 'Both males and females 6 YEARS - 19 YEARS']",[nan],,
3297,RFXC065,-7.553 To 5.237,Range Of Values,['Reflex Compliance Array Data Point 065'],"['Both males and females 20 YEARS - 69 YEARS', 'Both males and females 6 YEARS - 19 YEARS']",[nan],,
3298,RFXC065,-7.553 To 5.673,Range Of Values,['Reflex Compliance Array Data Point 065'],"['Both males and females 20 YEARS - 69 YEARS', 'Both males and females 6 YEARS - 19 YEARS']",[nan],,
3299,RFXC066,-6.665 To 4.794,Range Of Values,['Reflex Compliance Array Data Point 066'],"['Both males and females 20 YEARS - 69 YEARS', 'Both males and females 6 YEARS - 19 YEARS']",[nan],,
3300,RFXC066,.,Missing,['Reflex Compliance Array Data Point 066'],"['Both males and females 20 YEARS - 69 YEARS', 'Both males and females 6 YEARS - 19 YEARS']",[nan],,
3301,RFXC066,-7.553 To 5.233,Range Of Values,['Reflex Compliance Array Data Point 066'],"['Both males and females 20 YEARS - 69 YEARS', 'Both males and females 6 YEARS - 19 YEARS']",[nan],,
3302,RFXC066,-7.553 To 5.698,Range Of Values,['Reflex Compliance Array Data Point 066'],"['Both males and females 20 YEARS - 69 YEARS', 'Both males and females 6 YEARS - 19 YEARS']",[nan],,
3303,RFXC067,-6.762 To 4.785,Range Of Values,['Reflex Compliance Array Data Point 067'],"['Both males and females 20 YEARS - 69 YEARS', 'Both males and females 6 YEARS - 19 YEARS']",[nan],,
3304,RFXC067,.,Missing,['Reflex Compliance Array Data Point 067'],"['Both males and females 20 YEARS - 69 YEARS', 'Both males and females 6 YEARS - 19 YEARS']",[nan],,
3305,RFXC067,-7.553 To 5.229,Range Of Values,['Reflex Compliance Array Data Point 067'],"['Both males and females 20 YEARS - 69 YEARS', 'Both males and females 6 YEARS - 19 YEARS']",[nan],,
3306,RFXC067,-7.553 To 5.718,Range Of Values,['Reflex Compliance Array Data Point 067'],"['Both males and females 20 YEARS - 69 YEARS', 'Both males and females 6 YEARS - 19 YEARS']",[nan],,
3307,RFXC068,-7.186 To 4.767,Range Of Values,['Reflex Compliance Array Data Point 068'],"['Both males and females 20 YEARS - 69 YEARS', 'Both males and females 6 YEARS - 19 YEARS']",[nan],,
3308,RFXC068,.,Missing,['Reflex Compliance Array Data Point 068'],"['Both males and females 20 YEARS - 69 YEARS', 'Both males and females 6 YEARS - 19 YEARS']",[nan],,
3309,RFXC068,-7.553 To 5.225,Range Of Values,['Reflex Compliance Array Data Point 068'],"['Both males and females 20 YEARS - 69 YEARS', 'Both males and females 6 YEARS - 19 YEARS']",[nan],,
3310,RFXC068,-7.553 To 5.733,Range Of Values,['Reflex Compliance Array Data Point 068'],"['Both males and females 20 YEARS - 69 YEARS', 'Both males and females 6 YEARS - 19 YEARS']",[nan],,
3311,RFXC069,-7.555 To 4.742,Range Of Values,['Reflex Compliance Array Data Point 069'],"['Both males and females 20 YEARS - 69 YEARS', 'Both males and females 6 YEARS - 19 YEARS']",[nan],,
3312,RFXC069,.,Missing,['Reflex Compliance Array Data Point 069'],"['Both males and females 20 YEARS - 69 YEARS', 'Both males and females 6 YEARS - 19 YEARS']",[nan],,
3313,RFXC069,-7.553 To 5.222,Range Of Values,['Reflex Compliance Array Data Point 069'],"['Both males and females 20 YEARS - 69 YEARS', 'Both males and females 6 YEARS - 19 YEARS']",[nan],,
3314,RFXC069,-7.553 To 5.744,Range Of Values,['Reflex Compliance Array Data Point 069'],"['Both males and females 20 YEARS - 69 YEARS', 'Both males and females 6 YEARS - 19 YEARS']",[nan],,
3315,RFXC070,-7.551 To 4.711,Range Of Values,['Reflex Compliance Array Data Point 070'],"['Both males and females 20 YEARS - 69 YEARS', 'Both males and females 6 YEARS - 19 YEARS']",[nan],,
3316,RFXC070,.,Missing,['Reflex Compliance Array Data Point 070'],"['Both males and females 20 YEARS - 69 YEARS', 'Both males and females 6 YEARS - 19 YEARS']",[nan],,
3317,RFXC070,-7.553 To 5.219,Range Of Values,['Reflex Compliance Array Data Point 070'],"['Both males and females 20 YEARS - 69 YEARS', 'Both males and females 6 YEARS - 19 YEARS']",[nan],,
3318,RFXC070,-7.553 To 5.751,Range Of Values,['Reflex Compliance Array Data Point 070'],"['Both males and females 20 YEARS - 69 YEARS', 'Both males and females 6 YEARS - 19 YEARS']",[nan],,
3319,RFXC071,-7.547 To 4.674,Range Of Values,['Reflex Compliance Array Data Point 071'],"['Both males and females 20 YEARS - 69 YEARS', 'Both males and females 6 YEARS - 19 YEARS']",[nan],,
3320,RFXC071,.,Missing,['Reflex Compliance Array Data Point 071'],"['Both males and females 20 YEARS - 69 YEARS', 'Both males and females 6 YEARS - 19 YEARS']",[nan],,
3321,RFXC071,-7.553 To 5.215,Range Of Values,['Reflex Compliance Array Data Point 071'],"['Both males and females 20 YEARS - 69 YEARS', 'Both males and females 6 YEARS - 19 YEARS']",[nan],,
3322,RFXC071,-7.553 To 5.753,Range Of Values,['Reflex Compliance Array Data Point 071'],"['Both males and females 20 YEARS - 69 YEARS', 'Both males and females 6 YEARS - 19 YEARS']",[nan],,
3323,RFXC072,-7.543 To 4.634,Range Of Values,['Reflex Compliance Array Data Point 072'],"['Both males and females 20 YEARS - 69 YEARS', 'Both males and females 6 YEARS - 19 YEARS']",[nan],,
3324,RFXC072,.,Missing,['Reflex Compliance Array Data Point 072'],"['Both males and females 20 YEARS - 69 YEARS', 'Both males and females 6 YEARS - 19 YEARS']",[nan],,
3325,RFXC072,-7.553 To 5.212,Range Of Values,['Reflex Compliance Array Data Point 072'],"['Both males and females 20 YEARS - 69 YEARS', 'Both males and females 6 YEARS - 19 YEARS']",[nan],,
3326,RFXC072,-7.553 To 5.752,Range Of Values,['Reflex Compliance Array Data Point 072'],"['Both males and females 20 YEARS - 69 YEARS', 'Both males and females 6 YEARS - 19 YEARS']",[nan],,
3327,RFXC073,-7.539 To 4.591,Range Of Values,['Reflex Compliance Array Data Point 073'],"['Both males and females 20 YEARS - 69 YEARS', 'Both males and females 6 YEARS - 19 YEARS']",[nan],,
3328,RFXC073,.,Missing,['Reflex Compliance Array Data Point 073'],"['Both males and females 20 YEARS - 69 YEARS', 'Both males and females 6 YEARS - 19 YEARS']",[nan],,
3329,RFXC073,-7.553 To 5.21,Range Of Values,['Reflex Compliance Array Data Point 073'],"['Both males and females 20 YEARS - 69 YEARS', 'Both males and females 6 YEARS - 19 YEARS']",[nan],,
3330,RFXC073,-7.553 To 5.748,Range Of Values,['Reflex Compliance Array Data Point 073'],"['Both males and females 20 YEARS - 69 YEARS', 'Both males and females 6 YEARS - 19 YEARS']",[nan],,
3331,RFXC074,-7.535 To 4.546,Range Of Values,['Reflex Compliance Array Data Point 074'],"['Both males and females 20 YEARS - 69 YEARS', 'Both males and females 6 YEARS - 19 YEARS']",[nan],,
3332,RFXC074,.,Missing,['Reflex Compliance Array Data Point 074'],"['Both males and females 20 YEARS - 69 YEARS', 'Both males and females 6 YEARS - 19 YEARS']",[nan],,
3333,RFXC074,-7.553 To 5.206,Range Of Values,['Reflex Compliance Array Data Point 074'],"['Both males and females 20 YEARS - 69 YEARS', 'Both males and females 6 YEARS - 19 YEARS']",[nan],,
3334,RFXC074,-7.553 To 5.741,Range Of Values,['Reflex Compliance Array Data Point 074'],"['Both males and females 20 YEARS - 69 YEARS', 'Both males and females 6 YEARS - 19 YEARS']",[nan],,
3335,RFXC075,-7.531 To 4.5,Range Of Values,['Reflex Compliance Array Data Point 075'],"['Both males and females 20 YEARS - 69 YEARS', 'Both males and females 6 YEARS - 19 YEARS']",[nan],,
3336,RFXC075,.,Missing,['Reflex Compliance Array Data Point 075'],"['Both males and females 20 YEARS - 69 YEARS', 'Both males and females 6 YEARS - 19 YEARS']",[nan],,
3337,RFXC075,-7.553 To 5.202,Range Of Values,['Reflex Compliance Array Data Point 075'],"['Both males and females 20 YEARS - 69 YEARS', 'Both males and females 6 YEARS - 19 YEARS']",[nan],,
3338,RFXC075,-7.553 To 5.732,Range Of Values,['Reflex Compliance Array Data Point 075'],"['Both males and females 20 YEARS - 69 YEARS', 'Both males and females 6 YEARS - 19 YEARS']",[nan],,
3339,RFXC076,-7.527 To 4.455,Range Of Values,['Reflex Compliance Array Data Point 076'],"['Both males and females 20 YEARS - 69 YEARS', 'Both males and females 6 YEARS - 19 YEARS']",[nan],,
3340,RFXC076,.,Missing,['Reflex Compliance Array Data Point 076'],"['Both males and females 20 YEARS - 69 YEARS', 'Both males and females 6 YEARS - 19 YEARS']",[nan],,
3341,RFXC076,-7.553 To 5.198,Range Of Values,['Reflex Compliance Array Data Point 076'],"['Both males and females 20 YEARS - 69 YEARS', 'Both males and females 6 YEARS - 19 YEARS']",[nan],,
3342,RFXC076,-7.553 To 5.721,Range Of Values,['Reflex Compliance Array Data Point 076'],"['Both males and females 20 YEARS - 69 YEARS', 'Both males and females 6 YEARS - 19 YEARS']",[nan],,
3343,RFXC077,-7.415 To 4.41,Range Of Values,['Reflex Compliance Array Data Point 077'],"['Both males and females 20 YEARS - 69 YEARS', 'Both males and females 6 YEARS - 19 YEARS']",[nan],,
3344,RFXC077,.,Missing,['Reflex Compliance Array Data Point 077'],"['Both males and females 20 YEARS - 69 YEARS', 'Both males and females 6 YEARS - 19 YEARS']",[nan],,
3345,RFXC077,-7.553 To 5.193,Range Of Values,['Reflex Compliance Array Data Point 077'],"['Both males and females 20 YEARS - 69 YEARS', 'Both males and females 6 YEARS - 19 YEARS']",[nan],,
3346,RFXC077,-7.553 To 5.709,Range Of Values,['Reflex Compliance Array Data Point 077'],"['Both males and females 20 YEARS - 69 YEARS', 'Both males and females 6 YEARS - 19 YEARS']",[nan],,
3347,RFXC078,-7.642 To 4.368,Range Of Values,['Reflex Compliance Array Data Point 078'],"['Both males and females 20 YEARS - 69 YEARS', 'Both males and females 6 YEARS - 19 YEARS']",[nan],,
3348,RFXC078,.,Missing,['Reflex Compliance Array Data Point 078'],"['Both males and females 20 YEARS - 69 YEARS', 'Both males and females 6 YEARS - 19 YEARS']",[nan],,
3349,RFXC078,-7.553 To 5.187,Range Of Values,['Reflex Compliance Array Data Point 078'],"['Both males and females 20 YEARS - 69 YEARS', 'Both males and females 6 YEARS - 19 YEARS']",[nan],,
3350,RFXC078,-7.553 To 5.694,Range Of Values,['Reflex Compliance Array Data Point 078'],"['Both males and females 20 YEARS - 69 YEARS', 'Both males and females 6 YEARS - 19 YEARS']",[nan],,
3351,RFXC079,-7.535 To 4.328,Range Of Values,['Reflex Compliance Array Data Point 079'],"['Both males and females 20 YEARS - 69 YEARS', 'Both males and females 6 YEARS - 19 YEARS']",[nan],,
3352,RFXC079,.,Missing,['Reflex Compliance Array Data Point 079'],"['Both males and females 20 YEARS - 69 YEARS', 'Both males and females 6 YEARS - 19 YEARS']",[nan],,
3353,RFXC079,-7.553 To 5.179,Range Of Values,['Reflex Compliance Array Data Point 079'],"['Both males and females 20 YEARS - 69 YEARS', 'Both males and females 6 YEARS - 19 YEARS']",[nan],,
3354,RFXC079,-7.553 To 5.678,Range Of Values,['Reflex Compliance Array Data Point 079'],"['Both males and females 20 YEARS - 69 YEARS', 'Both males and females 6 YEARS - 19 YEARS']",[nan],,
3355,RFXC080,-7.277 To 4.288,Range Of Values,['Reflex Compliance Array Data Point 080'],"['Both males and females 20 YEARS - 69 YEARS', 'Both males and females 6 YEARS - 19 YEARS']",[nan],,
3356,RFXC080,.,Missing,['Reflex Compliance Array Data Point 080'],"['Both males and females 20 YEARS - 69 YEARS', 'Both males and females 6 YEARS - 19 YEARS']",[nan],,
3357,RFXC080,-7.553 To 5.171,Range Of Values,['Reflex Compliance Array Data Point 080'],"['Both males and females 20 YEARS - 69 YEARS', 'Both males and females 6 YEARS - 19 YEARS']",[nan],,
3358,RFXC080,-7.553 To 5.66,Range Of Values,['Reflex Compliance Array Data Point 080'],"['Both males and females 20 YEARS - 69 YEARS', 'Both males and females 6 YEARS - 19 YEARS']",[nan],,
3359,RFXC081,-6.923 To 4.247,Range Of Values,['Reflex Compliance Array Data Point 081'],"['Both males and females 20 YEARS - 69 YEARS', 'Both males and females 6 YEARS - 19 YEARS']",[nan],,
3360,RFXC081,.,Missing,['Reflex Compliance Array Data Point 081'],"['Both males and females 20 YEARS - 69 YEARS', 'Both males and females 6 YEARS - 19 YEARS']",[nan],,
3361,RFXC081,-7.428 To 5.163,Range Of Values,['Reflex Compliance Array Data Point 081'],"['Both males and females 20 YEARS - 69 YEARS', 'Both males and females 6 YEARS - 19 YEARS']",[nan],,
3362,RFXC081,-7.428 To 5.639,Range Of Values,['Reflex Compliance Array Data Point 081'],"['Both males and females 20 YEARS - 69 YEARS', 'Both males and females 6 YEARS - 19 YEARS']",[nan],,
3363,RFXC082,-6.503 To 4.263,Range Of Values,['Reflex Compliance Array Data Point 082'],"['Both males and females 20 YEARS - 69 YEARS', 'Both males and females 6 YEARS - 19 YEARS']",[nan],,
3364,RFXC082,.,Missing,['Reflex Compliance Array Data Point 082'],"['Both males and females 20 YEARS - 69 YEARS', 'Both males and females 6 YEARS - 19 YEARS']",[nan],,
3365,RFXC082,-7.428 To 5.154,Range Of Values,['Reflex Compliance Array Data Point 082'],"['Both males and females 20 YEARS - 69 YEARS', 'Both males and females 6 YEARS - 19 YEARS']",[nan],,
3366,RFXC082,-7.428 To 5.617,Range Of Values,['Reflex Compliance Array Data Point 082'],"['Both males and females 20 YEARS - 69 YEARS', 'Both males and females 6 YEARS - 19 YEARS']",[nan],,
3367,RFXC083,-6.042 To 4.346,Range Of Values,['Reflex Compliance Array Data Point 083'],"['Both males and females 20 YEARS - 69 YEARS', 'Both males and females 6 YEARS - 19 YEARS']",[nan],,
3368,RFXC083,.,Missing,['Reflex Compliance Array Data Point 083'],"['Both males and females 20 YEARS - 69 YEARS', 'Both males and females 6 YEARS - 19 YEARS']",[nan],,
3369,RFXC083,-7.428 To 5.144,Range Of Values,['Reflex Compliance Array Data Point 083'],"['Both males and females 20 YEARS - 69 YEARS', 'Both males and females 6 YEARS - 19 YEARS']",[nan],,
3370,RFXC083,-7.428 To 5.594,Range Of Values,['Reflex Compliance Array Data Point 083'],"['Both males and females 20 YEARS - 69 YEARS', 'Both males and females 6 YEARS - 19 YEARS']",[nan],,
3371,RFXC084,-5.638 To 4.423,Range Of Values,['Reflex Compliance Array Data Point 084'],"['Both males and females 20 YEARS - 69 YEARS', 'Both males and females 6 YEARS - 19 YEARS']",[nan],,
3372,RFXC084,.,Missing,['Reflex Compliance Array Data Point 084'],"['Both males and females 20 YEARS - 69 YEARS', 'Both males and females 6 YEARS - 19 YEARS']",[nan],,
3373,RFXC084,-7.428 To 5.134,Range Of Values,['Reflex Compliance Array Data Point 084'],"['Both males and females 20 YEARS - 69 YEARS', 'Both males and females 6 YEARS - 19 YEARS']",[nan],,
3374,RFXC084,-7.428 To 5.57,Range Of Values,['Reflex Compliance Array Data Point 084'],"['Both males and females 20 YEARS - 69 YEARS', 'Both males and females 6 YEARS - 19 YEARS']",[nan],,
3375,RFXC085,-6.266 To 4.487,Range Of Values,['Reflex Compliance Array Data Point 085'],"['Both males and females 20 YEARS - 69 YEARS', 'Both males and females 6 YEARS - 19 YEARS']",[nan],,
3376,RFXC085,.,Missing,['Reflex Compliance Array Data Point 085'],"['Both males and females 20 YEARS - 69 YEARS', 'Both males and females 6 YEARS - 19 YEARS']",[nan],,
3377,RFXC085,-7.428 To 5.124,Range Of Values,['Reflex Compliance Array Data Point 085'],"['Both males and females 20 YEARS - 69 YEARS', 'Both males and females 6 YEARS - 19 YEARS']",[nan],,
3378,RFXC085,-7.428 To 5.545,Range Of Values,['Reflex Compliance Array Data Point 085'],"['Both males and females 20 YEARS - 69 YEARS', 'Both males and females 6 YEARS - 19 YEARS']",[nan],,
3379,RFXC086,-7.25 To 4.53,Range Of Values,['Reflex Compliance Array Data Point 086'],"['Both males and females 20 YEARS - 69 YEARS', 'Both males and females 6 YEARS - 19 YEARS']",[nan],,
3380,RFXC086,.,Missing,['Reflex Compliance Array Data Point 086'],"['Both males and females 20 YEARS - 69 YEARS', 'Both males and females 6 YEARS - 19 YEARS']",[nan],,
3381,RFXC086,-7.428 To 5.109,Range Of Values,['Reflex Compliance Array Data Point 086'],"['Both males and females 20 YEARS - 69 YEARS', 'Both males and females 6 YEARS - 19 YEARS']",[nan],,
3382,RFXC086,-7.428 To 5.521,Range Of Values,['Reflex Compliance Array Data Point 086'],"['Both males and females 20 YEARS - 69 YEARS', 'Both males and females 6 YEARS - 19 YEARS']",[nan],,
3383,RFXC087,-7.575 To 4.556,Range Of Values,['Reflex Compliance Array Data Point 087'],"['Both males and females 20 YEARS - 69 YEARS', 'Both males and females 6 YEARS - 19 YEARS']",[nan],,
3384,RFXC087,.,Missing,['Reflex Compliance Array Data Point 087'],"['Both males and females 20 YEARS - 69 YEARS', 'Both males and females 6 YEARS - 19 YEARS']",[nan],,
3385,RFXC087,-7.686 To 5.115,Range Of Values,['Reflex Compliance Array Data Point 087'],"['Both males and females 20 YEARS - 69 YEARS', 'Both males and females 6 YEARS - 19 YEARS']",[nan],,
3386,RFXC087,-7.686 To 5.495,Range Of Values,['Reflex Compliance Array Data Point 087'],"['Both males and females 20 YEARS - 69 YEARS', 'Both males and females 6 YEARS - 19 YEARS']",[nan],,
3387,RFXC088,-7.828 To 4.57,Range Of Values,['Reflex Compliance Array Data Point 088'],"['Both males and females 20 YEARS - 69 YEARS', 'Both males and females 6 YEARS - 19 YEARS']",[nan],,
3388,RFXC088,.,Missing,['Reflex Compliance Array Data Point 088'],"['Both males and females 20 YEARS - 69 YEARS', 'Both males and females 6 YEARS - 19 YEARS']",[nan],,
3389,RFXC088,-7.686 To 5.204,Range Of Values,['Reflex Compliance Array Data Point 088'],"['Both males and females 20 YEARS - 69 YEARS', 'Both males and females 6 YEARS - 19 YEARS']",[nan],,
3390,RFXC088,-7.686 To 5.47,Range Of Values,['Reflex Compliance Array Data Point 088'],"['Both males and females 20 YEARS - 69 YEARS', 'Both males and females 6 YEARS - 19 YEARS']",[nan],,
3391,RFXC089,-8.01 To 4.569,Range Of Values,['Reflex Compliance Array Data Point 089'],"['Both males and females 20 YEARS - 69 YEARS', 'Both males and females 6 YEARS - 19 YEARS']",[nan],,
3392,RFXC089,.,Missing,['Reflex Compliance Array Data Point 089'],"['Both males and females 20 YEARS - 69 YEARS', 'Both males and females 6 YEARS - 19 YEARS']",[nan],,
3393,RFXC089,-7.686 To 5.308,Range Of Values,['Reflex Compliance Array Data Point 089'],"['Both males and females 20 YEARS - 69 YEARS', 'Both males and females 6 YEARS - 19 YEARS']",[nan],,
3394,RFXC089,-7.686 To 5.445,Range Of Values,['Reflex Compliance Array Data Point 089'],"['Both males and females 20 YEARS - 69 YEARS', 'Both males and females 6 YEARS - 19 YEARS']",[nan],,
3395,RFXC090,-8.009 To 4.558,Range Of Values,['Reflex Compliance Array Data Point 090'],"['Both males and females 20 YEARS - 69 YEARS', 'Both males and females 6 YEARS - 19 YEARS']",[nan],,
3396,RFXC090,.,Missing,['Reflex Compliance Array Data Point 090'],"['Both males and females 20 YEARS - 69 YEARS', 'Both males and females 6 YEARS - 19 YEARS']",[nan],,
3397,RFXC090,-7.524 To 5.473,Range Of Values,['Reflex Compliance Array Data Point 090'],"['Both males and females 20 YEARS - 69 YEARS', 'Both males and females 6 YEARS - 19 YEARS']",[nan],,
3398,RFXC091,-7.561 To 4.545,Range Of Values,['Reflex Compliance Array Data Point 091'],"['Both males and females 20 YEARS - 69 YEARS', 'Both males and females 6 YEARS - 19 YEARS']",[nan],,
3399,RFXC091,.,Missing,['Reflex Compliance Array Data Point 091'],"['Both males and females 20 YEARS - 69 YEARS', 'Both males and females 6 YEARS - 19 YEARS']",[nan],,
3400,RFXC091,-7.428 To 5.647,Range Of Values,['Reflex Compliance Array Data Point 091'],"['Both males and females 20 YEARS - 69 YEARS', 'Both males and females 6 YEARS - 19 YEARS']",[nan],,
3401,RFXC092,-6.888 To 4.532,Range Of Values,['Reflex Compliance Array Data Point 092'],"['Both males and females 20 YEARS - 69 YEARS', 'Both males and females 6 YEARS - 19 YEARS']",[nan],,
3402,RFXC092,.,Missing,['Reflex Compliance Array Data Point 092'],"['Both males and females 20 YEARS - 69 YEARS', 'Both males and females 6 YEARS - 19 YEARS']",[nan],,
3403,RFXC092,-7.428 To 5.708,Range Of Values,['Reflex Compliance Array Data Point 092'],"['Both males and females 20 YEARS - 69 YEARS', 'Both males and females 6 YEARS - 19 YEARS']",[nan],,
3404,RFXC093,-6.135 To 4.52,Range Of Values,['Reflex Compliance Array Data Point 093'],"['Both males and females 20 YEARS - 69 YEARS', 'Both males and females 6 YEARS - 19 YEARS']",[nan],,
3405,RFXC093,.,Missing,['Reflex Compliance Array Data Point 093'],"['Both males and females 20 YEARS - 69 YEARS', 'Both males and females 6 YEARS - 19 YEARS']",[nan],,
3406,RFXC093,-7.428 To 5.646,Range Of Values,['Reflex Compliance Array Data Point 093'],"['Both males and females 20 YEARS - 69 YEARS', 'Both males and females 6 YEARS - 19 YEARS']",[nan],,
3407,RFXC094,-5.548 To 4.516,Range Of Values,['Reflex Compliance Array Data Point 094'],"['Both males and females 20 YEARS - 69 YEARS', 'Both males and females 6 YEARS - 19 YEARS']",[nan],,
3408,RFXC094,.,Missing,['Reflex Compliance Array Data Point 094'],"['Both males and females 20 YEARS - 69 YEARS', 'Both males and females 6 YEARS - 19 YEARS']",[nan],,
3409,RFXC094,-7.428 To 5.072,Range Of Values,['Reflex Compliance Array Data Point 094'],"['Both males and females 20 YEARS - 69 YEARS', 'Both males and females 6 YEARS - 19 YEARS']",[nan],,
3410,RFXC094,-7.428 To 5.326,Range Of Values,['Reflex Compliance Array Data Point 094'],"['Both males and females 20 YEARS - 69 YEARS', 'Both males and females 6 YEARS - 19 YEARS']",[nan],,
3411,RFXC095,-6.218 To 4.552,Range Of Values,['Reflex Compliance Array Data Point 095'],"['Both males and females 20 YEARS - 69 YEARS', 'Both males and females 6 YEARS - 19 YEARS']",[nan],,
3412,RFXC095,.,Missing,['Reflex Compliance Array Data Point 095'],"['Both males and females 20 YEARS - 69 YEARS', 'Both males and females 6 YEARS - 19 YEARS']",[nan],,
3413,RFXC095,-7.428 To 5.07,Range Of Values,['Reflex Compliance Array Data Point 095'],"['Both males and females 20 YEARS - 69 YEARS', 'Both males and females 6 YEARS - 19 YEARS']",[nan],,
3414,RFXC095,-7.428 To 5.301,Range Of Values,['Reflex Compliance Array Data Point 095'],"['Both males and females 20 YEARS - 69 YEARS', 'Both males and females 6 YEARS - 19 YEARS']",[nan],,
3415,RFXC096,-6.842 To 4.612,Range Of Values,['Reflex Compliance Array Data Point 096'],"['Both males and females 20 YEARS - 69 YEARS', 'Both males and females 6 YEARS - 19 YEARS']",[nan],,
3416,RFXC096,.,Missing,['Reflex Compliance Array Data Point 096'],"['Both males and females 20 YEARS - 69 YEARS', 'Both males and females 6 YEARS - 19 YEARS']",[nan],,
3417,RFXC096,-5.311 To 5.056,Range Of Values,['Reflex Compliance Array Data Point 096'],"['Both males and females 20 YEARS - 69 YEARS', 'Both males and females 6 YEARS - 19 YEARS']",[nan],,
3418,RFXC096,-7.46 To 5.275,Range Of Values,['Reflex Compliance Array Data Point 096'],"['Both males and females 20 YEARS - 69 YEARS', 'Both males and females 6 YEARS - 19 YEARS']",[nan],,
3419,RFXC097,-7.362 To 4.675,Range Of Values,['Reflex Compliance Array Data Point 097'],"['Both males and females 20 YEARS - 69 YEARS', 'Both males and females 6 YEARS - 19 YEARS']",[nan],,
3420,RFXC097,.,Missing,['Reflex Compliance Array Data Point 097'],"['Both males and females 20 YEARS - 69 YEARS', 'Both males and females 6 YEARS - 19 YEARS']",[nan],,
3421,RFXC097,-5.212 To 5.018,Range Of Values,['Reflex Compliance Array Data Point 097'],"['Both males and females 20 YEARS - 69 YEARS', 'Both males and females 6 YEARS - 19 YEARS']",[nan],,
3422,RFXC097,-7.46 To 5.247,Range Of Values,['Reflex Compliance Array Data Point 097'],"['Both males and females 20 YEARS - 69 YEARS', 'Both males and females 6 YEARS - 19 YEARS']",[nan],,
3423,RFXC098,-7.654 To 4.74,Range Of Values,['Reflex Compliance Array Data Point 098'],"['Both males and females 20 YEARS - 69 YEARS', 'Both males and females 6 YEARS - 19 YEARS']",[nan],,
3424,RFXC098,.,Missing,['Reflex Compliance Array Data Point 098'],"['Both males and females 20 YEARS - 69 YEARS', 'Both males and females 6 YEARS - 19 YEARS']",[nan],,
3425,RFXC098,-5.175 To 4.941,Range Of Values,['Reflex Compliance Array Data Point 098'],"['Both males and females 20 YEARS - 69 YEARS', 'Both males and females 6 YEARS - 19 YEARS']",[nan],,
3426,RFXC098,-7.46 To 5.218,Range Of Values,['Reflex Compliance Array Data Point 098'],"['Both males and females 20 YEARS - 69 YEARS', 'Both males and females 6 YEARS - 19 YEARS']",[nan],,
3427,RFXC099,-7.653 To 4.829,Range Of Values,['Reflex Compliance Array Data Point 099'],"['Both males and females 20 YEARS - 69 YEARS', 'Both males and females 6 YEARS - 19 YEARS']",[nan],,
3428,RFXC099,.,Missing,['Reflex Compliance Array Data Point 099'],"['Both males and females 20 YEARS - 69 YEARS', 'Both males and females 6 YEARS - 19 YEARS']",[nan],,
3429,RFXC099,-5.963 To 4.802,Range Of Values,['Reflex Compliance Array Data Point 099'],"['Both males and females 20 YEARS - 69 YEARS', 'Both males and females 6 YEARS - 19 YEARS']",[nan],,
3430,RFXC099,-7.46 To 5.189,Range Of Values,['Reflex Compliance Array Data Point 099'],"['Both males and females 20 YEARS - 69 YEARS', 'Both males and females 6 YEARS - 19 YEARS']",[nan],,
3431,RFXC100,-7.652 To 4.913,Range Of Values,['Reflex Compliance Array Data Point 100'],"['Both males and females 20 YEARS - 69 YEARS', 'Both males and females 6 YEARS - 19 YEARS']",[nan],,
3432,RFXC100,.,Missing,['Reflex Compliance Array Data Point 100'],"['Both males and females 20 YEARS - 69 YEARS', 'Both males and females 6 YEARS - 19 YEARS']",[nan],,
3433,RFXC100,-6.78 To 4.841,Range Of Values,['Reflex Compliance Array Data Point 100'],"['Both males and females 20 YEARS - 69 YEARS', 'Both males and females 6 YEARS - 19 YEARS']",[nan],,
3434,RFXC100,-7.46 To 5.158,Range Of Values,['Reflex Compliance Array Data Point 100'],"['Both males and females 20 YEARS - 69 YEARS', 'Both males and females 6 YEARS - 19 YEARS']",[nan],,
3435,RFXC101,-7.651 To 4.994,Range Of Values,['Reflex Compliance Array Data Point 101'],"['Both males and females 20 YEARS - 69 YEARS', 'Both males and females 6 YEARS - 19 YEARS']",[nan],,
3436,RFXC101,.,Missing,['Reflex Compliance Array Data Point 101'],"['Both males and females 20 YEARS - 69 YEARS', 'Both males and females 6 YEARS - 19 YEARS']",[nan],,
3437,RFXC101,-7.379 To 4.92,Range Of Values,['Reflex Compliance Array Data Point 101'],"['Both males and females 20 YEARS - 69 YEARS', 'Both males and females 6 YEARS - 19 YEARS']",[nan],,
3438,RFXC101,-7.46 To 5.126,Range Of Values,['Reflex Compliance Array Data Point 101'],"['Both males and females 20 YEARS - 69 YEARS', 'Both males and females 6 YEARS - 19 YEARS']",[nan],,
3439,RFXC102,-7.65 To 5.067,Range Of Values,['Reflex Compliance Array Data Point 102'],"['Both males and females 20 YEARS - 69 YEARS', 'Both males and females 6 YEARS - 19 YEARS']",[nan],,
3440,RFXC102,.,Missing,['Reflex Compliance Array Data Point 102'],"['Both males and females 20 YEARS - 69 YEARS', 'Both males and females 6 YEARS - 19 YEARS']",[nan],,
3441,RFXC102,-7.379 To 4.982,Range Of Values,['Reflex Compliance Array Data Point 102'],"['Both males and females 20 YEARS - 69 YEARS', 'Both males and females 6 YEARS - 19 YEARS']",[nan],,
3442,RFXC102,-7.46 To 5.093,Range Of Values,['Reflex Compliance Array Data Point 102'],"['Both males and females 20 YEARS - 69 YEARS', 'Both males and females 6 YEARS - 19 YEARS']",[nan],,
3443,RFXC103,-7.648 To 5.134,Range Of Values,['Reflex Compliance Array Data Point 103'],"['Both males and females 20 YEARS - 69 YEARS', 'Both males and females 6 YEARS - 19 YEARS']",[nan],,
3444,RFXC103,.,Missing,['Reflex Compliance Array Data Point 103'],"['Both males and females 20 YEARS - 69 YEARS', 'Both males and females 6 YEARS - 19 YEARS']",[nan],,
3445,RFXC103,-7.379 To 5.038,Range Of Values,['Reflex Compliance Array Data Point 103'],"['Both males and females 20 YEARS - 69 YEARS', 'Both males and females 6 YEARS - 19 YEARS']",[nan],,
3446,RFXC103,-7.46 To 5.059,Range Of Values,['Reflex Compliance Array Data Point 103'],"['Both males and females 20 YEARS - 69 YEARS', 'Both males and females 6 YEARS - 19 YEARS']",[nan],,
3447,RFXC104,-7.647 To 5.194,Range Of Values,['Reflex Compliance Array Data Point 104'],"['Both males and females 20 YEARS - 69 YEARS', 'Both males and females 6 YEARS - 19 YEARS']",[nan],,
3448,RFXC104,.,Missing,['Reflex Compliance Array Data Point 104'],"['Both males and females 20 YEARS - 69 YEARS', 'Both males and females 6 YEARS - 19 YEARS']",[nan],,
3449,RFXC104,-7.379 To 5.139,Range Of Values,['Reflex Compliance Array Data Point 104'],"['Both males and females 20 YEARS - 69 YEARS', 'Both males and females 6 YEARS - 19 YEARS']",[nan],,
3450,RFXC104,-7.46 To 5.139,Range Of Values,['Reflex Compliance Array Data Point 104'],"['Both males and females 20 YEARS - 69 YEARS', 'Both males and females 6 YEARS - 19 YEARS']",[nan],,
3451,RFXC105,-7.646 To 5.249,Range Of Values,['Reflex Compliance Array Data Point 105'],"['Both males and females 20 YEARS - 69 YEARS', 'Both males and females 6 YEARS - 19 YEARS']",[nan],,
3452,RFXC105,.,Missing,['Reflex Compliance Array Data Point 105'],"['Both males and females 20 YEARS - 69 YEARS', 'Both males and females 6 YEARS - 19 YEARS']",[nan],,
3453,RFXC105,-7.379 To 5.169,Range Of Values,['Reflex Compliance Array Data Point 105'],"['Both males and females 20 YEARS - 69 YEARS', 'Both males and females 6 YEARS - 19 YEARS']",[nan],,
3454,RFXC105,-7.46 To 5.169,Range Of Values,['Reflex Compliance Array Data Point 105'],"['Both males and females 20 YEARS - 69 YEARS', 'Both males and females 6 YEARS - 19 YEARS']",[nan],,
3455,RFXC106,-8.089 To 5.3,Range Of Values,['Reflex Compliance Array Data Point 106'],"['Both males and females 20 YEARS - 69 YEARS', 'Both males and females 6 YEARS - 19 YEARS']",[nan],,
3456,RFXC106,.,Missing,['Reflex Compliance Array Data Point 106'],"['Both males and females 20 YEARS - 69 YEARS', 'Both males and females 6 YEARS - 19 YEARS']",[nan],,
3457,RFXC106,-7.379 To 5.198,Range Of Values,['Reflex Compliance Array Data Point 106'],"['Both males and females 20 YEARS - 69 YEARS', 'Both males and females 6 YEARS - 19 YEARS']",[nan],,
3458,RFXC106,-7.46 To 5.198,Range Of Values,['Reflex Compliance Array Data Point 106'],"['Both males and females 20 YEARS - 69 YEARS', 'Both males and females 6 YEARS - 19 YEARS']",[nan],,
3459,RFXC107,-8.089 To 5.349,Range Of Values,['Reflex Compliance Array Data Point 107'],"['Both males and females 20 YEARS - 69 YEARS', 'Both males and females 6 YEARS - 19 YEARS']",[nan],,
3460,RFXC107,.,Missing,['Reflex Compliance Array Data Point 107'],"['Both males and females 20 YEARS - 69 YEARS', 'Both males and females 6 YEARS - 19 YEARS']",[nan],,
3461,RFXC107,-7.379 To 5.253,Range Of Values,['Reflex Compliance Array Data Point 107'],"['Both males and females 20 YEARS - 69 YEARS', 'Both males and females 6 YEARS - 19 YEARS']",[nan],,
3462,RFXC107,-7.46 To 5.253,Range Of Values,['Reflex Compliance Array Data Point 107'],"['Both males and females 20 YEARS - 69 YEARS', 'Both males and females 6 YEARS - 19 YEARS']",[nan],,
3463,RFXC108,-7.691 To 5.399,Range Of Values,['Reflex Compliance Array Data Point 108'],"['Both males and females 20 YEARS - 69 YEARS', 'Both males and females 6 YEARS - 19 YEARS']",[nan],,
3464,RFXC108,.,Missing,['Reflex Compliance Array Data Point 108'],"['Both males and females 20 YEARS - 69 YEARS', 'Both males and females 6 YEARS - 19 YEARS']",[nan],,
3465,RFXC108,-7.379 To 5.312,Range Of Values,['Reflex Compliance Array Data Point 108'],"['Both males and females 20 YEARS - 69 YEARS', 'Both males and females 6 YEARS - 19 YEARS']",[nan],,
3466,RFXC108,-7.46 To 5.312,Range Of Values,['Reflex Compliance Array Data Point 108'],"['Both males and females 20 YEARS - 69 YEARS', 'Both males and females 6 YEARS - 19 YEARS']",[nan],,
3467,RFXC109,-7.493 To 5.448,Range Of Values,['Reflex Compliance Array Data Point 109'],"['Both males and females 20 YEARS - 69 YEARS', 'Both males and females 6 YEARS - 19 YEARS']",[nan],,
3468,RFXC109,.,Missing,['Reflex Compliance Array Data Point 109'],"['Both males and females 20 YEARS - 69 YEARS', 'Both males and females 6 YEARS - 19 YEARS']",[nan],,
3469,RFXC109,-7.379 To 5.37,Range Of Values,['Reflex Compliance Array Data Point 109'],"['Both males and females 20 YEARS - 69 YEARS', 'Both males and females 6 YEARS - 19 YEARS']",[nan],,
3470,RFXC109,-7.46 To 5.37,Range Of Values,['Reflex Compliance Array Data Point 109'],"['Both males and females 20 YEARS - 69 YEARS', 'Both males and females 6 YEARS - 19 YEARS']",[nan],,
3471,RFXC110,-7.282 To 5.493,Range Of Values,['Reflex Compliance Array Data Point 110'],"['Both males and females 20 YEARS - 69 YEARS', 'Both males and females 6 YEARS - 19 YEARS']",[nan],,
3472,RFXC110,.,Missing,['Reflex Compliance Array Data Point 110'],"['Both males and females 20 YEARS - 69 YEARS', 'Both males and females 6 YEARS - 19 YEARS']",[nan],,
3473,RFXC110,-7.379 To 5.43,Range Of Values,['Reflex Compliance Array Data Point 110'],"['Both males and females 20 YEARS - 69 YEARS', 'Both males and females 6 YEARS - 19 YEARS']",[nan],,
3474,RFXC110,-7.46 To 5.43,Range Of Values,['Reflex Compliance Array Data Point 110'],"['Both males and females 20 YEARS - 69 YEARS', 'Both males and females 6 YEARS - 19 YEARS']",[nan],,
3475,RFXC111,-7.017 To 5.535,Range Of Values,['Reflex Compliance Array Data Point 111'],"['Both males and females 20 YEARS - 69 YEARS', 'Both males and females 6 YEARS - 19 YEARS']",[nan],,
3476,RFXC111,.,Missing,['Reflex Compliance Array Data Point 111'],"['Both males and females 20 YEARS - 69 YEARS', 'Both males and females 6 YEARS - 19 YEARS']",[nan],,
3477,RFXC111,-7.379 To 5.489,Range Of Values,['Reflex Compliance Array Data Point 111'],"['Both males and females 20 YEARS - 69 YEARS', 'Both males and females 6 YEARS - 19 YEARS']",[nan],,
3478,RFXC111,-7.46 To 5.489,Range Of Values,['Reflex Compliance Array Data Point 111'],"['Both males and females 20 YEARS - 69 YEARS', 'Both males and females 6 YEARS - 19 YEARS']",[nan],,
3479,RFXC112,-6.709 To 5.575,Range Of Values,['Reflex Compliance Array Data Point 112'],"['Both males and females 20 YEARS - 69 YEARS', 'Both males and females 6 YEARS - 19 YEARS']",[nan],,
3480,RFXC112,.,Missing,['Reflex Compliance Array Data Point 112'],"['Both males and females 20 YEARS - 69 YEARS', 'Both males and females 6 YEARS - 19 YEARS']",[nan],,
3481,RFXC112,-7.379 To 5.544,Range Of Values,['Reflex Compliance Array Data Point 112'],"['Both males and females 20 YEARS - 69 YEARS', 'Both males and females 6 YEARS - 19 YEARS']",[nan],,
3482,RFXC112,-7.46 To 5.544,Range Of Values,['Reflex Compliance Array Data Point 112'],"['Both males and females 20 YEARS - 69 YEARS', 'Both males and females 6 YEARS - 19 YEARS']",[nan],,
3483,RFXC113,-6.363 To 5.604,Range Of Values,['Reflex Compliance Array Data Point 113'],"['Both males and females 20 YEARS - 69 YEARS', 'Both males and females 6 YEARS - 19 YEARS']",[nan],,
3484,RFXC113,.,Missing,['Reflex Compliance Array Data Point 113'],"['Both males and females 20 YEARS - 69 YEARS', 'Both males and females 6 YEARS - 19 YEARS']",[nan],,
3485,RFXC113,-7.379 To 5.598,Range Of Values,['Reflex Compliance Array Data Point 113'],"['Both males and females 20 YEARS - 69 YEARS', 'Both males and females 6 YEARS - 19 YEARS']",[nan],,
3486,RFXC113,-7.46 To 5.598,Range Of Values,['Reflex Compliance Array Data Point 113'],"['Both males and females 20 YEARS - 69 YEARS', 'Both males and females 6 YEARS - 19 YEARS']",[nan],,
3487,RFXC114,-5.986 To 5.61,Range Of Values,['Reflex Compliance Array Data Point 114'],"['Both males and females 20 YEARS - 69 YEARS', 'Both males and females 6 YEARS - 19 YEARS']",[nan],,
3488,RFXC114,.,Missing,['Reflex Compliance Array Data Point 114'],"['Both males and females 20 YEARS - 69 YEARS', 'Both males and females 6 YEARS - 19 YEARS']",[nan],,
3489,RFXC114,-7.555 To 5.648,Range Of Values,['Reflex Compliance Array Data Point 114'],"['Both males and females 20 YEARS - 69 YEARS', 'Both males and females 6 YEARS - 19 YEARS']",[nan],,
3490,RFXC115,-5.607 To 5.581,Range Of Values,['Reflex Compliance Array Data Point 115'],"['Both males and females 20 YEARS - 69 YEARS', 'Both males and females 6 YEARS - 19 YEARS']",[nan],,
3491,RFXC115,.,Missing,['Reflex Compliance Array Data Point 115'],"['Both males and females 20 YEARS - 69 YEARS', 'Both males and females 6 YEARS - 19 YEARS']",[nan],,
3492,RFXC115,-7.555 To 5.694,Range Of Values,['Reflex Compliance Array Data Point 115'],"['Both males and females 20 YEARS - 69 YEARS', 'Both males and females 6 YEARS - 19 YEARS']",[nan],,
3493,RFXC116,-5.618 To 5.55,Range Of Values,['Reflex Compliance Array Data Point 116'],"['Both males and females 20 YEARS - 69 YEARS', 'Both males and females 6 YEARS - 19 YEARS']",[nan],,
3494,RFXC116,.,Missing,['Reflex Compliance Array Data Point 116'],"['Both males and females 20 YEARS - 69 YEARS', 'Both males and females 6 YEARS - 19 YEARS']",[nan],,
3495,RFXC116,-7.555 To 5.736,Range Of Values,['Reflex Compliance Array Data Point 116'],"['Both males and females 20 YEARS - 69 YEARS', 'Both males and females 6 YEARS - 19 YEARS']",[nan],,
3496,RFXC117,-5.406 To 5.552,Range Of Values,['Reflex Compliance Array Data Point 117'],"['Both males and females 20 YEARS - 69 YEARS', 'Both males and females 6 YEARS - 19 YEARS']",[nan],,
3497,RFXC117,.,Missing,['Reflex Compliance Array Data Point 117'],"['Both males and females 20 YEARS - 69 YEARS', 'Both males and females 6 YEARS - 19 YEARS']",[nan],,
3498,RFXC117,-7.555 To 5.769,Range Of Values,['Reflex Compliance Array Data Point 117'],"['Both males and females 20 YEARS - 69 YEARS', 'Both males and females 6 YEARS - 19 YEARS']",[nan],,
3499,RFXC118,-4.878 To 5.664,Range Of Values,['Reflex Compliance Array Data Point 118'],"['Both males and females 20 YEARS - 69 YEARS', 'Both males and females 6 YEARS - 19 YEARS']",[nan],,
3500,RFXC118,.,Missing,['Reflex Compliance Array Data Point 118'],"['Both males and females 20 YEARS - 69 YEARS', 'Both males and females 6 YEARS - 19 YEARS']",[nan],,
3501,RFXC118,-7.555 To 5.789,Range Of Values,['Reflex Compliance Array Data Point 118'],"['Both males and females 20 YEARS - 69 YEARS', 'Both males and females 6 YEARS - 19 YEARS']",[nan],,
3502,RFXC119,-4.398 To 5.791,Range Of Values,['Reflex Compliance Array Data Point 119'],"['Both males and females 20 YEARS - 69 YEARS', 'Both males and females 6 YEARS - 19 YEARS']",[nan],,
3503,RFXC119,.,Missing,['Reflex Compliance Array Data Point 119'],"['Both males and females 20 YEARS - 69 YEARS', 'Both males and females 6 YEARS - 19 YEARS']",[nan],,
3504,RFXC119,-7.555 To 5.787,Range Of Values,['Reflex Compliance Array Data Point 119'],"['Both males and females 20 YEARS - 69 YEARS', 'Both males and females 6 YEARS - 19 YEARS']",[nan],,
3505,RFXC120,-4.022 To 5.927,Range Of Values,['Reflex Compliance Array Data Point 120'],"['Both males and females 20 YEARS - 69 YEARS', 'Both males and females 6 YEARS - 19 YEARS']",[nan],,
3506,RFXC120,.,Missing,['Reflex Compliance Array Data Point 120'],"['Both males and females 20 YEARS - 69 YEARS', 'Both males and females 6 YEARS - 19 YEARS']",[nan],,
3507,RFXC120,-7.555 To 5.753,Range Of Values,['Reflex Compliance Array Data Point 120'],"['Both males and females 20 YEARS - 69 YEARS', 'Both males and females 6 YEARS - 19 YEARS']",[nan],,
3508,RFXC121,-3.913 To 6.064,Range Of Values,['Reflex Compliance Array Data Point 121'],"['Both males and females 20 YEARS - 69 YEARS', 'Both males and females 6 YEARS - 19 YEARS']",[nan],,
3509,RFXC121,.,Missing,['Reflex Compliance Array Data Point 121'],"['Both males and females 20 YEARS - 69 YEARS', 'Both males and females 6 YEARS - 19 YEARS']",[nan],,
3510,RFXC121,-4.043 To 5.67,Range Of Values,['Reflex Compliance Array Data Point 121'],"['Both males and females 20 YEARS - 69 YEARS', 'Both males and females 6 YEARS - 19 YEARS']",[nan],,
3511,RFXC121,-7.46 To 5.67,Range Of Values,['Reflex Compliance Array Data Point 121'],"['Both males and females 20 YEARS - 69 YEARS', 'Both males and females 6 YEARS - 19 YEARS']",[nan],,
3512,RFXC122,-4.059 To 6.199,Range Of Values,['Reflex Compliance Array Data Point 122'],"['Both males and females 20 YEARS - 69 YEARS', 'Both males and females 6 YEARS - 19 YEARS']",[nan],,
3513,RFXC122,.,Missing,['Reflex Compliance Array Data Point 122'],"['Both males and females 20 YEARS - 69 YEARS', 'Both males and females 6 YEARS - 19 YEARS']",[nan],,
3514,RFXC122,-3.747 To 5.504,Range Of Values,['Reflex Compliance Array Data Point 122'],"['Both males and females 20 YEARS - 69 YEARS', 'Both males and females 6 YEARS - 19 YEARS']",[nan],,
3515,RFXC122,-7.46 To 5.504,Range Of Values,['Reflex Compliance Array Data Point 122'],"['Both males and females 20 YEARS - 69 YEARS', 'Both males and females 6 YEARS - 19 YEARS']",[nan],,
3516,RFXC123,-4.394 To 6.325,Range Of Values,['Reflex Compliance Array Data Point 123'],"['Both males and females 20 YEARS - 69 YEARS', 'Both males and females 6 YEARS - 19 YEARS']",[nan],,
3517,RFXC123,.,Missing,['Reflex Compliance Array Data Point 123'],"['Both males and females 20 YEARS - 69 YEARS', 'Both males and females 6 YEARS - 19 YEARS']",[nan],,
3518,RFXC123,-3.833 To 5.4,Range Of Values,['Reflex Compliance Array Data Point 123'],"['Both males and females 20 YEARS - 69 YEARS', 'Both males and females 6 YEARS - 19 YEARS']",[nan],,
3519,RFXC123,-7.46 To 5.4,Range Of Values,['Reflex Compliance Array Data Point 123'],"['Both males and females 20 YEARS - 69 YEARS', 'Both males and females 6 YEARS - 19 YEARS']",[nan],,
3520,RFXC124,-4.855 To 6.432,Range Of Values,['Reflex Compliance Array Data Point 124'],"['Both males and females 20 YEARS - 69 YEARS', 'Both males and females 6 YEARS - 19 YEARS']",[nan],,
3521,RFXC124,.,Missing,['Reflex Compliance Array Data Point 124'],"['Both males and females 20 YEARS - 69 YEARS', 'Both males and females 6 YEARS - 19 YEARS']",[nan],,
3522,RFXC124,-3.925 To 5.8,Range Of Values,['Reflex Compliance Array Data Point 124'],"['Both males and females 20 YEARS - 69 YEARS', 'Both males and females 6 YEARS - 19 YEARS']",[nan],,
3523,RFXC124,-7.46 To 5.8,Range Of Values,['Reflex Compliance Array Data Point 124'],"['Both males and females 20 YEARS - 69 YEARS', 'Both males and females 6 YEARS - 19 YEARS']",[nan],,
3524,RFXC125,-5.323 To 6.505,Range Of Values,['Reflex Compliance Array Data Point 125'],"['Both males and females 20 YEARS - 69 YEARS', 'Both males and females 6 YEARS - 19 YEARS']",[nan],,
3525,RFXC125,.,Missing,['Reflex Compliance Array Data Point 125'],"['Both males and females 20 YEARS - 69 YEARS', 'Both males and females 6 YEARS - 19 YEARS']",[nan],,
3526,RFXC125,-4.185 To 5.948,Range Of Values,['Reflex Compliance Array Data Point 125'],"['Both males and females 20 YEARS - 69 YEARS', 'Both males and females 6 YEARS - 19 YEARS']",[nan],,
3527,RFXC125,-7.46 To 5.948,Range Of Values,['Reflex Compliance Array Data Point 125'],"['Both males and females 20 YEARS - 69 YEARS', 'Both males and females 6 YEARS - 19 YEARS']",[nan],,
3528,RFXC126,-5.858 To 6.539,Range Of Values,['Reflex Compliance Array Data Point 126'],"['Both males and females 20 YEARS - 69 YEARS', 'Both males and females 6 YEARS - 19 YEARS']",[nan],,
3529,RFXC126,.,Missing,['Reflex Compliance Array Data Point 126'],"['Both males and females 20 YEARS - 69 YEARS', 'Both males and females 6 YEARS - 19 YEARS']",[nan],,
3530,RFXC126,-4.707 To 6.069,Range Of Values,['Reflex Compliance Array Data Point 126'],"['Both males and females 20 YEARS - 69 YEARS', 'Both males and females 6 YEARS - 19 YEARS']",[nan],,
3531,RFXC126,-6.685 To 6.069,Range Of Values,['Reflex Compliance Array Data Point 126'],"['Both males and females 20 YEARS - 69 YEARS', 'Both males and females 6 YEARS - 19 YEARS']",[nan],,
3532,RFXC127,-6.405 To 6.547,Range Of Values,['Reflex Compliance Array Data Point 127'],"['Both males and females 20 YEARS - 69 YEARS', 'Both males and females 6 YEARS - 19 YEARS']",[nan],,
3533,RFXC127,.,Missing,['Reflex Compliance Array Data Point 127'],"['Both males and females 20 YEARS - 69 YEARS', 'Both males and females 6 YEARS - 19 YEARS']",[nan],,
3534,RFXC127,-5.226 To 6.246,Range Of Values,['Reflex Compliance Array Data Point 127'],"['Both males and females 20 YEARS - 69 YEARS', 'Both males and females 6 YEARS - 19 YEARS']",[nan],,
3535,RFXC127,-6.685 To 6.246,Range Of Values,['Reflex Compliance Array Data Point 127'],"['Both males and females 20 YEARS - 69 YEARS', 'Both males and females 6 YEARS - 19 YEARS']",[nan],,
3536,RFXC128,-6.964 To 6.526,Range Of Values,['Reflex Compliance Array Data Point 128'],"['Both males and females 20 YEARS - 69 YEARS', 'Both males and females 6 YEARS - 19 YEARS']",[nan],,
3537,RFXC128,.,Missing,['Reflex Compliance Array Data Point 128'],"['Both males and females 20 YEARS - 69 YEARS', 'Both males and females 6 YEARS - 19 YEARS']",[nan],,
3538,RFXC128,-5.724 To 6.836,Range Of Values,['Reflex Compliance Array Data Point 128'],"['Both males and females 20 YEARS - 69 YEARS', 'Both males and females 6 YEARS - 19 YEARS']",[nan],,
3539,RFXC128,-6.685 To 6.836,Range Of Values,['Reflex Compliance Array Data Point 128'],"['Both males and females 20 YEARS - 69 YEARS', 'Both males and females 6 YEARS - 19 YEARS']",[nan],,
3540,RFXC129,-7.437 To 6.491,Range Of Values,['Reflex Compliance Array Data Point 129'],"['Both males and females 20 YEARS - 69 YEARS', 'Both males and females 6 YEARS - 19 YEARS']",[nan],,
3541,RFXC129,.,Missing,['Reflex Compliance Array Data Point 129'],"['Both males and females 20 YEARS - 69 YEARS', 'Both males and females 6 YEARS - 19 YEARS']",[nan],,
3542,RFXC129,-6.177 To 7.015,Range Of Values,['Reflex Compliance Array Data Point 129'],"['Both males and females 20 YEARS - 69 YEARS', 'Both males and females 6 YEARS - 19 YEARS']",[nan],,
3543,RFXC129,-6.685 To 7.015,Range Of Values,['Reflex Compliance Array Data Point 129'],"['Both males and females 20 YEARS - 69 YEARS', 'Both males and females 6 YEARS - 19 YEARS']",[nan],,
3544,RFXC130,-7.806 To 6.47,Range Of Values,['Reflex Compliance Array Data Point 130'],"['Both males and females 20 YEARS - 69 YEARS', 'Both males and females 6 YEARS - 19 YEARS']",[nan],,
3545,RFXC130,.,Missing,['Reflex Compliance Array Data Point 130'],"['Both males and females 20 YEARS - 69 YEARS', 'Both males and females 6 YEARS - 19 YEARS']",[nan],,
3546,RFXC130,-6.553 To 7.144,Range Of Values,['Reflex Compliance Array Data Point 130'],"['Both males and females 20 YEARS - 69 YEARS', 'Both males and females 6 YEARS - 19 YEARS']",[nan],,
3547,RFXC130,-6.685 To 7.144,Range Of Values,['Reflex Compliance Array Data Point 130'],"['Both males and females 20 YEARS - 69 YEARS', 'Both males and females 6 YEARS - 19 YEARS']",[nan],,
3548,RFXC131,-7.978 To 6.534,Range Of Values,['Reflex Compliance Array Data Point 131'],"['Both males and females 20 YEARS - 69 YEARS', 'Both males and females 6 YEARS - 19 YEARS']",[nan],,
3549,RFXC131,.,Missing,['Reflex Compliance Array Data Point 131'],"['Both males and females 20 YEARS - 69 YEARS', 'Both males and females 6 YEARS - 19 YEARS']",[nan],,
3550,RFXC131,-6.828 To 7.26,Range Of Values,['Reflex Compliance Array Data Point 131'],"['Both males and females 20 YEARS - 69 YEARS', 'Both males and females 6 YEARS - 19 YEARS']",[nan],,
3551,RFXC132,-7.661 To 6.577,Range Of Values,['Reflex Compliance Array Data Point 132'],"['Both males and females 20 YEARS - 69 YEARS', 'Both males and females 6 YEARS - 19 YEARS']",[nan],,
3552,RFXC132,.,Missing,['Reflex Compliance Array Data Point 132'],"['Both males and females 20 YEARS - 69 YEARS', 'Both males and females 6 YEARS - 19 YEARS']",[nan],,
3553,RFXC132,-6.979 To 7.33,Range Of Values,['Reflex Compliance Array Data Point 132'],"['Both males and females 20 YEARS - 69 YEARS', 'Both males and females 6 YEARS - 19 YEARS']",[nan],,
3554,RFXC133,-7.661 To 6.591,Range Of Values,['Reflex Compliance Array Data Point 133'],"['Both males and females 20 YEARS - 69 YEARS', 'Both males and females 6 YEARS - 19 YEARS']",[nan],,
3555,RFXC133,.,Missing,['Reflex Compliance Array Data Point 133'],"['Both males and females 20 YEARS - 69 YEARS', 'Both males and females 6 YEARS - 19 YEARS']",[nan],,
3556,RFXC133,-6.981 To 7.369,Range Of Values,['Reflex Compliance Array Data Point 133'],"['Both males and females 20 YEARS - 69 YEARS', 'Both males and females 6 YEARS - 19 YEARS']",[nan],,
3557,RFXC134,-7.661 To 6.601,Range Of Values,['Reflex Compliance Array Data Point 134'],"['Both males and females 20 YEARS - 69 YEARS', 'Both males and females 6 YEARS - 19 YEARS']",[nan],,
3558,RFXC134,.,Missing,['Reflex Compliance Array Data Point 134'],"['Both males and females 20 YEARS - 69 YEARS', 'Both males and females 6 YEARS - 19 YEARS']",[nan],,
3559,RFXC134,-6.984 To 7.408,Range Of Values,['Reflex Compliance Array Data Point 134'],"['Both males and females 20 YEARS - 69 YEARS', 'Both males and females 6 YEARS - 19 YEARS']",[nan],,
3560,RFXC135,-7.661 To 6.621,Range Of Values,['Reflex Compliance Array Data Point 135'],"['Both males and females 20 YEARS - 69 YEARS', 'Both males and females 6 YEARS - 19 YEARS']",[nan],,
3561,RFXC135,.,Missing,['Reflex Compliance Array Data Point 135'],"['Both males and females 20 YEARS - 69 YEARS', 'Both males and females 6 YEARS - 19 YEARS']",[nan],,
3562,RFXC135,-7.561 To 7.446,Range Of Values,['Reflex Compliance Array Data Point 135'],"['Both males and females 20 YEARS - 69 YEARS', 'Both males and females 6 YEARS - 19 YEARS']",[nan],,
3563,RFXC136,-4.58 To 6.64,Range Of Values,['Reflex Compliance Array Data Point 136'],"['Both males and females 20 YEARS - 69 YEARS', 'Both males and females 6 YEARS - 19 YEARS']",[nan],,
3564,RFXC136,.,Missing,['Reflex Compliance Array Data Point 136'],"['Both males and females 20 YEARS - 69 YEARS', 'Both males and females 6 YEARS - 19 YEARS']",[nan],,
3565,RFXC136,-7.79 To 7.485,Range Of Values,['Reflex Compliance Array Data Point 136'],"['Both males and females 20 YEARS - 69 YEARS', 'Both males and females 6 YEARS - 19 YEARS']",[nan],,
3566,RFXC137,-3.775 To 6.644,Range Of Values,['Reflex Compliance Array Data Point 137'],"['Both males and females 20 YEARS - 69 YEARS', 'Both males and females 6 YEARS - 19 YEARS']",[nan],,
3567,RFXC137,.,Missing,['Reflex Compliance Array Data Point 137'],"['Both males and females 20 YEARS - 69 YEARS', 'Both males and females 6 YEARS - 19 YEARS']",[nan],,
3568,RFXC137,-7.79 To 7.524,Range Of Values,['Reflex Compliance Array Data Point 137'],"['Both males and females 20 YEARS - 69 YEARS', 'Both males and females 6 YEARS - 19 YEARS']",[nan],,
3569,RFXC138,-3.183 To 6.63,Range Of Values,['Reflex Compliance Array Data Point 138'],"['Both males and females 20 YEARS - 69 YEARS', 'Both males and females 6 YEARS - 19 YEARS']",[nan],,
3570,RFXC138,.,Missing,['Reflex Compliance Array Data Point 138'],"['Both males and females 20 YEARS - 69 YEARS', 'Both males and females 6 YEARS - 19 YEARS']",[nan],,
3571,RFXC138,-7.79 To 7.563,Range Of Values,['Reflex Compliance Array Data Point 138'],"['Both males and females 20 YEARS - 69 YEARS', 'Both males and females 6 YEARS - 19 YEARS']",[nan],,
3572,RFXC139,-3.167 To 6.598,Range Of Values,['Reflex Compliance Array Data Point 139'],"['Both males and females 20 YEARS - 69 YEARS', 'Both males and females 6 YEARS - 19 YEARS']",[nan],,
3573,RFXC139,.,Missing,['Reflex Compliance Array Data Point 139'],"['Both males and females 20 YEARS - 69 YEARS', 'Both males and females 6 YEARS - 19 YEARS']",[nan],,
3574,RFXC139,-7.79 To 7.601,Range Of Values,['Reflex Compliance Array Data Point 139'],"['Both males and females 20 YEARS - 69 YEARS', 'Both males and females 6 YEARS - 19 YEARS']",[nan],,
3575,RFXC140,-3.134 To 6.58,Range Of Values,['Reflex Compliance Array Data Point 140'],"['Both males and females 20 YEARS - 69 YEARS', 'Both males and females 6 YEARS - 19 YEARS']",[nan],,
3576,RFXC140,.,Missing,['Reflex Compliance Array Data Point 140'],"['Both males and females 20 YEARS - 69 YEARS', 'Both males and females 6 YEARS - 19 YEARS']",[nan],,
3577,RFXC140,-7.79 To 7.64,Range Of Values,['Reflex Compliance Array Data Point 140'],"['Both males and females 20 YEARS - 69 YEARS', 'Both males and females 6 YEARS - 19 YEARS']",[nan],,
3578,RFXC141,-3.015 To 6.578,Range Of Values,['Reflex Compliance Array Data Point 141'],"['Both males and females 20 YEARS - 69 YEARS', 'Both males and females 6 YEARS - 19 YEARS']",[nan],,
3579,RFXC141,.,Missing,['Reflex Compliance Array Data Point 141'],"['Both males and females 20 YEARS - 69 YEARS', 'Both males and females 6 YEARS - 19 YEARS']",[nan],,
3580,RFXC141,-6.609 To 7.679,Range Of Values,['Reflex Compliance Array Data Point 141'],"['Both males and females 20 YEARS - 69 YEARS', 'Both males and females 6 YEARS - 19 YEARS']",[nan],,
3581,RFXC142,-3.043 To 6.605,Range Of Values,['Reflex Compliance Array Data Point 142'],"['Both males and females 20 YEARS - 69 YEARS', 'Both males and females 6 YEARS - 19 YEARS']",[nan],,
3582,RFXC142,.,Missing,['Reflex Compliance Array Data Point 142'],"['Both males and females 20 YEARS - 69 YEARS', 'Both males and females 6 YEARS - 19 YEARS']",[nan],,
3583,RFXC142,-6.012 To 7.717,Range Of Values,['Reflex Compliance Array Data Point 142'],"['Both males and females 20 YEARS - 69 YEARS', 'Both males and females 6 YEARS - 19 YEARS']",[nan],,
3584,RFXC143,-3.07 To 6.671,Range Of Values,['Reflex Compliance Array Data Point 143'],"['Both males and females 20 YEARS - 69 YEARS', 'Both males and females 6 YEARS - 19 YEARS']",[nan],,
3585,RFXC143,.,Missing,['Reflex Compliance Array Data Point 143'],"['Both males and females 20 YEARS - 69 YEARS', 'Both males and females 6 YEARS - 19 YEARS']",[nan],,
3586,RFXC143,-6.053 To 7.756,Range Of Values,['Reflex Compliance Array Data Point 143'],"['Both males and females 20 YEARS - 69 YEARS', 'Both males and females 6 YEARS - 19 YEARS']",[nan],,
3587,RFXC144,-3.095 To 6.824,Range Of Values,['Reflex Compliance Array Data Point 144'],"['Both males and females 20 YEARS - 69 YEARS', 'Both males and females 6 YEARS - 19 YEARS']",[nan],,
3588,RFXC144,.,Missing,['Reflex Compliance Array Data Point 144'],"['Both males and females 20 YEARS - 69 YEARS', 'Both males and females 6 YEARS - 19 YEARS']",[nan],,
3589,RFXC144,-6.349 To 7.795,Range Of Values,['Reflex Compliance Array Data Point 144'],"['Both males and females 20 YEARS - 69 YEARS', 'Both males and females 6 YEARS - 19 YEARS']",[nan],,
3590,RFXC144,-6.806 To 7.795,Range Of Values,['Reflex Compliance Array Data Point 144'],"['Both males and females 20 YEARS - 69 YEARS', 'Both males and females 6 YEARS - 19 YEARS']",[nan],,
3591,RFXC145,-3.366 To 6.98,Range Of Values,['Reflex Compliance Array Data Point 145'],"['Both males and females 20 YEARS - 69 YEARS', 'Both males and females 6 YEARS - 19 YEARS']",[nan],,
3592,RFXC145,.,Missing,['Reflex Compliance Array Data Point 145'],"['Both males and females 20 YEARS - 69 YEARS', 'Both males and females 6 YEARS - 19 YEARS']",[nan],,
3593,RFXC145,-6.552 To 7.833,Range Of Values,['Reflex Compliance Array Data Point 145'],"['Both males and females 20 YEARS - 69 YEARS', 'Both males and females 6 YEARS - 19 YEARS']",[nan],,
3594,RFXC145,-7.188 To 7.833,Range Of Values,['Reflex Compliance Array Data Point 145'],"['Both males and females 20 YEARS - 69 YEARS', 'Both males and females 6 YEARS - 19 YEARS']",[nan],,
3595,RFXC146,-4.176 To 7.137,Range Of Values,['Reflex Compliance Array Data Point 146'],"['Both males and females 20 YEARS - 69 YEARS', 'Both males and females 6 YEARS - 19 YEARS']",[nan],,
3596,RFXC146,.,Missing,['Reflex Compliance Array Data Point 146'],"['Both males and females 20 YEARS - 69 YEARS', 'Both males and females 6 YEARS - 19 YEARS']",[nan],,
3597,RFXC146,-6.653 To 7.872,Range Of Values,['Reflex Compliance Array Data Point 146'],"['Both males and females 20 YEARS - 69 YEARS', 'Both males and females 6 YEARS - 19 YEARS']",[nan],,
3598,RFXC147,-4.983 To 7.292,Range Of Values,['Reflex Compliance Array Data Point 147'],"['Both males and females 20 YEARS - 69 YEARS', 'Both males and females 6 YEARS - 19 YEARS']",[nan],,
3599,RFXC147,.,Missing,['Reflex Compliance Array Data Point 147'],"['Both males and females 20 YEARS - 69 YEARS', 'Both males and females 6 YEARS - 19 YEARS']",[nan],,
3600,RFXC147,-6.653 To 7.899,Range Of Values,['Reflex Compliance Array Data Point 147'],"['Both males and females 20 YEARS - 69 YEARS', 'Both males and females 6 YEARS - 19 YEARS']",[nan],,
3601,RFXC148,-5.775 To 7.431,Range Of Values,['Reflex Compliance Array Data Point 148'],"['Both males and females 20 YEARS - 69 YEARS', 'Both males and females 6 YEARS - 19 YEARS']",[nan],,
3602,RFXC148,.,Missing,['Reflex Compliance Array Data Point 148'],"['Both males and females 20 YEARS - 69 YEARS', 'Both males and females 6 YEARS - 19 YEARS']",[nan],,
3603,RFXC148,-6.653 To 7.878,Range Of Values,['Reflex Compliance Array Data Point 148'],"['Both males and females 20 YEARS - 69 YEARS', 'Both males and females 6 YEARS - 19 YEARS']",[nan],,
3604,RFXC149,-6.541 To 7.518,Range Of Values,['Reflex Compliance Array Data Point 149'],"['Both males and females 20 YEARS - 69 YEARS', 'Both males and females 6 YEARS - 19 YEARS']",[nan],,
3605,RFXC149,.,Missing,['Reflex Compliance Array Data Point 149'],"['Both males and females 20 YEARS - 69 YEARS', 'Both males and females 6 YEARS - 19 YEARS']",[nan],,
3606,RFXC149,-6.653 To 7.588,Range Of Values,['Reflex Compliance Array Data Point 149'],"['Both males and females 20 YEARS - 69 YEARS', 'Both males and females 6 YEARS - 19 YEARS']",[nan],,
3607,RFXC149,-6.961 To 7.588,Range Of Values,['Reflex Compliance Array Data Point 149'],"['Both males and females 20 YEARS - 69 YEARS', 'Both males and females 6 YEARS - 19 YEARS']",[nan],,
3608,RFXC150,-7.25 To 7.255,Range Of Values,['Reflex Compliance Array Data Point 150'],"['Both males and females 20 YEARS - 69 YEARS', 'Both males and females 6 YEARS - 19 YEARS']",[nan],,
3609,RFXC150,.,Missing,['Reflex Compliance Array Data Point 150'],"['Both males and females 20 YEARS - 69 YEARS', 'Both males and females 6 YEARS - 19 YEARS']",[nan],,
3610,RFXC150,-6.653 To 6.747,Range Of Values,['Reflex Compliance Array Data Point 150'],"['Both males and females 20 YEARS - 69 YEARS', 'Both males and females 6 YEARS - 19 YEARS']",[nan],,
3611,RFXC150,-7.184 To 6.747,Range Of Values,['Reflex Compliance Array Data Point 150'],"['Both males and females 20 YEARS - 69 YEARS', 'Both males and females 6 YEARS - 19 YEARS']",[nan],,
3612,RFXC151,-7.454 To 7.412,Range Of Values,['Reflex Compliance Array Data Point 151'],"['Both males and females 20 YEARS - 69 YEARS', 'Both males and females 6 YEARS - 19 YEARS']",[nan],,
3613,RFXC151,.,Missing,['Reflex Compliance Array Data Point 151'],"['Both males and females 20 YEARS - 69 YEARS', 'Both males and females 6 YEARS - 19 YEARS']",[nan],,
3614,RFXC151,-6.653 To 5.905,Range Of Values,['Reflex Compliance Array Data Point 151'],"['Both males and females 20 YEARS - 69 YEARS', 'Both males and females 6 YEARS - 19 YEARS']",[nan],,
3615,RFXC151,-7.184 To 6.571,Range Of Values,['Reflex Compliance Array Data Point 151'],"['Both males and females 20 YEARS - 69 YEARS', 'Both males and females 6 YEARS - 19 YEARS']",[nan],,
3616,RFXC152,-7.091 To 7.517,Range Of Values,['Reflex Compliance Array Data Point 152'],"['Both males and females 20 YEARS - 69 YEARS', 'Both males and females 6 YEARS - 19 YEARS']",[nan],,
3617,RFXC152,.,Missing,['Reflex Compliance Array Data Point 152'],"['Both males and females 20 YEARS - 69 YEARS', 'Both males and females 6 YEARS - 19 YEARS']",[nan],,
3618,RFXC152,-6.653 To 5.927,Range Of Values,['Reflex Compliance Array Data Point 152'],"['Both males and females 20 YEARS - 69 YEARS', 'Both males and females 6 YEARS - 19 YEARS']",[nan],,
3619,RFXC152,-7.184 To 6.471,Range Of Values,['Reflex Compliance Array Data Point 152'],"['Both males and females 20 YEARS - 69 YEARS', 'Both males and females 6 YEARS - 19 YEARS']",[nan],,
3620,RFXC153,-6.369 To 7.504,Range Of Values,['Reflex Compliance Array Data Point 153'],"['Both males and females 20 YEARS - 69 YEARS', 'Both males and females 6 YEARS - 19 YEARS']",[nan],,
3621,RFXC153,.,Missing,['Reflex Compliance Array Data Point 153'],"['Both males and females 20 YEARS - 69 YEARS', 'Both males and females 6 YEARS - 19 YEARS']",[nan],,
3622,RFXC153,-6.93 To 5.998,Range Of Values,['Reflex Compliance Array Data Point 153'],"['Both males and females 20 YEARS - 69 YEARS', 'Both males and females 6 YEARS - 19 YEARS']",[nan],,
3623,RFXC153,-7.184 To 6.01,Range Of Values,['Reflex Compliance Array Data Point 153'],"['Both males and females 20 YEARS - 69 YEARS', 'Both males and females 6 YEARS - 19 YEARS']",[nan],,
3624,RFXC154,-5.637 To 7.475,Range Of Values,['Reflex Compliance Array Data Point 154'],"['Both males and females 20 YEARS - 69 YEARS', 'Both males and females 6 YEARS - 19 YEARS']",[nan],,
3625,RFXC154,.,Missing,['Reflex Compliance Array Data Point 154'],"['Both males and females 20 YEARS - 69 YEARS', 'Both males and females 6 YEARS - 19 YEARS']",[nan],,
3626,RFXC154,-7.054 To 6.065,Range Of Values,['Reflex Compliance Array Data Point 154'],"['Both males and females 20 YEARS - 69 YEARS', 'Both males and females 6 YEARS - 19 YEARS']",[nan],,
3627,RFXC154,-7.184 To 6.065,Range Of Values,['Reflex Compliance Array Data Point 154'],"['Both males and females 20 YEARS - 69 YEARS', 'Both males and females 6 YEARS - 19 YEARS']",[nan],,
3628,RFXC155,-6.426 To 7.507,Range Of Values,['Reflex Compliance Array Data Point 155'],"['Both males and females 20 YEARS - 69 YEARS', 'Both males and females 6 YEARS - 19 YEARS']",[nan],,
3629,RFXC155,.,Missing,['Reflex Compliance Array Data Point 155'],"['Both males and females 20 YEARS - 69 YEARS', 'Both males and females 6 YEARS - 19 YEARS']",[nan],,
3630,RFXC155,-7.052 To 6.124,Range Of Values,['Reflex Compliance Array Data Point 155'],"['Both males and females 20 YEARS - 69 YEARS', 'Both males and females 6 YEARS - 19 YEARS']",[nan],,
3631,RFXC155,-7.184 To 6.124,Range Of Values,['Reflex Compliance Array Data Point 155'],"['Both males and females 20 YEARS - 69 YEARS', 'Both males and females 6 YEARS - 19 YEARS']",[nan],,
3632,RFXC156,-7.13 To 7.491,Range Of Values,['Reflex Compliance Array Data Point 156'],"['Both males and females 20 YEARS - 69 YEARS', 'Both males and females 6 YEARS - 19 YEARS']",[nan],,
3633,RFXC156,.,Missing,['Reflex Compliance Array Data Point 156'],"['Both males and females 20 YEARS - 69 YEARS', 'Both males and females 6 YEARS - 19 YEARS']",[nan],,
3634,RFXC156,-7.051 To 6.17,Range Of Values,['Reflex Compliance Array Data Point 156'],"['Both males and females 20 YEARS - 69 YEARS', 'Both males and females 6 YEARS - 19 YEARS']",[nan],,
3635,RFXC156,-7.184 To 6.17,Range Of Values,['Reflex Compliance Array Data Point 156'],"['Both males and females 20 YEARS - 69 YEARS', 'Both males and females 6 YEARS - 19 YEARS']",[nan],,
3636,RFXC157,-7.577 To 7.717,Range Of Values,['Reflex Compliance Array Data Point 157'],"['Both males and females 20 YEARS - 69 YEARS', 'Both males and females 6 YEARS - 19 YEARS']",[nan],,
3637,RFXC157,.,Missing,['Reflex Compliance Array Data Point 157'],"['Both males and females 20 YEARS - 69 YEARS', 'Both males and females 6 YEARS - 19 YEARS']",[nan],,
3638,RFXC157,-6.91 To 6.194,Range Of Values,['Reflex Compliance Array Data Point 157'],"['Both males and females 20 YEARS - 69 YEARS', 'Both males and females 6 YEARS - 19 YEARS']",[nan],,
3639,RFXC157,-7.184 To 6.194,Range Of Values,['Reflex Compliance Array Data Point 157'],"['Both males and females 20 YEARS - 69 YEARS', 'Both males and females 6 YEARS - 19 YEARS']",[nan],,
3640,RFXC158,-7.577 To 7.797,Range Of Values,['Reflex Compliance Array Data Point 158'],"['Both males and females 20 YEARS - 69 YEARS', 'Both males and females 6 YEARS - 19 YEARS']",[nan],,
3641,RFXC158,.,Missing,['Reflex Compliance Array Data Point 158'],"['Both males and females 20 YEARS - 69 YEARS', 'Both males and females 6 YEARS - 19 YEARS']",[nan],,
3642,RFXC158,-6.493 To 6.173,Range Of Values,['Reflex Compliance Array Data Point 158'],"['Both males and females 20 YEARS - 69 YEARS', 'Both males and females 6 YEARS - 19 YEARS']",[nan],,
3643,RFXC158,-7.184 To 6.173,Range Of Values,['Reflex Compliance Array Data Point 158'],"['Both males and females 20 YEARS - 69 YEARS', 'Both males and females 6 YEARS - 19 YEARS']",[nan],,
3644,RFXC159,-7.577 To 7.13,Range Of Values,['Reflex Compliance Array Data Point 159'],"['Both males and females 20 YEARS - 69 YEARS', 'Both males and females 6 YEARS - 19 YEARS']",[nan],,
3645,RFXC159,.,Missing,['Reflex Compliance Array Data Point 159'],"['Both males and females 20 YEARS - 69 YEARS', 'Both males and females 6 YEARS - 19 YEARS']",[nan],,
3646,RFXC159,-5.926 To 6.066,Range Of Values,['Reflex Compliance Array Data Point 159'],"['Both males and females 20 YEARS - 69 YEARS', 'Both males and females 6 YEARS - 19 YEARS']",[nan],,
3647,RFXC159,-7.184 To 6.066,Range Of Values,['Reflex Compliance Array Data Point 159'],"['Both males and females 20 YEARS - 69 YEARS', 'Both males and females 6 YEARS - 19 YEARS']",[nan],,
3648,RFXC160,-7.577 To 6.397,Range Of Values,['Reflex Compliance Array Data Point 160'],"['Both males and females 20 YEARS - 69 YEARS', 'Both males and females 6 YEARS - 19 YEARS']",[nan],,
3649,RFXC160,.,Missing,['Reflex Compliance Array Data Point 160'],"['Both males and females 20 YEARS - 69 YEARS', 'Both males and females 6 YEARS - 19 YEARS']",[nan],,
3650,RFXC160,-5.276 To 5.694,Range Of Values,['Reflex Compliance Array Data Point 160'],"['Both males and females 20 YEARS - 69 YEARS', 'Both males and females 6 YEARS - 19 YEARS']",[nan],,
3651,RFXC160,-7.184 To 5.694,Range Of Values,['Reflex Compliance Array Data Point 160'],"['Both males and females 20 YEARS - 69 YEARS', 'Both males and females 6 YEARS - 19 YEARS']",[nan],,
3652,RFXC161,-3.419 To 5.593,Range Of Values,['Reflex Compliance Array Data Point 161'],"['Both males and females 20 YEARS - 69 YEARS', 'Both males and females 6 YEARS - 19 YEARS']",[nan],,
3653,RFXC161,.,Missing,['Reflex Compliance Array Data Point 161'],"['Both males and females 20 YEARS - 69 YEARS', 'Both males and females 6 YEARS - 19 YEARS']",[nan],,
3654,RFXC161,-4.583 To 4.913,Range Of Values,['Reflex Compliance Array Data Point 161'],"['Both males and females 20 YEARS - 69 YEARS', 'Both males and females 6 YEARS - 19 YEARS']",[nan],,
3655,RFXC161,-7.184 To 4.913,Range Of Values,['Reflex Compliance Array Data Point 161'],"['Both males and females 20 YEARS - 69 YEARS', 'Both males and females 6 YEARS - 19 YEARS']",[nan],,
3656,RFXC162,-4.299 To 4.904,Range Of Values,['Reflex Compliance Array Data Point 162'],"['Both males and females 20 YEARS - 69 YEARS', 'Both males and females 6 YEARS - 19 YEARS']",[nan],,
3657,RFXC162,.,Missing,['Reflex Compliance Array Data Point 162'],"['Both males and females 20 YEARS - 69 YEARS', 'Both males and females 6 YEARS - 19 YEARS']",[nan],,
3658,RFXC162,-3.867 To 4.335,Range Of Values,['Reflex Compliance Array Data Point 162'],"['Both males and females 20 YEARS - 69 YEARS', 'Both males and females 6 YEARS - 19 YEARS']",[nan],,
3659,RFXC162,-7.184 To 4.335,Range Of Values,['Reflex Compliance Array Data Point 162'],"['Both males and females 20 YEARS - 69 YEARS', 'Both males and females 6 YEARS - 19 YEARS']",[nan],,
3660,RFXC163,-5.154 To 4.146,Range Of Values,['Reflex Compliance Array Data Point 163'],"['Both males and females 20 YEARS - 69 YEARS', 'Both males and females 6 YEARS - 19 YEARS']",[nan],,
3661,RFXC163,.,Missing,['Reflex Compliance Array Data Point 163'],"['Both males and females 20 YEARS - 69 YEARS', 'Both males and females 6 YEARS - 19 YEARS']",[nan],,
3662,RFXC163,-3.139 To 3.842,Range Of Values,['Reflex Compliance Array Data Point 163'],"['Both males and females 20 YEARS - 69 YEARS', 'Both males and females 6 YEARS - 19 YEARS']",[nan],,
3663,RFXC163,-7.184 To 3.842,Range Of Values,['Reflex Compliance Array Data Point 163'],"['Both males and females 20 YEARS - 69 YEARS', 'Both males and females 6 YEARS - 19 YEARS']",[nan],,
3664,RFXC164,-5.965 To 3.336,Range Of Values,['Reflex Compliance Array Data Point 164'],"['Both males and females 20 YEARS - 69 YEARS', 'Both males and females 6 YEARS - 19 YEARS']",[nan],,
3665,RFXC164,.,Missing,['Reflex Compliance Array Data Point 164'],"['Both males and females 20 YEARS - 69 YEARS', 'Both males and females 6 YEARS - 19 YEARS']",[nan],,
3666,RFXC164,-2.406 To 3.251,Range Of Values,['Reflex Compliance Array Data Point 164'],"['Both males and females 20 YEARS - 69 YEARS', 'Both males and females 6 YEARS - 19 YEARS']",[nan],,
3667,RFXC164,-7.184 To 3.251,Range Of Values,['Reflex Compliance Array Data Point 164'],"['Both males and females 20 YEARS - 69 YEARS', 'Both males and females 6 YEARS - 19 YEARS']",[nan],,
3668,RFXC165,-6.695 To 2.514,Range Of Values,['Reflex Compliance Array Data Point 165'],"['Both males and females 20 YEARS - 69 YEARS', 'Both males and females 6 YEARS - 19 YEARS']",[nan],,
3669,RFXC165,.,Missing,['Reflex Compliance Array Data Point 165'],"['Both males and females 20 YEARS - 69 YEARS', 'Both males and females 6 YEARS - 19 YEARS']",[nan],,
3670,RFXC165,-1.67 To 2.408,Range Of Values,['Reflex Compliance Array Data Point 165'],"['Both males and females 20 YEARS - 69 YEARS', 'Both males and females 6 YEARS - 19 YEARS']",[nan],,
3671,RFXC165,-7.184 To 2.408,Range Of Values,['Reflex Compliance Array Data Point 165'],"['Both males and females 20 YEARS - 69 YEARS', 'Both males and females 6 YEARS - 19 YEARS']",[nan],,
3672,RFXC166,-7.386 To 1.666,Range Of Values,['Reflex Compliance Array Data Point 166'],"['Both males and females 20 YEARS - 69 YEARS', 'Both males and females 6 YEARS - 19 YEARS']",[nan],,
3673,RFXC166,.,Missing,['Reflex Compliance Array Data Point 166'],"['Both males and females 20 YEARS - 69 YEARS', 'Both males and females 6 YEARS - 19 YEARS']",[nan],,
3674,RFXC166,-0.931 To 1.55,Range Of Values,['Reflex Compliance Array Data Point 166'],"['Both males and females 20 YEARS - 69 YEARS', 'Both males and females 6 YEARS - 19 YEARS']",[nan],,
3675,RFXC166,-7.184 To 1.55,Range Of Values,['Reflex Compliance Array Data Point 166'],"['Both males and females 20 YEARS - 69 YEARS', 'Both males and females 6 YEARS - 19 YEARS']",[nan],,
3676,RFXC167,-7.386 To 0.809,Range Of Values,['Reflex Compliance Array Data Point 167'],"['Both males and females 20 YEARS - 69 YEARS', 'Both males and females 6 YEARS - 19 YEARS']",[nan],,
3677,RFXC167,.,Missing,['Reflex Compliance Array Data Point 167'],"['Both males and females 20 YEARS - 69 YEARS', 'Both males and females 6 YEARS - 19 YEARS']",[nan],,
3678,RFXC167,-0.371 To 0.812,Range Of Values,['Reflex Compliance Array Data Point 167'],"['Both males and females 20 YEARS - 69 YEARS', 'Both males and females 6 YEARS - 19 YEARS']",[nan],,
3679,RFXC167,-7.184 To 0.812,Range Of Values,['Reflex Compliance Array Data Point 167'],"['Both males and females 20 YEARS - 69 YEARS', 'Both males and females 6 YEARS - 19 YEARS']",[nan],,
3680,RFXC168,-7.386 To 0.332,Range Of Values,['Reflex Compliance Array Data Point 168'],"['Both males and females 20 YEARS - 69 YEARS', 'Both males and females 6 YEARS - 19 YEARS']",[nan],,
3681,RFXC168,.,Missing,['Reflex Compliance Array Data Point 168'],"['Both males and females 20 YEARS - 69 YEARS', 'Both males and females 6 YEARS - 19 YEARS']",[nan],,
3682,RFXC168,-0.154 To 0.114,Range Of Values,['Reflex Compliance Array Data Point 168'],"['Both males and females 20 YEARS - 69 YEARS', 'Both males and females 6 YEARS - 19 YEARS']",[nan],,
3683,RFXC168,-7.184 To 0.114,Range Of Values,['Reflex Compliance Array Data Point 168'],"['Both males and females 20 YEARS - 69 YEARS', 'Both males and females 6 YEARS - 19 YEARS']",[nan],,
3684,RFXC169,-7.386 To 0.487,Range Of Values,['Reflex Compliance Array Data Point 169'],"['Both males and females 20 YEARS - 69 YEARS', 'Both males and females 6 YEARS - 19 YEARS']",[nan],,
3685,RFXC169,.,Missing,['Reflex Compliance Array Data Point 169'],"['Both males and females 20 YEARS - 69 YEARS', 'Both males and females 6 YEARS - 19 YEARS']",[nan],,
3686,RFXC169,-0.9 To 0.676,Range Of Values,['Reflex Compliance Array Data Point 169'],"['Both males and females 20 YEARS - 69 YEARS', 'Both males and females 6 YEARS - 19 YEARS']",[nan],,
3687,RFXC169,-7.184 To 0.676,Range Of Values,['Reflex Compliance Array Data Point 169'],"['Both males and females 20 YEARS - 69 YEARS', 'Both males and females 6 YEARS - 19 YEARS']",[nan],,
3688,RFXC170,-7.386 To 0.689,Range Of Values,['Reflex Compliance Array Data Point 170'],"['Both males and females 20 YEARS - 69 YEARS', 'Both males and females 6 YEARS - 19 YEARS']",[nan],,
3689,RFXC170,.,Missing,['Reflex Compliance Array Data Point 170'],"['Both males and females 20 YEARS - 69 YEARS', 'Both males and females 6 YEARS - 19 YEARS']",[nan],,
3690,RFXC170,-1.758 To 1.498,Range Of Values,['Reflex Compliance Array Data Point 170'],"['Both males and females 20 YEARS - 69 YEARS', 'Both males and females 6 YEARS - 19 YEARS']",[nan],,
3691,RFXC170,-7.184 To 1.498,Range Of Values,['Reflex Compliance Array Data Point 170'],"['Both males and females 20 YEARS - 69 YEARS', 'Both males and females 6 YEARS - 19 YEARS']",[nan],,
