,Column,Code,Label,English_Text,Target,English_Instructions,Class,Other For
0,SEQN,,,['Respondent sequence number.'],['Both males and females 40 YEARS - 150 YEARS'],[nan],,
1,OPASCST2,1,Complete,['Retinal Imaging Status'],['Both males and females 40 YEARS - 150 YEARS'],[nan],,
2,OPASCST2,2,Partial,['Retinal Imaging Status'],['Both males and females 40 YEARS - 150 YEARS'],[nan],,
3,OPASCST2,3,Not Done,['Retinal Imaging Status'],['Both males and females 40 YEARS - 150 YEARS'],[nan],,
4,OPASCST2,.,Missing,['Retinal Imaging Status'],['Both males and females 40 YEARS - 150 YEARS'],[nan],,
5,OPASCCT2,101,Eye Specific Limitation: Small Pupil Size,['Retinal Imaging Comment'],['Both males and females 40 YEARS - 150 YEARS'],[nan],,
6,OPASCCT2,102,"Eye Specific Limitation: Cataract, Right Eye",['Retinal Imaging Comment'],['Both males and females 40 YEARS - 150 YEARS'],[nan],,
7,OPASCCT2,103,Eye Specific Limitation: Sp Unable To Keep Eyes Open,['Retinal Imaging Comment'],['Both males and females 40 YEARS - 150 YEARS'],[nan],,
8,OPASCCT2,104,Eye Specific Limitation: Sp Unable To Fixate Adequately,['Retinal Imaging Comment'],['Both males and females 40 YEARS - 150 YEARS'],[nan],,
9,OPASCCT2,105,Eye Specific Limitation: Interference With Drooping Eyelids,['Retinal Imaging Comment'],['Both males and females 40 YEARS - 150 YEARS'],[nan],,
10,OPASCCT2,106,Eye Specific Limitation: Sp Not Able To Control Blinking,['Retinal Imaging Comment'],['Both males and females 40 YEARS - 150 YEARS'],[nan],,
11,OPASCCT2,.,Missing,['Retinal Imaging Comment'],['Both males and females 40 YEARS - 150 YEARS'],[nan],,
12,OPASCCT2,1,Safety Exclusion,['Retinal Imaging Comment'],['Both males and females 40 YEARS - 150 YEARS'],[nan],,
13,OPASCCT2,2,Sp Refusal,['Retinal Imaging Comment'],['Both males and females 40 YEARS - 150 YEARS'],[nan],,
14,OPASCCT2,3,No Time,['Retinal Imaging Comment'],['Both males and females 40 YEARS - 150 YEARS'],[nan],,
15,OPASCCT2,4,Physical Limitation,['Retinal Imaging Comment'],['Both males and females 40 YEARS - 150 YEARS'],[nan],,
16,OPASCCT2,5,Communication Problem,['Retinal Imaging Comment'],['Both males and females 40 YEARS - 150 YEARS'],[nan],,
17,OPASCCT2,6,Equipment Failure,['Retinal Imaging Comment'],['Both males and females 40 YEARS - 150 YEARS'],[nan],,
18,OPASCCT2,7,Sp Ill/Emergency,['Retinal Imaging Comment'],['Both males and females 40 YEARS - 150 YEARS'],[nan],,
19,OPASCCT2,12,Eye Specific Limitation,['Retinal Imaging Comment'],['Both males and females 40 YEARS - 150 YEARS'],[nan],,
20,OPASCCT2,56,Came Late/Left Early,['Retinal Imaging Comment'],['Both males and females 40 YEARS - 150 YEARS'],[nan],,
21,OPASCCT2,72,Error (Technician/Software/Supply),['Retinal Imaging Comment'],['Both males and females 40 YEARS - 150 YEARS'],[nan],,
22,OPASCCT2,84,Sp With Child,['Retinal Imaging Comment'],['Both males and females 40 YEARS - 150 YEARS'],[nan],,
23,OPASCCT2,86,Sp Blind,['Retinal Imaging Comment'],['Both males and females 40 YEARS - 150 YEARS'],[nan],,
24,OPASCCT2,99,"Other, Specify",['Retinal Imaging Comment'],['Both males and females 40 YEARS - 150 YEARS'],[nan],,
25,OPASCCT2,100,Eye Specific Limitation: Eye Missing/Glass Eye,['Retinal Imaging Comment'],['Both males and females 40 YEARS - 150 YEARS'],[nan],,
26,OPASCCT2,14,Interrupted,['Retinal Imaging Comment'],['Both males and females 40 YEARS - 150 YEARS'],[nan],,
27,VIQ110,1,Yes,['Does SP appear to have a severe eye infection in one or both eyes?'],['Both males and females 40 YEARS - 150 YEARS'],[nan],,
28,VIQ110,2,No,['Does SP appear to have a severe eye infection in one or both eyes?'],['Both males and females 40 YEARS - 150 YEARS'],[nan],,
29,VIQ110,.,Missing,['Does SP appear to have a severe eye infection in one or both eyes?'],['Both males and females 40 YEARS - 150 YEARS'],[nan],,
30,VIQ130,1,Yes,['Is SP wearing an eye patch?'],['Both males and females 40 YEARS - 150 YEARS'],[nan],,
31,VIQ130,2,No,['Is SP wearing an eye patch?'],['Both males and females 40 YEARS - 150 YEARS'],[nan],,
32,VIQ130,.,Missing,['Is SP wearing an eye patch?'],['Both males and females 40 YEARS - 150 YEARS'],[nan],,
33,VIQ141,1,Right,['If so which eye?'],['Both males and females 40 YEARS - 150 YEARS'],[nan],,
34,VIQ141,2,Left,['If so which eye?'],['Both males and females 40 YEARS - 150 YEARS'],[nan],,
35,VIQ141,3,Both,['If so which eye?'],['Both males and females 40 YEARS - 150 YEARS'],[nan],,
36,VIQ141,.,Missing,['If so which eye?'],['Both males and females 40 YEARS - 150 YEARS'],[nan],,
37,OPXDCOMP,0,No Photos,['Are field 1 & field 2 present right eye?'],['Both males and females 40 YEARS - 150 YEARS'],[nan],,
38,OPXDCOMP,1,Incomplete,['Are field 1 & field 2 present right eye?'],['Both males and females 40 YEARS - 150 YEARS'],[nan],,
39,OPXDCOMP,2,Complete,['Are field 1 & field 2 present right eye?'],['Both males and females 40 YEARS - 150 YEARS'],[nan],,
40,OPXDCOMP,.,Missing,['Are field 1 & field 2 present right eye?'],['Both males and females 40 YEARS - 150 YEARS'],[nan],,
41,OPXDF1,0,Absent,['Is field 1 present in the photos of the right eye?'],['Both males and females 40 YEARS - 150 YEARS'],[nan],,
42,OPXDF1,2,Present,['Is field 1 present in the photos of the right eye?'],['Both males and females 40 YEARS - 150 YEARS'],[nan],,
43,OPXDF1,.,Missing,['Is field 1 present in the photos of the right eye?'],['Both males and females 40 YEARS - 150 YEARS'],[nan],,
44,OPXDF1FO,0,Good/Fair,['Was the optic nerve in focus from the right eye?'],['Both males and females 40 YEARS - 150 YEARS'],[nan],,
45,OPXDF1FO,1,Borderline,['Was the optic nerve in focus from the right eye?'],['Both males and females 40 YEARS - 150 YEARS'],[nan],,
46,OPXDF1FO,2,Poor,['Was the optic nerve in focus from the right eye?'],['Both males and females 40 YEARS - 150 YEARS'],[nan],,
47,OPXDF1FO,.,Missing,['Was the optic nerve in focus from the right eye?'],['Both males and females 40 YEARS - 150 YEARS'],[nan],,
48,OPXDF2,0,Absent,['Is field 2 present Right Eye?'],['Both males and females 40 YEARS - 150 YEARS'],[nan],,
49,OPXDF2,2,Present,['Is field 2 present Right Eye?'],['Both males and females 40 YEARS - 150 YEARS'],[nan],,
50,OPXDF2,.,Missing,['Is field 2 present Right Eye?'],['Both males and females 40 YEARS - 150 YEARS'],[nan],,
51,OPXDF2FO,0,Good/Fair,['Field 2 Focus Right Eye'],['Both males and females 40 YEARS - 150 YEARS'],[nan],,
52,OPXDF2FO,1,Borderline,['Field 2 Focus Right Eye'],['Both males and females 40 YEARS - 150 YEARS'],[nan],,
53,OPXDF2FO,2,Poor,['Field 2 Focus Right Eye'],['Both males and females 40 YEARS - 150 YEARS'],[nan],,
54,OPXDF2FO,.,Missing,['Field 2 Focus Right Eye'],['Both males and females 40 YEARS - 150 YEARS'],[nan],,
55,OPXDGRBL,0,Gradable,['Gradability of images right eye. This assumes at least one digital image of the right eye is available.'],['Both males and females 40 YEARS - 150 YEARS'],[nan],,
56,OPXDGRBL,1,Disc Ungradable,['Gradability of images right eye. This assumes at least one digital image of the right eye is available.'],['Both males and females 40 YEARS - 150 YEARS'],[nan],,
57,OPXDGRBL,2,Part Macula,['Gradability of images right eye. This assumes at least one digital image of the right eye is available.'],['Both males and females 40 YEARS - 150 YEARS'],[nan],,
58,OPXDGRBL,3,Macula Ungradable,['Gradability of images right eye. This assumes at least one digital image of the right eye is available.'],['Both males and females 40 YEARS - 150 YEARS'],[nan],,
59,OPXDGRBL,4,Part Disc & Macula,['Gradability of images right eye. This assumes at least one digital image of the right eye is available.'],['Both males and females 40 YEARS - 150 YEARS'],[nan],,
60,OPXDGRBL,5,Disc & Macula Ungradable,['Gradability of images right eye. This assumes at least one digital image of the right eye is available.'],['Both males and females 40 YEARS - 150 YEARS'],[nan],,
61,OPXDGRBL,6,Ungradable,['Gradability of images right eye. This assumes at least one digital image of the right eye is available.'],['Both males and females 40 YEARS - 150 YEARS'],[nan],,
62,OPXDGRBL,.,Missing,['Gradability of images right eye. This assumes at least one digital image of the right eye is available.'],['Both males and females 40 YEARS - 150 YEARS'],[nan],,
63,OPXDPMM,1 To 6,Range Of Values,[nan],['Both males and females 40 YEARS - 150 YEARS'],[nan],,
64,OPXDPMM,.,Missing,[nan],['Both males and females 40 YEARS - 150 YEARS'],[nan],,
65,OPXDPMM,1 To 5,Range Of Values,[nan],['Both males and females 40 YEARS - 150 YEARS'],[nan],,
66,OPXDPHPR,0,No,['Photo Problems'],['Both males and females 40 YEARS - 150 YEARS'],[nan],,
67,OPXDPHPR,2,Yes,['Photo Problems'],['Both males and females 40 YEARS - 150 YEARS'],[nan],,
68,OPXDPHPR,9,No Photos Of Eye,['Photo Problems'],['Both males and females 40 YEARS - 150 YEARS'],[nan],,
69,OPXDPHPR,.,Missing,['Photo Problems'],['Both males and females 40 YEARS - 150 YEARS'],[nan],,
70,OPXDPHIL,0,No,['Photo Problem - Illumination'],['Both males and females 40 YEARS - 150 YEARS'],[nan],,
71,OPXDPHIL,2,Yes,['Photo Problem - Illumination'],['Both males and females 40 YEARS - 150 YEARS'],[nan],,
72,OPXDPHIL,9,No Photos Of Eye,['Photo Problem - Illumination'],['Both males and females 40 YEARS - 150 YEARS'],[nan],,
73,OPXDPHIL,.,Missing,['Photo Problem - Illumination'],['Both males and females 40 YEARS - 150 YEARS'],[nan],,
74,OPXDPHFD,0,No,['Photo Problem - Field Definition'],['Both males and females 40 YEARS - 150 YEARS'],[nan],,
75,OPXDPHFD,2,Yes,['Photo Problem - Field Definition'],['Both males and females 40 YEARS - 150 YEARS'],[nan],,
76,OPXDPHFD,9,No Photos Of Eye,['Photo Problem - Field Definition'],['Both males and females 40 YEARS - 150 YEARS'],[nan],,
77,OPXDPHFD,.,Missing,['Photo Problem - Field Definition'],['Both males and females 40 YEARS - 150 YEARS'],[nan],,
78,OPXDPHHZ,0,No,['Photo Problem - Haze'],['Both males and females 40 YEARS - 150 YEARS'],[nan],,
79,OPXDPHHZ,2,Yes,['Photo Problem - Haze'],['Both males and females 40 YEARS - 150 YEARS'],[nan],,
80,OPXDPHHZ,9,No Photos Of Eye,['Photo Problem - Haze'],['Both males and females 40 YEARS - 150 YEARS'],[nan],,
81,OPXDPHHZ,.,Missing,['Photo Problem - Haze'],['Both males and females 40 YEARS - 150 YEARS'],[nan],,
82,OPXDPHDD,0,No,['Photo Problem - Dust/Dirt'],['Both males and females 40 YEARS - 150 YEARS'],[nan],,
83,OPXDPHDD,2,Yes,['Photo Problem - Dust/Dirt'],['Both males and females 40 YEARS - 150 YEARS'],[nan],,
84,OPXDPHDD,9,No Photos Of Eye,['Photo Problem - Dust/Dirt'],['Both males and females 40 YEARS - 150 YEARS'],[nan],,
85,OPXDPHDD,.,Missing,['Photo Problem - Dust/Dirt'],['Both males and females 40 YEARS - 150 YEARS'],[nan],,
86,OPXDPHLA,0,No,['Photo Problem - Lashes'],['Both males and females 40 YEARS - 150 YEARS'],[nan],,
87,OPXDPHLA,2,Yes,['Photo Problem - Lashes'],['Both males and females 40 YEARS - 150 YEARS'],[nan],,
88,OPXDPHLA,9,No Photos Of Eye,['Photo Problem - Lashes'],['Both males and females 40 YEARS - 150 YEARS'],[nan],,
89,OPXDPHLA,.,Missing,['Photo Problem - Lashes'],['Both males and females 40 YEARS - 150 YEARS'],[nan],,
90,OPXDPHAR,0,No,['Photo Problem - Arc'],['Both males and females 40 YEARS - 150 YEARS'],[nan],,
91,OPXDPHAR,2,Yes,['Photo Problem - Arc'],['Both males and females 40 YEARS - 150 YEARS'],[nan],,
92,OPXDPHAR,9,No Photos Of Eye,['Photo Problem - Arc'],['Both males and females 40 YEARS - 150 YEARS'],[nan],,
93,OPXDPHAR,.,Missing,['Photo Problem - Arc'],['Both males and females 40 YEARS - 150 YEARS'],[nan],,
94,OPXDPHRC,0,No,['Photo Problem - Red Channel'],['Both males and females 40 YEARS - 150 YEARS'],[nan],,
95,OPXDPHRC,2,Yes,['Photo Problem - Red Channel'],['Both males and females 40 YEARS - 150 YEARS'],[nan],,
96,OPXDPHRC,9,No Photos Of Eye,['Photo Problem - Red Channel'],['Both males and females 40 YEARS - 150 YEARS'],[nan],,
97,OPXDPHRC,.,Missing,['Photo Problem - Red Channel'],['Both males and females 40 YEARS - 150 YEARS'],[nan],,
98,OPXDPHOT,0,No,['Photo Problem - Other'],['Both males and females 40 YEARS - 150 YEARS'],[nan],,
99,OPXDPHOT,2,Yes,['Photo Problem - Other'],['Both males and females 40 YEARS - 150 YEARS'],[nan],,
100,OPXDPHOT,9,No Photos Of Eye,['Photo Problem - Other'],['Both males and females 40 YEARS - 150 YEARS'],[nan],,
101,OPXDPHOT,.,Missing,['Photo Problem - Other'],['Both males and females 40 YEARS - 150 YEARS'],[nan],,
102,OPDURET,10,No Retinopathy,['Calculated levels of retinopathy severity worse eye. The worse eye is the eye with the more severe retinopathy.'],['Both males and females 40 YEARS - 150 YEARS'],[nan],,
103,OPDURET,12,Non-Diabetic Retinal Disease Specific Retinopathy,['Calculated levels of retinopathy severity worse eye. The worse eye is the eye with the more severe retinopathy.'],['Both males and females 40 YEARS - 150 YEARS'],[nan],,
104,OPDURET,13,Questionable Retinopathy,['Calculated levels of retinopathy severity worse eye. The worse eye is the eye with the more severe retinopathy.'],['Both males and females 40 YEARS - 150 YEARS'],[nan],,
105,OPDURET,14,"He, Se, Irma, Vl But No Mas",['Calculated levels of retinopathy severity worse eye. The worse eye is the eye with the more severe retinopathy.'],['Both males and females 40 YEARS - 150 YEARS'],[nan],,
106,OPDURET,15,"Hem Only, No Mas",['Calculated levels of retinopathy severity worse eye. The worse eye is the eye with the more severe retinopathy.'],['Both males and females 40 YEARS - 150 YEARS'],[nan],,
107,OPDURET,20,Mas Only,['Calculated levels of retinopathy severity worse eye. The worse eye is the eye with the more severe retinopathy.'],['Both males and females 40 YEARS - 150 YEARS'],[nan],,
108,OPDURET,31,Early Npr,['Calculated levels of retinopathy severity worse eye. The worse eye is the eye with the more severe retinopathy.'],['Both males and females 40 YEARS - 150 YEARS'],[nan],,
109,OPDURET,41,Moderate Npr,['Calculated levels of retinopathy severity worse eye. The worse eye is the eye with the more severe retinopathy.'],['Both males and females 40 YEARS - 150 YEARS'],[nan],,
110,OPDURET,51,Severe Npr,['Calculated levels of retinopathy severity worse eye. The worse eye is the eye with the more severe retinopathy.'],['Both males and females 40 YEARS - 150 YEARS'],[nan],,
111,OPDURET,60,Fibrous Prolif. Only,['Calculated levels of retinopathy severity worse eye. The worse eye is the eye with the more severe retinopathy.'],['Both males and females 40 YEARS - 150 YEARS'],[nan],,
112,OPDURET,61,No Retinopathy But Prp Laser,['Calculated levels of retinopathy severity worse eye. The worse eye is the eye with the more severe retinopathy.'],['Both males and females 40 YEARS - 150 YEARS'],[nan],,
113,OPDURET,62,Mas Only +  Prp Laser,['Calculated levels of retinopathy severity worse eye. The worse eye is the eye with the more severe retinopathy.'],['Both males and females 40 YEARS - 150 YEARS'],[nan],,
114,OPDURET,63,Early Npr + Prp Laser,['Calculated levels of retinopathy severity worse eye. The worse eye is the eye with the more severe retinopathy.'],['Both males and females 40 YEARS - 150 YEARS'],[nan],,
115,OPDURET,64,Moderate/Severe Npr + Prp Laser,['Calculated levels of retinopathy severity worse eye. The worse eye is the eye with the more severe retinopathy.'],['Both males and females 40 YEARS - 150 YEARS'],[nan],,
116,OPDURET,65,Pr < Hrc,['Calculated levels of retinopathy severity worse eye. The worse eye is the eye with the more severe retinopathy.'],['Both males and females 40 YEARS - 150 YEARS'],[nan],,
117,OPDURET,70,Pr >: Hrc,['Calculated levels of retinopathy severity worse eye. The worse eye is the eye with the more severe retinopathy.'],['Both males and females 40 YEARS - 150 YEARS'],[nan],,
118,OPDURET,80,Total Vh,['Calculated levels of retinopathy severity worse eye. The worse eye is the eye with the more severe retinopathy.'],['Both males and females 40 YEARS - 150 YEARS'],[nan],,
119,OPDURET,.,Missing,['Calculated levels of retinopathy severity worse eye. The worse eye is the eye with the more severe retinopathy.'],['Both males and females 40 YEARS - 150 YEARS'],[nan],,
120,OPDURL4,1,No Retinopathy,['This variable provides information on four levels of retinopathy severity from the worse eye. The worse eye is the eye with the more severe retinopathy.'],['Both males and females 40 YEARS - 150 YEARS'],[nan],,
121,OPDURL4,2,Mild Npr,['This variable provides information on four levels of retinopathy severity from the worse eye. The worse eye is the eye with the more severe retinopathy.'],['Both males and females 40 YEARS - 150 YEARS'],[nan],,
122,OPDURL4,3,Moderate/Severe Npr,['This variable provides information on four levels of retinopathy severity from the worse eye. The worse eye is the eye with the more severe retinopathy.'],['Both males and females 40 YEARS - 150 YEARS'],[nan],,
123,OPDURL4,4,Pr (Proliferative),['This variable provides information on four levels of retinopathy severity from the worse eye. The worse eye is the eye with the more severe retinopathy.'],['Both males and females 40 YEARS - 150 YEARS'],[nan],,
124,OPDURL4,.,Missing,['This variable provides information on four levels of retinopathy severity from the worse eye. The worse eye is the eye with the more severe retinopathy.'],['Both males and females 40 YEARS - 150 YEARS'],[nan],,
125,OPDUARMA,0,No,['This field is coded for the presence or absence of any retinopathy from the worse eye. The worse eye is the eye with the more severe retinopathy.'],['Both males and females 40 YEARS - 150 YEARS'],[nan],,
126,OPDUARMA,1,Yes,['This field is coded for the presence or absence of any retinopathy from the worse eye. The worse eye is the eye with the more severe retinopathy.'],['Both males and females 40 YEARS - 150 YEARS'],[nan],,
127,OPDUARMA,.,Missing,['This field is coded for the presence or absence of any retinopathy from the worse eye. The worse eye is the eye with the more severe retinopathy.'],['Both males and females 40 YEARS - 150 YEARS'],[nan],,
128,OPDUHMA,0,None,['This summary variable provides information describing microaneurysms (MAS) only blot hemorrhages (HEM) only or both using two severity levels from the ETDRS standard 2A worse eye.'],['Both males and females 40 YEARS - 150 YEARS'],[nan],,
129,OPDUHMA,1,Questionable,['This summary variable provides information describing microaneurysms (MAS) only blot hemorrhages (HEM) only or both using two severity levels from the ETDRS standard 2A worse eye.'],['Both males and females 40 YEARS - 150 YEARS'],[nan],,
130,OPDUHMA,2,Mas Only,['This summary variable provides information describing microaneurysms (MAS) only blot hemorrhages (HEM) only or both using two severity levels from the ETDRS standard 2A worse eye.'],['Both males and females 40 YEARS - 150 YEARS'],[nan],,
131,OPDUHMA,3,Hem Only,['This summary variable provides information describing microaneurysms (MAS) only blot hemorrhages (HEM) only or both using two severity levels from the ETDRS standard 2A worse eye.'],['Both males and females 40 YEARS - 150 YEARS'],[nan],,
132,OPDUHMA,4,Hem+Mas < 2A,['This summary variable provides information describing microaneurysms (MAS) only blot hemorrhages (HEM) only or both using two severity levels from the ETDRS standard 2A worse eye.'],['Both males and females 40 YEARS - 150 YEARS'],[nan],,
133,OPDUHMA,5,Hem+Mas >: 2A,['This summary variable provides information describing microaneurysms (MAS) only blot hemorrhages (HEM) only or both using two severity levels from the ETDRS standard 2A worse eye.'],['Both males and females 40 YEARS - 150 YEARS'],[nan],,
134,OPDUHMA,.,Missing,['This summary variable provides information describing microaneurysms (MAS) only blot hemorrhages (HEM) only or both using two severity levels from the ETDRS standard 2A worse eye.'],['Both males and females 40 YEARS - 150 YEARS'],[nan],,
135,OPDUMA,0,No,['This variable provides information only on eyes with retinal microaneurysms and no retinal blot hemorrhage worse eye.'],['Both males and females 40 YEARS - 150 YEARS'],[nan],,
136,OPDUMA,1,Yes,['This variable provides information only on eyes with retinal microaneurysms and no retinal blot hemorrhage worse eye.'],['Both males and females 40 YEARS - 150 YEARS'],[nan],,
137,OPDUMA,.,Missing,['This variable provides information only on eyes with retinal microaneurysms and no retinal blot hemorrhage worse eye.'],['Both males and females 40 YEARS - 150 YEARS'],[nan],,
138,OPDUHEM,0,No,['This variable provides information only on eyes with retinal blot hemorrhages and no microaneurysms in the worse eye.'],['Both males and females 40 YEARS - 150 YEARS'],[nan],,
139,OPDUHEM,1,Yes,['This variable provides information only on eyes with retinal blot hemorrhages and no microaneurysms in the worse eye.'],['Both males and females 40 YEARS - 150 YEARS'],[nan],,
140,OPDUHEM,.,Missing,['This variable provides information only on eyes with retinal blot hemorrhages and no microaneurysms in the worse eye.'],['Both males and females 40 YEARS - 150 YEARS'],[nan],,
141,OPDUHE,0,No,['This variable provides information on the presence or absence of hard exudate in the worse eye. Hard exudate is a result of lipoprotein deposition in the retina and is usually associated with macular edema.'],['Both males and females 40 YEARS - 150 YEARS'],[nan],,
142,OPDUHE,1,Questionable,['This variable provides information on the presence or absence of hard exudate in the worse eye. Hard exudate is a result of lipoprotein deposition in the retina and is usually associated with macular edema.'],['Both males and females 40 YEARS - 150 YEARS'],[nan],,
143,OPDUHE,2,Yes,['This variable provides information on the presence or absence of hard exudate in the worse eye. Hard exudate is a result of lipoprotein deposition in the retina and is usually associated with macular edema.'],['Both males and females 40 YEARS - 150 YEARS'],[nan],,
144,OPDUHE,.,Missing,['This variable provides information on the presence or absence of hard exudate in the worse eye. Hard exudate is a result of lipoprotein deposition in the retina and is usually associated with macular edema.'],['Both males and females 40 YEARS - 150 YEARS'],[nan],,
145,OPDUSE,0,No,['This variable provides information on the presence or absence of soft exudate in the worse eye. Soft exudate sometimes called cotton wool spot is due to retinal nerve fiber layer infarction a result of retinal ischemia.'],['Both males and females 40 YEARS - 150 YEARS'],[nan],,
146,OPDUSE,1,Questionable,['This variable provides information on the presence or absence of soft exudate in the worse eye. Soft exudate sometimes called cotton wool spot is due to retinal nerve fiber layer infarction a result of retinal ischemia.'],['Both males and females 40 YEARS - 150 YEARS'],[nan],,
147,OPDUSE,2,Yes,['This variable provides information on the presence or absence of soft exudate in the worse eye. Soft exudate sometimes called cotton wool spot is due to retinal nerve fiber layer infarction a result of retinal ischemia.'],['Both males and females 40 YEARS - 150 YEARS'],[nan],,
148,OPDUSE,.,Missing,['This variable provides information on the presence or absence of soft exudate in the worse eye. Soft exudate sometimes called cotton wool spot is due to retinal nerve fiber layer infarction a result of retinal ischemia.'],['Both males and females 40 YEARS - 150 YEARS'],[nan],,
149,OPDUIRMA,0,None,['This variable provides information on the presence or absence of Intraretinal Microvascular Abnormalities (IRMA) from the worse eye. IRMA are retinal collateral vessels in areas of retinal ischemia indicating a more severe level of retinopathy. This variable is coded using the ETDRS photo standard 8A. Eyes with IRMA>=8A have more severe disease than eyes with standard <8A.'],['Both males and females 40 YEARS - 150 YEARS'],[nan],,
150,OPDUIRMA,1,Questionable,['This variable provides information on the presence or absence of Intraretinal Microvascular Abnormalities (IRMA) from the worse eye. IRMA are retinal collateral vessels in areas of retinal ischemia indicating a more severe level of retinopathy. This variable is coded using the ETDRS photo standard 8A. Eyes with IRMA>=8A have more severe disease than eyes with standard <8A.'],['Both males and females 40 YEARS - 150 YEARS'],[nan],,
151,OPDUIRMA,2,< 8A,['This variable provides information on the presence or absence of Intraretinal Microvascular Abnormalities (IRMA) from the worse eye. IRMA are retinal collateral vessels in areas of retinal ischemia indicating a more severe level of retinopathy. This variable is coded using the ETDRS photo standard 8A. Eyes with IRMA>=8A have more severe disease than eyes with standard <8A.'],['Both males and females 40 YEARS - 150 YEARS'],[nan],,
152,OPDUIRMA,3,>: 8A,['This variable provides information on the presence or absence of Intraretinal Microvascular Abnormalities (IRMA) from the worse eye. IRMA are retinal collateral vessels in areas of retinal ischemia indicating a more severe level of retinopathy. This variable is coded using the ETDRS photo standard 8A. Eyes with IRMA>=8A have more severe disease than eyes with standard <8A.'],['Both males and females 40 YEARS - 150 YEARS'],[nan],,
153,OPDUIRMA,.,Missing,['This variable provides information on the presence or absence of Intraretinal Microvascular Abnormalities (IRMA) from the worse eye. IRMA are retinal collateral vessels in areas of retinal ischemia indicating a more severe level of retinopathy. This variable is coded using the ETDRS photo standard 8A. Eyes with IRMA>=8A have more severe disease than eyes with standard <8A.'],['Both males and females 40 YEARS - 150 YEARS'],[nan],,
154,OPDUVB,0,No,['This variable provides information on the presence or absence of retinal venous beading from the worse eye. Venous beading is a manifestation of severe retinal ischemia.'],['Both males and females 40 YEARS - 150 YEARS'],[nan],,
155,OPDUVB,1,Questionable,['This variable provides information on the presence or absence of retinal venous beading from the worse eye. Venous beading is a manifestation of severe retinal ischemia.'],['Both males and females 40 YEARS - 150 YEARS'],[nan],,
156,OPDUVB,2,Yes,['This variable provides information on the presence or absence of retinal venous beading from the worse eye. Venous beading is a manifestation of severe retinal ischemia.'],['Both males and females 40 YEARS - 150 YEARS'],[nan],,
157,OPDUVB,.,Missing,['This variable provides information on the presence or absence of retinal venous beading from the worse eye. Venous beading is a manifestation of severe retinal ischemia.'],['Both males and females 40 YEARS - 150 YEARS'],[nan],,
158,OPDUNVO,0,None,['This variable provides information on the presence or absence of retinal new vessels on the optic disc area from the worse eye. Retinal new vessels on the optic disc area are a manifestation of proliferative retinopathy due to retinal ischemia. This variable is coded using the ETDRS photo standard 10A. Eyes with standard>=10A have more new vessels than eyes with standard <10A.'],['Both males and females 40 YEARS - 150 YEARS'],[nan],,
159,OPDUNVO,1,Questionable,['This variable provides information on the presence or absence of retinal new vessels on the optic disc area from the worse eye. Retinal new vessels on the optic disc area are a manifestation of proliferative retinopathy due to retinal ischemia. This variable is coded using the ETDRS photo standard 10A. Eyes with standard>=10A have more new vessels than eyes with standard <10A.'],['Both males and females 40 YEARS - 150 YEARS'],[nan],,
160,OPDUNVO,2,< 10A,['This variable provides information on the presence or absence of retinal new vessels on the optic disc area from the worse eye. Retinal new vessels on the optic disc area are a manifestation of proliferative retinopathy due to retinal ischemia. This variable is coded using the ETDRS photo standard 10A. Eyes with standard>=10A have more new vessels than eyes with standard <10A.'],['Both males and females 40 YEARS - 150 YEARS'],[nan],,
161,OPDUNVO,3,>: 10A,['This variable provides information on the presence or absence of retinal new vessels on the optic disc area from the worse eye. Retinal new vessels on the optic disc area are a manifestation of proliferative retinopathy due to retinal ischemia. This variable is coded using the ETDRS photo standard 10A. Eyes with standard>=10A have more new vessels than eyes with standard <10A.'],['Both males and females 40 YEARS - 150 YEARS'],[nan],,
162,OPDUNVO,.,Missing,['This variable provides information on the presence or absence of retinal new vessels on the optic disc area from the worse eye. Retinal new vessels on the optic disc area are a manifestation of proliferative retinopathy due to retinal ischemia. This variable is coded using the ETDRS photo standard 10A. Eyes with standard>=10A have more new vessels than eyes with standard <10A.'],['Both males and females 40 YEARS - 150 YEARS'],[nan],,
163,OPDUNVE,0,None,['This variable provides information on the presence or absence of retinal new vessels elsewhere outside the optic disc margin in the worse eye. Retinal new vessels elsewhere outside the optic disc margin are a manifestation of proliferative retinopathy due to retinal ischemia. The more area affected the more severe the disease.'],['Both males and females 40 YEARS - 150 YEARS'],[nan],,
164,OPDUNVE,1,Questionable,['This variable provides information on the presence or absence of retinal new vessels elsewhere outside the optic disc margin in the worse eye. Retinal new vessels elsewhere outside the optic disc margin are a manifestation of proliferative retinopathy due to retinal ischemia. The more area affected the more severe the disease.'],['Both males and females 40 YEARS - 150 YEARS'],[nan],,
165,OPDUNVE,2,< 1/2 Disc Area,['This variable provides information on the presence or absence of retinal new vessels elsewhere outside the optic disc margin in the worse eye. Retinal new vessels elsewhere outside the optic disc margin are a manifestation of proliferative retinopathy due to retinal ischemia. The more area affected the more severe the disease.'],['Both males and females 40 YEARS - 150 YEARS'],[nan],,
166,OPDUNVE,3,>: 1/2 Disc Area,['This variable provides information on the presence or absence of retinal new vessels elsewhere outside the optic disc margin in the worse eye. Retinal new vessels elsewhere outside the optic disc margin are a manifestation of proliferative retinopathy due to retinal ischemia. The more area affected the more severe the disease.'],['Both males and females 40 YEARS - 150 YEARS'],[nan],,
167,OPDUNVE,.,Missing,['This variable provides information on the presence or absence of retinal new vessels elsewhere outside the optic disc margin in the worse eye. Retinal new vessels elsewhere outside the optic disc margin are a manifestation of proliferative retinopathy due to retinal ischemia. The more area affected the more severe the disease.'],['Both males and females 40 YEARS - 150 YEARS'],[nan],,
168,OPDURFP,0,None,['This variable provides information on the presence or absence of retinal fibrous proliferation in the worse eye. Retinal fibrous proliferation is a manifestation of proliferative retinopathy due to retinal ischemia. The more area affected the greater the disease.'],['Both males and females 40 YEARS - 150 YEARS'],[nan],,
169,OPDURFP,1,Questionable,['This variable provides information on the presence or absence of retinal fibrous proliferation in the worse eye. Retinal fibrous proliferation is a manifestation of proliferative retinopathy due to retinal ischemia. The more area affected the greater the disease.'],['Both males and females 40 YEARS - 150 YEARS'],[nan],,
170,OPDURFP,2,Fpd Only,['This variable provides information on the presence or absence of retinal fibrous proliferation in the worse eye. Retinal fibrous proliferation is a manifestation of proliferative retinopathy due to retinal ischemia. The more area affected the greater the disease.'],['Both males and females 40 YEARS - 150 YEARS'],[nan],,
171,OPDURFP,3,Fpe Only,['This variable provides information on the presence or absence of retinal fibrous proliferation in the worse eye. Retinal fibrous proliferation is a manifestation of proliferative retinopathy due to retinal ischemia. The more area affected the greater the disease.'],['Both males and females 40 YEARS - 150 YEARS'],[nan],,
172,OPDURFP,4,Fpd + Fpe,['This variable provides information on the presence or absence of retinal fibrous proliferation in the worse eye. Retinal fibrous proliferation is a manifestation of proliferative retinopathy due to retinal ischemia. The more area affected the greater the disease.'],['Both males and females 40 YEARS - 150 YEARS'],[nan],,
173,OPDURFP,.,Missing,['This variable provides information on the presence or absence of retinal fibrous proliferation in the worse eye. Retinal fibrous proliferation is a manifestation of proliferative retinopathy due to retinal ischemia. The more area affected the greater the disease.'],['Both males and females 40 YEARS - 150 YEARS'],[nan],,
174,OPDUPHVH,0,None,['This variable provides information on the presence or absence of pre-retinal hemorrhage or vitreous hemorrhage in the worse eye. Pre-retinal hemorrhage or vitreous hemorrhage is a manifestation of proliferative retinopathy due to retinal ischemia. The more area is affected the more severe the disease.'],['Both males and females 40 YEARS - 150 YEARS'],[nan],,
175,OPDUPHVH,1,Questionable,['This variable provides information on the presence or absence of pre-retinal hemorrhage or vitreous hemorrhage in the worse eye. Pre-retinal hemorrhage or vitreous hemorrhage is a manifestation of proliferative retinopathy due to retinal ischemia. The more area is affected the more severe the disease.'],['Both males and females 40 YEARS - 150 YEARS'],[nan],,
176,OPDUPHVH,2,< 1 Disc Area,['This variable provides information on the presence or absence of pre-retinal hemorrhage or vitreous hemorrhage in the worse eye. Pre-retinal hemorrhage or vitreous hemorrhage is a manifestation of proliferative retinopathy due to retinal ischemia. The more area is affected the more severe the disease.'],['Both males and females 40 YEARS - 150 YEARS'],[nan],,
177,OPDUPHVH,3,>: 1 Disc Area,['This variable provides information on the presence or absence of pre-retinal hemorrhage or vitreous hemorrhage in the worse eye. Pre-retinal hemorrhage or vitreous hemorrhage is a manifestation of proliferative retinopathy due to retinal ischemia. The more area is affected the more severe the disease.'],['Both males and females 40 YEARS - 150 YEARS'],[nan],,
178,OPDUPHVH,.,Missing,['This variable provides information on the presence or absence of pre-retinal hemorrhage or vitreous hemorrhage in the worse eye. Pre-retinal hemorrhage or vitreous hemorrhage is a manifestation of proliferative retinopathy due to retinal ischemia. The more area is affected the more severe the disease.'],['Both males and females 40 YEARS - 150 YEARS'],[nan],,
179,OPDUME,0,No,['This variable provides information on the presence or absence of macular edema by clinical significance from the worse eye. The definition for Clinically Significant Macular Edema (CSME) found in the NHANES Grading Protocol: CSME is considered present when edema involves the fovea or is within 500 microns of the fovea or when a 1+disc area of edema is present with at least a portion of it within the macula.'],['Both males and females 40 YEARS - 150 YEARS'],[nan],,
180,OPDUME,1,Questionable,['This variable provides information on the presence or absence of macular edema by clinical significance from the worse eye. The definition for Clinically Significant Macular Edema (CSME) found in the NHANES Grading Protocol: CSME is considered present when edema involves the fovea or is within 500 microns of the fovea or when a 1+disc area of edema is present with at least a portion of it within the macula.'],['Both males and females 40 YEARS - 150 YEARS'],[nan],,
181,OPDUME,2,"Yes, But Not Csme",['This variable provides information on the presence or absence of macular edema by clinical significance from the worse eye. The definition for Clinically Significant Macular Edema (CSME) found in the NHANES Grading Protocol: CSME is considered present when edema involves the fovea or is within 500 microns of the fovea or when a 1+disc area of edema is present with at least a portion of it within the macula.'],['Both males and females 40 YEARS - 150 YEARS'],[nan],,
182,OPDUME,3,Yes Csme,['This variable provides information on the presence or absence of macular edema by clinical significance from the worse eye. The definition for Clinically Significant Macular Edema (CSME) found in the NHANES Grading Protocol: CSME is considered present when edema involves the fovea or is within 500 microns of the fovea or when a 1+disc area of edema is present with at least a portion of it within the macula.'],['Both males and females 40 YEARS - 150 YEARS'],[nan],,
183,OPDUME,7,Other,['This variable provides information on the presence or absence of macular edema by clinical significance from the worse eye. The definition for Clinically Significant Macular Edema (CSME) found in the NHANES Grading Protocol: CSME is considered present when edema involves the fovea or is within 500 microns of the fovea or when a 1+disc area of edema is present with at least a portion of it within the macula.'],['Both males and females 40 YEARS - 150 YEARS'],[nan],,
184,OPDUME,.,Missing,['This variable provides information on the presence or absence of macular edema by clinical significance from the worse eye. The definition for Clinically Significant Macular Edema (CSME) found in the NHANES Grading Protocol: CSME is considered present when edema involves the fovea or is within 500 microns of the fovea or when a 1+disc area of edema is present with at least a portion of it within the macula.'],['Both males and females 40 YEARS - 150 YEARS'],[nan],,
185,OPDUMEC,0,None,['This variable provides information on the presence or absence of macular edema in the center from the worse eye. Center involvement specifies involvement of the fovea by macular edema. Cysts indicate more severe involvement usually associated with visual loss.'],['Both males and females 40 YEARS - 150 YEARS'],[nan],,
186,OPDUMEC,1,Questionable,['This variable provides information on the presence or absence of macular edema in the center from the worse eye. Center involvement specifies involvement of the fovea by macular edema. Cysts indicate more severe involvement usually associated with visual loss.'],['Both males and females 40 YEARS - 150 YEARS'],[nan],,
187,OPDUMEC,2,Present And Csme,['This variable provides information on the presence or absence of macular edema in the center from the worse eye. Center involvement specifies involvement of the fovea by macular edema. Cysts indicate more severe involvement usually associated with visual loss.'],['Both males and females 40 YEARS - 150 YEARS'],[nan],,
188,OPDUMEC,3,Csme With Cysts,['This variable provides information on the presence or absence of macular edema in the center from the worse eye. Center involvement specifies involvement of the fovea by macular edema. Cysts indicate more severe involvement usually associated with visual loss.'],['Both males and females 40 YEARS - 150 YEARS'],[nan],,
189,OPDUMEC,7,Other,['This variable provides information on the presence or absence of macular edema in the center from the worse eye. Center involvement specifies involvement of the fovea by macular edema. Cysts indicate more severe involvement usually associated with visual loss.'],['Both males and females 40 YEARS - 150 YEARS'],[nan],,
190,OPDUMEC,.,Missing,['This variable provides information on the presence or absence of macular edema in the center from the worse eye. Center involvement specifies involvement of the fovea by macular edema. Cysts indicate more severe involvement usually associated with visual loss.'],['Both males and females 40 YEARS - 150 YEARS'],[nan],,
191,OPDUPPS,0,None,['This variable provides information on the presence or absence of panretinal photocoagulation scars in the worse eye. Panretinal photocoagulation in a scatter pattern across the retina or in specific areas outside the macular area later results in scarring and is a surrogate for having had active severe disease. Local and/or scatter photocoagulation is usually done to prevent preretinal and vitreous hemorrhage or the development of retinal new vessels.'],['Both males and females 40 YEARS - 150 YEARS'],[nan],,
192,OPDUPPS,1,Questionable/Incomplete,['This variable provides information on the presence or absence of panretinal photocoagulation scars in the worse eye. Panretinal photocoagulation in a scatter pattern across the retina or in specific areas outside the macular area later results in scarring and is a surrogate for having had active severe disease. Local and/or scatter photocoagulation is usually done to prevent preretinal and vitreous hemorrhage or the development of retinal new vessels.'],['Both males and females 40 YEARS - 150 YEARS'],[nan],,
193,OPDUPPS,2,Local,['This variable provides information on the presence or absence of panretinal photocoagulation scars in the worse eye. Panretinal photocoagulation in a scatter pattern across the retina or in specific areas outside the macular area later results in scarring and is a surrogate for having had active severe disease. Local and/or scatter photocoagulation is usually done to prevent preretinal and vitreous hemorrhage or the development of retinal new vessels.'],['Both males and females 40 YEARS - 150 YEARS'],[nan],,
194,OPDUPPS,3,Scatter Only,['This variable provides information on the presence or absence of panretinal photocoagulation scars in the worse eye. Panretinal photocoagulation in a scatter pattern across the retina or in specific areas outside the macular area later results in scarring and is a surrogate for having had active severe disease. Local and/or scatter photocoagulation is usually done to prevent preretinal and vitreous hemorrhage or the development of retinal new vessels.'],['Both males and females 40 YEARS - 150 YEARS'],[nan],,
195,OPDUPPS,4,Scatter + Local,['This variable provides information on the presence or absence of panretinal photocoagulation scars in the worse eye. Panretinal photocoagulation in a scatter pattern across the retina or in specific areas outside the macular area later results in scarring and is a surrogate for having had active severe disease. Local and/or scatter photocoagulation is usually done to prevent preretinal and vitreous hemorrhage or the development of retinal new vessels.'],['Both males and females 40 YEARS - 150 YEARS'],[nan],,
196,OPDUPPS,.,Missing,['This variable provides information on the presence or absence of panretinal photocoagulation scars in the worse eye. Panretinal photocoagulation in a scatter pattern across the retina or in specific areas outside the macular area later results in scarring and is a surrogate for having had active severe disease. Local and/or scatter photocoagulation is usually done to prevent preretinal and vitreous hemorrhage or the development of retinal new vessels.'],['Both males and females 40 YEARS - 150 YEARS'],[nan],,
197,OPDUFOC,0,None,['This variable provides information on the presence or absence of focal laser photocoagulation from the worse eye. It can appear either as treatment of leaking retinal microaneurysms (MA Rx only) or in a grid pattern in macula done for the treatment of localized or diffuse macular edema (Grid only) or sometimes together.'],['Both males and females 40 YEARS - 150 YEARS'],[nan],,
198,OPDUFOC,1,Questionable,['This variable provides information on the presence or absence of focal laser photocoagulation from the worse eye. It can appear either as treatment of leaking retinal microaneurysms (MA Rx only) or in a grid pattern in macula done for the treatment of localized or diffuse macular edema (Grid only) or sometimes together.'],['Both males and females 40 YEARS - 150 YEARS'],[nan],,
199,OPDUFOC,2,Ma Rx Only,['This variable provides information on the presence or absence of focal laser photocoagulation from the worse eye. It can appear either as treatment of leaking retinal microaneurysms (MA Rx only) or in a grid pattern in macula done for the treatment of localized or diffuse macular edema (Grid only) or sometimes together.'],['Both males and females 40 YEARS - 150 YEARS'],[nan],,
200,OPDUFOC,3,Grid Only,['This variable provides information on the presence or absence of focal laser photocoagulation from the worse eye. It can appear either as treatment of leaking retinal microaneurysms (MA Rx only) or in a grid pattern in macula done for the treatment of localized or diffuse macular edema (Grid only) or sometimes together.'],['Both males and females 40 YEARS - 150 YEARS'],[nan],,
201,OPDUFOC,4,Ma Rx & Grid Rx,['This variable provides information on the presence or absence of focal laser photocoagulation from the worse eye. It can appear either as treatment of leaking retinal microaneurysms (MA Rx only) or in a grid pattern in macula done for the treatment of localized or diffuse macular edema (Grid only) or sometimes together.'],['Both males and females 40 YEARS - 150 YEARS'],[nan],,
202,OPDUFOC,.,Missing,['This variable provides information on the presence or absence of focal laser photocoagulation from the worse eye. It can appear either as treatment of leaking retinal microaneurysms (MA Rx only) or in a grid pattern in macula done for the treatment of localized or diffuse macular edema (Grid only) or sometimes together.'],['Both males and females 40 YEARS - 150 YEARS'],[nan],,
203,OPDUARM,0,No Arm,['This variable provides information on the 3-level severity classification of age-related macular degeneration (ARM) from the worse eye. Early ARM is defined by presence or absence of drusen and/or pigmentary abnormalities; late ARM by exudative ARM signs and/or geographic atrophy.'],['Both males and females 40 YEARS - 150 YEARS'],[nan],,
204,OPDUARM,1,Early Arm,['This variable provides information on the 3-level severity classification of age-related macular degeneration (ARM) from the worse eye. Early ARM is defined by presence or absence of drusen and/or pigmentary abnormalities; late ARM by exudative ARM signs and/or geographic atrophy.'],['Both males and females 40 YEARS - 150 YEARS'],[nan],,
205,OPDUARM,2,Late Arm,['This variable provides information on the 3-level severity classification of age-related macular degeneration (ARM) from the worse eye. Early ARM is defined by presence or absence of drusen and/or pigmentary abnormalities; late ARM by exudative ARM signs and/or geographic atrophy.'],['Both males and females 40 YEARS - 150 YEARS'],[nan],,
206,OPDUARM,.,Missing,['This variable provides information on the 3-level severity classification of age-related macular degeneration (ARM) from the worse eye. Early ARM is defined by presence or absence of drusen and/or pigmentary abnormalities; late ARM by exudative ARM signs and/or geographic atrophy.'],['Both males and females 40 YEARS - 150 YEARS'],[nan],,
207,OPDUPIGA,0,No,['This variable provides information on the presence or absence of increased retinal pigment and/or RPE depigmentation a manifestation of early ARM in absence of signs of late ARM from the worse eye.'],['Both males and females 40 YEARS - 150 YEARS'],[nan],,
208,OPDUPIGA,1,Yes,['This variable provides information on the presence or absence of increased retinal pigment and/or RPE depigmentation a manifestation of early ARM in absence of signs of late ARM from the worse eye.'],['Both males and females 40 YEARS - 150 YEARS'],[nan],,
209,OPDUPIGA,.,Missing,['This variable provides information on the presence or absence of increased retinal pigment and/or RPE depigmentation a manifestation of early ARM in absence of signs of late ARM from the worse eye.'],['Both males and females 40 YEARS - 150 YEARS'],[nan],,
210,OPDULARM,0,No,['This variable provides information on the presence or absence of exudative ARM and/or geographic atrophy from the worse eye.'],['Both males and females 40 YEARS - 150 YEARS'],[nan],,
211,OPDULARM,1,Yes,['This variable provides information on the presence or absence of exudative ARM and/or geographic atrophy from the worse eye.'],['Both males and females 40 YEARS - 150 YEARS'],[nan],,
212,OPDULARM,.,Missing,['This variable provides information on the presence or absence of exudative ARM and/or geographic atrophy from the worse eye.'],['Both males and females 40 YEARS - 150 YEARS'],[nan],,
213,OPDUGA,0,No,['This variable provides information on the presence or absence of pure geographic atrophy in the absence of signs of Exudative ARM worse eye'],['Both males and females 40 YEARS - 150 YEARS'],[nan],,
214,OPDUGA,1,Yes,['This variable provides information on the presence or absence of pure geographic atrophy in the absence of signs of Exudative ARM worse eye'],['Both males and females 40 YEARS - 150 YEARS'],[nan],,
215,OPDUGA,.,Missing,['This variable provides information on the presence or absence of pure geographic atrophy in the absence of signs of Exudative ARM worse eye'],['Both males and females 40 YEARS - 150 YEARS'],[nan],,
216,OPDUEXU,0,No,['This variable provides information on the presence or absence of exudative ARM from the worse eye.'],['Both males and females 40 YEARS - 150 YEARS'],[nan],,
217,OPDUEXU,1,Yes,['This variable provides information on the presence or absence of exudative ARM from the worse eye.'],['Both males and females 40 YEARS - 150 YEARS'],[nan],,
218,OPDUEXU,.,Missing,['This variable provides information on the presence or absence of exudative ARM from the worse eye.'],['Both males and females 40 YEARS - 150 YEARS'],[nan],,
219,OPDUHD,0,No,['This variable provides information on the presence or absence of hard distinct drusen from the worse eye.'],['Both males and females 40 YEARS - 150 YEARS'],[nan],,
220,OPDUHD,1,Yes,['This variable provides information on the presence or absence of hard distinct drusen from the worse eye.'],['Both males and females 40 YEARS - 150 YEARS'],[nan],,
221,OPDUHD,.,Missing,['This variable provides information on the presence or absence of hard distinct drusen from the worse eye.'],['Both males and females 40 YEARS - 150 YEARS'],[nan],,
222,OPDUD125,0,No,['This variable provides information on the presence or absence of large drusen greater than or equal to 125 microns in diameter from the worse eye.'],['Both males and females 40 YEARS - 150 YEARS'],[nan],,
223,OPDUD125,1,Yes,['This variable provides information on the presence or absence of large drusen greater than or equal to 125 microns in diameter from the worse eye.'],['Both males and females 40 YEARS - 150 YEARS'],[nan],,
224,OPDUD125,.,Missing,['This variable provides information on the presence or absence of large drusen greater than or equal to 125 microns in diameter from the worse eye.'],['Both males and females 40 YEARS - 150 YEARS'],[nan],,
225,OPDUD500,0,No,['This variable provides information on the presence or absence of large drusen greater than or equal to 500 microns in diameter from the worse eye.'],['Both males and females 40 YEARS - 150 YEARS'],[nan],,
226,OPDUD500,1,Yes,['This variable provides information on the presence or absence of large drusen greater than or equal to 500 microns in diameter from the worse eye.'],['Both males and females 40 YEARS - 150 YEARS'],[nan],,
227,OPDUD500,.,Missing,['This variable provides information on the presence or absence of large drusen greater than or equal to 500 microns in diameter from the worse eye.'],['Both males and females 40 YEARS - 150 YEARS'],[nan],,
228,OPDUASD,0,No,['This variable provides information on the presence or absence of any soft indistinct and/or soft distinct drusen from the worse eye.'],['Both males and females 40 YEARS - 150 YEARS'],[nan],,
229,OPDUASD,1,Yes,['This variable provides information on the presence or absence of any soft indistinct and/or soft distinct drusen from the worse eye.'],['Both males and females 40 YEARS - 150 YEARS'],[nan],,
230,OPDUASD,.,Missing,['This variable provides information on the presence or absence of any soft indistinct and/or soft distinct drusen from the worse eye.'],['Both males and females 40 YEARS - 150 YEARS'],[nan],,
231,OPDUSDD,0,No,['This variable provides information on the presence or absence of soft distinct drusen from the worse eye.'],['Both males and females 40 YEARS - 150 YEARS'],[nan],,
232,OPDUSDD,1,Yes,['This variable provides information on the presence or absence of soft distinct drusen from the worse eye.'],['Both males and females 40 YEARS - 150 YEARS'],[nan],,
233,OPDUSDD,.,Missing,['This variable provides information on the presence or absence of soft distinct drusen from the worse eye.'],['Both males and females 40 YEARS - 150 YEARS'],[nan],,
234,OPDUSID,0,No,['This variable provides information on the presence or absence of soft indistinct drusen from the worse eye.'],['Both males and females 40 YEARS - 150 YEARS'],[nan],,
235,OPDUSID,1,Yes,['This variable provides information on the presence or absence of soft indistinct drusen from the worse eye.'],['Both males and females 40 YEARS - 150 YEARS'],[nan],,
236,OPDUSID,.,Missing,['This variable provides information on the presence or absence of soft indistinct drusen from the worse eye.'],['Both males and females 40 YEARS - 150 YEARS'],[nan],,
237,OPDUIRP,0,No,['This variable provides information on the presence or absence of increased retinal pigment due to disruption of the retinal pigment epithelium in early ARM from the worse eye.'],['Both males and females 40 YEARS - 150 YEARS'],[nan],,
238,OPDUIRP,1,Yes,['This variable provides information on the presence or absence of increased retinal pigment due to disruption of the retinal pigment epithelium in early ARM from the worse eye.'],['Both males and females 40 YEARS - 150 YEARS'],[nan],,
239,OPDUIRP,.,Missing,['This variable provides information on the presence or absence of increased retinal pigment due to disruption of the retinal pigment epithelium in early ARM from the worse eye.'],['Both males and females 40 YEARS - 150 YEARS'],[nan],,
240,OPDURPE,0,No,['This variable provides information on the presence or absence of decreased retinal pigmentation due to disruption of the retinal pigment epithelium in early ARM from the worse eye.'],['Both males and females 40 YEARS - 150 YEARS'],[nan],,
241,OPDURPE,1,Yes,['This variable provides information on the presence or absence of decreased retinal pigmentation due to disruption of the retinal pigment epithelium in early ARM from the worse eye.'],['Both males and females 40 YEARS - 150 YEARS'],[nan],,
242,OPDURPE,.,Missing,['This variable provides information on the presence or absence of decreased retinal pigmentation due to disruption of the retinal pigment epithelium in early ARM from the worse eye.'],['Both males and females 40 YEARS - 150 YEARS'],[nan],,
243,OPDUAGA,0,No,['This variable provides information on the presence or absence of any geographic atrophy from the worse eye.'],['Both males and females 40 YEARS - 150 YEARS'],[nan],,
244,OPDUAGA,1,Yes,['This variable provides information on the presence or absence of any geographic atrophy from the worse eye.'],['Both males and females 40 YEARS - 150 YEARS'],[nan],,
245,OPDUAGA,.,Missing,['This variable provides information on the presence or absence of any geographic atrophy from the worse eye.'],['Both males and females 40 YEARS - 150 YEARS'],[nan],,
246,OPDUPED,0,No,['This variable provides information on the presence or absence of Retinal Pigment Epithelial detachment/ Sensory Retinal detachment a sign of exudative ARM from the worse eye.'],['Both males and females 40 YEARS - 150 YEARS'],[nan],,
247,OPDUPED,1,Yes,['This variable provides information on the presence or absence of Retinal Pigment Epithelial detachment/ Sensory Retinal detachment a sign of exudative ARM from the worse eye.'],['Both males and females 40 YEARS - 150 YEARS'],[nan],,
248,OPDUPED,.,Missing,['This variable provides information on the presence or absence of Retinal Pigment Epithelial detachment/ Sensory Retinal detachment a sign of exudative ARM from the worse eye.'],['Both males and females 40 YEARS - 150 YEARS'],[nan],,
249,OPDUSNV,0,No,['This variable provides information on the presence or absence of subretinal new vessels a sign of exudative ARM from the worse eye.'],['Both males and females 40 YEARS - 150 YEARS'],[nan],,
250,OPDUSNV,1,Yes,['This variable provides information on the presence or absence of subretinal new vessels a sign of exudative ARM from the worse eye.'],['Both males and females 40 YEARS - 150 YEARS'],[nan],,
251,OPDUSNV,.,Missing,['This variable provides information on the presence or absence of subretinal new vessels a sign of exudative ARM from the worse eye.'],['Both males and females 40 YEARS - 150 YEARS'],[nan],,
252,OPDUSUBH,0,No,['This variable provides information on the presence or absence of subretinal hemorrhage a sign of exudative ARM from the worse eye.'],['Both males and females 40 YEARS - 150 YEARS'],[nan],,
253,OPDUSUBH,1,Yes,['This variable provides information on the presence or absence of subretinal hemorrhage a sign of exudative ARM from the worse eye.'],['Both males and females 40 YEARS - 150 YEARS'],[nan],,
254,OPDUSUBH,.,Missing,['This variable provides information on the presence or absence of subretinal hemorrhage a sign of exudative ARM from the worse eye.'],['Both males and females 40 YEARS - 150 YEARS'],[nan],,
255,OPDUSFS,0,No,['This variable provides information on the presence or absence of subretinal fibrous scar a sign of exudative ARM from the worse eye.'],['Both males and females 40 YEARS - 150 YEARS'],[nan],,
256,OPDUSFS,1,Yes,['This variable provides information on the presence or absence of subretinal fibrous scar a sign of exudative ARM from the worse eye.'],['Both males and females 40 YEARS - 150 YEARS'],[nan],,
257,OPDUSFS,.,Missing,['This variable provides information on the presence or absence of subretinal fibrous scar a sign of exudative ARM from the worse eye.'],['Both males and females 40 YEARS - 150 YEARS'],[nan],,
258,OPDUARMX,0,No,['This variable provides information on the presence or absence of 3 types of treatment for exudative ARM in the worse eye: laser photodynamic and/or thermal treatment. The presence or absence of these treatments is a sign of exudative ARM.'],['Both males and females 40 YEARS - 150 YEARS'],[nan],,
259,OPDUARMX,1,Yes,['This variable provides information on the presence or absence of 3 types of treatment for exudative ARM in the worse eye: laser photodynamic and/or thermal treatment. The presence or absence of these treatments is a sign of exudative ARM.'],['Both males and females 40 YEARS - 150 YEARS'],[nan],,
260,OPDUARMX,.,Missing,['This variable provides information on the presence or absence of 3 types of treatment for exudative ARM in the worse eye: laser photodynamic and/or thermal treatment. The presence or absence of these treatments is a sign of exudative ARM.'],['Both males and females 40 YEARS - 150 YEARS'],[nan],,
261,OPDUBCO,0,No,['This variable provides information on the presence or absence of retinal artery occlusion (branch or central) a blockage of retinal arteriole or artery resulting in infarction of the retina from the worse eye.'],['Both males and females 40 YEARS - 150 YEARS'],[nan],,
262,OPDUBCO,1,Questionable,['This variable provides information on the presence or absence of retinal artery occlusion (branch or central) a blockage of retinal arteriole or artery resulting in infarction of the retina from the worse eye.'],['Both males and females 40 YEARS - 150 YEARS'],[nan],,
263,OPDUBCO,2,Yes,['This variable provides information on the presence or absence of retinal artery occlusion (branch or central) a blockage of retinal arteriole or artery resulting in infarction of the retina from the worse eye.'],['Both males and females 40 YEARS - 150 YEARS'],[nan],,
264,OPDUBCO,3,"Yes, In Center",['This variable provides information on the presence or absence of retinal artery occlusion (branch or central) a blockage of retinal arteriole or artery resulting in infarction of the retina from the worse eye.'],['Both males and females 40 YEARS - 150 YEARS'],[nan],,
265,OPDUBCO,.,Missing,['This variable provides information on the presence or absence of retinal artery occlusion (branch or central) a blockage of retinal arteriole or artery resulting in infarction of the retina from the worse eye.'],['Both males and females 40 YEARS - 150 YEARS'],[nan],,
266,OPDUBVO,0,No,['This variable provides information on the presence or absence of retinal branch vein occlusion a blockage of retinal branch venule (level 12 in the retinopathy severity scale variable OPDURET) from the worse eye.'],['Both males and females 40 YEARS - 150 YEARS'],[nan],,
267,OPDUBVO,1,Questionable,['This variable provides information on the presence or absence of retinal branch vein occlusion a blockage of retinal branch venule (level 12 in the retinopathy severity scale variable OPDURET) from the worse eye.'],['Both males and females 40 YEARS - 150 YEARS'],[nan],,
268,OPDUBVO,2,Yes,['This variable provides information on the presence or absence of retinal branch vein occlusion a blockage of retinal branch venule (level 12 in the retinopathy severity scale variable OPDURET) from the worse eye.'],['Both males and females 40 YEARS - 150 YEARS'],[nan],,
269,OPDUBVO,3,"Yes, In Center",['This variable provides information on the presence or absence of retinal branch vein occlusion a blockage of retinal branch venule (level 12 in the retinopathy severity scale variable OPDURET) from the worse eye.'],['Both males and females 40 YEARS - 150 YEARS'],[nan],,
270,OPDUBVO,.,Missing,['This variable provides information on the presence or absence of retinal branch vein occlusion a blockage of retinal branch venule (level 12 in the retinopathy severity scale variable OPDURET) from the worse eye.'],['Both males and females 40 YEARS - 150 YEARS'],[nan],,
271,OPDUCVO,0,No,['This variable provides information on the presence or absence of retinal central vein occlusion (RCVO) from the worse eye; blockage of the retinal central vein (level 12 in the retinal severity scale variable OPDURET).'],['Both males and females 40 YEARS - 150 YEARS'],[nan],,
272,OPDUCVO,1,Questionable,['This variable provides information on the presence or absence of retinal central vein occlusion (RCVO) from the worse eye; blockage of the retinal central vein (level 12 in the retinal severity scale variable OPDURET).'],['Both males and females 40 YEARS - 150 YEARS'],[nan],,
273,OPDUCVO,2,Yes,['This variable provides information on the presence or absence of retinal central vein occlusion (RCVO) from the worse eye; blockage of the retinal central vein (level 12 in the retinal severity scale variable OPDURET).'],['Both males and females 40 YEARS - 150 YEARS'],[nan],,
274,OPDUCVO,3,"Yes, In Center",['This variable provides information on the presence or absence of retinal central vein occlusion (RCVO) from the worse eye; blockage of the retinal central vein (level 12 in the retinal severity scale variable OPDURET).'],['Both males and females 40 YEARS - 150 YEARS'],[nan],,
275,OPDUCVO,.,Missing,['This variable provides information on the presence or absence of retinal central vein occlusion (RCVO) from the worse eye; blockage of the retinal central vein (level 12 in the retinal severity scale variable OPDURET).'],['Both males and females 40 YEARS - 150 YEARS'],[nan],,
276,OPDUAVN,0,No,['This variable provides information on the presence or absence of retinal arterio-venous nicking a pinching of the vein at an artery crossing from the worse eye. May be secondary to hypertension. Refer to the NHANES Detailed Grading Protocol for more details.'],['Both males and females 40 YEARS - 150 YEARS'],[nan],,
277,OPDUAVN,1,Questionable,['This variable provides information on the presence or absence of retinal arterio-venous nicking a pinching of the vein at an artery crossing from the worse eye. May be secondary to hypertension. Refer to the NHANES Detailed Grading Protocol for more details.'],['Both males and females 40 YEARS - 150 YEARS'],[nan],,
278,OPDUAVN,2,Yes,['This variable provides information on the presence or absence of retinal arterio-venous nicking a pinching of the vein at an artery crossing from the worse eye. May be secondary to hypertension. Refer to the NHANES Detailed Grading Protocol for more details.'],['Both males and females 40 YEARS - 150 YEARS'],[nan],,
279,OPDUAVN,.,Missing,['This variable provides information on the presence or absence of retinal arterio-venous nicking a pinching of the vein at an artery crossing from the worse eye. May be secondary to hypertension. Refer to the NHANES Detailed Grading Protocol for more details.'],['Both males and females 40 YEARS - 150 YEARS'],[nan],,
280,OPDUFAN,0,No,['This variable provides information on the presence or absence of retinal focal arteriolar narrowing focal pinching or narrowing of the arteriole from the worse eye. May be secondary to hypertension. Refer to the NHANES Detailed Grading Protocol for more details.'],['Both males and females 40 YEARS - 150 YEARS'],[nan],,
281,OPDUFAN,1,Questionable,['This variable provides information on the presence or absence of retinal focal arteriolar narrowing focal pinching or narrowing of the arteriole from the worse eye. May be secondary to hypertension. Refer to the NHANES Detailed Grading Protocol for more details.'],['Both males and females 40 YEARS - 150 YEARS'],[nan],,
282,OPDUFAN,2,Yes,['This variable provides information on the presence or absence of retinal focal arteriolar narrowing focal pinching or narrowing of the arteriole from the worse eye. May be secondary to hypertension. Refer to the NHANES Detailed Grading Protocol for more details.'],['Both males and females 40 YEARS - 150 YEARS'],[nan],,
283,OPDUFAN,.,Missing,['This variable provides information on the presence or absence of retinal focal arteriolar narrowing focal pinching or narrowing of the arteriole from the worse eye. May be secondary to hypertension. Refer to the NHANES Detailed Grading Protocol for more details.'],['Both males and females 40 YEARS - 150 YEARS'],[nan],,
284,OPDUHOLL,0,No,['This variable provides information on the presence or absence of retinal arteriolar embolus (Hollenhorst plaque) from the worse eye. Usually fibrin or cholesterol embolus seen in retinal arterioles often at a bifurcation of the vessel.'],['Both males and females 40 YEARS - 150 YEARS'],[nan],,
285,OPDUHOLL,1,Questionable,['This variable provides information on the presence or absence of retinal arteriolar embolus (Hollenhorst plaque) from the worse eye. Usually fibrin or cholesterol embolus seen in retinal arterioles often at a bifurcation of the vessel.'],['Both males and females 40 YEARS - 150 YEARS'],[nan],,
286,OPDUHOLL,2,Yes,['This variable provides information on the presence or absence of retinal arteriolar embolus (Hollenhorst plaque) from the worse eye. Usually fibrin or cholesterol embolus seen in retinal arterioles often at a bifurcation of the vessel.'],['Both males and females 40 YEARS - 150 YEARS'],[nan],,
287,OPDUHOLL,.,Missing,['This variable provides information on the presence or absence of retinal arteriolar embolus (Hollenhorst plaque) from the worse eye. Usually fibrin or cholesterol embolus seen in retinal arterioles often at a bifurcation of the vessel.'],['Both males and females 40 YEARS - 150 YEARS'],[nan],,
288,OPDUPPA,0,No,['This variables provides information on the presence or absence of peripapillary atrophy defined as retinal-choroidal atrophic area around the disc from the worse eye.'],['Both males and females 40 YEARS - 150 YEARS'],[nan],,
289,OPDUPPA,1,Questionable,['This variables provides information on the presence or absence of peripapillary atrophy defined as retinal-choroidal atrophic area around the disc from the worse eye.'],['Both males and females 40 YEARS - 150 YEARS'],[nan],,
290,OPDUPPA,2,Yes,['This variables provides information on the presence or absence of peripapillary atrophy defined as retinal-choroidal atrophic area around the disc from the worse eye.'],['Both males and females 40 YEARS - 150 YEARS'],[nan],,
291,OPDUPPA,.,Missing,['This variables provides information on the presence or absence of peripapillary atrophy defined as retinal-choroidal atrophic area around the disc from the worse eye.'],['Both males and females 40 YEARS - 150 YEARS'],[nan],,
292,OPDUASHY,0,No,['This variable provides information on the presence or absence of Asteroid Hyalosis soap-like crystals floating in the vitreous cavity in front of the retina which can obstruct the view of retinal lesions from the worse eye.'],['Both males and females 40 YEARS - 150 YEARS'],[nan],,
293,OPDUASHY,1,Questionable,['This variable provides information on the presence or absence of Asteroid Hyalosis soap-like crystals floating in the vitreous cavity in front of the retina which can obstruct the view of retinal lesions from the worse eye.'],['Both males and females 40 YEARS - 150 YEARS'],[nan],,
294,OPDUASHY,2,Yes,['This variable provides information on the presence or absence of Asteroid Hyalosis soap-like crystals floating in the vitreous cavity in front of the retina which can obstruct the view of retinal lesions from the worse eye.'],['Both males and females 40 YEARS - 150 YEARS'],[nan],,
295,OPDUASHY,3,"Yes, In Center",['This variable provides information on the presence or absence of Asteroid Hyalosis soap-like crystals floating in the vitreous cavity in front of the retina which can obstruct the view of retinal lesions from the worse eye.'],['Both males and females 40 YEARS - 150 YEARS'],[nan],,
296,OPDUASHY,.,Missing,['This variable provides information on the presence or absence of Asteroid Hyalosis soap-like crystals floating in the vitreous cavity in front of the retina which can obstruct the view of retinal lesions from the worse eye.'],['Both males and females 40 YEARS - 150 YEARS'],[nan],,
297,OPDUCHRA,0,No,['This variable provides information on the presence or absence of any chorioretinal abnormality from the worse eye.'],['Both males and females 40 YEARS - 150 YEARS'],[nan],,
298,OPDUCHRA,1,Questionable,['This variable provides information on the presence or absence of any chorioretinal abnormality from the worse eye.'],['Both males and females 40 YEARS - 150 YEARS'],[nan],,
299,OPDUCHRA,2,Yes,['This variable provides information on the presence or absence of any chorioretinal abnormality from the worse eye.'],['Both males and females 40 YEARS - 150 YEARS'],[nan],,
300,OPDUCHRA,3,"Yes, In Center",['This variable provides information on the presence or absence of any chorioretinal abnormality from the worse eye.'],['Both males and females 40 YEARS - 150 YEARS'],[nan],,
301,OPDUCHRA,.,Missing,['This variable provides information on the presence or absence of any chorioretinal abnormality from the worse eye.'],['Both males and females 40 YEARS - 150 YEARS'],[nan],,
302,OPDUMACH,0,No,['This variable provides information on the presence or absence of a macular hole a round sharply defined hole involving the center of the macula resulting in a decrease in visual acuity from the worse eye.'],['Both males and females 40 YEARS - 150 YEARS'],[nan],,
303,OPDUMACH,1,Questionable,['This variable provides information on the presence or absence of a macular hole a round sharply defined hole involving the center of the macula resulting in a decrease in visual acuity from the worse eye.'],['Both males and females 40 YEARS - 150 YEARS'],[nan],,
304,OPDUMACH,2,Yes,['This variable provides information on the presence or absence of a macular hole a round sharply defined hole involving the center of the macula resulting in a decrease in visual acuity from the worse eye.'],['Both males and females 40 YEARS - 150 YEARS'],[nan],,
305,OPDUMACH,.,Missing,['This variable provides information on the presence or absence of a macular hole a round sharply defined hole involving the center of the macula resulting in a decrease in visual acuity from the worse eye.'],['Both males and females 40 YEARS - 150 YEARS'],[nan],,
306,OPDUCHN,0,No,['This variable provides information on the presence or absence of choroidal nevus a localized increase in the number of pigment bearing cells in choroid usually round or oval in shape from the worse eye.'],['Both males and females 40 YEARS - 150 YEARS'],[nan],,
307,OPDUCHN,1,Questionable,['This variable provides information on the presence or absence of choroidal nevus a localized increase in the number of pigment bearing cells in choroid usually round or oval in shape from the worse eye.'],['Both males and females 40 YEARS - 150 YEARS'],[nan],,
308,OPDUCHN,2,Yes,['This variable provides information on the presence or absence of choroidal nevus a localized increase in the number of pigment bearing cells in choroid usually round or oval in shape from the worse eye.'],['Both males and females 40 YEARS - 150 YEARS'],[nan],,
309,OPDUCHN,3,"Yes, In Center",['This variable provides information on the presence or absence of choroidal nevus a localized increase in the number of pigment bearing cells in choroid usually round or oval in shape from the worse eye.'],['Both males and females 40 YEARS - 150 YEARS'],[nan],,
310,OPDUCHN,.,Missing,['This variable provides information on the presence or absence of choroidal nevus a localized increase in the number of pigment bearing cells in choroid usually round or oval in shape from the worse eye.'],['Both males and females 40 YEARS - 150 YEARS'],[nan],,
311,OPDUOTRX,0,No,['This variable provides information on the presence or absence of any other laser treatment for other conditions (i.e. local treatment for retinal detachment) from the worse eye.'],['Both males and females 40 YEARS - 150 YEARS'],[nan],,
312,OPDUOTRX,1,Questionable,['This variable provides information on the presence or absence of any other laser treatment for other conditions (i.e. local treatment for retinal detachment) from the worse eye.'],['Both males and females 40 YEARS - 150 YEARS'],[nan],,
313,OPDUOTRX,2,Yes,['This variable provides information on the presence or absence of any other laser treatment for other conditions (i.e. local treatment for retinal detachment) from the worse eye.'],['Both males and females 40 YEARS - 150 YEARS'],[nan],,
314,OPDUOTRX,3,"Yes, In Center",['This variable provides information on the presence or absence of any other laser treatment for other conditions (i.e. local treatment for retinal detachment) from the worse eye.'],['Both males and females 40 YEARS - 150 YEARS'],[nan],,
315,OPDUOTRX,.,Missing,['This variable provides information on the presence or absence of any other laser treatment for other conditions (i.e. local treatment for retinal detachment) from the worse eye.'],['Both males and females 40 YEARS - 150 YEARS'],[nan],,
316,OPDUPOHS,0,No,['This variable provides information on the presence or absence of Presumed Ocular Histoplasmosis Syndrome which usually manifests by peripapillary atrophic scars focal round chorioretinal active lesions or punched out scars from the worse eye.'],['Both males and females 40 YEARS - 150 YEARS'],[nan],,
317,OPDUPOHS,1,Questionable,['This variable provides information on the presence or absence of Presumed Ocular Histoplasmosis Syndrome which usually manifests by peripapillary atrophic scars focal round chorioretinal active lesions or punched out scars from the worse eye.'],['Both males and females 40 YEARS - 150 YEARS'],[nan],,
318,OPDUPOHS,2,Yes,['This variable provides information on the presence or absence of Presumed Ocular Histoplasmosis Syndrome which usually manifests by peripapillary atrophic scars focal round chorioretinal active lesions or punched out scars from the worse eye.'],['Both males and females 40 YEARS - 150 YEARS'],[nan],,
319,OPDUPOHS,3,"Yes, In Center",['This variable provides information on the presence or absence of Presumed Ocular Histoplasmosis Syndrome which usually manifests by peripapillary atrophic scars focal round chorioretinal active lesions or punched out scars from the worse eye.'],['Both males and females 40 YEARS - 150 YEARS'],[nan],,
320,OPDUPOHS,.,Missing,['This variable provides information on the presence or absence of Presumed Ocular Histoplasmosis Syndrome which usually manifests by peripapillary atrophic scars focal round chorioretinal active lesions or punched out scars from the worse eye.'],['Both males and females 40 YEARS - 150 YEARS'],[nan],,
321,OPDURDET,0,No,['This variable provides information on the presence or absence of traction or traumatic retinal detachment (not ARM Pigment Epithelial Detachment) from the worse eye.'],['Both males and females 40 YEARS - 150 YEARS'],[nan],,
322,OPDURDET,1,Questionable,['This variable provides information on the presence or absence of traction or traumatic retinal detachment (not ARM Pigment Epithelial Detachment) from the worse eye.'],['Both males and females 40 YEARS - 150 YEARS'],[nan],,
323,OPDURDET,2,Yes,['This variable provides information on the presence or absence of traction or traumatic retinal detachment (not ARM Pigment Epithelial Detachment) from the worse eye.'],['Both males and females 40 YEARS - 150 YEARS'],[nan],,
324,OPDURDET,3,"Yes, In Center",['This variable provides information on the presence or absence of traction or traumatic retinal detachment (not ARM Pigment Epithelial Detachment) from the worse eye.'],['Both males and females 40 YEARS - 150 YEARS'],[nan],,
325,OPDURDET,.,Missing,['This variable provides information on the presence or absence of traction or traumatic retinal detachment (not ARM Pigment Epithelial Detachment) from the worse eye.'],['Both males and females 40 YEARS - 150 YEARS'],[nan],,
326,OPDUSWR,0,No,['This variable provides information on the presence or absence of epiretinal membrane (cellophane changes) from the worse eye. Epiretinal membrane (cellophane changes) refers to a patch or patches of irregular increased reflection on the inner surface of the retina due to membrane cellophane changes only with no traction.'],['Both males and females 40 YEARS - 150 YEARS'],[nan],,
327,OPDUSWR,1,Questionable,['This variable provides information on the presence or absence of epiretinal membrane (cellophane changes) from the worse eye. Epiretinal membrane (cellophane changes) refers to a patch or patches of irregular increased reflection on the inner surface of the retina due to membrane cellophane changes only with no traction.'],['Both males and females 40 YEARS - 150 YEARS'],[nan],,
328,OPDUSWR,2,Yes,['This variable provides information on the presence or absence of epiretinal membrane (cellophane changes) from the worse eye. Epiretinal membrane (cellophane changes) refers to a patch or patches of irregular increased reflection on the inner surface of the retina due to membrane cellophane changes only with no traction.'],['Both males and females 40 YEARS - 150 YEARS'],[nan],,
329,OPDUSWR,3,"Yes, In Center",['This variable provides information on the presence or absence of epiretinal membrane (cellophane changes) from the worse eye. Epiretinal membrane (cellophane changes) refers to a patch or patches of irregular increased reflection on the inner surface of the retina due to membrane cellophane changes only with no traction.'],['Both males and females 40 YEARS - 150 YEARS'],[nan],,
330,OPDUSWR,.,Missing,['This variable provides information on the presence or absence of epiretinal membrane (cellophane changes) from the worse eye. Epiretinal membrane (cellophane changes) refers to a patch or patches of irregular increased reflection on the inner surface of the retina due to membrane cellophane changes only with no traction.'],['Both males and females 40 YEARS - 150 YEARS'],[nan],,
331,OPDUSWRT,0,No,['This variable provides information on the presence or absence of epiretinal membrane (retinal traction changes) from the worse eye. Epiretinal membrane (retinal traction changes) refers to a patch or patches of irregular increased reflection on the inner surface of the retina due to retinal traction changes of the membrane.'],['Both males and females 40 YEARS - 150 YEARS'],[nan],,
332,OPDUSWRT,1,Questionable,['This variable provides information on the presence or absence of epiretinal membrane (retinal traction changes) from the worse eye. Epiretinal membrane (retinal traction changes) refers to a patch or patches of irregular increased reflection on the inner surface of the retina due to retinal traction changes of the membrane.'],['Both males and females 40 YEARS - 150 YEARS'],[nan],,
333,OPDUSWRT,2,Yes,['This variable provides information on the presence or absence of epiretinal membrane (retinal traction changes) from the worse eye. Epiretinal membrane (retinal traction changes) refers to a patch or patches of irregular increased reflection on the inner surface of the retina due to retinal traction changes of the membrane.'],['Both males and females 40 YEARS - 150 YEARS'],[nan],,
334,OPDUSWRT,3,"Yes, In Center",['This variable provides information on the presence or absence of epiretinal membrane (retinal traction changes) from the worse eye. Epiretinal membrane (retinal traction changes) refers to a patch or patches of irregular increased reflection on the inner surface of the retina due to retinal traction changes of the membrane.'],['Both males and females 40 YEARS - 150 YEARS'],[nan],,
335,OPDUSWRT,.,Missing,['This variable provides information on the presence or absence of epiretinal membrane (retinal traction changes) from the worse eye. Epiretinal membrane (retinal traction changes) refers to a patch or patches of irregular increased reflection on the inner surface of the retina due to retinal traction changes of the membrane.'],['Both males and females 40 YEARS - 150 YEARS'],[nan],,
336,OPDUOTHC,0,No,['This variable provides information of other ocular conditions not graded elsewhere from the worse eye.'],['Both males and females 40 YEARS - 150 YEARS'],[nan],,
337,OPDUOTHC,1,Questionable,['This variable provides information of other ocular conditions not graded elsewhere from the worse eye.'],['Both males and females 40 YEARS - 150 YEARS'],[nan],,
338,OPDUOTHC,2,Yes,['This variable provides information of other ocular conditions not graded elsewhere from the worse eye.'],['Both males and females 40 YEARS - 150 YEARS'],[nan],,
339,OPDUOTHC,3,"Yes, In Center",['This variable provides information of other ocular conditions not graded elsewhere from the worse eye.'],['Both males and females 40 YEARS - 150 YEARS'],[nan],,
340,OPDUOTHC,.,Missing,['This variable provides information of other ocular conditions not graded elsewhere from the worse eye.'],['Both males and females 40 YEARS - 150 YEARS'],[nan],,
341,OPDDRET,10,No Retinopathy,['Calculated levels of retinopathy severity right eye.'],['Both males and females 40 YEARS - 150 YEARS'],[nan],,
342,OPDDRET,12,Non-Diabetic Retinal Disease Specific Retinopathy,['Calculated levels of retinopathy severity right eye.'],['Both males and females 40 YEARS - 150 YEARS'],[nan],,
343,OPDDRET,13,Questionable Retinopathy,['Calculated levels of retinopathy severity right eye.'],['Both males and females 40 YEARS - 150 YEARS'],[nan],,
344,OPDDRET,14,"He, Se, Irma, Vl But No Mas",['Calculated levels of retinopathy severity right eye.'],['Both males and females 40 YEARS - 150 YEARS'],[nan],,
345,OPDDRET,15,"Hem Only, No Mas",['Calculated levels of retinopathy severity right eye.'],['Both males and females 40 YEARS - 150 YEARS'],[nan],,
346,OPDDRET,20,Mas Only,['Calculated levels of retinopathy severity right eye.'],['Both males and females 40 YEARS - 150 YEARS'],[nan],,
347,OPDDRET,31,Early Npr,['Calculated levels of retinopathy severity right eye.'],['Both males and females 40 YEARS - 150 YEARS'],[nan],,
348,OPDDRET,41,Moderate Npr,['Calculated levels of retinopathy severity right eye.'],['Both males and females 40 YEARS - 150 YEARS'],[nan],,
349,OPDDRET,51,Severe Npr,['Calculated levels of retinopathy severity right eye.'],['Both males and females 40 YEARS - 150 YEARS'],[nan],,
350,OPDDRET,60,Fibrous Prolif. Only,['Calculated levels of retinopathy severity right eye.'],['Both males and females 40 YEARS - 150 YEARS'],[nan],,
351,OPDDRET,61,No Retinopathy But Prp Laser,['Calculated levels of retinopathy severity right eye.'],['Both males and females 40 YEARS - 150 YEARS'],[nan],,
352,OPDDRET,62,Mas Only +  Prp Laser,['Calculated levels of retinopathy severity right eye.'],['Both males and females 40 YEARS - 150 YEARS'],[nan],,
353,OPDDRET,63,Early Npr + Prp Laser,['Calculated levels of retinopathy severity right eye.'],['Both males and females 40 YEARS - 150 YEARS'],[nan],,
354,OPDDRET,64,Moderate/Severe Npr + Prp Laser,['Calculated levels of retinopathy severity right eye.'],['Both males and females 40 YEARS - 150 YEARS'],[nan],,
355,OPDDRET,65,Pr < Hrc,['Calculated levels of retinopathy severity right eye.'],['Both males and females 40 YEARS - 150 YEARS'],[nan],,
356,OPDDRET,70,Pr >: Hrc,['Calculated levels of retinopathy severity right eye.'],['Both males and females 40 YEARS - 150 YEARS'],[nan],,
357,OPDDRET,80,Total Vh,['Calculated levels of retinopathy severity right eye.'],['Both males and females 40 YEARS - 150 YEARS'],[nan],,
358,OPDDRET,.,Missing,['Calculated levels of retinopathy severity right eye.'],['Both males and females 40 YEARS - 150 YEARS'],[nan],,
359,OPDDRL4,1,No Retinopathy,['This variable provides information on four levels of retinopathy severity from the right eye.'],['Both males and females 40 YEARS - 150 YEARS'],[nan],,
360,OPDDRL4,2,Mild Npr,['This variable provides information on four levels of retinopathy severity from the right eye.'],['Both males and females 40 YEARS - 150 YEARS'],[nan],,
361,OPDDRL4,3,Moderate/Severe Npr,['This variable provides information on four levels of retinopathy severity from the right eye.'],['Both males and females 40 YEARS - 150 YEARS'],[nan],,
362,OPDDRL4,4,Pr (Proliferative),['This variable provides information on four levels of retinopathy severity from the right eye.'],['Both males and females 40 YEARS - 150 YEARS'],[nan],,
363,OPDDRL4,.,Missing,['This variable provides information on four levels of retinopathy severity from the right eye.'],['Both males and females 40 YEARS - 150 YEARS'],[nan],,
364,OPDDARMA,0,No,['This field is coded for the presence or absence of any retinopathy from the right eye.'],['Both males and females 40 YEARS - 150 YEARS'],[nan],,
365,OPDDARMA,1,Yes,['This field is coded for the presence or absence of any retinopathy from the right eye.'],['Both males and females 40 YEARS - 150 YEARS'],[nan],,
366,OPDDARMA,.,Missing,['This field is coded for the presence or absence of any retinopathy from the right eye.'],['Both males and females 40 YEARS - 150 YEARS'],[nan],,
367,OPDDHMA,0,None,['This summary variable provides information on describing microaneurysms (MAS) only blot hemorrhages (HEM) only or both using two severity levels using the ETDRS standard 2A right eye.'],['Both males and females 40 YEARS - 150 YEARS'],[nan],,
368,OPDDHMA,1,Questionable,['This summary variable provides information on describing microaneurysms (MAS) only blot hemorrhages (HEM) only or both using two severity levels using the ETDRS standard 2A right eye.'],['Both males and females 40 YEARS - 150 YEARS'],[nan],,
369,OPDDHMA,2,Mas Only,['This summary variable provides information on describing microaneurysms (MAS) only blot hemorrhages (HEM) only or both using two severity levels using the ETDRS standard 2A right eye.'],['Both males and females 40 YEARS - 150 YEARS'],[nan],,
370,OPDDHMA,3,Hem Only,['This summary variable provides information on describing microaneurysms (MAS) only blot hemorrhages (HEM) only or both using two severity levels using the ETDRS standard 2A right eye.'],['Both males and females 40 YEARS - 150 YEARS'],[nan],,
371,OPDDHMA,4,Hem+Mas < 2A,['This summary variable provides information on describing microaneurysms (MAS) only blot hemorrhages (HEM) only or both using two severity levels using the ETDRS standard 2A right eye.'],['Both males and females 40 YEARS - 150 YEARS'],[nan],,
372,OPDDHMA,5,Hem+Mas >: 2A,['This summary variable provides information on describing microaneurysms (MAS) only blot hemorrhages (HEM) only or both using two severity levels using the ETDRS standard 2A right eye.'],['Both males and females 40 YEARS - 150 YEARS'],[nan],,
373,OPDDHMA,.,Missing,['This summary variable provides information on describing microaneurysms (MAS) only blot hemorrhages (HEM) only or both using two severity levels using the ETDRS standard 2A right eye.'],['Both males and females 40 YEARS - 150 YEARS'],[nan],,
374,OPDDMA,0,No,['This variable provides information only on eyes with retinal microaneurysms and no retinal blot hemorrhage right eye.'],['Both males and females 40 YEARS - 150 YEARS'],[nan],,
375,OPDDMA,1,Yes,['This variable provides information only on eyes with retinal microaneurysms and no retinal blot hemorrhage right eye.'],['Both males and females 40 YEARS - 150 YEARS'],[nan],,
376,OPDDMA,.,Missing,['This variable provides information only on eyes with retinal microaneurysms and no retinal blot hemorrhage right eye.'],['Both males and females 40 YEARS - 150 YEARS'],[nan],,
377,OPDDHEM,0,No,['This variable provides information only on eyes with retinal blot hemorrhages and no microaneurysms in the right eye.'],['Both males and females 40 YEARS - 150 YEARS'],[nan],,
378,OPDDHEM,1,Yes,['This variable provides information only on eyes with retinal blot hemorrhages and no microaneurysms in the right eye.'],['Both males and females 40 YEARS - 150 YEARS'],[nan],,
379,OPDDHEM,.,Missing,['This variable provides information only on eyes with retinal blot hemorrhages and no microaneurysms in the right eye.'],['Both males and females 40 YEARS - 150 YEARS'],[nan],,
380,OPDDHE,0,No,['This variable provides information on the presence or absence of hard exudate in the right eye. Hard exudate is a result of lipoprotein deposition in the retina and is usually associated with macular edema.'],['Both males and females 40 YEARS - 150 YEARS'],[nan],,
381,OPDDHE,1,Questionable,['This variable provides information on the presence or absence of hard exudate in the right eye. Hard exudate is a result of lipoprotein deposition in the retina and is usually associated with macular edema.'],['Both males and females 40 YEARS - 150 YEARS'],[nan],,
382,OPDDHE,2,Yes,['This variable provides information on the presence or absence of hard exudate in the right eye. Hard exudate is a result of lipoprotein deposition in the retina and is usually associated with macular edema.'],['Both males and females 40 YEARS - 150 YEARS'],[nan],,
383,OPDDHE,.,Missing,['This variable provides information on the presence or absence of hard exudate in the right eye. Hard exudate is a result of lipoprotein deposition in the retina and is usually associated with macular edema.'],['Both males and females 40 YEARS - 150 YEARS'],[nan],,
384,OPDDSE,0,No,['This variable provides information on the presence or absence of soft exudate in the right eye. Soft exudate sometimes called cotton wool spot is due to retinal nerve fiber layer infarction a result of retinal ischemia.'],['Both males and females 40 YEARS - 150 YEARS'],[nan],,
385,OPDDSE,1,Questionable,['This variable provides information on the presence or absence of soft exudate in the right eye. Soft exudate sometimes called cotton wool spot is due to retinal nerve fiber layer infarction a result of retinal ischemia.'],['Both males and females 40 YEARS - 150 YEARS'],[nan],,
386,OPDDSE,2,Yes,['This variable provides information on the presence or absence of soft exudate in the right eye. Soft exudate sometimes called cotton wool spot is due to retinal nerve fiber layer infarction a result of retinal ischemia.'],['Both males and females 40 YEARS - 150 YEARS'],[nan],,
387,OPDDSE,.,Missing,['This variable provides information on the presence or absence of soft exudate in the right eye. Soft exudate sometimes called cotton wool spot is due to retinal nerve fiber layer infarction a result of retinal ischemia.'],['Both males and females 40 YEARS - 150 YEARS'],[nan],,
388,OPDDIRMA,0,None,['This variable provides information on the presence or absence of Intraretinal Microvascular Abnormalities (IRMA) from the right eye. IRMA are retinal collateral vessels in areas of retinal ischemia indicating a more severe level of retinopathy. This variable is coded using the ETDRS photo standard 8A. Eyes with IRMA>=8A have more severe disease than eyes with standard <8A.'],['Both males and females 40 YEARS - 150 YEARS'],[nan],,
389,OPDDIRMA,1,Questionable,['This variable provides information on the presence or absence of Intraretinal Microvascular Abnormalities (IRMA) from the right eye. IRMA are retinal collateral vessels in areas of retinal ischemia indicating a more severe level of retinopathy. This variable is coded using the ETDRS photo standard 8A. Eyes with IRMA>=8A have more severe disease than eyes with standard <8A.'],['Both males and females 40 YEARS - 150 YEARS'],[nan],,
390,OPDDIRMA,2,< 8A,['This variable provides information on the presence or absence of Intraretinal Microvascular Abnormalities (IRMA) from the right eye. IRMA are retinal collateral vessels in areas of retinal ischemia indicating a more severe level of retinopathy. This variable is coded using the ETDRS photo standard 8A. Eyes with IRMA>=8A have more severe disease than eyes with standard <8A.'],['Both males and females 40 YEARS - 150 YEARS'],[nan],,
391,OPDDIRMA,3,>: 8A,['This variable provides information on the presence or absence of Intraretinal Microvascular Abnormalities (IRMA) from the right eye. IRMA are retinal collateral vessels in areas of retinal ischemia indicating a more severe level of retinopathy. This variable is coded using the ETDRS photo standard 8A. Eyes with IRMA>=8A have more severe disease than eyes with standard <8A.'],['Both males and females 40 YEARS - 150 YEARS'],[nan],,
392,OPDDIRMA,.,Missing,['This variable provides information on the presence or absence of Intraretinal Microvascular Abnormalities (IRMA) from the right eye. IRMA are retinal collateral vessels in areas of retinal ischemia indicating a more severe level of retinopathy. This variable is coded using the ETDRS photo standard 8A. Eyes with IRMA>=8A have more severe disease than eyes with standard <8A.'],['Both males and females 40 YEARS - 150 YEARS'],[nan],,
393,OPDDVB,0,No,['This variable provides information on the presence or absence of retinal venous beading from the right eye. Venous beading is a manifestation of severe retinal ischemia.'],['Both males and females 40 YEARS - 150 YEARS'],[nan],,
394,OPDDVB,1,Questionable,['This variable provides information on the presence or absence of retinal venous beading from the right eye. Venous beading is a manifestation of severe retinal ischemia.'],['Both males and females 40 YEARS - 150 YEARS'],[nan],,
395,OPDDVB,2,Yes,['This variable provides information on the presence or absence of retinal venous beading from the right eye. Venous beading is a manifestation of severe retinal ischemia.'],['Both males and females 40 YEARS - 150 YEARS'],[nan],,
396,OPDDVB,.,Missing,['This variable provides information on the presence or absence of retinal venous beading from the right eye. Venous beading is a manifestation of severe retinal ischemia.'],['Both males and females 40 YEARS - 150 YEARS'],[nan],,
397,OPDDNVO,0,None,['This variable provides information on the presence or absence of retinal new vessels on the optic disc area from the right eye. Retinal new vessels on the optic disc area are a manifestation of proliferative retinopathy due to retinal ischemia. This variable is coded using the ETDRS photo standard 10A. Eyes with standard>=10A have more severe vessels than eyes with standard <10A.'],['Both males and females 40 YEARS - 150 YEARS'],[nan],,
398,OPDDNVO,1,Questionable,['This variable provides information on the presence or absence of retinal new vessels on the optic disc area from the right eye. Retinal new vessels on the optic disc area are a manifestation of proliferative retinopathy due to retinal ischemia. This variable is coded using the ETDRS photo standard 10A. Eyes with standard>=10A have more severe vessels than eyes with standard <10A.'],['Both males and females 40 YEARS - 150 YEARS'],[nan],,
399,OPDDNVO,2,< 10A,['This variable provides information on the presence or absence of retinal new vessels on the optic disc area from the right eye. Retinal new vessels on the optic disc area are a manifestation of proliferative retinopathy due to retinal ischemia. This variable is coded using the ETDRS photo standard 10A. Eyes with standard>=10A have more severe vessels than eyes with standard <10A.'],['Both males and females 40 YEARS - 150 YEARS'],[nan],,
400,OPDDNVO,3,>: 10A,['This variable provides information on the presence or absence of retinal new vessels on the optic disc area from the right eye. Retinal new vessels on the optic disc area are a manifestation of proliferative retinopathy due to retinal ischemia. This variable is coded using the ETDRS photo standard 10A. Eyes with standard>=10A have more severe vessels than eyes with standard <10A.'],['Both males and females 40 YEARS - 150 YEARS'],[nan],,
401,OPDDNVO,.,Missing,['This variable provides information on the presence or absence of retinal new vessels on the optic disc area from the right eye. Retinal new vessels on the optic disc area are a manifestation of proliferative retinopathy due to retinal ischemia. This variable is coded using the ETDRS photo standard 10A. Eyes with standard>=10A have more severe vessels than eyes with standard <10A.'],['Both males and females 40 YEARS - 150 YEARS'],[nan],,
402,OPDDNVE,0,None,['This variable provides information on the presence or absence of retinal new vessels elsewhere outside the optic disc margin in the right eye. Retinal new vessels elsewhere outside the optic disc margin are a manifestation of proliferative retinopathy due to retinal ischemia. The more area affected the more severe the disease.'],['Both males and females 40 YEARS - 150 YEARS'],[nan],,
403,OPDDNVE,1,Questionable,['This variable provides information on the presence or absence of retinal new vessels elsewhere outside the optic disc margin in the right eye. Retinal new vessels elsewhere outside the optic disc margin are a manifestation of proliferative retinopathy due to retinal ischemia. The more area affected the more severe the disease.'],['Both males and females 40 YEARS - 150 YEARS'],[nan],,
404,OPDDNVE,2,< 1/2 Disc Area,['This variable provides information on the presence or absence of retinal new vessels elsewhere outside the optic disc margin in the right eye. Retinal new vessels elsewhere outside the optic disc margin are a manifestation of proliferative retinopathy due to retinal ischemia. The more area affected the more severe the disease.'],['Both males and females 40 YEARS - 150 YEARS'],[nan],,
405,OPDDNVE,3,>: 1/2 Disc Area,['This variable provides information on the presence or absence of retinal new vessels elsewhere outside the optic disc margin in the right eye. Retinal new vessels elsewhere outside the optic disc margin are a manifestation of proliferative retinopathy due to retinal ischemia. The more area affected the more severe the disease.'],['Both males and females 40 YEARS - 150 YEARS'],[nan],,
406,OPDDNVE,.,Missing,['This variable provides information on the presence or absence of retinal new vessels elsewhere outside the optic disc margin in the right eye. Retinal new vessels elsewhere outside the optic disc margin are a manifestation of proliferative retinopathy due to retinal ischemia. The more area affected the more severe the disease.'],['Both males and females 40 YEARS - 150 YEARS'],[nan],,
407,OPDDRFP,0,None,['This variable provides information on the presence or absence of retinal fibrous proliferation in the right eye. Retinal fibrous proliferation is a manifestation of proliferative retinopathy due to retinal ischemia. The more area affected the greater the disease.'],['Both males and females 40 YEARS - 150 YEARS'],[nan],,
408,OPDDRFP,1,Questionable,['This variable provides information on the presence or absence of retinal fibrous proliferation in the right eye. Retinal fibrous proliferation is a manifestation of proliferative retinopathy due to retinal ischemia. The more area affected the greater the disease.'],['Both males and females 40 YEARS - 150 YEARS'],[nan],,
409,OPDDRFP,2,Fpd Only,['This variable provides information on the presence or absence of retinal fibrous proliferation in the right eye. Retinal fibrous proliferation is a manifestation of proliferative retinopathy due to retinal ischemia. The more area affected the greater the disease.'],['Both males and females 40 YEARS - 150 YEARS'],[nan],,
410,OPDDRFP,3,Fpe Only,['This variable provides information on the presence or absence of retinal fibrous proliferation in the right eye. Retinal fibrous proliferation is a manifestation of proliferative retinopathy due to retinal ischemia. The more area affected the greater the disease.'],['Both males and females 40 YEARS - 150 YEARS'],[nan],,
411,OPDDRFP,4,Fpd + Fpe,['This variable provides information on the presence or absence of retinal fibrous proliferation in the right eye. Retinal fibrous proliferation is a manifestation of proliferative retinopathy due to retinal ischemia. The more area affected the greater the disease.'],['Both males and females 40 YEARS - 150 YEARS'],[nan],,
412,OPDDRFP,.,Missing,['This variable provides information on the presence or absence of retinal fibrous proliferation in the right eye. Retinal fibrous proliferation is a manifestation of proliferative retinopathy due to retinal ischemia. The more area affected the greater the disease.'],['Both males and females 40 YEARS - 150 YEARS'],[nan],,
413,OPDDPHVH,0,None,['This variable provides information on the presence or absence of pre-retinal hemorrhage or vitreous hemorrhage in the right eye. Pre-retinal hemorrhage or vitreous hemorrhage is a manifestation of proliferative retinopathy due to retinal ischemia. The more area is affected the more severe the disease.'],['Both males and females 40 YEARS - 150 YEARS'],[nan],,
414,OPDDPHVH,1,Questionable,['This variable provides information on the presence or absence of pre-retinal hemorrhage or vitreous hemorrhage in the right eye. Pre-retinal hemorrhage or vitreous hemorrhage is a manifestation of proliferative retinopathy due to retinal ischemia. The more area is affected the more severe the disease.'],['Both males and females 40 YEARS - 150 YEARS'],[nan],,
415,OPDDPHVH,2,< 1 Disc Area,['This variable provides information on the presence or absence of pre-retinal hemorrhage or vitreous hemorrhage in the right eye. Pre-retinal hemorrhage or vitreous hemorrhage is a manifestation of proliferative retinopathy due to retinal ischemia. The more area is affected the more severe the disease.'],['Both males and females 40 YEARS - 150 YEARS'],[nan],,
416,OPDDPHVH,3,>: 1 Disc Area,['This variable provides information on the presence or absence of pre-retinal hemorrhage or vitreous hemorrhage in the right eye. Pre-retinal hemorrhage or vitreous hemorrhage is a manifestation of proliferative retinopathy due to retinal ischemia. The more area is affected the more severe the disease.'],['Both males and females 40 YEARS - 150 YEARS'],[nan],,
417,OPDDPHVH,.,Missing,['This variable provides information on the presence or absence of pre-retinal hemorrhage or vitreous hemorrhage in the right eye. Pre-retinal hemorrhage or vitreous hemorrhage is a manifestation of proliferative retinopathy due to retinal ischemia. The more area is affected the more severe the disease.'],['Both males and females 40 YEARS - 150 YEARS'],[nan],,
418,OPDDME,0,No,['This variable provides information on the presence or absence of macular edema by clinical significance from the right eye. The definition for Clinically Significant Macular Edema (CSME) found in the NHANES Grading Protocol: CSME is considered present when edema involves the fovea or is within 500 microns of the fovea or when a 1+disc area of edema is present with at least a portion of it within the macula.'],['Both males and females 40 YEARS - 150 YEARS'],[nan],,
419,OPDDME,1,Questionable,['This variable provides information on the presence or absence of macular edema by clinical significance from the right eye. The definition for Clinically Significant Macular Edema (CSME) found in the NHANES Grading Protocol: CSME is considered present when edema involves the fovea or is within 500 microns of the fovea or when a 1+disc area of edema is present with at least a portion of it within the macula.'],['Both males and females 40 YEARS - 150 YEARS'],[nan],,
420,OPDDME,2,"Yes, But Not Csme",['This variable provides information on the presence or absence of macular edema by clinical significance from the right eye. The definition for Clinically Significant Macular Edema (CSME) found in the NHANES Grading Protocol: CSME is considered present when edema involves the fovea or is within 500 microns of the fovea or when a 1+disc area of edema is present with at least a portion of it within the macula.'],['Both males and females 40 YEARS - 150 YEARS'],[nan],,
421,OPDDME,3,Yes Csme,['This variable provides information on the presence or absence of macular edema by clinical significance from the right eye. The definition for Clinically Significant Macular Edema (CSME) found in the NHANES Grading Protocol: CSME is considered present when edema involves the fovea or is within 500 microns of the fovea or when a 1+disc area of edema is present with at least a portion of it within the macula.'],['Both males and females 40 YEARS - 150 YEARS'],[nan],,
422,OPDDME,7,Other,['This variable provides information on the presence or absence of macular edema by clinical significance from the right eye. The definition for Clinically Significant Macular Edema (CSME) found in the NHANES Grading Protocol: CSME is considered present when edema involves the fovea or is within 500 microns of the fovea or when a 1+disc area of edema is present with at least a portion of it within the macula.'],['Both males and females 40 YEARS - 150 YEARS'],[nan],,
423,OPDDME,.,Missing,['This variable provides information on the presence or absence of macular edema by clinical significance from the right eye. The definition for Clinically Significant Macular Edema (CSME) found in the NHANES Grading Protocol: CSME is considered present when edema involves the fovea or is within 500 microns of the fovea or when a 1+disc area of edema is present with at least a portion of it within the macula.'],['Both males and females 40 YEARS - 150 YEARS'],[nan],,
424,OPDDMEC,0,None,['This variable provides information on the presence or absence of macular edema in the center from the right eye. Center involvement specifies involvement of the fovea by macular edema. Cysts indicate more severe involvement usually associated with visual loss.'],['Both males and females 40 YEARS - 150 YEARS'],[nan],,
425,OPDDMEC,1,Questionable,['This variable provides information on the presence or absence of macular edema in the center from the right eye. Center involvement specifies involvement of the fovea by macular edema. Cysts indicate more severe involvement usually associated with visual loss.'],['Both males and females 40 YEARS - 150 YEARS'],[nan],,
426,OPDDMEC,2,Present And Csme,['This variable provides information on the presence or absence of macular edema in the center from the right eye. Center involvement specifies involvement of the fovea by macular edema. Cysts indicate more severe involvement usually associated with visual loss.'],['Both males and females 40 YEARS - 150 YEARS'],[nan],,
427,OPDDMEC,3,Csme With Cysts,['This variable provides information on the presence or absence of macular edema in the center from the right eye. Center involvement specifies involvement of the fovea by macular edema. Cysts indicate more severe involvement usually associated with visual loss.'],['Both males and females 40 YEARS - 150 YEARS'],[nan],,
428,OPDDMEC,7,Other,['This variable provides information on the presence or absence of macular edema in the center from the right eye. Center involvement specifies involvement of the fovea by macular edema. Cysts indicate more severe involvement usually associated with visual loss.'],['Both males and females 40 YEARS - 150 YEARS'],[nan],,
429,OPDDMEC,.,Missing,['This variable provides information on the presence or absence of macular edema in the center from the right eye. Center involvement specifies involvement of the fovea by macular edema. Cysts indicate more severe involvement usually associated with visual loss.'],['Both males and females 40 YEARS - 150 YEARS'],[nan],,
430,OPDDPPS,0,None,['This variable provides information on the presence or absence of panretinal photocoagulation scars in the right eye. Panretinal photocoagulation in a scatter pattern across the retina or in specific areas outside the macular area later results in scarring and is a surrogate for having had active severe disease. Local and/or scatter photocoagulation is usually done to prevent preretinal and vitreous hemorrhage or the development of retinal new vessels.'],['Both males and females 40 YEARS - 150 YEARS'],[nan],,
431,OPDDPPS,1,Questionable/Incomplete,['This variable provides information on the presence or absence of panretinal photocoagulation scars in the right eye. Panretinal photocoagulation in a scatter pattern across the retina or in specific areas outside the macular area later results in scarring and is a surrogate for having had active severe disease. Local and/or scatter photocoagulation is usually done to prevent preretinal and vitreous hemorrhage or the development of retinal new vessels.'],['Both males and females 40 YEARS - 150 YEARS'],[nan],,
432,OPDDPPS,2,Local,['This variable provides information on the presence or absence of panretinal photocoagulation scars in the right eye. Panretinal photocoagulation in a scatter pattern across the retina or in specific areas outside the macular area later results in scarring and is a surrogate for having had active severe disease. Local and/or scatter photocoagulation is usually done to prevent preretinal and vitreous hemorrhage or the development of retinal new vessels.'],['Both males and females 40 YEARS - 150 YEARS'],[nan],,
433,OPDDPPS,3,Scatter Only,['This variable provides information on the presence or absence of panretinal photocoagulation scars in the right eye. Panretinal photocoagulation in a scatter pattern across the retina or in specific areas outside the macular area later results in scarring and is a surrogate for having had active severe disease. Local and/or scatter photocoagulation is usually done to prevent preretinal and vitreous hemorrhage or the development of retinal new vessels.'],['Both males and females 40 YEARS - 150 YEARS'],[nan],,
434,OPDDPPS,4,Scatter + Local,['This variable provides information on the presence or absence of panretinal photocoagulation scars in the right eye. Panretinal photocoagulation in a scatter pattern across the retina or in specific areas outside the macular area later results in scarring and is a surrogate for having had active severe disease. Local and/or scatter photocoagulation is usually done to prevent preretinal and vitreous hemorrhage or the development of retinal new vessels.'],['Both males and females 40 YEARS - 150 YEARS'],[nan],,
435,OPDDPPS,.,Missing,['This variable provides information on the presence or absence of panretinal photocoagulation scars in the right eye. Panretinal photocoagulation in a scatter pattern across the retina or in specific areas outside the macular area later results in scarring and is a surrogate for having had active severe disease. Local and/or scatter photocoagulation is usually done to prevent preretinal and vitreous hemorrhage or the development of retinal new vessels.'],['Both males and females 40 YEARS - 150 YEARS'],[nan],,
436,OPDDFOC,0,None,['This variable provides information on the presence or absence of focal laser photocoagulation from the right eye. It can appear either as treatment of leaking retinal microaneurysms (MA Rx only) or in a grid pattern in macula done for the treatment of localized or diffuse macular edema (Grid only) or sometimes together.'],['Both males and females 40 YEARS - 150 YEARS'],[nan],,
437,OPDDFOC,1,Questionable,['This variable provides information on the presence or absence of focal laser photocoagulation from the right eye. It can appear either as treatment of leaking retinal microaneurysms (MA Rx only) or in a grid pattern in macula done for the treatment of localized or diffuse macular edema (Grid only) or sometimes together.'],['Both males and females 40 YEARS - 150 YEARS'],[nan],,
438,OPDDFOC,2,Ma Rx Only,['This variable provides information on the presence or absence of focal laser photocoagulation from the right eye. It can appear either as treatment of leaking retinal microaneurysms (MA Rx only) or in a grid pattern in macula done for the treatment of localized or diffuse macular edema (Grid only) or sometimes together.'],['Both males and females 40 YEARS - 150 YEARS'],[nan],,
439,OPDDFOC,3,Grid Only,['This variable provides information on the presence or absence of focal laser photocoagulation from the right eye. It can appear either as treatment of leaking retinal microaneurysms (MA Rx only) or in a grid pattern in macula done for the treatment of localized or diffuse macular edema (Grid only) or sometimes together.'],['Both males and females 40 YEARS - 150 YEARS'],[nan],,
440,OPDDFOC,4,Ma Rx & Grid Rx,['This variable provides information on the presence or absence of focal laser photocoagulation from the right eye. It can appear either as treatment of leaking retinal microaneurysms (MA Rx only) or in a grid pattern in macula done for the treatment of localized or diffuse macular edema (Grid only) or sometimes together.'],['Both males and females 40 YEARS - 150 YEARS'],[nan],,
441,OPDDFOC,.,Missing,['This variable provides information on the presence or absence of focal laser photocoagulation from the right eye. It can appear either as treatment of leaking retinal microaneurysms (MA Rx only) or in a grid pattern in macula done for the treatment of localized or diffuse macular edema (Grid only) or sometimes together.'],['Both males and females 40 YEARS - 150 YEARS'],[nan],,
442,OPDDARM,0,No Arm,['This variable provides information on the 3-level severity classification of age-related macular degeneration (ARM) from the right eye. Early ARM is defined by presence or absence of drusen and/or pigmentary abnormalities; late ARM by exudative ARM signs and/or geographic atrophy.'],['Both males and females 40 YEARS - 150 YEARS'],[nan],,
443,OPDDARM,1,Early Arm,['This variable provides information on the 3-level severity classification of age-related macular degeneration (ARM) from the right eye. Early ARM is defined by presence or absence of drusen and/or pigmentary abnormalities; late ARM by exudative ARM signs and/or geographic atrophy.'],['Both males and females 40 YEARS - 150 YEARS'],[nan],,
444,OPDDARM,2,Late Arm,['This variable provides information on the 3-level severity classification of age-related macular degeneration (ARM) from the right eye. Early ARM is defined by presence or absence of drusen and/or pigmentary abnormalities; late ARM by exudative ARM signs and/or geographic atrophy.'],['Both males and females 40 YEARS - 150 YEARS'],[nan],,
445,OPDDARM,.,Missing,['This variable provides information on the 3-level severity classification of age-related macular degeneration (ARM) from the right eye. Early ARM is defined by presence or absence of drusen and/or pigmentary abnormalities; late ARM by exudative ARM signs and/or geographic atrophy.'],['Both males and females 40 YEARS - 150 YEARS'],[nan],,
446,OPDDPIGA,0,No,['This variable provides information on the presence or absence of increased retinal pigment and/or RPE depigmentation a manifestation of early ARM in absence of signs of late ARM from the right eye.'],['Both males and females 40 YEARS - 150 YEARS'],[nan],,
447,OPDDPIGA,1,Yes,['This variable provides information on the presence or absence of increased retinal pigment and/or RPE depigmentation a manifestation of early ARM in absence of signs of late ARM from the right eye.'],['Both males and females 40 YEARS - 150 YEARS'],[nan],,
448,OPDDPIGA,.,Missing,['This variable provides information on the presence or absence of increased retinal pigment and/or RPE depigmentation a manifestation of early ARM in absence of signs of late ARM from the right eye.'],['Both males and females 40 YEARS - 150 YEARS'],[nan],,
449,OPDDLARM,0,No,['This variable provides information on the presence or absence of exudative ARM and/or geographic atrophy from the right eye.'],['Both males and females 40 YEARS - 150 YEARS'],[nan],,
450,OPDDLARM,1,Yes,['This variable provides information on the presence or absence of exudative ARM and/or geographic atrophy from the right eye.'],['Both males and females 40 YEARS - 150 YEARS'],[nan],,
451,OPDDLARM,.,Missing,['This variable provides information on the presence or absence of exudative ARM and/or geographic atrophy from the right eye.'],['Both males and females 40 YEARS - 150 YEARS'],[nan],,
452,OPDDGA,0,No,['This variable provides information on the presence or absence of pure geographic atrophy in the absence of signs of Exudative ARM right eye'],['Both males and females 40 YEARS - 150 YEARS'],[nan],,
453,OPDDGA,1,Yes,['This variable provides information on the presence or absence of pure geographic atrophy in the absence of signs of Exudative ARM right eye'],['Both males and females 40 YEARS - 150 YEARS'],[nan],,
454,OPDDGA,.,Missing,['This variable provides information on the presence or absence of pure geographic atrophy in the absence of signs of Exudative ARM right eye'],['Both males and females 40 YEARS - 150 YEARS'],[nan],,
455,OPDDEXU,0,No,['This variable provides information on the presence or absence of exudative ARM from the right eye.'],['Both males and females 40 YEARS - 150 YEARS'],[nan],,
456,OPDDEXU,1,Yes,['This variable provides information on the presence or absence of exudative ARM from the right eye.'],['Both males and females 40 YEARS - 150 YEARS'],[nan],,
457,OPDDEXU,.,Missing,['This variable provides information on the presence or absence of exudative ARM from the right eye.'],['Both males and females 40 YEARS - 150 YEARS'],[nan],,
458,OPDDAREX,0,No,['Was the right eye excluded for ARM?'],['Both males and females 40 YEARS - 150 YEARS'],[nan],,
459,OPDDAREX,1,Yes,['Was the right eye excluded for ARM?'],['Both males and females 40 YEARS - 150 YEARS'],[nan],,
460,OPDDAREX,.,Missing,['Was the right eye excluded for ARM?'],['Both males and females 40 YEARS - 150 YEARS'],[nan],,
461,OPDDREA,0,None,['If a condition exists in the macula which confounds the grader from evaluating Age Related Macular Degeneration (ARM) lesions from similar changes in the retina due to another process the eye is excluded (cannot grade) from evaluation of all ARM lesions from the right eye.'],['Both males and females 40 YEARS - 150 YEARS'],[nan],,
462,OPDDREA,1,Trauma,['If a condition exists in the macula which confounds the grader from evaluating Age Related Macular Degeneration (ARM) lesions from similar changes in the retina due to another process the eye is excluded (cannot grade) from evaluation of all ARM lesions from the right eye.'],['Both males and females 40 YEARS - 150 YEARS'],[nan],,
463,OPDDREA,2,Laser Rx,['If a condition exists in the macula which confounds the grader from evaluating Age Related Macular Degeneration (ARM) lesions from similar changes in the retina due to another process the eye is excluded (cannot grade) from evaluation of all ARM lesions from the right eye.'],['Both males and females 40 YEARS - 150 YEARS'],[nan],,
464,OPDDREA,3,Vessel Occlusion,['If a condition exists in the macula which confounds the grader from evaluating Age Related Macular Degeneration (ARM) lesions from similar changes in the retina due to another process the eye is excluded (cannot grade) from evaluation of all ARM lesions from the right eye.'],['Both males and females 40 YEARS - 150 YEARS'],[nan],,
465,OPDDREA,4,Macular Dystrophy,['If a condition exists in the macula which confounds the grader from evaluating Age Related Macular Degeneration (ARM) lesions from similar changes in the retina due to another process the eye is excluded (cannot grade) from evaluation of all ARM lesions from the right eye.'],['Both males and females 40 YEARS - 150 YEARS'],[nan],,
466,OPDDREA,5,Myopic Degeneration,['If a condition exists in the macula which confounds the grader from evaluating Age Related Macular Degeneration (ARM) lesions from similar changes in the retina due to another process the eye is excluded (cannot grade) from evaluation of all ARM lesions from the right eye.'],['Both males and females 40 YEARS - 150 YEARS'],[nan],,
467,OPDDREA,6,Histoplasmosis/Toxoplasmosis,['If a condition exists in the macula which confounds the grader from evaluating Age Related Macular Degeneration (ARM) lesions from similar changes in the retina due to another process the eye is excluded (cannot grade) from evaluation of all ARM lesions from the right eye.'],['Both males and females 40 YEARS - 150 YEARS'],[nan],,
468,OPDDREA,7,Inflammatory Lesion,['If a condition exists in the macula which confounds the grader from evaluating Age Related Macular Degeneration (ARM) lesions from similar changes in the retina due to another process the eye is excluded (cannot grade) from evaluation of all ARM lesions from the right eye.'],['Both males and females 40 YEARS - 150 YEARS'],[nan],,
469,OPDDREA,9,Retinopathy Of Prematurity,['If a condition exists in the macula which confounds the grader from evaluating Age Related Macular Degeneration (ARM) lesions from similar changes in the retina due to another process the eye is excluded (cannot grade) from evaluation of all ARM lesions from the right eye.'],['Both males and females 40 YEARS - 150 YEARS'],[nan],,
470,OPDDREA,10,Non-Arm Rpe Abnormality,['If a condition exists in the macula which confounds the grader from evaluating Age Related Macular Degeneration (ARM) lesions from similar changes in the retina due to another process the eye is excluded (cannot grade) from evaluation of all ARM lesions from the right eye.'],['Both males and females 40 YEARS - 150 YEARS'],[nan],,
471,OPDDREA,11,Non-Arm Detachment,['If a condition exists in the macula which confounds the grader from evaluating Age Related Macular Degeneration (ARM) lesions from similar changes in the retina due to another process the eye is excluded (cannot grade) from evaluation of all ARM lesions from the right eye.'],['Both males and females 40 YEARS - 150 YEARS'],[nan],,
472,OPDDREA,12,Unknown Etiology,['If a condition exists in the macula which confounds the grader from evaluating Age Related Macular Degeneration (ARM) lesions from similar changes in the retina due to another process the eye is excluded (cannot grade) from evaluation of all ARM lesions from the right eye.'],['Both males and females 40 YEARS - 150 YEARS'],[nan],,
473,OPDDREA,15,Other,['If a condition exists in the macula which confounds the grader from evaluating Age Related Macular Degeneration (ARM) lesions from similar changes in the retina due to another process the eye is excluded (cannot grade) from evaluation of all ARM lesions from the right eye.'],['Both males and females 40 YEARS - 150 YEARS'],[nan],,
474,OPDDREA,16,Coloboma/Staphyloma,['If a condition exists in the macula which confounds the grader from evaluating Age Related Macular Degeneration (ARM) lesions from similar changes in the retina due to another process the eye is excluded (cannot grade) from evaluation of all ARM lesions from the right eye.'],['Both males and females 40 YEARS - 150 YEARS'],[nan],,
475,OPDDREA,99,No Photos Of Eye,['If a condition exists in the macula which confounds the grader from evaluating Age Related Macular Degeneration (ARM) lesions from similar changes in the retina due to another process the eye is excluded (cannot grade) from evaluation of all ARM lesions from the right eye.'],['Both males and females 40 YEARS - 150 YEARS'],[nan],,
476,OPDDREA,.,Missing,['If a condition exists in the macula which confounds the grader from evaluating Age Related Macular Degeneration (ARM) lesions from similar changes in the retina due to another process the eye is excluded (cannot grade) from evaluation of all ARM lesions from the right eye.'],['Both males and females 40 YEARS - 150 YEARS'],[nan],,
477,OPDDHD,0,No,['This variable provides information on the presence or absence of hard distinct drusen from the right eye.'],['Both males and females 40 YEARS - 150 YEARS'],[nan],,
478,OPDDHD,1,Yes,['This variable provides information on the presence or absence of hard distinct drusen from the right eye.'],['Both males and females 40 YEARS - 150 YEARS'],[nan],,
479,OPDDHD,.,Missing,['This variable provides information on the presence or absence of hard distinct drusen from the right eye.'],['Both males and females 40 YEARS - 150 YEARS'],[nan],,
480,OPDDD125,0,No,['This variable provides information on the presence or absence of large drusen greater than or equal to 125 microns in diameter from the right eye.'],['Both males and females 40 YEARS - 150 YEARS'],[nan],,
481,OPDDD125,1,Yes,['This variable provides information on the presence or absence of large drusen greater than or equal to 125 microns in diameter from the right eye.'],['Both males and females 40 YEARS - 150 YEARS'],[nan],,
482,OPDDD125,.,Missing,['This variable provides information on the presence or absence of large drusen greater than or equal to 125 microns in diameter from the right eye.'],['Both males and females 40 YEARS - 150 YEARS'],[nan],,
483,OPDDD500,0,No,['This variable provides information on the presence or absence of large drusen greater than or equal to 500 microns in diameter from the right eye.'],['Both males and females 40 YEARS - 150 YEARS'],[nan],,
484,OPDDD500,1,Yes,['This variable provides information on the presence or absence of large drusen greater than or equal to 500 microns in diameter from the right eye.'],['Both males and females 40 YEARS - 150 YEARS'],[nan],,
485,OPDDD500,.,Missing,['This variable provides information on the presence or absence of large drusen greater than or equal to 500 microns in diameter from the right eye.'],['Both males and females 40 YEARS - 150 YEARS'],[nan],,
486,OPDDASD,0,No,['This variable provides information on the presence or absence of any soft indistinct and/or soft distinct drusen from the right eye.'],['Both males and females 40 YEARS - 150 YEARS'],[nan],,
487,OPDDASD,1,Yes,['This variable provides information on the presence or absence of any soft indistinct and/or soft distinct drusen from the right eye.'],['Both males and females 40 YEARS - 150 YEARS'],[nan],,
488,OPDDASD,.,Missing,['This variable provides information on the presence or absence of any soft indistinct and/or soft distinct drusen from the right eye.'],['Both males and females 40 YEARS - 150 YEARS'],[nan],,
489,OPDDSDD,0,No,['This variable provides information on the presence or absence of soft distinct drusen from the right eye.'],['Both males and females 40 YEARS - 150 YEARS'],[nan],,
490,OPDDSDD,1,Yes,['This variable provides information on the presence or absence of soft distinct drusen from the right eye.'],['Both males and females 40 YEARS - 150 YEARS'],[nan],,
491,OPDDSDD,.,Missing,['This variable provides information on the presence or absence of soft distinct drusen from the right eye.'],['Both males and females 40 YEARS - 150 YEARS'],[nan],,
492,OPDDSID,0,No,['This variable provides information on the presence or absence of soft indistinct drusen from the right eye.'],['Both males and females 40 YEARS - 150 YEARS'],[nan],,
493,OPDDSID,1,Yes,['This variable provides information on the presence or absence of soft indistinct drusen from the right eye.'],['Both males and females 40 YEARS - 150 YEARS'],[nan],,
494,OPDDSID,.,Missing,['This variable provides information on the presence or absence of soft indistinct drusen from the right eye.'],['Both males and females 40 YEARS - 150 YEARS'],[nan],,
495,OPDDIRP,0,No,['This variable provides information on the presence or absence of increased retinal pigment due to disruption of the retinal pigment epithelium in early ARM from the right eye.'],['Both males and females 40 YEARS - 150 YEARS'],[nan],,
496,OPDDIRP,1,Yes,['This variable provides information on the presence or absence of increased retinal pigment due to disruption of the retinal pigment epithelium in early ARM from the right eye.'],['Both males and females 40 YEARS - 150 YEARS'],[nan],,
497,OPDDIRP,.,Missing,['This variable provides information on the presence or absence of increased retinal pigment due to disruption of the retinal pigment epithelium in early ARM from the right eye.'],['Both males and females 40 YEARS - 150 YEARS'],[nan],,
498,OPDDRPE,1,Yes,['This variable provides information on the presence or absence of decreased retinal pigmentation due to disruption of the retinal pigment epithelium in early ARM from the right eye.'],['Both males and females 40 YEARS - 150 YEARS'],[nan],,
499,OPDDRPE,.,Missing,['This variable provides information on the presence or absence of decreased retinal pigmentation due to disruption of the retinal pigment epithelium in early ARM from the right eye.'],['Both males and females 40 YEARS - 150 YEARS'],[nan],,
500,OPDDRPE,0,No,['This variable provides information on the presence or absence of decreased retinal pigmentation due to disruption of the retinal pigment epithelium in early ARM from the right eye.'],['Both males and females 40 YEARS - 150 YEARS'],[nan],,
501,OPDDAGA,0,No,['This variable provides information on the presence or absence of any geographic atrophy from the right eye.'],['Both males and females 40 YEARS - 150 YEARS'],[nan],,
502,OPDDAGA,1,Yes,['This variable provides information on the presence or absence of any geographic atrophy from the right eye.'],['Both males and females 40 YEARS - 150 YEARS'],[nan],,
503,OPDDAGA,.,Missing,['This variable provides information on the presence or absence of any geographic atrophy from the right eye.'],['Both males and females 40 YEARS - 150 YEARS'],[nan],,
504,OPDDPED,0,No,['This variable provides information on the presence or absence of Retinal Pigment Epithelial detachment/ Sensory Retinal detachment a sign of exudative ARM from the right eye.'],['Both males and females 40 YEARS - 150 YEARS'],[nan],,
505,OPDDPED,1,Yes,['This variable provides information on the presence or absence of Retinal Pigment Epithelial detachment/ Sensory Retinal detachment a sign of exudative ARM from the right eye.'],['Both males and females 40 YEARS - 150 YEARS'],[nan],,
506,OPDDPED,.,Missing,['This variable provides information on the presence or absence of Retinal Pigment Epithelial detachment/ Sensory Retinal detachment a sign of exudative ARM from the right eye.'],['Both males and females 40 YEARS - 150 YEARS'],[nan],,
507,OPDDSNV,0,No,['This variable provides information on the presence or absence of subretinal new vessels a sign of exudative ARM from the right eye.'],['Both males and females 40 YEARS - 150 YEARS'],[nan],,
508,OPDDSNV,1,Yes,['This variable provides information on the presence or absence of subretinal new vessels a sign of exudative ARM from the right eye.'],['Both males and females 40 YEARS - 150 YEARS'],[nan],,
509,OPDDSNV,.,Missing,['This variable provides information on the presence or absence of subretinal new vessels a sign of exudative ARM from the right eye.'],['Both males and females 40 YEARS - 150 YEARS'],[nan],,
510,OPDDSUBH,0,No,['This variable provides information on the presence or absence of subretinal hemorrhage a sign of exudative ARM from the right eye.'],['Both males and females 40 YEARS - 150 YEARS'],[nan],,
511,OPDDSUBH,1,Yes,['This variable provides information on the presence or absence of subretinal hemorrhage a sign of exudative ARM from the right eye.'],['Both males and females 40 YEARS - 150 YEARS'],[nan],,
512,OPDDSUBH,.,Missing,['This variable provides information on the presence or absence of subretinal hemorrhage a sign of exudative ARM from the right eye.'],['Both males and females 40 YEARS - 150 YEARS'],[nan],,
513,OPDDSFS,0,No,['This variable provides information on the presence or absence of subretinal fibrous scar a sign of exudative ARM from the right eye.'],['Both males and females 40 YEARS - 150 YEARS'],[nan],,
514,OPDDSFS,1,Yes,['This variable provides information on the presence or absence of subretinal fibrous scar a sign of exudative ARM from the right eye.'],['Both males and females 40 YEARS - 150 YEARS'],[nan],,
515,OPDDSFS,.,Missing,['This variable provides information on the presence or absence of subretinal fibrous scar a sign of exudative ARM from the right eye.'],['Both males and females 40 YEARS - 150 YEARS'],[nan],,
516,OPDDARMX,0,No,['This variable provides information on the presence or absence of 3 types of treatment for exudative ARM in the right eye: laser photodynamic and/or thermal treatment. The presence or absence of these treatments is a sign of exudative ARM.'],['Both males and females 40 YEARS - 150 YEARS'],[nan],,
517,OPDDARMX,1,Yes,['This variable provides information on the presence or absence of 3 types of treatment for exudative ARM in the right eye: laser photodynamic and/or thermal treatment. The presence or absence of these treatments is a sign of exudative ARM.'],['Both males and females 40 YEARS - 150 YEARS'],[nan],,
518,OPDDARMX,.,Missing,['This variable provides information on the presence or absence of 3 types of treatment for exudative ARM in the right eye: laser photodynamic and/or thermal treatment. The presence or absence of these treatments is a sign of exudative ARM.'],['Both males and females 40 YEARS - 150 YEARS'],[nan],,
519,OPDDBCO,0,No,['This variable provides information on the presence or absence of retinal artery occlusion (branch or central) a blockage of retinal arteriole or artery resulting infarction of the retina from the right eye.'],['Both males and females 40 YEARS - 150 YEARS'],[nan],,
520,OPDDBCO,1,Questionable,['This variable provides information on the presence or absence of retinal artery occlusion (branch or central) a blockage of retinal arteriole or artery resulting infarction of the retina from the right eye.'],['Both males and females 40 YEARS - 150 YEARS'],[nan],,
521,OPDDBCO,2,Yes,['This variable provides information on the presence or absence of retinal artery occlusion (branch or central) a blockage of retinal arteriole or artery resulting infarction of the retina from the right eye.'],['Both males and females 40 YEARS - 150 YEARS'],[nan],,
522,OPDDBCO,3,"Yes, In Center",['This variable provides information on the presence or absence of retinal artery occlusion (branch or central) a blockage of retinal arteriole or artery resulting infarction of the retina from the right eye.'],['Both males and females 40 YEARS - 150 YEARS'],[nan],,
523,OPDDBCO,.,Missing,['This variable provides information on the presence or absence of retinal artery occlusion (branch or central) a blockage of retinal arteriole or artery resulting infarction of the retina from the right eye.'],['Both males and females 40 YEARS - 150 YEARS'],[nan],,
524,OPDDBVO,0,No,['This variable provides information on the presence or absence of retinal branch vein occlusion a blockage of retinal branch venule (level 12 in the retinopathy severity scale variable OPDURET) from the right eye.'],['Both males and females 40 YEARS - 150 YEARS'],[nan],,
525,OPDDBVO,1,Questionable,['This variable provides information on the presence or absence of retinal branch vein occlusion a blockage of retinal branch venule (level 12 in the retinopathy severity scale variable OPDURET) from the right eye.'],['Both males and females 40 YEARS - 150 YEARS'],[nan],,
526,OPDDBVO,2,Yes,['This variable provides information on the presence or absence of retinal branch vein occlusion a blockage of retinal branch venule (level 12 in the retinopathy severity scale variable OPDURET) from the right eye.'],['Both males and females 40 YEARS - 150 YEARS'],[nan],,
527,OPDDBVO,3,"Yes, In Center",['This variable provides information on the presence or absence of retinal branch vein occlusion a blockage of retinal branch venule (level 12 in the retinopathy severity scale variable OPDURET) from the right eye.'],['Both males and females 40 YEARS - 150 YEARS'],[nan],,
528,OPDDBVO,.,Missing,['This variable provides information on the presence or absence of retinal branch vein occlusion a blockage of retinal branch venule (level 12 in the retinopathy severity scale variable OPDURET) from the right eye.'],['Both males and females 40 YEARS - 150 YEARS'],[nan],,
529,OPDDCVO,0,No,['This variable provides information on the presence or absence of retinal central vein occlusion (RCVO) from the right eye; blockage of the retinal central vein (level 12 in the retinal severity scale variable OPDDRET).'],['Both males and females 40 YEARS - 150 YEARS'],[nan],,
530,OPDDCVO,1,Questionable,['This variable provides information on the presence or absence of retinal central vein occlusion (RCVO) from the right eye; blockage of the retinal central vein (level 12 in the retinal severity scale variable OPDDRET).'],['Both males and females 40 YEARS - 150 YEARS'],[nan],,
531,OPDDCVO,2,Yes,['This variable provides information on the presence or absence of retinal central vein occlusion (RCVO) from the right eye; blockage of the retinal central vein (level 12 in the retinal severity scale variable OPDDRET).'],['Both males and females 40 YEARS - 150 YEARS'],[nan],,
532,OPDDCVO,3,"Yes, In Center",['This variable provides information on the presence or absence of retinal central vein occlusion (RCVO) from the right eye; blockage of the retinal central vein (level 12 in the retinal severity scale variable OPDDRET).'],['Both males and females 40 YEARS - 150 YEARS'],[nan],,
533,OPDDCVO,.,Missing,['This variable provides information on the presence or absence of retinal central vein occlusion (RCVO) from the right eye; blockage of the retinal central vein (level 12 in the retinal severity scale variable OPDDRET).'],['Both males and females 40 YEARS - 150 YEARS'],[nan],,
534,OPDDAVN,0,No,['This variable provides information on the presence or absence of retinal arterio-venous nicking a pinching of the vein at an artery crossing from the right eye. May be secondary to hypertension. Refer to the NHANES Detailed Grading Protocol for more details.'],['Both males and females 40 YEARS - 150 YEARS'],[nan],,
535,OPDDAVN,1,Questionable,['This variable provides information on the presence or absence of retinal arterio-venous nicking a pinching of the vein at an artery crossing from the right eye. May be secondary to hypertension. Refer to the NHANES Detailed Grading Protocol for more details.'],['Both males and females 40 YEARS - 150 YEARS'],[nan],,
536,OPDDAVN,2,Yes,['This variable provides information on the presence or absence of retinal arterio-venous nicking a pinching of the vein at an artery crossing from the right eye. May be secondary to hypertension. Refer to the NHANES Detailed Grading Protocol for more details.'],['Both males and females 40 YEARS - 150 YEARS'],[nan],,
537,OPDDAVN,.,Missing,['This variable provides information on the presence or absence of retinal arterio-venous nicking a pinching of the vein at an artery crossing from the right eye. May be secondary to hypertension. Refer to the NHANES Detailed Grading Protocol for more details.'],['Both males and females 40 YEARS - 150 YEARS'],[nan],,
538,OPDDFAN,0,No,['This variable provides information on the presence or absence of retinal focal arteriolar narrowing focal pinching or narrowing of the arteriole from the right eye. May be secondary to hypertension. Refer to the NHANES Detailed Grading Protocol for more details.'],['Both males and females 40 YEARS - 150 YEARS'],[nan],,
539,OPDDFAN,1,Questionable,['This variable provides information on the presence or absence of retinal focal arteriolar narrowing focal pinching or narrowing of the arteriole from the right eye. May be secondary to hypertension. Refer to the NHANES Detailed Grading Protocol for more details.'],['Both males and females 40 YEARS - 150 YEARS'],[nan],,
540,OPDDFAN,2,Yes,['This variable provides information on the presence or absence of retinal focal arteriolar narrowing focal pinching or narrowing of the arteriole from the right eye. May be secondary to hypertension. Refer to the NHANES Detailed Grading Protocol for more details.'],['Both males and females 40 YEARS - 150 YEARS'],[nan],,
541,OPDDFAN,.,Missing,['This variable provides information on the presence or absence of retinal focal arteriolar narrowing focal pinching or narrowing of the arteriole from the right eye. May be secondary to hypertension. Refer to the NHANES Detailed Grading Protocol for more details.'],['Both males and females 40 YEARS - 150 YEARS'],[nan],,
542,OPDDHOLL,0,No,['This variable provides information on the presence or absence of retinal arteriolar embolus (Hollenhorst plaque) from the worse eye. Usually fibrin or cholesterol embolus seen in retinal arterioles often at a bifurcation of the vessel.'],['Both males and females 40 YEARS - 150 YEARS'],[nan],,
543,OPDDHOLL,1,Questionable,['This variable provides information on the presence or absence of retinal arteriolar embolus (Hollenhorst plaque) from the worse eye. Usually fibrin or cholesterol embolus seen in retinal arterioles often at a bifurcation of the vessel.'],['Both males and females 40 YEARS - 150 YEARS'],[nan],,
544,OPDDHOLL,2,Yes,['This variable provides information on the presence or absence of retinal arteriolar embolus (Hollenhorst plaque) from the worse eye. Usually fibrin or cholesterol embolus seen in retinal arterioles often at a bifurcation of the vessel.'],['Both males and females 40 YEARS - 150 YEARS'],[nan],,
545,OPDDHOLL,.,Missing,['This variable provides information on the presence or absence of retinal arteriolar embolus (Hollenhorst plaque) from the worse eye. Usually fibrin or cholesterol embolus seen in retinal arterioles often at a bifurcation of the vessel.'],['Both males and females 40 YEARS - 150 YEARS'],[nan],,
546,OPDDPPA,0,No,['This variables provides information on the presence or absence of peripapillary atrophy defined as retinal-choroidal atrophic area around the disc from the right eye.'],['Both males and females 40 YEARS - 150 YEARS'],[nan],,
547,OPDDPPA,1,Questionable,['This variables provides information on the presence or absence of peripapillary atrophy defined as retinal-choroidal atrophic area around the disc from the right eye.'],['Both males and females 40 YEARS - 150 YEARS'],[nan],,
548,OPDDPPA,2,Yes,['This variables provides information on the presence or absence of peripapillary atrophy defined as retinal-choroidal atrophic area around the disc from the right eye.'],['Both males and females 40 YEARS - 150 YEARS'],[nan],,
549,OPDDPPA,.,Missing,['This variables provides information on the presence or absence of peripapillary atrophy defined as retinal-choroidal atrophic area around the disc from the right eye.'],['Both males and females 40 YEARS - 150 YEARS'],[nan],,
550,OPDDASHY,0,No,['This variable provides information on the presence or absence of Asteroid Hyalosis soap-like crystals floating in the vitreous cavity in front of the retina which can obstruct the view of retinal lesions from the right eye.'],['Both males and females 40 YEARS - 150 YEARS'],[nan],,
551,OPDDASHY,1,Questionable,['This variable provides information on the presence or absence of Asteroid Hyalosis soap-like crystals floating in the vitreous cavity in front of the retina which can obstruct the view of retinal lesions from the right eye.'],['Both males and females 40 YEARS - 150 YEARS'],[nan],,
552,OPDDASHY,2,Yes,['This variable provides information on the presence or absence of Asteroid Hyalosis soap-like crystals floating in the vitreous cavity in front of the retina which can obstruct the view of retinal lesions from the right eye.'],['Both males and females 40 YEARS - 150 YEARS'],[nan],,
553,OPDDASHY,3,"Yes, In Center",['This variable provides information on the presence or absence of Asteroid Hyalosis soap-like crystals floating in the vitreous cavity in front of the retina which can obstruct the view of retinal lesions from the right eye.'],['Both males and females 40 YEARS - 150 YEARS'],[nan],,
554,OPDDASHY,.,Missing,['This variable provides information on the presence or absence of Asteroid Hyalosis soap-like crystals floating in the vitreous cavity in front of the retina which can obstruct the view of retinal lesions from the right eye.'],['Both males and females 40 YEARS - 150 YEARS'],[nan],,
555,OPDDCHRA,0,No,['This variable provides information on the presence or absence of any chorioretinal abnormality from the right eye.'],['Both males and females 40 YEARS - 150 YEARS'],[nan],,
556,OPDDCHRA,1,Questionable,['This variable provides information on the presence or absence of any chorioretinal abnormality from the right eye.'],['Both males and females 40 YEARS - 150 YEARS'],[nan],,
557,OPDDCHRA,2,Yes,['This variable provides information on the presence or absence of any chorioretinal abnormality from the right eye.'],['Both males and females 40 YEARS - 150 YEARS'],[nan],,
558,OPDDCHRA,3,"Yes, In Center",['This variable provides information on the presence or absence of any chorioretinal abnormality from the right eye.'],['Both males and females 40 YEARS - 150 YEARS'],[nan],,
559,OPDDCHRA,.,Missing,['This variable provides information on the presence or absence of any chorioretinal abnormality from the right eye.'],['Both males and females 40 YEARS - 150 YEARS'],[nan],,
560,OPDDMACH,0,No,['This variable provides information on the presence or absence of a macular hole a round sharply defined hole involving the center of the macula resulting in a decrease in visual acuity from the right eye.'],['Both males and females 40 YEARS - 150 YEARS'],[nan],,
561,OPDDMACH,1,Questionable,['This variable provides information on the presence or absence of a macular hole a round sharply defined hole involving the center of the macula resulting in a decrease in visual acuity from the right eye.'],['Both males and females 40 YEARS - 150 YEARS'],[nan],,
562,OPDDMACH,2,Yes,['This variable provides information on the presence or absence of a macular hole a round sharply defined hole involving the center of the macula resulting in a decrease in visual acuity from the right eye.'],['Both males and females 40 YEARS - 150 YEARS'],[nan],,
563,OPDDMACH,.,Missing,['This variable provides information on the presence or absence of a macular hole a round sharply defined hole involving the center of the macula resulting in a decrease in visual acuity from the right eye.'],['Both males and females 40 YEARS - 150 YEARS'],[nan],,
564,OPDDCHN,0,No,['This variable provides information on the presence or absence of choroidal nevus a localized increase in the number of pigment bearing cells in choroid usually round or oval in shape from the right eye.'],['Both males and females 40 YEARS - 150 YEARS'],[nan],,
565,OPDDCHN,1,Questionable,['This variable provides information on the presence or absence of choroidal nevus a localized increase in the number of pigment bearing cells in choroid usually round or oval in shape from the right eye.'],['Both males and females 40 YEARS - 150 YEARS'],[nan],,
566,OPDDCHN,2,Yes,['This variable provides information on the presence or absence of choroidal nevus a localized increase in the number of pigment bearing cells in choroid usually round or oval in shape from the right eye.'],['Both males and females 40 YEARS - 150 YEARS'],[nan],,
567,OPDDCHN,3,"Yes, In Center",['This variable provides information on the presence or absence of choroidal nevus a localized increase in the number of pigment bearing cells in choroid usually round or oval in shape from the right eye.'],['Both males and females 40 YEARS - 150 YEARS'],[nan],,
568,OPDDCHN,.,Missing,['This variable provides information on the presence or absence of choroidal nevus a localized increase in the number of pigment bearing cells in choroid usually round or oval in shape from the right eye.'],['Both males and females 40 YEARS - 150 YEARS'],[nan],,
569,OPDDOTRX,0,No,['This variable provides information on the presence or absence of any other laser treatment for other conditions (i.e. local treatment for retinal detachment) from the right eye.'],['Both males and females 40 YEARS - 150 YEARS'],[nan],,
570,OPDDOTRX,1,Questionable,['This variable provides information on the presence or absence of any other laser treatment for other conditions (i.e. local treatment for retinal detachment) from the right eye.'],['Both males and females 40 YEARS - 150 YEARS'],[nan],,
571,OPDDOTRX,2,Yes,['This variable provides information on the presence or absence of any other laser treatment for other conditions (i.e. local treatment for retinal detachment) from the right eye.'],['Both males and females 40 YEARS - 150 YEARS'],[nan],,
572,OPDDOTRX,3,"Yes, In Center",['This variable provides information on the presence or absence of any other laser treatment for other conditions (i.e. local treatment for retinal detachment) from the right eye.'],['Both males and females 40 YEARS - 150 YEARS'],[nan],,
573,OPDDOTRX,.,Missing,['This variable provides information on the presence or absence of any other laser treatment for other conditions (i.e. local treatment for retinal detachment) from the right eye.'],['Both males and females 40 YEARS - 150 YEARS'],[nan],,
574,OPDDPOHS,0,No,['This variable provides information on the presence or absence of Presumed Ocular Histoplasmosis Syndrome which usually manifests by peripapillary atrophic scars focal round chorioretinal active lesions or punched out scars from the right eye.'],['Both males and females 40 YEARS - 150 YEARS'],[nan],,
575,OPDDPOHS,1,Questionable,['This variable provides information on the presence or absence of Presumed Ocular Histoplasmosis Syndrome which usually manifests by peripapillary atrophic scars focal round chorioretinal active lesions or punched out scars from the right eye.'],['Both males and females 40 YEARS - 150 YEARS'],[nan],,
576,OPDDPOHS,2,Yes,['This variable provides information on the presence or absence of Presumed Ocular Histoplasmosis Syndrome which usually manifests by peripapillary atrophic scars focal round chorioretinal active lesions or punched out scars from the right eye.'],['Both males and females 40 YEARS - 150 YEARS'],[nan],,
577,OPDDPOHS,3,"Yes, In Center",['This variable provides information on the presence or absence of Presumed Ocular Histoplasmosis Syndrome which usually manifests by peripapillary atrophic scars focal round chorioretinal active lesions or punched out scars from the right eye.'],['Both males and females 40 YEARS - 150 YEARS'],[nan],,
578,OPDDPOHS,.,Missing,['This variable provides information on the presence or absence of Presumed Ocular Histoplasmosis Syndrome which usually manifests by peripapillary atrophic scars focal round chorioretinal active lesions or punched out scars from the right eye.'],['Both males and females 40 YEARS - 150 YEARS'],[nan],,
579,OPDDRDET,0,No,['This variable provides information on the presence or absence of traction or traumatic retinal detachment (not ARM Pigment Epithelial Detachment) from the right eye.'],['Both males and females 40 YEARS - 150 YEARS'],[nan],,
580,OPDDRDET,1,Questionable,['This variable provides information on the presence or absence of traction or traumatic retinal detachment (not ARM Pigment Epithelial Detachment) from the right eye.'],['Both males and females 40 YEARS - 150 YEARS'],[nan],,
581,OPDDRDET,2,Yes,['This variable provides information on the presence or absence of traction or traumatic retinal detachment (not ARM Pigment Epithelial Detachment) from the right eye.'],['Both males and females 40 YEARS - 150 YEARS'],[nan],,
582,OPDDRDET,3,"Yes, In Center",['This variable provides information on the presence or absence of traction or traumatic retinal detachment (not ARM Pigment Epithelial Detachment) from the right eye.'],['Both males and females 40 YEARS - 150 YEARS'],[nan],,
583,OPDDRDET,.,Missing,['This variable provides information on the presence or absence of traction or traumatic retinal detachment (not ARM Pigment Epithelial Detachment) from the right eye.'],['Both males and females 40 YEARS - 150 YEARS'],[nan],,
584,OPDDSWR,0,No,['This variable provides information on the presence or absence of epiretinal membrane (cellophane changes) from the right eye. Epiretinal membrane (cellophane changes) refers to a patch or patches of irregular increased reflection on the inner surface of the retina due to membrane cellophane changes only with no traction.'],['Both males and females 40 YEARS - 150 YEARS'],[nan],,
585,OPDDSWR,1,Questionable,['This variable provides information on the presence or absence of epiretinal membrane (cellophane changes) from the right eye. Epiretinal membrane (cellophane changes) refers to a patch or patches of irregular increased reflection on the inner surface of the retina due to membrane cellophane changes only with no traction.'],['Both males and females 40 YEARS - 150 YEARS'],[nan],,
586,OPDDSWR,2,Yes,['This variable provides information on the presence or absence of epiretinal membrane (cellophane changes) from the right eye. Epiretinal membrane (cellophane changes) refers to a patch or patches of irregular increased reflection on the inner surface of the retina due to membrane cellophane changes only with no traction.'],['Both males and females 40 YEARS - 150 YEARS'],[nan],,
587,OPDDSWR,3,"Yes, In Center",['This variable provides information on the presence or absence of epiretinal membrane (cellophane changes) from the right eye. Epiretinal membrane (cellophane changes) refers to a patch or patches of irregular increased reflection on the inner surface of the retina due to membrane cellophane changes only with no traction.'],['Both males and females 40 YEARS - 150 YEARS'],[nan],,
588,OPDDSWR,.,Missing,['This variable provides information on the presence or absence of epiretinal membrane (cellophane changes) from the right eye. Epiretinal membrane (cellophane changes) refers to a patch or patches of irregular increased reflection on the inner surface of the retina due to membrane cellophane changes only with no traction.'],['Both males and females 40 YEARS - 150 YEARS'],[nan],,
589,OPDDSWRT,0,No,['This variable provides information on the presence or absence of epiretinal membrane (retinal traction changes) from the right eye. Epiretinal membrane (retinal traction changes) refers to a patch or patches of irregular increased reflection on the inner surface of the retina due to retinal traction changes of the membrane.'],['Both males and females 40 YEARS - 150 YEARS'],[nan],,
590,OPDDSWRT,1,Questionable,['This variable provides information on the presence or absence of epiretinal membrane (retinal traction changes) from the right eye. Epiretinal membrane (retinal traction changes) refers to a patch or patches of irregular increased reflection on the inner surface of the retina due to retinal traction changes of the membrane.'],['Both males and females 40 YEARS - 150 YEARS'],[nan],,
591,OPDDSWRT,2,Yes,['This variable provides information on the presence or absence of epiretinal membrane (retinal traction changes) from the right eye. Epiretinal membrane (retinal traction changes) refers to a patch or patches of irregular increased reflection on the inner surface of the retina due to retinal traction changes of the membrane.'],['Both males and females 40 YEARS - 150 YEARS'],[nan],,
592,OPDDSWRT,3,"Yes, In Center",['This variable provides information on the presence or absence of epiretinal membrane (retinal traction changes) from the right eye. Epiretinal membrane (retinal traction changes) refers to a patch or patches of irregular increased reflection on the inner surface of the retina due to retinal traction changes of the membrane.'],['Both males and females 40 YEARS - 150 YEARS'],[nan],,
593,OPDDSWRT,.,Missing,['This variable provides information on the presence or absence of epiretinal membrane (retinal traction changes) from the right eye. Epiretinal membrane (retinal traction changes) refers to a patch or patches of irregular increased reflection on the inner surface of the retina due to retinal traction changes of the membrane.'],['Both males and females 40 YEARS - 150 YEARS'],[nan],,
594,OPDDOTHC,0,No,['This variable provides information of other ocular conditions not graded elsewhere from the right eye.'],['Both males and females 40 YEARS - 150 YEARS'],[nan],,
595,OPDDOTHC,1,Questionable,['This variable provides information of other ocular conditions not graded elsewhere from the right eye.'],['Both males and females 40 YEARS - 150 YEARS'],[nan],,
596,OPDDOTHC,2,Yes,['This variable provides information of other ocular conditions not graded elsewhere from the right eye.'],['Both males and females 40 YEARS - 150 YEARS'],[nan],,
597,OPDDOTHC,3,"Yes, In Center",['This variable provides information of other ocular conditions not graded elsewhere from the right eye.'],['Both males and females 40 YEARS - 150 YEARS'],[nan],,
598,OPDDOTHC,.,Missing,['This variable provides information of other ocular conditions not graded elsewhere from the right eye.'],['Both males and females 40 YEARS - 150 YEARS'],[nan],,
599,OPDDVCDR,0.12 To 0.92,Range Of Values,['This variable provides the vertical cup to disc ratio in microns from the right eye.'],['Both males and females 40 YEARS - 150 YEARS'],[nan],,
600,OPDDVCDR,.,Missing,['This variable provides the vertical cup to disc ratio in microns from the right eye.'],['Both males and females 40 YEARS - 150 YEARS'],[nan],,
601,OPDDVCDR,0.08 To 0.89,Range Of Values,['This variable provides the vertical cup to disc ratio in microns from the right eye.'],['Both males and females 40 YEARS - 150 YEARS'],[nan],,
602,OPXDQUAL,0,Excellent,['The quality of images with a cup-to-disc ratio >= 0.6 was re-assessed before the images were re-read to look for indicators suggesting the presence of glaucoma. Quality right eye'],['Both males and females 40 YEARS - 150 YEARS'],[nan],,
603,OPXDQUAL,1,Good,['The quality of images with a cup-to-disc ratio >= 0.6 was re-assessed before the images were re-read to look for indicators suggesting the presence of glaucoma. Quality right eye'],['Both males and females 40 YEARS - 150 YEARS'],[nan],,
604,OPXDQUAL,2,Fair,['The quality of images with a cup-to-disc ratio >= 0.6 was re-assessed before the images were re-read to look for indicators suggesting the presence of glaucoma. Quality right eye'],['Both males and females 40 YEARS - 150 YEARS'],[nan],,
605,OPXDQUAL,3,Poor,['The quality of images with a cup-to-disc ratio >= 0.6 was re-assessed before the images were re-read to look for indicators suggesting the presence of glaucoma. Quality right eye'],['Both males and females 40 YEARS - 150 YEARS'],[nan],,
606,OPXDQUAL,4,Ungradable,['The quality of images with a cup-to-disc ratio >= 0.6 was re-assessed before the images were re-read to look for indicators suggesting the presence of glaucoma. Quality right eye'],['Both males and females 40 YEARS - 150 YEARS'],[nan],,
607,OPXDQUAL,.,Missing,['The quality of images with a cup-to-disc ratio >= 0.6 was re-assessed before the images were re-read to look for indicators suggesting the presence of glaucoma. Quality right eye'],['Both males and females 40 YEARS - 150 YEARS'],[nan],,
608,OPXDRCDR,0 To 1,Range Of Values,['This variable provides the vertical cup disc ratio in microns from images that were re-read right eye.'],['Both males and females 40 YEARS - 150 YEARS'],[nan],,
609,OPXDRCDR,2,Ungradable,['This variable provides the vertical cup disc ratio in microns from images that were re-read right eye.'],['Both males and females 40 YEARS - 150 YEARS'],[nan],,
610,OPXDRCDR,.,Missing,['This variable provides the vertical cup disc ratio in microns from images that were re-read right eye.'],['Both males and females 40 YEARS - 150 YEARS'],[nan],,
611,OPXDGLAU,0,No,['Glaucoma right eye'],['Both males and females 40 YEARS - 150 YEARS'],[nan],,
612,OPXDGLAU,1,Possible,['Glaucoma right eye'],['Both males and females 40 YEARS - 150 YEARS'],[nan],,
613,OPXDGLAU,2,Probable,['Glaucoma right eye'],['Both males and females 40 YEARS - 150 YEARS'],[nan],,
614,OPXDGLAU,3,Definite,['Glaucoma right eye'],['Both males and females 40 YEARS - 150 YEARS'],[nan],,
615,OPXDGLAU,4,Ungradable,['Glaucoma right eye'],['Both males and females 40 YEARS - 150 YEARS'],[nan],,
616,OPXDGLAU,.,Missing,['Glaucoma right eye'],['Both males and females 40 YEARS - 150 YEARS'],[nan],,
617,OPXDHEME,0,No,['Heme right eye'],['Both males and females 40 YEARS - 150 YEARS'],[nan],,
618,OPXDHEME,1,Yes,['Heme right eye'],['Both males and females 40 YEARS - 150 YEARS'],[nan],,
619,OPXDHEME,2,Maybe,['Heme right eye'],['Both males and females 40 YEARS - 150 YEARS'],[nan],,
620,OPXDHEME,3,Ungradable,['Heme right eye'],['Both males and females 40 YEARS - 150 YEARS'],[nan],,
621,OPXDHEME,.,Missing,['Heme right eye'],['Both males and females 40 YEARS - 150 YEARS'],[nan],,
622,OPXDSIZE,0,Small,['Size right eye'],['Both males and females 40 YEARS - 150 YEARS'],[nan],,
623,OPXDSIZE,1,Average,['Size right eye'],['Both males and females 40 YEARS - 150 YEARS'],[nan],,
624,OPXDSIZE,2,Large,['Size right eye'],['Both males and females 40 YEARS - 150 YEARS'],[nan],,
625,OPXDSIZE,3,Ungradable,['Size right eye'],['Both males and females 40 YEARS - 150 YEARS'],[nan],,
626,OPXDSIZE,.,Missing,['Size right eye'],['Both males and females 40 YEARS - 150 YEARS'],[nan],,
627,OPDDEXC,0,No,['Excavation right eye'],['Both males and females 40 YEARS - 150 YEARS'],[nan],,
628,OPDDEXC,1,Yes,['Excavation right eye'],['Both males and females 40 YEARS - 150 YEARS'],[nan],,
629,OPDDEXC,2,Maybe,['Excavation right eye'],['Both males and females 40 YEARS - 150 YEARS'],[nan],,
630,OPDDEXC,3,Ungradable,['Excavation right eye'],['Both males and females 40 YEARS - 150 YEARS'],[nan],,
631,OPDDEXC,.,Missing,['Excavation right eye'],['Both males and females 40 YEARS - 150 YEARS'],[nan],,
632,OPDDNOT,0,None,['Notch right eye'],['Both males and females 40 YEARS - 150 YEARS'],[nan],,
633,OPDDNOT,1,Inferior,['Notch right eye'],['Both males and females 40 YEARS - 150 YEARS'],[nan],,
634,OPDDNOT,2,Superior,['Notch right eye'],['Both males and females 40 YEARS - 150 YEARS'],[nan],,
635,OPDDNOT,3,Both,['Notch right eye'],['Both males and females 40 YEARS - 150 YEARS'],[nan],,
636,OPDDNOT,4,Ungradable,['Notch right eye'],['Both males and females 40 YEARS - 150 YEARS'],[nan],,
637,OPDDNOT,.,Missing,['Notch right eye'],['Both males and females 40 YEARS - 150 YEARS'],[nan],,
638,OPDDTIL,0,No,['Tilted right eye'],['Both males and females 40 YEARS - 150 YEARS'],[nan],,
639,OPDDTIL,1,Yes,['Tilted right eye'],['Both males and females 40 YEARS - 150 YEARS'],[nan],,
640,OPDDTIL,3,Ungradable,['Tilted right eye'],['Both males and females 40 YEARS - 150 YEARS'],[nan],,
641,OPDDTIL,.,Missing,['Tilted right eye'],['Both males and females 40 YEARS - 150 YEARS'],[nan],,
642,OPXSCOMP,0,No Photos,['Are field 1 & field 2 present left eye?'],['Both males and females 40 YEARS - 150 YEARS'],[nan],,
643,OPXSCOMP,1,Incomplete,['Are field 1 & field 2 present left eye?'],['Both males and females 40 YEARS - 150 YEARS'],[nan],,
644,OPXSCOMP,2,Complete,['Are field 1 & field 2 present left eye?'],['Both males and females 40 YEARS - 150 YEARS'],[nan],,
645,OPXSCOMP,.,Missing,['Are field 1 & field 2 present left eye?'],['Both males and females 40 YEARS - 150 YEARS'],[nan],,
646,OPXSF1,0,Absent,['Is field 1 present in the photos of the left eye?'],['Both males and females 40 YEARS - 150 YEARS'],[nan],,
647,OPXSF1,2,Present,['Is field 1 present in the photos of the left eye?'],['Both males and females 40 YEARS - 150 YEARS'],[nan],,
648,OPXSF1,.,Missing,['Is field 1 present in the photos of the left eye?'],['Both males and females 40 YEARS - 150 YEARS'],[nan],,
649,OPXSF1FO,0,Good/Fair,['Was the optic nerve in focus from the left eye?'],['Both males and females 40 YEARS - 150 YEARS'],[nan],,
650,OPXSF1FO,1,Borderline,['Was the optic nerve in focus from the left eye?'],['Both males and females 40 YEARS - 150 YEARS'],[nan],,
651,OPXSF1FO,2,Poor,['Was the optic nerve in focus from the left eye?'],['Both males and females 40 YEARS - 150 YEARS'],[nan],,
652,OPXSF1FO,.,Missing,['Was the optic nerve in focus from the left eye?'],['Both males and females 40 YEARS - 150 YEARS'],[nan],,
653,OPXSF2,0,Absent,['Is field 2 present Left Eye?'],['Both males and females 40 YEARS - 150 YEARS'],[nan],,
654,OPXSF2,2,Present,['Is field 2 present Left Eye?'],['Both males and females 40 YEARS - 150 YEARS'],[nan],,
655,OPXSF2,.,Missing,['Is field 2 present Left Eye?'],['Both males and females 40 YEARS - 150 YEARS'],[nan],,
656,OPXSF2FO,0,Good/Fair,['Field 2 Focus Left eye'],['Both males and females 40 YEARS - 150 YEARS'],[nan],,
657,OPXSF2FO,1,Borderline,['Field 2 Focus Left eye'],['Both males and females 40 YEARS - 150 YEARS'],[nan],,
658,OPXSF2FO,2,Poor,['Field 2 Focus Left eye'],['Both males and females 40 YEARS - 150 YEARS'],[nan],,
659,OPXSF2FO,.,Missing,['Field 2 Focus Left eye'],['Both males and females 40 YEARS - 150 YEARS'],[nan],,
660,OPXSGRBL,0,Gradable,['Gradability of images left eye. This assumes at least one digital image of the left eye is available.'],['Both males and females 40 YEARS - 150 YEARS'],[nan],,
661,OPXSGRBL,1,Disc Ungradable,['Gradability of images left eye. This assumes at least one digital image of the left eye is available.'],['Both males and females 40 YEARS - 150 YEARS'],[nan],,
662,OPXSGRBL,2,Part Macula,['Gradability of images left eye. This assumes at least one digital image of the left eye is available.'],['Both males and females 40 YEARS - 150 YEARS'],[nan],,
663,OPXSGRBL,3,Macula Ungradable,['Gradability of images left eye. This assumes at least one digital image of the left eye is available.'],['Both males and females 40 YEARS - 150 YEARS'],[nan],,
664,OPXSGRBL,4,Part Disc & Macula,['Gradability of images left eye. This assumes at least one digital image of the left eye is available.'],['Both males and females 40 YEARS - 150 YEARS'],[nan],,
665,OPXSGRBL,5,Disc & Macula Ungradable,['Gradability of images left eye. This assumes at least one digital image of the left eye is available.'],['Both males and females 40 YEARS - 150 YEARS'],[nan],,
666,OPXSGRBL,6,Ungradable,['Gradability of images left eye. This assumes at least one digital image of the left eye is available.'],['Both males and females 40 YEARS - 150 YEARS'],[nan],,
667,OPXSGRBL,.,Missing,['Gradability of images left eye. This assumes at least one digital image of the left eye is available.'],['Both males and females 40 YEARS - 150 YEARS'],[nan],,
668,OPXSPMM,1 To 6,Range Of Values,[nan],['Both males and females 40 YEARS - 150 YEARS'],[nan],,
669,OPXSPMM,.,Missing,[nan],['Both males and females 40 YEARS - 150 YEARS'],[nan],,
670,OPXSPHPR,0,No,['Photo Problems'],['Both males and females 40 YEARS - 150 YEARS'],[nan],,
671,OPXSPHPR,2,Yes,['Photo Problems'],['Both males and females 40 YEARS - 150 YEARS'],[nan],,
672,OPXSPHPR,9,No Photos Of Eye,['Photo Problems'],['Both males and females 40 YEARS - 150 YEARS'],[nan],,
673,OPXSPHPR,.,Missing,['Photo Problems'],['Both males and females 40 YEARS - 150 YEARS'],[nan],,
674,OPXSPHIL,0,No,['Photo Problem - Illumination'],['Both males and females 40 YEARS - 150 YEARS'],[nan],,
675,OPXSPHIL,2,Yes,['Photo Problem - Illumination'],['Both males and females 40 YEARS - 150 YEARS'],[nan],,
676,OPXSPHIL,9,No Photos Of Eye,['Photo Problem - Illumination'],['Both males and females 40 YEARS - 150 YEARS'],[nan],,
677,OPXSPHIL,.,Missing,['Photo Problem - Illumination'],['Both males and females 40 YEARS - 150 YEARS'],[nan],,
678,OPXSPHFD,0,No,['Photo Problem - Field Definition'],['Both males and females 40 YEARS - 150 YEARS'],[nan],,
679,OPXSPHFD,2,Yes,['Photo Problem - Field Definition'],['Both males and females 40 YEARS - 150 YEARS'],[nan],,
680,OPXSPHFD,9,No Photos Of Eye,['Photo Problem - Field Definition'],['Both males and females 40 YEARS - 150 YEARS'],[nan],,
681,OPXSPHFD,.,Missing,['Photo Problem - Field Definition'],['Both males and females 40 YEARS - 150 YEARS'],[nan],,
682,OPXSPHHZ,0,No,['Photo Problem - Haze'],['Both males and females 40 YEARS - 150 YEARS'],[nan],,
683,OPXSPHHZ,2,Yes,['Photo Problem - Haze'],['Both males and females 40 YEARS - 150 YEARS'],[nan],,
684,OPXSPHHZ,9,No Photos Of Eye,['Photo Problem - Haze'],['Both males and females 40 YEARS - 150 YEARS'],[nan],,
685,OPXSPHHZ,.,Missing,['Photo Problem - Haze'],['Both males and females 40 YEARS - 150 YEARS'],[nan],,
686,OPXSPHDD,0,No,['Photo Problem - Dust/Dirt'],['Both males and females 40 YEARS - 150 YEARS'],[nan],,
687,OPXSPHDD,2,Yes,['Photo Problem - Dust/Dirt'],['Both males and females 40 YEARS - 150 YEARS'],[nan],,
688,OPXSPHDD,9,No Photos Of Eye,['Photo Problem - Dust/Dirt'],['Both males and females 40 YEARS - 150 YEARS'],[nan],,
689,OPXSPHDD,.,Missing,['Photo Problem - Dust/Dirt'],['Both males and females 40 YEARS - 150 YEARS'],[nan],,
690,OPXSPHLA,0,No,['Photo Problem - Lashes'],['Both males and females 40 YEARS - 150 YEARS'],[nan],,
691,OPXSPHLA,2,Yes,['Photo Problem - Lashes'],['Both males and females 40 YEARS - 150 YEARS'],[nan],,
692,OPXSPHLA,9,No Photos Of Eye,['Photo Problem - Lashes'],['Both males and females 40 YEARS - 150 YEARS'],[nan],,
693,OPXSPHLA,.,Missing,['Photo Problem - Lashes'],['Both males and females 40 YEARS - 150 YEARS'],[nan],,
694,OPXSPHAR,0,No,['Photo Problem - Arc'],['Both males and females 40 YEARS - 150 YEARS'],[nan],,
695,OPXSPHAR,2,Yes,['Photo Problem - Arc'],['Both males and females 40 YEARS - 150 YEARS'],[nan],,
696,OPXSPHAR,9,No Photos Of Eye,['Photo Problem - Arc'],['Both males and females 40 YEARS - 150 YEARS'],[nan],,
697,OPXSPHAR,.,Missing,['Photo Problem - Arc'],['Both males and females 40 YEARS - 150 YEARS'],[nan],,
698,OPXSPHRC,0,No,['Photo Problem - Red Channel'],['Both males and females 40 YEARS - 150 YEARS'],[nan],,
699,OPXSPHRC,2,Yes,['Photo Problem - Red Channel'],['Both males and females 40 YEARS - 150 YEARS'],[nan],,
700,OPXSPHRC,9,No Photos Of Eye,['Photo Problem - Red Channel'],['Both males and females 40 YEARS - 150 YEARS'],[nan],,
701,OPXSPHRC,.,Missing,['Photo Problem - Red Channel'],['Both males and females 40 YEARS - 150 YEARS'],[nan],,
702,OPXSPHOT,0,No,['Photo Problem - Other'],['Both males and females 40 YEARS - 150 YEARS'],[nan],,
703,OPXSPHOT,2,Yes,['Photo Problem - Other'],['Both males and females 40 YEARS - 150 YEARS'],[nan],,
704,OPXSPHOT,9,No Photos Of Eye,['Photo Problem - Other'],['Both males and females 40 YEARS - 150 YEARS'],[nan],,
705,OPXSPHOT,.,Missing,['Photo Problem - Other'],['Both males and females 40 YEARS - 150 YEARS'],[nan],,
706,OPDSRET,10,No Retinopathy,['Calculated levels of retinopathy severity left eye.'],['Both males and females 40 YEARS - 150 YEARS'],[nan],,
707,OPDSRET,12,Non-Diabetic Retinal Disease Specific Retinopathy,['Calculated levels of retinopathy severity left eye.'],['Both males and females 40 YEARS - 150 YEARS'],[nan],,
708,OPDSRET,13,Questionable Retinopathy,['Calculated levels of retinopathy severity left eye.'],['Both males and females 40 YEARS - 150 YEARS'],[nan],,
709,OPDSRET,14,"He, Se, Irma, Vl But No Mas",['Calculated levels of retinopathy severity left eye.'],['Both males and females 40 YEARS - 150 YEARS'],[nan],,
710,OPDSRET,15,"Hem Only, No Mas",['Calculated levels of retinopathy severity left eye.'],['Both males and females 40 YEARS - 150 YEARS'],[nan],,
711,OPDSRET,20,Mas Only,['Calculated levels of retinopathy severity left eye.'],['Both males and females 40 YEARS - 150 YEARS'],[nan],,
712,OPDSRET,31,Early Npr,['Calculated levels of retinopathy severity left eye.'],['Both males and females 40 YEARS - 150 YEARS'],[nan],,
713,OPDSRET,41,Moderate Npr,['Calculated levels of retinopathy severity left eye.'],['Both males and females 40 YEARS - 150 YEARS'],[nan],,
714,OPDSRET,51,Severe Npr,['Calculated levels of retinopathy severity left eye.'],['Both males and females 40 YEARS - 150 YEARS'],[nan],,
715,OPDSRET,60,Fibrous Prolif. Only,['Calculated levels of retinopathy severity left eye.'],['Both males and females 40 YEARS - 150 YEARS'],[nan],,
716,OPDSRET,61,No Retinopathy But Prp Laser,['Calculated levels of retinopathy severity left eye.'],['Both males and females 40 YEARS - 150 YEARS'],[nan],,
717,OPDSRET,62,Mas Only +  Prp Laser,['Calculated levels of retinopathy severity left eye.'],['Both males and females 40 YEARS - 150 YEARS'],[nan],,
718,OPDSRET,63,Early Npr + Prp Laser,['Calculated levels of retinopathy severity left eye.'],['Both males and females 40 YEARS - 150 YEARS'],[nan],,
719,OPDSRET,64,Moderate/Severe Npr + Prp Laser,['Calculated levels of retinopathy severity left eye.'],['Both males and females 40 YEARS - 150 YEARS'],[nan],,
720,OPDSRET,65,Pr < Hrc,['Calculated levels of retinopathy severity left eye.'],['Both males and females 40 YEARS - 150 YEARS'],[nan],,
721,OPDSRET,70,Pr >: Hrc,['Calculated levels of retinopathy severity left eye.'],['Both males and females 40 YEARS - 150 YEARS'],[nan],,
722,OPDSRET,80,Total Vh,['Calculated levels of retinopathy severity left eye.'],['Both males and females 40 YEARS - 150 YEARS'],[nan],,
723,OPDSRET,.,Missing,['Calculated levels of retinopathy severity left eye.'],['Both males and females 40 YEARS - 150 YEARS'],[nan],,
724,OPDSRL4,1,No Retinopathy,['This variable provides information on four levels of retinopathy severity from the left eye.'],['Both males and females 40 YEARS - 150 YEARS'],[nan],,
725,OPDSRL4,2,Mild Npr,['This variable provides information on four levels of retinopathy severity from the left eye.'],['Both males and females 40 YEARS - 150 YEARS'],[nan],,
726,OPDSRL4,3,Moderate/Severe Npr,['This variable provides information on four levels of retinopathy severity from the left eye.'],['Both males and females 40 YEARS - 150 YEARS'],[nan],,
727,OPDSRL4,4,Pr (Proliferative),['This variable provides information on four levels of retinopathy severity from the left eye.'],['Both males and females 40 YEARS - 150 YEARS'],[nan],,
728,OPDSRL4,.,Missing,['This variable provides information on four levels of retinopathy severity from the left eye.'],['Both males and females 40 YEARS - 150 YEARS'],[nan],,
729,OPDSARMA,0,No,['This field is coded for the presence or absence of any retinopathy from the left eye.'],['Both males and females 40 YEARS - 150 YEARS'],[nan],,
730,OPDSARMA,1,Yes,['This field is coded for the presence or absence of any retinopathy from the left eye.'],['Both males and females 40 YEARS - 150 YEARS'],[nan],,
731,OPDSARMA,.,Missing,['This field is coded for the presence or absence of any retinopathy from the left eye.'],['Both males and females 40 YEARS - 150 YEARS'],[nan],,
732,OPDSHMA,0,None,['This summary variable provides information on describing microaneurysms (MAS) only blot hemorrhages (HEM) only or both using two severity levels using the ETDRS standard 2A left eye.'],['Both males and females 40 YEARS - 150 YEARS'],[nan],,
733,OPDSHMA,1,Questionable,['This summary variable provides information on describing microaneurysms (MAS) only blot hemorrhages (HEM) only or both using two severity levels using the ETDRS standard 2A left eye.'],['Both males and females 40 YEARS - 150 YEARS'],[nan],,
734,OPDSHMA,2,Mas Only,['This summary variable provides information on describing microaneurysms (MAS) only blot hemorrhages (HEM) only or both using two severity levels using the ETDRS standard 2A left eye.'],['Both males and females 40 YEARS - 150 YEARS'],[nan],,
735,OPDSHMA,3,Hem Only,['This summary variable provides information on describing microaneurysms (MAS) only blot hemorrhages (HEM) only or both using two severity levels using the ETDRS standard 2A left eye.'],['Both males and females 40 YEARS - 150 YEARS'],[nan],,
736,OPDSHMA,4,Hem+Mas < 2A,['This summary variable provides information on describing microaneurysms (MAS) only blot hemorrhages (HEM) only or both using two severity levels using the ETDRS standard 2A left eye.'],['Both males and females 40 YEARS - 150 YEARS'],[nan],,
737,OPDSHMA,5,Hem+Mas >: 2A,['This summary variable provides information on describing microaneurysms (MAS) only blot hemorrhages (HEM) only or both using two severity levels using the ETDRS standard 2A left eye.'],['Both males and females 40 YEARS - 150 YEARS'],[nan],,
738,OPDSHMA,.,Missing,['This summary variable provides information on describing microaneurysms (MAS) only blot hemorrhages (HEM) only or both using two severity levels using the ETDRS standard 2A left eye.'],['Both males and females 40 YEARS - 150 YEARS'],[nan],,
739,OPDSMA,0,No,['This variable provides information only on eyes with retinal microaneurysms and no retinal blot hemorrhage left eye.'],['Both males and females 40 YEARS - 150 YEARS'],[nan],,
740,OPDSMA,1,Yes,['This variable provides information only on eyes with retinal microaneurysms and no retinal blot hemorrhage left eye.'],['Both males and females 40 YEARS - 150 YEARS'],[nan],,
741,OPDSMA,.,Missing,['This variable provides information only on eyes with retinal microaneurysms and no retinal blot hemorrhage left eye.'],['Both males and females 40 YEARS - 150 YEARS'],[nan],,
742,OPDSHEM,0,No,['This variable provides information only on eyes with retinal blot hemorrhages and no microaneurysms in the left eye.'],['Both males and females 40 YEARS - 150 YEARS'],[nan],,
743,OPDSHEM,1,Yes,['This variable provides information only on eyes with retinal blot hemorrhages and no microaneurysms in the left eye.'],['Both males and females 40 YEARS - 150 YEARS'],[nan],,
744,OPDSHEM,.,Missing,['This variable provides information only on eyes with retinal blot hemorrhages and no microaneurysms in the left eye.'],['Both males and females 40 YEARS - 150 YEARS'],[nan],,
745,OPDSHE,0,No,['This variable provides information on the presence or absence of hard exudate in the left eye. Hard exudate is a result of lipoprotein deposition in the retina and is usually associated with macular edema.'],['Both males and females 40 YEARS - 150 YEARS'],[nan],,
746,OPDSHE,1,Questionable,['This variable provides information on the presence or absence of hard exudate in the left eye. Hard exudate is a result of lipoprotein deposition in the retina and is usually associated with macular edema.'],['Both males and females 40 YEARS - 150 YEARS'],[nan],,
747,OPDSHE,2,Yes,['This variable provides information on the presence or absence of hard exudate in the left eye. Hard exudate is a result of lipoprotein deposition in the retina and is usually associated with macular edema.'],['Both males and females 40 YEARS - 150 YEARS'],[nan],,
748,OPDSHE,.,Missing,['This variable provides information on the presence or absence of hard exudate in the left eye. Hard exudate is a result of lipoprotein deposition in the retina and is usually associated with macular edema.'],['Both males and females 40 YEARS - 150 YEARS'],[nan],,
749,OPDSSE,0,No,['This variable provides information on the presence or absence of soft exudate in the left eye. Soft exudate sometimes called cotton wool spot is due to retinal nerve fiber layer infarction a result of retinal ischemia.'],['Both males and females 40 YEARS - 150 YEARS'],[nan],,
750,OPDSSE,1,Questionable,['This variable provides information on the presence or absence of soft exudate in the left eye. Soft exudate sometimes called cotton wool spot is due to retinal nerve fiber layer infarction a result of retinal ischemia.'],['Both males and females 40 YEARS - 150 YEARS'],[nan],,
751,OPDSSE,2,Yes,['This variable provides information on the presence or absence of soft exudate in the left eye. Soft exudate sometimes called cotton wool spot is due to retinal nerve fiber layer infarction a result of retinal ischemia.'],['Both males and females 40 YEARS - 150 YEARS'],[nan],,
752,OPDSSE,.,Missing,['This variable provides information on the presence or absence of soft exudate in the left eye. Soft exudate sometimes called cotton wool spot is due to retinal nerve fiber layer infarction a result of retinal ischemia.'],['Both males and females 40 YEARS - 150 YEARS'],[nan],,
753,OPDSIRMA,0,None,['This variable provides information on the presence or absence of Intraretinal Microvascular Abnormalities (IRMA) from the left eye. IRMA are retinal collateral vessels in areas of retinal ischemia indicating a more severe level of retinopathy. This variable is coded using the ETDRS photo standard 8A. Eyes with IRMA>=8A have more severe disease than eyes with standard <8A.'],['Both males and females 40 YEARS - 150 YEARS'],[nan],,
754,OPDSIRMA,1,Questionable,['This variable provides information on the presence or absence of Intraretinal Microvascular Abnormalities (IRMA) from the left eye. IRMA are retinal collateral vessels in areas of retinal ischemia indicating a more severe level of retinopathy. This variable is coded using the ETDRS photo standard 8A. Eyes with IRMA>=8A have more severe disease than eyes with standard <8A.'],['Both males and females 40 YEARS - 150 YEARS'],[nan],,
755,OPDSIRMA,2,< 8A,['This variable provides information on the presence or absence of Intraretinal Microvascular Abnormalities (IRMA) from the left eye. IRMA are retinal collateral vessels in areas of retinal ischemia indicating a more severe level of retinopathy. This variable is coded using the ETDRS photo standard 8A. Eyes with IRMA>=8A have more severe disease than eyes with standard <8A.'],['Both males and females 40 YEARS - 150 YEARS'],[nan],,
756,OPDSIRMA,3,>: 8A,['This variable provides information on the presence or absence of Intraretinal Microvascular Abnormalities (IRMA) from the left eye. IRMA are retinal collateral vessels in areas of retinal ischemia indicating a more severe level of retinopathy. This variable is coded using the ETDRS photo standard 8A. Eyes with IRMA>=8A have more severe disease than eyes with standard <8A.'],['Both males and females 40 YEARS - 150 YEARS'],[nan],,
757,OPDSIRMA,.,Missing,['This variable provides information on the presence or absence of Intraretinal Microvascular Abnormalities (IRMA) from the left eye. IRMA are retinal collateral vessels in areas of retinal ischemia indicating a more severe level of retinopathy. This variable is coded using the ETDRS photo standard 8A. Eyes with IRMA>=8A have more severe disease than eyes with standard <8A.'],['Both males and females 40 YEARS - 150 YEARS'],[nan],,
758,OPDSVB,0,No,['This variable provides information on the presence or absence of retinal venous beading from the left eye. Venous beading is a manifestation of severe retinal ischemia.'],['Both males and females 40 YEARS - 150 YEARS'],[nan],,
759,OPDSVB,1,Questionable,['This variable provides information on the presence or absence of retinal venous beading from the left eye. Venous beading is a manifestation of severe retinal ischemia.'],['Both males and females 40 YEARS - 150 YEARS'],[nan],,
760,OPDSVB,2,Yes,['This variable provides information on the presence or absence of retinal venous beading from the left eye. Venous beading is a manifestation of severe retinal ischemia.'],['Both males and females 40 YEARS - 150 YEARS'],[nan],,
761,OPDSVB,.,Missing,['This variable provides information on the presence or absence of retinal venous beading from the left eye. Venous beading is a manifestation of severe retinal ischemia.'],['Both males and females 40 YEARS - 150 YEARS'],[nan],,
762,OPDSNVO,0,None,['This variable provides information on the presence or absence of retinal new vessels on the optic disc area from the left eye. Retinal new vessels on the optic disc area are a manifestation of proliferative retinopathy due to retinal ischemia. This variable is coded using the ETDRS photo standard 10A. Eyes with standard>=10A have more severe vessels than eyes with standard <10A.'],['Both males and females 40 YEARS - 150 YEARS'],[nan],,
763,OPDSNVO,1,Questionable,['This variable provides information on the presence or absence of retinal new vessels on the optic disc area from the left eye. Retinal new vessels on the optic disc area are a manifestation of proliferative retinopathy due to retinal ischemia. This variable is coded using the ETDRS photo standard 10A. Eyes with standard>=10A have more severe vessels than eyes with standard <10A.'],['Both males and females 40 YEARS - 150 YEARS'],[nan],,
764,OPDSNVO,2,< 10A,['This variable provides information on the presence or absence of retinal new vessels on the optic disc area from the left eye. Retinal new vessels on the optic disc area are a manifestation of proliferative retinopathy due to retinal ischemia. This variable is coded using the ETDRS photo standard 10A. Eyes with standard>=10A have more severe vessels than eyes with standard <10A.'],['Both males and females 40 YEARS - 150 YEARS'],[nan],,
765,OPDSNVO,3,>: 10A,['This variable provides information on the presence or absence of retinal new vessels on the optic disc area from the left eye. Retinal new vessels on the optic disc area are a manifestation of proliferative retinopathy due to retinal ischemia. This variable is coded using the ETDRS photo standard 10A. Eyes with standard>=10A have more severe vessels than eyes with standard <10A.'],['Both males and females 40 YEARS - 150 YEARS'],[nan],,
766,OPDSNVO,.,Missing,['This variable provides information on the presence or absence of retinal new vessels on the optic disc area from the left eye. Retinal new vessels on the optic disc area are a manifestation of proliferative retinopathy due to retinal ischemia. This variable is coded using the ETDRS photo standard 10A. Eyes with standard>=10A have more severe vessels than eyes with standard <10A.'],['Both males and females 40 YEARS - 150 YEARS'],[nan],,
767,OPDSNVE,0,None,['This variable provides information on the presence or absence of retinal new vessels elsewhere outside the optic disc margin in the left eye. Retinal new vessels elsewhere outside the optic disc margin are a manifestation of proliferative retinopathy due to retinal ischemia. The more area affected the more severe the disease.'],['Both males and females 40 YEARS - 150 YEARS'],[nan],,
768,OPDSNVE,1,Questionable,['This variable provides information on the presence or absence of retinal new vessels elsewhere outside the optic disc margin in the left eye. Retinal new vessels elsewhere outside the optic disc margin are a manifestation of proliferative retinopathy due to retinal ischemia. The more area affected the more severe the disease.'],['Both males and females 40 YEARS - 150 YEARS'],[nan],,
769,OPDSNVE,2,< 1/2 Disc Area,['This variable provides information on the presence or absence of retinal new vessels elsewhere outside the optic disc margin in the left eye. Retinal new vessels elsewhere outside the optic disc margin are a manifestation of proliferative retinopathy due to retinal ischemia. The more area affected the more severe the disease.'],['Both males and females 40 YEARS - 150 YEARS'],[nan],,
770,OPDSNVE,3,>: 1/2 Disc Area,['This variable provides information on the presence or absence of retinal new vessels elsewhere outside the optic disc margin in the left eye. Retinal new vessels elsewhere outside the optic disc margin are a manifestation of proliferative retinopathy due to retinal ischemia. The more area affected the more severe the disease.'],['Both males and females 40 YEARS - 150 YEARS'],[nan],,
771,OPDSNVE,.,Missing,['This variable provides information on the presence or absence of retinal new vessels elsewhere outside the optic disc margin in the left eye. Retinal new vessels elsewhere outside the optic disc margin are a manifestation of proliferative retinopathy due to retinal ischemia. The more area affected the more severe the disease.'],['Both males and females 40 YEARS - 150 YEARS'],[nan],,
772,OPDSRFP,0,None,['This variable provides information on the presence or absence of retinal fibrous proliferation in the left eye. Retinal fibrous proliferation is a manifestation of proliferative retinopathy due to retinal ischemia. The more area affected the greater the disease.'],['Both males and females 40 YEARS - 150 YEARS'],[nan],,
773,OPDSRFP,1,Questionable,['This variable provides information on the presence or absence of retinal fibrous proliferation in the left eye. Retinal fibrous proliferation is a manifestation of proliferative retinopathy due to retinal ischemia. The more area affected the greater the disease.'],['Both males and females 40 YEARS - 150 YEARS'],[nan],,
774,OPDSRFP,2,Fpd Only,['This variable provides information on the presence or absence of retinal fibrous proliferation in the left eye. Retinal fibrous proliferation is a manifestation of proliferative retinopathy due to retinal ischemia. The more area affected the greater the disease.'],['Both males and females 40 YEARS - 150 YEARS'],[nan],,
775,OPDSRFP,3,Fpe Only,['This variable provides information on the presence or absence of retinal fibrous proliferation in the left eye. Retinal fibrous proliferation is a manifestation of proliferative retinopathy due to retinal ischemia. The more area affected the greater the disease.'],['Both males and females 40 YEARS - 150 YEARS'],[nan],,
776,OPDSRFP,4,Fpd + Fpe,['This variable provides information on the presence or absence of retinal fibrous proliferation in the left eye. Retinal fibrous proliferation is a manifestation of proliferative retinopathy due to retinal ischemia. The more area affected the greater the disease.'],['Both males and females 40 YEARS - 150 YEARS'],[nan],,
777,OPDSRFP,.,Missing,['This variable provides information on the presence or absence of retinal fibrous proliferation in the left eye. Retinal fibrous proliferation is a manifestation of proliferative retinopathy due to retinal ischemia. The more area affected the greater the disease.'],['Both males and females 40 YEARS - 150 YEARS'],[nan],,
778,OPDSPHVH,0,None,['This variable provides information on the presence or absence of pre-retinal hemorrhage or vitreous hemorrhage in the left eye. Pre-retinal hemorrhage or vitreous hemorrhage is a manifestation of proliferative retinopathy due to retinal ischemia. The more area is affected the more severe the disease.'],['Both males and females 40 YEARS - 150 YEARS'],[nan],,
779,OPDSPHVH,1,Questionable,['This variable provides information on the presence or absence of pre-retinal hemorrhage or vitreous hemorrhage in the left eye. Pre-retinal hemorrhage or vitreous hemorrhage is a manifestation of proliferative retinopathy due to retinal ischemia. The more area is affected the more severe the disease.'],['Both males and females 40 YEARS - 150 YEARS'],[nan],,
780,OPDSPHVH,2,< 1 Disc Area,['This variable provides information on the presence or absence of pre-retinal hemorrhage or vitreous hemorrhage in the left eye. Pre-retinal hemorrhage or vitreous hemorrhage is a manifestation of proliferative retinopathy due to retinal ischemia. The more area is affected the more severe the disease.'],['Both males and females 40 YEARS - 150 YEARS'],[nan],,
781,OPDSPHVH,3,>: 1 Disc Area,['This variable provides information on the presence or absence of pre-retinal hemorrhage or vitreous hemorrhage in the left eye. Pre-retinal hemorrhage or vitreous hemorrhage is a manifestation of proliferative retinopathy due to retinal ischemia. The more area is affected the more severe the disease.'],['Both males and females 40 YEARS - 150 YEARS'],[nan],,
782,OPDSPHVH,.,Missing,['This variable provides information on the presence or absence of pre-retinal hemorrhage or vitreous hemorrhage in the left eye. Pre-retinal hemorrhage or vitreous hemorrhage is a manifestation of proliferative retinopathy due to retinal ischemia. The more area is affected the more severe the disease.'],['Both males and females 40 YEARS - 150 YEARS'],[nan],,
783,OPDSME,0,No,['This variable provides information on the presence or absence of macular edema by clinical significance. The definition for Clinically Significant Macular Edema (CSME) found in the NHANES Grading Protocol: CSME is considered present when edema involves the fovea or is within 500 microns of the fovea or when a 1+disc area of edema is present with at least a portion of it within the macula.'],['Both males and females 40 YEARS - 150 YEARS'],[nan],,
784,OPDSME,1,Questionable,['This variable provides information on the presence or absence of macular edema by clinical significance. The definition for Clinically Significant Macular Edema (CSME) found in the NHANES Grading Protocol: CSME is considered present when edema involves the fovea or is within 500 microns of the fovea or when a 1+disc area of edema is present with at least a portion of it within the macula.'],['Both males and females 40 YEARS - 150 YEARS'],[nan],,
785,OPDSME,2,"Yes, But Not Csme",['This variable provides information on the presence or absence of macular edema by clinical significance. The definition for Clinically Significant Macular Edema (CSME) found in the NHANES Grading Protocol: CSME is considered present when edema involves the fovea or is within 500 microns of the fovea or when a 1+disc area of edema is present with at least a portion of it within the macula.'],['Both males and females 40 YEARS - 150 YEARS'],[nan],,
786,OPDSME,3,Yes Csme,['This variable provides information on the presence or absence of macular edema by clinical significance. The definition for Clinically Significant Macular Edema (CSME) found in the NHANES Grading Protocol: CSME is considered present when edema involves the fovea or is within 500 microns of the fovea or when a 1+disc area of edema is present with at least a portion of it within the macula.'],['Both males and females 40 YEARS - 150 YEARS'],[nan],,
787,OPDSME,7,Other,['This variable provides information on the presence or absence of macular edema by clinical significance. The definition for Clinically Significant Macular Edema (CSME) found in the NHANES Grading Protocol: CSME is considered present when edema involves the fovea or is within 500 microns of the fovea or when a 1+disc area of edema is present with at least a portion of it within the macula.'],['Both males and females 40 YEARS - 150 YEARS'],[nan],,
788,OPDSME,.,Missing,['This variable provides information on the presence or absence of macular edema by clinical significance. The definition for Clinically Significant Macular Edema (CSME) found in the NHANES Grading Protocol: CSME is considered present when edema involves the fovea or is within 500 microns of the fovea or when a 1+disc area of edema is present with at least a portion of it within the macula.'],['Both males and females 40 YEARS - 150 YEARS'],[nan],,
789,OPDSMEC,0,None,['This variable provides information on the presence or absence of macular edema in the center from the left eye. Center involvement specifies involvement of the fovea by macular edema. Cysts indicate more severe involvement usually associated with visual loss.'],['Both males and females 40 YEARS - 150 YEARS'],[nan],,
790,OPDSMEC,1,Questionable,['This variable provides information on the presence or absence of macular edema in the center from the left eye. Center involvement specifies involvement of the fovea by macular edema. Cysts indicate more severe involvement usually associated with visual loss.'],['Both males and females 40 YEARS - 150 YEARS'],[nan],,
791,OPDSMEC,2,Present And Csme,['This variable provides information on the presence or absence of macular edema in the center from the left eye. Center involvement specifies involvement of the fovea by macular edema. Cysts indicate more severe involvement usually associated with visual loss.'],['Both males and females 40 YEARS - 150 YEARS'],[nan],,
792,OPDSMEC,3,Csme With Cysts,['This variable provides information on the presence or absence of macular edema in the center from the left eye. Center involvement specifies involvement of the fovea by macular edema. Cysts indicate more severe involvement usually associated with visual loss.'],['Both males and females 40 YEARS - 150 YEARS'],[nan],,
793,OPDSMEC,7,Other,['This variable provides information on the presence or absence of macular edema in the center from the left eye. Center involvement specifies involvement of the fovea by macular edema. Cysts indicate more severe involvement usually associated with visual loss.'],['Both males and females 40 YEARS - 150 YEARS'],[nan],,
794,OPDSMEC,.,Missing,['This variable provides information on the presence or absence of macular edema in the center from the left eye. Center involvement specifies involvement of the fovea by macular edema. Cysts indicate more severe involvement usually associated with visual loss.'],['Both males and females 40 YEARS - 150 YEARS'],[nan],,
795,OPDSPPS,0,None,['This variable provides information on the presence or absence of panretinal photocoagulation scars in the left eye. Panretinal photocoagulation in a scatter pattern across the retina or in specific areas outside the macular area later results in scarring and is a surrogate for having had active severe disease. Local and/or scatter photocoagulation is usually done to prevent preretinal and vitreous hemorrhage or the development of retinal new vessels.'],['Both males and females 40 YEARS - 150 YEARS'],[nan],,
796,OPDSPPS,1,Questionable/Incomplete,['This variable provides information on the presence or absence of panretinal photocoagulation scars in the left eye. Panretinal photocoagulation in a scatter pattern across the retina or in specific areas outside the macular area later results in scarring and is a surrogate for having had active severe disease. Local and/or scatter photocoagulation is usually done to prevent preretinal and vitreous hemorrhage or the development of retinal new vessels.'],['Both males and females 40 YEARS - 150 YEARS'],[nan],,
797,OPDSPPS,2,Local,['This variable provides information on the presence or absence of panretinal photocoagulation scars in the left eye. Panretinal photocoagulation in a scatter pattern across the retina or in specific areas outside the macular area later results in scarring and is a surrogate for having had active severe disease. Local and/or scatter photocoagulation is usually done to prevent preretinal and vitreous hemorrhage or the development of retinal new vessels.'],['Both males and females 40 YEARS - 150 YEARS'],[nan],,
798,OPDSPPS,3,Scatter Only,['This variable provides information on the presence or absence of panretinal photocoagulation scars in the left eye. Panretinal photocoagulation in a scatter pattern across the retina or in specific areas outside the macular area later results in scarring and is a surrogate for having had active severe disease. Local and/or scatter photocoagulation is usually done to prevent preretinal and vitreous hemorrhage or the development of retinal new vessels.'],['Both males and females 40 YEARS - 150 YEARS'],[nan],,
799,OPDSPPS,4,Scatter + Local,['This variable provides information on the presence or absence of panretinal photocoagulation scars in the left eye. Panretinal photocoagulation in a scatter pattern across the retina or in specific areas outside the macular area later results in scarring and is a surrogate for having had active severe disease. Local and/or scatter photocoagulation is usually done to prevent preretinal and vitreous hemorrhage or the development of retinal new vessels.'],['Both males and females 40 YEARS - 150 YEARS'],[nan],,
800,OPDSPPS,.,Missing,['This variable provides information on the presence or absence of panretinal photocoagulation scars in the left eye. Panretinal photocoagulation in a scatter pattern across the retina or in specific areas outside the macular area later results in scarring and is a surrogate for having had active severe disease. Local and/or scatter photocoagulation is usually done to prevent preretinal and vitreous hemorrhage or the development of retinal new vessels.'],['Both males and females 40 YEARS - 150 YEARS'],[nan],,
801,OPDSFOC,0,None,['This variable provides information on the presence or absence of focal laser photocoagulation from the left eye. It can appear either as treatment of leaking retinal microaneurysms (MA Rx only) or in a grid pattern in macula done for the treatment of localized or diffuse macular edema (Grid only) or sometimes together.'],['Both males and females 40 YEARS - 150 YEARS'],[nan],,
802,OPDSFOC,1,Questionable,['This variable provides information on the presence or absence of focal laser photocoagulation from the left eye. It can appear either as treatment of leaking retinal microaneurysms (MA Rx only) or in a grid pattern in macula done for the treatment of localized or diffuse macular edema (Grid only) or sometimes together.'],['Both males and females 40 YEARS - 150 YEARS'],[nan],,
803,OPDSFOC,2,Ma Rx Only,['This variable provides information on the presence or absence of focal laser photocoagulation from the left eye. It can appear either as treatment of leaking retinal microaneurysms (MA Rx only) or in a grid pattern in macula done for the treatment of localized or diffuse macular edema (Grid only) or sometimes together.'],['Both males and females 40 YEARS - 150 YEARS'],[nan],,
804,OPDSFOC,3,Grid Only,['This variable provides information on the presence or absence of focal laser photocoagulation from the left eye. It can appear either as treatment of leaking retinal microaneurysms (MA Rx only) or in a grid pattern in macula done for the treatment of localized or diffuse macular edema (Grid only) or sometimes together.'],['Both males and females 40 YEARS - 150 YEARS'],[nan],,
805,OPDSFOC,4,Ma Rx & Grid Rx,['This variable provides information on the presence or absence of focal laser photocoagulation from the left eye. It can appear either as treatment of leaking retinal microaneurysms (MA Rx only) or in a grid pattern in macula done for the treatment of localized or diffuse macular edema (Grid only) or sometimes together.'],['Both males and females 40 YEARS - 150 YEARS'],[nan],,
806,OPDSFOC,.,Missing,['This variable provides information on the presence or absence of focal laser photocoagulation from the left eye. It can appear either as treatment of leaking retinal microaneurysms (MA Rx only) or in a grid pattern in macula done for the treatment of localized or diffuse macular edema (Grid only) or sometimes together.'],['Both males and females 40 YEARS - 150 YEARS'],[nan],,
807,OPDSARM,0,No Arm,['This variable provides information on the 3-level severity classification of age-related macular degeneration (ARM) from the left eye. Early ARM is defined by presence or absence of drusen and/or pigmentary abnormalities; late ARM by exudative ARM signs and/or geographic atrophy.'],['Both males and females 40 YEARS - 150 YEARS'],[nan],,
808,OPDSARM,1,Early Arm,['This variable provides information on the 3-level severity classification of age-related macular degeneration (ARM) from the left eye. Early ARM is defined by presence or absence of drusen and/or pigmentary abnormalities; late ARM by exudative ARM signs and/or geographic atrophy.'],['Both males and females 40 YEARS - 150 YEARS'],[nan],,
809,OPDSARM,2,Late Arm,['This variable provides information on the 3-level severity classification of age-related macular degeneration (ARM) from the left eye. Early ARM is defined by presence or absence of drusen and/or pigmentary abnormalities; late ARM by exudative ARM signs and/or geographic atrophy.'],['Both males and females 40 YEARS - 150 YEARS'],[nan],,
810,OPDSARM,.,Missing,['This variable provides information on the 3-level severity classification of age-related macular degeneration (ARM) from the left eye. Early ARM is defined by presence or absence of drusen and/or pigmentary abnormalities; late ARM by exudative ARM signs and/or geographic atrophy.'],['Both males and females 40 YEARS - 150 YEARS'],[nan],,
811,OPDSPIGA,0,No,['This variable provides information on the presence or absence of increased retinal pigment and/or RPE depigmentation a manifestation of early ARM in absence of signs of late ARM from the left eye.'],['Both males and females 40 YEARS - 150 YEARS'],[nan],,
812,OPDSPIGA,1,Yes,['This variable provides information on the presence or absence of increased retinal pigment and/or RPE depigmentation a manifestation of early ARM in absence of signs of late ARM from the left eye.'],['Both males and females 40 YEARS - 150 YEARS'],[nan],,
813,OPDSPIGA,.,Missing,['This variable provides information on the presence or absence of increased retinal pigment and/or RPE depigmentation a manifestation of early ARM in absence of signs of late ARM from the left eye.'],['Both males and females 40 YEARS - 150 YEARS'],[nan],,
814,OPDSLARM,0,No,['This variable provides information on the presence or absence of exudative ARM and/or geographic atrophy from the left eye.'],['Both males and females 40 YEARS - 150 YEARS'],[nan],,
815,OPDSLARM,1,Yes,['This variable provides information on the presence or absence of exudative ARM and/or geographic atrophy from the left eye.'],['Both males and females 40 YEARS - 150 YEARS'],[nan],,
816,OPDSLARM,.,Missing,['This variable provides information on the presence or absence of exudative ARM and/or geographic atrophy from the left eye.'],['Both males and females 40 YEARS - 150 YEARS'],[nan],,
817,OPDSGA,0,No,['This variable provides information on the presence or absence of pure geographic atrophy in the absence of signs of Exudative ARM left eye'],['Both males and females 40 YEARS - 150 YEARS'],[nan],,
818,OPDSGA,1,Yes,['This variable provides information on the presence or absence of pure geographic atrophy in the absence of signs of Exudative ARM left eye'],['Both males and females 40 YEARS - 150 YEARS'],[nan],,
819,OPDSGA,.,Missing,['This variable provides information on the presence or absence of pure geographic atrophy in the absence of signs of Exudative ARM left eye'],['Both males and females 40 YEARS - 150 YEARS'],[nan],,
820,OPDSEXU,0,No,['This variable provides information on the presence or absence of exudative ARM from the left eye.'],['Both males and females 40 YEARS - 150 YEARS'],[nan],,
821,OPDSEXU,1,Yes,['This variable provides information on the presence or absence of exudative ARM from the left eye.'],['Both males and females 40 YEARS - 150 YEARS'],[nan],,
822,OPDSEXU,.,Missing,['This variable provides information on the presence or absence of exudative ARM from the left eye.'],['Both males and females 40 YEARS - 150 YEARS'],[nan],,
823,OPDSAREX,0,No,['Was the left eye excluded for ARM?'],['Both males and females 40 YEARS - 150 YEARS'],[nan],,
824,OPDSAREX,1,Yes,['Was the left eye excluded for ARM?'],['Both males and females 40 YEARS - 150 YEARS'],[nan],,
825,OPDSAREX,.,Missing,['Was the left eye excluded for ARM?'],['Both males and females 40 YEARS - 150 YEARS'],[nan],,
826,OPDSREA,0,None,['If a condition exists in the macula which confounds the grader from evaluating Age Related Macular Degeneration (ARM) lesions from similar changes in the retina due to another process the eye is excluded (cannot grade) from evaluation of all ARM lesions from the right eye.'],['Both males and females 40 YEARS - 150 YEARS'],[nan],,
827,OPDSREA,1,Trauma,['If a condition exists in the macula which confounds the grader from evaluating Age Related Macular Degeneration (ARM) lesions from similar changes in the retina due to another process the eye is excluded (cannot grade) from evaluation of all ARM lesions from the right eye.'],['Both males and females 40 YEARS - 150 YEARS'],[nan],,
828,OPDSREA,2,Laser Rx,['If a condition exists in the macula which confounds the grader from evaluating Age Related Macular Degeneration (ARM) lesions from similar changes in the retina due to another process the eye is excluded (cannot grade) from evaluation of all ARM lesions from the right eye.'],['Both males and females 40 YEARS - 150 YEARS'],[nan],,
829,OPDSREA,3,Vessel Occlusion,['If a condition exists in the macula which confounds the grader from evaluating Age Related Macular Degeneration (ARM) lesions from similar changes in the retina due to another process the eye is excluded (cannot grade) from evaluation of all ARM lesions from the right eye.'],['Both males and females 40 YEARS - 150 YEARS'],[nan],,
830,OPDSREA,4,Macular Dystrophy,['If a condition exists in the macula which confounds the grader from evaluating Age Related Macular Degeneration (ARM) lesions from similar changes in the retina due to another process the eye is excluded (cannot grade) from evaluation of all ARM lesions from the right eye.'],['Both males and females 40 YEARS - 150 YEARS'],[nan],,
831,OPDSREA,5,Myopic Degeneration,['If a condition exists in the macula which confounds the grader from evaluating Age Related Macular Degeneration (ARM) lesions from similar changes in the retina due to another process the eye is excluded (cannot grade) from evaluation of all ARM lesions from the right eye.'],['Both males and females 40 YEARS - 150 YEARS'],[nan],,
832,OPDSREA,6,Histoplasmosis/Toxoplasmosis,['If a condition exists in the macula which confounds the grader from evaluating Age Related Macular Degeneration (ARM) lesions from similar changes in the retina due to another process the eye is excluded (cannot grade) from evaluation of all ARM lesions from the right eye.'],['Both males and females 40 YEARS - 150 YEARS'],[nan],,
833,OPDSREA,7,Inflammatory Lesion,['If a condition exists in the macula which confounds the grader from evaluating Age Related Macular Degeneration (ARM) lesions from similar changes in the retina due to another process the eye is excluded (cannot grade) from evaluation of all ARM lesions from the right eye.'],['Both males and females 40 YEARS - 150 YEARS'],[nan],,
834,OPDSREA,9,Retinopathy Of Prematurity,['If a condition exists in the macula which confounds the grader from evaluating Age Related Macular Degeneration (ARM) lesions from similar changes in the retina due to another process the eye is excluded (cannot grade) from evaluation of all ARM lesions from the right eye.'],['Both males and females 40 YEARS - 150 YEARS'],[nan],,
835,OPDSREA,10,Non-Arm Rpe Abnormality,['If a condition exists in the macula which confounds the grader from evaluating Age Related Macular Degeneration (ARM) lesions from similar changes in the retina due to another process the eye is excluded (cannot grade) from evaluation of all ARM lesions from the right eye.'],['Both males and females 40 YEARS - 150 YEARS'],[nan],,
836,OPDSREA,11,Non-Arm Detachment,['If a condition exists in the macula which confounds the grader from evaluating Age Related Macular Degeneration (ARM) lesions from similar changes in the retina due to another process the eye is excluded (cannot grade) from evaluation of all ARM lesions from the right eye.'],['Both males and females 40 YEARS - 150 YEARS'],[nan],,
837,OPDSREA,12,Unknown Etiology,['If a condition exists in the macula which confounds the grader from evaluating Age Related Macular Degeneration (ARM) lesions from similar changes in the retina due to another process the eye is excluded (cannot grade) from evaluation of all ARM lesions from the right eye.'],['Both males and females 40 YEARS - 150 YEARS'],[nan],,
838,OPDSREA,15,Other,['If a condition exists in the macula which confounds the grader from evaluating Age Related Macular Degeneration (ARM) lesions from similar changes in the retina due to another process the eye is excluded (cannot grade) from evaluation of all ARM lesions from the right eye.'],['Both males and females 40 YEARS - 150 YEARS'],[nan],,
839,OPDSREA,16,Coloboma/Staphyloma,['If a condition exists in the macula which confounds the grader from evaluating Age Related Macular Degeneration (ARM) lesions from similar changes in the retina due to another process the eye is excluded (cannot grade) from evaluation of all ARM lesions from the right eye.'],['Both males and females 40 YEARS - 150 YEARS'],[nan],,
840,OPDSREA,99,No Photos Of Eye,['If a condition exists in the macula which confounds the grader from evaluating Age Related Macular Degeneration (ARM) lesions from similar changes in the retina due to another process the eye is excluded (cannot grade) from evaluation of all ARM lesions from the right eye.'],['Both males and females 40 YEARS - 150 YEARS'],[nan],,
841,OPDSREA,.,Missing,['If a condition exists in the macula which confounds the grader from evaluating Age Related Macular Degeneration (ARM) lesions from similar changes in the retina due to another process the eye is excluded (cannot grade) from evaluation of all ARM lesions from the right eye.'],['Both males and females 40 YEARS - 150 YEARS'],[nan],,
842,OPDSHD,0,No,['This variable provides information on the presence or absence of hard distinct drusen from the left eye.'],['Both males and females 40 YEARS - 150 YEARS'],[nan],,
843,OPDSHD,1,Yes,['This variable provides information on the presence or absence of hard distinct drusen from the left eye.'],['Both males and females 40 YEARS - 150 YEARS'],[nan],,
844,OPDSHD,.,Missing,['This variable provides information on the presence or absence of hard distinct drusen from the left eye.'],['Both males and females 40 YEARS - 150 YEARS'],[nan],,
845,OPDSD125,0,No,['This variable provides information on the presence or absence of large drusen greater than or equal to 125 microns in diameter from the left eye.'],['Both males and females 40 YEARS - 150 YEARS'],[nan],,
846,OPDSD125,1,Yes,['This variable provides information on the presence or absence of large drusen greater than or equal to 125 microns in diameter from the left eye.'],['Both males and females 40 YEARS - 150 YEARS'],[nan],,
847,OPDSD125,.,Missing,['This variable provides information on the presence or absence of large drusen greater than or equal to 125 microns in diameter from the left eye.'],['Both males and females 40 YEARS - 150 YEARS'],[nan],,
848,OPDSD500,0,No,['This variable provides information on the presence or absence of large drusen greater than or equal to 500 microns in diameter from the left eye.'],['Both males and females 40 YEARS - 150 YEARS'],[nan],,
849,OPDSD500,1,Yes,['This variable provides information on the presence or absence of large drusen greater than or equal to 500 microns in diameter from the left eye.'],['Both males and females 40 YEARS - 150 YEARS'],[nan],,
850,OPDSD500,.,Missing,['This variable provides information on the presence or absence of large drusen greater than or equal to 500 microns in diameter from the left eye.'],['Both males and females 40 YEARS - 150 YEARS'],[nan],,
851,OPDSASD,0,No,['This variable provides information on the presence or absence of any soft indistinct and/or soft distinct drusen from the left eye.'],['Both males and females 40 YEARS - 150 YEARS'],[nan],,
852,OPDSASD,1,Yes,['This variable provides information on the presence or absence of any soft indistinct and/or soft distinct drusen from the left eye.'],['Both males and females 40 YEARS - 150 YEARS'],[nan],,
853,OPDSASD,.,Missing,['This variable provides information on the presence or absence of any soft indistinct and/or soft distinct drusen from the left eye.'],['Both males and females 40 YEARS - 150 YEARS'],[nan],,
854,OPDSSDD,0,No,['This variable provides information on the presence or absence of soft distinct drusen from the left eye.'],['Both males and females 40 YEARS - 150 YEARS'],[nan],,
855,OPDSSDD,1,Yes,['This variable provides information on the presence or absence of soft distinct drusen from the left eye.'],['Both males and females 40 YEARS - 150 YEARS'],[nan],,
856,OPDSSDD,.,Missing,['This variable provides information on the presence or absence of soft distinct drusen from the left eye.'],['Both males and females 40 YEARS - 150 YEARS'],[nan],,
857,OPDSSID,0,No,['This variable provides information on the presence or absence of soft indistinct drusen from the left eye.'],['Both males and females 40 YEARS - 150 YEARS'],[nan],,
858,OPDSSID,1,Yes,['This variable provides information on the presence or absence of soft indistinct drusen from the left eye.'],['Both males and females 40 YEARS - 150 YEARS'],[nan],,
859,OPDSSID,.,Missing,['This variable provides information on the presence or absence of soft indistinct drusen from the left eye.'],['Both males and females 40 YEARS - 150 YEARS'],[nan],,
860,OPDSIRP,0,No,['This variable provides information on the presence or absence of increased retinal pigment due to disruption of the retinal pigment epithelium in early ARM from the left eye.'],['Both males and females 40 YEARS - 150 YEARS'],[nan],,
861,OPDSIRP,1,Yes,['This variable provides information on the presence or absence of increased retinal pigment due to disruption of the retinal pigment epithelium in early ARM from the left eye.'],['Both males and females 40 YEARS - 150 YEARS'],[nan],,
862,OPDSIRP,.,Missing,['This variable provides information on the presence or absence of increased retinal pigment due to disruption of the retinal pigment epithelium in early ARM from the left eye.'],['Both males and females 40 YEARS - 150 YEARS'],[nan],,
863,OPDSRPE,0,No,['This variable provides information on the presence or absence of decreased retinal pigmentation due to disruption of the retinal pigment epithelium in early ARM from the left eye.'],['Both males and females 40 YEARS - 150 YEARS'],[nan],,
864,OPDSRPE,1,Yes,['This variable provides information on the presence or absence of decreased retinal pigmentation due to disruption of the retinal pigment epithelium in early ARM from the left eye.'],['Both males and females 40 YEARS - 150 YEARS'],[nan],,
865,OPDSRPE,.,Missing,['This variable provides information on the presence or absence of decreased retinal pigmentation due to disruption of the retinal pigment epithelium in early ARM from the left eye.'],['Both males and females 40 YEARS - 150 YEARS'],[nan],,
866,OPDSAGA,0,No,['This variable provides information on the presence or absence of any geographic atrophy from the left eye.'],['Both males and females 40 YEARS - 150 YEARS'],[nan],,
867,OPDSAGA,1,Yes,['This variable provides information on the presence or absence of any geographic atrophy from the left eye.'],['Both males and females 40 YEARS - 150 YEARS'],[nan],,
868,OPDSAGA,.,Missing,['This variable provides information on the presence or absence of any geographic atrophy from the left eye.'],['Both males and females 40 YEARS - 150 YEARS'],[nan],,
869,OPDSPED,0,No,['This variable provides information on the presence or absence of Retinal Pigment Epithelial detachment/ Sensory Retinal detachment a sign of exudative ARM from the left eye.'],['Both males and females 40 YEARS - 150 YEARS'],[nan],,
870,OPDSPED,1,Yes,['This variable provides information on the presence or absence of Retinal Pigment Epithelial detachment/ Sensory Retinal detachment a sign of exudative ARM from the left eye.'],['Both males and females 40 YEARS - 150 YEARS'],[nan],,
871,OPDSPED,.,Missing,['This variable provides information on the presence or absence of Retinal Pigment Epithelial detachment/ Sensory Retinal detachment a sign of exudative ARM from the left eye.'],['Both males and females 40 YEARS - 150 YEARS'],[nan],,
872,OPDSSNV,0,No,['This variable provides information on the presence or absence of subretinal new vessels a sign of exudative ARM from the left eye.'],['Both males and females 40 YEARS - 150 YEARS'],[nan],,
873,OPDSSNV,1,Yes,['This variable provides information on the presence or absence of subretinal new vessels a sign of exudative ARM from the left eye.'],['Both males and females 40 YEARS - 150 YEARS'],[nan],,
874,OPDSSNV,.,Missing,['This variable provides information on the presence or absence of subretinal new vessels a sign of exudative ARM from the left eye.'],['Both males and females 40 YEARS - 150 YEARS'],[nan],,
875,OPDSSUBH,0,No,['This variable provides information on the presence or absence of subretinal hemorrhage a sign of exudative ARM from the left eye.'],['Both males and females 40 YEARS - 150 YEARS'],[nan],,
876,OPDSSUBH,1,Yes,['This variable provides information on the presence or absence of subretinal hemorrhage a sign of exudative ARM from the left eye.'],['Both males and females 40 YEARS - 150 YEARS'],[nan],,
877,OPDSSUBH,.,Missing,['This variable provides information on the presence or absence of subretinal hemorrhage a sign of exudative ARM from the left eye.'],['Both males and females 40 YEARS - 150 YEARS'],[nan],,
878,OPDSSFS,0,No,['This variable provides information on the presence or absence of subretinal fibrous scar a sign of exudative ARM from the left eye.'],['Both males and females 40 YEARS - 150 YEARS'],[nan],,
879,OPDSSFS,1,Yes,['This variable provides information on the presence or absence of subretinal fibrous scar a sign of exudative ARM from the left eye.'],['Both males and females 40 YEARS - 150 YEARS'],[nan],,
880,OPDSSFS,.,Missing,['This variable provides information on the presence or absence of subretinal fibrous scar a sign of exudative ARM from the left eye.'],['Both males and females 40 YEARS - 150 YEARS'],[nan],,
881,OPDSARMX,0,No,['This variable provides information on the presence or absence of 3 types of treatment for exudative ARM in the left eye: laser photodynamic and/or thermal treatment. The presence or absence of these treatments is a sign of exudative ARM.'],['Both males and females 40 YEARS - 150 YEARS'],[nan],,
882,OPDSARMX,1,Yes,['This variable provides information on the presence or absence of 3 types of treatment for exudative ARM in the left eye: laser photodynamic and/or thermal treatment. The presence or absence of these treatments is a sign of exudative ARM.'],['Both males and females 40 YEARS - 150 YEARS'],[nan],,
883,OPDSARMX,.,Missing,['This variable provides information on the presence or absence of 3 types of treatment for exudative ARM in the left eye: laser photodynamic and/or thermal treatment. The presence or absence of these treatments is a sign of exudative ARM.'],['Both males and females 40 YEARS - 150 YEARS'],[nan],,
884,OPDSBCO,0,No,['This variable provides information on the presence or absence of retinal artery occlusion (branch or central) a blockage of retinal arteriole or artery resulting infarction of the retina from the left eye.'],['Both males and females 40 YEARS - 150 YEARS'],[nan],,
885,OPDSBCO,1,Questionable,['This variable provides information on the presence or absence of retinal artery occlusion (branch or central) a blockage of retinal arteriole or artery resulting infarction of the retina from the left eye.'],['Both males and females 40 YEARS - 150 YEARS'],[nan],,
886,OPDSBCO,2,Yes,['This variable provides information on the presence or absence of retinal artery occlusion (branch or central) a blockage of retinal arteriole or artery resulting infarction of the retina from the left eye.'],['Both males and females 40 YEARS - 150 YEARS'],[nan],,
887,OPDSBCO,3,"Yes, In Center",['This variable provides information on the presence or absence of retinal artery occlusion (branch or central) a blockage of retinal arteriole or artery resulting infarction of the retina from the left eye.'],['Both males and females 40 YEARS - 150 YEARS'],[nan],,
888,OPDSBCO,.,Missing,['This variable provides information on the presence or absence of retinal artery occlusion (branch or central) a blockage of retinal arteriole or artery resulting infarction of the retina from the left eye.'],['Both males and females 40 YEARS - 150 YEARS'],[nan],,
889,OPDSBVO,0,No,['This variable provides information on the presence or absence of retinal branch vein occlusion a blockage of retinal branch venule (level 12 in the retinopathy severity scale variable OPDURET) from the left eye.'],['Both males and females 40 YEARS - 150 YEARS'],[nan],,
890,OPDSBVO,1,Questionable,['This variable provides information on the presence or absence of retinal branch vein occlusion a blockage of retinal branch venule (level 12 in the retinopathy severity scale variable OPDURET) from the left eye.'],['Both males and females 40 YEARS - 150 YEARS'],[nan],,
891,OPDSBVO,2,Yes,['This variable provides information on the presence or absence of retinal branch vein occlusion a blockage of retinal branch venule (level 12 in the retinopathy severity scale variable OPDURET) from the left eye.'],['Both males and females 40 YEARS - 150 YEARS'],[nan],,
892,OPDSBVO,3,"Yes, In Center",['This variable provides information on the presence or absence of retinal branch vein occlusion a blockage of retinal branch venule (level 12 in the retinopathy severity scale variable OPDURET) from the left eye.'],['Both males and females 40 YEARS - 150 YEARS'],[nan],,
893,OPDSBVO,.,Missing,['This variable provides information on the presence or absence of retinal branch vein occlusion a blockage of retinal branch venule (level 12 in the retinopathy severity scale variable OPDURET) from the left eye.'],['Both males and females 40 YEARS - 150 YEARS'],[nan],,
894,OPDSCVO,0,No,['This variable provides information on the presence or absence of retinal central vein occlusion (RCVO) from the left eye; blockage of the retinal central vein (level 12 in the retinal severity scale variable OPDSRET).'],['Both males and females 40 YEARS - 150 YEARS'],[nan],,
895,OPDSCVO,1,Questionable,['This variable provides information on the presence or absence of retinal central vein occlusion (RCVO) from the left eye; blockage of the retinal central vein (level 12 in the retinal severity scale variable OPDSRET).'],['Both males and females 40 YEARS - 150 YEARS'],[nan],,
896,OPDSCVO,2,Yes,['This variable provides information on the presence or absence of retinal central vein occlusion (RCVO) from the left eye; blockage of the retinal central vein (level 12 in the retinal severity scale variable OPDSRET).'],['Both males and females 40 YEARS - 150 YEARS'],[nan],,
897,OPDSCVO,3,"Yes, In Center",['This variable provides information on the presence or absence of retinal central vein occlusion (RCVO) from the left eye; blockage of the retinal central vein (level 12 in the retinal severity scale variable OPDSRET).'],['Both males and females 40 YEARS - 150 YEARS'],[nan],,
898,OPDSCVO,.,Missing,['This variable provides information on the presence or absence of retinal central vein occlusion (RCVO) from the left eye; blockage of the retinal central vein (level 12 in the retinal severity scale variable OPDSRET).'],['Both males and females 40 YEARS - 150 YEARS'],[nan],,
899,OPDSAVN,0,No,['This variable provides information on the presence or absence of retinal arterio-venous nicking a pinching of the vein at an artery crossing from the left eye. May be secondary to hypertension. Refer to the NHANES Detailed Grading Protocol for more details.'],['Both males and females 40 YEARS - 150 YEARS'],[nan],,
900,OPDSAVN,1,Questionable,['This variable provides information on the presence or absence of retinal arterio-venous nicking a pinching of the vein at an artery crossing from the left eye. May be secondary to hypertension. Refer to the NHANES Detailed Grading Protocol for more details.'],['Both males and females 40 YEARS - 150 YEARS'],[nan],,
901,OPDSAVN,2,Yes,['This variable provides information on the presence or absence of retinal arterio-venous nicking a pinching of the vein at an artery crossing from the left eye. May be secondary to hypertension. Refer to the NHANES Detailed Grading Protocol for more details.'],['Both males and females 40 YEARS - 150 YEARS'],[nan],,
902,OPDSAVN,.,Missing,['This variable provides information on the presence or absence of retinal arterio-venous nicking a pinching of the vein at an artery crossing from the left eye. May be secondary to hypertension. Refer to the NHANES Detailed Grading Protocol for more details.'],['Both males and females 40 YEARS - 150 YEARS'],[nan],,
903,OPDSFAN,0,No,['This variable provides information on the presence or absence of retinal focal arteriolar narrowing focal pinching or narrowing of the arteriole from the left eye. May be secondary to hypertension. Refer to the NHANES Detailed Grading Protocol for more details.'],['Both males and females 40 YEARS - 150 YEARS'],[nan],,
904,OPDSFAN,1,Questionable,['This variable provides information on the presence or absence of retinal focal arteriolar narrowing focal pinching or narrowing of the arteriole from the left eye. May be secondary to hypertension. Refer to the NHANES Detailed Grading Protocol for more details.'],['Both males and females 40 YEARS - 150 YEARS'],[nan],,
905,OPDSFAN,2,Yes,['This variable provides information on the presence or absence of retinal focal arteriolar narrowing focal pinching or narrowing of the arteriole from the left eye. May be secondary to hypertension. Refer to the NHANES Detailed Grading Protocol for more details.'],['Both males and females 40 YEARS - 150 YEARS'],[nan],,
906,OPDSFAN,.,Missing,['This variable provides information on the presence or absence of retinal focal arteriolar narrowing focal pinching or narrowing of the arteriole from the left eye. May be secondary to hypertension. Refer to the NHANES Detailed Grading Protocol for more details.'],['Both males and females 40 YEARS - 150 YEARS'],[nan],,
907,OPDSHOLL,0,No,['This variable provides information on the presence or absence of retinal arteriolar embolus (Hollenhorst plaque) from the worse eye. Usually fibrin or cholesterol embolus seen in retinal arterioles often at a bifurcation of the vessel.'],['Both males and females 40 YEARS - 150 YEARS'],[nan],,
908,OPDSHOLL,1,Questionable,['This variable provides information on the presence or absence of retinal arteriolar embolus (Hollenhorst plaque) from the worse eye. Usually fibrin or cholesterol embolus seen in retinal arterioles often at a bifurcation of the vessel.'],['Both males and females 40 YEARS - 150 YEARS'],[nan],,
909,OPDSHOLL,2,Yes,['This variable provides information on the presence or absence of retinal arteriolar embolus (Hollenhorst plaque) from the worse eye. Usually fibrin or cholesterol embolus seen in retinal arterioles often at a bifurcation of the vessel.'],['Both males and females 40 YEARS - 150 YEARS'],[nan],,
910,OPDSHOLL,.,Missing,['This variable provides information on the presence or absence of retinal arteriolar embolus (Hollenhorst plaque) from the worse eye. Usually fibrin or cholesterol embolus seen in retinal arterioles often at a bifurcation of the vessel.'],['Both males and females 40 YEARS - 150 YEARS'],[nan],,
911,OPDSPPA,0,No,['This variables provides information on the presence or absence of peripapillary atrophy defined as retinal-choroidal atrophic area around the disc from the left eye.'],['Both males and females 40 YEARS - 150 YEARS'],[nan],,
912,OPDSPPA,1,Questionable,['This variables provides information on the presence or absence of peripapillary atrophy defined as retinal-choroidal atrophic area around the disc from the left eye.'],['Both males and females 40 YEARS - 150 YEARS'],[nan],,
913,OPDSPPA,2,Yes,['This variables provides information on the presence or absence of peripapillary atrophy defined as retinal-choroidal atrophic area around the disc from the left eye.'],['Both males and females 40 YEARS - 150 YEARS'],[nan],,
914,OPDSPPA,.,Missing,['This variables provides information on the presence or absence of peripapillary atrophy defined as retinal-choroidal atrophic area around the disc from the left eye.'],['Both males and females 40 YEARS - 150 YEARS'],[nan],,
915,OPDSASHY,0,No,['This variable provides information on the presence or absence of Asteroid Hyalosis soap-like crystals floating in the vitreous cavity in front of the retina which can obstruct the view of retinal lesions from the left eye.'],['Both males and females 40 YEARS - 150 YEARS'],[nan],,
916,OPDSASHY,1,Questionable,['This variable provides information on the presence or absence of Asteroid Hyalosis soap-like crystals floating in the vitreous cavity in front of the retina which can obstruct the view of retinal lesions from the left eye.'],['Both males and females 40 YEARS - 150 YEARS'],[nan],,
917,OPDSASHY,2,Yes,['This variable provides information on the presence or absence of Asteroid Hyalosis soap-like crystals floating in the vitreous cavity in front of the retina which can obstruct the view of retinal lesions from the left eye.'],['Both males and females 40 YEARS - 150 YEARS'],[nan],,
918,OPDSASHY,3,"Yes, In Center",['This variable provides information on the presence or absence of Asteroid Hyalosis soap-like crystals floating in the vitreous cavity in front of the retina which can obstruct the view of retinal lesions from the left eye.'],['Both males and females 40 YEARS - 150 YEARS'],[nan],,
919,OPDSASHY,.,Missing,['This variable provides information on the presence or absence of Asteroid Hyalosis soap-like crystals floating in the vitreous cavity in front of the retina which can obstruct the view of retinal lesions from the left eye.'],['Both males and females 40 YEARS - 150 YEARS'],[nan],,
920,OPDSCHRA,0,No,['This variable provides information on the presence or absence of any chorioretinal abnormality from the left eye.'],['Both males and females 40 YEARS - 150 YEARS'],[nan],,
921,OPDSCHRA,1,Questionable,['This variable provides information on the presence or absence of any chorioretinal abnormality from the left eye.'],['Both males and females 40 YEARS - 150 YEARS'],[nan],,
922,OPDSCHRA,2,Yes,['This variable provides information on the presence or absence of any chorioretinal abnormality from the left eye.'],['Both males and females 40 YEARS - 150 YEARS'],[nan],,
923,OPDSCHRA,3,"Yes, In Center",['This variable provides information on the presence or absence of any chorioretinal abnormality from the left eye.'],['Both males and females 40 YEARS - 150 YEARS'],[nan],,
924,OPDSCHRA,.,Missing,['This variable provides information on the presence or absence of any chorioretinal abnormality from the left eye.'],['Both males and females 40 YEARS - 150 YEARS'],[nan],,
925,OPDSMACH,0,No,['This variable provides information on the presence or absence of a macular hole a round sharply defined hole involving the center of the macula resulting in a decrease in visual acuity from the left eye.'],['Both males and females 40 YEARS - 150 YEARS'],[nan],,
926,OPDSMACH,1,Questionable,['This variable provides information on the presence or absence of a macular hole a round sharply defined hole involving the center of the macula resulting in a decrease in visual acuity from the left eye.'],['Both males and females 40 YEARS - 150 YEARS'],[nan],,
927,OPDSMACH,2,Yes,['This variable provides information on the presence or absence of a macular hole a round sharply defined hole involving the center of the macula resulting in a decrease in visual acuity from the left eye.'],['Both males and females 40 YEARS - 150 YEARS'],[nan],,
928,OPDSMACH,.,Missing,['This variable provides information on the presence or absence of a macular hole a round sharply defined hole involving the center of the macula resulting in a decrease in visual acuity from the left eye.'],['Both males and females 40 YEARS - 150 YEARS'],[nan],,
929,OPDSCHN,0,No,['This variable provides information on the presence or absence of choroidal nevus a localized increase in the number of pigment bearing cells in choroid usually round or oval in shape from the left eye.'],['Both males and females 40 YEARS - 150 YEARS'],[nan],,
930,OPDSCHN,1,Questionable,['This variable provides information on the presence or absence of choroidal nevus a localized increase in the number of pigment bearing cells in choroid usually round or oval in shape from the left eye.'],['Both males and females 40 YEARS - 150 YEARS'],[nan],,
931,OPDSCHN,2,Yes,['This variable provides information on the presence or absence of choroidal nevus a localized increase in the number of pigment bearing cells in choroid usually round or oval in shape from the left eye.'],['Both males and females 40 YEARS - 150 YEARS'],[nan],,
932,OPDSCHN,3,"Yes, In Center",['This variable provides information on the presence or absence of choroidal nevus a localized increase in the number of pigment bearing cells in choroid usually round or oval in shape from the left eye.'],['Both males and females 40 YEARS - 150 YEARS'],[nan],,
933,OPDSCHN,.,Missing,['This variable provides information on the presence or absence of choroidal nevus a localized increase in the number of pigment bearing cells in choroid usually round or oval in shape from the left eye.'],['Both males and females 40 YEARS - 150 YEARS'],[nan],,
934,OPDSOTRX,0,No,['This variable provides information on the presence or absence of any other laser treatment for other conditions (i.e. local treatment for retinal detachment) from the left eye.'],['Both males and females 40 YEARS - 150 YEARS'],[nan],,
935,OPDSOTRX,1,Questionable,['This variable provides information on the presence or absence of any other laser treatment for other conditions (i.e. local treatment for retinal detachment) from the left eye.'],['Both males and females 40 YEARS - 150 YEARS'],[nan],,
936,OPDSOTRX,2,Yes,['This variable provides information on the presence or absence of any other laser treatment for other conditions (i.e. local treatment for retinal detachment) from the left eye.'],['Both males and females 40 YEARS - 150 YEARS'],[nan],,
937,OPDSOTRX,3,"Yes, In Center",['This variable provides information on the presence or absence of any other laser treatment for other conditions (i.e. local treatment for retinal detachment) from the left eye.'],['Both males and females 40 YEARS - 150 YEARS'],[nan],,
938,OPDSOTRX,.,Missing,['This variable provides information on the presence or absence of any other laser treatment for other conditions (i.e. local treatment for retinal detachment) from the left eye.'],['Both males and females 40 YEARS - 150 YEARS'],[nan],,
939,OPDSPOHS,0,No,['This variable provides information on the presence or absence of Presumed Ocular Histoplasmosis Syndrome which usually manifests by peripapillary atrophic scars focal round chorioretinal active lesions or punched out scars from the left eye.'],['Both males and females 40 YEARS - 150 YEARS'],[nan],,
940,OPDSPOHS,1,Questionable,['This variable provides information on the presence or absence of Presumed Ocular Histoplasmosis Syndrome which usually manifests by peripapillary atrophic scars focal round chorioretinal active lesions or punched out scars from the left eye.'],['Both males and females 40 YEARS - 150 YEARS'],[nan],,
941,OPDSPOHS,2,Yes,['This variable provides information on the presence or absence of Presumed Ocular Histoplasmosis Syndrome which usually manifests by peripapillary atrophic scars focal round chorioretinal active lesions or punched out scars from the left eye.'],['Both males and females 40 YEARS - 150 YEARS'],[nan],,
942,OPDSPOHS,3,"Yes, In Center",['This variable provides information on the presence or absence of Presumed Ocular Histoplasmosis Syndrome which usually manifests by peripapillary atrophic scars focal round chorioretinal active lesions or punched out scars from the left eye.'],['Both males and females 40 YEARS - 150 YEARS'],[nan],,
943,OPDSPOHS,.,Missing,['This variable provides information on the presence or absence of Presumed Ocular Histoplasmosis Syndrome which usually manifests by peripapillary atrophic scars focal round chorioretinal active lesions or punched out scars from the left eye.'],['Both males and females 40 YEARS - 150 YEARS'],[nan],,
944,OPDSRDET,0,No,['This variable provides information on the presence or absence of traction or traumatic retinal detachment (not ARM Pigment Epithelial Detachment) from the left eye.'],['Both males and females 40 YEARS - 150 YEARS'],[nan],,
945,OPDSRDET,1,Questionable,['This variable provides information on the presence or absence of traction or traumatic retinal detachment (not ARM Pigment Epithelial Detachment) from the left eye.'],['Both males and females 40 YEARS - 150 YEARS'],[nan],,
946,OPDSRDET,2,Yes,['This variable provides information on the presence or absence of traction or traumatic retinal detachment (not ARM Pigment Epithelial Detachment) from the left eye.'],['Both males and females 40 YEARS - 150 YEARS'],[nan],,
947,OPDSRDET,3,"Yes, In Center",['This variable provides information on the presence or absence of traction or traumatic retinal detachment (not ARM Pigment Epithelial Detachment) from the left eye.'],['Both males and females 40 YEARS - 150 YEARS'],[nan],,
948,OPDSRDET,.,Missing,['This variable provides information on the presence or absence of traction or traumatic retinal detachment (not ARM Pigment Epithelial Detachment) from the left eye.'],['Both males and females 40 YEARS - 150 YEARS'],[nan],,
949,OPDSSWR,0,No,['This variable provides information on the presence or absence of epiretinal membrane (cellophane changes) from the left eye. Epiretinal membrane (cellophane changes) refers to a patch or patches of irregular increased reflection on the inner surface of the retina due to membrane cellophane changes only with no traction.'],['Both males and females 40 YEARS - 150 YEARS'],[nan],,
950,OPDSSWR,1,Questionable,['This variable provides information on the presence or absence of epiretinal membrane (cellophane changes) from the left eye. Epiretinal membrane (cellophane changes) refers to a patch or patches of irregular increased reflection on the inner surface of the retina due to membrane cellophane changes only with no traction.'],['Both males and females 40 YEARS - 150 YEARS'],[nan],,
951,OPDSSWR,2,Yes,['This variable provides information on the presence or absence of epiretinal membrane (cellophane changes) from the left eye. Epiretinal membrane (cellophane changes) refers to a patch or patches of irregular increased reflection on the inner surface of the retina due to membrane cellophane changes only with no traction.'],['Both males and females 40 YEARS - 150 YEARS'],[nan],,
952,OPDSSWR,3,"Yes, In Center",['This variable provides information on the presence or absence of epiretinal membrane (cellophane changes) from the left eye. Epiretinal membrane (cellophane changes) refers to a patch or patches of irregular increased reflection on the inner surface of the retina due to membrane cellophane changes only with no traction.'],['Both males and females 40 YEARS - 150 YEARS'],[nan],,
953,OPDSSWR,.,Missing,['This variable provides information on the presence or absence of epiretinal membrane (cellophane changes) from the left eye. Epiretinal membrane (cellophane changes) refers to a patch or patches of irregular increased reflection on the inner surface of the retina due to membrane cellophane changes only with no traction.'],['Both males and females 40 YEARS - 150 YEARS'],[nan],,
954,OPDSSWRT,0,No,['This variable provides information on the presence or absence of epiretinal membrane (retinal traction changes) from the left eye. Epiretinal membrane (retinal traction changes) refers to a patch or patches of irregular increased reflection on the inner surface of the retina due to retinal traction changes of the membrane.'],['Both males and females 40 YEARS - 150 YEARS'],[nan],,
955,OPDSSWRT,1,Questionable,['This variable provides information on the presence or absence of epiretinal membrane (retinal traction changes) from the left eye. Epiretinal membrane (retinal traction changes) refers to a patch or patches of irregular increased reflection on the inner surface of the retina due to retinal traction changes of the membrane.'],['Both males and females 40 YEARS - 150 YEARS'],[nan],,
956,OPDSSWRT,2,Yes,['This variable provides information on the presence or absence of epiretinal membrane (retinal traction changes) from the left eye. Epiretinal membrane (retinal traction changes) refers to a patch or patches of irregular increased reflection on the inner surface of the retina due to retinal traction changes of the membrane.'],['Both males and females 40 YEARS - 150 YEARS'],[nan],,
957,OPDSSWRT,3,"Yes, In Center",['This variable provides information on the presence or absence of epiretinal membrane (retinal traction changes) from the left eye. Epiretinal membrane (retinal traction changes) refers to a patch or patches of irregular increased reflection on the inner surface of the retina due to retinal traction changes of the membrane.'],['Both males and females 40 YEARS - 150 YEARS'],[nan],,
958,OPDSSWRT,.,Missing,['This variable provides information on the presence or absence of epiretinal membrane (retinal traction changes) from the left eye. Epiretinal membrane (retinal traction changes) refers to a patch or patches of irregular increased reflection on the inner surface of the retina due to retinal traction changes of the membrane.'],['Both males and females 40 YEARS - 150 YEARS'],[nan],,
959,OPDSOTHC,0,No,['This variable provides information of other ocular conditions not graded elsewhere from the left eye.'],['Both males and females 40 YEARS - 150 YEARS'],[nan],,
960,OPDSOTHC,1,Questionable,['This variable provides information of other ocular conditions not graded elsewhere from the left eye.'],['Both males and females 40 YEARS - 150 YEARS'],[nan],,
961,OPDSOTHC,2,Yes,['This variable provides information of other ocular conditions not graded elsewhere from the left eye.'],['Both males and females 40 YEARS - 150 YEARS'],[nan],,
962,OPDSOTHC,3,"Yes, In Center",['This variable provides information of other ocular conditions not graded elsewhere from the left eye.'],['Both males and females 40 YEARS - 150 YEARS'],[nan],,
963,OPDSOTHC,.,Missing,['This variable provides information of other ocular conditions not graded elsewhere from the left eye.'],['Both males and females 40 YEARS - 150 YEARS'],[nan],,
964,OPDSVCDR,0.14 To 0.86,Range Of Values,['This variable provides the vertical cup to disc ratio in microns from the left eye.'],['Both males and females 40 YEARS - 150 YEARS'],[nan],,
965,OPDSVCDR,.,Missing,['This variable provides the vertical cup to disc ratio in microns from the left eye.'],['Both males and females 40 YEARS - 150 YEARS'],[nan],,
966,OPDSVCDR,0.12 To 0.9,Range Of Values,['This variable provides the vertical cup to disc ratio in microns from the left eye.'],['Both males and females 40 YEARS - 150 YEARS'],[nan],,
967,OPXSQUAL,0,Excellent,['The quality of images with a cup-to-disc ratio >= 0.6 was re-assessed before the images were re-read to look for indicators suggesting the presence of glaucoma. Quality left eye'],['Both males and females 40 YEARS - 150 YEARS'],[nan],,
968,OPXSQUAL,1,Good,['The quality of images with a cup-to-disc ratio >= 0.6 was re-assessed before the images were re-read to look for indicators suggesting the presence of glaucoma. Quality left eye'],['Both males and females 40 YEARS - 150 YEARS'],[nan],,
969,OPXSQUAL,2,Fair,['The quality of images with a cup-to-disc ratio >= 0.6 was re-assessed before the images were re-read to look for indicators suggesting the presence of glaucoma. Quality left eye'],['Both males and females 40 YEARS - 150 YEARS'],[nan],,
970,OPXSQUAL,3,Poor,['The quality of images with a cup-to-disc ratio >= 0.6 was re-assessed before the images were re-read to look for indicators suggesting the presence of glaucoma. Quality left eye'],['Both males and females 40 YEARS - 150 YEARS'],[nan],,
971,OPXSQUAL,4,Ungradable,['The quality of images with a cup-to-disc ratio >= 0.6 was re-assessed before the images were re-read to look for indicators suggesting the presence of glaucoma. Quality left eye'],['Both males and females 40 YEARS - 150 YEARS'],[nan],,
972,OPXSQUAL,.,Missing,['The quality of images with a cup-to-disc ratio >= 0.6 was re-assessed before the images were re-read to look for indicators suggesting the presence of glaucoma. Quality left eye'],['Both males and females 40 YEARS - 150 YEARS'],[nan],,
973,OPXSRCDR,0 To 1,Range Of Values,['This variable provides the vertical cup disc ratio in microns from images that were re-read left eye.'],['Both males and females 40 YEARS - 150 YEARS'],[nan],,
974,OPXSRCDR,2,Ungradable,['This variable provides the vertical cup disc ratio in microns from images that were re-read left eye.'],['Both males and females 40 YEARS - 150 YEARS'],[nan],,
975,OPXSRCDR,.,Missing,['This variable provides the vertical cup disc ratio in microns from images that were re-read left eye.'],['Both males and females 40 YEARS - 150 YEARS'],[nan],,
976,OPXSGLAU,0,No,['Glaucoma left eye'],['Both males and females 40 YEARS - 150 YEARS'],[nan],,
977,OPXSGLAU,1,Possible,['Glaucoma left eye'],['Both males and females 40 YEARS - 150 YEARS'],[nan],,
978,OPXSGLAU,2,Probable,['Glaucoma left eye'],['Both males and females 40 YEARS - 150 YEARS'],[nan],,
979,OPXSGLAU,3,Definite,['Glaucoma left eye'],['Both males and females 40 YEARS - 150 YEARS'],[nan],,
980,OPXSGLAU,4,Ungradable,['Glaucoma left eye'],['Both males and females 40 YEARS - 150 YEARS'],[nan],,
981,OPXSGLAU,.,Missing,['Glaucoma left eye'],['Both males and females 40 YEARS - 150 YEARS'],[nan],,
982,OPXSHEME,.,Missing,['Heme left eye'],['Both males and females 40 YEARS - 150 YEARS'],[nan],,
983,OPXSHEME,0,No,['Heme left eye'],['Both males and females 40 YEARS - 150 YEARS'],[nan],,
984,OPXSHEME,1,Yes,['Heme left eye'],['Both males and females 40 YEARS - 150 YEARS'],[nan],,
985,OPXSHEME,2,Maybe,['Heme left eye'],['Both males and females 40 YEARS - 150 YEARS'],[nan],,
986,OPXSHEME,3,Ungradable,['Heme left eye'],['Both males and females 40 YEARS - 150 YEARS'],[nan],,
987,OPXSSIZE,0,Small,['Size left eye'],['Both males and females 40 YEARS - 150 YEARS'],[nan],,
988,OPXSSIZE,1,Average,['Size left eye'],['Both males and females 40 YEARS - 150 YEARS'],[nan],,
989,OPXSSIZE,2,Large,['Size left eye'],['Both males and females 40 YEARS - 150 YEARS'],[nan],,
990,OPXSSIZE,3,Ungradable,['Size left eye'],['Both males and females 40 YEARS - 150 YEARS'],[nan],,
991,OPXSSIZE,.,Missing,['Size left eye'],['Both males and females 40 YEARS - 150 YEARS'],[nan],,
992,OPDSEXC,0,No,['Excavation left eye'],['Both males and females 40 YEARS - 150 YEARS'],[nan],,
993,OPDSEXC,1,Yes,['Excavation left eye'],['Both males and females 40 YEARS - 150 YEARS'],[nan],,
994,OPDSEXC,2,Maybe,['Excavation left eye'],['Both males and females 40 YEARS - 150 YEARS'],[nan],,
995,OPDSEXC,3,Ungradable,['Excavation left eye'],['Both males and females 40 YEARS - 150 YEARS'],[nan],,
996,OPDSEXC,.,Missing,['Excavation left eye'],['Both males and females 40 YEARS - 150 YEARS'],[nan],,
997,OPDSNOT,0,None,['Notch left eye'],['Both males and females 40 YEARS - 150 YEARS'],[nan],,
998,OPDSNOT,1,Inferior,['Notch left eye'],['Both males and females 40 YEARS - 150 YEARS'],[nan],,
999,OPDSNOT,2,Superior,['Notch left eye'],['Both males and females 40 YEARS - 150 YEARS'],[nan],,
1000,OPDSNOT,3,Both,['Notch left eye'],['Both males and females 40 YEARS - 150 YEARS'],[nan],,
1001,OPDSNOT,4,Ungradable,['Notch left eye'],['Both males and females 40 YEARS - 150 YEARS'],[nan],,
1002,OPDSNOT,.,Missing,['Notch left eye'],['Both males and females 40 YEARS - 150 YEARS'],[nan],,
1003,OPDSTIL,0,No,['Tilted left eye'],['Both males and females 40 YEARS - 150 YEARS'],[nan],,
1004,OPDSTIL,1,Yes,['Tilted left eye'],['Both males and females 40 YEARS - 150 YEARS'],[nan],,
1005,OPDSTIL,3,Ungradable,['Tilted left eye'],['Both males and females 40 YEARS - 150 YEARS'],[nan],,
1006,OPDSTIL,.,Missing,['Tilted left eye'],['Both males and females 40 YEARS - 150 YEARS'],[nan],,
1007,VIQ121,1,Right,['If so which eye?'],['Both males and females 40 YEARS - 150 YEARS'],[nan],,
1008,VIQ121,2,Left,['If so which eye?'],['Both males and females 40 YEARS - 150 YEARS'],[nan],,
1009,VIQ121,3,Both,['If so which eye?'],['Both males and females 40 YEARS - 150 YEARS'],[nan],,
1010,VIQ121,.,Missing,['If so which eye?'],['Both males and females 40 YEARS - 150 YEARS'],[nan],,
