,Column,Code,Label,English_Text,Target,English_Instructions,Class,Other For
0,SEQN,,,['Respondent sequence number.'],['Both males and females 13 YEARS - 150 YEARS'],[nan],,
1,OHAEXSTS,1,Complete,['Overall Oral Health Exam Status'],['Both males and females 13 YEARS - 150 YEARS'],[nan],,
2,OHAEXSTS,2,Partial,['Overall Oral Health Exam Status'],['Both males and females 13 YEARS - 150 YEARS'],[nan],,
3,OHAEXSTS,3,Not Done,['Overall Oral Health Exam Status'],['Both males and females 13 YEARS - 150 YEARS'],[nan],,
4,OHAEXSTS,.,Missing,['Overall Oral Health Exam Status'],['Both males and females 13 YEARS - 150 YEARS'],[nan],,
5,OHASCST4,1,Complete,['Periodontal Status Code'],['Both males and females 13 YEARS - 150 YEARS'],[nan],,
6,OHASCST4,2,Partial,['Periodontal Status Code'],['Both males and females 13 YEARS - 150 YEARS'],[nan],,
7,OHASCST4,3,Not Done,['Periodontal Status Code'],['Both males and females 13 YEARS - 150 YEARS'],[nan],,
8,OHASCST4,.,Missing,['Periodontal Status Code'],['Both males and females 13 YEARS - 150 YEARS'],[nan],,
9,OHD18CJM,-6 To 3,Range Of Values,['Loss of Attachment: Lower left 2nd molar (2M) mid-facial - FGM to CEJ measurement (mm)'],['Both males and females 13 YEARS - 150 YEARS'],[nan],,
10,OHD18CJM,99,Cannot Be Assessed,['Loss of Attachment: Lower left 2nd molar (2M) mid-facial - FGM to CEJ measurement (mm)'],['Both males and females 13 YEARS - 150 YEARS'],[nan],,
11,OHD18CJM,.,Missing,['Loss of Attachment: Lower left 2nd molar (2M) mid-facial - FGM to CEJ measurement (mm)'],['Both males and females 13 YEARS - 150 YEARS'],[nan],,
12,OHD18PCM,0 To 9,Range Of Values,['Loss of Attachment: Lower left 2nd molar (2M) mid-facial - FGM to sulcus base (pocket depth) (mm)'],['Both males and females 13 YEARS - 150 YEARS'],[nan],,
13,OHD18PCM,99,Cannot Be Assessed,['Loss of Attachment: Lower left 2nd molar (2M) mid-facial - FGM to sulcus base (pocket depth) (mm)'],['Both males and females 13 YEARS - 150 YEARS'],[nan],,
14,OHD18PCM,.,Missing,['Loss of Attachment: Lower left 2nd molar (2M) mid-facial - FGM to sulcus base (pocket depth) (mm)'],['Both males and females 13 YEARS - 150 YEARS'],[nan],,
15,OHD18PCM,0 To 5,Range Of Values,['Loss of Attachment: Lower left 2nd molar (2M) mid-facial - FGM to sulcus base (pocket depth) (mm)'],['Both males and females 13 YEARS - 150 YEARS'],[nan],,
16,OHD18LAM,0 To 8,Range Of Values,['Loss of Attachment: Lower left 2nd molar (2M) mid-facial - Level of attachment calculation of : (FGM to sulcus base measurement) - (FGM to CEJ measurement) (mm)'],['Both males and females 13 YEARS - 150 YEARS'],[nan],,
17,OHD18LAM,99,Calculation Cannot Be Determined,['Loss of Attachment: Lower left 2nd molar (2M) mid-facial - Level of attachment calculation of : (FGM to sulcus base measurement) - (FGM to CEJ measurement) (mm)'],['Both males and females 13 YEARS - 150 YEARS'],[nan],,
18,OHD18LAM,.,Missing,['Loss of Attachment: Lower left 2nd molar (2M) mid-facial - Level of attachment calculation of : (FGM to sulcus base measurement) - (FGM to CEJ measurement) (mm)'],['Both males and females 13 YEARS - 150 YEARS'],[nan],,
19,OHD18LAM,0 To 9,Range Of Values,['Loss of Attachment: Lower left 2nd molar (2M) mid-facial - Level of attachment calculation of : (FGM to sulcus base measurement) - (FGM to CEJ measurement) (mm)'],['Both males and females 13 YEARS - 150 YEARS'],[nan],,
20,OHD18CJS,-5 To 5,Range Of Values,['Loss of Attachment: Lower left 2nd molar (2M) mesio-facial - FGM to CEJ measurement (mm)'],['Both males and females 13 YEARS - 150 YEARS'],[nan],,
21,OHD18CJS,99,Cannot Be Assessed,['Loss of Attachment: Lower left 2nd molar (2M) mesio-facial - FGM to CEJ measurement (mm)'],['Both males and females 13 YEARS - 150 YEARS'],[nan],,
22,OHD18CJS,.,Missing,['Loss of Attachment: Lower left 2nd molar (2M) mesio-facial - FGM to CEJ measurement (mm)'],['Both males and females 13 YEARS - 150 YEARS'],[nan],,
23,OHD18CJS,-4 To 3,Range Of Values,['Loss of Attachment: Lower left 2nd molar (2M) mesio-facial - FGM to CEJ measurement (mm)'],['Both males and females 13 YEARS - 150 YEARS'],[nan],,
24,OHD18PCS,0 To 8,Range Of Values,['Loss of Attachment: Lower left 2nd molar (2M) mesio-facial - FGM to sulcus base (pocket depth) (mm)'],['Both males and females 13 YEARS - 150 YEARS'],[nan],,
25,OHD18PCS,99,Cannot Be Assessed,['Loss of Attachment: Lower left 2nd molar (2M) mesio-facial - FGM to sulcus base (pocket depth) (mm)'],['Both males and females 13 YEARS - 150 YEARS'],[nan],,
26,OHD18PCS,.,Missing,['Loss of Attachment: Lower left 2nd molar (2M) mesio-facial - FGM to sulcus base (pocket depth) (mm)'],['Both males and females 13 YEARS - 150 YEARS'],[nan],,
27,OHD18PCS,0 To 5,Range Of Values,['Loss of Attachment: Lower left 2nd molar (2M) mesio-facial - FGM to sulcus base (pocket depth) (mm)'],['Both males and females 13 YEARS - 150 YEARS'],[nan],,
28,OHD18LAS,0 To 9,Range Of Values,['Loss of Attachment: Lower left 2nd molar (2M) mesio-facial - Level of attachment calculation of : (FGM to sulcus base measurement) - (FGM to CEJ measurement) (mm)'],['Both males and females 13 YEARS - 150 YEARS'],[nan],,
29,OHD18LAS,99,Calculation Cannot Be Determined,['Loss of Attachment: Lower left 2nd molar (2M) mesio-facial - Level of attachment calculation of : (FGM to sulcus base measurement) - (FGM to CEJ measurement) (mm)'],['Both males and females 13 YEARS - 150 YEARS'],[nan],,
30,OHD18LAS,.,Missing,['Loss of Attachment: Lower left 2nd molar (2M) mesio-facial - Level of attachment calculation of : (FGM to sulcus base measurement) - (FGM to CEJ measurement) (mm)'],['Both males and females 13 YEARS - 150 YEARS'],[nan],,
31,OHD18LAS,0 To 7,Range Of Values,['Loss of Attachment: Lower left 2nd molar (2M) mesio-facial - Level of attachment calculation of : (FGM to sulcus base measurement) - (FGM to CEJ measurement) (mm)'],['Both males and females 13 YEARS - 150 YEARS'],[nan],,
32,OHD18CJD,-4 To 6,Range Of Values,['Loss of Attachment: Lower left 2nd molar (2M) distal - FGM to CEJ measurement (mm)'],['Both males and females 13 YEARS - 150 YEARS'],[nan],,
33,OHD18CJD,99,Cannot Be Assessed,['Loss of Attachment: Lower left 2nd molar (2M) distal - FGM to CEJ measurement (mm)'],['Both males and females 13 YEARS - 150 YEARS'],[nan],,
34,OHD18CJD,.,Missing,['Loss of Attachment: Lower left 2nd molar (2M) distal - FGM to CEJ measurement (mm)'],['Both males and females 13 YEARS - 150 YEARS'],[nan],,
35,OHD18CJD,-5 To 3,Range Of Values,['Loss of Attachment: Lower left 2nd molar (2M) distal - FGM to CEJ measurement (mm)'],['Both males and females 13 YEARS - 150 YEARS'],[nan],,
36,OHD18PCD,0 To 11,Range Of Values,['Loss of Attachment: Lower left 2nd molar (2M) distal - FGM to sulcus base (pocket depth) (mm)'],['Both males and females 13 YEARS - 150 YEARS'],[nan],,
37,OHD18PCD,99,Cannot Be Assessed,['Loss of Attachment: Lower left 2nd molar (2M) distal - FGM to sulcus base (pocket depth) (mm)'],['Both males and females 13 YEARS - 150 YEARS'],[nan],,
38,OHD18PCD,.,Missing,['Loss of Attachment: Lower left 2nd molar (2M) distal - FGM to sulcus base (pocket depth) (mm)'],['Both males and females 13 YEARS - 150 YEARS'],[nan],,
39,OHD18PCD,0 To 7,Range Of Values,['Loss of Attachment: Lower left 2nd molar (2M) distal - FGM to sulcus base (pocket depth) (mm)'],['Both males and females 13 YEARS - 150 YEARS'],[nan],,
40,OHD18LAD,0 To 11,Range Of Values,['Loss of Attachment: Lower left 2nd molar (2M) distal - Calculation of : (FGM to CEJ measurement) - (FGM to sulcus base measurement) (mm)'],['Both males and females 13 YEARS - 150 YEARS'],[nan],,
41,OHD18LAD,99,Cannot Be Assessed,['Loss of Attachment: Lower left 2nd molar (2M) distal - Calculation of : (FGM to CEJ measurement) - (FGM to sulcus base measurement) (mm)'],['Both males and females 13 YEARS - 150 YEARS'],[nan],,
42,OHD18LAD,.,Missing,['Loss of Attachment: Lower left 2nd molar (2M) distal - Calculation of : (FGM to CEJ measurement) - (FGM to sulcus base measurement) (mm)'],['Both males and females 13 YEARS - 150 YEARS'],[nan],,
43,OHD18LAD,0 To 8,Range Of Values,['Loss of Attachment: Lower left 2nd molar (2M) distal - Calculation of : (FGM to CEJ measurement) - (FGM to sulcus base measurement) (mm)'],['Both males and females 13 YEARS - 150 YEARS'],[nan],,
44,OHD19CJM,-8 To 2,Range Of Values,['Loss of Attachment: Lower left 1st molar (1M) mid-facial - FGM to CEJ measurement (mm)'],['Both males and females 13 YEARS - 150 YEARS'],[nan],,
45,OHD19CJM,99,Cannot Be Assessed,['Loss of Attachment: Lower left 1st molar (1M) mid-facial - FGM to CEJ measurement (mm)'],['Both males and females 13 YEARS - 150 YEARS'],[nan],,
46,OHD19CJM,.,Missing,['Loss of Attachment: Lower left 1st molar (1M) mid-facial - FGM to CEJ measurement (mm)'],['Both males and females 13 YEARS - 150 YEARS'],[nan],,
47,OHD19CJM,-5 To 3,Range Of Values,['Loss of Attachment: Lower left 1st molar (1M) mid-facial - FGM to CEJ measurement (mm)'],['Both males and females 13 YEARS - 150 YEARS'],[nan],,
48,OHD19PCM,0 To 4,Range Of Values,['Loss of Attachment: Lower left 1st molar (1M) mid-facial - FGM to sulcus base (pocket depth) (mm)'],['Both males and females 13 YEARS - 150 YEARS'],[nan],,
49,OHD19PCM,99,Cannot Be Assessed,['Loss of Attachment: Lower left 1st molar (1M) mid-facial - FGM to sulcus base (pocket depth) (mm)'],['Both males and females 13 YEARS - 150 YEARS'],[nan],,
50,OHD19PCM,.,Missing,['Loss of Attachment: Lower left 1st molar (1M) mid-facial - FGM to sulcus base (pocket depth) (mm)'],['Both males and females 13 YEARS - 150 YEARS'],[nan],,
51,OHD19LAM,0 To 10,Range Of Values,['Loss of Attachment: Lower left 1st molar (1M) mid-facial - Level of attachment calculation of : (FGM to sulcus base measurement) - (FGM to CEJ measurement) (mm)'],['Both males and females 13 YEARS - 150 YEARS'],[nan],,
52,OHD19LAM,99,Calculation Cannot Be Determined,['Loss of Attachment: Lower left 1st molar (1M) mid-facial - Level of attachment calculation of : (FGM to sulcus base measurement) - (FGM to CEJ measurement) (mm)'],['Both males and females 13 YEARS - 150 YEARS'],[nan],,
53,OHD19LAM,.,Missing,['Loss of Attachment: Lower left 1st molar (1M) mid-facial - Level of attachment calculation of : (FGM to sulcus base measurement) - (FGM to CEJ measurement) (mm)'],['Both males and females 13 YEARS - 150 YEARS'],[nan],,
54,OHD19LAM,0 To 8,Range Of Values,['Loss of Attachment: Lower left 1st molar (1M) mid-facial - Level of attachment calculation of : (FGM to sulcus base measurement) - (FGM to CEJ measurement) (mm)'],['Both males and females 13 YEARS - 150 YEARS'],[nan],,
55,OHD19CJS,-7 To 3,Range Of Values,['Loss of Attachment: Lower left 1st molar (1M) mesio-facial - FGM to CEJ measurement (mm)'],['Both males and females 13 YEARS - 150 YEARS'],[nan],,
56,OHD19CJS,99,Cannot Be Assessed,['Loss of Attachment: Lower left 1st molar (1M) mesio-facial - FGM to CEJ measurement (mm)'],['Both males and females 13 YEARS - 150 YEARS'],[nan],,
57,OHD19CJS,.,Missing,['Loss of Attachment: Lower left 1st molar (1M) mesio-facial - FGM to CEJ measurement (mm)'],['Both males and females 13 YEARS - 150 YEARS'],[nan],,
58,OHD19CJS,-5 To 3,Range Of Values,['Loss of Attachment: Lower left 1st molar (1M) mesio-facial - FGM to CEJ measurement (mm)'],['Both males and females 13 YEARS - 150 YEARS'],[nan],,
59,OHD19PCS,0 To 6,Range Of Values,['Loss of Attachment: Lower left 1st molar (1M) mesio-facial - FGM to sulcus base (pocket depth) (mm)'],['Both males and females 13 YEARS - 150 YEARS'],[nan],,
60,OHD19PCS,99,Cannot Be Assessed,['Loss of Attachment: Lower left 1st molar (1M) mesio-facial - FGM to sulcus base (pocket depth) (mm)'],['Both males and females 13 YEARS - 150 YEARS'],[nan],,
61,OHD19PCS,.,Missing,['Loss of Attachment: Lower left 1st molar (1M) mesio-facial - FGM to sulcus base (pocket depth) (mm)'],['Both males and females 13 YEARS - 150 YEARS'],[nan],,
62,OHD19LAS,0 To 9,Range Of Values,['Loss of Attachment: Lower left 1st molar (1M) mesio-facial - Level of attachment calculation of : (FGM to sulcus base measurement) - (FGM to CEJ measurement) (mm)'],['Both males and females 13 YEARS - 150 YEARS'],[nan],,
63,OHD19LAS,99,Calculation Cannot Be Determined,['Loss of Attachment: Lower left 1st molar (1M) mesio-facial - Level of attachment calculation of : (FGM to sulcus base measurement) - (FGM to CEJ measurement) (mm)'],['Both males and females 13 YEARS - 150 YEARS'],[nan],,
64,OHD19LAS,.,Missing,['Loss of Attachment: Lower left 1st molar (1M) mesio-facial - Level of attachment calculation of : (FGM to sulcus base measurement) - (FGM to CEJ measurement) (mm)'],['Both males and females 13 YEARS - 150 YEARS'],[nan],,
65,OHD19LAS,0 To 7,Range Of Values,['Loss of Attachment: Lower left 1st molar (1M) mesio-facial - Level of attachment calculation of : (FGM to sulcus base measurement) - (FGM to CEJ measurement) (mm)'],['Both males and females 13 YEARS - 150 YEARS'],[nan],,
66,OHD19CJD,-6 To 4,Range Of Values,['Loss of Attachment: Lower left 1st molar (1M) distal - FGM to CEJ measurement (mm)'],['Both males and females 13 YEARS - 150 YEARS'],[nan],,
67,OHD19CJD,99,Cannot Be Assessed,['Loss of Attachment: Lower left 1st molar (1M) distal - FGM to CEJ measurement (mm)'],['Both males and females 13 YEARS - 150 YEARS'],[nan],,
68,OHD19CJD,.,Missing,['Loss of Attachment: Lower left 1st molar (1M) distal - FGM to CEJ measurement (mm)'],['Both males and females 13 YEARS - 150 YEARS'],[nan],,
69,OHD19CJD,-11 To 3,Range Of Values,['Loss of Attachment: Lower left 1st molar (1M) distal - FGM to CEJ measurement (mm)'],['Both males and females 13 YEARS - 150 YEARS'],[nan],,
70,OHD19PCD,0 To 6,Range Of Values,['Loss of Attachment: Lower left 1st molar (1M) distal - FGM to sulcus base (pocket depth) (mm)'],['Both males and females 13 YEARS - 150 YEARS'],[nan],,
71,OHD19PCD,99,Cannot Be Assessed,['Loss of Attachment: Lower left 1st molar (1M) distal - FGM to sulcus base (pocket depth) (mm)'],['Both males and females 13 YEARS - 150 YEARS'],[nan],,
72,OHD19PCD,.,Missing,['Loss of Attachment: Lower left 1st molar (1M) distal - FGM to sulcus base (pocket depth) (mm)'],['Both males and females 13 YEARS - 150 YEARS'],[nan],,
73,OHD19PCD,0 To 5,Range Of Values,['Loss of Attachment: Lower left 1st molar (1M) distal - FGM to sulcus base (pocket depth) (mm)'],['Both males and females 13 YEARS - 150 YEARS'],[nan],,
74,OHD19LAD,0 To 8,Range Of Values,['Loss of Attachment: Lower left 1st molar (1M) distal - Calculation of : (FGM to CEJ measurement) - (FGM to sulcus base measurement) (mm)'],['Both males and females 13 YEARS - 150 YEARS'],[nan],,
75,OHD19LAD,99,Cannot Be Assessed,['Loss of Attachment: Lower left 1st molar (1M) distal - Calculation of : (FGM to CEJ measurement) - (FGM to sulcus base measurement) (mm)'],['Both males and females 13 YEARS - 150 YEARS'],[nan],,
76,OHD19LAD,.,Missing,['Loss of Attachment: Lower left 1st molar (1M) distal - Calculation of : (FGM to CEJ measurement) - (FGM to sulcus base measurement) (mm)'],['Both males and females 13 YEARS - 150 YEARS'],[nan],,
77,OHD19LAD,0 To 13,Range Of Values,['Loss of Attachment: Lower left 1st molar (1M) distal - Calculation of : (FGM to CEJ measurement) - (FGM to sulcus base measurement) (mm)'],['Both males and females 13 YEARS - 150 YEARS'],[nan],,
78,OHD20CJM,-9 To 2,Range Of Values,['Loss of Attachment: Lower left 2nd bicuspid/2nd primary molar (2B) mid-facial - FGM to CEJ measurement (mm)'],['Both males and females 13 YEARS - 150 YEARS'],[nan],,
79,OHD20CJM,99,Cannot Be Assessed,['Loss of Attachment: Lower left 2nd bicuspid/2nd primary molar (2B) mid-facial - FGM to CEJ measurement (mm)'],['Both males and females 13 YEARS - 150 YEARS'],[nan],,
80,OHD20CJM,.,Missing,['Loss of Attachment: Lower left 2nd bicuspid/2nd primary molar (2B) mid-facial - FGM to CEJ measurement (mm)'],['Both males and females 13 YEARS - 150 YEARS'],[nan],,
81,OHD20CJM,-7 To 2,Range Of Values,['Loss of Attachment: Lower left 2nd bicuspid/2nd primary molar (2B) mid-facial - FGM to CEJ measurement (mm)'],['Both males and females 13 YEARS - 150 YEARS'],[nan],,
82,OHD20PCM,0 To 8,Range Of Values,['Loss of Attachment: Lower left 2nd bicuspid/2nd primary molar (2B) mid-facial - FGM to sulcus base (pocket depth) (mm)'],['Both males and females 13 YEARS - 150 YEARS'],[nan],,
83,OHD20PCM,99,Cannot Be Assessed,['Loss of Attachment: Lower left 2nd bicuspid/2nd primary molar (2B) mid-facial - FGM to sulcus base (pocket depth) (mm)'],['Both males and females 13 YEARS - 150 YEARS'],[nan],,
84,OHD20PCM,.,Missing,['Loss of Attachment: Lower left 2nd bicuspid/2nd primary molar (2B) mid-facial - FGM to sulcus base (pocket depth) (mm)'],['Both males and females 13 YEARS - 150 YEARS'],[nan],,
85,OHD20PCM,0 To 10,Range Of Values,['Loss of Attachment: Lower left 2nd bicuspid/2nd primary molar (2B) mid-facial - FGM to sulcus base (pocket depth) (mm)'],['Both males and females 13 YEARS - 150 YEARS'],[nan],,
86,OHD20LAM,0 To 17,Range Of Values,['Loss of Attachment: Lower left 2nd bicuspid/2nd primary molar (2B) mid-facial - Level of attachment calculation of : (FGM to sulcus base measurement) - (FGM to CEJ measurement) (mm)'],['Both males and females 13 YEARS - 150 YEARS'],[nan],,
87,OHD20LAM,99,Calculation Cannot Be Determined,['Loss of Attachment: Lower left 2nd bicuspid/2nd primary molar (2B) mid-facial - Level of attachment calculation of : (FGM to sulcus base measurement) - (FGM to CEJ measurement) (mm)'],['Both males and females 13 YEARS - 150 YEARS'],[nan],,
88,OHD20LAM,.,Missing,['Loss of Attachment: Lower left 2nd bicuspid/2nd primary molar (2B) mid-facial - Level of attachment calculation of : (FGM to sulcus base measurement) - (FGM to CEJ measurement) (mm)'],['Both males and females 13 YEARS - 150 YEARS'],[nan],,
89,OHD20LAM,0 To 11,Range Of Values,['Loss of Attachment: Lower left 2nd bicuspid/2nd primary molar (2B) mid-facial - Level of attachment calculation of : (FGM to sulcus base measurement) - (FGM to CEJ measurement) (mm)'],['Both males and females 13 YEARS - 150 YEARS'],[nan],,
90,OHD20CJS,-7 To 3,Range Of Values,['Loss of Attachment: Lower left 2nd bicuspid/2nd primary molar (2B) mesio-facial - FGM to CEJ measurement (mm)'],['Both males and females 13 YEARS - 150 YEARS'],[nan],,
91,OHD20CJS,99,Cannot Be Assessed,['Loss of Attachment: Lower left 2nd bicuspid/2nd primary molar (2B) mesio-facial - FGM to CEJ measurement (mm)'],['Both males and females 13 YEARS - 150 YEARS'],[nan],,
92,OHD20CJS,.,Missing,['Loss of Attachment: Lower left 2nd bicuspid/2nd primary molar (2B) mesio-facial - FGM to CEJ measurement (mm)'],['Both males and females 13 YEARS - 150 YEARS'],[nan],,
93,OHD20CJS,-5 To 3,Range Of Values,['Loss of Attachment: Lower left 2nd bicuspid/2nd primary molar (2B) mesio-facial - FGM to CEJ measurement (mm)'],['Both males and females 13 YEARS - 150 YEARS'],[nan],,
94,OHD20PCS,0 To 8,Range Of Values,['Loss of Attachment: Lower left 2nd bicuspid/2nd primary molar (2B) mesio-facial - FGM to sulcus base (pocket depth) (mm)'],['Both males and females 13 YEARS - 150 YEARS'],[nan],,
95,OHD20PCS,99,Cannot Be Assessed,['Loss of Attachment: Lower left 2nd bicuspid/2nd primary molar (2B) mesio-facial - FGM to sulcus base (pocket depth) (mm)'],['Both males and females 13 YEARS - 150 YEARS'],[nan],,
96,OHD20PCS,.,Missing,['Loss of Attachment: Lower left 2nd bicuspid/2nd primary molar (2B) mesio-facial - FGM to sulcus base (pocket depth) (mm)'],['Both males and females 13 YEARS - 150 YEARS'],[nan],,
97,OHD20PCS,0 To 5,Range Of Values,['Loss of Attachment: Lower left 2nd bicuspid/2nd primary molar (2B) mesio-facial - FGM to sulcus base (pocket depth) (mm)'],['Both males and females 13 YEARS - 150 YEARS'],[nan],,
98,OHD20LAS,0 To 15,Range Of Values,['Loss of Attachment: Lower left 2nd bicuspid/2nd primary molar (2B) mesio-facial - Level of attachment calculation of : (FGM to sulcus base measurement) - (FGM to CEJ measurement) (mm)'],['Both males and females 13 YEARS - 150 YEARS'],[nan],,
99,OHD20LAS,99,Calculation Cannot Be Determined,['Loss of Attachment: Lower left 2nd bicuspid/2nd primary molar (2B) mesio-facial - Level of attachment calculation of : (FGM to sulcus base measurement) - (FGM to CEJ measurement) (mm)'],['Both males and females 13 YEARS - 150 YEARS'],[nan],,
100,OHD20LAS,.,Missing,['Loss of Attachment: Lower left 2nd bicuspid/2nd primary molar (2B) mesio-facial - Level of attachment calculation of : (FGM to sulcus base measurement) - (FGM to CEJ measurement) (mm)'],['Both males and females 13 YEARS - 150 YEARS'],[nan],,
101,OHD20LAS,0 To 6,Range Of Values,['Loss of Attachment: Lower left 2nd bicuspid/2nd primary molar (2B) mesio-facial - Level of attachment calculation of : (FGM to sulcus base measurement) - (FGM to CEJ measurement) (mm)'],['Both males and females 13 YEARS - 150 YEARS'],[nan],,
102,OHD20CJD,-12 To 2,Range Of Values,['Loss of Attachment: Lower left 2nd bicuspid/2nd primary molar (2B) distal - FGM to CEJ measurement (mm)'],['Both males and females 13 YEARS - 150 YEARS'],[nan],,
103,OHD20CJD,99,Cannot Be Assessed,['Loss of Attachment: Lower left 2nd bicuspid/2nd primary molar (2B) distal - FGM to CEJ measurement (mm)'],['Both males and females 13 YEARS - 150 YEARS'],[nan],,
104,OHD20CJD,.,Missing,['Loss of Attachment: Lower left 2nd bicuspid/2nd primary molar (2B) distal - FGM to CEJ measurement (mm)'],['Both males and females 13 YEARS - 150 YEARS'],[nan],,
105,OHD20CJD,-7 To 3,Range Of Values,['Loss of Attachment: Lower left 2nd bicuspid/2nd primary molar (2B) distal - FGM to CEJ measurement (mm)'],['Both males and females 13 YEARS - 150 YEARS'],[nan],,
106,OHD20PCD,0 To 9,Range Of Values,['Loss of Attachment: Lower left 2nd bicuspid/2nd primary molar (2B) distal - FGM to sulcus base (pocket depth) (mm)'],['Both males and females 13 YEARS - 150 YEARS'],[nan],,
107,OHD20PCD,99,Cannot Be Assessed,['Loss of Attachment: Lower left 2nd bicuspid/2nd primary molar (2B) distal - FGM to sulcus base (pocket depth) (mm)'],['Both males and females 13 YEARS - 150 YEARS'],[nan],,
108,OHD20PCD,.,Missing,['Loss of Attachment: Lower left 2nd bicuspid/2nd primary molar (2B) distal - FGM to sulcus base (pocket depth) (mm)'],['Both males and females 13 YEARS - 150 YEARS'],[nan],,
109,OHD20PCD,0 To 6,Range Of Values,['Loss of Attachment: Lower left 2nd bicuspid/2nd primary molar (2B) distal - FGM to sulcus base (pocket depth) (mm)'],['Both males and females 13 YEARS - 150 YEARS'],[nan],,
110,OHD20LAD,0 To 15,Range Of Values,['Loss of Attachment: Lower left 2nd bicuspid/2nd primary molar (2B) distal - Calculation of : (FGM to CEJ measurement) - (FGM to sulcus base measurement) (mm)'],['Both males and females 13 YEARS - 150 YEARS'],[nan],,
111,OHD20LAD,99,Cannot Be Assessed,['Loss of Attachment: Lower left 2nd bicuspid/2nd primary molar (2B) distal - Calculation of : (FGM to CEJ measurement) - (FGM to sulcus base measurement) (mm)'],['Both males and females 13 YEARS - 150 YEARS'],[nan],,
112,OHD20LAD,.,Missing,['Loss of Attachment: Lower left 2nd bicuspid/2nd primary molar (2B) distal - Calculation of : (FGM to CEJ measurement) - (FGM to sulcus base measurement) (mm)'],['Both males and females 13 YEARS - 150 YEARS'],[nan],,
113,OHD20LAD,0 To 8,Range Of Values,['Loss of Attachment: Lower left 2nd bicuspid/2nd primary molar (2B) distal - Calculation of : (FGM to CEJ measurement) - (FGM to sulcus base measurement) (mm)'],['Both males and females 13 YEARS - 150 YEARS'],[nan],,
114,OHD21CJM,-8 To 4,Range Of Values,['Loss of Attachment: Lower left 1st bicuspid/1st primary molar (1B) mid-facial - FGM to CEJ measurement (mm)'],['Both males and females 13 YEARS - 150 YEARS'],[nan],,
115,OHD21CJM,99,Cannot Be Assessed,['Loss of Attachment: Lower left 1st bicuspid/1st primary molar (1B) mid-facial - FGM to CEJ measurement (mm)'],['Both males and females 13 YEARS - 150 YEARS'],[nan],,
116,OHD21CJM,.,Missing,['Loss of Attachment: Lower left 1st bicuspid/1st primary molar (1B) mid-facial - FGM to CEJ measurement (mm)'],['Both males and females 13 YEARS - 150 YEARS'],[nan],,
117,OHD21CJM,-6 To 1,Range Of Values,['Loss of Attachment: Lower left 1st bicuspid/1st primary molar (1B) mid-facial - FGM to CEJ measurement (mm)'],['Both males and females 13 YEARS - 150 YEARS'],[nan],,
118,OHD21PCM,0 To 6,Range Of Values,['Loss of Attachment: Lower left 1st bicuspid/1st primary molar (1B) mid-facial - FGM to sulcus base (pocket depth) (mm)'],['Both males and females 13 YEARS - 150 YEARS'],[nan],,
119,OHD21PCM,99,Cannot Be Assessed,['Loss of Attachment: Lower left 1st bicuspid/1st primary molar (1B) mid-facial - FGM to sulcus base (pocket depth) (mm)'],['Both males and females 13 YEARS - 150 YEARS'],[nan],,
120,OHD21PCM,.,Missing,['Loss of Attachment: Lower left 1st bicuspid/1st primary molar (1B) mid-facial - FGM to sulcus base (pocket depth) (mm)'],['Both males and females 13 YEARS - 150 YEARS'],[nan],,
121,OHD21PCM,0 To 3,Range Of Values,['Loss of Attachment: Lower left 1st bicuspid/1st primary molar (1B) mid-facial - FGM to sulcus base (pocket depth) (mm)'],['Both males and females 13 YEARS - 150 YEARS'],[nan],,
122,OHD21LAM,0 To 10,Range Of Values,['Loss of Attachment: Lower left 1st bicuspid/1st primary molar (1B) mid-facial - Level of attachment calculation of : (FGM to sulcus base measurement) - (FGM to CEJ measurement) (mm)'],['Both males and females 13 YEARS - 150 YEARS'],[nan],,
123,OHD21LAM,99,Calculation Cannot Be Determined,['Loss of Attachment: Lower left 1st bicuspid/1st primary molar (1B) mid-facial - Level of attachment calculation of : (FGM to sulcus base measurement) - (FGM to CEJ measurement) (mm)'],['Both males and females 13 YEARS - 150 YEARS'],[nan],,
124,OHD21LAM,.,Missing,['Loss of Attachment: Lower left 1st bicuspid/1st primary molar (1B) mid-facial - Level of attachment calculation of : (FGM to sulcus base measurement) - (FGM to CEJ measurement) (mm)'],['Both males and females 13 YEARS - 150 YEARS'],[nan],,
125,OHD21LAM,0 To 8,Range Of Values,['Loss of Attachment: Lower left 1st bicuspid/1st primary molar (1B) mid-facial - Level of attachment calculation of : (FGM to sulcus base measurement) - (FGM to CEJ measurement) (mm)'],['Both males and females 13 YEARS - 150 YEARS'],[nan],,
126,OHD21CJS,-7 To 4,Range Of Values,['Loss of Attachment: Lower left 1st bicuspid/1st primary molar (1B) mesio-facial - FGM to CEJ measurement (mm)'],['Both males and females 13 YEARS - 150 YEARS'],[nan],,
127,OHD21CJS,99,Cannot Be Assessed,['Loss of Attachment: Lower left 1st bicuspid/1st primary molar (1B) mesio-facial - FGM to CEJ measurement (mm)'],['Both males and females 13 YEARS - 150 YEARS'],[nan],,
128,OHD21CJS,.,Missing,['Loss of Attachment: Lower left 1st bicuspid/1st primary molar (1B) mesio-facial - FGM to CEJ measurement (mm)'],['Both males and females 13 YEARS - 150 YEARS'],[nan],,
129,OHD21CJS,-5 To 3,Range Of Values,['Loss of Attachment: Lower left 1st bicuspid/1st primary molar (1B) mesio-facial - FGM to CEJ measurement (mm)'],['Both males and females 13 YEARS - 150 YEARS'],[nan],,
130,OHD21PCS,0 To 6,Range Of Values,['Loss of Attachment: Lower left 1st bicuspid/1st primary molar (1B) mesio-facial - FGM to sulcus base (pocket depth) (mm)'],['Both males and females 13 YEARS - 150 YEARS'],[nan],,
131,OHD21PCS,99,Cannot Be Assessed,['Loss of Attachment: Lower left 1st bicuspid/1st primary molar (1B) mesio-facial - FGM to sulcus base (pocket depth) (mm)'],['Both males and females 13 YEARS - 150 YEARS'],[nan],,
132,OHD21PCS,.,Missing,['Loss of Attachment: Lower left 1st bicuspid/1st primary molar (1B) mesio-facial - FGM to sulcus base (pocket depth) (mm)'],['Both males and females 13 YEARS - 150 YEARS'],[nan],,
133,OHD21LAS,0 To 9,Range Of Values,['Loss of Attachment: Lower left 1st bicuspid/1st primary molar (1B) mesio-facial - Level of attachment calculation of : (FGM to sulcus base measurement) - (FGM to CEJ measurement) (mm)'],['Both males and females 13 YEARS - 150 YEARS'],[nan],,
134,OHD21LAS,99,Calculation Cannot Be Determined,['Loss of Attachment: Lower left 1st bicuspid/1st primary molar (1B) mesio-facial - Level of attachment calculation of : (FGM to sulcus base measurement) - (FGM to CEJ measurement) (mm)'],['Both males and females 13 YEARS - 150 YEARS'],[nan],,
135,OHD21LAS,.,Missing,['Loss of Attachment: Lower left 1st bicuspid/1st primary molar (1B) mesio-facial - Level of attachment calculation of : (FGM to sulcus base measurement) - (FGM to CEJ measurement) (mm)'],['Both males and females 13 YEARS - 150 YEARS'],[nan],,
136,OHD21CJD,-6 To 3,Range Of Values,['Loss of Attachment: Lower left 1st bicuspid/1st primary molar (1B) distal - FGM to CEJ measurement (mm)'],['Both males and females 13 YEARS - 150 YEARS'],[nan],,
137,OHD21CJD,99,Cannot Be Assessed,['Loss of Attachment: Lower left 1st bicuspid/1st primary molar (1B) distal - FGM to CEJ measurement (mm)'],['Both males and females 13 YEARS - 150 YEARS'],[nan],,
138,OHD21CJD,.,Missing,['Loss of Attachment: Lower left 1st bicuspid/1st primary molar (1B) distal - FGM to CEJ measurement (mm)'],['Both males and females 13 YEARS - 150 YEARS'],[nan],,
139,OHD21PCD,0 To 5,Range Of Values,['Loss of Attachment: Lower left 1st bicuspid/1st primary molar (1B) distal - FGM to sulcus base (pocket depth) (mm)'],['Both males and females 13 YEARS - 150 YEARS'],[nan],,
140,OHD21PCD,99,Cannot Be Assessed,['Loss of Attachment: Lower left 1st bicuspid/1st primary molar (1B) distal - FGM to sulcus base (pocket depth) (mm)'],['Both males and females 13 YEARS - 150 YEARS'],[nan],,
141,OHD21PCD,.,Missing,['Loss of Attachment: Lower left 1st bicuspid/1st primary molar (1B) distal - FGM to sulcus base (pocket depth) (mm)'],['Both males and females 13 YEARS - 150 YEARS'],[nan],,
142,OHD21LAD,0 To 7,Range Of Values,['Loss of Attachment: Lower left 1st bicuspid/1st primary molar (1B) distal - Calculation of : (FGM to CEJ measurement) - (FGM to sulcus base measurement) (mm)'],['Both males and females 13 YEARS - 150 YEARS'],[nan],,
143,OHD21LAD,99,Cannot Be Assessed,['Loss of Attachment: Lower left 1st bicuspid/1st primary molar (1B) distal - Calculation of : (FGM to CEJ measurement) - (FGM to sulcus base measurement) (mm)'],['Both males and females 13 YEARS - 150 YEARS'],[nan],,
144,OHD21LAD,.,Missing,['Loss of Attachment: Lower left 1st bicuspid/1st primary molar (1B) distal - Calculation of : (FGM to CEJ measurement) - (FGM to sulcus base measurement) (mm)'],['Both males and females 13 YEARS - 150 YEARS'],[nan],,
145,OHD21LAD,0 To 10,Range Of Values,['Loss of Attachment: Lower left 1st bicuspid/1st primary molar (1B) distal - Calculation of : (FGM to CEJ measurement) - (FGM to sulcus base measurement) (mm)'],['Both males and females 13 YEARS - 150 YEARS'],[nan],,
146,OHD22CJM,-6 To 5,Range Of Values,['Loss of Attachment: Lower left cuspid (C) mid-facial - FGM to CEJ measurement (mm)'],['Both males and females 13 YEARS - 150 YEARS'],[nan],,
147,OHD22CJM,99,Cannot Be Assessed,['Loss of Attachment: Lower left cuspid (C) mid-facial - FGM to CEJ measurement (mm)'],['Both males and females 13 YEARS - 150 YEARS'],[nan],,
148,OHD22CJM,.,Missing,['Loss of Attachment: Lower left cuspid (C) mid-facial - FGM to CEJ measurement (mm)'],['Both males and females 13 YEARS - 150 YEARS'],[nan],,
149,OHD22CJM,-8 To 2,Range Of Values,['Loss of Attachment: Lower left cuspid (C) mid-facial - FGM to CEJ measurement (mm)'],['Both males and females 13 YEARS - 150 YEARS'],[nan],,
150,OHD22PCM,0 To 6,Range Of Values,['Loss of Attachment: Lower left cuspid (C) mid-facial - FGM to sulcus base (pocket depth) (mm)'],['Both males and females 13 YEARS - 150 YEARS'],[nan],,
151,OHD22PCM,99,Cannot Be Assessed,['Loss of Attachment: Lower left cuspid (C) mid-facial - FGM to sulcus base (pocket depth) (mm)'],['Both males and females 13 YEARS - 150 YEARS'],[nan],,
152,OHD22PCM,.,Missing,['Loss of Attachment: Lower left cuspid (C) mid-facial - FGM to sulcus base (pocket depth) (mm)'],['Both males and females 13 YEARS - 150 YEARS'],[nan],,
153,OHD22PCM,0 To 7,Range Of Values,['Loss of Attachment: Lower left cuspid (C) mid-facial - FGM to sulcus base (pocket depth) (mm)'],['Both males and females 13 YEARS - 150 YEARS'],[nan],,
154,OHD22LAM,0 To 8,Range Of Values,['Loss of Attachment: Lower left cuspid (C) mid-facial - Level of attachment calculation of : (FGM to sulcus base measurement) - (FGM to CEJ measurement) (mm)'],['Both males and females 13 YEARS - 150 YEARS'],[nan],,
155,OHD22LAM,99,Calculation Cannot Be Determined,['Loss of Attachment: Lower left cuspid (C) mid-facial - Level of attachment calculation of : (FGM to sulcus base measurement) - (FGM to CEJ measurement) (mm)'],['Both males and females 13 YEARS - 150 YEARS'],[nan],,
156,OHD22LAM,.,Missing,['Loss of Attachment: Lower left cuspid (C) mid-facial - Level of attachment calculation of : (FGM to sulcus base measurement) - (FGM to CEJ measurement) (mm)'],['Both males and females 13 YEARS - 150 YEARS'],[nan],,
157,OHD22LAM,0 To 9,Range Of Values,['Loss of Attachment: Lower left cuspid (C) mid-facial - Level of attachment calculation of : (FGM to sulcus base measurement) - (FGM to CEJ measurement) (mm)'],['Both males and females 13 YEARS - 150 YEARS'],[nan],,
158,OHD22CJS,-6 To 3,Range Of Values,['Loss of Attachment: Lower left cuspid (C) mesio-facial - FGM to CEJ measurement (mm)'],['Both males and females 13 YEARS - 150 YEARS'],[nan],,
159,OHD22CJS,99,Cannot Be Assessed,['Loss of Attachment: Lower left cuspid (C) mesio-facial - FGM to CEJ measurement (mm)'],['Both males and females 13 YEARS - 150 YEARS'],[nan],,
160,OHD22CJS,.,Missing,['Loss of Attachment: Lower left cuspid (C) mesio-facial - FGM to CEJ measurement (mm)'],['Both males and females 13 YEARS - 150 YEARS'],[nan],,
161,OHD22CJS,-7 To 4,Range Of Values,['Loss of Attachment: Lower left cuspid (C) mesio-facial - FGM to CEJ measurement (mm)'],['Both males and females 13 YEARS - 150 YEARS'],[nan],,
162,OHD22PCS,0 To 6,Range Of Values,['Loss of Attachment: Lower left cuspid (C) mesio-facial - FGM to sulcus base (pocket depth) (mm)'],['Both males and females 13 YEARS - 150 YEARS'],[nan],,
163,OHD22PCS,99,Cannot Be Assessed,['Loss of Attachment: Lower left cuspid (C) mesio-facial - FGM to sulcus base (pocket depth) (mm)'],['Both males and females 13 YEARS - 150 YEARS'],[nan],,
164,OHD22PCS,.,Missing,['Loss of Attachment: Lower left cuspid (C) mesio-facial - FGM to sulcus base (pocket depth) (mm)'],['Both males and females 13 YEARS - 150 YEARS'],[nan],,
165,OHD22PCS,0 To 7,Range Of Values,['Loss of Attachment: Lower left cuspid (C) mesio-facial - FGM to sulcus base (pocket depth) (mm)'],['Both males and females 13 YEARS - 150 YEARS'],[nan],,
166,OHD22LAS,0 To 8,Range Of Values,['Loss of Attachment: Lower left cuspid (C) mesio-facial - Level of attachment calculation of : (FGM to sulcus base measurement) - (FGM to CEJ measurement) (mm)'],['Both males and females 13 YEARS - 150 YEARS'],[nan],,
167,OHD22LAS,99,Calculation Cannot Be Determined,['Loss of Attachment: Lower left cuspid (C) mesio-facial - Level of attachment calculation of : (FGM to sulcus base measurement) - (FGM to CEJ measurement) (mm)'],['Both males and females 13 YEARS - 150 YEARS'],[nan],,
168,OHD22LAS,.,Missing,['Loss of Attachment: Lower left cuspid (C) mesio-facial - Level of attachment calculation of : (FGM to sulcus base measurement) - (FGM to CEJ measurement) (mm)'],['Both males and females 13 YEARS - 150 YEARS'],[nan],,
169,OHD22CJD,-7 To 3,Range Of Values,['Loss of Attachment: Lower left cuspid (C) distal - FGM to CEJ measurement (mm)'],['Both males and females 13 YEARS - 150 YEARS'],[nan],,
170,OHD22CJD,99,Cannot Be Assessed,['Loss of Attachment: Lower left cuspid (C) distal - FGM to CEJ measurement (mm)'],['Both males and females 13 YEARS - 150 YEARS'],[nan],,
171,OHD22CJD,.,Missing,['Loss of Attachment: Lower left cuspid (C) distal - FGM to CEJ measurement (mm)'],['Both males and females 13 YEARS - 150 YEARS'],[nan],,
172,OHD22CJD,-8 To 3,Range Of Values,['Loss of Attachment: Lower left cuspid (C) distal - FGM to CEJ measurement (mm)'],['Both males and females 13 YEARS - 150 YEARS'],[nan],,
173,OHD22PCD,0 To 8,Range Of Values,['Loss of Attachment: Lower left cuspid (C) distal - FGM to sulcus base (pocket depth) (mm)'],['Both males and females 13 YEARS - 150 YEARS'],[nan],,
174,OHD22PCD,99,Cannot Be Assessed,['Loss of Attachment: Lower left cuspid (C) distal - FGM to sulcus base (pocket depth) (mm)'],['Both males and females 13 YEARS - 150 YEARS'],[nan],,
175,OHD22PCD,.,Missing,['Loss of Attachment: Lower left cuspid (C) distal - FGM to sulcus base (pocket depth) (mm)'],['Both males and females 13 YEARS - 150 YEARS'],[nan],,
176,OHD22LAD,0 To 10,Range Of Values,['Loss of Attachment: Lower left cuspid (C) distal - Calculation of : (FGM to CEJ measurement) - (FGM to sulcus base measurement) (mm)'],['Both males and females 13 YEARS - 150 YEARS'],[nan],,
177,OHD22LAD,99,Cannot Be Assessed,['Loss of Attachment: Lower left cuspid (C) distal - Calculation of : (FGM to CEJ measurement) - (FGM to sulcus base measurement) (mm)'],['Both males and females 13 YEARS - 150 YEARS'],[nan],,
178,OHD22LAD,.,Missing,['Loss of Attachment: Lower left cuspid (C) distal - Calculation of : (FGM to CEJ measurement) - (FGM to sulcus base measurement) (mm)'],['Both males and females 13 YEARS - 150 YEARS'],[nan],,
179,OHD23CJM,-6 To 3,Range Of Values,['Loss of Attachment: Lower left lateral incisor (LI) mid-facial - FGM to CEJ measurement (mm)'],['Both males and females 13 YEARS - 150 YEARS'],[nan],,
180,OHD23CJM,99,Cannot Be Assessed,['Loss of Attachment: Lower left lateral incisor (LI) mid-facial - FGM to CEJ measurement (mm)'],['Both males and females 13 YEARS - 150 YEARS'],[nan],,
181,OHD23CJM,.,Missing,['Loss of Attachment: Lower left lateral incisor (LI) mid-facial - FGM to CEJ measurement (mm)'],['Both males and females 13 YEARS - 150 YEARS'],[nan],,
182,OHD23CJM,-7 To 3,Range Of Values,['Loss of Attachment: Lower left lateral incisor (LI) mid-facial - FGM to CEJ measurement (mm)'],['Both males and females 13 YEARS - 150 YEARS'],[nan],,
183,OHD23PCM,0 To 5,Range Of Values,['Loss of Attachment: Lower left lateral incisor (LI) mid-facial - FGM to sulcus base (pocket depth) (mm)'],['Both males and females 13 YEARS - 150 YEARS'],[nan],,
184,OHD23PCM,99,Cannot Be Assessed,['Loss of Attachment: Lower left lateral incisor (LI) mid-facial - FGM to sulcus base (pocket depth) (mm)'],['Both males and females 13 YEARS - 150 YEARS'],[nan],,
185,OHD23PCM,.,Missing,['Loss of Attachment: Lower left lateral incisor (LI) mid-facial - FGM to sulcus base (pocket depth) (mm)'],['Both males and females 13 YEARS - 150 YEARS'],[nan],,
186,OHD23PCM,0 To 4,Range Of Values,['Loss of Attachment: Lower left lateral incisor (LI) mid-facial - FGM to sulcus base (pocket depth) (mm)'],['Both males and females 13 YEARS - 150 YEARS'],[nan],,
187,OHD23LAM,0 To 9,Range Of Values,['Loss of Attachment: Lower left lateral incisor (LI) mid-facial - Level of attachment calculation of : (FGM to sulcus base measurement) - (FGM to CEJ measurement) (mm)'],['Both males and females 13 YEARS - 150 YEARS'],[nan],,
188,OHD23LAM,99,Calculation Cannot Be Determined,['Loss of Attachment: Lower left lateral incisor (LI) mid-facial - Level of attachment calculation of : (FGM to sulcus base measurement) - (FGM to CEJ measurement) (mm)'],['Both males and females 13 YEARS - 150 YEARS'],[nan],,
189,OHD23LAM,.,Missing,['Loss of Attachment: Lower left lateral incisor (LI) mid-facial - Level of attachment calculation of : (FGM to sulcus base measurement) - (FGM to CEJ measurement) (mm)'],['Both males and females 13 YEARS - 150 YEARS'],[nan],,
190,OHD23LAM,0 To 8,Range Of Values,['Loss of Attachment: Lower left lateral incisor (LI) mid-facial - Level of attachment calculation of : (FGM to sulcus base measurement) - (FGM to CEJ measurement) (mm)'],['Both males and females 13 YEARS - 150 YEARS'],[nan],,
191,OHD23CJS,-8 To 3,Range Of Values,['Loss of Attachment: Lower left lateral incisor (LI) mesio-facial - FGM to CEJ measurement (mm)'],['Both males and females 13 YEARS - 150 YEARS'],[nan],,
192,OHD23CJS,99,Cannot Be Assessed,['Loss of Attachment: Lower left lateral incisor (LI) mesio-facial - FGM to CEJ measurement (mm)'],['Both males and females 13 YEARS - 150 YEARS'],[nan],,
193,OHD23CJS,.,Missing,['Loss of Attachment: Lower left lateral incisor (LI) mesio-facial - FGM to CEJ measurement (mm)'],['Both males and females 13 YEARS - 150 YEARS'],[nan],,
194,OHD23CJS,-8 To 4,Range Of Values,['Loss of Attachment: Lower left lateral incisor (LI) mesio-facial - FGM to CEJ measurement (mm)'],['Both males and females 13 YEARS - 150 YEARS'],[nan],,
195,OHD23PCS,0 To 7,Range Of Values,['Loss of Attachment: Lower left lateral incisor (LI) mesio-facial - FGM to sulcus base (pocket depth) (mm)'],['Both males and females 13 YEARS - 150 YEARS'],[nan],,
196,OHD23PCS,99,Cannot Be Assessed,['Loss of Attachment: Lower left lateral incisor (LI) mesio-facial - FGM to sulcus base (pocket depth) (mm)'],['Both males and females 13 YEARS - 150 YEARS'],[nan],,
197,OHD23PCS,.,Missing,['Loss of Attachment: Lower left lateral incisor (LI) mesio-facial - FGM to sulcus base (pocket depth) (mm)'],['Both males and females 13 YEARS - 150 YEARS'],[nan],,
198,OHD23PCS,0 To 5,Range Of Values,['Loss of Attachment: Lower left lateral incisor (LI) mesio-facial - FGM to sulcus base (pocket depth) (mm)'],['Both males and females 13 YEARS - 150 YEARS'],[nan],,
199,OHD23LAS,0 To 14,Range Of Values,['Loss of Attachment: Lower left lateral incisor (LI) mesio-facial - Level of attachment calculation of : (FGM to sulcus base measurement) - (FGM to CEJ measurement) (mm)'],['Both males and females 13 YEARS - 150 YEARS'],[nan],,
200,OHD23LAS,99,Calculation Cannot Be Determined,['Loss of Attachment: Lower left lateral incisor (LI) mesio-facial - Level of attachment calculation of : (FGM to sulcus base measurement) - (FGM to CEJ measurement) (mm)'],['Both males and females 13 YEARS - 150 YEARS'],[nan],,
201,OHD23LAS,.,Missing,['Loss of Attachment: Lower left lateral incisor (LI) mesio-facial - Level of attachment calculation of : (FGM to sulcus base measurement) - (FGM to CEJ measurement) (mm)'],['Both males and females 13 YEARS - 150 YEARS'],[nan],,
202,OHD23LAS,0 To 10,Range Of Values,['Loss of Attachment: Lower left lateral incisor (LI) mesio-facial - Level of attachment calculation of : (FGM to sulcus base measurement) - (FGM to CEJ measurement) (mm)'],['Both males and females 13 YEARS - 150 YEARS'],[nan],,
203,OHD23CJD,-5 To 3,Range Of Values,['Loss of Attachment: Lower left lateral incisor (LI) distal - FGM to CEJ measurement (mm)'],['Both males and females 13 YEARS - 150 YEARS'],[nan],,
204,OHD23CJD,99,Cannot Be Assessed,['Loss of Attachment: Lower left lateral incisor (LI) distal - FGM to CEJ measurement (mm)'],['Both males and females 13 YEARS - 150 YEARS'],[nan],,
205,OHD23CJD,.,Missing,['Loss of Attachment: Lower left lateral incisor (LI) distal - FGM to CEJ measurement (mm)'],['Both males and females 13 YEARS - 150 YEARS'],[nan],,
206,OHD23CJD,-6 To 3,Range Of Values,['Loss of Attachment: Lower left lateral incisor (LI) distal - FGM to CEJ measurement (mm)'],['Both males and females 13 YEARS - 150 YEARS'],[nan],,
207,OHD23PCD,0 To 8,Range Of Values,['Loss of Attachment: Lower left lateral incisor (LI) distal - FGM to sulcus base (pocket depth) (mm)'],['Both males and females 13 YEARS - 150 YEARS'],[nan],,
208,OHD23PCD,99,Cannot Be Assessed,['Loss of Attachment: Lower left lateral incisor (LI) distal - FGM to sulcus base (pocket depth) (mm)'],['Both males and females 13 YEARS - 150 YEARS'],[nan],,
209,OHD23PCD,.,Missing,['Loss of Attachment: Lower left lateral incisor (LI) distal - FGM to sulcus base (pocket depth) (mm)'],['Both males and females 13 YEARS - 150 YEARS'],[nan],,
210,OHD23PCD,0 To 5,Range Of Values,['Loss of Attachment: Lower left lateral incisor (LI) distal - FGM to sulcus base (pocket depth) (mm)'],['Both males and females 13 YEARS - 150 YEARS'],[nan],,
211,OHD23LAD,0 To 13,Range Of Values,['Loss of Attachment: Lower left lateral incisor (LI) distal - Calculation of : (FGM to CEJ measurement) - (FGM to sulcus base measurement) (mm)'],['Both males and females 13 YEARS - 150 YEARS'],[nan],,
212,OHD23LAD,99,Cannot Be Assessed,['Loss of Attachment: Lower left lateral incisor (LI) distal - Calculation of : (FGM to CEJ measurement) - (FGM to sulcus base measurement) (mm)'],['Both males and females 13 YEARS - 150 YEARS'],[nan],,
213,OHD23LAD,.,Missing,['Loss of Attachment: Lower left lateral incisor (LI) distal - Calculation of : (FGM to CEJ measurement) - (FGM to sulcus base measurement) (mm)'],['Both males and females 13 YEARS - 150 YEARS'],[nan],,
214,OHD23LAD,0 To 8,Range Of Values,['Loss of Attachment: Lower left lateral incisor (LI) distal - Calculation of : (FGM to CEJ measurement) - (FGM to sulcus base measurement) (mm)'],['Both males and females 13 YEARS - 150 YEARS'],[nan],,
215,OHD24CJM,-6 To 2,Range Of Values,['Loss of Attachment: Lower left central incisor (CI) mid-facial - FGM to CEJ measurement (mm)'],['Both males and females 13 YEARS - 150 YEARS'],[nan],,
216,OHD24CJM,99,Cannot Be Assessed,['Loss of Attachment: Lower left central incisor (CI) mid-facial - FGM to CEJ measurement (mm)'],['Both males and females 13 YEARS - 150 YEARS'],[nan],,
217,OHD24CJM,.,Missing,['Loss of Attachment: Lower left central incisor (CI) mid-facial - FGM to CEJ measurement (mm)'],['Both males and females 13 YEARS - 150 YEARS'],[nan],,
218,OHD24CJM,-7 To 2,Range Of Values,['Loss of Attachment: Lower left central incisor (CI) mid-facial - FGM to CEJ measurement (mm)'],['Both males and females 13 YEARS - 150 YEARS'],[nan],,
219,OHD24PCM,0 To 5,Range Of Values,['Loss of Attachment: Lower left central incisor (CI) mid-facial - FGM to sulcus base (pocket depth) (mm)'],['Both males and females 13 YEARS - 150 YEARS'],[nan],,
220,OHD24PCM,99,Cannot Be Assessed,['Loss of Attachment: Lower left central incisor (CI) mid-facial - FGM to sulcus base (pocket depth) (mm)'],['Both males and females 13 YEARS - 150 YEARS'],[nan],,
221,OHD24PCM,.,Missing,['Loss of Attachment: Lower left central incisor (CI) mid-facial - FGM to sulcus base (pocket depth) (mm)'],['Both males and females 13 YEARS - 150 YEARS'],[nan],,
222,OHD24PCM,0 To 6,Range Of Values,['Loss of Attachment: Lower left central incisor (CI) mid-facial - FGM to sulcus base (pocket depth) (mm)'],['Both males and females 13 YEARS - 150 YEARS'],[nan],,
223,OHD24LAM,0 To 8,Range Of Values,['Loss of Attachment: Lower left central incisor (CI) mid-facial - Level of attachment calculation of : (FGM to sulcus base measurement) - (FGM to CEJ measurement) (mm)'],['Both males and females 13 YEARS - 150 YEARS'],[nan],,
224,OHD24LAM,99,Calculation Cannot Be Determined,['Loss of Attachment: Lower left central incisor (CI) mid-facial - Level of attachment calculation of : (FGM to sulcus base measurement) - (FGM to CEJ measurement) (mm)'],['Both males and females 13 YEARS - 150 YEARS'],[nan],,
225,OHD24LAM,.,Missing,['Loss of Attachment: Lower left central incisor (CI) mid-facial - Level of attachment calculation of : (FGM to sulcus base measurement) - (FGM to CEJ measurement) (mm)'],['Both males and females 13 YEARS - 150 YEARS'],[nan],,
226,OHD24LAM,0 To 10,Range Of Values,['Loss of Attachment: Lower left central incisor (CI) mid-facial - Level of attachment calculation of : (FGM to sulcus base measurement) - (FGM to CEJ measurement) (mm)'],['Both males and females 13 YEARS - 150 YEARS'],[nan],,
227,OHD24CJS,-8 To 3,Range Of Values,['Loss of Attachment: Lower left central incisor (CI) mesio-facial - FGM to CEJ measurement (mm)'],['Both males and females 13 YEARS - 150 YEARS'],[nan],,
228,OHD24CJS,99,Cannot Be Assessed,['Loss of Attachment: Lower left central incisor (CI) mesio-facial - FGM to CEJ measurement (mm)'],['Both males and females 13 YEARS - 150 YEARS'],[nan],,
229,OHD24CJS,.,Missing,['Loss of Attachment: Lower left central incisor (CI) mesio-facial - FGM to CEJ measurement (mm)'],['Both males and females 13 YEARS - 150 YEARS'],[nan],,
230,OHD24CJS,-9 To 3,Range Of Values,['Loss of Attachment: Lower left central incisor (CI) mesio-facial - FGM to CEJ measurement (mm)'],['Both males and females 13 YEARS - 150 YEARS'],[nan],,
231,OHD24PCS,0 To 6,Range Of Values,['Loss of Attachment: Lower left central incisor (CI) mesio-facial - FGM to sulcus base (pocket depth) (mm)'],['Both males and females 13 YEARS - 150 YEARS'],[nan],,
232,OHD24PCS,99,Cannot Be Assessed,['Loss of Attachment: Lower left central incisor (CI) mesio-facial - FGM to sulcus base (pocket depth) (mm)'],['Both males and females 13 YEARS - 150 YEARS'],[nan],,
233,OHD24PCS,.,Missing,['Loss of Attachment: Lower left central incisor (CI) mesio-facial - FGM to sulcus base (pocket depth) (mm)'],['Both males and females 13 YEARS - 150 YEARS'],[nan],,
234,OHD24LAS,0 To 13,Range Of Values,['Loss of Attachment: Lower left central incisor (CI) mesio-facial - Level of attachment calculation of : (FGM to sulcus base measurement) - (FGM to CEJ measurement) (mm)'],['Both males and females 13 YEARS - 150 YEARS'],[nan],,
235,OHD24LAS,99,Calculation Cannot Be Determined,['Loss of Attachment: Lower left central incisor (CI) mesio-facial - Level of attachment calculation of : (FGM to sulcus base measurement) - (FGM to CEJ measurement) (mm)'],['Both males and females 13 YEARS - 150 YEARS'],[nan],,
236,OHD24LAS,.,Missing,['Loss of Attachment: Lower left central incisor (CI) mesio-facial - Level of attachment calculation of : (FGM to sulcus base measurement) - (FGM to CEJ measurement) (mm)'],['Both males and females 13 YEARS - 150 YEARS'],[nan],,
237,OHD24LAS,0 To 11,Range Of Values,['Loss of Attachment: Lower left central incisor (CI) mesio-facial - Level of attachment calculation of : (FGM to sulcus base measurement) - (FGM to CEJ measurement) (mm)'],['Both males and females 13 YEARS - 150 YEARS'],[nan],,
238,OHD24CJD,-5 To 3,Range Of Values,['Loss of Attachment: Lower left central incisor (CI) distal - FGM to CEJ measurement (mm)'],['Both males and females 13 YEARS - 150 YEARS'],[nan],,
239,OHD24CJD,99,Cannot Be Assessed,['Loss of Attachment: Lower left central incisor (CI) distal - FGM to CEJ measurement (mm)'],['Both males and females 13 YEARS - 150 YEARS'],[nan],,
240,OHD24CJD,.,Missing,['Loss of Attachment: Lower left central incisor (CI) distal - FGM to CEJ measurement (mm)'],['Both males and females 13 YEARS - 150 YEARS'],[nan],,
241,OHD24CJD,-7 To 4,Range Of Values,['Loss of Attachment: Lower left central incisor (CI) distal - FGM to CEJ measurement (mm)'],['Both males and females 13 YEARS - 150 YEARS'],[nan],,
242,OHD24PCD,0 To 7,Range Of Values,['Loss of Attachment: Lower left central incisor (CI) distal - FGM to sulcus base (pocket depth) (mm)'],['Both males and females 13 YEARS - 150 YEARS'],[nan],,
243,OHD24PCD,99,Cannot Be Assessed,['Loss of Attachment: Lower left central incisor (CI) distal - FGM to sulcus base (pocket depth) (mm)'],['Both males and females 13 YEARS - 150 YEARS'],[nan],,
244,OHD24PCD,.,Missing,['Loss of Attachment: Lower left central incisor (CI) distal - FGM to sulcus base (pocket depth) (mm)'],['Both males and females 13 YEARS - 150 YEARS'],[nan],,
245,OHD24PCD,0 To 6,Range Of Values,['Loss of Attachment: Lower left central incisor (CI) distal - FGM to sulcus base (pocket depth) (mm)'],['Both males and females 13 YEARS - 150 YEARS'],[nan],,
246,OHD24LAD,0 To 10,Range Of Values,['Loss of Attachment: Lower left central incisor (CI) distal - Calculation of : (FGM to CEJ measurement) - (FGM to sulcus base measurement) (mm)'],['Both males and females 13 YEARS - 150 YEARS'],[nan],,
247,OHD24LAD,99,Cannot Be Assessed,['Loss of Attachment: Lower left central incisor (CI) distal - Calculation of : (FGM to CEJ measurement) - (FGM to sulcus base measurement) (mm)'],['Both males and females 13 YEARS - 150 YEARS'],[nan],,
248,OHD24LAD,.,Missing,['Loss of Attachment: Lower left central incisor (CI) distal - Calculation of : (FGM to CEJ measurement) - (FGM to sulcus base measurement) (mm)'],['Both males and females 13 YEARS - 150 YEARS'],[nan],,
249,OHD24LAD,0 To 9,Range Of Values,['Loss of Attachment: Lower left central incisor (CI) distal - Calculation of : (FGM to CEJ measurement) - (FGM to sulcus base measurement) (mm)'],['Both males and females 13 YEARS - 150 YEARS'],[nan],,
250,OHD31CJM,-4 To 3,Range Of Values,['Loss of Attachment: Lower right 2nd molar (2M) mid-facial - FGM to CEJ measurement (mm)'],['Both males and females 13 YEARS - 150 YEARS'],[nan],,
251,OHD31CJM,99,Cannot Be Assessed,['Loss of Attachment: Lower right 2nd molar (2M) mid-facial - FGM to CEJ measurement (mm)'],['Both males and females 13 YEARS - 150 YEARS'],[nan],,
252,OHD31CJM,.,Missing,['Loss of Attachment: Lower right 2nd molar (2M) mid-facial - FGM to CEJ measurement (mm)'],['Both males and females 13 YEARS - 150 YEARS'],[nan],,
253,OHD31CJM,-5 To 2,Range Of Values,['Loss of Attachment: Lower right 2nd molar (2M) mid-facial - FGM to CEJ measurement (mm)'],['Both males and females 13 YEARS - 150 YEARS'],[nan],,
254,OHD31PCM,0 To 6,Range Of Values,['Loss of Attachment: Lower right 2nd molar (2M) mid-facial - FGM to sulcus base (pocket depth) (mm)'],['Both males and females 13 YEARS - 150 YEARS'],[nan],,
255,OHD31PCM,99,Cannot Be Assessed,['Loss of Attachment: Lower right 2nd molar (2M) mid-facial - FGM to sulcus base (pocket depth) (mm)'],['Both males and females 13 YEARS - 150 YEARS'],[nan],,
256,OHD31PCM,.,Missing,['Loss of Attachment: Lower right 2nd molar (2M) mid-facial - FGM to sulcus base (pocket depth) (mm)'],['Both males and females 13 YEARS - 150 YEARS'],[nan],,
257,OHD31LAM,0 To 6,Range Of Values,['Loss of Attachment: Lower right 2nd molar (2M) mid-facial - Level of attachment calculation of : (FGM to sulcus base measurement) - (FGM to CEJ measurement) (mm)'],['Both males and females 13 YEARS - 150 YEARS'],[nan],,
258,OHD31LAM,99,Calculation Cannot Be Determined,['Loss of Attachment: Lower right 2nd molar (2M) mid-facial - Level of attachment calculation of : (FGM to sulcus base measurement) - (FGM to CEJ measurement) (mm)'],['Both males and females 13 YEARS - 150 YEARS'],[nan],,
259,OHD31LAM,.,Missing,['Loss of Attachment: Lower right 2nd molar (2M) mid-facial - Level of attachment calculation of : (FGM to sulcus base measurement) - (FGM to CEJ measurement) (mm)'],['Both males and females 13 YEARS - 150 YEARS'],[nan],,
260,OHD31LAM,0 To 10,Range Of Values,['Loss of Attachment: Lower right 2nd molar (2M) mid-facial - Level of attachment calculation of : (FGM to sulcus base measurement) - (FGM to CEJ measurement) (mm)'],['Both males and females 13 YEARS - 150 YEARS'],[nan],,
261,OHD31CJS,-6 To 4,Range Of Values,['Loss of Attachment: Lower right 2nd molar (2M) mesio-facial - FGM to CEJ measurement (mm)'],['Both males and females 13 YEARS - 150 YEARS'],[nan],,
262,OHD31CJS,99,Cannot Be Assessed,['Loss of Attachment: Lower right 2nd molar (2M) mesio-facial - FGM to CEJ measurement (mm)'],['Both males and females 13 YEARS - 150 YEARS'],[nan],,
263,OHD31CJS,.,Missing,['Loss of Attachment: Lower right 2nd molar (2M) mesio-facial - FGM to CEJ measurement (mm)'],['Both males and females 13 YEARS - 150 YEARS'],[nan],,
264,OHD31CJS,-4 To 3,Range Of Values,['Loss of Attachment: Lower right 2nd molar (2M) mesio-facial - FGM to CEJ measurement (mm)'],['Both males and females 13 YEARS - 150 YEARS'],[nan],,
265,OHD31PCS,0 To 6,Range Of Values,['Loss of Attachment: Lower right 2nd molar (2M) mesio-facial - FGM to sulcus base (pocket depth) (mm)'],['Both males and females 13 YEARS - 150 YEARS'],[nan],,
266,OHD31PCS,99,Cannot Be Assessed,['Loss of Attachment: Lower right 2nd molar (2M) mesio-facial - FGM to sulcus base (pocket depth) (mm)'],['Both males and females 13 YEARS - 150 YEARS'],[nan],,
267,OHD31PCS,.,Missing,['Loss of Attachment: Lower right 2nd molar (2M) mesio-facial - FGM to sulcus base (pocket depth) (mm)'],['Both males and females 13 YEARS - 150 YEARS'],[nan],,
268,OHD31LAS,0 To 7,Range Of Values,['Loss of Attachment: Lower right 2nd molar (2M) mesio-facial - Level of attachment calculation of : (FGM to sulcus base measurement) - (FGM to CEJ measurement) (mm)'],['Both males and females 13 YEARS - 150 YEARS'],[nan],,
269,OHD31LAS,99,Calculation Cannot Be Determined,['Loss of Attachment: Lower right 2nd molar (2M) mesio-facial - Level of attachment calculation of : (FGM to sulcus base measurement) - (FGM to CEJ measurement) (mm)'],['Both males and females 13 YEARS - 150 YEARS'],[nan],,
270,OHD31LAS,.,Missing,['Loss of Attachment: Lower right 2nd molar (2M) mesio-facial - Level of attachment calculation of : (FGM to sulcus base measurement) - (FGM to CEJ measurement) (mm)'],['Both males and females 13 YEARS - 150 YEARS'],[nan],,
271,OHD31LAS,0 To 5,Range Of Values,['Loss of Attachment: Lower right 2nd molar (2M) mesio-facial - Level of attachment calculation of : (FGM to sulcus base measurement) - (FGM to CEJ measurement) (mm)'],['Both males and females 13 YEARS - 150 YEARS'],[nan],,
272,OHD31CJD,-3 To 5,Range Of Values,['Loss of Attachment: Lower right 2nd molar (2M) distal - FGM to CEJ measurement (mm)'],['Both males and females 13 YEARS - 150 YEARS'],[nan],,
273,OHD31CJD,99,Cannot Be Assessed,['Loss of Attachment: Lower right 2nd molar (2M) distal - FGM to CEJ measurement (mm)'],['Both males and females 13 YEARS - 150 YEARS'],[nan],,
274,OHD31CJD,.,Missing,['Loss of Attachment: Lower right 2nd molar (2M) distal - FGM to CEJ measurement (mm)'],['Both males and females 13 YEARS - 150 YEARS'],[nan],,
275,OHD31CJD,-6 To 3,Range Of Values,['Loss of Attachment: Lower right 2nd molar (2M) distal - FGM to CEJ measurement (mm)'],['Both males and females 13 YEARS - 150 YEARS'],[nan],,
276,OHD31PCD,0 To 10,Range Of Values,['Loss of Attachment: Lower right 2nd molar (2M) distal - FGM to sulcus base (pocket depth) (mm)'],['Both males and females 13 YEARS - 150 YEARS'],[nan],,
277,OHD31PCD,99,Cannot Be Assessed,['Loss of Attachment: Lower right 2nd molar (2M) distal - FGM to sulcus base (pocket depth) (mm)'],['Both males and females 13 YEARS - 150 YEARS'],[nan],,
278,OHD31PCD,.,Missing,['Loss of Attachment: Lower right 2nd molar (2M) distal - FGM to sulcus base (pocket depth) (mm)'],['Both males and females 13 YEARS - 150 YEARS'],[nan],,
279,OHD31PCD,0 To 9,Range Of Values,['Loss of Attachment: Lower right 2nd molar (2M) distal - FGM to sulcus base (pocket depth) (mm)'],['Both males and females 13 YEARS - 150 YEARS'],[nan],,
280,OHD31LAD,0 To 9,Range Of Values,['Loss of Attachment: Lower right 2nd molar (2M) distal - Calculation of : (FGM to CEJ measurement) - (FGM to sulcus base measurement) (mm)'],['Both males and females 13 YEARS - 150 YEARS'],[nan],,
281,OHD31LAD,99,Cannot Be Assessed,['Loss of Attachment: Lower right 2nd molar (2M) distal - Calculation of : (FGM to CEJ measurement) - (FGM to sulcus base measurement) (mm)'],['Both males and females 13 YEARS - 150 YEARS'],[nan],,
282,OHD31LAD,.,Missing,['Loss of Attachment: Lower right 2nd molar (2M) distal - Calculation of : (FGM to CEJ measurement) - (FGM to sulcus base measurement) (mm)'],['Both males and females 13 YEARS - 150 YEARS'],[nan],,
283,OHD31LAD,0 To 8,Range Of Values,['Loss of Attachment: Lower right 2nd molar (2M) distal - Calculation of : (FGM to CEJ measurement) - (FGM to sulcus base measurement) (mm)'],['Both males and females 13 YEARS - 150 YEARS'],[nan],,
284,OHD30CJM,-5 To 2,Range Of Values,['Loss of Attachment: Lower right 1st molar (1M) mid-facial - FGM to CEJ measurement (mm)'],['Both males and females 13 YEARS - 150 YEARS'],[nan],,
285,OHD30CJM,99,Cannot Be Assessed,['Loss of Attachment: Lower right 1st molar (1M) mid-facial - FGM to CEJ measurement (mm)'],['Both males and females 13 YEARS - 150 YEARS'],[nan],,
286,OHD30CJM,.,Missing,['Loss of Attachment: Lower right 1st molar (1M) mid-facial - FGM to CEJ measurement (mm)'],['Both males and females 13 YEARS - 150 YEARS'],[nan],,
287,OHD30PCM,0 To 4,Range Of Values,['Loss of Attachment: Lower right 1st molar (1M) mid-facial - FGM to sulcus base (pocket depth) (mm)'],['Both males and females 13 YEARS - 150 YEARS'],[nan],,
288,OHD30PCM,99,Cannot Be Assessed,['Loss of Attachment: Lower right 1st molar (1M) mid-facial - FGM to sulcus base (pocket depth) (mm)'],['Both males and females 13 YEARS - 150 YEARS'],[nan],,
289,OHD30PCM,.,Missing,['Loss of Attachment: Lower right 1st molar (1M) mid-facial - FGM to sulcus base (pocket depth) (mm)'],['Both males and females 13 YEARS - 150 YEARS'],[nan],,
290,OHD30PCM,0 To 6,Range Of Values,['Loss of Attachment: Lower right 1st molar (1M) mid-facial - FGM to sulcus base (pocket depth) (mm)'],['Both males and females 13 YEARS - 150 YEARS'],[nan],,
291,OHD30LAM,0 To 7,Range Of Values,['Loss of Attachment: Lower right 1st molar (1M) mid-facial - Level of attachment calculation of : (FGM to sulcus base measurement) - (FGM to CEJ measurement) (mm)'],['Both males and females 13 YEARS - 150 YEARS'],[nan],,
292,OHD30LAM,99,Calculation Cannot Be Determined,['Loss of Attachment: Lower right 1st molar (1M) mid-facial - Level of attachment calculation of : (FGM to sulcus base measurement) - (FGM to CEJ measurement) (mm)'],['Both males and females 13 YEARS - 150 YEARS'],[nan],,
293,OHD30LAM,.,Missing,['Loss of Attachment: Lower right 1st molar (1M) mid-facial - Level of attachment calculation of : (FGM to sulcus base measurement) - (FGM to CEJ measurement) (mm)'],['Both males and females 13 YEARS - 150 YEARS'],[nan],,
294,OHD30CJS,-9 To 4,Range Of Values,['Loss of Attachment: Lower right 1st molar (1M) mesio-facial - FGM to CEJ measurement (mm)'],['Both males and females 13 YEARS - 150 YEARS'],[nan],,
295,OHD30CJS,99,Cannot Be Assessed,['Loss of Attachment: Lower right 1st molar (1M) mesio-facial - FGM to CEJ measurement (mm)'],['Both males and females 13 YEARS - 150 YEARS'],[nan],,
296,OHD30CJS,.,Missing,['Loss of Attachment: Lower right 1st molar (1M) mesio-facial - FGM to CEJ measurement (mm)'],['Both males and females 13 YEARS - 150 YEARS'],[nan],,
297,OHD30CJS,-3 To 4,Range Of Values,['Loss of Attachment: Lower right 1st molar (1M) mesio-facial - FGM to CEJ measurement (mm)'],['Both males and females 13 YEARS - 150 YEARS'],[nan],,
298,OHD30PCS,0 To 9,Range Of Values,['Loss of Attachment: Lower right 1st molar (1M) mesio-facial - FGM to sulcus base (pocket depth) (mm)'],['Both males and females 13 YEARS - 150 YEARS'],[nan],,
299,OHD30PCS,99,Cannot Be Assessed,['Loss of Attachment: Lower right 1st molar (1M) mesio-facial - FGM to sulcus base (pocket depth) (mm)'],['Both males and females 13 YEARS - 150 YEARS'],[nan],,
300,OHD30PCS,.,Missing,['Loss of Attachment: Lower right 1st molar (1M) mesio-facial - FGM to sulcus base (pocket depth) (mm)'],['Both males and females 13 YEARS - 150 YEARS'],[nan],,
301,OHD30PCS,0 To 6,Range Of Values,['Loss of Attachment: Lower right 1st molar (1M) mesio-facial - FGM to sulcus base (pocket depth) (mm)'],['Both males and females 13 YEARS - 150 YEARS'],[nan],,
302,OHD30LAS,0 To 10,Range Of Values,['Loss of Attachment: Lower right 1st molar (1M) mesio-facial - Level of attachment calculation of : (FGM to sulcus base measurement) - (FGM to CEJ measurement) (mm)'],['Both males and females 13 YEARS - 150 YEARS'],[nan],,
303,OHD30LAS,99,Calculation Cannot Be Determined,['Loss of Attachment: Lower right 1st molar (1M) mesio-facial - Level of attachment calculation of : (FGM to sulcus base measurement) - (FGM to CEJ measurement) (mm)'],['Both males and females 13 YEARS - 150 YEARS'],[nan],,
304,OHD30LAS,.,Missing,['Loss of Attachment: Lower right 1st molar (1M) mesio-facial - Level of attachment calculation of : (FGM to sulcus base measurement) - (FGM to CEJ measurement) (mm)'],['Both males and females 13 YEARS - 150 YEARS'],[nan],,
305,OHD30LAS,0 To 7,Range Of Values,['Loss of Attachment: Lower right 1st molar (1M) mesio-facial - Level of attachment calculation of : (FGM to sulcus base measurement) - (FGM to CEJ measurement) (mm)'],['Both males and females 13 YEARS - 150 YEARS'],[nan],,
306,OHD30CJD,-7 To 3,Range Of Values,['Loss of Attachment: Lower right 1st molar (1M) distal - FGM to CEJ measurement (mm)'],['Both males and females 13 YEARS - 150 YEARS'],[nan],,
307,OHD30CJD,99,Cannot Be Assessed,['Loss of Attachment: Lower right 1st molar (1M) distal - FGM to CEJ measurement (mm)'],['Both males and females 13 YEARS - 150 YEARS'],[nan],,
308,OHD30CJD,.,Missing,['Loss of Attachment: Lower right 1st molar (1M) distal - FGM to CEJ measurement (mm)'],['Both males and females 13 YEARS - 150 YEARS'],[nan],,
309,OHD30CJD,-9 To 3,Range Of Values,['Loss of Attachment: Lower right 1st molar (1M) distal - FGM to CEJ measurement (mm)'],['Both males and females 13 YEARS - 150 YEARS'],[nan],,
310,OHD30PCD,0 To 8,Range Of Values,['Loss of Attachment: Lower right 1st molar (1M) distal - FGM to sulcus base (pocket depth) (mm)'],['Both males and females 13 YEARS - 150 YEARS'],[nan],,
311,OHD30PCD,99,Cannot Be Assessed,['Loss of Attachment: Lower right 1st molar (1M) distal - FGM to sulcus base (pocket depth) (mm)'],['Both males and females 13 YEARS - 150 YEARS'],[nan],,
312,OHD30PCD,.,Missing,['Loss of Attachment: Lower right 1st molar (1M) distal - FGM to sulcus base (pocket depth) (mm)'],['Both males and females 13 YEARS - 150 YEARS'],[nan],,
313,OHD30PCD,0 To 7,Range Of Values,['Loss of Attachment: Lower right 1st molar (1M) distal - FGM to sulcus base (pocket depth) (mm)'],['Both males and females 13 YEARS - 150 YEARS'],[nan],,
314,OHD30LAD,0 To 12,Range Of Values,['Loss of Attachment: Lower right 1st molar (1M) distal - Calculation of : (FGM to CEJ measurement) - (FGM to sulcus base measurement) (mm)'],['Both males and females 13 YEARS - 150 YEARS'],[nan],,
315,OHD30LAD,99,Cannot Be Assessed,['Loss of Attachment: Lower right 1st molar (1M) distal - Calculation of : (FGM to CEJ measurement) - (FGM to sulcus base measurement) (mm)'],['Both males and females 13 YEARS - 150 YEARS'],[nan],,
316,OHD30LAD,.,Missing,['Loss of Attachment: Lower right 1st molar (1M) distal - Calculation of : (FGM to CEJ measurement) - (FGM to sulcus base measurement) (mm)'],['Both males and females 13 YEARS - 150 YEARS'],[nan],,
317,OHD30LAD,0 To 10,Range Of Values,['Loss of Attachment: Lower right 1st molar (1M) distal - Calculation of : (FGM to CEJ measurement) - (FGM to sulcus base measurement) (mm)'],['Both males and females 13 YEARS - 150 YEARS'],[nan],,
318,OHD29CJM,-6 To 4,Range Of Values,['Loss of Attachment: Lower right 2nd bicuspid/2nd primary molar (2B) mid-facial - FGM to CEJ measurement (mm)'],['Both males and females 13 YEARS - 150 YEARS'],[nan],,
319,OHD29CJM,99,Cannot Be Assessed,['Loss of Attachment: Lower right 2nd bicuspid/2nd primary molar (2B) mid-facial - FGM to CEJ measurement (mm)'],['Both males and females 13 YEARS - 150 YEARS'],[nan],,
320,OHD29CJM,.,Missing,['Loss of Attachment: Lower right 2nd bicuspid/2nd primary molar (2B) mid-facial - FGM to CEJ measurement (mm)'],['Both males and females 13 YEARS - 150 YEARS'],[nan],,
321,OHD29CJM,-7 To 2,Range Of Values,['Loss of Attachment: Lower right 2nd bicuspid/2nd primary molar (2B) mid-facial - FGM to CEJ measurement (mm)'],['Both males and females 13 YEARS - 150 YEARS'],[nan],,
322,OHD29PCM,0 To 5,Range Of Values,['Loss of Attachment: Lower right 2nd bicuspid/2nd primary molar (2B) mid-facial - FGM to sulcus base (pocket depth) (mm)'],['Both males and females 13 YEARS - 150 YEARS'],[nan],,
323,OHD29PCM,99,Cannot Be Assessed,['Loss of Attachment: Lower right 2nd bicuspid/2nd primary molar (2B) mid-facial - FGM to sulcus base (pocket depth) (mm)'],['Both males and females 13 YEARS - 150 YEARS'],[nan],,
324,OHD29PCM,.,Missing,['Loss of Attachment: Lower right 2nd bicuspid/2nd primary molar (2B) mid-facial - FGM to sulcus base (pocket depth) (mm)'],['Both males and females 13 YEARS - 150 YEARS'],[nan],,
325,OHD29LAM,0 To 8,Range Of Values,['Loss of Attachment: Lower right 2nd bicuspid/2nd primary molar (2B) mid-facial - Level of attachment calculation of : (FGM to sulcus base measurement) - (FGM to CEJ measurement) (mm)'],['Both males and females 13 YEARS - 150 YEARS'],[nan],,
326,OHD29LAM,99,Calculation Cannot Be Determined,['Loss of Attachment: Lower right 2nd bicuspid/2nd primary molar (2B) mid-facial - Level of attachment calculation of : (FGM to sulcus base measurement) - (FGM to CEJ measurement) (mm)'],['Both males and females 13 YEARS - 150 YEARS'],[nan],,
327,OHD29LAM,.,Missing,['Loss of Attachment: Lower right 2nd bicuspid/2nd primary molar (2B) mid-facial - Level of attachment calculation of : (FGM to sulcus base measurement) - (FGM to CEJ measurement) (mm)'],['Both males and females 13 YEARS - 150 YEARS'],[nan],,
328,OHD29LAM,0 To 9,Range Of Values,['Loss of Attachment: Lower right 2nd bicuspid/2nd primary molar (2B) mid-facial - Level of attachment calculation of : (FGM to sulcus base measurement) - (FGM to CEJ measurement) (mm)'],['Both males and females 13 YEARS - 150 YEARS'],[nan],,
329,OHD29CJS,-5 To 3,Range Of Values,['Loss of Attachment: Lower right 2nd bicuspid/2nd primary molar (2B) mesio-facial - FGM to CEJ measurement (mm)'],['Both males and females 13 YEARS - 150 YEARS'],[nan],,
330,OHD29CJS,99,Cannot Be Assessed,['Loss of Attachment: Lower right 2nd bicuspid/2nd primary molar (2B) mesio-facial - FGM to CEJ measurement (mm)'],['Both males and females 13 YEARS - 150 YEARS'],[nan],,
331,OHD29CJS,.,Missing,['Loss of Attachment: Lower right 2nd bicuspid/2nd primary molar (2B) mesio-facial - FGM to CEJ measurement (mm)'],['Both males and females 13 YEARS - 150 YEARS'],[nan],,
332,OHD29PCS,0 To 6,Range Of Values,['Loss of Attachment: Lower right 2nd bicuspid/2nd primary molar (2B) mesio-facial - FGM to sulcus base (pocket depth) (mm)'],['Both males and females 13 YEARS - 150 YEARS'],[nan],,
333,OHD29PCS,99,Cannot Be Assessed,['Loss of Attachment: Lower right 2nd bicuspid/2nd primary molar (2B) mesio-facial - FGM to sulcus base (pocket depth) (mm)'],['Both males and females 13 YEARS - 150 YEARS'],[nan],,
334,OHD29PCS,.,Missing,['Loss of Attachment: Lower right 2nd bicuspid/2nd primary molar (2B) mesio-facial - FGM to sulcus base (pocket depth) (mm)'],['Both males and females 13 YEARS - 150 YEARS'],[nan],,
335,OHD29PCS,0 To 5,Range Of Values,['Loss of Attachment: Lower right 2nd bicuspid/2nd primary molar (2B) mesio-facial - FGM to sulcus base (pocket depth) (mm)'],['Both males and females 13 YEARS - 150 YEARS'],[nan],,
336,OHD29LAS,0 To 9,Range Of Values,['Loss of Attachment: Lower right 2nd bicuspid/2nd primary molar (2B) mesio-facial - Level of attachment calculation of : (FGM to sulcus base measurement) - (FGM to CEJ measurement) (mm)'],['Both males and females 13 YEARS - 150 YEARS'],[nan],,
337,OHD29LAS,99,Calculation Cannot Be Determined,['Loss of Attachment: Lower right 2nd bicuspid/2nd primary molar (2B) mesio-facial - Level of attachment calculation of : (FGM to sulcus base measurement) - (FGM to CEJ measurement) (mm)'],['Both males and females 13 YEARS - 150 YEARS'],[nan],,
338,OHD29LAS,.,Missing,['Loss of Attachment: Lower right 2nd bicuspid/2nd primary molar (2B) mesio-facial - Level of attachment calculation of : (FGM to sulcus base measurement) - (FGM to CEJ measurement) (mm)'],['Both males and females 13 YEARS - 150 YEARS'],[nan],,
339,OHD29LAS,0 To 8,Range Of Values,['Loss of Attachment: Lower right 2nd bicuspid/2nd primary molar (2B) mesio-facial - Level of attachment calculation of : (FGM to sulcus base measurement) - (FGM to CEJ measurement) (mm)'],['Both males and females 13 YEARS - 150 YEARS'],[nan],,
340,OHD29CJD,-6 To 3,Range Of Values,['Loss of Attachment: Lower right 2nd bicuspid/2nd primary molar (2B) distal - FGM to CEJ measurement (mm)'],['Both males and females 13 YEARS - 150 YEARS'],[nan],,
341,OHD29CJD,99,Cannot Be Assessed,['Loss of Attachment: Lower right 2nd bicuspid/2nd primary molar (2B) distal - FGM to CEJ measurement (mm)'],['Both males and females 13 YEARS - 150 YEARS'],[nan],,
342,OHD29CJD,.,Missing,['Loss of Attachment: Lower right 2nd bicuspid/2nd primary molar (2B) distal - FGM to CEJ measurement (mm)'],['Both males and females 13 YEARS - 150 YEARS'],[nan],,
343,OHD29CJD,-8 To 4,Range Of Values,['Loss of Attachment: Lower right 2nd bicuspid/2nd primary molar (2B) distal - FGM to CEJ measurement (mm)'],['Both males and females 13 YEARS - 150 YEARS'],[nan],,
344,OHD29PCD,0 To 6,Range Of Values,['Loss of Attachment: Lower right 2nd bicuspid/2nd primary molar (2B) distal - FGM to sulcus base (pocket depth) (mm)'],['Both males and females 13 YEARS - 150 YEARS'],[nan],,
345,OHD29PCD,99,Cannot Be Assessed,['Loss of Attachment: Lower right 2nd bicuspid/2nd primary molar (2B) distal - FGM to sulcus base (pocket depth) (mm)'],['Both males and females 13 YEARS - 150 YEARS'],[nan],,
346,OHD29PCD,.,Missing,['Loss of Attachment: Lower right 2nd bicuspid/2nd primary molar (2B) distal - FGM to sulcus base (pocket depth) (mm)'],['Both males and females 13 YEARS - 150 YEARS'],[nan],,
347,OHD29LAD,0 To 11,Range Of Values,['Loss of Attachment: Lower right 2nd bicuspid/2nd primary molar (2B) distal - Calculation of : (FGM to CEJ measurement) - (FGM to sulcus base measurement) (mm)'],['Both males and females 13 YEARS - 150 YEARS'],[nan],,
348,OHD29LAD,99,Cannot Be Assessed,['Loss of Attachment: Lower right 2nd bicuspid/2nd primary molar (2B) distal - Calculation of : (FGM to CEJ measurement) - (FGM to sulcus base measurement) (mm)'],['Both males and females 13 YEARS - 150 YEARS'],[nan],,
349,OHD29LAD,.,Missing,['Loss of Attachment: Lower right 2nd bicuspid/2nd primary molar (2B) distal - Calculation of : (FGM to CEJ measurement) - (FGM to sulcus base measurement) (mm)'],['Both males and females 13 YEARS - 150 YEARS'],[nan],,
350,OHD29LAD,0 To 9,Range Of Values,['Loss of Attachment: Lower right 2nd bicuspid/2nd primary molar (2B) distal - Calculation of : (FGM to CEJ measurement) - (FGM to sulcus base measurement) (mm)'],['Both males and females 13 YEARS - 150 YEARS'],[nan],,
351,OHD28CJM,-7 To 2,Range Of Values,['Loss of Attachment: Lower right 1st bicuspid/1st primary molar (1B) mid-facial - FGM to CEJ measurement (mm)'],['Both males and females 13 YEARS - 150 YEARS'],[nan],,
352,OHD28CJM,99,Cannot Be Assessed,['Loss of Attachment: Lower right 1st bicuspid/1st primary molar (1B) mid-facial - FGM to CEJ measurement (mm)'],['Both males and females 13 YEARS - 150 YEARS'],[nan],,
353,OHD28CJM,.,Missing,['Loss of Attachment: Lower right 1st bicuspid/1st primary molar (1B) mid-facial - FGM to CEJ measurement (mm)'],['Both males and females 13 YEARS - 150 YEARS'],[nan],,
354,OHD28CJM,-8 To 1,Range Of Values,['Loss of Attachment: Lower right 1st bicuspid/1st primary molar (1B) mid-facial - FGM to CEJ measurement (mm)'],['Both males and females 13 YEARS - 150 YEARS'],[nan],,
355,OHD28PCM,0 To 4,Range Of Values,['Loss of Attachment: Lower right 1st bicuspid/1st primary molar (1B) mid-facial - FGM to sulcus base (pocket depth) (mm)'],['Both males and females 13 YEARS - 150 YEARS'],[nan],,
356,OHD28PCM,99,Cannot Be Assessed,['Loss of Attachment: Lower right 1st bicuspid/1st primary molar (1B) mid-facial - FGM to sulcus base (pocket depth) (mm)'],['Both males and females 13 YEARS - 150 YEARS'],[nan],,
357,OHD28PCM,.,Missing,['Loss of Attachment: Lower right 1st bicuspid/1st primary molar (1B) mid-facial - FGM to sulcus base (pocket depth) (mm)'],['Both males and females 13 YEARS - 150 YEARS'],[nan],,
358,OHD28PCM,0 To 6,Range Of Values,['Loss of Attachment: Lower right 1st bicuspid/1st primary molar (1B) mid-facial - FGM to sulcus base (pocket depth) (mm)'],['Both males and females 13 YEARS - 150 YEARS'],[nan],,
359,OHD28LAM,0 To 8,Range Of Values,['Loss of Attachment: Lower right 1st bicuspid/1st primary molar (1B) mid-facial - Level of attachment calculation of : (FGM to sulcus base measurement) - (FGM to CEJ measurement) (mm)'],['Both males and females 13 YEARS - 150 YEARS'],[nan],,
360,OHD28LAM,99,Calculation Cannot Be Determined,['Loss of Attachment: Lower right 1st bicuspid/1st primary molar (1B) mid-facial - Level of attachment calculation of : (FGM to sulcus base measurement) - (FGM to CEJ measurement) (mm)'],['Both males and females 13 YEARS - 150 YEARS'],[nan],,
361,OHD28LAM,.,Missing,['Loss of Attachment: Lower right 1st bicuspid/1st primary molar (1B) mid-facial - Level of attachment calculation of : (FGM to sulcus base measurement) - (FGM to CEJ measurement) (mm)'],['Both males and females 13 YEARS - 150 YEARS'],[nan],,
362,OHD28LAM,0 To 10,Range Of Values,['Loss of Attachment: Lower right 1st bicuspid/1st primary molar (1B) mid-facial - Level of attachment calculation of : (FGM to sulcus base measurement) - (FGM to CEJ measurement) (mm)'],['Both males and females 13 YEARS - 150 YEARS'],[nan],,
363,OHD28CJS,-8 To 3,Range Of Values,['Loss of Attachment: Lower right 1st bicuspid/1st primary molar (1B) mesio-facial - FGM to CEJ measurement (mm)'],['Both males and females 13 YEARS - 150 YEARS'],[nan],,
364,OHD28CJS,99,Cannot Be Assessed,['Loss of Attachment: Lower right 1st bicuspid/1st primary molar (1B) mesio-facial - FGM to CEJ measurement (mm)'],['Both males and females 13 YEARS - 150 YEARS'],[nan],,
365,OHD28CJS,.,Missing,['Loss of Attachment: Lower right 1st bicuspid/1st primary molar (1B) mesio-facial - FGM to CEJ measurement (mm)'],['Both males and females 13 YEARS - 150 YEARS'],[nan],,
366,OHD28PCS,0 To 7,Range Of Values,['Loss of Attachment: Lower right 1st bicuspid/1st primary molar (1B) mesio-facial - FGM to sulcus base (pocket depth) (mm)'],['Both males and females 13 YEARS - 150 YEARS'],[nan],,
367,OHD28PCS,99,Cannot Be Assessed,['Loss of Attachment: Lower right 1st bicuspid/1st primary molar (1B) mesio-facial - FGM to sulcus base (pocket depth) (mm)'],['Both males and females 13 YEARS - 150 YEARS'],[nan],,
368,OHD28PCS,.,Missing,['Loss of Attachment: Lower right 1st bicuspid/1st primary molar (1B) mesio-facial - FGM to sulcus base (pocket depth) (mm)'],['Both males and females 13 YEARS - 150 YEARS'],[nan],,
369,OHD28PCS,0 To 6,Range Of Values,['Loss of Attachment: Lower right 1st bicuspid/1st primary molar (1B) mesio-facial - FGM to sulcus base (pocket depth) (mm)'],['Both males and females 13 YEARS - 150 YEARS'],[nan],,
370,OHD28LAS,0 To 10,Range Of Values,['Loss of Attachment: Lower right 1st bicuspid/1st primary molar (1B) mesio-facial - Level of attachment calculation of : (FGM to sulcus base measurement) - (FGM to CEJ measurement) (mm)'],['Both males and females 13 YEARS - 150 YEARS'],[nan],,
371,OHD28LAS,99,Calculation Cannot Be Determined,['Loss of Attachment: Lower right 1st bicuspid/1st primary molar (1B) mesio-facial - Level of attachment calculation of : (FGM to sulcus base measurement) - (FGM to CEJ measurement) (mm)'],['Both males and females 13 YEARS - 150 YEARS'],[nan],,
372,OHD28LAS,.,Missing,['Loss of Attachment: Lower right 1st bicuspid/1st primary molar (1B) mesio-facial - Level of attachment calculation of : (FGM to sulcus base measurement) - (FGM to CEJ measurement) (mm)'],['Both males and females 13 YEARS - 150 YEARS'],[nan],,
373,OHD28LAS,0 To 9,Range Of Values,['Loss of Attachment: Lower right 1st bicuspid/1st primary molar (1B) mesio-facial - Level of attachment calculation of : (FGM to sulcus base measurement) - (FGM to CEJ measurement) (mm)'],['Both males and females 13 YEARS - 150 YEARS'],[nan],,
374,OHD28CJD,-5 To 3,Range Of Values,['Loss of Attachment: Lower right 1st bicuspid/1st primary molar (1B) distal - FGM to CEJ measurement (mm)'],['Both males and females 13 YEARS - 150 YEARS'],[nan],,
375,OHD28CJD,99,Cannot Be Assessed,['Loss of Attachment: Lower right 1st bicuspid/1st primary molar (1B) distal - FGM to CEJ measurement (mm)'],['Both males and females 13 YEARS - 150 YEARS'],[nan],,
376,OHD28CJD,.,Missing,['Loss of Attachment: Lower right 1st bicuspid/1st primary molar (1B) distal - FGM to CEJ measurement (mm)'],['Both males and females 13 YEARS - 150 YEARS'],[nan],,
377,OHD28CJD,-7 To 3,Range Of Values,['Loss of Attachment: Lower right 1st bicuspid/1st primary molar (1B) distal - FGM to CEJ measurement (mm)'],['Both males and females 13 YEARS - 150 YEARS'],[nan],,
378,OHD28PCD,0 To 6,Range Of Values,['Loss of Attachment: Lower right 1st bicuspid/1st primary molar (1B) distal - FGM to sulcus base (pocket depth) (mm)'],['Both males and females 13 YEARS - 150 YEARS'],[nan],,
379,OHD28PCD,99,Cannot Be Assessed,['Loss of Attachment: Lower right 1st bicuspid/1st primary molar (1B) distal - FGM to sulcus base (pocket depth) (mm)'],['Both males and females 13 YEARS - 150 YEARS'],[nan],,
380,OHD28PCD,.,Missing,['Loss of Attachment: Lower right 1st bicuspid/1st primary molar (1B) distal - FGM to sulcus base (pocket depth) (mm)'],['Both males and females 13 YEARS - 150 YEARS'],[nan],,
381,OHD28PCD,0 To 4,Range Of Values,['Loss of Attachment: Lower right 1st bicuspid/1st primary molar (1B) distal - FGM to sulcus base (pocket depth) (mm)'],['Both males and females 13 YEARS - 150 YEARS'],[nan],,
382,OHD28LAD,0 To 7,Range Of Values,['Loss of Attachment: Lower right 1st bicuspid/1st primary molar (1B) distal - Calculation of : (FGM to CEJ measurement) - (FGM to sulcus base measurement) (mm)'],['Both males and females 13 YEARS - 150 YEARS'],[nan],,
383,OHD28LAD,99,Cannot Be Assessed,['Loss of Attachment: Lower right 1st bicuspid/1st primary molar (1B) distal - Calculation of : (FGM to CEJ measurement) - (FGM to sulcus base measurement) (mm)'],['Both males and females 13 YEARS - 150 YEARS'],[nan],,
384,OHD28LAD,.,Missing,['Loss of Attachment: Lower right 1st bicuspid/1st primary molar (1B) distal - Calculation of : (FGM to CEJ measurement) - (FGM to sulcus base measurement) (mm)'],['Both males and females 13 YEARS - 150 YEARS'],[nan],,
385,OHD28LAD,0 To 9,Range Of Values,['Loss of Attachment: Lower right 1st bicuspid/1st primary molar (1B) distal - Calculation of : (FGM to CEJ measurement) - (FGM to sulcus base measurement) (mm)'],['Both males and females 13 YEARS - 150 YEARS'],[nan],,
386,OHD27CJM,-7 To 2,Range Of Values,['Loss of Attachment: Lower right cuspid (C) mid-facial - FGM to CEJ measurement (mm)'],['Both males and females 13 YEARS - 150 YEARS'],[nan],,
387,OHD27CJM,99,Cannot Be Assessed,['Loss of Attachment: Lower right cuspid (C) mid-facial - FGM to CEJ measurement (mm)'],['Both males and females 13 YEARS - 150 YEARS'],[nan],,
388,OHD27CJM,.,Missing,['Loss of Attachment: Lower right cuspid (C) mid-facial - FGM to CEJ measurement (mm)'],['Both males and females 13 YEARS - 150 YEARS'],[nan],,
389,OHD27CJM,-8 To 3,Range Of Values,['Loss of Attachment: Lower right cuspid (C) mid-facial - FGM to CEJ measurement (mm)'],['Both males and females 13 YEARS - 150 YEARS'],[nan],,
390,OHD27PCM,0 To 6,Range Of Values,['Loss of Attachment: Lower right cuspid (C) mid-facial - FGM to sulcus base (pocket depth) (mm)'],['Both males and females 13 YEARS - 150 YEARS'],[nan],,
391,OHD27PCM,99,Cannot Be Assessed,['Loss of Attachment: Lower right cuspid (C) mid-facial - FGM to sulcus base (pocket depth) (mm)'],['Both males and females 13 YEARS - 150 YEARS'],[nan],,
392,OHD27PCM,.,Missing,['Loss of Attachment: Lower right cuspid (C) mid-facial - FGM to sulcus base (pocket depth) (mm)'],['Both males and females 13 YEARS - 150 YEARS'],[nan],,
393,OHD27PCM,0 To 4,Range Of Values,['Loss of Attachment: Lower right cuspid (C) mid-facial - FGM to sulcus base (pocket depth) (mm)'],['Both males and females 13 YEARS - 150 YEARS'],[nan],,
394,OHD27LAM,0 To 10,Range Of Values,['Loss of Attachment: Lower right cuspid (C) mid-facial - Level of attachment calculation of : (FGM to sulcus base measurement) - (FGM to CEJ measurement) (mm)'],['Both males and females 13 YEARS - 150 YEARS'],[nan],,
395,OHD27LAM,99,Calculation Cannot Be Determined,['Loss of Attachment: Lower right cuspid (C) mid-facial - Level of attachment calculation of : (FGM to sulcus base measurement) - (FGM to CEJ measurement) (mm)'],['Both males and females 13 YEARS - 150 YEARS'],[nan],,
396,OHD27LAM,.,Missing,['Loss of Attachment: Lower right cuspid (C) mid-facial - Level of attachment calculation of : (FGM to sulcus base measurement) - (FGM to CEJ measurement) (mm)'],['Both males and females 13 YEARS - 150 YEARS'],[nan],,
397,OHD27LAM,0 To 9,Range Of Values,['Loss of Attachment: Lower right cuspid (C) mid-facial - Level of attachment calculation of : (FGM to sulcus base measurement) - (FGM to CEJ measurement) (mm)'],['Both males and females 13 YEARS - 150 YEARS'],[nan],,
398,OHD27CJS,-6 To 3,Range Of Values,['Loss of Attachment: Lower right cuspid (C) mesio-facial - FGM to CEJ measurement (mm)'],['Both males and females 13 YEARS - 150 YEARS'],[nan],,
399,OHD27CJS,99,Cannot Be Assessed,['Loss of Attachment: Lower right cuspid (C) mesio-facial - FGM to CEJ measurement (mm)'],['Both males and females 13 YEARS - 150 YEARS'],[nan],,
400,OHD27CJS,.,Missing,['Loss of Attachment: Lower right cuspid (C) mesio-facial - FGM to CEJ measurement (mm)'],['Both males and females 13 YEARS - 150 YEARS'],[nan],,
401,OHD27CJS,-9 To 4,Range Of Values,['Loss of Attachment: Lower right cuspid (C) mesio-facial - FGM to CEJ measurement (mm)'],['Both males and females 13 YEARS - 150 YEARS'],[nan],,
402,OHD27PCS,0 To 6,Range Of Values,['Loss of Attachment: Lower right cuspid (C) mesio-facial - FGM to sulcus base (pocket depth) (mm)'],['Both males and females 13 YEARS - 150 YEARS'],[nan],,
403,OHD27PCS,99,Cannot Be Assessed,['Loss of Attachment: Lower right cuspid (C) mesio-facial - FGM to sulcus base (pocket depth) (mm)'],['Both males and females 13 YEARS - 150 YEARS'],[nan],,
404,OHD27PCS,.,Missing,['Loss of Attachment: Lower right cuspid (C) mesio-facial - FGM to sulcus base (pocket depth) (mm)'],['Both males and females 13 YEARS - 150 YEARS'],[nan],,
405,OHD27PCS,0 To 7,Range Of Values,['Loss of Attachment: Lower right cuspid (C) mesio-facial - FGM to sulcus base (pocket depth) (mm)'],['Both males and females 13 YEARS - 150 YEARS'],[nan],,
406,OHD27LAS,0 To 9,Range Of Values,['Loss of Attachment: Lower right cuspid (C) mesio-facial - Level of attachment calculation of : (FGM to sulcus base measurement) - (FGM to CEJ measurement) (mm)'],['Both males and females 13 YEARS - 150 YEARS'],[nan],,
407,OHD27LAS,99,Calculation Cannot Be Determined,['Loss of Attachment: Lower right cuspid (C) mesio-facial - Level of attachment calculation of : (FGM to sulcus base measurement) - (FGM to CEJ measurement) (mm)'],['Both males and females 13 YEARS - 150 YEARS'],[nan],,
408,OHD27LAS,.,Missing,['Loss of Attachment: Lower right cuspid (C) mesio-facial - Level of attachment calculation of : (FGM to sulcus base measurement) - (FGM to CEJ measurement) (mm)'],['Both males and females 13 YEARS - 150 YEARS'],[nan],,
409,OHD27LAS,0 To 11,Range Of Values,['Loss of Attachment: Lower right cuspid (C) mesio-facial - Level of attachment calculation of : (FGM to sulcus base measurement) - (FGM to CEJ measurement) (mm)'],['Both males and females 13 YEARS - 150 YEARS'],[nan],,
410,OHD27CJD,-6 To 3,Range Of Values,['Loss of Attachment: Lower right cuspid (C) distal - FGM to CEJ measurement (mm)'],['Both males and females 13 YEARS - 150 YEARS'],[nan],,
411,OHD27CJD,99,Cannot Be Assessed,['Loss of Attachment: Lower right cuspid (C) distal - FGM to CEJ measurement (mm)'],['Both males and females 13 YEARS - 150 YEARS'],[nan],,
412,OHD27CJD,.,Missing,['Loss of Attachment: Lower right cuspid (C) distal - FGM to CEJ measurement (mm)'],['Both males and females 13 YEARS - 150 YEARS'],[nan],,
413,OHD27CJD,-8 To 3,Range Of Values,['Loss of Attachment: Lower right cuspid (C) distal - FGM to CEJ measurement (mm)'],['Both males and females 13 YEARS - 150 YEARS'],[nan],,
414,OHD27PCD,0 To 9,Range Of Values,['Loss of Attachment: Lower right cuspid (C) distal - FGM to sulcus base (pocket depth) (mm)'],['Both males and females 13 YEARS - 150 YEARS'],[nan],,
415,OHD27PCD,99,Cannot Be Assessed,['Loss of Attachment: Lower right cuspid (C) distal - FGM to sulcus base (pocket depth) (mm)'],['Both males and females 13 YEARS - 150 YEARS'],[nan],,
416,OHD27PCD,.,Missing,['Loss of Attachment: Lower right cuspid (C) distal - FGM to sulcus base (pocket depth) (mm)'],['Both males and females 13 YEARS - 150 YEARS'],[nan],,
417,OHD27PCD,0 To 7,Range Of Values,['Loss of Attachment: Lower right cuspid (C) distal - FGM to sulcus base (pocket depth) (mm)'],['Both males and females 13 YEARS - 150 YEARS'],[nan],,
418,OHD27LAD,0 To 9,Range Of Values,['Loss of Attachment: Lower right cuspid (C) distal - Calculation of : (FGM to CEJ measurement) - (FGM to sulcus base measurement) (mm)'],['Both males and females 13 YEARS - 150 YEARS'],[nan],,
419,OHD27LAD,99,Cannot Be Assessed,['Loss of Attachment: Lower right cuspid (C) distal - Calculation of : (FGM to CEJ measurement) - (FGM to sulcus base measurement) (mm)'],['Both males and females 13 YEARS - 150 YEARS'],[nan],,
420,OHD27LAD,.,Missing,['Loss of Attachment: Lower right cuspid (C) distal - Calculation of : (FGM to CEJ measurement) - (FGM to sulcus base measurement) (mm)'],['Both males and females 13 YEARS - 150 YEARS'],[nan],,
421,OHD27LAD,0 To 10,Range Of Values,['Loss of Attachment: Lower right cuspid (C) distal - Calculation of : (FGM to CEJ measurement) - (FGM to sulcus base measurement) (mm)'],['Both males and females 13 YEARS - 150 YEARS'],[nan],,
422,OHD26CJM,-9 To 2,Range Of Values,['Loss of Attachment: Lower right lateral incisor (LI) mid-facial - FGM to CEJ measurement (mm)'],['Both males and females 13 YEARS - 150 YEARS'],[nan],,
423,OHD26CJM,99,Cannot Be Assessed,['Loss of Attachment: Lower right lateral incisor (LI) mid-facial - FGM to CEJ measurement (mm)'],['Both males and females 13 YEARS - 150 YEARS'],[nan],,
424,OHD26CJM,.,Missing,['Loss of Attachment: Lower right lateral incisor (LI) mid-facial - FGM to CEJ measurement (mm)'],['Both males and females 13 YEARS - 150 YEARS'],[nan],,
425,OHD26CJM,-8 To 3,Range Of Values,['Loss of Attachment: Lower right lateral incisor (LI) mid-facial - FGM to CEJ measurement (mm)'],['Both males and females 13 YEARS - 150 YEARS'],[nan],,
426,OHD26PCM,0 To 4,Range Of Values,['Loss of Attachment: Lower right lateral incisor (LI) mid-facial - FGM to sulcus base (pocket depth) (mm)'],['Both males and females 13 YEARS - 150 YEARS'],[nan],,
427,OHD26PCM,99,Cannot Be Assessed,['Loss of Attachment: Lower right lateral incisor (LI) mid-facial - FGM to sulcus base (pocket depth) (mm)'],['Both males and females 13 YEARS - 150 YEARS'],[nan],,
428,OHD26PCM,.,Missing,['Loss of Attachment: Lower right lateral incisor (LI) mid-facial - FGM to sulcus base (pocket depth) (mm)'],['Both males and females 13 YEARS - 150 YEARS'],[nan],,
429,OHD26PCM,0 To 3,Range Of Values,['Loss of Attachment: Lower right lateral incisor (LI) mid-facial - FGM to sulcus base (pocket depth) (mm)'],['Both males and females 13 YEARS - 150 YEARS'],[nan],,
430,OHD26LAM,0 To 10,Range Of Values,['Loss of Attachment: Lower right lateral incisor (LI) mid-facial - Level of attachment calculation of : (FGM to sulcus base measurement) - (FGM to CEJ measurement) (mm)'],['Both males and females 13 YEARS - 150 YEARS'],[nan],,
431,OHD26LAM,99,Calculation Cannot Be Determined,['Loss of Attachment: Lower right lateral incisor (LI) mid-facial - Level of attachment calculation of : (FGM to sulcus base measurement) - (FGM to CEJ measurement) (mm)'],['Both males and females 13 YEARS - 150 YEARS'],[nan],,
432,OHD26LAM,.,Missing,['Loss of Attachment: Lower right lateral incisor (LI) mid-facial - Level of attachment calculation of : (FGM to sulcus base measurement) - (FGM to CEJ measurement) (mm)'],['Both males and females 13 YEARS - 150 YEARS'],[nan],,
433,OHD26LAM,0 To 8,Range Of Values,['Loss of Attachment: Lower right lateral incisor (LI) mid-facial - Level of attachment calculation of : (FGM to sulcus base measurement) - (FGM to CEJ measurement) (mm)'],['Both males and females 13 YEARS - 150 YEARS'],[nan],,
434,OHD26CJS,-8 To 3,Range Of Values,['Loss of Attachment: Lower right lateral incisor (LI) mesio-facial - FGM to CEJ measurement (mm)'],['Both males and females 13 YEARS - 150 YEARS'],[nan],,
435,OHD26CJS,99,Cannot Be Assessed,['Loss of Attachment: Lower right lateral incisor (LI) mesio-facial - FGM to CEJ measurement (mm)'],['Both males and females 13 YEARS - 150 YEARS'],[nan],,
436,OHD26CJS,.,Missing,['Loss of Attachment: Lower right lateral incisor (LI) mesio-facial - FGM to CEJ measurement (mm)'],['Both males and females 13 YEARS - 150 YEARS'],[nan],,
437,OHD26PCS,0 To 6,Range Of Values,['Loss of Attachment: Lower right lateral incisor (LI) mesio-facial - FGM to sulcus base (pocket depth) (mm)'],['Both males and females 13 YEARS - 150 YEARS'],[nan],,
438,OHD26PCS,99,Cannot Be Assessed,['Loss of Attachment: Lower right lateral incisor (LI) mesio-facial - FGM to sulcus base (pocket depth) (mm)'],['Both males and females 13 YEARS - 150 YEARS'],[nan],,
439,OHD26PCS,.,Missing,['Loss of Attachment: Lower right lateral incisor (LI) mesio-facial - FGM to sulcus base (pocket depth) (mm)'],['Both males and females 13 YEARS - 150 YEARS'],[nan],,
440,OHD26PCS,0 To 5,Range Of Values,['Loss of Attachment: Lower right lateral incisor (LI) mesio-facial - FGM to sulcus base (pocket depth) (mm)'],['Both males and females 13 YEARS - 150 YEARS'],[nan],,
441,OHD26LAS,0 To 11,Range Of Values,['Loss of Attachment: Lower right lateral incisor (LI) mesio-facial - Level of attachment calculation of : (FGM to sulcus base measurement) - (FGM to CEJ measurement) (mm)'],['Both males and females 13 YEARS - 150 YEARS'],[nan],,
442,OHD26LAS,99,Calculation Cannot Be Determined,['Loss of Attachment: Lower right lateral incisor (LI) mesio-facial - Level of attachment calculation of : (FGM to sulcus base measurement) - (FGM to CEJ measurement) (mm)'],['Both males and females 13 YEARS - 150 YEARS'],[nan],,
443,OHD26LAS,.,Missing,['Loss of Attachment: Lower right lateral incisor (LI) mesio-facial - Level of attachment calculation of : (FGM to sulcus base measurement) - (FGM to CEJ measurement) (mm)'],['Both males and females 13 YEARS - 150 YEARS'],[nan],,
444,OHD26LAS,0 To 10,Range Of Values,['Loss of Attachment: Lower right lateral incisor (LI) mesio-facial - Level of attachment calculation of : (FGM to sulcus base measurement) - (FGM to CEJ measurement) (mm)'],['Both males and females 13 YEARS - 150 YEARS'],[nan],,
445,OHD26CJD,-6 To 3,Range Of Values,['Loss of Attachment: Lower right lateral incisor (LI) distal - FGM to CEJ measurement (mm)'],['Both males and females 13 YEARS - 150 YEARS'],[nan],,
446,OHD26CJD,99,Cannot Be Assessed,['Loss of Attachment: Lower right lateral incisor (LI) distal - FGM to CEJ measurement (mm)'],['Both males and females 13 YEARS - 150 YEARS'],[nan],,
447,OHD26CJD,.,Missing,['Loss of Attachment: Lower right lateral incisor (LI) distal - FGM to CEJ measurement (mm)'],['Both males and females 13 YEARS - 150 YEARS'],[nan],,
448,OHD26PCD,0 To 9,Range Of Values,['Loss of Attachment: Lower right lateral incisor (LI) distal - FGM to sulcus base (pocket depth) (mm)'],['Both males and females 13 YEARS - 150 YEARS'],[nan],,
449,OHD26PCD,99,Cannot Be Assessed,['Loss of Attachment: Lower right lateral incisor (LI) distal - FGM to sulcus base (pocket depth) (mm)'],['Both males and females 13 YEARS - 150 YEARS'],[nan],,
450,OHD26PCD,.,Missing,['Loss of Attachment: Lower right lateral incisor (LI) distal - FGM to sulcus base (pocket depth) (mm)'],['Both males and females 13 YEARS - 150 YEARS'],[nan],,
451,OHD26PCD,0 To 7,Range Of Values,['Loss of Attachment: Lower right lateral incisor (LI) distal - FGM to sulcus base (pocket depth) (mm)'],['Both males and females 13 YEARS - 150 YEARS'],[nan],,
452,OHD26LAD,0 To 11,Range Of Values,['Loss of Attachment: Lower right lateral incisor (LI) distal - Calculation of : (FGM to CEJ measurement) - (FGM to sulcus base measurement) (mm)'],['Both males and females 13 YEARS - 150 YEARS'],[nan],,
453,OHD26LAD,99,Cannot Be Assessed,['Loss of Attachment: Lower right lateral incisor (LI) distal - Calculation of : (FGM to CEJ measurement) - (FGM to sulcus base measurement) (mm)'],['Both males and females 13 YEARS - 150 YEARS'],[nan],,
454,OHD26LAD,.,Missing,['Loss of Attachment: Lower right lateral incisor (LI) distal - Calculation of : (FGM to CEJ measurement) - (FGM to sulcus base measurement) (mm)'],['Both males and females 13 YEARS - 150 YEARS'],[nan],,
455,OHD26LAD,0 To 8,Range Of Values,['Loss of Attachment: Lower right lateral incisor (LI) distal - Calculation of : (FGM to CEJ measurement) - (FGM to sulcus base measurement) (mm)'],['Both males and females 13 YEARS - 150 YEARS'],[nan],,
456,OHD25CJM,-6 To 2,Range Of Values,['Loss of Attachment: Lower right central incisor (CI) mid-facial - FGM to CEJ measurement (mm)'],['Both males and females 13 YEARS - 150 YEARS'],[nan],,
457,OHD25CJM,99,Cannot Be Assessed,['Loss of Attachment: Lower right central incisor (CI) mid-facial - FGM to CEJ measurement (mm)'],['Both males and females 13 YEARS - 150 YEARS'],[nan],,
458,OHD25CJM,.,Missing,['Loss of Attachment: Lower right central incisor (CI) mid-facial - FGM to CEJ measurement (mm)'],['Both males and females 13 YEARS - 150 YEARS'],[nan],,
459,OHD25CJM,-12 To 2,Range Of Values,['Loss of Attachment: Lower right central incisor (CI) mid-facial - FGM to CEJ measurement (mm)'],['Both males and females 13 YEARS - 150 YEARS'],[nan],,
460,OHD25PCM,0 To 3,Range Of Values,['Loss of Attachment: Lower right central incisor (CI) mid-facial - FGM to sulcus base (pocket depth) (mm)'],['Both males and females 13 YEARS - 150 YEARS'],[nan],,
461,OHD25PCM,99,Cannot Be Assessed,['Loss of Attachment: Lower right central incisor (CI) mid-facial - FGM to sulcus base (pocket depth) (mm)'],['Both males and females 13 YEARS - 150 YEARS'],[nan],,
462,OHD25PCM,.,Missing,['Loss of Attachment: Lower right central incisor (CI) mid-facial - FGM to sulcus base (pocket depth) (mm)'],['Both males and females 13 YEARS - 150 YEARS'],[nan],,
463,OHD25PCM,0 To 4,Range Of Values,['Loss of Attachment: Lower right central incisor (CI) mid-facial - FGM to sulcus base (pocket depth) (mm)'],['Both males and females 13 YEARS - 150 YEARS'],[nan],,
464,OHD25LAM,0 To 9,Range Of Values,['Loss of Attachment: Lower right central incisor (CI) mid-facial - Level of attachment calculation of : (FGM to sulcus base measurement) - (FGM to CEJ measurement) (mm)'],['Both males and females 13 YEARS - 150 YEARS'],[nan],,
465,OHD25LAM,99,Calculation Cannot Be Determined,['Loss of Attachment: Lower right central incisor (CI) mid-facial - Level of attachment calculation of : (FGM to sulcus base measurement) - (FGM to CEJ measurement) (mm)'],['Both males and females 13 YEARS - 150 YEARS'],[nan],,
466,OHD25LAM,.,Missing,['Loss of Attachment: Lower right central incisor (CI) mid-facial - Level of attachment calculation of : (FGM to sulcus base measurement) - (FGM to CEJ measurement) (mm)'],['Both males and females 13 YEARS - 150 YEARS'],[nan],,
467,OHD25LAM,0 To 13,Range Of Values,['Loss of Attachment: Lower right central incisor (CI) mid-facial - Level of attachment calculation of : (FGM to sulcus base measurement) - (FGM to CEJ measurement) (mm)'],['Both males and females 13 YEARS - 150 YEARS'],[nan],,
468,OHD25CJS,-7 To 3,Range Of Values,['Loss of Attachment: Lower right central incisor (CI) mesio-facial - FGM to CEJ measurement (mm)'],['Both males and females 13 YEARS - 150 YEARS'],[nan],,
469,OHD25CJS,99,Cannot Be Assessed,['Loss of Attachment: Lower right central incisor (CI) mesio-facial - FGM to CEJ measurement (mm)'],['Both males and females 13 YEARS - 150 YEARS'],[nan],,
470,OHD25CJS,.,Missing,['Loss of Attachment: Lower right central incisor (CI) mesio-facial - FGM to CEJ measurement (mm)'],['Both males and females 13 YEARS - 150 YEARS'],[nan],,
471,OHD25CJS,-9 To 3,Range Of Values,['Loss of Attachment: Lower right central incisor (CI) mesio-facial - FGM to CEJ measurement (mm)'],['Both males and females 13 YEARS - 150 YEARS'],[nan],,
472,OHD25PCS,0 To 10,Range Of Values,['Loss of Attachment: Lower right central incisor (CI) mesio-facial - FGM to sulcus base (pocket depth) (mm)'],['Both males and females 13 YEARS - 150 YEARS'],[nan],,
473,OHD25PCS,99,Cannot Be Assessed,['Loss of Attachment: Lower right central incisor (CI) mesio-facial - FGM to sulcus base (pocket depth) (mm)'],['Both males and females 13 YEARS - 150 YEARS'],[nan],,
474,OHD25PCS,.,Missing,['Loss of Attachment: Lower right central incisor (CI) mesio-facial - FGM to sulcus base (pocket depth) (mm)'],['Both males and females 13 YEARS - 150 YEARS'],[nan],,
475,OHD25PCS,0 To 7,Range Of Values,['Loss of Attachment: Lower right central incisor (CI) mesio-facial - FGM to sulcus base (pocket depth) (mm)'],['Both males and females 13 YEARS - 150 YEARS'],[nan],,
476,OHD25LAS,0 To 10,Range Of Values,['Loss of Attachment: Lower right central incisor (CI) mesio-facial - Level of attachment calculation of : (FGM to sulcus base measurement) - (FGM to CEJ measurement) (mm)'],['Both males and females 13 YEARS - 150 YEARS'],[nan],,
477,OHD25LAS,99,Calculation Cannot Be Determined,['Loss of Attachment: Lower right central incisor (CI) mesio-facial - Level of attachment calculation of : (FGM to sulcus base measurement) - (FGM to CEJ measurement) (mm)'],['Both males and females 13 YEARS - 150 YEARS'],[nan],,
478,OHD25LAS,.,Missing,['Loss of Attachment: Lower right central incisor (CI) mesio-facial - Level of attachment calculation of : (FGM to sulcus base measurement) - (FGM to CEJ measurement) (mm)'],['Both males and females 13 YEARS - 150 YEARS'],[nan],,
479,OHD25LAS,0 To 11,Range Of Values,['Loss of Attachment: Lower right central incisor (CI) mesio-facial - Level of attachment calculation of : (FGM to sulcus base measurement) - (FGM to CEJ measurement) (mm)'],['Both males and females 13 YEARS - 150 YEARS'],[nan],,
480,OHD25CJD,-7 To 3,Range Of Values,['Loss of Attachment: Lower right central incisor (CI) distal - FGM to CEJ measurement (mm)'],['Both males and females 13 YEARS - 150 YEARS'],[nan],,
481,OHD25CJD,99,Cannot Be Assessed,['Loss of Attachment: Lower right central incisor (CI) distal - FGM to CEJ measurement (mm)'],['Both males and females 13 YEARS - 150 YEARS'],[nan],,
482,OHD25CJD,.,Missing,['Loss of Attachment: Lower right central incisor (CI) distal - FGM to CEJ measurement (mm)'],['Both males and females 13 YEARS - 150 YEARS'],[nan],,
483,OHD25PCD,0 To 8,Range Of Values,['Loss of Attachment: Lower right central incisor (CI) distal - FGM to sulcus base (pocket depth) (mm)'],['Both males and females 13 YEARS - 150 YEARS'],[nan],,
484,OHD25PCD,99,Cannot Be Assessed,['Loss of Attachment: Lower right central incisor (CI) distal - FGM to sulcus base (pocket depth) (mm)'],['Both males and females 13 YEARS - 150 YEARS'],[nan],,
485,OHD25PCD,.,Missing,['Loss of Attachment: Lower right central incisor (CI) distal - FGM to sulcus base (pocket depth) (mm)'],['Both males and females 13 YEARS - 150 YEARS'],[nan],,
486,OHD25PCD,0 To 7,Range Of Values,['Loss of Attachment: Lower right central incisor (CI) distal - FGM to sulcus base (pocket depth) (mm)'],['Both males and females 13 YEARS - 150 YEARS'],[nan],,
487,OHD25LAD,0 To 11,Range Of Values,['Loss of Attachment: Lower right central incisor (CI) distal - Calculation of : (FGM to CEJ measurement) - (FGM to sulcus base measurement) (mm)'],['Both males and females 13 YEARS - 150 YEARS'],[nan],,
488,OHD25LAD,99,Cannot Be Assessed,['Loss of Attachment: Lower right central incisor (CI) distal - Calculation of : (FGM to CEJ measurement) - (FGM to sulcus base measurement) (mm)'],['Both males and females 13 YEARS - 150 YEARS'],[nan],,
489,OHD25LAD,.,Missing,['Loss of Attachment: Lower right central incisor (CI) distal - Calculation of : (FGM to CEJ measurement) - (FGM to sulcus base measurement) (mm)'],['Both males and females 13 YEARS - 150 YEARS'],[nan],,
490,OHD25LAD,0 To 8,Range Of Values,['Loss of Attachment: Lower right central incisor (CI) distal - Calculation of : (FGM to CEJ measurement) - (FGM to sulcus base measurement) (mm)'],['Both males and females 13 YEARS - 150 YEARS'],[nan],,
491,OHX18BPD,1,Bleeding Is Detected Following The Probing,['Periodontal bleeding from probing: Lower left 2nd molar-distal site'],['Both males and females 13 YEARS - 150 YEARS'],[nan],,
492,OHX18BPD,2,No Evidence Of Bleeding Following The Probing,['Periodontal bleeding from probing: Lower left 2nd molar-distal site'],['Both males and females 13 YEARS - 150 YEARS'],[nan],,
493,OHX18BPD,9,Cannot Be Assessed,['Periodontal bleeding from probing: Lower left 2nd molar-distal site'],['Both males and females 13 YEARS - 150 YEARS'],[nan],,
494,OHX18BPD,.,Missing,['Periodontal bleeding from probing: Lower left 2nd molar-distal site'],['Both males and females 13 YEARS - 150 YEARS'],[nan],,
495,OHX18BPM,1,Bleeding Is Detected Following The Probing,[' Periodontal bleeding from probing: Lower left 2nd molar-midfacial site'],['Both males and females 13 YEARS - 150 YEARS'],[nan],,
496,OHX18BPM,2,No Evidence Of Bleeding Following The Probing,[' Periodontal bleeding from probing: Lower left 2nd molar-midfacial site'],['Both males and females 13 YEARS - 150 YEARS'],[nan],,
497,OHX18BPM,9,Cannot Be Assessed,[' Periodontal bleeding from probing: Lower left 2nd molar-midfacial site'],['Both males and females 13 YEARS - 150 YEARS'],[nan],,
498,OHX18BPM,.,Missing,[' Periodontal bleeding from probing: Lower left 2nd molar-midfacial site'],['Both males and females 13 YEARS - 150 YEARS'],[nan],,
499,OHX18BPS,1,Bleeding Is Detected Following The Probing,['Periodontal bleeding from probing: Lower left 2nd molar-mesial site'],['Both males and females 13 YEARS - 150 YEARS'],[nan],,
500,OHX18BPS,2,No Evidence Of Bleeding Following The Probing,['Periodontal bleeding from probing: Lower left 2nd molar-mesial site'],['Both males and females 13 YEARS - 150 YEARS'],[nan],,
501,OHX18BPS,9,Cannot Be Assessed,['Periodontal bleeding from probing: Lower left 2nd molar-mesial site'],['Both males and females 13 YEARS - 150 YEARS'],[nan],,
502,OHX18BPS,.,Missing,['Periodontal bleeding from probing: Lower left 2nd molar-mesial site'],['Both males and females 13 YEARS - 150 YEARS'],[nan],,
503,OHX19BPD,1,Bleeding Is Detected Following The Probing,['Periodontal bleeding from probing: Lower left 1st molar-distal site'],['Both males and females 13 YEARS - 150 YEARS'],[nan],,
504,OHX19BPD,2,No Evidence Of Bleeding Following The Probing,['Periodontal bleeding from probing: Lower left 1st molar-distal site'],['Both males and females 13 YEARS - 150 YEARS'],[nan],,
505,OHX19BPD,9,Cannot Be Assessed,['Periodontal bleeding from probing: Lower left 1st molar-distal site'],['Both males and females 13 YEARS - 150 YEARS'],[nan],,
506,OHX19BPD,.,Missing,['Periodontal bleeding from probing: Lower left 1st molar-distal site'],['Both males and females 13 YEARS - 150 YEARS'],[nan],,
507,OHX19BPM,1,Bleeding Is Detected Following The Probing,['Periodontal bleeding from probing: Lower left 1st molar-midfacial site'],['Both males and females 13 YEARS - 150 YEARS'],[nan],,
508,OHX19BPM,2,No Evidence Of Bleeding Following The Probing,['Periodontal bleeding from probing: Lower left 1st molar-midfacial site'],['Both males and females 13 YEARS - 150 YEARS'],[nan],,
509,OHX19BPM,9,Cannot Be Assessed,['Periodontal bleeding from probing: Lower left 1st molar-midfacial site'],['Both males and females 13 YEARS - 150 YEARS'],[nan],,
510,OHX19BPM,.,Missing,['Periodontal bleeding from probing: Lower left 1st molar-midfacial site'],['Both males and females 13 YEARS - 150 YEARS'],[nan],,
511,OHX19BPS,1,Bleeding Is Detected Following The Probing,['Periodontal bleeding from probing: Lower left 1st molar-mesial site'],['Both males and females 13 YEARS - 150 YEARS'],[nan],,
512,OHX19BPS,2,No Evidence Of Bleeding Following The Probing,['Periodontal bleeding from probing: Lower left 1st molar-mesial site'],['Both males and females 13 YEARS - 150 YEARS'],[nan],,
513,OHX19BPS,9,Cannot Be Assessed,['Periodontal bleeding from probing: Lower left 1st molar-mesial site'],['Both males and females 13 YEARS - 150 YEARS'],[nan],,
514,OHX19BPS,.,Missing,['Periodontal bleeding from probing: Lower left 1st molar-mesial site'],['Both males and females 13 YEARS - 150 YEARS'],[nan],,
515,OHX20BPD,1,Bleeding Is Detected Following The Probing,['Periodontal bleeding from probing: Lower left 2nd bicuspid-distal site'],['Both males and females 13 YEARS - 150 YEARS'],[nan],,
516,OHX20BPD,2,No Evidence Of Bleeding Following The Probing,['Periodontal bleeding from probing: Lower left 2nd bicuspid-distal site'],['Both males and females 13 YEARS - 150 YEARS'],[nan],,
517,OHX20BPD,9,Can Not Be Assessed,['Periodontal bleeding from probing: Lower left 2nd bicuspid-distal site'],['Both males and females 13 YEARS - 150 YEARS'],[nan],,
518,OHX20BPD,.,Missing,['Periodontal bleeding from probing: Lower left 2nd bicuspid-distal site'],['Both males and females 13 YEARS - 150 YEARS'],[nan],,
519,OHX20BPM,1,Bleeding Is Detected Following The Probing,['Periodontal bleeding from probing: Lower left 2nd bicuspid-midfacial site'],['Both males and females 13 YEARS - 150 YEARS'],[nan],,
520,OHX20BPM,2,No Evidence Of Bleeding Following The Probing,['Periodontal bleeding from probing: Lower left 2nd bicuspid-midfacial site'],['Both males and females 13 YEARS - 150 YEARS'],[nan],,
521,OHX20BPM,9,Cannot Be Assessed,['Periodontal bleeding from probing: Lower left 2nd bicuspid-midfacial site'],['Both males and females 13 YEARS - 150 YEARS'],[nan],,
522,OHX20BPM,.,Missing,['Periodontal bleeding from probing: Lower left 2nd bicuspid-midfacial site'],['Both males and females 13 YEARS - 150 YEARS'],[nan],,
523,OHX20BPS,1,Bleeding Is Detected Following The Probing,['Periodontal bleeding from probing: Lower left 2nd bicuspid-mesial site'],['Both males and females 13 YEARS - 150 YEARS'],[nan],,
524,OHX20BPS,2,No Evidence Of Bleeding Following The Probing,['Periodontal bleeding from probing: Lower left 2nd bicuspid-mesial site'],['Both males and females 13 YEARS - 150 YEARS'],[nan],,
525,OHX20BPS,9,Cannot Be Assessed,['Periodontal bleeding from probing: Lower left 2nd bicuspid-mesial site'],['Both males and females 13 YEARS - 150 YEARS'],[nan],,
526,OHX20BPS,.,Missing,['Periodontal bleeding from probing: Lower left 2nd bicuspid-mesial site'],['Both males and females 13 YEARS - 150 YEARS'],[nan],,
527,OHX21BPD,1,Bleeding Is Detected Following The Probing,['Periodontal bleeding from probing: Lower left 1st bicuspid-distal site'],['Both males and females 13 YEARS - 150 YEARS'],[nan],,
528,OHX21BPD,2,No Evidence Of Bleeding Following The Probing,['Periodontal bleeding from probing: Lower left 1st bicuspid-distal site'],['Both males and females 13 YEARS - 150 YEARS'],[nan],,
529,OHX21BPD,9,Cannot Be Assessed,['Periodontal bleeding from probing: Lower left 1st bicuspid-distal site'],['Both males and females 13 YEARS - 150 YEARS'],[nan],,
530,OHX21BPD,.,Missing,['Periodontal bleeding from probing: Lower left 1st bicuspid-distal site'],['Both males and females 13 YEARS - 150 YEARS'],[nan],,
531,OHX21BPM,1,Bleeding Is Detected Following The Probing,['Periodontal bleeding from probing: Lower left 1st bicuspid-midfacial site'],['Both males and females 13 YEARS - 150 YEARS'],[nan],,
532,OHX21BPM,2,No Evidence Of Bleeding Following The Probing,['Periodontal bleeding from probing: Lower left 1st bicuspid-midfacial site'],['Both males and females 13 YEARS - 150 YEARS'],[nan],,
533,OHX21BPM,9,Can Not Be Assessed,['Periodontal bleeding from probing: Lower left 1st bicuspid-midfacial site'],['Both males and females 13 YEARS - 150 YEARS'],[nan],,
534,OHX21BPM,.,Missing,['Periodontal bleeding from probing: Lower left 1st bicuspid-midfacial site'],['Both males and females 13 YEARS - 150 YEARS'],[nan],,
535,OHX21BPS,1,Bleeding Is Detected Following The Probing,['Periodontal bleeding from probing: Lower left 1st bicuspid-mesial site'],['Both males and females 13 YEARS - 150 YEARS'],[nan],,
536,OHX21BPS,2,No Evidence Of Bleeding Following The Probing,['Periodontal bleeding from probing: Lower left 1st bicuspid-mesial site'],['Both males and females 13 YEARS - 150 YEARS'],[nan],,
537,OHX21BPS,9,Cannot Be Assessed,['Periodontal bleeding from probing: Lower left 1st bicuspid-mesial site'],['Both males and females 13 YEARS - 150 YEARS'],[nan],,
538,OHX21BPS,.,Missing,['Periodontal bleeding from probing: Lower left 1st bicuspid-mesial site'],['Both males and females 13 YEARS - 150 YEARS'],[nan],,
539,OHX22BPD,1,Bleeding Is Detected Following The Probing,['Periodontal bleeding from probing: Lower left cuspid-distal site'],['Both males and females 13 YEARS - 150 YEARS'],[nan],,
540,OHX22BPD,2,No Evidence Of Bleeding Following The Probing,['Periodontal bleeding from probing: Lower left cuspid-distal site'],['Both males and females 13 YEARS - 150 YEARS'],[nan],,
541,OHX22BPD,9,Cannot Be Assessed,['Periodontal bleeding from probing: Lower left cuspid-distal site'],['Both males and females 13 YEARS - 150 YEARS'],[nan],,
542,OHX22BPD,.,Missing,['Periodontal bleeding from probing: Lower left cuspid-distal site'],['Both males and females 13 YEARS - 150 YEARS'],[nan],,
543,OHX22BPM,1,Bleeding Is Detected Following The Probing,['Periodontal bleeding from probing: Lower left cuspid-midfacial site'],['Both males and females 13 YEARS - 150 YEARS'],[nan],,
544,OHX22BPM,2,No Evidence Of Bleeding Following The Probing,['Periodontal bleeding from probing: Lower left cuspid-midfacial site'],['Both males and females 13 YEARS - 150 YEARS'],[nan],,
545,OHX22BPM,9,Cannot Be Assessed,['Periodontal bleeding from probing: Lower left cuspid-midfacial site'],['Both males and females 13 YEARS - 150 YEARS'],[nan],,
546,OHX22BPM,.,Missing,['Periodontal bleeding from probing: Lower left cuspid-midfacial site'],['Both males and females 13 YEARS - 150 YEARS'],[nan],,
547,OHX22BPS,1,Bleeding Is Detected Following The Probing,['Periodontal bleeding from probing: Lower left cuspid-mesial site'],['Both males and females 13 YEARS - 150 YEARS'],[nan],,
548,OHX22BPS,2,No Evidence Of Bleeding Following The Probing,['Periodontal bleeding from probing: Lower left cuspid-mesial site'],['Both males and females 13 YEARS - 150 YEARS'],[nan],,
549,OHX22BPS,9,Cannot Be Assessed,['Periodontal bleeding from probing: Lower left cuspid-mesial site'],['Both males and females 13 YEARS - 150 YEARS'],[nan],,
550,OHX22BPS,.,Missing,['Periodontal bleeding from probing: Lower left cuspid-mesial site'],['Both males and females 13 YEARS - 150 YEARS'],[nan],,
551,OHX23BPD,1,Bleeding Is Detected Following The Probing,['Periodontal bleeding from probing: Lower left lateral incisor-distal site'],['Both males and females 13 YEARS - 150 YEARS'],[nan],,
552,OHX23BPD,2,No Evidence Of Bleeding Following The Probing,['Periodontal bleeding from probing: Lower left lateral incisor-distal site'],['Both males and females 13 YEARS - 150 YEARS'],[nan],,
553,OHX23BPD,9,Cannot Be Assessed,['Periodontal bleeding from probing: Lower left lateral incisor-distal site'],['Both males and females 13 YEARS - 150 YEARS'],[nan],,
554,OHX23BPD,.,Missing,['Periodontal bleeding from probing: Lower left lateral incisor-distal site'],['Both males and females 13 YEARS - 150 YEARS'],[nan],,
555,OHX23BPM,1,Bleeding Is Detected Following The Probing,['Periodontal bleeding from probing: Lower left lateral incisor-midfacial site'],['Both males and females 13 YEARS - 150 YEARS'],[nan],,
556,OHX23BPM,2,No Evidence Of Bleeding Following The Probing,['Periodontal bleeding from probing: Lower left lateral incisor-midfacial site'],['Both males and females 13 YEARS - 150 YEARS'],[nan],,
557,OHX23BPM,9,Cannot Be Assessed,['Periodontal bleeding from probing: Lower left lateral incisor-midfacial site'],['Both males and females 13 YEARS - 150 YEARS'],[nan],,
558,OHX23BPM,.,Missing,['Periodontal bleeding from probing: Lower left lateral incisor-midfacial site'],['Both males and females 13 YEARS - 150 YEARS'],[nan],,
559,OHX23BPS,1,Bleeding Is Detected Following The Probing,[' Periodontal bleeding from probing: Lower left lateral incisor-mesial site'],['Both males and females 13 YEARS - 150 YEARS'],[nan],,
560,OHX23BPS,2,No Evidence Of Bleeding Following The Probing,[' Periodontal bleeding from probing: Lower left lateral incisor-mesial site'],['Both males and females 13 YEARS - 150 YEARS'],[nan],,
561,OHX23BPS,9,Cannot Be Assessed,[' Periodontal bleeding from probing: Lower left lateral incisor-mesial site'],['Both males and females 13 YEARS - 150 YEARS'],[nan],,
562,OHX23BPS,.,Missing,[' Periodontal bleeding from probing: Lower left lateral incisor-mesial site'],['Both males and females 13 YEARS - 150 YEARS'],[nan],,
563,OHX24BPD,1,Bleeding Is Detected Following The Probing,['Periodontal bleeding from probing: Lower left central incisor-distal site'],['Both males and females 13 YEARS - 150 YEARS'],[nan],,
564,OHX24BPD,2,No Evidence Of Bleeding Following The Probing,['Periodontal bleeding from probing: Lower left central incisor-distal site'],['Both males and females 13 YEARS - 150 YEARS'],[nan],,
565,OHX24BPD,9,Cannot Be Assessed,['Periodontal bleeding from probing: Lower left central incisor-distal site'],['Both males and females 13 YEARS - 150 YEARS'],[nan],,
566,OHX24BPD,.,Missing,['Periodontal bleeding from probing: Lower left central incisor-distal site'],['Both males and females 13 YEARS - 150 YEARS'],[nan],,
567,OHX24BPM,1,Bleeding Is Detected Following The Probing,[' Periodontal bleeding from probing: Lower left central incisor-midfacial site'],['Both males and females 13 YEARS - 150 YEARS'],[nan],,
568,OHX24BPM,2,No Evidence Of Bleeding Following The Probing,[' Periodontal bleeding from probing: Lower left central incisor-midfacial site'],['Both males and females 13 YEARS - 150 YEARS'],[nan],,
569,OHX24BPM,9,Cannot Be Assessed,[' Periodontal bleeding from probing: Lower left central incisor-midfacial site'],['Both males and females 13 YEARS - 150 YEARS'],[nan],,
570,OHX24BPM,.,Missing,[' Periodontal bleeding from probing: Lower left central incisor-midfacial site'],['Both males and females 13 YEARS - 150 YEARS'],[nan],,
571,OHX24BPS,1,Bleeding Is Detected Following The Probing,['Periodontal bleeding from probing: Lower left central incisor-mesial site'],['Both males and females 13 YEARS - 150 YEARS'],[nan],,
572,OHX24BPS,2,No Evidence Of Bleeding Following The Probing,['Periodontal bleeding from probing: Lower left central incisor-mesial site'],['Both males and females 13 YEARS - 150 YEARS'],[nan],,
573,OHX24BPS,9,Cannot Be Assessed,['Periodontal bleeding from probing: Lower left central incisor-mesial site'],['Both males and females 13 YEARS - 150 YEARS'],[nan],,
574,OHX24BPS,.,Missing,['Periodontal bleeding from probing: Lower left central incisor-mesial site'],['Both males and females 13 YEARS - 150 YEARS'],[nan],,
575,OHX31BPD,1,Bleeding Is Detected Following The Probing,['Periodontal bleeding from probing: Lower right 2nd molar-distal site'],['Both males and females 13 YEARS - 150 YEARS'],[nan],,
576,OHX31BPD,2,No Evidence Of Bleeding Following The Probing,['Periodontal bleeding from probing: Lower right 2nd molar-distal site'],['Both males and females 13 YEARS - 150 YEARS'],[nan],,
577,OHX31BPD,9,Cannot Be Assessed,['Periodontal bleeding from probing: Lower right 2nd molar-distal site'],['Both males and females 13 YEARS - 150 YEARS'],[nan],,
578,OHX31BPD,.,Missing,['Periodontal bleeding from probing: Lower right 2nd molar-distal site'],['Both males and females 13 YEARS - 150 YEARS'],[nan],,
579,OHX31BPM,1,Bleeding Is Detected Following The Probing,['Periodontal bleeding from probing: Lower right 2nd molar-midfacial site'],['Both males and females 13 YEARS - 150 YEARS'],[nan],,
580,OHX31BPM,2,No Evidence Of Bleeding Following The Probing,['Periodontal bleeding from probing: Lower right 2nd molar-midfacial site'],['Both males and females 13 YEARS - 150 YEARS'],[nan],,
581,OHX31BPM,9,Cannot Be Assessed,['Periodontal bleeding from probing: Lower right 2nd molar-midfacial site'],['Both males and females 13 YEARS - 150 YEARS'],[nan],,
582,OHX31BPM,.,Missing,['Periodontal bleeding from probing: Lower right 2nd molar-midfacial site'],['Both males and females 13 YEARS - 150 YEARS'],[nan],,
583,OHX31BPS,1,Bleeding Is Detected Following The Probing,['Periodontal bleeding from probing: Lower right 2nd molar-mesial site'],['Both males and females 13 YEARS - 150 YEARS'],[nan],,
584,OHX31BPS,2,No Evidence Of Bleeding Following The Probing,['Periodontal bleeding from probing: Lower right 2nd molar-mesial site'],['Both males and females 13 YEARS - 150 YEARS'],[nan],,
585,OHX31BPS,9,Cannot Be Assessed,['Periodontal bleeding from probing: Lower right 2nd molar-mesial site'],['Both males and females 13 YEARS - 150 YEARS'],[nan],,
586,OHX31BPS,.,Missing,['Periodontal bleeding from probing: Lower right 2nd molar-mesial site'],['Both males and females 13 YEARS - 150 YEARS'],[nan],,
587,OHX30BPD,1,Bleeding Is Detected Following The Probing,['Periodontal bleeding from probing: Lower right 1st molar-distal site'],['Both males and females 13 YEARS - 150 YEARS'],[nan],,
588,OHX30BPD,2,No Evidence Of Bleeding Following The Probing,['Periodontal bleeding from probing: Lower right 1st molar-distal site'],['Both males and females 13 YEARS - 150 YEARS'],[nan],,
589,OHX30BPD,9,Cannot Be Assessed,['Periodontal bleeding from probing: Lower right 1st molar-distal site'],['Both males and females 13 YEARS - 150 YEARS'],[nan],,
590,OHX30BPD,.,Missing,['Periodontal bleeding from probing: Lower right 1st molar-distal site'],['Both males and females 13 YEARS - 150 YEARS'],[nan],,
591,OHX30BPM,1,Bleeding Is Detected Following The Probing,['Periodontal bleeding from probing: Lower right 1st molar-midfacial site'],['Both males and females 13 YEARS - 150 YEARS'],[nan],,
592,OHX30BPM,2,No Evidence Of Bleeding Following The Probing,['Periodontal bleeding from probing: Lower right 1st molar-midfacial site'],['Both males and females 13 YEARS - 150 YEARS'],[nan],,
593,OHX30BPM,9,Cannot Be Assessed,['Periodontal bleeding from probing: Lower right 1st molar-midfacial site'],['Both males and females 13 YEARS - 150 YEARS'],[nan],,
594,OHX30BPM,.,Missing,['Periodontal bleeding from probing: Lower right 1st molar-midfacial site'],['Both males and females 13 YEARS - 150 YEARS'],[nan],,
595,OHX30BPS,1,Bleeding Is Detected Following The Probing,['Periodontal bleeding from probing: Lower right 1st molar-mesial site'],['Both males and females 13 YEARS - 150 YEARS'],[nan],,
596,OHX30BPS,2,No Evidence Of Bleeding Following The Probing,['Periodontal bleeding from probing: Lower right 1st molar-mesial site'],['Both males and females 13 YEARS - 150 YEARS'],[nan],,
597,OHX30BPS,9,Cannot Be Assessed,['Periodontal bleeding from probing: Lower right 1st molar-mesial site'],['Both males and females 13 YEARS - 150 YEARS'],[nan],,
598,OHX30BPS,.,Missing,['Periodontal bleeding from probing: Lower right 1st molar-mesial site'],['Both males and females 13 YEARS - 150 YEARS'],[nan],,
599,OHX29BPD,1,Bleeding Is Detected Following The Probing,['Periodontal bleeding from probing: Lower right 2nd bicuspid-distal site'],['Both males and females 13 YEARS - 150 YEARS'],[nan],,
600,OHX29BPD,2,No Evidence Of Bleeding Following The Probing,['Periodontal bleeding from probing: Lower right 2nd bicuspid-distal site'],['Both males and females 13 YEARS - 150 YEARS'],[nan],,
601,OHX29BPD,9,Cannot Be Assessed,['Periodontal bleeding from probing: Lower right 2nd bicuspid-distal site'],['Both males and females 13 YEARS - 150 YEARS'],[nan],,
602,OHX29BPD,.,Missing,['Periodontal bleeding from probing: Lower right 2nd bicuspid-distal site'],['Both males and females 13 YEARS - 150 YEARS'],[nan],,
603,OHX29BPM,1,Bleeding Is Detected Following The Probing,['Periodontal bleeding from probing: Lower right 2nd bicuspid-midfacial site'],['Both males and females 13 YEARS - 150 YEARS'],[nan],,
604,OHX29BPM,2,No Evidence Of Bleeding Following The Probing,['Periodontal bleeding from probing: Lower right 2nd bicuspid-midfacial site'],['Both males and females 13 YEARS - 150 YEARS'],[nan],,
605,OHX29BPM,9,Cannot Be Assessed,['Periodontal bleeding from probing: Lower right 2nd bicuspid-midfacial site'],['Both males and females 13 YEARS - 150 YEARS'],[nan],,
606,OHX29BPM,.,Missing,['Periodontal bleeding from probing: Lower right 2nd bicuspid-midfacial site'],['Both males and females 13 YEARS - 150 YEARS'],[nan],,
607,OHX29BPS,1,Bleeding Is Detected Following The Probing,['Periodontal bleeding from probing: Lower right 2nd bicuspid-mesial site'],['Both males and females 13 YEARS - 150 YEARS'],[nan],,
608,OHX29BPS,2,No Evidence Of Bleeding Following The Probing,['Periodontal bleeding from probing: Lower right 2nd bicuspid-mesial site'],['Both males and females 13 YEARS - 150 YEARS'],[nan],,
609,OHX29BPS,9,Cannot Be Assessed,['Periodontal bleeding from probing: Lower right 2nd bicuspid-mesial site'],['Both males and females 13 YEARS - 150 YEARS'],[nan],,
610,OHX29BPS,.,Missing,['Periodontal bleeding from probing: Lower right 2nd bicuspid-mesial site'],['Both males and females 13 YEARS - 150 YEARS'],[nan],,
611,OHX28BPD,1,Bleeding Is Detected Following The Probing,['Periodontal bleeding from probing: Lower right 1st bicuspid-distal site'],['Both males and females 13 YEARS - 150 YEARS'],[nan],,
612,OHX28BPD,2,No Evidence Of Bleeding Following The Probing,['Periodontal bleeding from probing: Lower right 1st bicuspid-distal site'],['Both males and females 13 YEARS - 150 YEARS'],[nan],,
613,OHX28BPD,9,Cannot Be Assessed,['Periodontal bleeding from probing: Lower right 1st bicuspid-distal site'],['Both males and females 13 YEARS - 150 YEARS'],[nan],,
614,OHX28BPD,.,Missing,['Periodontal bleeding from probing: Lower right 1st bicuspid-distal site'],['Both males and females 13 YEARS - 150 YEARS'],[nan],,
615,OHX28BPM,1,Bleeding Is Detected Following The Probing,['Periodontal bleeding from probing: Lower right 1st bicuspid-midfacial site'],['Both males and females 13 YEARS - 150 YEARS'],[nan],,
616,OHX28BPM,2,No Evidence Of Bleeding Following The Probing,['Periodontal bleeding from probing: Lower right 1st bicuspid-midfacial site'],['Both males and females 13 YEARS - 150 YEARS'],[nan],,
617,OHX28BPM,9,Cannot Be Assessed,['Periodontal bleeding from probing: Lower right 1st bicuspid-midfacial site'],['Both males and females 13 YEARS - 150 YEARS'],[nan],,
618,OHX28BPM,.,Missing,['Periodontal bleeding from probing: Lower right 1st bicuspid-midfacial site'],['Both males and females 13 YEARS - 150 YEARS'],[nan],,
619,OHX28BPS,1,Bleeding Is Detected Following The Probing,['Periodontal bleeding from probing: Lower right 1st bicuspid-mesial site'],['Both males and females 13 YEARS - 150 YEARS'],[nan],,
620,OHX28BPS,2,No Evidence Of Bleeding Following The Probing,['Periodontal bleeding from probing: Lower right 1st bicuspid-mesial site'],['Both males and females 13 YEARS - 150 YEARS'],[nan],,
621,OHX28BPS,9,Cannot Be Assessed,['Periodontal bleeding from probing: Lower right 1st bicuspid-mesial site'],['Both males and females 13 YEARS - 150 YEARS'],[nan],,
622,OHX28BPS,.,Missing,['Periodontal bleeding from probing: Lower right 1st bicuspid-mesial site'],['Both males and females 13 YEARS - 150 YEARS'],[nan],,
623,OHX27BPD,1,Bleeding Is Detected Following The Probe,['Periodontal bleeding from probing: Lower right cuspid-distal site'],['Both males and females 13 YEARS - 150 YEARS'],[nan],,
624,OHX27BPD,2,No Evidence Of Bleeding Following The Probing,['Periodontal bleeding from probing: Lower right cuspid-distal site'],['Both males and females 13 YEARS - 150 YEARS'],[nan],,
625,OHX27BPD,9,Can Not Be Assessed,['Periodontal bleeding from probing: Lower right cuspid-distal site'],['Both males and females 13 YEARS - 150 YEARS'],[nan],,
626,OHX27BPD,.,Missing,['Periodontal bleeding from probing: Lower right cuspid-distal site'],['Both males and females 13 YEARS - 150 YEARS'],[nan],,
627,OHX27BPM,1,Bleeding Is Detected Following The Probing,['Periodontal bleeding from probing: Lower right cuspid-midfacial site'],['Both males and females 13 YEARS - 150 YEARS'],[nan],,
628,OHX27BPM,2,No Evidence Of Bleeding Following The Probing,['Periodontal bleeding from probing: Lower right cuspid-midfacial site'],['Both males and females 13 YEARS - 150 YEARS'],[nan],,
629,OHX27BPM,9,Cannot Be Assessed,['Periodontal bleeding from probing: Lower right cuspid-midfacial site'],['Both males and females 13 YEARS - 150 YEARS'],[nan],,
630,OHX27BPM,.,Missing,['Periodontal bleeding from probing: Lower right cuspid-midfacial site'],['Both males and females 13 YEARS - 150 YEARS'],[nan],,
631,OHX27BPS,1,Bleeding Is Detected Following The Probing,['Periodontal bleeding from probing: Lower right cuspid-mesial site'],['Both males and females 13 YEARS - 150 YEARS'],[nan],,
632,OHX27BPS,2,No Evidence Of Bleeding Following The Probing,['Periodontal bleeding from probing: Lower right cuspid-mesial site'],['Both males and females 13 YEARS - 150 YEARS'],[nan],,
633,OHX27BPS,9,Cannot Be Assessed,['Periodontal bleeding from probing: Lower right cuspid-mesial site'],['Both males and females 13 YEARS - 150 YEARS'],[nan],,
634,OHX27BPS,.,Missing,['Periodontal bleeding from probing: Lower right cuspid-mesial site'],['Both males and females 13 YEARS - 150 YEARS'],[nan],,
635,OHX26BPD,1,Bleeding Is Detected Following The Probing,['Periodontal bleeding from probing: Lower right lateral incisor-distal site'],['Both males and females 13 YEARS - 150 YEARS'],[nan],,
636,OHX26BPD,2,No Evidence Of Bleeding Following The Probing,['Periodontal bleeding from probing: Lower right lateral incisor-distal site'],['Both males and females 13 YEARS - 150 YEARS'],[nan],,
637,OHX26BPD,9,Cannot Be Assessed,['Periodontal bleeding from probing: Lower right lateral incisor-distal site'],['Both males and females 13 YEARS - 150 YEARS'],[nan],,
638,OHX26BPD,.,Missing,['Periodontal bleeding from probing: Lower right lateral incisor-distal site'],['Both males and females 13 YEARS - 150 YEARS'],[nan],,
639,OHX26BPM,1,Bleeding Is Detected Following The Probing,['Periodontal bleeding from probing: Lower right lateral incisor-midfacial site'],['Both males and females 13 YEARS - 150 YEARS'],[nan],,
640,OHX26BPM,2,No Evidence Of Bleeding Following The Probing,['Periodontal bleeding from probing: Lower right lateral incisor-midfacial site'],['Both males and females 13 YEARS - 150 YEARS'],[nan],,
641,OHX26BPM,9,Cannot Be Assessed,['Periodontal bleeding from probing: Lower right lateral incisor-midfacial site'],['Both males and females 13 YEARS - 150 YEARS'],[nan],,
642,OHX26BPM,.,Missing,['Periodontal bleeding from probing: Lower right lateral incisor-midfacial site'],['Both males and females 13 YEARS - 150 YEARS'],[nan],,
643,OHX26BPS,1,Bleeding Is Detected Following The Probing,['Periodontal bleeding from probing: Lower right lateral incisor-mesial site'],['Both males and females 13 YEARS - 150 YEARS'],[nan],,
644,OHX26BPS,2,No Evidence Of Bleeding Following The Probing,['Periodontal bleeding from probing: Lower right lateral incisor-mesial site'],['Both males and females 13 YEARS - 150 YEARS'],[nan],,
645,OHX26BPS,9,Cannot Be Assessed,['Periodontal bleeding from probing: Lower right lateral incisor-mesial site'],['Both males and females 13 YEARS - 150 YEARS'],[nan],,
646,OHX26BPS,.,Missing,['Periodontal bleeding from probing: Lower right lateral incisor-mesial site'],['Both males and females 13 YEARS - 150 YEARS'],[nan],,
647,OHX25BPD,1,Bleeding Is Detected Following The Probing,['Periodontal bleeding from probing: Lower right central incisor-distal site'],['Both males and females 13 YEARS - 150 YEARS'],[nan],,
648,OHX25BPD,2,No Evidence Of Bleeding Following The Probing,['Periodontal bleeding from probing: Lower right central incisor-distal site'],['Both males and females 13 YEARS - 150 YEARS'],[nan],,
649,OHX25BPD,9,Cannot Be Assessed,['Periodontal bleeding from probing: Lower right central incisor-distal site'],['Both males and females 13 YEARS - 150 YEARS'],[nan],,
650,OHX25BPD,.,Missing,['Periodontal bleeding from probing: Lower right central incisor-distal site'],['Both males and females 13 YEARS - 150 YEARS'],[nan],,
651,OHX25BPM,1,Bleeding Is Detected Following The Probing,['Periodontal bleeding from probing: Lower right central incisor-midfacial site'],['Both males and females 13 YEARS - 150 YEARS'],[nan],,
652,OHX25BPM,2,No Evidence Of Bleeding Following The Probing,['Periodontal bleeding from probing: Lower right central incisor-midfacial site'],['Both males and females 13 YEARS - 150 YEARS'],[nan],,
653,OHX25BPM,9,Cannot Be Assessed,['Periodontal bleeding from probing: Lower right central incisor-midfacial site'],['Both males and females 13 YEARS - 150 YEARS'],[nan],,
654,OHX25BPM,.,Missing,['Periodontal bleeding from probing: Lower right central incisor-midfacial site'],['Both males and females 13 YEARS - 150 YEARS'],[nan],,
655,OHX25BPS,1,Bleeding Is Detected Following The Probing,['Periodontal bleeding from probing: Lower right central incisor-mesial site'],['Both males and females 13 YEARS - 150 YEARS'],[nan],,
656,OHX25BPS,2,No Evidence Of Bleeding Following The Probing,['Periodontal bleeding from probing: Lower right central incisor-mesial site'],['Both males and females 13 YEARS - 150 YEARS'],[nan],,
657,OHX25BPS,9,Cannot Be Assessed,['Periodontal bleeding from probing: Lower right central incisor-mesial site'],['Both males and females 13 YEARS - 150 YEARS'],[nan],,
658,OHX25BPS,.,Missing,['Periodontal bleeding from probing: Lower right central incisor-mesial site'],['Both males and females 13 YEARS - 150 YEARS'],[nan],,
