"Tabela","Variavel","Variable_Name","SAS_Label","English_Text","Target","Tabela_Valores"
"DEMO","SEQN","SEQN","Respondent sequence number","Respondent sequence number.","Both males and females 0 YEARS - 150 YEARS",NA
"DEMO","SDDSRVYR","SDDSRVYR","Data Release Number","Data Release Number.","Both males and females 0 YEARS - 150 YEARS","Code.or.Value=[""1"", "".""]; Value.Description=[""NHANES 1999-2000 Public Release"", ""Missing""]; Count=[""9965"", ""0""]; Cumulative=[""9965"", ""9965""]; Skip.to.Item=[""NA"", ""NA""]"
"DEMO","RIDSTATR","RIDSTATR","Interview/Examination Status","Interview and Examination Status of the Sample Person.","Both males and females 0 YEARS - 150 YEARS","Code.or.Value=[""1"", ""2"", "".""]; Value.Description=[""Interviewed Only"", ""Both Interviewed and MEC examined"", ""Missing""]; Count=[""683"", ""9282"", ""0""]; Cumulative=[""683"", ""9965"", ""9965""]; Skip.to.Item=[""NA"", ""NA"", ""NA""]"
"DEMO","RIDEXMON","RIDEXMON","Six month time period","Six month time period when the examination was performed - two categories: November 1 through April 30 May 1 through October 31.","Both males and females 0 YEARS - 150 YEARS","Code.or.Value=[""1"", ""2"", "".""]; Value.Description=[""November 1 through April 30"", ""May 1 through October 31"", ""Missing""]; Count=[""3910"", ""5372"", ""683""]; Cumulative=[""3910"", ""9282"", ""9965""]; Skip.to.Item=[""NA"", ""NA"", ""NA""]"
"DEMO","RIAGENDR","RIAGENDR","Gender","Gender of the sample person","Both males and females 0 YEARS - 150 YEARS","Code.or.Value=[""1"", ""2"", "".""]; Value.Description=[""Male"", ""Female"", ""Missing""]; Count=[""4883"", ""5082"", ""0""]; Cumulative=[""4883"", ""9965"", ""9965""]; Skip.to.Item=[""NA"", ""NA"", ""NA""]"
"DEMO","RIDAGEYR","RIDAGEYR","Age at Screening Adjudicated - Recode","Best age in years of the sample person at time of HH screening. Individuals 85 and over are topcoded at 85 years of age.","Both males and females 0 YEARS - 150 YEARS","Code.or.Value=[""0 to 84"", ""85"", "".""]; Value.Description=[""Range of Values"", "">= 85 years of age"", ""Missing""]; Count=[""9792"", ""173"", ""0""]; Cumulative=[""9792"", ""9965"", ""9965""]; Skip.to.Item=[""NA"", ""NA"", ""NA""]"
"DEMO","RIDAGEMN","RIDAGEMN","Age in Months - Recode","Best age in months at date of screening for individuals under 85 years of age.","Both males and females 0 YEARS - 84 YEARS","Code.or.Value=[""0 to 1019"", "".""]; Value.Description=[""Range of Values"", ""Missing""]; Count=[""9792"", ""173""]; Cumulative=[""9792"", ""9965""]; Skip.to.Item=[""NA"", ""NA""]"
"DEMO","RIDAGEEX","RIDAGEEX","Exam Age in Months - Recode","Best age in months at date of examination for individuals under 85 years of age at screening.","Both males and females 0 YEARS - 84 YEARS","Code.or.Value=[""0 to 1019"", "".""]; Value.Description=[""Range of Values"", ""Missing""]; Count=[""9141"", ""824""]; Cumulative=[""9141"", ""9965""]; Skip.to.Item=[""NA"", ""NA""]"
"DEMO","RIDRETH1","RIDRETH1","Race/Ethnicity - Recode","Recode of reported race and ethnicity information.","Both males and females 0 YEARS - 150 YEARS","Code.or.Value=[""1"", ""2"", ""3"", ""4"", ""5"", "".""]; Value.Description=[""Mexican American"", ""Other Hispanic"", ""Non-Hispanic White"", ""Non-Hispanic Black"", ""Other Race - Including Multi-Racial"", ""Missing""]; Count=[""3393"", ""589"", ""3367"", ""2228"", ""388"", ""0""]; Cumulative=[""3393"", ""3982"", ""7349"", ""9577"", ""9965"", ""9965""]; Skip.to.Item=[""NA"", ""NA"", ""NA"", ""NA"", ""NA"", ""NA""]"
"DEMO","RIDRETH2","RIDRETH2","Linked NH3 Race/Ethnicity - Recode","Linked NH3 Race and Ethnicity Recode.","Both males and females 0 YEARS - 150 YEARS","Code.or.Value=[""1"", ""2"", ""3"", ""4"", ""5"", "".""]; Value.Description=[""Non-Hispanic White"", ""Non-Hispanic Black"", ""Mexican American"", ""Other Race - Including Multi-Racial"", ""Other Hispanic"", ""Missing""]; Count=[""3423"", ""2273"", ""3393"", ""287"", ""589"", ""0""]; Cumulative=[""3423"", ""5696"", ""9089"", ""9376"", ""9965"", ""9965""]; Skip.to.Item=[""NA"", ""NA"", ""NA"", ""NA"", ""NA"", ""NA""]"
"DEMO","DMQMILIT","DMQMILIT","Veteran/Military Status","Did {you/SP} ever serve in the Armed Forces of the United States?","Both males and females 17 YEARS - 150 YEARS","Code.or.Value=[""1"", ""2"", ""7"", ""9"", "".""]; Value.Description=[""Yes"", ""No"", ""Refused"", ""Don't know"", ""Missing""]; Count=[""717"", ""5004"", ""5"", ""5"", ""4234""]; Cumulative=[""717"", ""5721"", ""5726"", ""5731"", ""9965""]; Skip.to.Item=[""NA"", ""NA"", ""NA"", ""NA"", ""NA""]"
"DEMO","DMDBORN","DMDBORN","Country of Birth - Recode","In what country {were you/was SP} born?","Both males and females 0 YEARS - 150 YEARS","Code.or.Value=[""1"", ""2"", ""3"", ""7"", ""9"", "".""]; Value.Description=[""Born in 50 US States or Washington, DC"", ""Born in Mexico"", ""Born Elsewhere"", ""Refused"", ""Don't Know"", ""Missing""]; Count=[""8069"", ""1146"", ""737"", ""1"", ""1"", ""11""]; Cumulative=[""8069"", ""9215"", ""9952"", ""9953"", ""9954"", ""9965""]; Skip.to.Item=[""NA"", ""NA"", ""NA"", ""NA"", ""NA"", ""NA""]"
"DEMO","DMDCITZN","DMDCITZN","Citizenship Status","{Are you/Is SP} a citizen of the United States? [Information about citizenship is being collected by the U.S. Public Health Service to perform health related research. Providing this information is voluntary and is collected under the authority of the Public Health Service Act. There will be no effect on pending immigration or citizenship petitions.]","Both males and females 0 YEARS - 150 YEARS","Code.or.Value=[""1"", ""2"", ""7"", ""9"", "".""]; Value.Description=[""Citizen by birth or naturalization"", ""Not a citizen of the US"", ""Refused"", ""Don't know"", ""Missing""]; Count=[""8663"", ""1240"", ""30"", ""29"", ""3""]; Cumulative=[""8663"", ""9903"", ""9933"", ""9962"", ""9965""]; Skip.to.Item=[""NA"", ""NA"", ""NA"", ""NA"", ""NA""]"
"DEMO","DMDYRSUS","DMDYRSUS","Length of time in US","Length of time SP has been in the US.","Both males and females 0 YEARS - 150 YEARS","Code.or.Value=[""1"", ""2"", ""3"", ""4"", ""5"", ""6"", ""7"", ""8"", ""9"", ""77"", ""88"", ""99"", "".""]; Value.Description=[""Less than 1 year"", ""1 yr., less than 5 yrs."", ""5 yrs., less than 10 yrs."", ""10 yrs., less than 15 yrs."", ""15 yrs., less than 20 yrs."", ""20 yrs., less than 30 yrs."", ""30 yrs., less than 40 yrs."", ""40 yrs., less than 50 yrs."", ""50 years or more"", ""Refused"", ""Could not determine"", ""Don't know"", ""Missing""]; Count=[""116"", ""341"", ""359"", ""256"", ""156"", ""252"", ""174"", ""120"", ""63"", ""34"", ""1"", ""26"", ""8067""]; Cumulative=[""116"", ""457"", ""816"", ""1072"", ""1228"", ""1480"", ""1654"", ""1774"", ""1837"", ""1871"", ""1872"", ""1898"", ""9965""]; Skip.to.Item=[""NA"", ""NA"", ""NA"", ""NA"", ""NA"", ""NA"", ""NA"", ""NA"", ""NA"", ""NA"", ""NA"", ""NA"", ""NA""]"
"DEMO","DMDEDUC3","DMDEDUC3","Education Level - Children/Youth 6-19","(SP Interview Version) What is the highest grade or level of school {you have/SP has} completed or the highest degree {you have/s/he has} received?","Both males and females 6 YEARS - 19 YEARS","Code.or.Value=[""0"", ""1"", ""2"", ""3"", ""4"", ""5"", ""6"", ""7"", ""8"", ""9"", ""10"", ""11"", ""12"", ""13"", ""14"", ""15"", ""55"", ""66"", ""77"", ""99"", "".""]; Value.Description=[""Never Attended / Kindergarten Only"", ""1st Grade"", ""2nd Grade"", ""3rd Grade"", ""4th Grade"", ""5th Grade"", ""6th Grade"", ""7th Grade"", ""8th Grade"", ""9th Grade"", ""10th Grade"", ""11th Grade"", ""12th Grade, No Diploma"", ""High School Graduate"", ""GED or Equivalent"", ""More than high school"", ""Less Than 5th Grade"", ""Less Than 9th Grade"", ""Refused"", ""Don't know"", ""Missing""]; Count=[""210"", ""202"", ""186"", ""186"", ""204"", ""244"", ""318"", ""323"", ""320"", ""309"", ""307"", ""281"", ""81"", ""177"", ""12"", ""108"", ""3"", ""53"", ""2"", ""1"", ""6438""]; Cumulative=[""210"", ""412"", ""598"", ""784"", ""988"", ""1232"", ""1550"", ""1873"", ""2193"", ""2502"", ""2809"", ""3090"", ""3171"", ""3348"", ""3360"", ""3468"", ""3471"", ""3524"", ""3526"", ""3527"", ""9965""]; Skip.to.Item=[""NA"", ""NA"", ""NA"", ""NA"", ""NA"", ""NA"", ""NA"", ""NA"", ""NA"", ""NA"", ""NA"", ""NA"", ""NA"", ""NA"", ""NA"", ""NA"", ""NA"", ""NA"", ""NA"", ""NA"", ""NA""]"
"DEMO","DMDEDUC2","DMDEDUC2","Education Level - Adults 20+","(SP Interview Version) What is the highest grade or level of school {you have/SP has} completed or the highest degree {you have/s/he has} received?","Both males and females 20 YEARS - 150 YEARS","Code.or.Value=[""1"", ""2"", ""3"", ""4"", ""5"", ""7"", ""9"", "".""]; Value.Description=[""Less Than 9th Grade"", ""9-11th Grade (Includes 12th grade with no diploma)"", ""High School Grad/GED or Equivalent"", ""Some College or AA degree"", ""College Graduate or above"", ""Refused"", ""Don't Know"", ""Missing""]; Count=[""932"", ""964"", ""1097"", ""1070"", ""793"", ""8"", ""14"", ""5087""]; Cumulative=[""932"", ""1896"", ""2993"", ""4063"", ""4856"", ""4864"", ""4878"", ""9965""]; Skip.to.Item=[""NA"", ""NA"", ""NA"", ""NA"", ""NA"", ""NA"", ""NA"", ""NA""]"
"DEMO","DMDEDUC","DMDEDUC","Education - Recode (old version)","(SP Interview Version) What is the highest grade or level of school {you have/SP has} completed or the highest degree {you have/s/he has} received?","Both males and females 6 YEARS - 150 YEARS","Code.or.Value=[""1"", ""2"", ""3"", ""7"", ""9"", "".""]; Value.Description=[""Less Than High School"", ""High School Diploma (including GED)"", ""More Than High School"", ""Refused"", ""Don't know"", ""Missing""]; Count=[""5124"", ""1286"", ""1971"", ""10"", ""15"", ""1559""]; Cumulative=[""5124"", ""6410"", ""8381"", ""8391"", ""8406"", ""9965""]; Skip.to.Item=[""NA"", ""NA"", ""NA"", ""NA"", ""NA"", ""NA""]"
"DEMO","DMDSCHOL","DMDSCHOL","Now attending school?","{Are you/Is SP} now . . .","Both males and females 6 YEARS - 19 YEARS","Code.or.Value=[""1"", ""2"", ""3"", ""7"", ""9"", "".""]; Value.Description=[""In school"", ""On vacation from school (between grades)"", ""Neither in school or on vacation from school (between grades)"", ""Refused"", ""Don't know"", ""Missing""]; Count=[""2348"", ""618"", ""344"", ""0"", ""1"", ""6654""]; Cumulative=[""2348"", ""2966"", ""3310"", ""3310"", ""3311"", ""9965""]; Skip.to.Item=[""NA"", ""NA"", ""NA"", ""NA"", ""NA"", ""NA""]"
"DEMO","DMDMARTL","DMDMARTL","Marital Status","Marital Status","Both males and females 14 YEARS - 150 YEARS","Code.or.Value=[""1"", ""2"", ""3"", ""4"", ""5"", ""6"", ""77"", ""99"", "".""]; Value.Description=[""Married"", ""Widowed"", ""Divorced"", ""Separated"", ""Never married"", ""Living with partner"", ""Refused"", ""Don't know"", ""Missing""]; Count=[""2485"", ""475"", ""378"", ""177"", ""2316"", ""232"", ""7"", ""2"", ""3893""]; Cumulative=[""2485"", ""2960"", ""3338"", ""3515"", ""5831"", ""6063"", ""6070"", ""6072"", ""9965""]; Skip.to.Item=[""NA"", ""NA"", ""NA"", ""NA"", ""NA"", ""NA"", ""NA"", ""NA"", ""NA""]"
"DEMO","DMDHHSIZ","DMDHHSIZ","Total number of people in the Household","Total number of people in the Household","Both males and females 0 YEARS - 150 YEARS","Code.or.Value=[""1 to 6"", ""7"", "".""]; Value.Description=[""Range of Values"", ""7 or more people in the Household"", ""Missing""]; Count=[""8818"", ""1147"", ""0""]; Cumulative=[""8818"", ""9965"", ""9965""]; Skip.to.Item=[""NA"", ""NA"", ""NA""]"
"DEMO","INDHHINC","INDHHINC","Annual Household Income","Total household income (reported as a range value in dollars)","Both males and females 0 YEARS - 150 YEARS","Code.or.Value=[""1"", ""2"", ""3"", ""4"", ""5"", ""6"", ""7"", ""8"", ""9"", ""10"", ""11"", ""12"", ""13"", ""77"", ""99"", "".""]; Value.Description=[""$     0 to $ 4,999"", ""$ 5,000 to $ 9,999"", ""$10,000 to $14,999"", ""$15,000 to $19,999"", ""$20,000 to $24,999"", ""$25,000 to $34,999"", ""$35,000 to $44,999"", ""$45,000 to $54,999"", ""$55,000 to $64,999"", ""$65,000 to $74,999"", ""$75,000 and Over"", ""Over $20,000"", ""Under $20,000"", ""Refused"", ""Don't know"", ""Missing""]; Count=[""298"", ""654"", ""843"", ""762"", ""777"", ""1118"", ""804"", ""607"", ""509"", ""371"", ""1255"", ""314"", ""53"", ""41"", ""41"", ""1518""]; Cumulative=[""298"", ""952"", ""1795"", ""2557"", ""3334"", ""4452"", ""5256"", ""5863"", ""6372"", ""6743"", ""7998"", ""8312"", ""8365"", ""8406"", ""8447"", ""9965""]; Skip.to.Item=[""NA"", ""NA"", ""NA"", ""NA"", ""NA"", ""NA"", ""NA"", ""NA"", ""NA"", ""NA"", ""NA"", ""NA"", ""NA"", ""NA"", ""NA"", ""NA""]"
"DEMO","INDFMINC","INDFMINC","Annual Family Income","Total family income (reported as a range value in dollars)","Both males and females 0 YEARS - 150 YEARS","Code.or.Value=[""1"", ""2"", ""3"", ""4"", ""5"", ""6"", ""7"", ""8"", ""9"", ""10"", ""11"", ""12"", ""13"", ""77"", ""99"", "".""]; Value.Description=[""$     0 to $ 4,999"", ""$ 5,000 to $ 9,999"", ""$10,000 to $14,999"", ""$15,000 to $19,999"", ""$20,000 to $24,999"", ""$25,000 to $34,999"", ""$35,000 to $44,999"", ""$45,000 to $54,999"", ""$55,000 to $64,999"", ""$65,000 to $74,999"", ""$75,000 and Over"", ""Over $20,000"", ""Under $20,000"", ""Refused"", ""Don't know"", ""Missing""]; Count=[""569"", ""877"", ""1062"", ""829"", ""844"", ""1077"", ""740"", ""611"", ""451"", ""348"", ""1074"", ""404"", ""366"", ""301"", ""230"", ""182""]; Cumulative=[""569"", ""1446"", ""2508"", ""3337"", ""4181"", ""5258"", ""5998"", ""6609"", ""7060"", ""7408"", ""8482"", ""8886"", ""9252"", ""9553"", ""9783"", ""9965""]; Skip.to.Item=[""NA"", ""NA"", ""NA"", ""NA"", ""NA"", ""NA"", ""NA"", ""NA"", ""NA"", ""NA"", ""NA"", ""NA"", ""NA"", ""NA"", ""NA"", ""NA""]"
"DEMO","INDFMPIR","INDFMPIR","Family PIR","Poverty income ratio (PIR) - a ratio of family income to poverty threshold","Both males and females 0 YEARS - 150 YEARS","Code.or.Value=[""0 to 4.99"", ""5"", "".""]; Value.Description=[""Range of Values"", ""PIR value greater than or equal to 5.00"", ""Missing""]; Count=[""7466"", ""1016"", ""1483""]; Cumulative=[""7466"", ""8482"", ""9965""]; Skip.to.Item=[""NA"", ""NA"", ""NA""]"
"DEMO","RIDEXPRG","RIDEXPRG","Pregnancy Status at Exam - Recode","Pregnancy status at the time of MEC exam.","Females only 8 YEARS - 59 YEARS","Code.or.Value=[""1"", ""2"", ""3"", "".""]; Value.Description=[""Yes, positive lab pregnancy test or self-reported pregnant at exam"", ""SP not pregnant at exam"", ""Cannot ascertain if SP is pregnant at exam"", ""Missing""]; Count=[""311"", ""1443"", ""208"", ""8003""]; Cumulative=[""311"", ""1754"", ""1962"", ""9965""]; Skip.to.Item=[""NA"", ""NA"", ""NA"", ""NA""]"
"DEMO","RIDPREG","RIDPREG","Pregnancy Status - Recode (old version)","Pregnancy status variable based on all source data. NOTE: This is the previous pregnancy status recode variable. RIDPREG is a more conservative pregnancy status variable. Please review the file documentation.","Females only 8 YEARS - 59 YEARS","Code.or.Value=[""1"", ""2"", ""9"", "".""]; Value.Description=[""Yes, based on positive lab pregnancy test, self-reported pregnancy status, screener interview data or menstrual period history"", ""SP not pregnant"", ""Cannot ascertain if SP is pregnant"", ""Missing""]; Count=[""285"", ""1544"", ""0"", ""8136""]; Cumulative=[""285"", ""1829"", ""1829"", ""9965""]; Skip.to.Item=[""NA"", ""NA"", ""NA"", ""NA""]"
"DEMO","DMDHRGND","DMDHRGND","HH Ref Person Gender","Gender of the household reference person","Both males and females 0 YEARS - 150 YEARS","Code.or.Value=[""1"", ""2"", "".""]; Value.Description=[""Male"", ""Female"", ""Missing""]; Count=[""5597"", ""4356"", ""12""]; Cumulative=[""5597"", ""9953"", ""9965""]; Skip.to.Item=[""NA"", ""NA"", ""NA""]"
"DEMO","DMDHRAGE","DMDHRAGE","HH Ref Person Age","Age in years of the household reference person at the time of HH screening. Individuals 85 and over are topcoded at 85 years of age.","Both males and females 0 YEARS - 150 YEARS","Code.or.Value=[""17 to 84"", ""85"", "".""]; Value.Description=[""Range of Values"", "">= 85 years of age"", ""Missing""]; Count=[""9782"", ""171"", ""12""]; Cumulative=[""9782"", ""9953"", ""9965""]; Skip.to.Item=[""NA"", ""NA"", ""NA""]"
"DEMO","DMDHRBRN","DMDHRBRN","HH Ref Person Country of Birth","In what country {were you/was NON-SP Head} born?","Both males and females 0 YEARS - 150 YEARS","Code.or.Value=[""1"", ""2"", ""3"", ""7"", ""9"", "".""]; Value.Description=[""Born in 50 US States or Washington, DC"", ""Born in Mexico"", ""Born Elsewhere"", ""Refused"", ""Don't know"", ""Missing""]; Count=[""6545"", ""1974"", ""1046"", ""12"", ""0"", ""388""]; Cumulative=[""6545"", ""8519"", ""9565"", ""9577"", ""9577"", ""9965""]; Skip.to.Item=[""NA"", ""NA"", ""NA"", ""NA"", ""NA"", ""NA""]"
"DEMO","DMDHREDU","DMDHREDU","HH Ref Person Education Level","What is the highest grade or level of school {you have/NON_SP HEAD has} received?","Both males and females 0 YEARS - 150 YEARS","Code.or.Value=[""1"", ""2"", ""3"", ""4"", ""5"", ""7"", ""9"", "".""]; Value.Description=[""Less Than 9th Grade"", ""9-11th Grade (Includes 12th grade with no diploma)"", ""High School Grad/GED or equivalent"", ""Some College or AA degree"", ""College Graduate or above"", ""Refused"", ""Don't know"", ""Missing""]; Count=[""1747"", ""2100"", ""2188"", ""2026"", ""1431"", ""13"", ""66"", ""394""]; Cumulative=[""1747"", ""3847"", ""6035"", ""8061"", ""9492"", ""9505"", ""9571"", ""9965""]; Skip.to.Item=[""NA"", ""NA"", ""NA"", ""NA"", ""NA"", ""NA"", ""NA"", ""NA""]"
"DEMO","DMDHRMAR","DMDHRMAR","HH Ref Person Marital Status","Marital Status of household reference person","Both males and females 0 YEARS - 150 YEARS","Code.or.Value=[""1"", ""2"", ""3"", ""4"", ""5"", ""6"", ""77"", ""99"", "".""]; Value.Description=[""Married"", ""Widowed"", ""Divorced"", ""Separated"", ""Never married"", ""Living with partner"", ""Refused"", ""Don't know"", ""Missing""]; Count=[""4673"", ""577"", ""861"", ""538"", ""1115"", ""267"", ""18"", ""13"", ""1903""]; Cumulative=[""4673"", ""5250"", ""6111"", ""6649"", ""7764"", ""8031"", ""8049"", ""8062"", ""9965""]; Skip.to.Item=[""NA"", ""NA"", ""NA"", ""NA"", ""NA"", ""NA"", ""NA"", ""NA"", ""NA""]"
"DEMO","DMDHSEDU","DMDHSEDU","HH Ref Persons Spouse Education Level","What is the highest grade or level of school {you have/NON-SP SPOUSE has completed or the highest degree {you have/he/she has} received","Both males and females 0 YEARS - 150 YEARS","Code.or.Value=[""1"", ""2"", ""3"", ""4"", ""5"", ""7"", ""9"", "".""]; Value.Description=[""Less Than 9th Grade"", ""9-11th Grade (Includes 12th grade with no diploma)"", ""High School Grad/GED or equivalent"", ""Some College or AA degree"", ""College Graduate or above"", ""Refused"", ""Don't know"", ""Missing""]; Count=[""607"", ""729"", ""728"", ""661"", ""483"", ""3"", ""21"", ""6733""]; Cumulative=[""607"", ""1336"", ""2064"", ""2725"", ""3208"", ""3211"", ""3232"", ""9965""]; Skip.to.Item=[""NA"", ""NA"", ""NA"", ""NA"", ""NA"", ""NA"", ""NA"", ""NA""]"
"DEMO","WTINT2YR","WTINT2YR","Full Sample 2 Year Interview Weight","Interviewed Sample Persons.","Both males and females 0 YEARS - 150 YEARS","Code.or.Value=[""974.66525161 to 236864.13597"", "".""]; Value.Description=[""Range of Values"", ""Missing""]; Count=[""9965"", ""0""]; Cumulative=[""9965"", ""9965""]; Skip.to.Item=[""NA"", ""NA""]"
"DEMO","WTINT4YR","WTINT4YR","Full Sample 4 Year Interview Weight","Interviewed Sample Persons. Used for 1999-2002 data collection years only.","Both males and females 0 YEARS - 150 YEARS","Code.or.Value=[""620.682382 to 100652.32964"", "".""]; Value.Description=[""Range of Values"", ""Missing""]; Count=[""9965"", ""0""]; Cumulative=[""9965"", ""9965""]; Skip.to.Item=[""NA"", ""NA""]"
"DEMO","WTMEC2YR","WTMEC2YR","Full Sample 2 Year MEC Exam Weight","Both Interviewed and MEC Examined Sample Persons.","Both males and females 0 YEARS - 150 YEARS","Code.or.Value=[""0 to 261361.33834"", "".""]; Value.Description=[""Range of Values"", ""Missing""]; Count=[""9965"", ""0""]; Cumulative=[""9965"", ""9965""]; Skip.to.Item=[""NA"", ""NA""]"
"DEMO","WTMEC4YR","WTMEC4YR","Full Sample 4 Year MEC Exam Weight","Both Interviewed and MEC Examined Sample Persons. Used for 1999-2002 data collection years only.","Both males and females 0 YEARS - 150 YEARS","Code.or.Value=[""0 to 103831.17105"", "".""]; Value.Description=[""Range of Values"", ""Missing""]; Count=[""9965"", ""0""]; Cumulative=[""9965"", ""9965""]; Skip.to.Item=[""NA"", ""NA""]"
"DEMO","SDMVPSU","SDMVPSU","Masked Variance Pseudo-PSU","Masked Variance Unit Pseudo-PSU variable for variance estimation","Both males and females 0 YEARS - 150 YEARS","Code.or.Value=[""1 to 3"", "".""]; Value.Description=[""Range of Values"", ""Missing""]; Count=[""9965"", ""0""]; Cumulative=[""9965"", ""9965""]; Skip.to.Item=[""NA"", ""NA""]"
"DEMO","SDMVSTRA","SDMVSTRA","Masked Variance Pseudo-Stratum","Masked Variance Unit Pseudo-Stratum variable for variance estimation","Both males and females 0 YEARS - 150 YEARS","Code.or.Value=[""1 to 13"", "".""]; Value.Description=[""Range of Values"", ""Missing""]; Count=[""9965"", ""0""]; Cumulative=[""9965"", ""9965""]; Skip.to.Item=[""NA"", ""NA""]"
"DEMO","SDJ1REPN","SDJ1REPN","Jack Knife Replicate Number","Jack Knife Replicate Number","Both males and females 0 YEARS - 150 YEARS","Code.or.Value=[""1 to 52"", "".""]; Value.Description=[""Range of Values"", ""Missing""]; Count=[""9965"", ""0""]; Cumulative=[""9965"", ""9965""]; Skip.to.Item=[""NA"", ""NA""]"
"DEMO","DMAETHN","DMAETHN","Logical Imputation Flag for Ethnicity","Logical Imputation Flag for Ethnicity","Both males and females 0 YEARS - 150 YEARS","Code.or.Value=[""1"", "".""]; Value.Description=[""Value Imputed"", ""Missing""]; Count=[""2"", ""9963""]; Cumulative=[""2"", ""9965""]; Skip.to.Item=[""NA"", ""NA""]"
"DEMO","DMARACE","DMARACE","Logical Imputation Flag for Race Recode","Logical Imputation Flag for Race Recode","Both males and females 0 YEARS - 150 YEARS","Code.or.Value=[""1"", "".""]; Value.Description=[""Value Imputed"", ""Missing""]; Count=[""2"", ""9963""]; Cumulative=[""2"", ""9965""]; Skip.to.Item=[""NA"", ""NA""]"
"DEMO","WTMREP01","WTMREP01","MEC Exam Weight Jack Knife Replicate 01","MEC Exam Weight Jack Knife Replicate 01","Both males and females 0 YEARS - 150 YEARS","Code.or.Value=[""0 to 258536.54745"", "".""]; Value.Description=[""Range of Values"", ""Missing""]; Count=[""9965"", ""0""]; Cumulative=[""9965"", ""9965""]; Skip.to.Item=[""NA"", ""NA""]"
"DEMO","WTMREP02","WTMREP02","MEC Exam Weight Jack Knife Replicate 02","MEC Exam Weight Jack Knife Replicate 02","Both males and females 0 YEARS - 150 YEARS","Code.or.Value=[""0 to 260734.52777"", "".""]; Value.Description=[""Range of Values"", ""Missing""]; Count=[""9965"", ""0""]; Cumulative=[""9965"", ""9965""]; Skip.to.Item=[""NA"", ""NA""]"
"DEMO","WTMREP03","WTMREP03","MEC Exam Weight Jack Knife Replicate 03","MEC Exam Weight Jack Knife Replicate 03","Both males and females 0 YEARS - 150 YEARS","Code.or.Value=[""0 to 261389.69805"", "".""]; Value.Description=[""Range of Values"", ""Missing""]; Count=[""9965"", ""0""]; Cumulative=[""9965"", ""9965""]; Skip.to.Item=[""NA"", ""NA""]"
"DEMO","WTMREP04","WTMREP04","MEC Exam Weight Jack Knife Replicate 04","MEC Exam Weight Jack Knife Replicate 04","Both males and females 0 YEARS - 150 YEARS","Code.or.Value=[""0 to 261672.08293"", "".""]; Value.Description=[""Range of Values"", ""Missing""]; Count=[""9965"", ""0""]; Cumulative=[""9965"", ""9965""]; Skip.to.Item=[""NA"", ""NA""]"
"DEMO","WTMREP05","WTMREP05","MEC Exam Weight Jack Knife Replicate 05","MEC Exam Weight Jack Knife Replicate 05","Both males and females 0 YEARS - 150 YEARS","Code.or.Value=[""0 to 261039.26428"", "".""]; Value.Description=[""Range of Values"", ""Missing""]; Count=[""9965"", ""0""]; Cumulative=[""9965"", ""9965""]; Skip.to.Item=[""NA"", ""NA""]"
"DEMO","WTMREP06","WTMREP06","MEC Exam Weight Jack Knife Replicate 06","MEC Exam Weight Jack Knife Replicate 06","Both males and females 0 YEARS - 150 YEARS","Code.or.Value=[""0 to 262491.489"", "".""]; Value.Description=[""Range of Values"", ""Missing""]; Count=[""9965"", ""0""]; Cumulative=[""9965"", ""9965""]; Skip.to.Item=[""NA"", ""NA""]"
"DEMO","WTMREP07","WTMREP07","MEC Exam Weight Jack Knife Replicate 07","MEC Exam Weight Jack Knife Replicate 07","Both males and females 0 YEARS - 150 YEARS","Code.or.Value=[""0 to 258631.58327"", "".""]; Value.Description=[""Range of Values"", ""Missing""]; Count=[""9965"", ""0""]; Cumulative=[""9965"", ""9965""]; Skip.to.Item=[""NA"", ""NA""]"
"DEMO","WTMREP08","WTMREP08","MEC Exam Weight Jack Knife Replicate 08","MEC Exam Weight Jack Knife Replicate 08","Both males and females 0 YEARS - 150 YEARS","Code.or.Value=[""0 to 261427.86999"", "".""]; Value.Description=[""Range of Values"", ""Missing""]; Count=[""9965"", ""0""]; Cumulative=[""9965"", ""9965""]; Skip.to.Item=[""NA"", ""NA""]"
"DEMO","WTMREP09","WTMREP09","MEC Exam Weight Jack Knife Replicate 09","MEC Exam Weight Jack Knife Replicate 09","Both males and females 0 YEARS - 150 YEARS","Code.or.Value=[""0 to 263135.14291"", "".""]; Value.Description=[""Range of Values"", ""Missing""]; Count=[""9965"", ""0""]; Cumulative=[""9965"", ""9965""]; Skip.to.Item=[""NA"", ""NA""]"
"DEMO","WTMREP10","WTMREP10","MEC Exam Weight Jack Knife Replicate 10","MEC Exam Weight Jack Knife Replicate 10","Both males and females 0 YEARS - 150 YEARS","Code.or.Value=[""0 to 264325.82084"", "".""]; Value.Description=[""Range of Values"", ""Missing""]; Count=[""9965"", ""0""]; Cumulative=[""9965"", ""9965""]; Skip.to.Item=[""NA"", ""NA""]"
"DEMO","WTMREP11","WTMREP11","MEC Exam Weight Jack Knife Replicate 11","MEC Exam Weight Jack Knife Replicate 11","Both males and females 0 YEARS - 150 YEARS","Code.or.Value=[""0 to 265082.90502"", "".""]; Value.Description=[""Range of Values"", ""Missing""]; Count=[""9965"", ""0""]; Cumulative=[""9965"", ""9965""]; Skip.to.Item=[""NA"", ""NA""]"
"DEMO","WTMREP12","WTMREP12","MEC Exam Weight Jack Knife Replicate 12","MEC Exam Weight Jack Knife Replicate 12","Both males and females 0 YEARS - 150 YEARS","Code.or.Value=[""0 to 261045.28869"", "".""]; Value.Description=[""Range of Values"", ""Missing""]; Count=[""9965"", ""0""]; Cumulative=[""9965"", ""9965""]; Skip.to.Item=[""NA"", ""NA""]"
"DEMO","WTMREP13","WTMREP13","MEC Exam Weight Jack Knife Replicate 13","MEC Exam Weight Jack Knife Replicate 13","Both males and females 0 YEARS - 150 YEARS","Code.or.Value=[""0 to 259966.30733"", "".""]; Value.Description=[""Range of Values"", ""Missing""]; Count=[""9965"", ""0""]; Cumulative=[""9965"", ""9965""]; Skip.to.Item=[""NA"", ""NA""]"
"DEMO","WTMREP14","WTMREP14","MEC Exam Weight Jack Knife Replicate 14","MEC Exam Weight Jack Knife Replicate 14","Both males and females 0 YEARS - 150 YEARS","Code.or.Value=[""0 to 267824.09333"", "".""]; Value.Description=[""Range of Values"", ""Missing""]; Count=[""9965"", ""0""]; Cumulative=[""9965"", ""9965""]; Skip.to.Item=[""NA"", ""NA""]"
"DEMO","WTMREP15","WTMREP15","MEC Exam Weight Jack Knife Replicate 15","MEC Exam Weight Jack Knife Replicate 15","Both males and females 0 YEARS - 150 YEARS","Code.or.Value=[""0 to 264048.81824"", "".""]; Value.Description=[""Range of Values"", ""Missing""]; Count=[""9965"", ""0""]; Cumulative=[""9965"", ""9965""]; Skip.to.Item=[""NA"", ""NA""]"
"DEMO","WTMREP16","WTMREP16","MEC Exam Weight Jack Knife Replicate 16","MEC Exam Weight Jack Knife Replicate 16","Both males and females 0 YEARS - 150 YEARS","Code.or.Value=[""0 to 265140.60417"", "".""]; Value.Description=[""Range of Values"", ""Missing""]; Count=[""9965"", ""0""]; Cumulative=[""9965"", ""9965""]; Skip.to.Item=[""NA"", ""NA""]"
"DEMO","WTMREP17","WTMREP17","MEC Exam Weight Jack Knife Replicate 17","MEC Exam Weight Jack Knife Replicate 17","Both males and females 0 YEARS - 150 YEARS","Code.or.Value=[""0 to 260425.83848"", "".""]; Value.Description=[""Range of Values"", ""Missing""]; Count=[""9965"", ""0""]; Cumulative=[""9965"", ""9965""]; Skip.to.Item=[""NA"", ""NA""]"
"DEMO","WTMREP18","WTMREP18","MEC Exam Weight Jack Knife Replicate 18","MEC Exam Weight Jack Knife Replicate 18","Both males and females 0 YEARS - 150 YEARS","Code.or.Value=[""0 to 261367.45269"", "".""]; Value.Description=[""Range of Values"", ""Missing""]; Count=[""9965"", ""0""]; Cumulative=[""9965"", ""9965""]; Skip.to.Item=[""NA"", ""NA""]"
"DEMO","WTMREP19","WTMREP19","MEC Exam Weight Jack Knife Replicate 19","MEC Exam Weight Jack Knife Replicate 19","Both males and females 0 YEARS - 150 YEARS","Code.or.Value=[""0 to 265394.01408"", "".""]; Value.Description=[""Range of Values"", ""Missing""]; Count=[""9965"", ""0""]; Cumulative=[""9965"", ""9965""]; Skip.to.Item=[""NA"", ""NA""]"
"DEMO","WTMREP20","WTMREP20","MEC Exam Weight Jack Knife Replicate 20","MEC Exam Weight Jack Knife Replicate 20","Both males and females 0 YEARS - 150 YEARS","Code.or.Value=[""0 to 261809.66639"", "".""]; Value.Description=[""Range of Values"", ""Missing""]; Count=[""9965"", ""0""]; Cumulative=[""9965"", ""9965""]; Skip.to.Item=[""NA"", ""NA""]"
"DEMO","WTMREP21","WTMREP21","MEC Exam Weight Jack Knife Replicate 21","MEC Exam Weight Jack Knife Replicate 21","Both males and females 0 YEARS - 150 YEARS","Code.or.Value=[""0 to 261040.57842"", "".""]; Value.Description=[""Range of Values"", ""Missing""]; Count=[""9965"", ""0""]; Cumulative=[""9965"", ""9965""]; Skip.to.Item=[""NA"", ""NA""]"
"DEMO","WTMREP22","WTMREP22","MEC Exam Weight Jack Knife Replicate 22","MEC Exam Weight Jack Knife Replicate 22","Both males and females 0 YEARS - 150 YEARS","Code.or.Value=[""0 to 261410.98954"", "".""]; Value.Description=[""Range of Values"", ""Missing""]; Count=[""9965"", ""0""]; Cumulative=[""9965"", ""9965""]; Skip.to.Item=[""NA"", ""NA""]"
"DEMO","WTMREP23","WTMREP23","MEC Exam Weight Jack Knife Replicate 23","MEC Exam Weight Jack Knife Replicate 23","Both males and females 0 YEARS - 150 YEARS","Code.or.Value=[""0 to 261818.79012"", "".""]; Value.Description=[""Range of Values"", ""Missing""]; Count=[""9965"", ""0""]; Cumulative=[""9965"", ""9965""]; Skip.to.Item=[""NA"", ""NA""]"
"DEMO","WTMREP24","WTMREP24","MEC Exam Weight Jack Knife Replicate 24","MEC Exam Weight Jack Knife Replicate 24","Both males and females 0 YEARS - 150 YEARS","Code.or.Value=[""0 to 262433.25419"", "".""]; Value.Description=[""Range of Values"", ""Missing""]; Count=[""9965"", ""0""]; Cumulative=[""9965"", ""9965""]; Skip.to.Item=[""NA"", ""NA""]"
"DEMO","WTMREP25","WTMREP25","MEC Exam Weight Jack Knife Replicate 25","MEC Exam Weight Jack Knife Replicate 25","Both males and females 0 YEARS - 150 YEARS","Code.or.Value=[""0 to 261361.7708"", "".""]; Value.Description=[""Range of Values"", ""Missing""]; Count=[""9965"", ""0""]; Cumulative=[""9965"", ""9965""]; Skip.to.Item=[""NA"", ""NA""]"
"DEMO","WTMREP26","WTMREP26","MEC Exam Weight Jack Knife Replicate 26","MEC Exam Weight Jack Knife Replicate 26","Both males and females 0 YEARS - 150 YEARS","Code.or.Value=[""0 to 259973.96856"", "".""]; Value.Description=[""Range of Values"", ""Missing""]; Count=[""9965"", ""0""]; Cumulative=[""9965"", ""9965""]; Skip.to.Item=[""NA"", ""NA""]"
"DEMO","WTMREP27","WTMREP27","MEC Exam Weight Jack Knife Replicate 27","MEC Exam Weight Jack Knife Replicate 27","Both males and females 0 YEARS - 150 YEARS","Code.or.Value=[""0 to 260115.6662"", "".""]; Value.Description=[""Range of Values"", ""Missing""]; Count=[""9965"", ""0""]; Cumulative=[""9965"", ""9965""]; Skip.to.Item=[""NA"", ""NA""]"
"DEMO","WTMREP28","WTMREP28","MEC Exam Weight Jack Knife Replicate 28","MEC Exam Weight Jack Knife Replicate 28","Both males and females 0 YEARS - 150 YEARS","Code.or.Value=[""0 to 265884.08648"", "".""]; Value.Description=[""Range of Values"", ""Missing""]; Count=[""9965"", ""0""]; Cumulative=[""9965"", ""9965""]; Skip.to.Item=[""NA"", ""NA""]"
"DEMO","WTMREP29","WTMREP29","MEC Exam Weight Jack Knife Replicate 29","MEC Exam Weight Jack Knife Replicate 29","Both males and females 0 YEARS - 150 YEARS","Code.or.Value=[""0 to 263108.33395"", "".""]; Value.Description=[""Range of Values"", ""Missing""]; Count=[""9965"", ""0""]; Cumulative=[""9965"", ""9965""]; Skip.to.Item=[""NA"", ""NA""]"
"DEMO","WTMREP30","WTMREP30","MEC Exam Weight Jack Knife Replicate 30","MEC Exam Weight Jack Knife Replicate 30","Both males and females 0 YEARS - 150 YEARS","Code.or.Value=[""0 to 261761.84402"", "".""]; Value.Description=[""Range of Values"", ""Missing""]; Count=[""9965"", ""0""]; Cumulative=[""9965"", ""9965""]; Skip.to.Item=[""NA"", ""NA""]"
"DEMO","WTMREP31","WTMREP31","MEC Exam Weight Jack Knife Replicate 31","MEC Exam Weight Jack Knife Replicate 31","Both males and females 0 YEARS - 150 YEARS","Code.or.Value=[""0 to 262963.60939"", "".""]; Value.Description=[""Range of Values"", ""Missing""]; Count=[""9965"", ""0""]; Cumulative=[""9965"", ""9965""]; Skip.to.Item=[""NA"", ""NA""]"
"DEMO","WTMREP32","WTMREP32","MEC Exam Weight Jack Knife Replicate 32","MEC Exam Weight Jack Knife Replicate 32","Both males and females 0 YEARS - 150 YEARS","Code.or.Value=[""0 to 254090.86669"", "".""]; Value.Description=[""Range of Values"", ""Missing""]; Count=[""9965"", ""0""]; Cumulative=[""9965"", ""9965""]; Skip.to.Item=[""NA"", ""NA""]"
"DEMO","WTMREP33","WTMREP33","MEC Exam Weight Jack Knife Replicate 33","MEC Exam Weight Jack Knife Replicate 33","Both males and females 0 YEARS - 150 YEARS","Code.or.Value=[""0 to 259603.33498"", "".""]; Value.Description=[""Range of Values"", ""Missing""]; Count=[""9965"", ""0""]; Cumulative=[""9965"", ""9965""]; Skip.to.Item=[""NA"", ""NA""]"
"DEMO","WTMREP34","WTMREP34","MEC Exam Weight Jack Knife Replicate 34","MEC Exam Weight Jack Knife Replicate 34","Both males and females 0 YEARS - 150 YEARS","Code.or.Value=[""0 to 261548.40488"", "".""]; Value.Description=[""Range of Values"", ""Missing""]; Count=[""9965"", ""0""]; Cumulative=[""9965"", ""9965""]; Skip.to.Item=[""NA"", ""NA""]"
"DEMO","WTMREP35","WTMREP35","MEC Exam Weight Jack Knife Replicate 35","MEC Exam Weight Jack Knife Replicate 35","Both males and females 0 YEARS - 150 YEARS","Code.or.Value=[""0 to 253436.57188"", "".""]; Value.Description=[""Range of Values"", ""Missing""]; Count=[""9965"", ""0""]; Cumulative=[""9965"", ""9965""]; Skip.to.Item=[""NA"", ""NA""]"
"DEMO","WTMREP36","WTMREP36","MEC Exam Weight Jack Knife Replicate 36","MEC Exam Weight Jack Knife Replicate 36","Both males and females 0 YEARS - 150 YEARS","Code.or.Value=[""0 to 261427.09527"", "".""]; Value.Description=[""Range of Values"", ""Missing""]; Count=[""9965"", ""0""]; Cumulative=[""9965"", ""9965""]; Skip.to.Item=[""NA"", ""NA""]"
"DEMO","WTMREP37","WTMREP37","MEC Exam Weight Jack Knife Replicate 37","MEC Exam Weight Jack Knife Replicate 37","Both males and females 0 YEARS - 150 YEARS","Code.or.Value=[""0 to 262556.46962"", "".""]; Value.Description=[""Range of Values"", ""Missing""]; Count=[""9965"", ""0""]; Cumulative=[""9965"", ""9965""]; Skip.to.Item=[""NA"", ""NA""]"
"DEMO","WTMREP38","WTMREP38","MEC Exam Weight Jack Knife Replicate 38","MEC Exam Weight Jack Knife Replicate 38","Both males and females 0 YEARS - 150 YEARS","Code.or.Value=[""0 to 265965.07558"", "".""]; Value.Description=[""Range of Values"", ""Missing""]; Count=[""9965"", ""0""]; Cumulative=[""9965"", ""9965""]; Skip.to.Item=[""NA"", ""NA""]"
"DEMO","WTMREP39","WTMREP39","MEC Exam Weight Jack Knife Replicate 39","MEC Exam Weight Jack Knife Replicate 39","Both males and females 0 YEARS - 150 YEARS","Code.or.Value=[""0 to 263382.4133"", "".""]; Value.Description=[""Range of Values"", ""Missing""]; Count=[""9965"", ""0""]; Cumulative=[""9965"", ""9965""]; Skip.to.Item=[""NA"", ""NA""]"
"DEMO","WTMREP40","WTMREP40","MEC Exam Weight Jack Knife Replicate 40","MEC Exam Weight Jack Knife Replicate 40","Both males and females 0 YEARS - 150 YEARS","Code.or.Value=[""0 to 262655.33471"", "".""]; Value.Description=[""Range of Values"", ""Missing""]; Count=[""9965"", ""0""]; Cumulative=[""9965"", ""9965""]; Skip.to.Item=[""NA"", ""NA""]"
"DEMO","WTMREP41","WTMREP41","MEC Exam Weight Jack Knife Replicate 41","MEC Exam Weight Jack Knife Replicate 41","Both males and females 0 YEARS - 150 YEARS","Code.or.Value=[""0 to 263442.38982"", "".""]; Value.Description=[""Range of Values"", ""Missing""]; Count=[""9965"", ""0""]; Cumulative=[""9965"", ""9965""]; Skip.to.Item=[""NA"", ""NA""]"
"DEMO","WTMREP42","WTMREP42","MEC Exam Weight Jack Knife Replicate 42","MEC Exam Weight Jack Knife Replicate 42","Both males and females 0 YEARS - 150 YEARS","Code.or.Value=[""0 to 263487.73528"", "".""]; Value.Description=[""Range of Values"", ""Missing""]; Count=[""9965"", ""0""]; Cumulative=[""9965"", ""9965""]; Skip.to.Item=[""NA"", ""NA""]"
"DEMO","WTMREP43","WTMREP43","MEC Exam Weight Jack Knife Replicate 43","MEC Exam Weight Jack Knife Replicate 43","Both males and females 0 YEARS - 150 YEARS","Code.or.Value=[""0 to 263992.07035"", "".""]; Value.Description=[""Range of Values"", ""Missing""]; Count=[""9965"", ""0""]; Cumulative=[""9965"", ""9965""]; Skip.to.Item=[""NA"", ""NA""]"
"DEMO","WTMREP44","WTMREP44","MEC Exam Weight Jack Knife Replicate 44","MEC Exam Weight Jack Knife Replicate 44","Both males and females 0 YEARS - 150 YEARS","Code.or.Value=[""0 to 262043.77211"", "".""]; Value.Description=[""Range of Values"", ""Missing""]; Count=[""9965"", ""0""]; Cumulative=[""9965"", ""9965""]; Skip.to.Item=[""NA"", ""NA""]"
"DEMO","WTMREP45","WTMREP45","MEC Exam Weight Jack Knife Replicate 45","MEC Exam Weight Jack Knife Replicate 45","Both males and females 0 YEARS - 150 YEARS","Code.or.Value=[""0 to 257748.99083"", "".""]; Value.Description=[""Range of Values"", ""Missing""]; Count=[""9965"", ""0""]; Cumulative=[""9965"", ""9965""]; Skip.to.Item=[""NA"", ""NA""]"
"DEMO","WTMREP46","WTMREP46","MEC Exam Weight Jack Knife Replicate 46","MEC Exam Weight Jack Knife Replicate 46","Both males and females 0 YEARS - 150 YEARS","Code.or.Value=[""0 to 266060.30544"", "".""]; Value.Description=[""Range of Values"", ""Missing""]; Count=[""9965"", ""0""]; Cumulative=[""9965"", ""9965""]; Skip.to.Item=[""NA"", ""NA""]"
"DEMO","WTMREP47","WTMREP47","MEC Exam Weight Jack Knife Replicate 47","MEC Exam Weight Jack Knife Replicate 47","Both males and females 0 YEARS - 150 YEARS","Code.or.Value=[""0 to 252840.3993"", "".""]; Value.Description=[""Range of Values"", ""Missing""]; Count=[""9965"", ""0""]; Cumulative=[""9965"", ""9965""]; Skip.to.Item=[""NA"", ""NA""]"
"DEMO","WTMREP48","WTMREP48","MEC Exam Weight Jack Knife Replicate 48","MEC Exam Weight Jack Knife Replicate 48","Both males and females 0 YEARS - 150 YEARS","Code.or.Value=[""0 to 261674.57726"", "".""]; Value.Description=[""Range of Values"", ""Missing""]; Count=[""9965"", ""0""]; Cumulative=[""9965"", ""9965""]; Skip.to.Item=[""NA"", ""NA""]"
"DEMO","WTMREP49","WTMREP49","MEC Exam Weight Jack Knife Replicate 49","MEC Exam Weight Jack Knife Replicate 49","Both males and females 0 YEARS - 150 YEARS","Code.or.Value=[""0 to 261134.18335"", "".""]; Value.Description=[""Range of Values"", ""Missing""]; Count=[""9965"", ""0""]; Cumulative=[""9965"", ""9965""]; Skip.to.Item=[""NA"", ""NA""]"
"DEMO","WTMREP50","WTMREP50","MEC Exam Weight Jack Knife Replicate 50","MEC Exam Weight Jack Knife Replicate 50","Both males and females 0 YEARS - 150 YEARS","Code.or.Value=[""0 to 261980.54185"", "".""]; Value.Description=[""Range of Values"", ""Missing""]; Count=[""9965"", ""0""]; Cumulative=[""9965"", ""9965""]; Skip.to.Item=[""NA"", ""NA""]"
"DEMO","WTMREP51","WTMREP51","MEC Exam Weight Jack Knife Replicate 51","MEC Exam Weight Jack Knife Replicate 51","Both males and females 0 YEARS - 150 YEARS","Code.or.Value=[""0 to 259613.17584"", "".""]; Value.Description=[""Range of Values"", ""Missing""]; Count=[""9965"", ""0""]; Cumulative=[""9965"", ""9965""]; Skip.to.Item=[""NA"", ""NA""]"
"DEMO","WTMREP52","WTMREP52","MEC Exam Weight Jack Knife Replicate 52","MEC Exam Weight Jack Knife Replicate 52","Both males and females 0 YEARS - 150 YEARS","Code.or.Value=[""0 to 260463.01834"", "".""]; Value.Description=[""Range of Values"", ""Missing""]; Count=[""9965"", ""0""]; Cumulative=[""9965"", ""9965""]; Skip.to.Item=[""NA"", ""NA""]"
"DEMO","WTIREP01","WTIREP01","Interview Weight Jack Knife Replicate 01","Interview Weight Jack Knife Replicate 01","Both males and females 0 YEARS - 150 YEARS","Code.or.Value=[""0 to 238420.85936"", "".""]; Value.Description=[""Range of Values"", ""Missing""]; Count=[""9965"", ""0""]; Cumulative=[""9965"", ""9965""]; Skip.to.Item=[""NA"", ""NA""]"
"DEMO","WTIREP02","WTIREP02","Interview Weight Jack Knife Replicate 02","Interview Weight Jack Knife Replicate 02","Both males and females 0 YEARS - 150 YEARS","Code.or.Value=[""0 to 237013.9879"", "".""]; Value.Description=[""Range of Values"", ""Missing""]; Count=[""9965"", ""0""]; Cumulative=[""9965"", ""9965""]; Skip.to.Item=[""NA"", ""NA""]"
"DEMO","WTIREP03","WTIREP03","Interview Weight Jack Knife Replicate 03","Interview Weight Jack Knife Replicate 03","Both males and females 0 YEARS - 150 YEARS","Code.or.Value=[""0 to 236865.01184"", "".""]; Value.Description=[""Range of Values"", ""Missing""]; Count=[""9965"", ""0""]; Cumulative=[""9965"", ""9965""]; Skip.to.Item=[""NA"", ""NA""]"
"DEMO","WTIREP04","WTIREP04","Interview Weight Jack Knife Replicate 04","Interview Weight Jack Knife Replicate 04","Both males and females 0 YEARS - 150 YEARS","Code.or.Value=[""0 to 237416.49771"", "".""]; Value.Description=[""Range of Values"", ""Missing""]; Count=[""9965"", ""0""]; Cumulative=[""9965"", ""9965""]; Skip.to.Item=[""NA"", ""NA""]"
"DEMO","WTIREP05","WTIREP05","Interview Weight Jack Knife Replicate 05","Interview Weight Jack Knife Replicate 05","Both males and females 0 YEARS - 150 YEARS","Code.or.Value=[""0 to 237747.75605"", "".""]; Value.Description=[""Range of Values"", ""Missing""]; Count=[""9965"", ""0""]; Cumulative=[""9965"", ""9965""]; Skip.to.Item=[""NA"", ""NA""]"
"DEMO","WTIREP06","WTIREP06","Interview Weight Jack Knife Replicate 06","Interview Weight Jack Knife Replicate 06","Both males and females 0 YEARS - 150 YEARS","Code.or.Value=[""0 to 238188.48458"", "".""]; Value.Description=[""Range of Values"", ""Missing""]; Count=[""9965"", ""0""]; Cumulative=[""9965"", ""9965""]; Skip.to.Item=[""NA"", ""NA""]"
"DEMO","WTIREP07","WTIREP07","Interview Weight Jack Knife Replicate 07","Interview Weight Jack Knife Replicate 07","Both males and females 0 YEARS - 150 YEARS","Code.or.Value=[""0 to 235374.89521"", "".""]; Value.Description=[""Range of Values"", ""Missing""]; Count=[""9965"", ""0""]; Cumulative=[""9965"", ""9965""]; Skip.to.Item=[""NA"", ""NA""]"
"DEMO","WTIREP08","WTIREP08","Interview Weight Jack Knife Replicate 08","Interview Weight Jack Knife Replicate 08","Both males and females 0 YEARS - 150 YEARS","Code.or.Value=[""0 to 237535.86045"", "".""]; Value.Description=[""Range of Values"", ""Missing""]; Count=[""9965"", ""0""]; Cumulative=[""9965"", ""9965""]; Skip.to.Item=[""NA"", ""NA""]"
"DEMO","WTIREP09","WTIREP09","Interview Weight Jack Knife Replicate 09","Interview Weight Jack Knife Replicate 09","Both males and females 0 YEARS - 150 YEARS","Code.or.Value=[""0 to 238836.16707"", "".""]; Value.Description=[""Range of Values"", ""Missing""]; Count=[""9965"", ""0""]; Cumulative=[""9965"", ""9965""]; Skip.to.Item=[""NA"", ""NA""]"
"DEMO","WTIREP10","WTIREP10","Interview Weight Jack Knife Replicate 10","Interview Weight Jack Knife Replicate 10","Both males and females 0 YEARS - 150 YEARS","Code.or.Value=[""0 to 240731.79741"", "".""]; Value.Description=[""Range of Values"", ""Missing""]; Count=[""9965"", ""0""]; Cumulative=[""9965"", ""9965""]; Skip.to.Item=[""NA"", ""NA""]"
"DEMO","WTIREP11","WTIREP11","Interview Weight Jack Knife Replicate 11","Interview Weight Jack Knife Replicate 11","Both males and females 0 YEARS - 150 YEARS","Code.or.Value=[""0 to 240439.93322"", "".""]; Value.Description=[""Range of Values"", ""Missing""]; Count=[""9965"", ""0""]; Cumulative=[""9965"", ""9965""]; Skip.to.Item=[""NA"", ""NA""]"
"DEMO","WTIREP12","WTIREP12","Interview Weight Jack Knife Replicate 12","Interview Weight Jack Knife Replicate 12","Both males and females 0 YEARS - 150 YEARS","Code.or.Value=[""0 to 237833.53131"", "".""]; Value.Description=[""Range of Values"", ""Missing""]; Count=[""9965"", ""0""]; Cumulative=[""9965"", ""9965""]; Skip.to.Item=[""NA"", ""NA""]"
"DEMO","WTIREP13","WTIREP13","Interview Weight Jack Knife Replicate 13","Interview Weight Jack Knife Replicate 13","Both males and females 0 YEARS - 150 YEARS","Code.or.Value=[""0 to 236237.26884"", "".""]; Value.Description=[""Range of Values"", ""Missing""]; Count=[""9965"", ""0""]; Cumulative=[""9965"", ""9965""]; Skip.to.Item=[""NA"", ""NA""]"
"DEMO","WTIREP14","WTIREP14","Interview Weight Jack Knife Replicate 14","Interview Weight Jack Knife Replicate 14","Both males and females 0 YEARS - 150 YEARS","Code.or.Value=[""0 to 242715.02986"", "".""]; Value.Description=[""Range of Values"", ""Missing""]; Count=[""9965"", ""0""]; Cumulative=[""9965"", ""9965""]; Skip.to.Item=[""NA"", ""NA""]"
"DEMO","WTIREP15","WTIREP15","Interview Weight Jack Knife Replicate 15","Interview Weight Jack Knife Replicate 15","Both males and females 0 YEARS - 150 YEARS","Code.or.Value=[""0 to 241151.11465"", "".""]; Value.Description=[""Range of Values"", ""Missing""]; Count=[""9965"", ""0""]; Cumulative=[""9965"", ""9965""]; Skip.to.Item=[""NA"", ""NA""]"
"DEMO","WTIREP16","WTIREP16","Interview Weight Jack Knife Replicate 16","Interview Weight Jack Knife Replicate 16","Both males and females 0 YEARS - 150 YEARS","Code.or.Value=[""0 to 241051.95876"", "".""]; Value.Description=[""Range of Values"", ""Missing""]; Count=[""9965"", ""0""]; Cumulative=[""9965"", ""9965""]; Skip.to.Item=[""NA"", ""NA""]"
"DEMO","WTIREP17","WTIREP17","Interview Weight Jack Knife Replicate 17","Interview Weight Jack Knife Replicate 17","Both males and females 0 YEARS - 150 YEARS","Code.or.Value=[""0 to 237292.10154"", "".""]; Value.Description=[""Range of Values"", ""Missing""]; Count=[""9965"", ""0""]; Cumulative=[""9965"", ""9965""]; Skip.to.Item=[""NA"", ""NA""]"
"DEMO","WTIREP18","WTIREP18","Interview Weight Jack Knife Replicate 18","Interview Weight Jack Knife Replicate 18","Both males and females 0 YEARS - 150 YEARS","Code.or.Value=[""0 to 237121.73258"", "".""]; Value.Description=[""Range of Values"", ""Missing""]; Count=[""9965"", ""0""]; Cumulative=[""9965"", ""9965""]; Skip.to.Item=[""NA"", ""NA""]"
"DEMO","WTIREP19","WTIREP19","Interview Weight Jack Knife Replicate 19","Interview Weight Jack Knife Replicate 19","Both males and females 0 YEARS - 150 YEARS","Code.or.Value=[""0 to 240662.67747"", "".""]; Value.Description=[""Range of Values"", ""Missing""]; Count=[""9965"", ""0""]; Cumulative=[""9965"", ""9965""]; Skip.to.Item=[""NA"", ""NA""]"
"DEMO","WTIREP20","WTIREP20","Interview Weight Jack Knife Replicate 20","Interview Weight Jack Knife Replicate 20","Both males and females 0 YEARS - 150 YEARS","Code.or.Value=[""0 to 237367.40897"", "".""]; Value.Description=[""Range of Values"", ""Missing""]; Count=[""9965"", ""0""]; Cumulative=[""9965"", ""9965""]; Skip.to.Item=[""NA"", ""NA""]"
"DEMO","WTIREP21","WTIREP21","Interview Weight Jack Knife Replicate 21","Interview Weight Jack Knife Replicate 21","Both males and females 0 YEARS - 150 YEARS","Code.or.Value=[""0 to 238551.11865"", "".""]; Value.Description=[""Range of Values"", ""Missing""]; Count=[""9965"", ""0""]; Cumulative=[""9965"", ""9965""]; Skip.to.Item=[""NA"", ""NA""]"
"DEMO","WTIREP22","WTIREP22","Interview Weight Jack Knife Replicate 22","Interview Weight Jack Knife Replicate 22","Both males and females 0 YEARS - 150 YEARS","Code.or.Value=[""0 to 236978.52835"", "".""]; Value.Description=[""Range of Values"", ""Missing""]; Count=[""9965"", ""0""]; Cumulative=[""9965"", ""9965""]; Skip.to.Item=[""NA"", ""NA""]"
"DEMO","WTIREP23","WTIREP23","Interview Weight Jack Knife Replicate 23","Interview Weight Jack Knife Replicate 23","Both males and females 0 YEARS - 150 YEARS","Code.or.Value=[""0 to 237791.3281"", "".""]; Value.Description=[""Range of Values"", ""Missing""]; Count=[""9965"", ""0""]; Cumulative=[""9965"", ""9965""]; Skip.to.Item=[""NA"", ""NA""]"
"DEMO","WTIREP24","WTIREP24","Interview Weight Jack Knife Replicate 24","Interview Weight Jack Knife Replicate 24","Both males and females 0 YEARS - 150 YEARS","Code.or.Value=[""0 to 238519.14532"", "".""]; Value.Description=[""Range of Values"", ""Missing""]; Count=[""9965"", ""0""]; Cumulative=[""9965"", ""9965""]; Skip.to.Item=[""NA"", ""NA""]"
"DEMO","WTIREP25","WTIREP25","Interview Weight Jack Knife Replicate 25","Interview Weight Jack Knife Replicate 25","Both males and females 0 YEARS - 150 YEARS","Code.or.Value=[""0 to 236876.34057"", "".""]; Value.Description=[""Range of Values"", ""Missing""]; Count=[""9965"", ""0""]; Cumulative=[""9965"", ""9965""]; Skip.to.Item=[""NA"", ""NA""]"
"DEMO","WTIREP26","WTIREP26","Interview Weight Jack Knife Replicate 26","Interview Weight Jack Knife Replicate 26","Both males and females 0 YEARS - 150 YEARS","Code.or.Value=[""0 to 237924.50944"", "".""]; Value.Description=[""Range of Values"", ""Missing""]; Count=[""9965"", ""0""]; Cumulative=[""9965"", ""9965""]; Skip.to.Item=[""NA"", ""NA""]"
"DEMO","WTIREP27","WTIREP27","Interview Weight Jack Knife Replicate 27","Interview Weight Jack Knife Replicate 27","Both males and females 0 YEARS - 150 YEARS","Code.or.Value=[""0 to 238878.16902"", "".""]; Value.Description=[""Range of Values"", ""Missing""]; Count=[""9965"", ""0""]; Cumulative=[""9965"", ""9965""]; Skip.to.Item=[""NA"", ""NA""]"
"DEMO","WTIREP28","WTIREP28","Interview Weight Jack Knife Replicate 28","Interview Weight Jack Knife Replicate 28","Both males and females 0 YEARS - 150 YEARS","Code.or.Value=[""0 to 241459.37563"", "".""]; Value.Description=[""Range of Values"", ""Missing""]; Count=[""9965"", ""0""]; Cumulative=[""9965"", ""9965""]; Skip.to.Item=[""NA"", ""NA""]"
"DEMO","WTIREP29","WTIREP29","Interview Weight Jack Knife Replicate 29","Interview Weight Jack Knife Replicate 29","Both males and females 0 YEARS - 150 YEARS","Code.or.Value=[""0 to 237716.20458"", "".""]; Value.Description=[""Range of Values"", ""Missing""]; Count=[""9965"", ""0""]; Cumulative=[""9965"", ""9965""]; Skip.to.Item=[""NA"", ""NA""]"
"DEMO","WTIREP30","WTIREP30","Interview Weight Jack Knife Replicate 30","Interview Weight Jack Knife Replicate 30","Both males and females 0 YEARS - 150 YEARS","Code.or.Value=[""0 to 238268.46066"", "".""]; Value.Description=[""Range of Values"", ""Missing""]; Count=[""9965"", ""0""]; Cumulative=[""9965"", ""9965""]; Skip.to.Item=[""NA"", ""NA""]"
"DEMO","WTIREP31","WTIREP31","Interview Weight Jack Knife Replicate 31","Interview Weight Jack Knife Replicate 31","Both males and females 0 YEARS - 150 YEARS","Code.or.Value=[""0 to 238064.69158"", "".""]; Value.Description=[""Range of Values"", ""Missing""]; Count=[""9965"", ""0""]; Cumulative=[""9965"", ""9965""]; Skip.to.Item=[""NA"", ""NA""]"
"DEMO","WTIREP32","WTIREP32","Interview Weight Jack Knife Replicate 32","Interview Weight Jack Knife Replicate 32","Both males and females 0 YEARS - 150 YEARS","Code.or.Value=[""0 to 232851.32047"", "".""]; Value.Description=[""Range of Values"", ""Missing""]; Count=[""9965"", ""0""]; Cumulative=[""9965"", ""9965""]; Skip.to.Item=[""NA"", ""NA""]"
"DEMO","WTIREP33","WTIREP33","Interview Weight Jack Knife Replicate 33","Interview Weight Jack Knife Replicate 33","Both males and females 0 YEARS - 150 YEARS","Code.or.Value=[""0 to 237122.57994"", "".""]; Value.Description=[""Range of Values"", ""Missing""]; Count=[""9965"", ""0""]; Cumulative=[""9965"", ""9965""]; Skip.to.Item=[""NA"", ""NA""]"
"DEMO","WTIREP34","WTIREP34","Interview Weight Jack Knife Replicate 34","Interview Weight Jack Knife Replicate 34","Both males and females 0 YEARS - 150 YEARS","Code.or.Value=[""0 to 237636.68862"", "".""]; Value.Description=[""Range of Values"", ""Missing""]; Count=[""9965"", ""0""]; Cumulative=[""9965"", ""9965""]; Skip.to.Item=[""NA"", ""NA""]"
"DEMO","WTIREP35","WTIREP35","Interview Weight Jack Knife Replicate 35","Interview Weight Jack Knife Replicate 35","Both males and females 0 YEARS - 150 YEARS","Code.or.Value=[""0 to 232641.61455"", "".""]; Value.Description=[""Range of Values"", ""Missing""]; Count=[""9965"", ""0""]; Cumulative=[""9965"", ""9965""]; Skip.to.Item=[""NA"", ""NA""]"
"DEMO","WTIREP36","WTIREP36","Interview Weight Jack Knife Replicate 36","Interview Weight Jack Knife Replicate 36","Both males and females 0 YEARS - 150 YEARS","Code.or.Value=[""0 to 238207.79281"", "".""]; Value.Description=[""Range of Values"", ""Missing""]; Count=[""9965"", ""0""]; Cumulative=[""9965"", ""9965""]; Skip.to.Item=[""NA"", ""NA""]"
"DEMO","WTIREP37","WTIREP37","Interview Weight Jack Knife Replicate 37","Interview Weight Jack Knife Replicate 37","Both males and females 0 YEARS - 150 YEARS","Code.or.Value=[""0 to 237794.97698"", "".""]; Value.Description=[""Range of Values"", ""Missing""]; Count=[""9965"", ""0""]; Cumulative=[""9965"", ""9965""]; Skip.to.Item=[""NA"", ""NA""]"
"DEMO","WTIREP38","WTIREP38","Interview Weight Jack Knife Replicate 38","Interview Weight Jack Knife Replicate 38","Both males and females 0 YEARS - 150 YEARS","Code.or.Value=[""0 to 241173.68942"", "".""]; Value.Description=[""Range of Values"", ""Missing""]; Count=[""9965"", ""0""]; Cumulative=[""9965"", ""9965""]; Skip.to.Item=[""NA"", ""NA""]"
"DEMO","WTIREP39","WTIREP39","Interview Weight Jack Knife Replicate 39","Interview Weight Jack Knife Replicate 39","Both males and females 0 YEARS - 150 YEARS","Code.or.Value=[""0 to 239060.10369"", "".""]; Value.Description=[""Range of Values"", ""Missing""]; Count=[""9965"", ""0""]; Cumulative=[""9965"", ""9965""]; Skip.to.Item=[""NA"", ""NA""]"
"DEMO","WTIREP40","WTIREP40","Interview Weight Jack Knife Replicate 40","Interview Weight Jack Knife Replicate 40","Both males and females 0 YEARS - 150 YEARS","Code.or.Value=[""0 to 237986.39808"", "".""]; Value.Description=[""Range of Values"", ""Missing""]; Count=[""9965"", ""0""]; Cumulative=[""9965"", ""9965""]; Skip.to.Item=[""NA"", ""NA""]"
"DEMO","WTIREP41","WTIREP41","Interview Weight Jack Knife Replicate 41","Interview Weight Jack Knife Replicate 41","Both males and females 0 YEARS - 150 YEARS","Code.or.Value=[""0 to 239760.23487"", "".""]; Value.Description=[""Range of Values"", ""Missing""]; Count=[""9965"", ""0""]; Cumulative=[""9965"", ""9965""]; Skip.to.Item=[""NA"", ""NA""]"
"DEMO","WTIREP42","WTIREP42","Interview Weight Jack Knife Replicate 42","Interview Weight Jack Knife Replicate 42","Both males and females 0 YEARS - 150 YEARS","Code.or.Value=[""0 to 239610.85071"", "".""]; Value.Description=[""Range of Values"", ""Missing""]; Count=[""9965"", ""0""]; Cumulative=[""9965"", ""9965""]; Skip.to.Item=[""NA"", ""NA""]"
"DEMO","WTIREP43","WTIREP43","Interview Weight Jack Knife Replicate 43","Interview Weight Jack Knife Replicate 43","Both males and females 0 YEARS - 150 YEARS","Code.or.Value=[""0 to 239320.707"", "".""]; Value.Description=[""Range of Values"", ""Missing""]; Count=[""9965"", ""0""]; Cumulative=[""9965"", ""9965""]; Skip.to.Item=[""NA"", ""NA""]"
"DEMO","WTIREP44","WTIREP44","Interview Weight Jack Knife Replicate 44","Interview Weight Jack Knife Replicate 44","Both males and females 0 YEARS - 150 YEARS","Code.or.Value=[""0 to 237571.75151"", "".""]; Value.Description=[""Range of Values"", ""Missing""]; Count=[""9965"", ""0""]; Cumulative=[""9965"", ""9965""]; Skip.to.Item=[""NA"", ""NA""]"
"DEMO","WTIREP45","WTIREP45","Interview Weight Jack Knife Replicate 45","Interview Weight Jack Knife Replicate 45","Both males and females 0 YEARS - 150 YEARS","Code.or.Value=[""0 to 235750.38147"", "".""]; Value.Description=[""Range of Values"", ""Missing""]; Count=[""9965"", ""0""]; Cumulative=[""9965"", ""9965""]; Skip.to.Item=[""NA"", ""NA""]"
"DEMO","WTIREP46","WTIREP46","Interview Weight Jack Knife Replicate 46","Interview Weight Jack Knife Replicate 46","Both males and females 0 YEARS - 150 YEARS","Code.or.Value=[""0 to 241834.3272"", "".""]; Value.Description=[""Range of Values"", ""Missing""]; Count=[""9965"", ""0""]; Cumulative=[""9965"", ""9965""]; Skip.to.Item=[""NA"", ""NA""]"
"DEMO","WTIREP47","WTIREP47","Interview Weight Jack Knife Replicate 47","Interview Weight Jack Knife Replicate 47","Both males and females 0 YEARS - 150 YEARS","Code.or.Value=[""0 to 232738.99202"", "".""]; Value.Description=[""Range of Values"", ""Missing""]; Count=[""9965"", ""0""]; Cumulative=[""9965"", ""9965""]; Skip.to.Item=[""NA"", ""NA""]"
"DEMO","WTIREP48","WTIREP48","Interview Weight Jack Knife Replicate 48","Interview Weight Jack Knife Replicate 48","Both males and females 0 YEARS - 150 YEARS","Code.or.Value=[""0 to 237147.54679"", "".""]; Value.Description=[""Range of Values"", ""Missing""]; Count=[""9965"", ""0""]; Cumulative=[""9965"", ""9965""]; Skip.to.Item=[""NA"", ""NA""]"
"DEMO","WTIREP49","WTIREP49","Interview Weight Jack Knife Replicate 49","Interview Weight Jack Knife Replicate 49","Both males and females 0 YEARS - 150 YEARS","Code.or.Value=[""0 to 237076.10369"", "".""]; Value.Description=[""Range of Values"", ""Missing""]; Count=[""9965"", ""0""]; Cumulative=[""9965"", ""9965""]; Skip.to.Item=[""NA"", ""NA""]"
"DEMO","WTIREP50","WTIREP50","Interview Weight Jack Knife Replicate 50","Interview Weight Jack Knife Replicate 50","Both males and females 0 YEARS - 150 YEARS","Code.or.Value=[""0 to 238360.24085"", "".""]; Value.Description=[""Range of Values"", ""Missing""]; Count=[""9965"", ""0""]; Cumulative=[""9965"", ""9965""]; Skip.to.Item=[""NA"", ""NA""]"
"DEMO","WTIREP51","WTIREP51","Interview Weight Jack Knife Replicate 51","Interview Weight Jack Knife Replicate 51","Both males and females 0 YEARS - 150 YEARS","Code.or.Value=[""0 to 236648.97986"", "".""]; Value.Description=[""Range of Values"", ""Missing""]; Count=[""9965"", ""0""]; Cumulative=[""9965"", ""9965""]; Skip.to.Item=[""NA"", ""NA""]"
"DEMO","WTIREP52","WTIREP52","Interview Weight Jack Knife Replicate 52","Interview Weight Jack Knife Replicate 52","Both males and females 0 YEARS - 150 YEARS","Code.or.Value=[""0 to 236964.16066"", "".""]; Value.Description=[""Range of Values"", ""Missing""]; Count=[""9965"", ""0""]; Cumulative=[""9965"", ""9965""]; Skip.to.Item=[""NA"", ""NA""]"
"DEMO_B","SEQN","SEQN","Respondent sequence number","Respondent sequence number.","Both males and females 0 YEARS - 150 YEARS",NA
"DEMO_B","SDDSRVYR","SDDSRVYR","Data Release Number","Data Release Number.","Both males and females 0 YEARS - 150 YEARS","Code.or.Value=[""2"", "".""]; Value.Description=[""NHANES 2001-2002 Public Release"", ""Missing""]; Count=[""11039"", ""0""]; Cumulative=[""11039"", ""11039""]; Skip.to.Item=[""NA"", ""NA""]"
"DEMO_B","RIDSTATR","RIDSTATR","Interview/Examination Status","Interview and Examination Status of the Sample Person.","Both males and females 0 YEARS - 150 YEARS","Code.or.Value=[""1"", ""2"", "".""]; Value.Description=[""Interviewed Only"", ""Both Interviewed and MEC examined"", ""Missing""]; Count=[""562"", ""10477"", ""0""]; Cumulative=[""562"", ""11039"", ""11039""]; Skip.to.Item=[""NA"", ""NA"", ""NA""]"
"DEMO_B","RIDEXMON","RIDEXMON","Six month time period","Six month time period when the examination was performed - two categories: November 1 through April 30 May 1 through October 31.","Both males and females 0 YEARS - 150 YEARS","Code.or.Value=[""1"", ""2"", "".""]; Value.Description=[""November 1 through April 30"", ""May 1 through October 31"", ""Missing""]; Count=[""5168"", ""5309"", ""562""]; Cumulative=[""5168"", ""10477"", ""11039""]; Skip.to.Item=[""NA"", ""NA"", ""NA""]"
"DEMO_B","RIAGENDR","RIAGENDR","Gender","Gender of the sample person","Both males and females 0 YEARS - 150 YEARS","Code.or.Value=[""1"", ""2"", "".""]; Value.Description=[""Male"", ""Female"", ""Missing""]; Count=[""5331"", ""5708"", ""0""]; Cumulative=[""5331"", ""11039"", ""11039""]; Skip.to.Item=[""NA"", ""NA"", ""NA""]"
"DEMO_B","RIDAGEYR","RIDAGEYR","Age at Screening Adjudicated - Recode","Best age in years of the sample person at time of HH screening. Individuals 85 and over are topcoded at 85 years of age.","Both males and females 0 YEARS - 150 YEARS","Code.or.Value=[""0 to 84"", ""85"", "".""]; Value.Description=[""Range of Values"", "">= 85 years of age"", ""Missing""]; Count=[""10803"", ""236"", ""0""]; Cumulative=[""10803"", ""11039"", ""11039""]; Skip.to.Item=[""NA"", ""NA"", ""NA""]"
"DEMO_B","RIDAGEMN","RIDAGEMN","Age in Months - Recode","Best age in months at date of screening for individuals under 85 years of age.","Both males and females 0 YEARS - 84 YEARS","Code.or.Value=[""0 to 1019"", "".""]; Value.Description=[""Range of Values"", ""Missing""]; Count=[""10803"", ""236""]; Cumulative=[""10803"", ""11039""]; Skip.to.Item=[""NA"", ""NA""]"
"DEMO_B","RIDAGEEX","RIDAGEEX","Exam Age in Months - Recode","Best age in months at date of examination for individuals under 85 years of age at screening.","Both males and females 0 YEARS - 84 YEARS","Code.or.Value=[""0 to 1019"", "".""]; Value.Description=[""Range of Values"", ""Missing""]; Count=[""10304"", ""735""]; Cumulative=[""10304"", ""11039""]; Skip.to.Item=[""NA"", ""NA""]"
"DEMO_B","RIDRETH1","RIDRETH1","Race/Ethnicity - Recode","Recode of reported race and ethnicity information.","Both males and females 0 YEARS - 150 YEARS","Code.or.Value=[""1"", ""2"", ""3"", ""4"", ""5"", "".""]; Value.Description=[""Mexican American"", ""Other Hispanic"", ""Non-Hispanic White"", ""Non-Hispanic Black"", ""Other Race - Including Multi-Racial"", ""Missing""]; Count=[""2776"", ""517"", ""4606"", ""2681"", ""459"", ""0""]; Cumulative=[""2776"", ""3293"", ""7899"", ""10580"", ""11039"", ""11039""]; Skip.to.Item=[""NA"", ""NA"", ""NA"", ""NA"", ""NA"", ""NA""]"
"DEMO_B","RIDRETH2","RIDRETH2","Linked NH3 Race/Ethnicity - Recode","Linked NH3 Race and Ethnicity Recode.","Both males and females 0 YEARS - 150 YEARS","Code.or.Value=[""1"", ""2"", ""3"", ""4"", ""5"", "".""]; Value.Description=[""Non-Hispanic White"", ""Non-Hispanic Black"", ""Mexican American"", ""Other Race - Including Multi-Racial"", ""Other Hispanic"", ""Missing""]; Count=[""4657"", ""2746"", ""2776"", ""343"", ""517"", ""0""]; Cumulative=[""4657"", ""7403"", ""10179"", ""10522"", ""11039"", ""11039""]; Skip.to.Item=[""NA"", ""NA"", ""NA"", ""NA"", ""NA"", ""NA""]"
"DEMO_B","DMQMILIT","DMQMILIT","Veteran/Military Status","Did {you/SP} ever serve in the Armed Forces of the United States?","Both males and females 17 YEARS - 150 YEARS","Code.or.Value=[""1"", ""2"", ""7"", ""9"", "".""]; Value.Description=[""Yes"", ""No"", ""Refused"", ""Don't know"", ""Missing""]; Count=[""838"", ""5480"", ""4"", ""1"", ""4716""]; Cumulative=[""838"", ""6318"", ""6322"", ""6323"", ""11039""]; Skip.to.Item=[""NA"", ""NA"", ""NA"", ""NA"", ""NA""]"
"DEMO_B","DMDBORN","DMDBORN","Country of Birth - Recode","In what country {were you/was SP} born?","Both males and females 0 YEARS - 150 YEARS","Code.or.Value=[""1"", ""2"", ""3"", ""7"", ""9"", "".""]; Value.Description=[""Born in 50 US States or Washington, DC"", ""Born in Mexico"", ""Born Elsewhere"", ""Refused"", ""Don't know"", ""Missing""]; Count=[""9408"", ""993"", ""629"", ""4"", ""0"", ""5""]; Cumulative=[""9408"", ""10401"", ""11030"", ""11034"", ""11034"", ""11039""]; Skip.to.Item=[""NA"", ""NA"", ""NA"", ""NA"", ""NA"", ""NA""]"
"DEMO_B","DMDCITZN","DMDCITZN","Citizenship Status","{Are you/Is SP} a citizen of the United States? [Information about citizenship is being collected by the U.S. Public Health Service to perform health related research. Providing this information is voluntary and is collected under the authority of the Public Health Service Act. There will be no effect on pending immigration or citizenship petitions.]","Both males and females 0 YEARS - 150 YEARS","Code.or.Value=[""1"", ""2"", ""7"", ""9"", "".""]; Value.Description=[""Citizen by birth or naturalization"", ""Not a citizen of the US"", ""Refused"", ""Don't know"", ""Missing""]; Count=[""9896"", ""1128"", ""10"", ""1"", ""4""]; Cumulative=[""9896"", ""11024"", ""11034"", ""11035"", ""11039""]; Skip.to.Item=[""NA"", ""NA"", ""NA"", ""NA"", ""NA""]"
"DEMO_B","DMDYRSUS","DMDYRSUS","Length of time in US","Length of time SP has been in the US.","Both males and females 0 YEARS - 150 YEARS","Code.or.Value=[""1"", ""2"", ""3"", ""4"", ""5"", ""6"", ""7"", ""8"", ""9"", ""77"", ""88"", ""99"", "".""]; Value.Description=[""Less than 1 year"", ""1 yr., less than 5 yrs."", ""5 yrs., less than 10 yrs."", ""10 yrs., less than 15 yrs."", ""15 yrs., less than 20 yrs."", ""20 yrs., less than 30 yrs."", ""30 yrs., less than 40 yrs."", ""40 yrs., less than 50 yrs."", ""50 years or more"", ""Refused"", ""Could not determine"", ""Don't know"", ""Missing""]; Count=[""155"", ""370"", ""273"", ""222"", ""137"", ""219"", ""112"", ""46"", ""60"", ""10"", ""3"", ""12"", ""9420""]; Cumulative=[""155"", ""525"", ""798"", ""1020"", ""1157"", ""1376"", ""1488"", ""1534"", ""1594"", ""1604"", ""1607"", ""1619"", ""11039""]; Skip.to.Item=[""NA"", ""NA"", ""NA"", ""NA"", ""NA"", ""NA"", ""NA"", ""NA"", ""NA"", ""NA"", ""NA"", ""NA"", ""NA""]"
"DEMO_B","DMDEDUC3","DMDEDUC3","Education Level - Children/Youth 6-19","(SP Interview Version) What is the highest grade or level of school {you have/SP has} completed or the highest degree {you have/s/he has} received?","Both males and females 6 YEARS - 19 YEARS","Code.or.Value=[""0"", ""1"", ""2"", ""3"", ""4"", ""5"", ""6"", ""7"", ""8"", ""9"", ""10"", ""11"", ""12"", ""13"", ""14"", ""15"", ""55"", ""66"", ""77"", ""99"", "".""]; Value.Description=[""Never Attended / Kindergarten Only"", ""1st Grade"", ""2nd Grade"", ""3rd Grade"", ""4th Grade"", ""5th Grade"", ""6th Grade"", ""7th Grade"", ""8th Grade"", ""9th Grade"", ""10th Grade"", ""11th Grade"", ""12th Grade, No Diploma"", ""High School Graduate"", ""GED or Equivalent"", ""More than high school"", ""Less Than 5th Grade"", ""Less Than 9th Grade"", ""Refused"", ""Don't know"", ""Missing""]; Count=[""260"", ""224"", ""225"", ""199"", ""194"", ""246"", ""328"", ""297"", ""351"", ""327"", ""324"", ""319"", ""50"", ""191"", ""20"", ""95"", ""6"", ""71"", ""0"", ""2"", ""7310""]; Cumulative=[""260"", ""484"", ""709"", ""908"", ""1102"", ""1348"", ""1676"", ""1973"", ""2324"", ""2651"", ""2975"", ""3294"", ""3344"", ""3535"", ""3555"", ""3650"", ""3656"", ""3727"", ""3727"", ""3729"", ""11039""]; Skip.to.Item=[""NA"", ""NA"", ""NA"", ""NA"", ""NA"", ""NA"", ""NA"", ""NA"", ""NA"", ""NA"", ""NA"", ""NA"", ""NA"", ""NA"", ""NA"", ""NA"", ""NA"", ""NA"", ""NA"", ""NA"", ""NA""]"
"DEMO_B","DMDEDUC2","DMDEDUC2","Education Level - Adults 20+","(SP Interview Version) What is the highest grade or level of school {you have/SP has} completed or the highest degree {you have/s/he has} received?","Both males and females 20 YEARS - 150 YEARS","Code.or.Value=[""1"", ""2"", ""3"", ""4"", ""5"", ""7"", ""9"", "".""]; Value.Description=[""Less Than 9th Grade"", ""9-11th Grade (Includes 12th grade with no diploma)"", ""High School Grad/GED or Equivalent"", ""Some College or AA degree"", ""College Graduate or above"", ""Refused"", ""Don't Know"", ""Missing""]; Count=[""797"", ""870"", ""1265"", ""1379"", ""1079"", ""5"", ""12"", ""5632""]; Cumulative=[""797"", ""1667"", ""2932"", ""4311"", ""5390"", ""5395"", ""5407"", ""11039""]; Skip.to.Item=[""NA"", ""NA"", ""NA"", ""NA"", ""NA"", ""NA"", ""NA"", ""NA""]"
"DEMO_B","DMDEDUC","DMDEDUC","Education - Recode (old version)","(SP Interview Version) What is the highest grade or level of school {you have/SP has} completed or the highest degree {you have/s/he has} received?","Both males and females 6 YEARS - 150 YEARS","Code.or.Value=[""1"", ""2"", ""3"", ""7"", ""9"", "".""]; Value.Description=[""Less Than High School"", ""High School Diploma (including GED)"", ""More Than High School"", ""Refused"", ""Don't know"", ""Missing""]; Count=[""5088"", ""1476"", ""2553"", ""5"", ""14"", ""1903""]; Cumulative=[""5088"", ""6564"", ""9117"", ""9122"", ""9136"", ""11039""]; Skip.to.Item=[""NA"", ""NA"", ""NA"", ""NA"", ""NA"", ""NA""]"
"DEMO_B","DMDSCHOL","DMDSCHOL","Now attending school?","{Are you/Is SP} now . . .","Both males and females 6 YEARS - 19 YEARS","Code.or.Value=[""1"", ""2"", ""3"", ""7"", ""9"", "".""]; Value.Description=[""In school"", ""On vacation from school (between grades)"", ""Neither in school or on vacation from school (between grades)"", ""Refused"", ""Don't know"", ""Missing""]; Count=[""2494"", ""594"", ""375"", ""0"", ""0"", ""7576""]; Cumulative=[""2494"", ""3088"", ""3463"", ""3463"", ""3463"", ""11039""]; Skip.to.Item=[""NA"", ""NA"", ""NA"", ""NA"", ""NA"", ""NA""]"
"DEMO_B","DMDMARTL","DMDMARTL","Marital Status","Marital Status","Both males and females 14 YEARS - 150 YEARS","Code.or.Value=[""1"", ""2"", ""3"", ""4"", ""5"", ""6"", ""77"", ""99"", "".""]; Value.Description=[""Married"", ""Widowed"", ""Divorced"", ""Separated"", ""Never married"", ""Living with partner"", ""Refused"", ""Don't know"", ""Missing""]; Count=[""3088"", ""612"", ""456"", ""170"", ""2597"", ""330"", ""4"", ""0"", ""3782""]; Cumulative=[""3088"", ""3700"", ""4156"", ""4326"", ""6923"", ""7253"", ""7257"", ""7257"", ""11039""]; Skip.to.Item=[""NA"", ""NA"", ""NA"", ""NA"", ""NA"", ""NA"", ""NA"", ""NA"", ""NA""]"
"DEMO_B","DMDHHSIZ","DMDHHSIZ","Total number of people in the Household","Total number of people in the Household","Both males and females 0 YEARS - 150 YEARS","Code.or.Value=[""1 to 6"", ""7"", "".""]; Value.Description=[""Range of Values"", ""7 or more people in the Household"", ""Missing""]; Count=[""9799"", ""1240"", ""0""]; Cumulative=[""9799"", ""11039"", ""11039""]; Skip.to.Item=[""NA"", ""NA"", ""NA""]"
"DEMO_B","INDHHINC","INDHHINC","Annual Household Income","Total household income (reported as a range value in dollars)","Both males and females 0 YEARS - 150 YEARS","Code.or.Value=[""1"", ""2"", ""3"", ""4"", ""5"", ""6"", ""7"", ""8"", ""9"", ""10"", ""11"", ""12"", ""13"", ""77"", ""99"", "".""]; Value.Description=[""$     0 to $ 4,999"", ""$ 5,000 to $ 9,999"", ""$10,000 to $14,999"", ""$15,000 to $19,999"", ""$20,000 to $24,999"", ""$25,000 to $34,999"", ""$35,000 to $44,999"", ""$45,000 to $54,999"", ""$55,000 to $64,999"", ""$65,000 to $74,999"", ""$75,000 and Over"", ""Over $20,000"", ""Under $20,000"", ""Refused"", ""Don't know"", ""Missing""]; Count=[""268"", ""591"", ""854"", ""930"", ""824"", ""1244"", ""1017"", ""921"", ""722"", ""493"", ""2096"", ""11"", ""8"", ""12"", ""22"", ""1026""]; Cumulative=[""268"", ""859"", ""1713"", ""2643"", ""3467"", ""4711"", ""5728"", ""6649"", ""7371"", ""7864"", ""9960"", ""9971"", ""9979"", ""9991"", ""10013"", ""11039""]; Skip.to.Item=[""NA"", ""NA"", ""NA"", ""NA"", ""NA"", ""NA"", ""NA"", ""NA"", ""NA"", ""NA"", ""NA"", ""NA"", ""NA"", ""NA"", ""NA"", ""NA""]"
"DEMO_B","INDFMINC","INDFMINC","Annual Family Income","Total family income (reported as a range value in dollars)","Both males and females 0 YEARS - 150 YEARS","Code.or.Value=[""1"", ""2"", ""3"", ""4"", ""5"", ""6"", ""7"", ""8"", ""9"", ""10"", ""11"", ""12"", ""13"", ""77"", ""99"", "".""]; Value.Description=[""$     0 to $ 4,999"", ""$ 5,000 to $ 9,999"", ""$10,000 to $14,999"", ""$15,000 to $19,999"", ""$20,000 to $24,999"", ""$25,000 to $34,999"", ""$35,000 to $44,999"", ""$45,000 to $54,999"", ""$55,000 to $64,999"", ""$65,000 to $74,999"", ""$75,000 and Over"", ""Over $20,000"", ""Under $20,000"", ""Refused"", ""Don't know"", ""Missing""]; Count=[""562"", ""799"", ""1093"", ""1018"", ""964"", ""1195"", ""967"", ""832"", ""609"", ""462"", ""1744"", ""231"", ""164"", ""97"", ""109"", ""193""]; Cumulative=[""562"", ""1361"", ""2454"", ""3472"", ""4436"", ""5631"", ""6598"", ""7430"", ""8039"", ""8501"", ""10245"", ""10476"", ""10640"", ""10737"", ""10846"", ""11039""]; Skip.to.Item=[""NA"", ""NA"", ""NA"", ""NA"", ""NA"", ""NA"", ""NA"", ""NA"", ""NA"", ""NA"", ""NA"", ""NA"", ""NA"", ""NA"", ""NA"", ""NA""]"
"DEMO_B","INDFMPIR","INDFMPIR","Family PIR","Poverty income ratio (PIR) - a ratio of family income to poverty threshold","Both males and females 0 YEARS - 150 YEARS","Code.or.Value=[""0 to 4.99"", ""5"", "".""]; Value.Description=[""Range of Values"", ""PIR value greater than or equal to 5.00"", ""Missing""]; Count=[""8763"", ""1482"", ""794""]; Cumulative=[""8763"", ""10245"", ""11039""]; Skip.to.Item=[""NA"", ""NA"", ""NA""]"
"DEMO_B","RIDEXPRG","RIDEXPRG","Pregnancy Status at Exam - Recode","Pregnancy status at the time of MEC exam.","Females only 8 YEARS - 59 YEARS","Code.or.Value=[""1"", ""2"", ""3"", "".""]; Value.Description=[""Yes, positive lab pregnancy test or self-reported pregnant at exam"", ""SP not pregnant at exam"", ""Cannot ascertain if SP is pregnant at exam"", ""Missing""]; Count=[""365"", ""2687"", ""495"", ""7492""]; Cumulative=[""365"", ""3052"", ""3547"", ""11039""]; Skip.to.Item=[""NA"", ""NA"", ""NA"", ""NA""]"
"DEMO_B","RIDPREG","RIDPREG","Pregnancy Status - Recode (old version)","Pregnancy status variable based on all source data. NOTE: This is the previous pregnancy status recode variable. RIDPREG is a more conservative pregnancy status variable. Please review the file documentation.","Females only 8 YEARS - 59 YEARS","Code.or.Value=[""1"", ""2"", ""9"", "".""]; Value.Description=[""Yes, based on positive lab pregnancy test, self-reported pregnancy status, screener interview data or menstrual period history"", ""SP not pregnant"", ""Cannot ascertain if SP is pregnant"", ""Missing""]; Count=[""394"", ""2634"", ""173"", ""7838""]; Cumulative=[""394"", ""3028"", ""3201"", ""11039""]; Skip.to.Item=[""NA"", ""NA"", ""NA"", ""NA""]"
"DEMO_B","DMDHRGND","DMDHRGND","HH Ref Person Gender","Gender of the household reference person","Both males and females 0 YEARS - 150 YEARS","Code.or.Value=[""1"", ""2"", "".""]; Value.Description=[""Male"", ""Female"", ""Missing""]; Count=[""6224"", ""4813"", ""2""]; Cumulative=[""6224"", ""11037"", ""11039""]; Skip.to.Item=[""NA"", ""NA"", ""NA""]"
"DEMO_B","DMDHRAGE","DMDHRAGE","HH Ref Person Age","Age in years of the household reference person at the time of HH screening. Individuals 85 and over are topcoded at 85 years of age.","Both males and females 0 YEARS - 150 YEARS","Code.or.Value=[""15 to 84"", ""85"", "".""]; Value.Description=[""Range of Values"", "">= 85 years of age"", ""Missing""]; Count=[""10805"", ""232"", ""2""]; Cumulative=[""10805"", ""11037"", ""11039""]; Skip.to.Item=[""NA"", ""NA"", ""NA""]"
"DEMO_B","DMDHRBRN","DMDHRBRN","HH Ref Person Country of Birth","In what country {were you/was NON-SP Head} born?","Both males and females 0 YEARS - 150 YEARS","Code.or.Value=[""1"", ""2"", ""3"", ""7"", ""9"", "".""]; Value.Description=[""Born in 50 US States or Washington, DC"", ""Born in Mexico"", ""Born Elsewhere"", ""Refused"", ""Don't know"", ""Missing""]; Count=[""8052"", ""1666"", ""966"", ""3"", ""0"", ""352""]; Cumulative=[""8052"", ""9718"", ""10684"", ""10687"", ""10687"", ""11039""]; Skip.to.Item=[""NA"", ""NA"", ""NA"", ""NA"", ""NA"", ""NA""]"
"DEMO_B","DMDHREDU","DMDHREDU","HH Ref Person Education Level","What is the highest grade or level of school {you have/NON_SP HEAD has} received?","Both males and females 0 YEARS - 150 YEARS","Code.or.Value=[""1"", ""2"", ""3"", ""4"", ""5"", ""7"", ""9"", "".""]; Value.Description=[""Less Than 9th Grade"", ""9-11th Grade (Includes 12th grade with no diploma)"", ""High School Grad/GED or equivalent"", ""Some College or AA degree"", ""College Graduate or above"", ""Refused"", ""Don't know"", ""Missing""]; Count=[""1468"", ""2082"", ""2537"", ""2539"", ""2009"", ""7"", ""49"", ""348""]; Cumulative=[""1468"", ""3550"", ""6087"", ""8626"", ""10635"", ""10642"", ""10691"", ""11039""]; Skip.to.Item=[""NA"", ""NA"", ""NA"", ""NA"", ""NA"", ""NA"", ""NA"", ""NA""]"
"DEMO_B","DMDHRMAR","DMDHRMAR","HH Ref Person Marital Status","Marital Status of household reference person","Both males and females 0 YEARS - 150 YEARS","Code.or.Value=[""1"", ""2"", ""3"", ""4"", ""5"", ""6"", ""77"", ""99"", "".""]; Value.Description=[""Married"", ""Widowed"", ""Divorced"", ""Separated"", ""Never married"", ""Living with partner"", ""Refused"", ""Don't know"", ""Missing""]; Count=[""6512"", ""758"", ""992"", ""489"", ""1363"", ""434"", ""30"", ""14"", ""447""]; Cumulative=[""6512"", ""7270"", ""8262"", ""8751"", ""10114"", ""10548"", ""10578"", ""10592"", ""11039""]; Skip.to.Item=[""NA"", ""NA"", ""NA"", ""NA"", ""NA"", ""NA"", ""NA"", ""NA"", ""NA""]"
"DEMO_B","DMDHSEDU","DMDHSEDU","HH Ref Persons Spouse Education Level","What is the highest grade or level of school {you have/NON-SP SPOUSE has completed or the highest degree {you have/he/she has} received","Both males and females 0 YEARS - 150 YEARS","Code.or.Value=[""1"", ""2"", ""3"", ""4"", ""5"", ""7"", ""9"", "".""]; Value.Description=[""Less Than 9th Grade"", ""9-11th Grade (Includes 12th grade with no diploma)"", ""High School Grad/GED or equivalent"", ""Some College or AA degree"", ""College Graduate or above"", ""Refused"", ""Don't know"", ""Missing""]; Count=[""882"", ""800"", ""1394"", ""1537"", ""1144"", ""3"", ""22"", ""5257""]; Cumulative=[""882"", ""1682"", ""3076"", ""4613"", ""5757"", ""5760"", ""5782"", ""11039""]; Skip.to.Item=[""NA"", ""NA"", ""NA"", ""NA"", ""NA"", ""NA"", ""NA"", ""NA""]"
"DEMO_B","WTINT2YR","WTINT2YR","Full Sample 2 Year Interview Weight","Interviewed Sample Persons.","Both males and females 0 YEARS - 150 YEARS","Code.or.Value=[""1492.093618 to 201188.12151"", "".""]; Value.Description=[""Range of Values"", ""Missing""]; Count=[""11039"", ""0""]; Cumulative=[""11039"", ""11039""]; Skip.to.Item=[""NA"", ""NA""]"
"DEMO_B","WTINT4YR","WTINT4YR","Full Sample 4 Year Interview Weight","Interviewed Sample Persons. Used for 1999-2002 data collection years only.","Both males and females 0 YEARS - 150 YEARS","Code.or.Value=[""683.456211 to 94900.896398"", "".""]; Value.Description=[""Range of Values"", ""Missing""]; Count=[""11039"", ""0""]; Cumulative=[""11039"", ""11039""]; Skip.to.Item=[""NA"", ""NA""]"
"DEMO_B","WTMEC2YR","WTMEC2YR","Full Sample 2 Year MEC Exam Weight","Both Interviewed and MEC Examined Sample Persons.","Both males and females 0 YEARS - 150 YEARS","Code.or.Value=[""0 to 211850.66405"", "".""]; Value.Description=[""Range of Values"", ""Missing""]; Count=[""11039"", ""0""]; Cumulative=[""11039"", ""11039""]; Skip.to.Item=[""NA"", ""NA""]"
"DEMO_B","WTMEC4YR","WTMEC4YR","Full Sample 4 Year MEC Exam Weight","Both Interviewed and MEC Examined Sample Persons. Used for 1999-2002 data collection years only.","Both males and females 0 YEARS - 150 YEARS","Code.or.Value=[""0 to 103831.17105"", "".""]; Value.Description=[""Range of Values"", ""Missing""]; Count=[""11039"", ""0""]; Cumulative=[""11039"", ""11039""]; Skip.to.Item=[""NA"", ""NA""]"
"DEMO_B","SDMVPSU","SDMVPSU","Masked Variance Pseudo-PSU","Masked Variance Unit Pseudo-PSU variable for variance estimation","Both males and females 0 YEARS - 150 YEARS","Code.or.Value=[""1 to 2"", "".""]; Value.Description=[""Range of Values"", ""Missing""]; Count=[""11039"", ""0""]; Cumulative=[""11039"", ""11039""]; Skip.to.Item=[""NA"", ""NA""]"
"DEMO_B","SDMVSTRA","SDMVSTRA","Masked Variance Pseudo-Stratum","Masked Variance Unit Pseudo-Stratum variable for variance estimation","Both males and females 0 YEARS - 150 YEARS","Code.or.Value=[""14 to 28"", "".""]; Value.Description=[""Range of Values"", ""Missing""]; Count=[""11039"", ""0""]; Cumulative=[""11039"", ""11039""]; Skip.to.Item=[""NA"", ""NA""]"
"DEMO_C","SEQN","SEQN","Respondent sequence number","Respondent sequence number.","Both males and females 0 YEARS - 150 YEARS",NA
"DEMO_C","SDDSRVYR","SDDSRVYR","Data Release Number","Data Release Number.","Both males and females 0 YEARS - 150 YEARS","Code.or.Value=[""3"", "".""]; Value.Description=[""NHANES 2003-2004 Public Release"", ""Missing""]; Count=[""10122"", ""0""]; Cumulative=[""10122"", ""10122""]; Skip.to.Item=[""NA"", ""NA""]"
"DEMO_C","RIDSTATR","RIDSTATR","Interview/Examination Status","Interview and Examination Status of the Sample Person.","Both males and females 0 YEARS - 150 YEARS","Code.or.Value=[""1"", ""2"", "".""]; Value.Description=[""Interviewed Only"", ""Both Interviewed and MEC examined"", ""Missing""]; Count=[""479"", ""9643"", ""0""]; Cumulative=[""479"", ""10122"", ""10122""]; Skip.to.Item=[""NA"", ""NA"", ""NA""]"
"DEMO_C","RIDEXMON","RIDEXMON","Six month time period","Six month time period when the examination was performed - two categories: November 1 through April 30 May 1 through October 31.","Both males and females 0 YEARS - 150 YEARS","Code.or.Value=[""1"", ""2"", "".""]; Value.Description=[""November 1 through April 30"", ""May 1 through October 31"", ""Missing""]; Count=[""4638"", ""5005"", ""479""]; Cumulative=[""4638"", ""9643"", ""10122""]; Skip.to.Item=[""NA"", ""NA"", ""NA""]"
"DEMO_C","RIAGENDR","RIAGENDR","Gender","Gender of the sample person","Both males and females 0 YEARS - 150 YEARS","Code.or.Value=[""1"", ""2"", "".""]; Value.Description=[""Male"", ""Female"", ""Missing""]; Count=[""4970"", ""5152"", ""0""]; Cumulative=[""4970"", ""10122"", ""10122""]; Skip.to.Item=[""NA"", ""NA"", ""NA""]"
"DEMO_C","RIDAGEYR","RIDAGEYR","Age at Screening Adjudicated - Recode","Best age in years of the sample person at time of HH screening. Individuals 85 and over are topcoded at 85 years of age.","Both males and females 0 YEARS - 150 YEARS","Code.or.Value=[""0 to 84"", ""85"", "".""]; Value.Description=[""Range of Values"", "">= 85 years of age"", ""Missing""]; Count=[""9899"", ""223"", ""0""]; Cumulative=[""9899"", ""10122"", ""10122""]; Skip.to.Item=[""NA"", ""NA"", ""NA""]"
"DEMO_C","RIDAGEMN","RIDAGEMN","Age in Months - Recode","Best age in months at date of screening for individuals under 85 years of age.","Both males and females 0 YEARS - 84 YEARS","Code.or.Value=[""0 to 1019"", "".""]; Value.Description=[""Range of Values"", ""Missing""]; Count=[""9899"", ""223""]; Cumulative=[""9899"", ""10122""]; Skip.to.Item=[""NA"", ""NA""]"
"DEMO_C","RIDAGEEX","RIDAGEEX","Exam Age in Months - Recode","Best age in months at date of examination for individuals under 85 years of age at screening.","Both males and females 0 YEARS - 84 YEARS","Code.or.Value=[""0 to 1019"", "".""]; Value.Description=[""Range of Values"", ""Missing""]; Count=[""9430"", ""692""]; Cumulative=[""9430"", ""10122""]; Skip.to.Item=[""NA"", ""NA""]"
"DEMO_C","RIDRETH1","RIDRETH1","Race/Ethnicity - Recode","Recode of reported race and ethnicity information.","Both males and females 0 YEARS - 150 YEARS","Code.or.Value=[""1"", ""2"", ""3"", ""4"", ""5"", "".""]; Value.Description=[""Mexican American"", ""Other Hispanic"", ""Non-Hispanic White"", ""Non-Hispanic Black"", ""Other Race - Including Multi-Racial"", ""Missing""]; Count=[""2519"", ""341"", ""4133"", ""2663"", ""466"", ""0""]; Cumulative=[""2519"", ""2860"", ""6993"", ""9656"", ""10122"", ""10122""]; Skip.to.Item=[""NA"", ""NA"", ""NA"", ""NA"", ""NA"", ""NA""]"
"DEMO_C","RIDRETH2","RIDRETH2","Linked NH3 Race/Ethnicity - Recode","Linked NH3 Race and Ethnicity Recode.","Both males and females 0 YEARS - 150 YEARS","Code.or.Value=[""1"", ""2"", ""3"", ""4"", ""5"", "".""]; Value.Description=[""Non-Hispanic White"", ""Non-Hispanic Black"", ""Mexican American"", ""Other Race - Including Multi-Racial"", ""Other Hispanic"", ""Missing""]; Count=[""4182"", ""2746"", ""2519"", ""334"", ""341"", ""0""]; Cumulative=[""4182"", ""6928"", ""9447"", ""9781"", ""10122"", ""10122""]; Skip.to.Item=[""NA"", ""NA"", ""NA"", ""NA"", ""NA"", ""NA""]"
"DEMO_C","DMQMILIT","DMQMILIT","Veteran/Military Status","Did {you/SP} ever serve in the Armed Forces of the United States?","Both males and females 17 YEARS - 150 YEARS","Code.or.Value=[""1"", ""2"", ""7"", ""9"", "".""]; Value.Description=[""Yes"", ""No"", ""Refused"", ""Don't know"", ""Missing""]; Count=[""774"", ""5150"", ""2"", ""0"", ""4196""]; Cumulative=[""774"", ""5924"", ""5926"", ""5926"", ""10122""]; Skip.to.Item=[""NA"", ""NA"", ""NA"", ""NA"", ""NA""]"
"DEMO_C","DMDBORN","DMDBORN","Country of Birth - Recode","In what country {were you/was SP} born?","Both males and females 0 YEARS - 150 YEARS","Code.or.Value=[""1"", ""2"", ""3"", ""7"", ""9"", "".""]; Value.Description=[""Born in 50 US States or Washington, DC"", ""Born in Mexico"", ""Born Elsewhere"", ""Refused"", ""Don't know"", ""Missing""]; Count=[""8670"", ""805"", ""645"", ""2"", ""0"", ""0""]; Cumulative=[""8670"", ""9475"", ""10120"", ""10122"", ""10122"", ""10122""]; Skip.to.Item=[""NA"", ""NA"", ""NA"", ""NA"", ""NA"", ""NA""]"
"DEMO_C","DMDCITZN","DMDCITZN","Citizenship Status","{Are you/Is SP} a citizen of the United States? [Information about citizenship is being collected by the U.S. Public Health Service to perform health related research. Providing this information is voluntary and is collected under the authority of the Public Health Service Act. There will be no effect on pending immigration or citizenship petitions.]","Both males and females 0 YEARS - 150 YEARS","Code.or.Value=[""1"", ""2"", ""7"", ""9"", "".""]; Value.Description=[""Citizen by birth or naturalization"", ""Not a citizen of the US"", ""Refused"", ""Don't know"", ""Missing""]; Count=[""9181"", ""937"", ""4"", ""0"", ""0""]; Cumulative=[""9181"", ""10118"", ""10122"", ""10122"", ""10122""]; Skip.to.Item=[""NA"", ""NA"", ""NA"", ""NA"", ""NA""]"
"DEMO_C","DMDYRSUS","DMDYRSUS","Length of time in US","Length of time SP has been in the US.","Both males and females 0 YEARS - 150 YEARS","Code.or.Value=[""1"", ""2"", ""3"", ""4"", ""5"", ""6"", ""7"", ""8"", ""9"", ""77"", ""88"", ""99"", "".""]; Value.Description=[""Less than 1 year"", ""1 yr., less than 5 yrs."", ""5 yrs., less than 10 yrs."", ""10 yrs., less than 15 yrs."", ""15 yrs., less than 20 yrs."", ""20 yrs., less than 30 yrs."", ""30 yrs., less than 40 yrs."", ""40 yrs., less than 50 yrs."", ""50 years or more"", ""Refused"", ""Could not determine"", ""Don't know"", ""Missing""]; Count=[""85"", ""312"", ""209"", ""231"", ""141"", ""168"", ""110"", ""93"", ""76"", ""5"", ""2"", ""12"", ""8678""]; Cumulative=[""85"", ""397"", ""606"", ""837"", ""978"", ""1146"", ""1256"", ""1349"", ""1425"", ""1430"", ""1432"", ""1444"", ""10122""]; Skip.to.Item=[""NA"", ""NA"", ""NA"", ""NA"", ""NA"", ""NA"", ""NA"", ""NA"", ""NA"", ""NA"", ""NA"", ""NA"", ""NA""]"
"DEMO_C","DMDEDUC3","DMDEDUC3","Education Level - Children/Youth 6-19","(SP Interview Version) What is the highest grade or level of school {you have/SP has} completed or the highest degree {you have/s/he has} received?","Both males and females 6 YEARS - 19 YEARS","Code.or.Value=[""0"", ""1"", ""2"", ""3"", ""4"", ""5"", ""6"", ""7"", ""8"", ""9"", ""10"", ""11"", ""12"", ""13"", ""14"", ""15"", ""55"", ""66"", ""77"", ""99"", "".""]; Value.Description=[""Never Attended / Kindergarten Only"", ""1st Grade"", ""2nd Grade"", ""3rd Grade"", ""4th Grade"", ""5th Grade"", ""6th Grade"", ""7th Grade"", ""8th Grade"", ""9th Grade"", ""10th Grade"", ""11th Grade"", ""12th Grade, No Diploma"", ""High School Graduate"", ""GED or Equivalent"", ""More than high school"", ""Less Than 5th Grade"", ""Less Than 9th Grade"", ""Refused"", ""Don't know"", ""Missing""]; Count=[""205"", ""177"", ""193"", ""158"", ""183"", ""210"", ""286"", ""277"", ""312"", ""302"", ""284"", ""295"", ""55"", ""171"", ""22"", ""151"", ""5"", ""49"", ""0"", ""2"", ""6785""]; Cumulative=[""205"", ""382"", ""575"", ""733"", ""916"", ""1126"", ""1412"", ""1689"", ""2001"", ""2303"", ""2587"", ""2882"", ""2937"", ""3108"", ""3130"", ""3281"", ""3286"", ""3335"", ""3335"", ""3337"", ""10122""]; Skip.to.Item=[""NA"", ""NA"", ""NA"", ""NA"", ""NA"", ""NA"", ""NA"", ""NA"", ""NA"", ""NA"", ""NA"", ""NA"", ""NA"", ""NA"", ""NA"", ""NA"", ""NA"", ""NA"", ""NA"", ""NA"", ""NA""]"
"DEMO_C","DMDEDUC2","DMDEDUC2","Education Level - Adults 20+","(SP Interview Version) What is the highest grade or level of school {you have/SP has} completed or the highest degree {you have/s/he has} received?","Both males and females 20 YEARS - 150 YEARS","Code.or.Value=[""1"", ""2"", ""3"", ""4"", ""5"", ""7"", ""9"", "".""]; Value.Description=[""Less Than 9th Grade"", ""9-11th Grade (Includes 12th grade with no diploma)"", ""High School Grad/GED or Equivalent"", ""Some College or AA degree"", ""College Graduate or above"", ""Refused"", ""Don't Know"", ""Missing""]; Count=[""727"", ""760"", ""1269"", ""1356"", ""915"", ""5"", ""9"", ""5081""]; Cumulative=[""727"", ""1487"", ""2756"", ""4112"", ""5027"", ""5032"", ""5041"", ""10122""]; Skip.to.Item=[""NA"", ""NA"", ""NA"", ""NA"", ""NA"", ""NA"", ""NA"", ""NA""]"
"DEMO_C","DMDEDUC","DMDEDUC","Education - Recode (old version)","(SP Interview Version) What is the highest grade or level of school {you have/SP has} completed or the highest degree {you have/s/he has} received?","Both males and females 6 YEARS - 150 YEARS","Code.or.Value=[""1"", ""2"", ""3"", ""7"", ""9"", "".""]; Value.Description=[""Less Than High School"", ""High School Diploma (including GED)"", ""More Than High School"", ""Refused"", ""Don't know"", ""Missing""]; Count=[""4478"", ""1462"", ""2422"", ""5"", ""11"", ""1744""]; Cumulative=[""4478"", ""5940"", ""8362"", ""8367"", ""8378"", ""10122""]; Skip.to.Item=[""NA"", ""NA"", ""NA"", ""NA"", ""NA"", ""NA""]"
"DEMO_C","DMDSCHOL","DMDSCHOL","Now attending school?","{Are you/Is SP} now . . .","Both males and females 6 YEARS - 19 YEARS","Code.or.Value=[""1"", ""2"", ""3"", ""7"", ""9"", "".""]; Value.Description=[""In school"", ""On vacation from school (between grades)"", ""Neither in school or on vacation from school (between grades)"", ""Refused"", ""Don't know"", ""Missing""]; Count=[""2155"", ""667"", ""305"", ""0"", ""0"", ""6995""]; Cumulative=[""2155"", ""2822"", ""3127"", ""3127"", ""3127"", ""10122""]; Skip.to.Item=[""NA"", ""NA"", ""NA"", ""NA"", ""NA"", ""NA""]"
"DEMO_C","DMDMARTL","DMDMARTL","Marital Status","Marital Status","Both males and females 14 YEARS - 150 YEARS","Code.or.Value=[""1"", ""2"", ""3"", ""4"", ""5"", ""6"", ""77"", ""99"", "".""]; Value.Description=[""Married"", ""Widowed"", ""Divorced"", ""Separated"", ""Never married"", ""Living with partner"", ""Refused"", ""Don't know"", ""Missing""]; Count=[""2721"", ""588"", ""473"", ""137"", ""2502"", ""345"", ""0"", ""0"", ""3356""]; Cumulative=[""2721"", ""3309"", ""3782"", ""3919"", ""6421"", ""6766"", ""6766"", ""6766"", ""10122""]; Skip.to.Item=[""NA"", ""NA"", ""NA"", ""NA"", ""NA"", ""NA"", ""NA"", ""NA"", ""NA""]"
"DEMO_C","DMDHHSIZ","DMDHHSIZ","Total number of people in the Household","Total number of people in the Household","Both males and females 0 YEARS - 150 YEARS","Code.or.Value=[""1 to 6"", ""7"", "".""]; Value.Description=[""Range of Values"", ""7 or more people in the Household"", ""Missing""]; Count=[""9134"", ""988"", ""0""]; Cumulative=[""9134"", ""10122"", ""10122""]; Skip.to.Item=[""NA"", ""NA"", ""NA""]"
"DEMO_C","INDHHINC","INDHHINC","Annual Household Income","Total household income (reported as a range value in dollars)","Both males and females 0 YEARS - 150 YEARS","Code.or.Value=[""1"", ""2"", ""3"", ""4"", ""5"", ""6"", ""7"", ""8"", ""9"", ""10"", ""11"", ""12"", ""13"", ""77"", ""99"", "".""]; Value.Description=[""$     0 to $ 4,999"", ""$ 5,000 to $ 9,999"", ""$10,000 to $14,999"", ""$15,000 to $19,999"", ""$20,000 to $24,999"", ""$25,000 to $34,999"", ""$35,000 to $44,999"", ""$45,000 to $54,999"", ""$55,000 to $64,999"", ""$65,000 to $74,999"", ""$75,000 and Over"", ""Over $20,000"", ""Under $20,000"", ""Refused"", ""Don't know"", ""Missing""]; Count=[""248"", ""550"", ""959"", ""793"", ""848"", ""1353"", ""1066"", ""812"", ""537"", ""416"", ""1792"", ""26"", ""42"", ""13"", ""38"", ""629""]; Cumulative=[""248"", ""798"", ""1757"", ""2550"", ""3398"", ""4751"", ""5817"", ""6629"", ""7166"", ""7582"", ""9374"", ""9400"", ""9442"", ""9455"", ""9493"", ""10122""]; Skip.to.Item=[""NA"", ""NA"", ""NA"", ""NA"", ""NA"", ""NA"", ""NA"", ""NA"", ""NA"", ""NA"", ""NA"", ""NA"", ""NA"", ""NA"", ""NA"", ""NA""]"
"DEMO_C","INDFMINC","INDFMINC","Annual Family Income","Total family income (reported as a range value in dollars)","Both males and females 0 YEARS - 150 YEARS","Code.or.Value=[""1"", ""2"", ""3"", ""4"", ""5"", ""6"", ""7"", ""8"", ""9"", ""10"", ""11"", ""12"", ""13"", ""77"", ""99"", "".""]; Value.Description=[""$     0 to $ 4,999"", ""$ 5,000 to $ 9,999"", ""$10,000 to $14,999"", ""$15,000 to $19,999"", ""$20,000 to $24,999"", ""$25,000 to $34,999"", ""$35,000 to $44,999"", ""$45,000 to $54,999"", ""$55,000 to $64,999"", ""$65,000 to $74,999"", ""$75,000 and Over"", ""Over $20,000"", ""Under $20,000"", ""Refused"", ""Don't know"", ""Missing""]; Count=[""629"", ""732"", ""1148"", ""893"", ""913"", ""1214"", ""909"", ""753"", ""470"", ""379"", ""1495"", ""128"", ""136"", ""84"", ""81"", ""158""]; Cumulative=[""629"", ""1361"", ""2509"", ""3402"", ""4315"", ""5529"", ""6438"", ""7191"", ""7661"", ""8040"", ""9535"", ""9663"", ""9799"", ""9883"", ""9964"", ""10122""]; Skip.to.Item=[""NA"", ""NA"", ""NA"", ""NA"", ""NA"", ""NA"", ""NA"", ""NA"", ""NA"", ""NA"", ""NA"", ""NA"", ""NA"", ""NA"", ""NA"", ""NA""]"
"DEMO_C","INDFMPIR","INDFMPIR","Family PIR","Poverty income ratio (PIR) - a ratio of family income to poverty threshold","Both males and females 0 YEARS - 150 YEARS","Code.or.Value=[""0 to 4.99"", ""5"", "".""]; Value.Description=[""Range of Values"", ""PIR value greater than or equal to 5.00"", ""Missing""]; Count=[""8360"", ""1175"", ""587""]; Cumulative=[""8360"", ""9535"", ""10122""]; Skip.to.Item=[""NA"", ""NA"", ""NA""]"
"DEMO_C","RIDEXPRG","RIDEXPRG","Pregnancy Status at Exam - Recode","Pregnancy status at the time of MEC exam.","Females only 8 YEARS - 59 YEARS","Code.or.Value=[""1"", ""2"", ""3"", "".""]; Value.Description=[""Yes, positive lab pregnancy test or self-reported pregnant at exam"", ""SP not pregnant at exam"", ""Cannot ascertain if SP is pregnant at exam"", ""Missing""]; Count=[""292"", ""2574"", ""264"", ""6992""]; Cumulative=[""292"", ""2866"", ""3130"", ""10122""]; Skip.to.Item=[""NA"", ""NA"", ""NA"", ""NA""]"
"DEMO_C","DMDHRGND","DMDHRGND","HH Ref Person Gender","Gender of the household reference person","Both males and females 0 YEARS - 150 YEARS","Code.or.Value=[""1"", ""2"", "".""]; Value.Description=[""Male"", ""Female"", ""Missing""]; Count=[""5322"", ""4799"", ""1""]; Cumulative=[""5322"", ""10121"", ""10122""]; Skip.to.Item=[""NA"", ""NA"", ""NA""]"
"DEMO_C","DMDHRAGE","DMDHRAGE","HH Ref Person Age","Age in years of the household reference person at the time of HH screening. Individuals 85 and over are topcoded at 85 years of age.","Both males and females 0 YEARS - 150 YEARS","Code.or.Value=[""16 to 84"", ""85"", "".""]; Value.Description=[""Range of Values"", "">= 85 years of age"", ""Missing""]; Count=[""9900"", ""221"", ""1""]; Cumulative=[""9900"", ""10121"", ""10122""]; Skip.to.Item=[""NA"", ""NA"", ""NA""]"
"DEMO_C","DMDHRBRN","DMDHRBRN","HH Ref Person Country of Birth","In what country {were you/was NON-SP Head} born?","Both males and females 0 YEARS - 150 YEARS","Code.or.Value=[""1"", ""2"", ""3"", ""7"", ""9"", "".""]; Value.Description=[""Born in 50 US States or Washington, DC"", ""Born in Mexico"", ""Born Elsewhere"", ""Refused"", ""Don't know"", ""Missing""]; Count=[""7387"", ""1416"", ""965"", ""0"", ""0"", ""354""]; Cumulative=[""7387"", ""8803"", ""9768"", ""9768"", ""9768"", ""10122""]; Skip.to.Item=[""NA"", ""NA"", ""NA"", ""NA"", ""NA"", ""NA""]"
"DEMO_C","DMDHREDU","DMDHREDU","HH Ref Person Education Level","What is the highest grade or level of school {you have/NON_SP HEAD has} received?","Both males and females 0 YEARS - 150 YEARS","Code.or.Value=[""1"", ""2"", ""3"", ""4"", ""5"", ""7"", ""9"", "".""]; Value.Description=[""Less Than 9th Grade"", ""9-11th Grade (Includes 12th grade with no diploma)"", ""High School Grad/GED or equivalent"", ""Some College or AA degree"", ""College Graduate or above"", ""Refused"", ""Don't know"", ""Missing""]; Count=[""1286"", ""1727"", ""2529"", ""2625"", ""1534"", ""14"", ""53"", ""354""]; Cumulative=[""1286"", ""3013"", ""5542"", ""8167"", ""9701"", ""9715"", ""9768"", ""10122""]; Skip.to.Item=[""NA"", ""NA"", ""NA"", ""NA"", ""NA"", ""NA"", ""NA"", ""NA""]"
"DEMO_C","DMDHRMAR","DMDHRMAR","HH Ref Person Marital Status","Marital Status of household reference person","Both males and females 0 YEARS - 150 YEARS","Code.or.Value=[""1"", ""2"", ""3"", ""4"", ""5"", ""6"", ""77"", ""99"", "".""]; Value.Description=[""Married"", ""Widowed"", ""Divorced"", ""Separated"", ""Never married"", ""Living with partner"", ""Refused"", ""Don't know"", ""Missing""]; Count=[""5766"", ""755"", ""967"", ""367"", ""1497"", ""436"", ""36"", ""9"", ""289""]; Cumulative=[""5766"", ""6521"", ""7488"", ""7855"", ""9352"", ""9788"", ""9824"", ""9833"", ""10122""]; Skip.to.Item=[""NA"", ""NA"", ""NA"", ""NA"", ""NA"", ""NA"", ""NA"", ""NA"", ""NA""]"
"DEMO_C","DMDHSEDU","DMDHSEDU","HH Ref Persons Spouse Education Level","What is the highest grade or level of school {you have/NON-SP SPOUSE has completed or the highest degree {you have/he/she has} received","Both males and females 0 YEARS - 150 YEARS","Code.or.Value=[""1"", ""2"", ""3"", ""4"", ""5"", ""7"", ""9"", "".""]; Value.Description=[""Less Than 9th Grade"", ""9-11th Grade (Includes 12th grade with no diploma)"", ""High School Grad/GED or equivalent"", ""Some College or AA degree"", ""College Graduate or above"", ""Refused"", ""Don't know"", ""Missing""]; Count=[""748"", ""765"", ""1336"", ""1494"", ""1001"", ""15"", ""22"", ""4741""]; Cumulative=[""748"", ""1513"", ""2849"", ""4343"", ""5344"", ""5359"", ""5381"", ""10122""]; Skip.to.Item=[""NA"", ""NA"", ""NA"", ""NA"", ""NA"", ""NA"", ""NA"", ""NA""]"
"DEMO_C","SIALANG","SIALANG","Language of SP Interview","Language of the Sample Person Interview Instrument","Both males and females 0 YEARS - 150 YEARS","Code.or.Value=[""1"", ""2"", "".""]; Value.Description=[""English"", ""Spanish"", ""Missing""]; Count=[""8991"", ""1131"", ""0""]; Cumulative=[""8991"", ""10122"", ""10122""]; Skip.to.Item=[""NA"", ""NA"", ""NA""]"
"DEMO_C","SIAPROXY","SIAPROXY","Proxy used in SP Interview?","Was a Proxy respondent used in conducting the Sample Person (SP) interview?","Both males and females 0 YEARS - 150 YEARS","Code.or.Value=[""1"", ""2"", "".""]; Value.Description=[""Yes"", ""No"", ""Missing""]; Count=[""3990"", ""6132"", ""0""]; Cumulative=[""3990"", ""10122"", ""10122""]; Skip.to.Item=[""NA"", ""NA"", ""NA""]"
"DEMO_C","SIAINTRP","SIAINTRP","Interpreter used in SP Interview?","Was an interpreter used to conduct the Sample Person (SP) interview?","Both males and females 0 YEARS - 150 YEARS","Code.or.Value=[""1"", ""2"", "".""]; Value.Description=[""Yes"", ""No"", ""Missing""]; Count=[""168"", ""9954"", ""0""]; Cumulative=[""168"", ""10122"", ""10122""]; Skip.to.Item=[""NA"", ""NA"", ""NA""]"
"DEMO_C","FIALANG","FIALANG","Language of Family Interview","Language of the Family Interview Instrument","Both males and females 0 YEARS - 150 YEARS","Code.or.Value=[""1"", ""2"", "".""]; Value.Description=[""English"", ""Spanish"", ""Missing""]; Count=[""9185"", ""798"", ""139""]; Cumulative=[""9185"", ""9983"", ""10122""]; Skip.to.Item=[""NA"", ""NA"", ""NA""]"
"DEMO_C","FIAPROXY","FIAPROXY","Proxy used in Family Interview?","Was a Proxy respondent used in conducting the Family Interview?","Both males and females 0 YEARS - 150 YEARS","Code.or.Value=[""1"", ""2"", "".""]; Value.Description=[""Yes"", ""No"", ""Missing""]; Count=[""29"", ""9954"", ""139""]; Cumulative=[""29"", ""9983"", ""10122""]; Skip.to.Item=[""NA"", ""NA"", ""NA""]"
"DEMO_C","FIAINTRP","FIAINTRP","Interpreter used in Family Interview?","Was an interpreter used to conduct the Family interview?","Both males and females 0 YEARS - 150 YEARS","Code.or.Value=[""1"", ""2"", "".""]; Value.Description=[""Yes"", ""No"", ""Missing""]; Count=[""147"", ""9836"", ""139""]; Cumulative=[""147"", ""9983"", ""10122""]; Skip.to.Item=[""NA"", ""NA"", ""NA""]"
"DEMO_C","MIALANG","MIALANG","Language of MEC Interview","Language of the CAPI MEC Interview Instrument","Both males and females 12 YEARS - 150 YEARS","Code.or.Value=[""1"", ""2"", "".""]; Value.Description=[""English"", ""Spanish"", ""Missing""]; Count=[""5915"", ""518"", ""3689""]; Cumulative=[""5915"", ""6433"", ""10122""]; Skip.to.Item=[""NA"", ""NA"", ""NA""]"
"DEMO_C","MIAPROXY","MIAPROXY","Proxy used in MEC Interview?","Was a Proxy respondent used in conducting the MEC CAPI Interview?","Both males and females 12 YEARS - 150 YEARS","Code.or.Value=[""1"", ""2"", "".""]; Value.Description=[""Yes"", ""No"", ""Missing""]; Count=[""20"", ""6413"", ""3689""]; Cumulative=[""20"", ""6433"", ""10122""]; Skip.to.Item=[""NA"", ""NA"", ""NA""]"
"DEMO_C","MIAINTRP","MIAINTRP","Interpreter used in MEC Interview?","Was an interpreter used to conduct the MEC CAPI interview?","Both males and females 12 YEARS - 150 YEARS","Code.or.Value=[""1"", ""2"", "".""]; Value.Description=[""Yes"", ""No"", ""Missing""]; Count=[""36"", ""6397"", ""3689""]; Cumulative=[""36"", ""6433"", ""10122""]; Skip.to.Item=[""NA"", ""NA"", ""NA""]"
"DEMO_C","AIALANG","AIALANG","Language of ACASI Interview","Language of the MEC ACASI Interview Instrument","Both males and females 12 YEARS - 59 YEARS","Code.or.Value=[""1"", ""2"", "".""]; Value.Description=[""English"", ""Spanish"", ""Missing""]; Count=[""4334"", ""375"", ""5413""]; Cumulative=[""4334"", ""4709"", ""10122""]; Skip.to.Item=[""NA"", ""NA"", ""NA""]"
"DEMO_C","WTINT2YR","WTINT2YR","Full Sample 2 Year Interview Weight","Interviewed Sample Persons.","Both males and females 0 YEARS - 150 YEARS","Code.or.Value=[""1498.994197 to 156319.65778"", "".""]; Value.Description=[""Range of Values"", ""Missing""]; Count=[""10122"", ""0""]; Cumulative=[""10122"", ""10122""]; Skip.to.Item=[""NA"", ""NA""]"
"DEMO_C","WTMEC2YR","WTMEC2YR","Full Sample 2 Year MEC Exam Weight","Both Interviewed and MEC Examined Sample Persons.","Both males and females 0 YEARS - 150 YEARS","Code.or.Value=[""0 to 159302.77518"", "".""]; Value.Description=[""Range of Values"", ""Missing""]; Count=[""10122"", ""0""]; Cumulative=[""10122"", ""10122""]; Skip.to.Item=[""NA"", ""NA""]"
"DEMO_C","SDMVPSU","SDMVPSU","Masked Variance Pseudo-PSU","Masked Variance Unit Pseudo-PSU variable for variance estimation","Both males and females 0 YEARS - 150 YEARS","Code.or.Value=[""1 to 2"", "".""]; Value.Description=[""Range of Values"", ""Missing""]; Count=[""10122"", ""0""]; Cumulative=[""10122"", ""10122""]; Skip.to.Item=[""NA"", ""NA""]"
"DEMO_C","SDMVSTRA","SDMVSTRA","Masked Variance Pseudo-Stratum","Masked Variance Unit Pseudo-Stratum variable for variance estimation","Both males and females 0 YEARS - 150 YEARS","Code.or.Value=[""29 to 43"", "".""]; Value.Description=[""Range of Values"", ""Missing""]; Count=[""10122"", ""0""]; Cumulative=[""10122"", ""10122""]; Skip.to.Item=[""NA"", ""NA""]"
"DEMO_D","SEQN","SEQN","Respondent sequence number","Respondent sequence number.","Both males and females 0 YEARS - 150 YEARS",NA
"DEMO_D","SDDSRVYR","SDDSRVYR","Data Release Number","Data Release Number.","Both males and females 0 YEARS - 150 YEARS","Code.or.Value=[""4"", "".""]; Value.Description=[""NHANES 2005-2006 Public Release"", ""Missing""]; Count=[""10348"", ""0""]; Cumulative=[""10348"", ""10348""]; Skip.to.Item=[""NA"", ""NA""]"
"DEMO_D","RIDSTATR","RIDSTATR","Interview/Examination Status","Interview and Examination Status of the Sample Person.","Both males and females 0 YEARS - 150 YEARS","Code.or.Value=[""1"", ""2"", "".""]; Value.Description=[""Interviewed Only"", ""Both Interviewed and MEC examined"", ""Missing""]; Count=[""398"", ""9950"", ""0""]; Cumulative=[""398"", ""10348"", ""10348""]; Skip.to.Item=[""NA"", ""NA"", ""NA""]"
"DEMO_D","RIDEXMON","RIDEXMON","Six month time period","Six month time period when the examination was performed - two categories: November 1 through April 30 May 1 through October 31.","Both males and females 0 YEARS - 150 YEARS","Code.or.Value=[""1"", ""2"", "".""]; Value.Description=[""November 1 through April 30"", ""May 1 through October 31"", ""Missing""]; Count=[""4793"", ""5157"", ""398""]; Cumulative=[""4793"", ""9950"", ""10348""]; Skip.to.Item=[""NA"", ""NA"", ""NA""]"
"DEMO_D","RIAGENDR","RIAGENDR","Gender","Gender of the sample person","Both males and females 0 YEARS - 150 YEARS","Code.or.Value=[""1"", ""2"", "".""]; Value.Description=[""Male"", ""Female"", ""Missing""]; Count=[""5080"", ""5268"", ""0""]; Cumulative=[""5080"", ""10348"", ""10348""]; Skip.to.Item=[""NA"", ""NA"", ""NA""]"
"DEMO_D","RIDAGEYR","RIDAGEYR","Age at Screening Adjudicated - Recode","Best age in years of the sample person at time of HH screening. Individuals 85 and over are topcoded at 85 years of age.","Both males and females 0 YEARS - 150 YEARS","Code.or.Value=[""0 to 84"", ""85"", "".""]; Value.Description=[""Range of Values"", "">= 85 years of age"", ""Missing""]; Count=[""10178"", ""170"", ""0""]; Cumulative=[""10178"", ""10348"", ""10348""]; Skip.to.Item=[""NA"", ""NA"", ""NA""]"
"DEMO_D","RIDAGEMN","RIDAGEMN","Age in Months - Recode","Best age in months at date of screening for individuals under 85 years of age.","Both males and females 0 YEARS - 84 YEARS","Code.or.Value=[""0 to 1019"", "".""]; Value.Description=[""Range of Values"", ""Missing""]; Count=[""10178"", ""170""]; Cumulative=[""10178"", ""10348""]; Skip.to.Item=[""NA"", ""NA""]"
"DEMO_D","RIDAGEEX","RIDAGEEX","Exam Age in Months - Recode","Best age in months at date of examination for individuals under 85 years of age at screening.","Both males and females 0 YEARS - 84 YEARS","Code.or.Value=[""0 to 1019"", "".""]; Value.Description=[""Range of Values"", ""Missing""]; Count=[""9777"", ""571""]; Cumulative=[""9777"", ""10348""]; Skip.to.Item=[""NA"", ""NA""]"
"DEMO_D","RIDRETH1","RIDRETH1","Race/Ethnicity - Recode","Recode of reported race and ethnicity information.","Both males and females 0 YEARS - 150 YEARS","Code.or.Value=[""1"", ""2"", ""3"", ""4"", ""5"", "".""]; Value.Description=[""Mexican American"", ""Other Hispanic"", ""Non-Hispanic White"", ""Non-Hispanic Black"", ""Other Race - Including Multi-Racial"", ""Missing""]; Count=[""2847"", ""349"", ""3928"", ""2710"", ""514"", ""0""]; Cumulative=[""2847"", ""3196"", ""7124"", ""9834"", ""10348"", ""10348""]; Skip.to.Item=[""NA"", ""NA"", ""NA"", ""NA"", ""NA"", ""NA""]"
"DEMO_D","DMQMILIT","DMQMILIT","Veteran/Military Status","Did {you/SP} ever serve in the Armed Forces of the United States?","Both males and females 17 YEARS - 150 YEARS","Code.or.Value=[""1"", ""2"", ""7"", ""9"", "".""]; Value.Description=[""Yes"", ""No"", ""Refused"", ""Don't know"", ""Missing""]; Count=[""705"", ""5130"", ""5"", ""0"", ""4508""]; Cumulative=[""705"", ""5835"", ""5840"", ""5840"", ""10348""]; Skip.to.Item=[""NA"", ""NA"", ""NA"", ""NA"", ""NA""]"
"DEMO_D","DMDBORN","DMDBORN","Country of Birth - Recode","In what country {were you/was SP} born?","Both males and females 0 YEARS - 150 YEARS","Code.or.Value=[""3"", ""7"", ""."", ""1"", ""2""]; Value.Description=[""Born Elsewhere"", ""Refused"", ""Missing"", ""Born in 50 US States or Washington, DC"", ""Born in Mexico""]; Count=[""588"", ""5"", ""0"", ""8794"", ""961""]; Cumulative=[""10343"", ""10348"", ""10348"", ""8794"", ""9755""]; Skip.to.Item=[""NA"", ""NA"", ""NA"", ""NA"", ""NA""]"
"DEMO_D","DMDCITZN","DMDCITZN","Citizenship Status","{Are you/Is SP} a citizen of the United States? [Information about citizenship is being collected by the U.S. Public Health Service to perform health related research. Providing this information is voluntary and is collected under the authority of the Public Health Service Act. There will be no effect on pending immigration or citizenship petitions.]","Both males and females 0 YEARS - 150 YEARS","Code.or.Value=[""1"", ""2"", ""7"", ""9"", "".""]; Value.Description=[""Citizen by birth or naturalization"", ""Not a citizen of the US"", ""Refused"", ""Don't know"", ""Missing""]; Count=[""9233"", ""1107"", ""7"", ""1"", ""0""]; Cumulative=[""9233"", ""10340"", ""10347"", ""10348"", ""10348""]; Skip.to.Item=[""NA"", ""NA"", ""NA"", ""NA"", ""NA""]"
"DEMO_D","DMDYRSUS","DMDYRSUS","Length of time in US","Length of time SP has been in the US.","Both males and females 0 YEARS - 150 YEARS","Code.or.Value=[""1"", ""2"", ""3"", ""4"", ""5"", ""6"", ""7"", ""8"", ""9"", ""77"", ""99"", "".""]; Value.Description=[""Less than 1 year"", ""1 yr., less than 5 yrs."", ""5 yrs., less than 10 yrs."", ""10 yrs., less than 15 yrs."", ""15 yrs., less than 20 yrs."", ""20 yrs., less than 30 yrs."", ""30 yrs., less than 40 yrs."", ""40 yrs., less than 50 yrs."", ""50 years or more"", ""Refused"", ""Don't know"", ""Missing""]; Count=[""56"", ""339"", ""349"", ""218"", ""130"", ""191"", ""114"", ""52"", ""57"", ""18"", ""24"", ""8800""]; Cumulative=[""56"", ""395"", ""744"", ""962"", ""1092"", ""1283"", ""1397"", ""1449"", ""1506"", ""1524"", ""1548"", ""10348""]; Skip.to.Item=[""NA"", ""NA"", ""NA"", ""NA"", ""NA"", ""NA"", ""NA"", ""NA"", ""NA"", ""NA"", ""NA"", ""NA""]"
"DEMO_D","DMDEDUC3","DMDEDUC3","Education Level - Children/Youth 6-19","(SP Interview Version) What is the highest grade or level of school {you have/SP has} completed or the highest degree {you have/s/he has} received?","Both males and females 6 YEARS - 19 YEARS","Code.or.Value=[""0"", ""1"", ""2"", ""3"", ""4"", ""5"", ""6"", ""7"", ""8"", ""9"", ""10"", ""11"", ""12"", ""13"", ""14"", ""15"", ""55"", ""66"", ""77"", ""99"", "".""]; Value.Description=[""Never Attended / Kindergarten Only"", ""1st Grade"", ""2nd Grade"", ""3rd Grade"", ""4th Grade"", ""5th Grade"", ""6th Grade"", ""7th Grade"", ""8th Grade"", ""9th Grade"", ""10th Grade"", ""11th Grade"", ""12th Grade, No Diploma"", ""High School Graduate"", ""GED or Equivalent"", ""More than high school"", ""Less Than 5th Grade"", ""Less Than 9th Grade"", ""Refused"", ""Don't know"", ""Missing""]; Count=[""244"", ""191"", ""190"", ""206"", ""206"", ""205"", ""290"", ""265"", ""300"", ""298"", ""307"", ""277"", ""48"", ""214"", ""10"", ""143"", ""0"", ""37"", ""0"", ""1"", ""6916""]; Cumulative=[""244"", ""435"", ""625"", ""831"", ""1037"", ""1242"", ""1532"", ""1797"", ""2097"", ""2395"", ""2702"", ""2979"", ""3027"", ""3241"", ""3251"", ""3394"", ""3394"", ""3431"", ""3431"", ""3432"", ""10348""]; Skip.to.Item=[""NA"", ""NA"", ""NA"", ""NA"", ""NA"", ""NA"", ""NA"", ""NA"", ""NA"", ""NA"", ""NA"", ""NA"", ""NA"", ""NA"", ""NA"", ""NA"", ""NA"", ""NA"", ""NA"", ""NA"", ""NA""]"
"DEMO_D","DMDEDUC2","DMDEDUC2","Education Level - Adults 20+","(SP Interview Version) What is the highest grade or level of school {you have/SP has} completed or the highest degree {you have/s/he has} received?","Both males and females 20 YEARS - 150 YEARS","Code.or.Value=[""1"", ""2"", ""3"", ""4"", ""5"", ""7"", ""9"", "".""]; Value.Description=[""Less Than 9th Grade"", ""9-11th Grade (Includes 12th grade with no diploma)"", ""High School Grad/GED or Equivalent"", ""Some College or AA degree"", ""College Graduate or above"", ""Refused"", ""Don't Know"", ""Missing""]; Count=[""628"", ""766"", ""1181"", ""1417"", ""978"", ""6"", ""3"", ""5369""]; Cumulative=[""628"", ""1394"", ""2575"", ""3992"", ""4970"", ""4976"", ""4979"", ""10348""]; Skip.to.Item=[""NA"", ""NA"", ""NA"", ""NA"", ""NA"", ""NA"", ""NA"", ""NA""]"
"DEMO_D","DMDSCHOL","DMDSCHOL","Now attending school?","{Are you/Is SP} now . . .","Both males and females 6 YEARS - 19 YEARS","Code.or.Value=[""1"", ""2"", ""3"", ""7"", ""9"", "".""]; Value.Description=[""In school"", ""On vacation from school (between grades)"", ""Neither in school or on vacation from school (between grades)"", ""Refused"", ""Don't know"", ""Missing""]; Count=[""2327"", ""551"", ""306"", ""0"", ""0"", ""7164""]; Cumulative=[""2327"", ""2878"", ""3184"", ""3184"", ""3184"", ""10348""]; Skip.to.Item=[""NA"", ""NA"", ""NA"", ""NA"", ""NA"", ""NA""]"
"DEMO_D","DMDMARTL","DMDMARTL","Marital Status","Marital Status","Both males and females 14 YEARS - 150 YEARS","Code.or.Value=[""1"", ""2"", ""3"", ""4"", ""5"", ""6"", ""77"", ""99"", "".""]; Value.Description=[""Married"", ""Widowed"", ""Divorced"", ""Separated"", ""Never married"", ""Living with partner"", ""Refused"", ""Don't know"", ""Missing""]; Count=[""2711"", ""463"", ""471"", ""164"", ""2412"", ""468"", ""8"", ""1"", ""3650""]; Cumulative=[""2711"", ""3174"", ""3645"", ""3809"", ""6221"", ""6689"", ""6697"", ""6698"", ""10348""]; Skip.to.Item=[""NA"", ""NA"", ""NA"", ""NA"", ""NA"", ""NA"", ""NA"", ""NA"", ""NA""]"
"DEMO_D","DMDHHSIZ","DMDHHSIZ","Total number of people in the Household","Total number of people in the Household","Both males and females 0 YEARS - 150 YEARS","Code.or.Value=[""1 to 6"", ""7"", "".""]; Value.Description=[""Range of Values"", ""7 or more people in the Household"", ""Missing""]; Count=[""9394"", ""954"", ""0""]; Cumulative=[""9394"", ""10348"", ""10348""]; Skip.to.Item=[""NA"", ""NA"", ""NA""]"
"DEMO_D","DMDFMSIZ","DMDFMSIZ","Total number of people in the Family","Total number of people in the Family","Both males and females 0 YEARS - 150 YEARS","Code.or.Value=[""1 to 6"", ""7"", "".""]; Value.Description=[""Range of Values"", ""7 or more people in the Family"", ""Missing""]; Count=[""9506"", ""842"", ""0""]; Cumulative=[""9506"", ""10348"", ""10348""]; Skip.to.Item=[""NA"", ""NA"", ""NA""]"
"DEMO_D","INDHHINC","INDHHINC","Annual Household Income","Total household income (reported as a range value in dollars)","Both males and females 0 YEARS - 150 YEARS","Code.or.Value=[""1"", ""2"", ""3"", ""4"", ""5"", ""6"", ""7"", ""8"", ""9"", ""10"", ""11"", ""12"", ""13"", ""77"", ""99"", "".""]; Value.Description=[""$     0 to $ 4,999"", ""$ 5,000 to $ 9,999"", ""$10,000 to $14,999"", ""$15,000 to $19,999"", ""$20,000 to $24,999"", ""$25,000 to $34,999"", ""$35,000 to $44,999"", ""$45,000 to $54,999"", ""$55,000 to $64,999"", ""$65,000 to $74,999"", ""$75,000 and Over"", ""Over $20,000"", ""Under $20,000"", ""Refused"", ""Don't know"", ""Missing""]; Count=[""255"", ""428"", ""803"", ""801"", ""818"", ""1331"", ""995"", ""922"", ""619"", ""557"", ""2195"", ""186"", ""74"", ""71"", ""161"", ""132""]; Cumulative=[""255"", ""683"", ""1486"", ""2287"", ""3105"", ""4436"", ""5431"", ""6353"", ""6972"", ""7529"", ""9724"", ""9910"", ""9984"", ""10055"", ""10216"", ""10348""]; Skip.to.Item=[""NA"", ""NA"", ""NA"", ""NA"", ""NA"", ""NA"", ""NA"", ""NA"", ""NA"", ""NA"", ""NA"", ""NA"", ""NA"", ""NA"", ""NA"", ""NA""]"
"DEMO_D","INDFMINC","INDFMINC","Annual Family Income","Total family income (reported as a range value in dollars)","Both males and females 0 YEARS - 150 YEARS","Code.or.Value=[""1"", ""2"", ""3"", ""4"", ""5"", ""6"", ""7"", ""8"", ""9"", ""10"", ""11"", ""12"", ""13"", ""77"", ""99"", "".""]; Value.Description=[""$     0 to $ 4,999"", ""$ 5,000 to $ 9,999"", ""$10,000 to $14,999"", ""$15,000 to $19,999"", ""$20,000 to $24,999"", ""$25,000 to $34,999"", ""$35,000 to $44,999"", ""$45,000 to $54,999"", ""$55,000 to $64,999"", ""$65,000 to $74,999"", ""$75,000 and Over"", ""Over $20,000"", ""Under $20,000"", ""Refused"", ""Don't know"", ""Missing""]; Count=[""347"", ""488"", ""864"", ""834"", ""856"", ""1338"", ""1011"", ""896"", ""575"", ""525"", ""2080"", ""136"", ""73"", ""74"", ""141"", ""110""]; Cumulative=[""347"", ""835"", ""1699"", ""2533"", ""3389"", ""4727"", ""5738"", ""6634"", ""7209"", ""7734"", ""9814"", ""9950"", ""10023"", ""10097"", ""10238"", ""10348""]; Skip.to.Item=[""NA"", ""NA"", ""NA"", ""NA"", ""NA"", ""NA"", ""NA"", ""NA"", ""NA"", ""NA"", ""NA"", ""NA"", ""NA"", ""NA"", ""NA"", ""NA""]"
"DEMO_D","INDFMPIR","INDFMPIR","Family PIR","Poverty income ratio (PIR) - a ratio of family income to poverty threshold","Both males and females 0 YEARS - 150 YEARS","Code.or.Value=[""0 to 4.99"", ""5"", "".""]; Value.Description=[""Range of Values"", ""PIR value greater than or equal to 5.00"", ""Missing""]; Count=[""8409"", ""1405"", ""534""]; Cumulative=[""8409"", ""9814"", ""10348""]; Skip.to.Item=[""NA"", ""NA"", ""NA""]"
"DEMO_D","RIDEXPRG","RIDEXPRG","Pregnancy Status at Exam - Recode","Pregnancy status at the time of MEC exam.","Females only 8 YEARS - 59 YEARS","Code.or.Value=[""3"", ""."", ""1"", ""2""]; Value.Description=[""Cannot ascertain if SP is pregnant at exam"", ""Missing"", ""Yes, positive lab pregnancy test or self-reported pregnant at exam"", ""SP not pregnant at exam""]; Count=[""200"", ""6975"", ""382"", ""2791""]; Cumulative=[""3373"", ""10348"", ""382"", ""3173""]; Skip.to.Item=[""NA"", ""NA"", ""NA"", ""NA""]"
"DEMO_D","DMDHRGND","DMDHRGND","HH Ref Person Gender","Gender of the household reference person","Both males and females 0 YEARS - 150 YEARS","Code.or.Value=[""1"", ""2"", "".""]; Value.Description=[""Male"", ""Female"", ""Missing""]; Count=[""5576"", ""4772"", ""0""]; Cumulative=[""5576"", ""10348"", ""10348""]; Skip.to.Item=[""NA"", ""NA"", ""NA""]"
"DEMO_D","DMDHRAGE","DMDHRAGE","HH Ref Person Age","Age in years of the household reference person at the time of HH screening. Individuals 85 and over are topcoded at 85 years of age.","Both males and females 0 YEARS - 150 YEARS","Code.or.Value=[""17 to 84"", ""85"", "".""]; Value.Description=[""Range of Values"", "">= 85 years of age"", ""Missing""]; Count=[""10185"", ""163"", ""0""]; Cumulative=[""10185"", ""10348"", ""10348""]; Skip.to.Item=[""NA"", ""NA"", ""NA""]"
"DEMO_D","DMDHRBRN","DMDHRBRN","HH Ref Person Country of Birth","In what country {were you/was NON-SP Head} born?","Both males and females 0 YEARS - 150 YEARS","Code.or.Value=[""1"", ""2"", ""3"", ""7"", ""9"", "".""]; Value.Description=[""Born in 50 US States or Washington, DC"", ""Born in Mexico"", ""Born Elsewhere"", ""Refused"", ""Don't know"", ""Missing""]; Count=[""7392"", ""1700"", ""927"", ""4"", ""2"", ""323""]; Cumulative=[""7392"", ""9092"", ""10019"", ""10023"", ""10025"", ""10348""]; Skip.to.Item=[""NA"", ""NA"", ""NA"", ""NA"", ""NA"", ""NA""]"
"DEMO_D","DMDHREDU","DMDHREDU","HH Ref Person Education Level","What is the highest grade or level of school {you have/NON_SP HEAD has} received?","Both males and females 0 YEARS - 150 YEARS","Code.or.Value=[""1"", ""2"", ""3"", ""4"", ""5"", ""7"", ""9"", "".""]; Value.Description=[""Less Than 9th Grade"", ""9-11th Grade (Includes 12th grade with no diploma)"", ""High School Grad/GED or equivalent"", ""Some College or AA degree"", ""College Graduate or above"", ""Refused"", ""Don't know"", ""Missing""]; Count=[""1279"", ""1707"", ""2408"", ""2756"", ""1811"", ""10"", ""55"", ""322""]; Cumulative=[""1279"", ""2986"", ""5394"", ""8150"", ""9961"", ""9971"", ""10026"", ""10348""]; Skip.to.Item=[""NA"", ""NA"", ""NA"", ""NA"", ""NA"", ""NA"", ""NA"", ""NA""]"
"DEMO_D","DMDHRMAR","DMDHRMAR","HH Ref Person Marital Status","Marital Status of household reference person","Both males and females 0 YEARS - 150 YEARS","Code.or.Value=[""1"", ""2"", ""3"", ""4"", ""5"", ""6"", ""77"", ""99"", "".""]; Value.Description=[""Married"", ""Widowed"", ""Divorced"", ""Separated"", ""Never married"", ""Living with partner"", ""Refused"", ""Don't know"", ""Missing""]; Count=[""6009"", ""594"", ""939"", ""459"", ""1364"", ""606"", ""42"", ""2"", ""333""]; Cumulative=[""6009"", ""6603"", ""7542"", ""8001"", ""9365"", ""9971"", ""10013"", ""10015"", ""10348""]; Skip.to.Item=[""NA"", ""NA"", ""NA"", ""NA"", ""NA"", ""NA"", ""NA"", ""NA"", ""NA""]"
"DEMO_D","DMDHSEDU","DMDHSEDU","HH Ref Persons Spouse Education Level","What is the highest grade or level of school {you have/NON-SP SPOUSE has completed or the highest degree {you have/he/she has} received","Both males and females 0 YEARS - 150 YEARS","Code.or.Value=[""1"", ""2"", ""3"", ""4"", ""5"", ""7"", ""9"", "".""]; Value.Description=[""Less Than 9th Grade"", ""9-11th Grade (Includes 12th grade with no diploma)"", ""High School Grad/GED or equivalent"", ""Some College or AA degree"", ""College Graduate or above"", ""Refused"", ""Don't know"", ""Missing""]; Count=[""793"", ""723"", ""1243"", ""1522"", ""1249"", ""4"", ""20"", ""4794""]; Cumulative=[""793"", ""1516"", ""2759"", ""4281"", ""5530"", ""5534"", ""5554"", ""10348""]; Skip.to.Item=[""NA"", ""NA"", ""NA"", ""NA"", ""NA"", ""NA"", ""NA"", ""NA""]"
"DEMO_D","SIALANG","SIALANG","Language of SP Interview","Language of the Sample Person Interview Instrument","Both males and females 0 YEARS - 150 YEARS","Code.or.Value=[""1"", ""2"", "".""]; Value.Description=[""English"", ""Spanish"", ""Missing""]; Count=[""8842"", ""1504"", ""2""]; Cumulative=[""8842"", ""10346"", ""10348""]; Skip.to.Item=[""NA"", ""NA"", ""NA""]"
"DEMO_D","SIAPROXY","SIAPROXY","Proxy used in SP Interview?","Was a Proxy respondent used in conducting the Sample Person (SP) interview?","Both males and females 0 YEARS - 150 YEARS","Code.or.Value=[""1"", ""2"", "".""]; Value.Description=[""Yes"", ""No"", ""Missing""]; Count=[""4252"", ""6094"", ""2""]; Cumulative=[""4252"", ""10346"", ""10348""]; Skip.to.Item=[""NA"", ""NA"", ""NA""]"
"DEMO_D","SIAINTRP","SIAINTRP","Interpreter used in SP Interview?","Was an interpreter used to conduct the Sample Person (SP) interview?","Both males and females 0 YEARS - 150 YEARS","Code.or.Value=[""1"", ""2"", "".""]; Value.Description=[""Yes"", ""No"", ""Missing""]; Count=[""214"", ""10132"", ""2""]; Cumulative=[""214"", ""10346"", ""10348""]; Skip.to.Item=[""NA"", ""NA"", ""NA""]"
"DEMO_D","FIALANG","FIALANG","Language of Family Interview","Language of the Family Interview Instrument","Both males and females 0 YEARS - 150 YEARS","Code.or.Value=[""1"", ""2"", "".""]; Value.Description=[""English"", ""Spanish"", ""Missing""]; Count=[""9214"", ""1021"", ""113""]; Cumulative=[""9214"", ""10235"", ""10348""]; Skip.to.Item=[""NA"", ""NA"", ""NA""]"
"DEMO_D","FIAPROXY","FIAPROXY","Proxy used in Family Interview?","Was a Proxy respondent used in conducting the Family Interview?","Both males and females 0 YEARS - 150 YEARS","Code.or.Value=[""1"", ""2"", "".""]; Value.Description=[""Yes"", ""No"", ""Missing""]; Count=[""18"", ""10217"", ""113""]; Cumulative=[""18"", ""10235"", ""10348""]; Skip.to.Item=[""NA"", ""NA"", ""NA""]"
"DEMO_D","FIAINTRP","FIAINTRP","Interpreter used in Family Interview?","Was an interpreter used to conduct the Family interview?","Both males and females 0 YEARS - 150 YEARS","Code.or.Value=[""1"", ""2"", "".""]; Value.Description=[""Yes"", ""No"", ""Missing""]; Count=[""189"", ""10046"", ""113""]; Cumulative=[""189"", ""10235"", ""10348""]; Skip.to.Item=[""NA"", ""NA"", ""NA""]"
"DEMO_D","MIALANG","MIALANG","Language of MEC Interview","Language of the CAPI MEC Interview Instrument","Both males and females 0 YEARS - 150 YEARS","Code.or.Value=[""1"", ""2"", "".""]; Value.Description=[""English"", ""Spanish"", ""Missing""]; Count=[""6497"", ""639"", ""3212""]; Cumulative=[""6497"", ""7136"", ""10348""]; Skip.to.Item=[""NA"", ""NA"", ""NA""]"
"DEMO_D","MIAPROXY","MIAPROXY","Proxy used in MEC Interview?","Was a Proxy respondent used in conducting the MEC CAPI Interview?","Both males and females 0 YEARS - 150 YEARS","Code.or.Value=[""1"", ""2"", "".""]; Value.Description=[""Yes"", ""No"", ""Missing""]; Count=[""51"", ""7085"", ""3212""]; Cumulative=[""51"", ""7136"", ""10348""]; Skip.to.Item=[""NA"", ""NA"", ""NA""]"
"DEMO_D","MIAINTRP","MIAINTRP","Interpreter used in MEC Interview?","Was an interpreter used to conduct the MEC CAPI interview?","Both males and females 0 YEARS - 150 YEARS","Code.or.Value=[""1"", ""2"", "".""]; Value.Description=[""Yes"", ""No"", ""Missing""]; Count=[""19"", ""7117"", ""3212""]; Cumulative=[""19"", ""7136"", ""10348""]; Skip.to.Item=[""NA"", ""NA"", ""NA""]"
"DEMO_D","AIALANG","AIALANG","Language of ACASI Interview","Language of the MEC ACASI Interview Instrument","Both males and females 0 YEARS - 150 YEARS","Code.or.Value=[""1"", ""2"", "".""]; Value.Description=[""English"", ""Spanish"", ""Missing""]; Count=[""6660"", ""665"", ""3023""]; Cumulative=[""6660"", ""7325"", ""10348""]; Skip.to.Item=[""NA"", ""NA"", ""NA""]"
"DEMO_D","WTINT2YR","WTINT2YR","Full Sample 2 Year Interview Weight","Interviewed Sample Persons.","Both males and females 0 YEARS - 150 YEARS","Code.or.Value=[""1224.968032 to 152162.42158"", "".""]; Value.Description=[""Range of Values"", ""Missing""]; Count=[""10348"", ""0""]; Cumulative=[""10348"", ""10348""]; Skip.to.Item=[""NA"", ""NA""]"
"DEMO_D","WTMEC2YR","WTMEC2YR","Full Sample 2 Year MEC Exam Weight","Both Interviewed and MEC Examined Sample Persons.","Both males and females 0 YEARS - 150 YEARS","Code.or.Value=[""0 to 156152.18069"", "".""]; Value.Description=[""Range of Values"", ""Missing""]; Count=[""10348"", ""0""]; Cumulative=[""10348"", ""10348""]; Skip.to.Item=[""NA"", ""NA""]"
"DEMO_D","SDMVPSU","SDMVPSU","Masked Variance Pseudo-PSU","Masked Variance Unit Pseudo-PSU variable for variance estimation","Both males and females 0 YEARS - 150 YEARS","Code.or.Value=[""1 to 2"", "".""]; Value.Description=[""Range of Values"", ""Missing""]; Count=[""10348"", ""0""]; Cumulative=[""10348"", ""10348""]; Skip.to.Item=[""NA"", ""NA""]"
"DEMO_D","SDMVSTRA","SDMVSTRA","Masked Variance Pseudo-Stratum","Masked Variance Unit Pseudo-Stratum variable for variance estimation","Both males and females 0 YEARS - 150 YEARS","Code.or.Value=[""44 to 58"", "".""]; Value.Description=[""Range of Values"", ""Missing""]; Count=[""10348"", ""0""]; Cumulative=[""10348"", ""10348""]; Skip.to.Item=[""NA"", ""NA""]"
"DEMO_E","SEQN","SEQN","Respondent sequence number","Respondent sequence number.","Both males and females 0 YEARS - 150 YEARS",NA
"DEMO_E","SDDSRVYR","SDDSRVYR","Data Release Number","Data Release Number.","Both males and females 0 YEARS - 150 YEARS","Code.or.Value=[""5"", "".""]; Value.Description=[""NHANES 2007-2008 Public Release"", ""Missing""]; Count=[""10149"", ""0""]; Cumulative=[""10149"", ""10149""]; Skip.to.Item=[""NA"", ""NA""]"
"DEMO_E","RIDSTATR","RIDSTATR","Interview/Examination Status","Interview and Examination Status of the Sample Person.","Both males and females 0 YEARS - 150 YEARS","Code.or.Value=[""1"", ""2"", "".""]; Value.Description=[""Interviewed Only"", ""Both Interviewed and MEC examined"", ""Missing""]; Count=[""387"", ""9762"", ""0""]; Cumulative=[""387"", ""10149"", ""10149""]; Skip.to.Item=[""NA"", ""NA"", ""NA""]"
"DEMO_E","RIDEXMON","RIDEXMON","Six month time period","Six month time period when the examination was performed - two categories: November 1 through April 30 May 1 through October 31.","Both males and females 0 YEARS - 150 YEARS","Code.or.Value=[""1"", ""2"", "".""]; Value.Description=[""November 1 through April 30"", ""May 1 through October 31"", ""Missing""]; Count=[""4507"", ""5255"", ""387""]; Cumulative=[""4507"", ""9762"", ""10149""]; Skip.to.Item=[""NA"", ""NA"", ""NA""]"
"DEMO_E","RIAGENDR","RIAGENDR","Gender","Gender of the sample person","Both males and females 0 YEARS - 150 YEARS","Code.or.Value=[""1"", ""2"", "".""]; Value.Description=[""Male"", ""Female"", ""Missing""]; Count=[""5096"", ""5053"", ""0""]; Cumulative=[""5096"", ""10149"", ""10149""]; Skip.to.Item=[""NA"", ""NA"", ""NA""]"
"DEMO_E","RIDAGEYR","RIDAGEYR","Age at Screening Adjudicated - Recode","Best age in years of the sample person at time of HH screening. Individuals 80 and over are topcoded at 80 years of age.","Both males and females 0 YEARS - 150 YEARS","Code.or.Value=[""0 to 79"", ""80"", "".""]; Value.Description=[""Range of Values"", "">= 80 years of age"", ""Missing""]; Count=[""9710"", ""439"", ""0""]; Cumulative=[""9710"", ""10149"", ""10149""]; Skip.to.Item=[""NA"", ""NA"", ""NA""]"
"DEMO_E","RIDAGEMN","RIDAGEMN","Age in Months at Screening - Recode","Best age in months at date of screening for individuals under 80 years of age.","Both males and females 0 YEARS - 79 YEARS","Code.or.Value=[""0 to 959"", "".""]; Value.Description=[""Range of Values"", ""Missing""]; Count=[""9710"", ""439""]; Cumulative=[""9710"", ""10149""]; Skip.to.Item=[""NA"", ""NA""]"
"DEMO_E","RIDAGEEX","RIDAGEEX","Age in Months at Exam - Recode","Best age in months at date of examination for individuals under 80 years of age at screening.","Both males and females 0 YEARS - 79 YEARS","Code.or.Value=[""0 to 959"", "".""]; Value.Description=[""Range of Values"", ""Missing""]; Count=[""9367"", ""782""]; Cumulative=[""9367"", ""10149""]; Skip.to.Item=[""NA"", ""NA""]"
"DEMO_E","RIDRETH1","RIDRETH1","Race/Ethnicity - Recode","Recode of reported race and ethnicity information.","Both males and females 0 YEARS - 150 YEARS","Code.or.Value=[""1"", ""2"", ""3"", ""4"", ""5"", "".""]; Value.Description=[""Mexican American"", ""Other Hispanic"", ""Non-Hispanic White"", ""Non-Hispanic Black"", ""Other Race - Including Multi-Racial"", ""Missing""]; Count=[""2157"", ""1201"", ""4115"", ""2211"", ""465"", ""0""]; Cumulative=[""2157"", ""3358"", ""7473"", ""9684"", ""10149"", ""10149""]; Skip.to.Item=[""NA"", ""NA"", ""NA"", ""NA"", ""NA"", ""NA""]"
"DEMO_E","DMQMILIT","DMQMILIT","Served in the US Armed Forces","Did {you/SP} ever serve in the Armed Forces of the United States?","Both males and females 17 YEARS - 150 YEARS","Code.or.Value=[""1"", ""2"", ""7"", ""9"", "".""]; Value.Description=[""Yes"", ""No"", ""Refused"", ""Don't know"", ""Missing""]; Count=[""767"", ""5603"", ""1"", ""0"", ""3778""]; Cumulative=[""767"", ""6370"", ""6371"", ""6371"", ""10149""]; Skip.to.Item=[""NA"", ""NA"", ""NA"", ""NA"", ""NA""]"
"DEMO_E","DMDBORN2","DMDBORN2","Country of Birth - Recode","In what country {were you/was SP} born?","Both males and females 0 YEARS - 150 YEARS","Code.or.Value=[""1"", ""2"", ""4"", ""5"", ""7"", ""9"", "".""]; Value.Description=[""Born in 50 US States or Washington, DC"", ""Born in Mexico"", ""Born in Other Spanish Speaking Country"", ""Born in Other Non-Spanish Speaking Country"", ""Refused"", ""Don't Know"", ""Missing""]; Count=[""8399"", ""730"", ""583"", ""431"", ""5"", ""1"", ""0""]; Cumulative=[""8399"", ""9129"", ""9712"", ""10143"", ""10148"", ""10149"", ""10149""]; Skip.to.Item=[""NA"", ""NA"", ""NA"", ""NA"", ""NA"", ""NA"", ""NA""]"
"DEMO_E","DMDCITZN","DMDCITZN","Citizenship Status","{Are you/Is SP} a citizen of the United States? [Information about citizenship is being collected by the U.S. Public Health Service to perform health related research. Providing this information is voluntary and is collected under the authority of the Public Health Service Act. There will be no effect on pending immigration or citizenship petitions.]","Both males and females 0 YEARS - 150 YEARS","Code.or.Value=[""1"", ""2"", ""7"", ""9"", "".""]; Value.Description=[""Citizen by birth or naturalization"", ""Not a citizen of the US"", ""Refused"", ""Don't know"", ""Missing""]; Count=[""9180"", ""957"", ""4"", ""2"", ""6""]; Cumulative=[""9180"", ""10137"", ""10141"", ""10143"", ""10149""]; Skip.to.Item=[""NA"", ""NA"", ""NA"", ""NA"", ""NA""]"
"DEMO_E","DMDYRSUS","DMDYRSUS","Length of time in US","Length of time SP has been in the US.","Both males and females 0 YEARS - 150 YEARS","Code.or.Value=[""1"", ""2"", ""3"", ""4"", ""5"", ""6"", ""7"", ""8"", ""9"", ""77"", ""99"", "".""]; Value.Description=[""Less than 1 year"", ""1 yr., less than 5 yrs."", ""5 yrs., less than 10 yrs."", ""10 yrs., less than 15 yrs."", ""15 yrs., less than 20 yrs."", ""20 yrs., less than 30 yrs."", ""30 yrs., less than 40 yrs."", ""40 yrs., less than 50 yrs."", ""50 years or more"", ""Refused"", ""Don't know"", ""Missing""]; Count=[""78"", ""216"", ""280"", ""189"", ""204"", ""298"", ""178"", ""126"", ""85"", ""20"", ""36"", ""8439""]; Cumulative=[""78"", ""294"", ""574"", ""763"", ""967"", ""1265"", ""1443"", ""1569"", ""1654"", ""1674"", ""1710"", ""10149""]; Skip.to.Item=[""NA"", ""NA"", ""NA"", ""NA"", ""NA"", ""NA"", ""NA"", ""NA"", ""NA"", ""NA"", ""NA"", ""NA""]"
"DEMO_E","DMDEDUC3","DMDEDUC3","Education Level - Children/Youth 6-19","(SP Interview Version) What is the highest grade or level of school {you have/SP has} completed or the highest degree {you have/s/he has} received?","Both males and females 6 YEARS - 19 YEARS","Code.or.Value=[""0"", ""1"", ""2"", ""3"", ""4"", ""5"", ""6"", ""7"", ""8"", ""9"", ""10"", ""11"", ""12"", ""13"", ""14"", ""15"", ""55"", ""66"", ""77"", ""99"", "".""]; Value.Description=[""Never Attended / Kindergarten Only"", ""1st Grade"", ""2nd Grade"", ""3rd Grade"", ""4th Grade"", ""5th Grade"", ""6th Grade"", ""7th Grade"", ""8th Grade"", ""9th Grade"", ""10th Grade"", ""11th Grade"", ""12th Grade, No Diploma"", ""High School Graduate"", ""GED or Equivalent"", ""More than high school"", ""Less Than 5th Grade"", ""Less Than 9th Grade"", ""Refused"", ""Don't know"", ""Missing""]; Count=[""229"", ""228"", ""219"", ""206"", ""214"", ""211"", ""157"", ""160"", ""146"", ""179"", ""154"", ""165"", ""33"", ""91"", ""9"", ""81"", ""2"", ""16"", ""0"", ""0"", ""7649""]; Cumulative=[""229"", ""457"", ""676"", ""882"", ""1096"", ""1307"", ""1464"", ""1624"", ""1770"", ""1949"", ""2103"", ""2268"", ""2301"", ""2392"", ""2401"", ""2482"", ""2484"", ""2500"", ""2500"", ""2500"", ""10149""]; Skip.to.Item=[""NA"", ""NA"", ""NA"", ""NA"", ""NA"", ""NA"", ""NA"", ""NA"", ""NA"", ""NA"", ""NA"", ""NA"", ""NA"", ""NA"", ""NA"", ""NA"", ""NA"", ""NA"", ""NA"", ""NA"", ""NA""]"
"DEMO_E","DMDEDUC2","DMDEDUC2","Education Level - Adults 20+","(SP Interview Version) What is the highest grade or level of school {you have/SP has} completed or the highest degree {you have/s/he has} received?","Both males and females 20 YEARS - 150 YEARS","Code.or.Value=[""1"", ""2"", ""3"", ""4"", ""5"", ""7"", ""9"", "".""]; Value.Description=[""Less Than 9th Grade"", ""9-11th Grade (Includes 12th grade with no diploma)"", ""High School Grad/GED or Equivalent"", ""Some College or AA degree"", ""College Graduate or above"", ""Refused"", ""Don't Know"", ""Missing""]; Count=[""811"", ""1050"", ""1462"", ""1505"", ""1100"", ""2"", ""5"", ""4214""]; Cumulative=[""811"", ""1861"", ""3323"", ""4828"", ""5928"", ""5930"", ""5935"", ""10149""]; Skip.to.Item=[""NA"", ""NA"", ""NA"", ""NA"", ""NA"", ""NA"", ""NA"", ""NA""]"
"DEMO_E","DMDSCHOL","DMDSCHOL","Now attending school?","{Are you/Is SP} now . . .","Both males and females 6 YEARS - 19 YEARS","Code.or.Value=[""1"", ""2"", ""3"", ""7"", ""9"", "".""]; Value.Description=[""In school"", ""On vacation from school (between grades)"", ""Neither in school or on vacation from school (between grades)"", ""Refused"", ""Don't know"", ""Missing""]; Count=[""1748"", ""373"", ""149"", ""0"", ""0"", ""7879""]; Cumulative=[""1748"", ""2121"", ""2270"", ""2270"", ""2270"", ""10149""]; Skip.to.Item=[""NA"", ""NA"", ""NA"", ""NA"", ""NA"", ""NA""]"
"DEMO_E","DMDMARTL","DMDMARTL","Marital Status","Marital Status","Both males and females 20 YEARS - 150 YEARS","Code.or.Value=[""1"", ""2"", ""3"", ""4"", ""5"", ""6"", ""77"", ""99"", "".""]; Value.Description=[""Married"", ""Widowed"", ""Divorced"", ""Separated"", ""Never married"", ""Living with partner"", ""Refused"", ""Don't know"", ""Missing""]; Count=[""3116"", ""562"", ""657"", ""203"", ""992"", ""401"", ""4"", ""0"", ""4214""]; Cumulative=[""3116"", ""3678"", ""4335"", ""4538"", ""5530"", ""5931"", ""5935"", ""5935"", ""10149""]; Skip.to.Item=[""NA"", ""NA"", ""NA"", ""NA"", ""NA"", ""NA"", ""NA"", ""NA"", ""NA""]"
"DEMO_E","DMDHHSIZ","DMDHHSIZ","Total number of people in the Household","Total number of people in the Household","Both males and females 0 YEARS - 150 YEARS","Code.or.Value=[""1 to 6"", ""7"", "".""]; Value.Description=[""Range of Values"", ""7 or more people in the Household"", ""Missing""]; Count=[""9214"", ""935"", ""0""]; Cumulative=[""9214"", ""10149"", ""10149""]; Skip.to.Item=[""NA"", ""NA"", ""NA""]"
"DEMO_E","DMDFMSIZ","DMDFMSIZ","Total number of people in the Family","Total number of people in the Family","Both males and females 0 YEARS - 150 YEARS","Code.or.Value=[""1 to 6"", ""7"", "".""]; Value.Description=[""Range of Values"", ""7 or more people in the Family"", ""Missing""]; Count=[""9302"", ""847"", ""0""]; Cumulative=[""9302"", ""10149"", ""10149""]; Skip.to.Item=[""NA"", ""NA"", ""NA""]"
"DEMO_E","INDHHIN2","INDHHIN2","Annual Household Income","Total household income (reported as a range value in dollars)","Both males and females 0 YEARS - 150 YEARS","Code.or.Value=[""1"", ""2"", ""3"", ""4"", ""5"", ""6"", ""7"", ""8"", ""9"", ""10"", ""12"", ""13"", ""14"", ""15"", ""77"", ""99"", "".""]; Value.Description=[""$     0 to $ 4,999"", ""$ 5,000 to $ 9,999"", ""$10,000 to $14,999"", ""$15,000 to $19,999"", ""$20,000 to $24,999"", ""$25,000 to $34,999"", ""$35,000 to $44,999"", ""$45,000 to $54,999"", ""$55,000 to $64,999"", ""$65,000 to $74,999"", ""Over $20,000"", ""Under $20,000"", ""$75,000 to $99,999"", ""$100,000 and Over"", ""Refused"", ""Don't know"", ""Missing""]; Count=[""203"", ""500"", ""772"", ""797"", ""878"", ""1274"", ""943"", ""745"", ""604"", ""535"", ""350"", ""111"", ""865"", ""1195"", ""134"", ""166"", ""77""]; Cumulative=[""203"", ""703"", ""1475"", ""2272"", ""3150"", ""4424"", ""5367"", ""6112"", ""6716"", ""7251"", ""7601"", ""7712"", ""8577"", ""9772"", ""9906"", ""10072"", ""10149""]; Skip.to.Item=[""NA"", ""NA"", ""NA"", ""NA"", ""NA"", ""NA"", ""NA"", ""NA"", ""NA"", ""NA"", ""NA"", ""NA"", ""NA"", ""NA"", ""NA"", ""NA"", ""NA""]"
"DEMO_E","INDFMIN2","INDFMIN2","Annual Family Income","Total family income (reported as a range value in dollars)","Both males and females 0 YEARS - 150 YEARS","Code.or.Value=[""1"", ""2"", ""3"", ""4"", ""5"", ""6"", ""7"", ""8"", ""9"", ""10"", ""12"", ""13"", ""14"", ""15"", ""77"", ""99"", "".""]; Value.Description=[""$     0 to $ 4,999"", ""$ 5,000 to $ 9,999"", ""$10,000 to $14,999"", ""$15,000 to $19,999"", ""$20,000 to $24,999"", ""$25,000 to $34,999"", ""$35,000 to $44,999"", ""$45,000 to $54,999"", ""$55,000 to $64,999"", ""$65,000 to $74,999"", ""Over $20,000"", ""Under $20,000"", ""$75,000 to $99,999"", ""$100,000 and Over"", ""Refused"", ""Don't know"", ""Missing""]; Count=[""289"", ""543"", ""805"", ""828"", ""906"", ""1245"", ""889"", ""712"", ""583"", ""499"", ""357"", ""126"", ""808"", ""1148"", ""127"", ""190"", ""94""]; Cumulative=[""289"", ""832"", ""1637"", ""2465"", ""3371"", ""4616"", ""5505"", ""6217"", ""6800"", ""7299"", ""7656"", ""7782"", ""8590"", ""9738"", ""9865"", ""10055"", ""10149""]; Skip.to.Item=[""NA"", ""NA"", ""NA"", ""NA"", ""NA"", ""NA"", ""NA"", ""NA"", ""NA"", ""NA"", ""NA"", ""NA"", ""NA"", ""NA"", ""NA"", ""NA"", ""NA""]"
"DEMO_E","INDFMPIR","INDFMPIR","Ratio of family income to poverty","A ratio of family income to poverty threshold","Both males and females 0 YEARS - 150 YEARS","Code.or.Value=[""0 to 4.99"", ""5"", "".""]; Value.Description=[""Range of Values"", ""Value greater than or equal to 5.00"", ""Missing""]; Count=[""7977"", ""1278"", ""894""]; Cumulative=[""7977"", ""9255"", ""10149""]; Skip.to.Item=[""NA"", ""NA"", ""NA""]"
"DEMO_E","RIDEXPRG","RIDEXPRG","Pregnancy Status at Exam - Recode","Pregnancy status for females between 20 and 44 years of age at the time of MEC exam.","Females only 20 YEARS - 44 YEARS","Code.or.Value=[""1"", ""2"", ""3"", "".""]; Value.Description=[""Yes, positive lab pregnancy test or self-reported pregnant at exam"", ""SP not pregnant at exam"", ""Cannot ascertain if SP is pregnant at exam"", ""Missing""]; Count=[""57"", ""1096"", ""55"", ""8941""]; Cumulative=[""57"", ""1153"", ""1208"", ""10149""]; Skip.to.Item=[""NA"", ""NA"", ""NA"", ""NA""]"
"DEMO_E","DMDHRGND","DMDHRGND","HH Ref Person Gender","Gender of the household reference person","Both males and females 0 YEARS - 150 YEARS","Code.or.Value=[""1"", ""2"", "".""]; Value.Description=[""Male"", ""Female"", ""Missing""]; Count=[""5157"", ""4992"", ""0""]; Cumulative=[""5157"", ""10149"", ""10149""]; Skip.to.Item=[""NA"", ""NA"", ""NA""]"
"DEMO_E","DMDHRAGE","DMDHRAGE","HH Ref Person Age","Age in years of the household reference person at the time of HH screening. Individuals 80 and over are topcoded at 80 years of age.","Both males and females 0 YEARS - 150 YEARS","Code.or.Value=[""18 to 79"", ""80"", "".""]; Value.Description=[""Range of Values"", "">= 80 years of age"", ""Missing""]; Count=[""9685"", ""464"", ""0""]; Cumulative=[""9685"", ""10149"", ""10149""]; Skip.to.Item=[""NA"", ""NA"", ""NA""]"
"DEMO_E","DMDHRBR2","DMDHRBR2","HH Ref Person Country of Birth","In what country {were you/was NON-SP Head} born?","Both males and females 0 YEARS - 150 YEARS","Code.or.Value=[""1"", ""2"", ""4"", ""5"", ""7"", ""9"", "".""]; Value.Description=[""Born in 50 US States or Washington, DC"", ""Born in Mexico"", ""Born in Other Spanish Speaking Country"", ""Born in Other Non-Spanish Speaking Country"", ""Refused"", ""Don't know"", ""Missing""]; Count=[""7178"", ""1277"", ""915"", ""499"", ""4"", ""8"", ""268""]; Cumulative=[""7178"", ""8455"", ""9370"", ""9869"", ""9873"", ""9881"", ""10149""]; Skip.to.Item=[""NA"", ""NA"", ""NA"", ""NA"", ""NA"", ""NA"", ""NA""]"
"DEMO_E","DMDHREDU","DMDHREDU","HH Ref Person Education Level","What is the highest grade or level of school {you have/NON_SP HEAD has} received?","Both males and females 0 YEARS - 150 YEARS","Code.or.Value=[""1"", ""2"", ""3"", ""4"", ""5"", ""7"", ""9"", "".""]; Value.Description=[""Less Than 9th Grade"", ""9-11th Grade (Includes 12th grade with no diploma)"", ""High School Grad/GED or equivalent"", ""Some College or AA degree"", ""College Graduate or above"", ""Refused"", ""Don't know"", ""Missing""]; Count=[""1222"", ""1811"", ""2494"", ""2559"", ""1769"", ""4"", ""24"", ""266""]; Cumulative=[""1222"", ""3033"", ""5527"", ""8086"", ""9855"", ""9859"", ""9883"", ""10149""]; Skip.to.Item=[""NA"", ""NA"", ""NA"", ""NA"", ""NA"", ""NA"", ""NA"", ""NA""]"
"DEMO_E","DMDHRMAR","DMDHRMAR","HH Ref Person Marital Status","Marital Status of household reference person","Both males and females 0 YEARS - 150 YEARS","Code.or.Value=[""1"", ""2"", ""3"", ""4"", ""5"", ""6"", ""77"", ""99"", "".""]; Value.Description=[""Married"", ""Widowed"", ""Divorced"", ""Separated"", ""Never married"", ""Living with partner"", ""Refused"", ""Don't know"", ""Missing""]; Count=[""5884"", ""628"", ""1050"", ""407"", ""1224"", ""574"", ""38"", ""3"", ""341""]; Cumulative=[""5884"", ""6512"", ""7562"", ""7969"", ""9193"", ""9767"", ""9805"", ""9808"", ""10149""]; Skip.to.Item=[""NA"", ""NA"", ""NA"", ""NA"", ""NA"", ""NA"", ""NA"", ""NA"", ""NA""]"
"DEMO_E","DMDHSEDU","DMDHSEDU","HH Ref Persons Spouse Education Level","What is the highest grade or level of school {you have/NON-SP SPOUSE has completed or the highest degree {you have/he/she has} received","Both males and females 0 YEARS - 150 YEARS","Code.or.Value=[""1"", ""2"", ""3"", ""4"", ""5"", ""7"", ""9"", "".""]; Value.Description=[""Less Than 9th Grade"", ""9-11th Grade (Includes 12th grade with no diploma)"", ""High School Grad/GED or equivalent"", ""Some College or AA degree"", ""College Graduate or above"", ""Refused"", ""Don't know"", ""Missing""]; Count=[""649"", ""812"", ""1338"", ""1336"", ""1252"", ""3"", ""21"", ""4738""]; Cumulative=[""649"", ""1461"", ""2799"", ""4135"", ""5387"", ""5390"", ""5411"", ""10149""]; Skip.to.Item=[""NA"", ""NA"", ""NA"", ""NA"", ""NA"", ""NA"", ""NA"", ""NA""]"
"DEMO_E","SIALANG","SIALANG","Language of SP Interview","Language of the Sample Person Interview Instrument","Both males and females 0 YEARS - 150 YEARS","Code.or.Value=[""1"", ""2"", "".""]; Value.Description=[""English"", ""Spanish"", ""Missing""]; Count=[""8588"", ""1560"", ""1""]; Cumulative=[""8588"", ""10148"", ""10149""]; Skip.to.Item=[""NA"", ""NA"", ""NA""]"
"DEMO_E","SIAPROXY","SIAPROXY","Proxy used in SP Interview?","Was a Proxy respondent used in conducting the Sample Person (SP) interview?","Both males and females 0 YEARS - 150 YEARS","Code.or.Value=[""1"", ""2"", "".""]; Value.Description=[""Yes"", ""No"", ""Missing""]; Count=[""3660"", ""6488"", ""1""]; Cumulative=[""3660"", ""10148"", ""10149""]; Skip.to.Item=[""NA"", ""NA"", ""NA""]"
"DEMO_E","SIAINTRP","SIAINTRP","Interpreter used in SP Interview?","Was an interpreter used to conduct the Sample Person (SP) interview?","Both males and females 0 YEARS - 150 YEARS","Code.or.Value=[""1"", ""2"", "".""]; Value.Description=[""Yes"", ""No"", ""Missing""]; Count=[""135"", ""10013"", ""1""]; Cumulative=[""135"", ""10148"", ""10149""]; Skip.to.Item=[""NA"", ""NA"", ""NA""]"
"DEMO_E","FIALANG","FIALANG","Language of Family Interview","Language of the Family Interview Instrument","Both males and females 0 YEARS - 150 YEARS","Code.or.Value=[""1"", ""2"", "".""]; Value.Description=[""English"", ""Spanish"", ""Missing""]; Count=[""8940"", ""1081"", ""128""]; Cumulative=[""8940"", ""10021"", ""10149""]; Skip.to.Item=[""NA"", ""NA"", ""NA""]"
"DEMO_E","FIAPROXY","FIAPROXY","Proxy used in Family Interview?","Was a Proxy respondent used in conducting the Family Interview?","Both males and females 0 YEARS - 150 YEARS","Code.or.Value=[""1"", ""2"", "".""]; Value.Description=[""Yes"", ""No"", ""Missing""]; Count=[""9"", ""10012"", ""128""]; Cumulative=[""9"", ""10021"", ""10149""]; Skip.to.Item=[""NA"", ""NA"", ""NA""]"
"DEMO_E","FIAINTRP","FIAINTRP","Interpreter used in Family Interview?","Was an interpreter used to conduct the Family interview?","Both males and females 0 YEARS - 150 YEARS","Code.or.Value=[""1"", ""2"", "".""]; Value.Description=[""Yes"", ""No"", ""Missing""]; Count=[""114"", ""9907"", ""128""]; Cumulative=[""114"", ""10021"", ""10149""]; Skip.to.Item=[""NA"", ""NA"", ""NA""]"
"DEMO_E","MIALANG","MIALANG","Language of MEC Interview","Language of the CAPI MEC Interview Instrument","Both males and females 0 YEARS - 150 YEARS","Code.or.Value=[""1"", ""2"", "".""]; Value.Description=[""English"", ""Spanish"", ""Missing""]; Count=[""6367"", ""779"", ""3003""]; Cumulative=[""6367"", ""7146"", ""10149""]; Skip.to.Item=[""NA"", ""NA"", ""NA""]"
"DEMO_E","MIAPROXY","MIAPROXY","Proxy used in MEC Interview?","Was a Proxy respondent used in conducting the MEC CAPI Interview?","Both males and females 0 YEARS - 150 YEARS","Code.or.Value=[""1"", ""2"", "".""]; Value.Description=[""Yes"", ""No"", ""Missing""]; Count=[""48"", ""7098"", ""3003""]; Cumulative=[""48"", ""7146"", ""10149""]; Skip.to.Item=[""NA"", ""NA"", ""NA""]"
"DEMO_E","MIAINTRP","MIAINTRP","Interpreter used in MEC Interview?","Was an interpreter used to conduct the MEC CAPI interview?","Both males and females 0 YEARS - 150 YEARS","Code.or.Value=[""1"", ""2"", "".""]; Value.Description=[""Yes"", ""No"", ""Missing""]; Count=[""42"", ""7104"", ""3003""]; Cumulative=[""42"", ""7146"", ""10149""]; Skip.to.Item=[""NA"", ""NA"", ""NA""]"
"DEMO_E","AIALANG","AIALANG","Language of ACASI Interview","Language of the MEC ACASI Interview Instrument","Both males and females 0 YEARS - 150 YEARS","Code.or.Value=[""1"", ""2"", "".""]; Value.Description=[""English"", ""Spanish"", ""Missing""]; Count=[""6907"", ""827"", ""2415""]; Cumulative=[""6907"", ""7734"", ""10149""]; Skip.to.Item=[""NA"", ""NA"", ""NA""]"
"DEMO_E","WTINT2YR","WTINT2YR","Full Sample 2 Year Interview Weight","Interviewed Sample Persons.","Both males and females 0 YEARS - 150 YEARS","Code.or.Value=[""2359.373828 to 186295.50665"", "".""]; Value.Description=[""Range of Values"", ""Missing""]; Count=[""10149"", ""0""]; Cumulative=[""10149"", ""10149""]; Skip.to.Item=[""NA"", ""NA""]"
"DEMO_E","WTMEC2YR","WTMEC2YR","Full Sample 2 Year MEC Exam Weight","Both Interviewed and MEC Examined Sample Persons.","Both males and females 0 YEARS - 150 YEARS","Code.or.Value=[""0 to 192770.73006"", "".""]; Value.Description=[""Range of Values"", ""Missing""]; Count=[""10149"", ""0""]; Cumulative=[""10149"", ""10149""]; Skip.to.Item=[""NA"", ""NA""]"
"DEMO_E","SDMVPSU","SDMVPSU","Masked Variance Pseudo-PSU","Masked Variance Unit Pseudo-PSU variable for variance estimation","Both males and females 0 YEARS - 150 YEARS","Code.or.Value=[""1 to 2"", "".""]; Value.Description=[""Range of Values"", ""Missing""]; Count=[""10149"", ""0""]; Cumulative=[""10149"", ""10149""]; Skip.to.Item=[""NA"", ""NA""]"
"DEMO_E","SDMVSTRA","SDMVSTRA","Masked Variance Pseudo-Stratum","Masked Variance Unit Pseudo-Stratum variable for variance estimation","Both males and females 0 YEARS - 150 YEARS","Code.or.Value=[""59 to 74"", "".""]; Value.Description=[""Range of Values"", ""Missing""]; Count=[""10149"", ""0""]; Cumulative=[""10149"", ""10149""]; Skip.to.Item=[""NA"", ""NA""]"
"DEMO_F","SEQN","SEQN","Respondent sequence number","Respondent sequence number.","Both males and females 0 YEARS - 150 YEARS",NA
"DEMO_F","SDDSRVYR","SDDSRVYR","Data Release Number","Data Release Number.","Both males and females 0 YEARS - 150 YEARS","Code.or.Value=[""6"", "".""]; Value.Description=[""NHANES 2009-2010 Public Release"", ""Missing""]; Count=[""10537"", ""0""]; Cumulative=[""10537"", ""10537""]; Skip.to.Item=[""NA"", ""NA""]"
"DEMO_F","RIDSTATR","RIDSTATR","Interview/Examination Status","Interview and Examination Status of the Sample Person.","Both males and females 0 YEARS - 150 YEARS","Code.or.Value=[""1"", ""2"", "".""]; Value.Description=[""Interviewed Only"", ""Both Interviewed and MEC examined"", ""Missing""]; Count=[""284"", ""10253"", ""0""]; Cumulative=[""284"", ""10537"", ""10537""]; Skip.to.Item=[""NA"", ""NA"", ""NA""]"
"DEMO_F","RIDEXMON","RIDEXMON","Six month time period","Six month time period when the examination was performed - two categories: November 1 through April 30 May 1 through October 31.","Both males and females 0 YEARS - 150 YEARS","Code.or.Value=[""1"", ""2"", "".""]; Value.Description=[""November 1 through April 30"", ""May 1 through October 31"", ""Missing""]; Count=[""4967"", ""5286"", ""284""]; Cumulative=[""4967"", ""10253"", ""10537""]; Skip.to.Item=[""NA"", ""NA"", ""NA""]"
"DEMO_F","RIAGENDR","RIAGENDR","Gender","Gender of the sample person","Both males and females 0 YEARS - 150 YEARS","Code.or.Value=[""1"", ""2"", "".""]; Value.Description=[""Male"", ""Female"", ""Missing""]; Count=[""5225"", ""5312"", ""0""]; Cumulative=[""5225"", ""10537"", ""10537""]; Skip.to.Item=[""NA"", ""NA"", ""NA""]"
"DEMO_F","RIDAGEYR","RIDAGEYR","Age at Screening Adjudicated - Recode","Best age in years of the sample person at time of HH screening. Individuals 80 and over are topcoded at 80 years of age.","Both males and females 0 YEARS - 150 YEARS","Code.or.Value=[""0 to 79"", ""80"", "".""]; Value.Description=[""Range of Values"", "">= 80 years of age"", ""Missing""]; Count=[""10112"", ""425"", ""0""]; Cumulative=[""10112"", ""10537"", ""10537""]; Skip.to.Item=[""NA"", ""NA"", ""NA""]"
"DEMO_F","RIDAGEMN","RIDAGEMN","Age in Months at Screening - Recode","Best age in months at date of screening for individuals under 80 years of age.","Both males and females 0 YEARS - 79 YEARS","Code.or.Value=[""0 to 959"", "".""]; Value.Description=[""Range of Values"", ""Missing""]; Count=[""10112"", ""425""]; Cumulative=[""10112"", ""10537""]; Skip.to.Item=[""NA"", ""NA""]"
"DEMO_F","RIDAGEEX","RIDAGEEX","Age in Months at Exam - Recode","Best age in months at date of examination for individuals under 80 years of age at the time of MEC exam.","Both males and females 0 YEARS - 79 YEARS","Code.or.Value=[""0 to 959"", "".""]; Value.Description=[""Range of Values"", ""Missing""]; Count=[""9855"", ""682""]; Cumulative=[""9855"", ""10537""]; Skip.to.Item=[""NA"", ""NA""]"
"DEMO_F","RIDRETH1","RIDRETH1","Race/Ethnicity - Recode","Recode of reported race and ethnicity information.","Both males and females 0 YEARS - 150 YEARS","Code.or.Value=[""1"", ""2"", ""3"", ""4"", ""5"", "".""]; Value.Description=[""Mexican American"", ""Other Hispanic"", ""Non-Hispanic White"", ""Non-Hispanic Black"", ""Other Race - Including Multi-Racial"", ""Missing""]; Count=[""2384"", ""1133"", ""4420"", ""1957"", ""643"", ""0""]; Cumulative=[""2384"", ""3517"", ""7937"", ""9894"", ""10537"", ""10537""]; Skip.to.Item=[""NA"", ""NA"", ""NA"", ""NA"", ""NA"", ""NA""]"
"DEMO_F","DMQMILIT","DMQMILIT","Served in the US Armed Forces","Did {you/SP} ever serve in the Armed Forces of the United States?","Both males and females 17 YEARS - 150 YEARS","Code.or.Value=[""1"", ""2"", ""7"", ""9"", "".""]; Value.Description=[""Yes"", ""No"", ""Refused"", ""Don't know"", ""Missing""]; Count=[""770"", ""5952"", ""0"", ""1"", ""3814""]; Cumulative=[""770"", ""6722"", ""6722"", ""6723"", ""10537""]; Skip.to.Item=[""NA"", ""NA"", ""NA"", ""NA"", ""NA""]"
"DEMO_F","DMDBORN2","DMDBORN2","Country of Birth - Recode","In what country {were you/was SP} born?","Both males and females 0 YEARS - 150 YEARS","Code.or.Value=[""1"", ""2"", ""4"", ""5"", ""7"", ""9"", "".""]; Value.Description=[""Born in 50 US States or Washington, DC"", ""Born in Mexico"", ""Born in Other Spanish Speaking Country"", ""Born in Other Non-Spanish Speaking Country"", ""Refused"", ""Don't Know"", ""Missing""]; Count=[""8539"", ""820"", ""537"", ""634"", ""6"", ""1"", ""0""]; Cumulative=[""8539"", ""9359"", ""9896"", ""10530"", ""10536"", ""10537"", ""10537""]; Skip.to.Item=[""NA"", ""NA"", ""NA"", ""NA"", ""NA"", ""NA"", ""NA""]"
"DEMO_F","DMDCITZN","DMDCITZN","Citizenship Status","{Are you/Is SP} a citizen of the United States? [Information about citizenship is being collected by the U.S. Public Health Service to perform health related research. Providing this information is voluntary and is collected under the authority of the Public Health Service Act. There will be no effect on pending immigration or citizenship petitions.]","Both males and females 0 YEARS - 150 YEARS","Code.or.Value=[""1"", ""2"", ""7"", ""9"", "".""]; Value.Description=[""Citizen by birth or naturalization"", ""Not a citizen of the US"", ""Refused"", ""Don't know"", ""Missing""]; Count=[""9381"", ""1128"", ""17"", ""4"", ""7""]; Cumulative=[""9381"", ""10509"", ""10526"", ""10530"", ""10537""]; Skip.to.Item=[""NA"", ""NA"", ""NA"", ""NA"", ""NA""]"
"DEMO_F","DMDYRSUS","DMDYRSUS","Length of time in US","Length of time SP has been in the US.","Both males and females 0 YEARS - 150 YEARS","Code.or.Value=[""1"", ""2"", ""3"", ""4"", ""5"", ""6"", ""7"", ""8"", ""9"", ""77"", ""99"", "".""]; Value.Description=[""Less than 1 year"", ""1 yr., less than 5 yrs."", ""5 yrs., less than 10 yrs."", ""10 yrs., less than 15 yrs."", ""15 yrs., less than 20 yrs."", ""20 yrs., less than 30 yrs."", ""30 yrs., less than 40 yrs."", ""40 yrs., less than 50 yrs."", ""50 years or more"", ""Refused"", ""Don't know"", ""Missing""]; Count=[""50"", ""217"", ""362"", ""243"", ""201"", ""361"", ""204"", ""141"", ""100"", ""66"", ""37"", ""8555""]; Cumulative=[""50"", ""267"", ""629"", ""872"", ""1073"", ""1434"", ""1638"", ""1779"", ""1879"", ""1945"", ""1982"", ""10537""]; Skip.to.Item=[""NA"", ""NA"", ""NA"", ""NA"", ""NA"", ""NA"", ""NA"", ""NA"", ""NA"", ""NA"", ""NA"", ""NA""]"
"DEMO_F","DMDEDUC3","DMDEDUC3","Education Level - Children/Youth 6-19","(SP Interview Version) What is the highest grade or level of school {you have/SP has} completed or the highest degree {you have/s/he has} received?","Both males and females 6 YEARS - 19 YEARS","Code.or.Value=[""0"", ""1"", ""2"", ""3"", ""4"", ""5"", ""6"", ""7"", ""8"", ""9"", ""10"", ""11"", ""12"", ""13"", ""14"", ""15"", ""55"", ""66"", ""77"", ""99"", "".""]; Value.Description=[""Never Attended / Kindergarten Only"", ""1st Grade"", ""2nd Grade"", ""3rd Grade"", ""4th Grade"", ""5th Grade"", ""6th Grade"", ""7th Grade"", ""8th Grade"", ""9th Grade"", ""10th Grade"", ""11th Grade"", ""12th Grade, No Diploma"", ""High School Graduate"", ""GED or Equivalent"", ""More than high school"", ""Less Than 5th Grade"", ""Less Than 9th Grade"", ""Refused"", ""Don't know"", ""Missing""]; Count=[""239"", ""216"", ""211"", ""222"", ""213"", ""193"", ""165"", ""185"", ""166"", ""155"", ""193"", ""185"", ""36"", ""94"", ""13"", ""95"", ""2"", ""11"", ""0"", ""1"", ""7942""]; Cumulative=[""239"", ""455"", ""666"", ""888"", ""1101"", ""1294"", ""1459"", ""1644"", ""1810"", ""1965"", ""2158"", ""2343"", ""2379"", ""2473"", ""2486"", ""2581"", ""2583"", ""2594"", ""2594"", ""2595"", ""10537""]; Skip.to.Item=[""NA"", ""NA"", ""NA"", ""NA"", ""NA"", ""NA"", ""NA"", ""NA"", ""NA"", ""NA"", ""NA"", ""NA"", ""NA"", ""NA"", ""NA"", ""NA"", ""NA"", ""NA"", ""NA"", ""NA"", ""NA""]"
"DEMO_F","DMDEDUC2","DMDEDUC2","Education Level - Adults 20+","(SP Interview Version) What is the highest grade or level of school {you have/SP has} completed or the highest degree {you have/s/he has} received?","Both males and females 20 YEARS - 150 YEARS","Code.or.Value=[""1"", ""2"", ""3"", ""4"", ""5"", ""7"", ""9"", "".""]; Value.Description=[""Less Than 9th Grade"", ""9-11th Grade (Includes 12th grade with no diploma)"", ""High School Grad/GED or Equivalent"", ""Some College or AA degree"", ""College Graduate or above"", ""Refused"", ""Don't Know"", ""Missing""]; Count=[""771"", ""1005"", ""1426"", ""1742"", ""1259"", ""5"", ""10"", ""4319""]; Cumulative=[""771"", ""1776"", ""3202"", ""4944"", ""6203"", ""6208"", ""6218"", ""10537""]; Skip.to.Item=[""NA"", ""NA"", ""NA"", ""NA"", ""NA"", ""NA"", ""NA"", ""NA""]"
"DEMO_F","DMDSCHOL","DMDSCHOL","Now attending school?","{Are you/Is SP} now . . .","Both males and females 6 YEARS - 19 YEARS","Code.or.Value=[""1"", ""2"", ""3"", ""7"", ""9"", "".""]; Value.Description=[""In school"", ""On vacation from school (between grades)"", ""Neither in school or on vacation from school (between grades)"", ""Refused"", ""Don't know"", ""Missing""]; Count=[""1738"", ""471"", ""143"", ""0"", ""1"", ""8184""]; Cumulative=[""1738"", ""2209"", ""2352"", ""2352"", ""2353"", ""10537""]; Skip.to.Item=[""NA"", ""NA"", ""NA"", ""NA"", ""NA"", ""NA""]"
"DEMO_F","DMDMARTL","DMDMARTL","Marital Status","Marital Status","Both males and females 20 YEARS - 150 YEARS","Code.or.Value=[""1"", ""2"", ""3"", ""4"", ""5"", ""6"", ""77"", ""99"", "".""]; Value.Description=[""Married"", ""Widowed"", ""Divorced"", ""Separated"", ""Never married"", ""Living with partner"", ""Refused"", ""Don't know"", ""Missing""]; Count=[""3186"", ""560"", ""679"", ""207"", ""1099"", ""483"", ""3"", ""1"", ""4319""]; Cumulative=[""3186"", ""3746"", ""4425"", ""4632"", ""5731"", ""6214"", ""6217"", ""6218"", ""10537""]; Skip.to.Item=[""NA"", ""NA"", ""NA"", ""NA"", ""NA"", ""NA"", ""NA"", ""NA"", ""NA""]"
"DEMO_F","DMDHHSIZ","DMDHHSIZ","Total number of people in the Household","Total number of people in the Household","Both males and females 0 YEARS - 150 YEARS","Code.or.Value=[""1 to 6"", ""7"", "".""]; Value.Description=[""Range of Values"", ""7 or more people in the Household"", ""Missing""]; Count=[""9458"", ""1079"", ""0""]; Cumulative=[""9458"", ""10537"", ""10537""]; Skip.to.Item=[""NA"", ""NA"", ""NA""]"
"DEMO_F","DMDFMSIZ","DMDFMSIZ","Total number of people in the Family","Total number of people in the Family","Both males and females 0 YEARS - 150 YEARS","Code.or.Value=[""1 to 6"", ""7"", "".""]; Value.Description=[""Range of Values"", ""7 or more people in the Family"", ""Missing""]; Count=[""9561"", ""976"", ""0""]; Cumulative=[""9561"", ""10537"", ""10537""]; Skip.to.Item=[""NA"", ""NA"", ""NA""]"
"DEMO_F","INDHHIN2","INDHHIN2","Annual Household Income","Total household income (reported as a range value in dollars)","Both males and females 0 YEARS - 150 YEARS","Code.or.Value=[""1"", ""2"", ""3"", ""4"", ""5"", ""6"", ""7"", ""8"", ""9"", ""10"", ""12"", ""13"", ""14"", ""15"", ""77"", ""99"", "".""]; Value.Description=[""$     0 to $ 4,999"", ""$ 5,000 to $ 9,999"", ""$10,000 to $14,999"", ""$15,000 to $19,999"", ""$20,000 to $24,999"", ""$25,000 to $34,999"", ""$35,000 to $44,999"", ""$45,000 to $54,999"", ""$55,000 to $64,999"", ""$65,000 to $74,999"", ""Over $20,000"", ""Under $20,000"", ""$75,000 to $99,999"", ""$100,000 and Over"", ""Refused"", ""Don't know"", ""Missing""]; Count=[""262"", ""426"", ""781"", ""732"", ""895"", ""1367"", ""876"", ""786"", ""605"", ""410"", ""464"", ""115"", ""893"", ""1393"", ""216"", ""229"", ""87""]; Cumulative=[""262"", ""688"", ""1469"", ""2201"", ""3096"", ""4463"", ""5339"", ""6125"", ""6730"", ""7140"", ""7604"", ""7719"", ""8612"", ""10005"", ""10221"", ""10450"", ""10537""]; Skip.to.Item=[""NA"", ""NA"", ""NA"", ""NA"", ""NA"", ""NA"", ""NA"", ""NA"", ""NA"", ""NA"", ""NA"", ""NA"", ""NA"", ""NA"", ""NA"", ""NA"", ""NA""]"
"DEMO_F","INDFMIN2","INDFMIN2","Annual Family Income","Total family income (reported as a range value in dollars)","Both males and females 0 YEARS - 150 YEARS","Code.or.Value=[""1"", ""2"", ""3"", ""4"", ""5"", ""6"", ""7"", ""8"", ""9"", ""10"", ""12"", ""13"", ""14"", ""15"", ""77"", ""99"", "".""]; Value.Description=[""$     0 to $ 4,999"", ""$ 5,000 to $ 9,999"", ""$10,000 to $14,999"", ""$15,000 to $19,999"", ""$20,000 to $24,999"", ""$25,000 to $34,999"", ""$35,000 to $44,999"", ""$45,000 to $54,999"", ""$55,000 to $64,999"", ""$65,000 to $74,999"", ""Over $20,000"", ""Under $20,000"", ""$75,000 to $99,999"", ""$100,000 and Over"", ""Refused"", ""Don't know"", ""Missing""]; Count=[""372"", ""513"", ""842"", ""750"", ""913"", ""1341"", ""891"", ""766"", ""581"", ""394"", ""356"", ""133"", ""844"", ""1334"", ""220"", ""215"", ""72""]; Cumulative=[""372"", ""885"", ""1727"", ""2477"", ""3390"", ""4731"", ""5622"", ""6388"", ""6969"", ""7363"", ""7719"", ""7852"", ""8696"", ""10030"", ""10250"", ""10465"", ""10537""]; Skip.to.Item=[""NA"", ""NA"", ""NA"", ""NA"", ""NA"", ""NA"", ""NA"", ""NA"", ""NA"", ""NA"", ""NA"", ""NA"", ""NA"", ""NA"", ""NA"", ""NA"", ""NA""]"
"DEMO_F","INDFMPIR","INDFMPIR","Ratio of family income to poverty","A ratio of family income to poverty threshold","Both males and females 0 YEARS - 150 YEARS","Code.or.Value=[""0 to 4.99"", ""5"", "".""]; Value.Description=[""Range of Values"", ""Value greater than or equal to 5.00"", ""Missing""]; Count=[""8230"", ""1311"", ""996""]; Cumulative=[""8230"", ""9541"", ""10537""]; Skip.to.Item=[""NA"", ""NA"", ""NA""]"
"DEMO_F","RIDEXPRG","RIDEXPRG","Pregnancy Status at Exam - Recode","Pregnancy status for females between 20 and 44 years of age at the time of MEC exam.","Females only 20 YEARS - 44 YEARS","Code.or.Value=[""1"", ""2"", ""3"", "".""]; Value.Description=[""Yes, positive lab pregnancy test or self-reported pregnant at exam"", ""SP not pregnant at exam"", ""Cannot ascertain if SP is pregnant at exam"", ""Missing""]; Count=[""68"", ""1266"", ""71"", ""9132""]; Cumulative=[""68"", ""1334"", ""1405"", ""10537""]; Skip.to.Item=[""NA"", ""NA"", ""NA"", ""NA""]"
"DEMO_F","DMDHRGND","DMDHRGND","HH Ref Person Gender","Gender of the household reference person","Both males and females 0 YEARS - 150 YEARS","Code.or.Value=[""1"", ""2"", "".""]; Value.Description=[""Male"", ""Female"", ""Missing""]; Count=[""5173"", ""5364"", ""0""]; Cumulative=[""5173"", ""10537"", ""10537""]; Skip.to.Item=[""NA"", ""NA"", ""NA""]"
"DEMO_F","DMDHRAGE","DMDHRAGE","HH Ref Person Age","Age in years of the household reference person at the time of HH screening. Individuals 80 and over are topcoded at 80 years of age.","Both males and females 0 YEARS - 150 YEARS","Code.or.Value=[""18 to 79"", ""80"", "".""]; Value.Description=[""Range of Values"", "">= 80 years of age"", ""Missing""]; Count=[""10129"", ""408"", ""0""]; Cumulative=[""10129"", ""10537"", ""10537""]; Skip.to.Item=[""NA"", ""NA"", ""NA""]"
"DEMO_F","DMDHRBR2","DMDHRBR2","HH Ref Person Country of Birth","In what country {were you/was NON-SP Head} born?","Both males and females 0 YEARS - 150 YEARS","Code.or.Value=[""1"", ""2"", ""4"", ""5"", ""7"", ""9"", "".""]; Value.Description=[""Born in 50 US States or Washington, DC"", ""Born in Mexico"", ""Born in Other Spanish Speaking Country"", ""Born in Other Non-Spanish Speaking Country"", ""Refused"", ""Don't know"", ""Missing""]; Count=[""7257"", ""1458"", ""731"", ""811"", ""2"", ""1"", ""277""]; Cumulative=[""7257"", ""8715"", ""9446"", ""10257"", ""10259"", ""10260"", ""10537""]; Skip.to.Item=[""NA"", ""NA"", ""NA"", ""NA"", ""NA"", ""NA"", ""NA""]"
"DEMO_F","DMDHREDU","DMDHREDU","HH Ref Person Education Level","What is the highest grade or level of school {you have/NON_SP HEAD has} received?","Both males and females 0 YEARS - 150 YEARS","Code.or.Value=[""1"", ""2"", ""3"", ""4"", ""5"", ""7"", ""9"", "".""]; Value.Description=[""Less Than 9th Grade"", ""9-11th Grade (Includes 12th grade with no diploma)"", ""High School Grad/GED or equivalent"", ""Some College or AA degree"", ""College Graduate or above"", ""Refused"", ""Don't know"", ""Missing""]; Count=[""1229"", ""1716"", ""2385"", ""2821"", ""2064"", ""5"", ""40"", ""277""]; Cumulative=[""1229"", ""2945"", ""5330"", ""8151"", ""10215"", ""10220"", ""10260"", ""10537""]; Skip.to.Item=[""NA"", ""NA"", ""NA"", ""NA"", ""NA"", ""NA"", ""NA"", ""NA""]"
"DEMO_F","DMDHRMAR","DMDHRMAR","HH Ref Person Marital Status","Marital Status of household reference person","Both males and females 0 YEARS - 150 YEARS","Code.or.Value=[""1"", ""2"", ""3"", ""4"", ""5"", ""6"", ""77"", ""99"", "".""]; Value.Description=[""Married"", ""Widowed"", ""Divorced"", ""Separated"", ""Never married"", ""Living with partner"", ""Refused"", ""Don't know"", ""Missing""]; Count=[""5933"", ""603"", ""1056"", ""411"", ""1433"", ""929"", ""41"", ""6"", ""125""]; Cumulative=[""5933"", ""6536"", ""7592"", ""8003"", ""9436"", ""10365"", ""10406"", ""10412"", ""10537""]; Skip.to.Item=[""NA"", ""NA"", ""NA"", ""NA"", ""NA"", ""NA"", ""NA"", ""NA"", ""NA""]"
"DEMO_F","DMDHSEDU","DMDHSEDU","HH Ref Persons Spouse Education Level","What is the highest grade or level of school {you have/NON-SP SPOUSE has completed or the highest degree {you have/he/she has} received","Both males and females 0 YEARS - 150 YEARS","Code.or.Value=[""1"", ""2"", ""3"", ""4"", ""5"", ""7"", ""9"", "".""]; Value.Description=[""Less Than 9th Grade"", ""9-11th Grade (Includes 12th grade with no diploma)"", ""High School Grad/GED or equivalent"", ""Some College or AA degree"", ""College Graduate or above"", ""Refused"", ""Don't know"", ""Missing""]; Count=[""693"", ""705"", ""1198"", ""1420"", ""1424"", ""8"", ""25"", ""5064""]; Cumulative=[""693"", ""1398"", ""2596"", ""4016"", ""5440"", ""5448"", ""5473"", ""10537""]; Skip.to.Item=[""NA"", ""NA"", ""NA"", ""NA"", ""NA"", ""NA"", ""NA"", ""NA""]"
"DEMO_F","SIALANG","SIALANG","Language of SP Interview","Language of the Sample Person Interview Instrument","Both males and females 0 YEARS - 150 YEARS","Code.or.Value=[""1"", ""2"", "".""]; Value.Description=[""English"", ""Spanish"", ""Missing""]; Count=[""8826"", ""1711"", ""0""]; Cumulative=[""8826"", ""10537"", ""10537""]; Skip.to.Item=[""NA"", ""NA"", ""NA""]"
"DEMO_F","SIAPROXY","SIAPROXY","Proxy used in SP Interview?","Was a Proxy respondent used in conducting the Sample Person (SP) interview?","Both males and females 0 YEARS - 150 YEARS","Code.or.Value=[""1"", ""2"", "".""]; Value.Description=[""Yes"", ""No"", ""Missing""]; Count=[""3705"", ""6829"", ""3""]; Cumulative=[""3705"", ""10534"", ""10537""]; Skip.to.Item=[""NA"", ""NA"", ""NA""]"
"DEMO_F","SIAINTRP","SIAINTRP","Interpreter used in SP Interview?","Was an interpreter used to conduct the Sample Person (SP) interview?","Both males and females 0 YEARS - 150 YEARS","Code.or.Value=[""1"", ""2"", "".""]; Value.Description=[""Yes"", ""No"", ""Missing""]; Count=[""180"", ""10357"", ""0""]; Cumulative=[""180"", ""10537"", ""10537""]; Skip.to.Item=[""NA"", ""NA"", ""NA""]"
"DEMO_F","FIALANG","FIALANG","Language of Family Interview","Language of the Family Interview Instrument","Both males and females 0 YEARS - 150 YEARS","Code.or.Value=[""1"", ""2"", "".""]; Value.Description=[""English"", ""Spanish"", ""Missing""]; Count=[""9315"", ""1154"", ""68""]; Cumulative=[""9315"", ""10469"", ""10537""]; Skip.to.Item=[""NA"", ""NA"", ""NA""]"
"DEMO_F","FIAPROXY","FIAPROXY","Proxy used in Family Interview?","Was a Proxy respondent used in conducting the Family Interview?","Both males and females 0 YEARS - 150 YEARS","Code.or.Value=[""1"", ""2"", "".""]; Value.Description=[""Yes"", ""No"", ""Missing""]; Count=[""18"", ""10451"", ""68""]; Cumulative=[""18"", ""10469"", ""10537""]; Skip.to.Item=[""NA"", ""NA"", ""NA""]"
"DEMO_F","FIAINTRP","FIAINTRP","Interpreter used in Family Interview?","Was an interpreter used to conduct the Family interview?","Both males and females 0 YEARS - 150 YEARS","Code.or.Value=[""1"", ""2"", "".""]; Value.Description=[""Yes"", ""No"", ""Missing""]; Count=[""138"", ""10331"", ""68""]; Cumulative=[""138"", ""10469"", ""10537""]; Skip.to.Item=[""NA"", ""NA"", ""NA""]"
"DEMO_F","MIALANG","MIALANG","Language of MEC Interview","Language of the CAPI MEC Interview Instrument","Both males and females 0 YEARS - 150 YEARS","Code.or.Value=[""1"", ""2"", "".""]; Value.Description=[""English"", ""Spanish"", ""Missing""]; Count=[""6660"", ""699"", ""3178""]; Cumulative=[""6660"", ""7359"", ""10537""]; Skip.to.Item=[""NA"", ""NA"", ""NA""]"
"DEMO_F","MIAPROXY","MIAPROXY","Proxy used in MEC Interview?","Was a Proxy respondent used in conducting the MEC CAPI Interview?","Both males and females 0 YEARS - 150 YEARS","Code.or.Value=[""1"", ""2"", "".""]; Value.Description=[""Yes"", ""No"", ""Missing""]; Count=[""38"", ""7321"", ""3178""]; Cumulative=[""38"", ""7359"", ""10537""]; Skip.to.Item=[""NA"", ""NA"", ""NA""]"
"DEMO_F","MIAINTRP","MIAINTRP","Interpreter used in MEC Interview?","Was an interpreter used to conduct the MEC CAPI interview?","Both males and females 0 YEARS - 150 YEARS","Code.or.Value=[""1"", ""2"", "".""]; Value.Description=[""Yes"", ""No"", ""Missing""]; Count=[""57"", ""7301"", ""3179""]; Cumulative=[""57"", ""7358"", ""10537""]; Skip.to.Item=[""NA"", ""NA"", ""NA""]"
"DEMO_F","AIALANG","AIALANG","Language of ACASI Interview","Language of the MEC ACASI Interview Instrument","Both males and females 0 YEARS - 150 YEARS","Code.or.Value=[""1"", ""2"", "".""]; Value.Description=[""English"", ""Spanish"", ""Missing""]; Count=[""4735"", ""753"", ""5049""]; Cumulative=[""4735"", ""5488"", ""10537""]; Skip.to.Item=[""NA"", ""NA"", ""NA""]"
"DEMO_F","WTINT2YR","WTINT2YR","Full Sample 2 Year Interview Weight","Interviewed Sample Persons.","Both males and females 0 YEARS - 150 YEARS","Code.or.Value=[""3279.931789 to 153810.25883"", "".""]; Value.Description=[""Range of Values"", ""Missing""]; Count=[""10537"", ""0""]; Cumulative=[""10537"", ""10537""]; Skip.to.Item=[""NA"", ""NA""]"
"DEMO_F","WTMEC2YR","WTMEC2YR","Full Sample 2 Year MEC Exam Weight","Both Interviewed and MEC Examined Sample Persons.","Both males and females 0 YEARS - 150 YEARS","Code.or.Value=[""0 to 158146.91752"", "".""]; Value.Description=[""Range of Values"", ""Missing""]; Count=[""10537"", ""0""]; Cumulative=[""10537"", ""10537""]; Skip.to.Item=[""NA"", ""NA""]"
"DEMO_F","SDMVPSU","SDMVPSU","Masked Variance Pseudo-PSU","Masked Variance Unit Pseudo-PSU variable for variance estimation","Both males and females 0 YEARS - 150 YEARS","Code.or.Value=[""1 to 3"", "".""]; Value.Description=[""Range of Values"", ""Missing""]; Count=[""10537"", ""0""]; Cumulative=[""10537"", ""10537""]; Skip.to.Item=[""NA"", ""NA""]"
"DEMO_F","SDMVSTRA","SDMVSTRA","Masked Variance Pseudo-Stratum","Masked Variance Unit Pseudo-Stratum variable for variance estimation","Both males and females 0 YEARS - 150 YEARS","Code.or.Value=[""75 to 89"", "".""]; Value.Description=[""Range of Values"", ""Missing""]; Count=[""10537"", ""0""]; Cumulative=[""10537"", ""10537""]; Skip.to.Item=[""NA"", ""NA""]"
"DEMO_G","SEQN","SEQN","Respondent sequence number","Respondent sequence number.","Both males and females 0 YEARS - 150 YEARS",NA
"DEMO_G","SDDSRVYR","SDDSRVYR","Data release cycle","Data release cycle","Both males and females 0 YEARS - 150 YEARS","Code.or.Value=[""7"", "".""]; Value.Description=[""NHANES 2011-2012 public release"", ""Missing""]; Count=[""9756"", ""0""]; Cumulative=[""9756"", ""9756""]; Skip.to.Item=[""NA"", ""NA""]"
"DEMO_G","RIDSTATR","RIDSTATR","Interview/Examination status","Interview and examination status of the participant.","Both males and females 0 YEARS - 150 YEARS","Code.or.Value=[""1"", ""2"", "".""]; Value.Description=[""Interviewed only"", ""Both interviewed and MEC examined"", ""Missing""]; Count=[""418"", ""9338"", ""0""]; Cumulative=[""418"", ""9756"", ""9756""]; Skip.to.Item=[""NA"", ""NA"", ""NA""]"
"DEMO_G","RIAGENDR","RIAGENDR","Gender","Gender of the participant.","Both males and females 0 YEARS - 150 YEARS","Code.or.Value=[""1"", ""2"", "".""]; Value.Description=[""Male"", ""Female"", ""Missing""]; Count=[""4856"", ""4900"", ""0""]; Cumulative=[""4856"", ""9756"", ""9756""]; Skip.to.Item=[""NA"", ""NA"", ""NA""]"
"DEMO_G","RIDAGEYR","RIDAGEYR","Age in years at screening","Age in years of the participant at the time of screening. Individuals 80 and over are topcoded at 80 years of age.","Both males and females 0 YEARS - 150 YEARS","Code.or.Value=[""0 to 79"", ""80"", "".""]; Value.Description=[""Range of Values"", ""80 years of age and over"", ""Missing""]; Count=[""9393"", ""363"", ""0""]; Cumulative=[""9393"", ""9756"", ""9756""]; Skip.to.Item=[""NA"", ""NA"", ""NA""]"
"DEMO_G","RIDAGEMN","RIDAGEMN","Age in months at screening - 0 to 24 mos","Age in months of the participant at the time of screening. Reported for persons aged 24 months or younger at the time of exam (or screening if not examined).","Both males and females 0 YEARS - 2 YEARS","Code.or.Value=[""0 to 24"", "".""]; Value.Description=[""Range of Values"", ""Missing""]; Count=[""626"", ""9130""]; Cumulative=[""626"", ""9756""]; Skip.to.Item=[""NA"", ""NA""]"
"DEMO_G","RIDRETH1","RIDRETH1","Race/Hispanic origin","Recode of reported race and Hispanic origin information","Both males and females 0 YEARS - 150 YEARS","Code.or.Value=[""1"", ""2"", ""3"", ""4"", ""5"", "".""]; Value.Description=[""Mexican American"", ""Other Hispanic"", ""Non-Hispanic White"", ""Non-Hispanic Black"", ""Other Race - Including Multi-Racial"", ""Missing""]; Count=[""1355"", ""1076"", ""2973"", ""2683"", ""1669"", ""0""]; Cumulative=[""1355"", ""2431"", ""5404"", ""8087"", ""9756"", ""9756""]; Skip.to.Item=[""NA"", ""NA"", ""NA"", ""NA"", ""NA"", ""NA""]"
"DEMO_G","RIDRETH3","RIDRETH3","Race/Hispanic origin w/ NH Asian","Recode of reported race and Hispanic origin information with Non-Hispanic Asian Category","Both males and females 0 YEARS - 150 YEARS","Code.or.Value=[""1"", ""2"", ""3"", ""4"", ""6"", ""7"", "".""]; Value.Description=[""Mexican American"", ""Other Hispanic"", ""Non-Hispanic White"", ""Non-Hispanic Black"", ""Non-Hispanic Asian"", ""Other Race - Including Multi-Racial"", ""Missing""]; Count=[""1355"", ""1076"", ""2973"", ""2683"", ""1282"", ""387"", ""0""]; Cumulative=[""1355"", ""2431"", ""5404"", ""8087"", ""9369"", ""9756"", ""9756""]; Skip.to.Item=[""NA"", ""NA"", ""NA"", ""NA"", ""NA"", ""NA"", ""NA""]"
"DEMO_G","RIDEXMON","RIDEXMON","Six month time period","Six month time period when the examination was performed - two categories: November 1 through April 30 May 1 through October 31.","Both males and females 0 YEARS - 150 YEARS","Code.or.Value=[""1"", ""2"", "".""]; Value.Description=[""November 1 through April 30"", ""May 1 through October 31"", ""Missing""]; Count=[""4517"", ""4821"", ""418""]; Cumulative=[""4517"", ""9338"", ""9756""]; Skip.to.Item=[""NA"", ""NA"", ""NA""]"
"DEMO_G","RIDEXAGY","RIDEXAGY","Age in years at exam - 2 to 19 years","Age in years of the participant at the time of examination. Reported for persons aged 2-19 years at the time of screening.","Both males and females 2 YEARS - 19 YEARS","Code.or.Value=[""2 to 20"", "".""]; Value.Description=[""Range of Values"", ""Missing""]; Count=[""3418"", ""6338""]; Cumulative=[""3418"", ""9756""]; Skip.to.Item=[""NA"", ""NA""]"
"DEMO_G","RIDEXAGM","RIDEXAGM","Age in months at exam - 0 to 19 years","Age in months of the participant at the time of examination. Reported for persons aged 19 years or younger at the time of examination.","Both males and females 0 YEARS - 19 YEARS","Code.or.Value=[""0 to 239"", "".""]; Value.Description=[""Range of Values"", ""Missing""]; Count=[""4009"", ""5747""]; Cumulative=[""4009"", ""9756""]; Skip.to.Item=[""NA"", ""NA""]"
"DEMO_G","DMQMILIZ","DMQMILIZ","Served active duty in US Armed Forces","{Have you/Has SP} ever served on active duty in the U.S. Armed Forces military Reserves or National Guard? (Active duty does not include training for the Reserves or National Guard but does include activation for service in the U.S. or in a foreign country in support of military or humanitarian operations.)","Both males and females 17 YEARS - 150 YEARS","Code.or.Value=[""1"", ""2"", ""7"", ""9"", "".""]; Value.Description=[""Yes"", ""No"", ""Refused"", ""Don't Know"", ""Missing""]; Count=[""551"", ""5456"", ""0"", ""0"", ""3749""]; Cumulative=[""551"", ""6007"", ""6007"", ""6007"", ""9756""]; Skip.to.Item=["""", ""DMDBORN4"", ""DMDBORN4"", ""DMDBORN4"", """"]"
"DEMO_G","DMQADFC","DMQADFC","Served in a foreign country","Did {you/SP} ever serve in a foreign country during a time of armed conflict or on a humanitarian or peace-keeping mission? (This would include National Guard or reserve or active duty monitoring or conducting peace keeping operations in Bosnia and Kosovo in the Sinai between Egypt and Israel or in response to the 2004 tsunami or Haiti in 2010.)","Both males and females 17 YEARS - 150 YEARS","Code.or.Value=[""1"", ""2"", ""7"", ""9"", "".""]; Value.Description=[""Yes"", ""No"", ""Refused"", ""Don't Know"", ""Missing""]; Count=[""282"", ""268"", ""0"", ""1"", ""9205""]; Cumulative=[""282"", ""550"", ""550"", ""551"", ""9756""]; Skip.to.Item=[""NA"", ""NA"", ""NA"", ""NA"", ""NA""]"
"DEMO_G","DMDBORN4","DMDBORN4","Country of birth","In what country {were you/was SP} born?","Both males and females 0 YEARS - 150 YEARS","Code.or.Value=[""1"", ""2"", ""77"", ""99"", "".""]; Value.Description=[""Born in 50 US states or Washington, DC"", ""Others"", ""Refused"", ""Don't Know"", ""Missing""]; Count=[""7668"", ""2083"", ""2"", ""3"", ""0""]; Cumulative=[""7668"", ""9751"", ""9753"", ""9756"", ""9756""]; Skip.to.Item=[""NA"", ""NA"", ""NA"", ""NA"", ""NA""]"
"DEMO_G","DMDCITZN","DMDCITZN","Citizenship status","{Are you/Is SP} a citizen of the United States? [Information about citizenship is being collected by the U.S. Public Health Service to perform health related research. Providing this information is voluntary and is collected under the authority of the Public Health Service Act. There will be no effect on pending immigration or citizenship petitions.]","Both males and females 0 YEARS - 150 YEARS","Code.or.Value=[""1"", ""2"", ""7"", ""9"", "".""]; Value.Description=[""Citizen by birth or naturalization"", ""Not a citizen of the US"", ""Refused"", ""Don't Know"", ""Missing""]; Count=[""8685"", ""1040"", ""26"", ""0"", ""5""]; Cumulative=[""8685"", ""9725"", ""9751"", ""9751"", ""9756""]; Skip.to.Item=[""NA"", ""NA"", ""NA"", ""NA"", ""NA""]"
"DEMO_G","DMDYRSUS","DMDYRSUS","Length of time in US","Length of time the participant has been in the US.","Both males and females 0 YEARS - 150 YEARS","Code.or.Value=[""1"", ""2"", ""3"", ""4"", ""5"", ""6"", ""7"", ""8"", ""9"", ""77"", ""99"", "".""]; Value.Description=[""Less than 1 year"", ""1 year or more, but less than 5 years"", ""5 year or more, but less than 10 years"", ""10 year or more, but less than 15 years"", ""15 year or more, but less than 20 years"", ""20 year or more, but less than 30 years"", ""30 year or more, but less than 40 years"", ""40 year or more, but less than 50 years"", ""50 years or more"", ""Refused"", ""Don't Know"", ""Missing""]; Count=[""80"", ""258"", ""303"", ""345"", ""220"", ""360"", ""249"", ""125"", ""61"", ""48"", ""24"", ""7683""]; Cumulative=[""80"", ""338"", ""641"", ""986"", ""1206"", ""1566"", ""1815"", ""1940"", ""2001"", ""2049"", ""2073"", ""9756""]; Skip.to.Item=[""NA"", ""NA"", ""NA"", ""NA"", ""NA"", ""NA"", ""NA"", ""NA"", ""NA"", ""NA"", ""NA"", ""NA""]"
"DEMO_G","DMDEDUC3","DMDEDUC3","Education level - Children/Youth 6-19","What is the highest grade or level of school {you have/SP has} completed or the highest degree {you have/s/he has} received?","Both males and females 6 YEARS - 19 YEARS","Code.or.Value=[""0"", ""1"", ""2"", ""3"", ""4"", ""5"", ""6"", ""7"", ""8"", ""9"", ""10"", ""11"", ""12"", ""13"", ""14"", ""15"", ""55"", ""66"", ""77"", ""99"", "".""]; Value.Description=[""Never attended / kindergarten only"", ""1st grade"", ""2nd grade"", ""3rd grade"", ""4th grade"", ""5th grade"", ""6th grade"", ""7th grade"", ""8th grade"", ""9th grade"", ""10th grade"", ""11th grade"", ""12th grade, no diploma"", ""High school graduate"", ""GED or equivalent"", ""More than high school"", ""Less than 5th grade"", ""Less than 9th grade"", ""Refused"", ""Don't Know"", ""Missing""]; Count=[""282"", ""231"", ""213"", ""229"", ""210"", ""204"", ""182"", ""157"", ""167"", ""151"", ""167"", ""150"", ""38"", ""89"", ""8"", ""106"", ""2"", ""13"", ""0"", ""0"", ""7157""]; Cumulative=[""282"", ""513"", ""726"", ""955"", ""1165"", ""1369"", ""1551"", ""1708"", ""1875"", ""2026"", ""2193"", ""2343"", ""2381"", ""2470"", ""2478"", ""2584"", ""2586"", ""2599"", ""2599"", ""2599"", ""9756""]; Skip.to.Item=[""NA"", ""NA"", ""NA"", ""NA"", ""NA"", ""NA"", ""NA"", ""NA"", ""NA"", ""NA"", ""NA"", ""NA"", ""NA"", ""NA"", ""NA"", ""NA"", ""NA"", ""NA"", ""NA"", ""NA"", ""NA""]"
"DEMO_G","DMDEDUC2","DMDEDUC2","Education level - Adults 20+","What is the highest grade or level of school {you have/SP has} completed or the highest degree {you have/s/he has} received?","Both males and females 20 YEARS - 150 YEARS","Code.or.Value=[""7"", ""9"", ""."", ""1"", ""2"", ""3"", ""4"", ""5""]; Value.Description=[""Refused"", ""Don't Know"", ""Missing"", ""Less than 9th grade"", ""9-11th grade (Includes 12th grade with no diploma)"", ""High school graduate/GED or equivalent"", ""Some college or AA degree"", ""College graduate or above""]; Count=[""2"", ""3"", ""4196"", ""550"", ""782"", ""1169"", ""1657"", ""1397""]; Cumulative=[""5557"", ""5560"", ""9756"", ""550"", ""1332"", ""2501"", ""4158"", ""5555""]; Skip.to.Item=[""NA"", ""NA"", ""NA"", ""NA"", ""NA"", ""NA"", ""NA"", ""NA""]"
"DEMO_G","DMDMARTL","DMDMARTL","Marital status","Marital status","Both males and females 20 YEARS - 150 YEARS","Code.or.Value=[""1"", ""2"", ""3"", ""4"", ""5"", ""6"", ""77"", ""99"", "".""]; Value.Description=[""Married"", ""Widowed"", ""Divorced"", ""Separated"", ""Never married"", ""Living with partner"", ""Refused"", ""Don't Know"", ""Missing""]; Count=[""2683"", ""467"", ""571"", ""204"", ""1188"", ""440"", ""6"", ""1"", ""4196""]; Cumulative=[""2683"", ""3150"", ""3721"", ""3925"", ""5113"", ""5553"", ""5559"", ""5560"", ""9756""]; Skip.to.Item=[""NA"", ""NA"", ""NA"", ""NA"", ""NA"", ""NA"", ""NA"", ""NA"", ""NA""]"
"DEMO_G","RIDEXPRG","RIDEXPRG","Pregnancy status at exam","Pregnancy status for females between 20 and 44 years of age at the time of MEC exam.","Females only 20 YEARS - 44 YEARS","Code.or.Value=[""1"", ""2"", ""3"", "".""]; Value.Description=[""Yes, positive lab pregnancy test or self-reported pregnant at exam"", ""The participant was not pregnant at exam"", ""Cannot ascertain if the participant is pregnant at exam"", ""Missing""]; Count=[""57"", ""1066"", ""85"", ""8548""]; Cumulative=[""57"", ""1123"", ""1208"", ""9756""]; Skip.to.Item=[""NA"", ""NA"", ""NA"", ""NA""]"
"DEMO_G","SIALANG","SIALANG","Language of SP Interview","Language of the Sample Person Interview Instrument","Both males and females 0 YEARS - 150 YEARS","Code.or.Value=[""1"", ""2"", "".""]; Value.Description=[""English"", ""Spanish"", ""Missing""]; Count=[""8551"", ""1205"", ""0""]; Cumulative=[""8551"", ""9756"", ""9756""]; Skip.to.Item=[""NA"", ""NA"", ""NA""]"
"DEMO_G","SIAPROXY","SIAPROXY","Proxy used in SP Interview?","Was a Proxy respondent used in conducting the Sample Person (SP) interview?","Both males and females 0 YEARS - 150 YEARS","Code.or.Value=[""1"", ""2"", "".""]; Value.Description=[""Yes"", ""No"", ""Missing""]; Count=[""3633"", ""6117"", ""6""]; Cumulative=[""3633"", ""9750"", ""9756""]; Skip.to.Item=[""NA"", ""NA"", ""NA""]"
"DEMO_G","SIAINTRP","SIAINTRP","Interpreter used in SP Interview?","Was an interpreter used to conduct the Sample Person (SP) interview?","Both males and females 0 YEARS - 150 YEARS","Code.or.Value=[""1"", ""2"", "".""]; Value.Description=[""Yes"", ""No"", ""Missing""]; Count=[""339"", ""9417"", ""0""]; Cumulative=[""339"", ""9756"", ""9756""]; Skip.to.Item=[""NA"", ""NA"", ""NA""]"
"DEMO_G","FIALANG","FIALANG","Language of Family Interview","Language of the Family Interview Instrument","Both males and females 0 YEARS - 150 YEARS","Code.or.Value=[""1"", ""2"", "".""]; Value.Description=[""English"", ""Spanish"", ""Missing""]; Count=[""8872"", ""779"", ""105""]; Cumulative=[""8872"", ""9651"", ""9756""]; Skip.to.Item=[""NA"", ""NA"", ""NA""]"
"DEMO_G","FIAPROXY","FIAPROXY","Proxy used in Family Interview?","Was a Proxy respondent used in conducting the Family Interview?","Both males and females 0 YEARS - 150 YEARS","Code.or.Value=[""1"", ""2"", "".""]; Value.Description=[""Yes"", ""No"", ""Missing""]; Count=[""15"", ""9636"", ""105""]; Cumulative=[""15"", ""9651"", ""9756""]; Skip.to.Item=[""NA"", ""NA"", ""NA""]"
"DEMO_G","FIAINTRP","FIAINTRP","Interpreter used in Family Interview?","Was an interpreter used to conduct the Family interview?","Both males and females 0 YEARS - 150 YEARS","Code.or.Value=[""1"", ""2"", "".""]; Value.Description=[""Yes"", ""No"", ""Missing""]; Count=[""299"", ""9352"", ""105""]; Cumulative=[""299"", ""9651"", ""9756""]; Skip.to.Item=[""NA"", ""NA"", ""NA""]"
"DEMO_G","MIALANG","MIALANG","Language of MEC Interview","Language of the MEC CAPI Interview Instrument","Both males and females 0 YEARS - 150 YEARS","Code.or.Value=[""1"", ""2"", "".""]; Value.Description=[""English"", ""Spanish"", ""Missing""]; Count=[""6356"", ""357"", ""3043""]; Cumulative=[""6356"", ""6713"", ""9756""]; Skip.to.Item=[""NA"", ""NA"", ""NA""]"
"DEMO_G","MIAPROXY","MIAPROXY","Proxy used in MEC Interview?","Was a Proxy respondent used in conducting the MEC CAPI Interview?","Both males and females 0 YEARS - 150 YEARS","Code.or.Value=[""1"", ""2"", "".""]; Value.Description=[""Yes"", ""No"", ""Missing""]; Count=[""38"", ""6675"", ""3043""]; Cumulative=[""38"", ""6713"", ""9756""]; Skip.to.Item=[""NA"", ""NA"", ""NA""]"
"DEMO_G","MIAINTRP","MIAINTRP","Interpreter used in MEC Interview?","Was an interpreter used to conduct the MEC CAPI interview?","Both males and females 0 YEARS - 150 YEARS","Code.or.Value=[""1"", ""2"", "".""]; Value.Description=[""Yes"", ""No"", ""Missing""]; Count=[""206"", ""6507"", ""3043""]; Cumulative=[""206"", ""6713"", ""9756""]; Skip.to.Item=[""NA"", ""NA"", ""NA""]"
"DEMO_G","AIALANGA","AIALANGA","Language of ACASI Interview","Language of the MEC ACASI Interview Instrument","Both males and females 0 YEARS - 150 YEARS","Code.or.Value=[""1"", ""2"", ""3"", "".""]; Value.Description=[""English"", ""Spanish"", ""Asian languages"", ""Missing""]; Count=[""5192"", ""467"", ""95"", ""4002""]; Cumulative=[""5192"", ""5659"", ""5754"", ""9756""]; Skip.to.Item=[""NA"", ""NA"", ""NA"", ""NA""]"
"DEMO_G","WTINT2YR","WTINT2YR","Full sample 2 year interview weight","Interviewed participants.","Both males and females 0 YEARS - 150 YEARS","Code.or.Value=[""3320.8855 to 220233.3152"", "".""]; Value.Description=[""Range of Values"", ""Missing""]; Count=[""9756"", ""0""]; Cumulative=[""9756"", ""9756""]; Skip.to.Item=[""NA"", ""NA""]"
"DEMO_G","WTMEC2YR","WTMEC2YR","Full sample 2 year MEC exam weight","Both interviewed and MEC examined participants.","Both males and females 0 YEARS - 150 YEARS","Code.or.Value=[""0 to 222579.78343"", "".""]; Value.Description=[""Range of Values"", ""Missing""]; Count=[""9756"", ""0""]; Cumulative=[""9756"", ""9756""]; Skip.to.Item=[""NA"", ""NA""]"
"DEMO_G","SDMVPSU","SDMVPSU","Masked variance pseudo-PSU","Masked variance unit pseudo-PSU variable for variance estimation","Both males and females 0 YEARS - 150 YEARS","Code.or.Value=[""1 to 3"", "".""]; Value.Description=[""Range of Values"", ""Missing""]; Count=[""9756"", ""0""]; Cumulative=[""9756"", ""9756""]; Skip.to.Item=[""NA"", ""NA""]"
"DEMO_G","SDMVSTRA","SDMVSTRA","Masked variance pseudo-stratum","Masked variance unit pseudo-stratum variable for variance estimation","Both males and females 0 YEARS - 150 YEARS","Code.or.Value=[""90 to 103"", "".""]; Value.Description=[""Range of Values"", ""Missing""]; Count=[""9756"", ""0""]; Cumulative=[""9756"", ""9756""]; Skip.to.Item=[""NA"", ""NA""]"
"DEMO_G","INDHHIN2","INDHHIN2","Annual household income","Total household income (reported as a range value in dollars)","Both males and females 0 YEARS - 150 YEARS","Code.or.Value=[""1"", ""2"", ""3"", ""4"", ""5"", ""6"", ""7"", ""8"", ""9"", ""10"", ""12"", ""13"", ""14"", ""15"", ""77"", ""99"", "".""]; Value.Description=[""$ 0 to $ 4,999"", ""$ 5,000 to $ 9,999"", ""$10,000 to $14,999"", ""$15,000 to $19,999"", ""$20,000 to $24,999"", ""$25,000 to $34,999"", ""$35,000 to $44,999"", ""$45,000 to $54,999"", ""$55,000 to $64,999"", ""$65,000 to $74,999"", ""$20,000 and Over"", ""Under $20,000"", ""$75,000 to $99,999"", ""$100,000 and Over"", ""Refused"", ""Don't know"", ""Missing""]; Count=[""293"", ""472"", ""729"", ""733"", ""787"", ""1116"", ""913"", ""619"", ""405"", ""421"", ""337"", ""132"", ""804"", ""1499"", ""252"", ""163"", ""81""]; Cumulative=[""293"", ""765"", ""1494"", ""2227"", ""3014"", ""4130"", ""5043"", ""5662"", ""6067"", ""6488"", ""6825"", ""6957"", ""7761"", ""9260"", ""9512"", ""9675"", ""9756""]; Skip.to.Item=[""NA"", ""NA"", ""NA"", ""NA"", ""NA"", ""NA"", ""NA"", ""NA"", ""NA"", ""NA"", ""NA"", ""NA"", ""NA"", ""NA"", ""NA"", ""NA"", ""NA""]"
"DEMO_G","INDFMIN2","INDFMIN2","Annual family income","Total family income (reported as a range value in dollars)","Both males and females 0 YEARS - 150 YEARS","Code.or.Value=[""1"", ""2"", ""3"", ""4"", ""5"", ""6"", ""7"", ""8"", ""9"", ""10"", ""12"", ""13"", ""14"", ""15"", ""77"", ""99"", "".""]; Value.Description=[""$ 0 to $ 4,999"", ""$ 5,000 to $ 9,999"", ""$10,000 to $14,999"", ""$15,000 to $19,999"", ""$20,000 to $24,999"", ""$25,000 to $34,999"", ""$35,000 to $44,999"", ""$45,000 to $54,999"", ""$55,000 to $64,999"", ""$65,000 to $74,999"", ""$20,000 and Over"", ""Under $20,000"", ""$75,000 to $99,999"", ""$100,000 and Over"", ""Refused"", ""Don't know"", ""Missing""]; Count=[""426"", ""525"", ""802"", ""747"", ""794"", ""1129"", ""911"", ""618"", ""405"", ""416"", ""248"", ""129"", ""754"", ""1389"", ""276"", ""136"", ""51""]; Cumulative=[""426"", ""951"", ""1753"", ""2500"", ""3294"", ""4423"", ""5334"", ""5952"", ""6357"", ""6773"", ""7021"", ""7150"", ""7904"", ""9293"", ""9569"", ""9705"", ""9756""]; Skip.to.Item=[""NA"", ""NA"", ""NA"", ""NA"", ""NA"", ""NA"", ""NA"", ""NA"", ""NA"", ""NA"", ""NA"", ""NA"", ""NA"", ""NA"", ""NA"", ""NA"", ""NA""]"
"DEMO_G","INDFMPIR","INDFMPIR","Ratio of family income to poverty","A ratio of family income to poverty guidelines.","Both males and females 0 YEARS - 150 YEARS","Code.or.Value=[""0 to 4.99"", ""5"", "".""]; Value.Description=[""Range of Values"", ""Value greater than or equal to 5.00"", ""Missing""]; Count=[""7656"", ""1260"", ""840""]; Cumulative=[""7656"", ""8916"", ""9756""]; Skip.to.Item=[""NA"", ""NA"", ""NA""]"
"DEMO_G","DMDHHSIZ","DMDHHSIZ","Total number of people in the Household","Total number of people in the Household","Both males and females 0 YEARS - 150 YEARS","Code.or.Value=[""1 to 6"", ""7"", "".""]; Value.Description=[""Range of Values"", ""7 or more people in the Household"", ""Missing""]; Count=[""8936"", ""820"", ""0""]; Cumulative=[""8936"", ""9756"", ""9756""]; Skip.to.Item=[""NA"", ""NA"", ""NA""]"
"DEMO_G","DMDFMSIZ","DMDFMSIZ","Total number of people in the Family","Total number of people in the Family","Both males and females 0 YEARS - 150 YEARS","Code.or.Value=[""1 to 6"", ""7"", "".""]; Value.Description=[""Range of Values"", ""7 or more people in the Family"", ""Missing""]; Count=[""9019"", ""737"", ""0""]; Cumulative=[""9019"", ""9756"", ""9756""]; Skip.to.Item=[""NA"", ""NA"", ""NA""]"
"DEMO_G","DMDHHSZA","DMDHHSZA","# of children 5 years or younger in HH","Number of children aged 5 years or younger in the household","Both males and females 0 YEARS - 150 YEARS","Code.or.Value=[""0 to 2"", ""3"", "".""]; Value.Description=[""Range of Values"", ""3 or more"", ""Missing""]; Count=[""9484"", ""272"", ""0""]; Cumulative=[""9484"", ""9756"", ""9756""]; Skip.to.Item=[""NA"", ""NA"", ""NA""]"
"DEMO_G","DMDHHSZB","DMDHHSZB","# of children 6-17 years old in HH","Number of children aged 6-17 years old in the household","Both males and females 0 YEARS - 150 YEARS","Code.or.Value=[""0 to 3"", ""4"", "".""]; Value.Description=[""Range of Values"", ""4 or more"", ""Missing""]; Count=[""9434"", ""322"", ""0""]; Cumulative=[""9434"", ""9756"", ""9756""]; Skip.to.Item=[""NA"", ""NA"", ""NA""]"
"DEMO_G","DMDHHSZE","DMDHHSZE","# of adults 60 years or older in HH","Number of adults aged 60 years or older in the household","Both males and females 0 YEARS - 150 YEARS","Code.or.Value=[""0 to 2"", ""3"", "".""]; Value.Description=[""Range of Values"", ""3 or more"", ""Missing""]; Count=[""9700"", ""56"", ""0""]; Cumulative=[""9700"", ""9756"", ""9756""]; Skip.to.Item=[""NA"", ""NA"", ""NA""]"
"DEMO_G","DMDHRGND","DMDHRGND","HH ref persons gender","HH reference persons gender","Both males and females 0 YEARS - 150 YEARS","Code.or.Value=[""1"", ""2"", "".""]; Value.Description=[""Male"", ""Female"", ""Missing""]; Count=[""4920"", ""4836"", ""0""]; Cumulative=[""4920"", ""9756"", ""9756""]; Skip.to.Item=[""NA"", ""NA"", ""NA""]"
"DEMO_G","DMDHRAGE","DMDHRAGE","HH ref persons age in years","HH reference persons age in years","Both males and females 0 YEARS - 150 YEARS","Code.or.Value=[""18 to 79"", ""80"", "".""]; Value.Description=[""Range of Values"", ""80 years of age and over"", ""Missing""]; Count=[""9394"", ""362"", ""0""]; Cumulative=[""9394"", ""9756"", ""9756""]; Skip.to.Item=[""NA"", ""NA"", ""NA""]"
"DEMO_G","DMDHRBR4","DMDHRBR4","HH ref persons country of birth","HH reference persons country of birth","Both males and females 0 YEARS - 150 YEARS","Code.or.Value=[""1"", ""2"", ""77"", ""99"", "".""]; Value.Description=[""Born in 50 US states or Washington, DC"", ""Others"", ""Refused"", ""Don't Know"", ""Missing""]; Count=[""6308"", ""3072"", ""5"", ""6"", ""365""]; Cumulative=[""6308"", ""9380"", ""9385"", ""9391"", ""9756""]; Skip.to.Item=[""NA"", ""NA"", ""NA"", ""NA"", ""NA""]"
"DEMO_G","DMDHREDU","DMDHREDU","HH ref persons education level","HH reference persons education level","Both males and females 0 YEARS - 150 YEARS","Code.or.Value=[""1"", ""2"", ""3"", ""4"", ""5"", ""7"", ""9"", "".""]; Value.Description=[""Less Than 9th Grade"", ""9-11th Grade (Includes 12th grade with no diploma)"", ""High School Grad/GED or Equivalent"", ""Some College or AA degree"", ""College Graduate or above"", ""Refused"", ""Don't Know"", ""Missing""]; Count=[""966"", ""1430"", ""2003"", ""2665"", ""2294"", ""3"", ""33"", ""362""]; Cumulative=[""966"", ""2396"", ""4399"", ""7064"", ""9358"", ""9361"", ""9394"", ""9756""]; Skip.to.Item=[""NA"", ""NA"", ""NA"", ""NA"", ""NA"", ""NA"", ""NA"", ""NA""]"
"DEMO_G","DMDHRMAR","DMDHRMAR","HH ref persons marital status","HH reference persons marital status","Both males and females 0 YEARS - 150 YEARS","Code.or.Value=[""1"", ""2"", ""3"", ""4"", ""5"", ""6"", ""77"", ""99"", "".""]; Value.Description=[""Married"", ""Widowed"", ""Divorced"", ""Separated"", ""Never married"", ""Living with partner"", ""Refused"", ""Don't Know"", ""Missing""]; Count=[""5282"", ""581"", ""816"", ""436"", ""1539"", ""876"", ""82"", ""8"", ""136""]; Cumulative=[""5282"", ""5863"", ""6679"", ""7115"", ""8654"", ""9530"", ""9612"", ""9620"", ""9756""]; Skip.to.Item=[""NA"", ""NA"", ""NA"", ""NA"", ""NA"", ""NA"", ""NA"", ""NA"", ""NA""]"
"DEMO_G","DMDHSEDU","DMDHSEDU","HH ref persons spouses education level","HH reference persons spouses education level","Both males and females 0 YEARS - 150 YEARS","Code.or.Value=[""1"", ""2"", ""3"", ""4"", ""5"", ""7"", ""9"", "".""]; Value.Description=[""Less Than 9th Grade"", ""9-11th Grade (Includes 12th grade with no diploma)"", ""High School Grad/GED or Equivalent"", ""Some College or AA degree"", ""College Graduate or above"", ""Refused"", ""Don't Know"", ""Missing""]; Count=[""503"", ""550"", ""991"", ""1236"", ""1571"", ""0"", ""24"", ""4881""]; Cumulative=[""503"", ""1053"", ""2044"", ""3280"", ""4851"", ""4851"", ""4875"", ""9756""]; Skip.to.Item=[""NA"", ""NA"", ""NA"", ""NA"", ""NA"", ""NA"", ""NA"", ""NA""]"
"DEMO_H","SEQN","SEQN","Respondent sequence number","Respondent sequence number.","Both males and females 0 YEARS - 150 YEARS",NA
"DEMO_H","SDDSRVYR","SDDSRVYR","Data release cycle","Data release cycle","Both males and females 0 YEARS - 150 YEARS","Code.or.Value=[""8"", "".""]; Value.Description=[""NHANES 2013-2014 public release"", ""Missing""]; Count=[""10175"", ""0""]; Cumulative=[""10175"", ""10175""]; Skip.to.Item=[""NA"", ""NA""]"
"DEMO_H","RIDSTATR","RIDSTATR","Interview/Examination status","Interview and examination status of the participant.","Both males and females 0 YEARS - 150 YEARS","Code.or.Value=[""1"", ""2"", "".""]; Value.Description=[""Interviewed only"", ""Both interviewed and MEC examined"", ""Missing""]; Count=[""362"", ""9813"", ""0""]; Cumulative=[""362"", ""10175"", ""10175""]; Skip.to.Item=[""NA"", ""NA"", ""NA""]"
"DEMO_H","RIAGENDR","RIAGENDR","Gender","Gender of the participant.","Both males and females 0 YEARS - 150 YEARS","Code.or.Value=[""1"", ""2"", "".""]; Value.Description=[""Male"", ""Female"", ""Missing""]; Count=[""5003"", ""5172"", ""0""]; Cumulative=[""5003"", ""10175"", ""10175""]; Skip.to.Item=[""NA"", ""NA"", ""NA""]"
"DEMO_H","RIDAGEYR","RIDAGEYR","Age in years at screening","Age in years of the participant at the time of screening. Individuals 80 and over are topcoded at 80 years of age.","Both males and females 0 YEARS - 150 YEARS","Code.or.Value=[""0 to 79"", ""80"", "".""]; Value.Description=[""Range of Values"", ""80 years of age and over"", ""Missing""]; Count=[""9823"", ""352"", ""0""]; Cumulative=[""9823"", ""10175"", ""10175""]; Skip.to.Item=[""NA"", ""NA"", ""NA""]"
"DEMO_H","RIDAGEMN","RIDAGEMN","Age in months at screening - 0 to 24 mos","Age in months of the participant at the time of screening. Reported for persons aged 24 months or younger at the time of exam (or screening if not examined).","Both males and females 0 YEARS - 2 YEARS","Code.or.Value=[""0 to 24"", "".""]; Value.Description=[""Range of Values"", ""Missing""]; Count=[""673"", ""9502""]; Cumulative=[""673"", ""10175""]; Skip.to.Item=[""NA"", ""NA""]"
"DEMO_H","RIDRETH1","RIDRETH1","Race/Hispanic origin","Recode of reported race and Hispanic origin information","Both males and females 0 YEARS - 150 YEARS","Code.or.Value=[""1"", ""2"", ""3"", ""4"", ""5"", "".""]; Value.Description=[""Mexican American"", ""Other Hispanic"", ""Non-Hispanic White"", ""Non-Hispanic Black"", ""Other Race - Including Multi-Racial"", ""Missing""]; Count=[""1730"", ""960"", ""3674"", ""2267"", ""1544"", ""0""]; Cumulative=[""1730"", ""2690"", ""6364"", ""8631"", ""10175"", ""10175""]; Skip.to.Item=[""NA"", ""NA"", ""NA"", ""NA"", ""NA"", ""NA""]"
"DEMO_H","RIDRETH3","RIDRETH3","Race/Hispanic origin w/ NH Asian","Recode of reported race and Hispanic origin information with Non-Hispanic Asian Category","Both males and females 0 YEARS - 150 YEARS","Code.or.Value=[""1"", ""2"", ""3"", ""4"", ""6"", ""7"", "".""]; Value.Description=[""Mexican American"", ""Other Hispanic"", ""Non-Hispanic White"", ""Non-Hispanic Black"", ""Non-Hispanic Asian"", ""Other Race - Including Multi-Racial"", ""Missing""]; Count=[""1730"", ""960"", ""3674"", ""2267"", ""1074"", ""470"", ""0""]; Cumulative=[""1730"", ""2690"", ""6364"", ""8631"", ""9705"", ""10175"", ""10175""]; Skip.to.Item=[""NA"", ""NA"", ""NA"", ""NA"", ""NA"", ""NA"", ""NA""]"
"DEMO_H","RIDEXMON","RIDEXMON","Six month time period","Six month time period when the examination was performed - two categories: November 1 through April 30 May 1 through October 31.","Both males and females 0 YEARS - 150 YEARS","Code.or.Value=[""1"", ""2"", "".""]; Value.Description=[""November 1 through April 30"", ""May 1 through October 31"", ""Missing""]; Count=[""4823"", ""4990"", ""362""]; Cumulative=[""4823"", ""9813"", ""10175""]; Skip.to.Item=[""NA"", ""NA"", ""NA""]"
"DEMO_H","RIDEXAGM","RIDEXAGM","Age in months at exam - 0 to 19 years","Age in months of the participant at the time of examination. Reported for persons aged 19 years or younger at the time of examination.","Both males and females 0 YEARS - 19 YEARS","Code.or.Value=[""0 to 239"", "".""]; Value.Description=[""Range of Values"", ""Missing""]; Count=[""4213"", ""5962""]; Cumulative=[""4213"", ""10175""]; Skip.to.Item=[""NA"", ""NA""]"
"DEMO_H","DMQMILIZ","DMQMILIZ","Served active duty in US Armed Forces","{Have you/Has SP} ever served on active duty in the U.S. Armed Forces military Reserves or National Guard? (Active duty does not include training for the Reserves or National Guard but does include activation for service in the U.S. or in a foreign country in support of military or humanitarian operations.)","Both males and females 17 YEARS - 150 YEARS","Code.or.Value=[""1"", ""2"", ""7"", ""9"", "".""]; Value.Description=[""Yes"", ""No"", ""Refused"", ""Don't Know"", ""Missing""]; Count=[""543"", ""5717"", ""1"", ""0"", ""3914""]; Cumulative=[""543"", ""6260"", ""6261"", ""6261"", ""10175""]; Skip.to.Item=["""", ""DMDBORN4"", ""DMDBORN4"", ""DMDBORN4"", """"]"
"DEMO_H","DMQADFC","DMQADFC","Served in a foreign country","Did {you/SP} ever serve in a foreign country during a time of armed conflict or on a humanitarian or peace-keeping mission? (This would include National Guard or reserve or active duty monitoring or conducting peace keeping operations in Bosnia and Kosovo in the Sinai between Egypt and Israel or in response to the 2004 tsunami or Haiti in 2010.)","Both males and females 17 YEARS - 150 YEARS","Code.or.Value=[""1"", ""2"", ""7"", ""9"", "".""]; Value.Description=[""Yes"", ""No"", ""Refused"", ""Don't Know"", ""Missing""]; Count=[""282"", ""260"", ""0"", ""1"", ""9632""]; Cumulative=[""282"", ""542"", ""542"", ""543"", ""10175""]; Skip.to.Item=[""NA"", ""NA"", ""NA"", ""NA"", ""NA""]"
"DEMO_H","DMDBORN4","DMDBORN4","Country of birth","In what country {were you/was SP} born?","Both males and females 0 YEARS - 150 YEARS","Code.or.Value=[""1"", ""2"", ""77"", ""99"", "".""]; Value.Description=[""Born in 50 US states or Washington, DC"", ""Others"", ""Refused"", ""Don't Know"", ""Missing""]; Count=[""8262"", ""1908"", ""4"", ""1"", ""0""]; Cumulative=[""8262"", ""10170"", ""10174"", ""10175"", ""10175""]; Skip.to.Item=[""NA"", ""NA"", ""NA"", ""NA"", ""NA""]"
"DEMO_H","DMDCITZN","DMDCITZN","Citizenship status","{Are you/Is SP} a citizen of the United States? [Information about citizenship is being collected by the U.S. Public Health Service to perform health related research. Providing this information is voluntary and is collected under the authority of the Public Health Service Act. There will be no effect on pending immigration or citizenship petitions.]","Both males and females 0 YEARS - 150 YEARS","Code.or.Value=[""1"", ""2"", ""7"", ""9"", "".""]; Value.Description=[""Citizen by birth or naturalization"", ""Not a citizen of the US"", ""Refused"", ""Don't Know"", ""Missing""]; Count=[""9220"", ""944"", ""4"", ""3"", ""4""]; Cumulative=[""9220"", ""10164"", ""10168"", ""10171"", ""10175""]; Skip.to.Item=[""NA"", ""NA"", ""NA"", ""NA"", ""NA""]"
"DEMO_H","DMDYRSUS","DMDYRSUS","Length of time in US","Length of time the participant has been in the US.","Both males and females 0 YEARS - 150 YEARS","Code.or.Value=[""1"", ""2"", ""3"", ""4"", ""5"", ""6"", ""7"", ""8"", ""9"", ""77"", ""99"", "".""]; Value.Description=[""Less than 1 year"", ""1 year or more, but less than 5 years"", ""5 year or more, but less than 10 years"", ""10 year or more, but less than 15 years"", ""15 year or more, but less than 20 years"", ""20 year or more, but less than 30 years"", ""30 year or more, but less than 40 years"", ""40 year or more, but less than 50 years"", ""50 years or more"", ""Refused"", ""Don't Know"", ""Missing""]; Count=[""70"", ""170"", ""234"", ""298"", ""210"", ""342"", ""246"", ""146"", ""106"", ""41"", ""45"", ""8267""]; Cumulative=[""70"", ""240"", ""474"", ""772"", ""982"", ""1324"", ""1570"", ""1716"", ""1822"", ""1863"", ""1908"", ""10175""]; Skip.to.Item=[""NA"", ""NA"", ""NA"", ""NA"", ""NA"", ""NA"", ""NA"", ""NA"", ""NA"", ""NA"", ""NA"", ""NA""]"
"DEMO_H","DMDEDUC3","DMDEDUC3","Education level - Children/Youth 6-19","What is the highest grade or level of school {you have/SP has} completed or the highest degree {you have/s/he has} received?","Both males and females 6 YEARS - 19 YEARS","Code.or.Value=[""0"", ""1"", ""2"", ""3"", ""4"", ""5"", ""6"", ""7"", ""8"", ""9"", ""10"", ""11"", ""12"", ""13"", ""14"", ""15"", ""55"", ""66"", ""77"", ""99"", "".""]; Value.Description=[""Never attended / kindergarten only"", ""1st grade"", ""2nd grade"", ""3rd grade"", ""4th grade"", ""5th grade"", ""6th grade"", ""7th grade"", ""8th grade"", ""9th grade"", ""10th grade"", ""11th grade"", ""12th grade, no diploma"", ""High school graduate"", ""GED or equivalent"", ""More than high school"", ""Less than 5th grade"", ""Less than 9th grade"", ""Refused"", ""Don't Know"", ""Missing""]; Count=[""277"", ""237"", ""231"", ""215"", ""234"", ""212"", ""178"", ""203"", ""189"", ""194"", ""162"", ""186"", ""45"", ""137"", ""9"", ""81"", ""3"", ""9"", ""0"", ""1"", ""7372""]; Cumulative=[""277"", ""514"", ""745"", ""960"", ""1194"", ""1406"", ""1584"", ""1787"", ""1976"", ""2170"", ""2332"", ""2518"", ""2563"", ""2700"", ""2709"", ""2790"", ""2793"", ""2802"", ""2802"", ""2803"", ""10175""]; Skip.to.Item=[""NA"", ""NA"", ""NA"", ""NA"", ""NA"", ""NA"", ""NA"", ""NA"", ""NA"", ""NA"", ""NA"", ""NA"", ""NA"", ""NA"", ""NA"", ""NA"", ""NA"", ""NA"", ""NA"", ""NA"", ""NA""]"
"DEMO_H","DMDEDUC2","DMDEDUC2","Education level - Adults 20+","What is the highest grade or level of school {you have/SP has} completed or the highest degree {you have/s/he has} received?","Both males and females 20 YEARS - 150 YEARS","Code.or.Value=[""1"", ""2"", ""3"", ""4"", ""5"", ""7"", ""9"", "".""]; Value.Description=[""Less than 9th grade"", ""9-11th grade (Includes 12th grade with no diploma)"", ""High school graduate/GED or equivalent"", ""Some college or AA degree"", ""College graduate or above"", ""Refused"", ""Don't Know"", ""Missing""]; Count=[""455"", ""791"", ""1303"", ""1770"", ""1443"", ""2"", ""5"", ""4406""]; Cumulative=[""455"", ""1246"", ""2549"", ""4319"", ""5762"", ""5764"", ""5769"", ""10175""]; Skip.to.Item=[""NA"", ""NA"", ""NA"", ""NA"", ""NA"", ""NA"", ""NA"", ""NA""]"
"DEMO_H","DMDMARTL","DMDMARTL","Marital status","Marital status","Both males and females 20 YEARS - 150 YEARS","Code.or.Value=[""1"", ""2"", ""3"", ""4"", ""5"", ""6"", ""77"", ""99"", "".""]; Value.Description=[""Married"", ""Widowed"", ""Divorced"", ""Separated"", ""Never married"", ""Living with partner"", ""Refused"", ""Don't Know"", ""Missing""]; Count=[""2965"", ""436"", ""659"", ""177"", ""1112"", ""417"", ""2"", ""1"", ""4406""]; Cumulative=[""2965"", ""3401"", ""4060"", ""4237"", ""5349"", ""5766"", ""5768"", ""5769"", ""10175""]; Skip.to.Item=[""NA"", ""NA"", ""NA"", ""NA"", ""NA"", ""NA"", ""NA"", ""NA"", ""NA""]"
"DEMO_H","RIDEXPRG","RIDEXPRG","Pregnancy status at exam","Pregnancy status for females between 20 and 44 years of age at the time of MEC exam.","Females only 20 YEARS - 44 YEARS","Code.or.Value=[""1"", ""2"", ""3"", "".""]; Value.Description=[""Yes, positive lab pregnancy test or self-reported pregnant at exam"", ""The participant was not pregnant at exam"", ""Cannot ascertain if the participant is pregnant at exam"", ""Missing""]; Count=[""65"", ""1150"", ""94"", ""8866""]; Cumulative=[""65"", ""1215"", ""1309"", ""10175""]; Skip.to.Item=[""NA"", ""NA"", ""NA"", ""NA""]"
"DEMO_H","SIALANG","SIALANG","Language of SP Interview","Language of the Sample Person Interview Instrument","Both males and females 0 YEARS - 150 YEARS","Code.or.Value=[""1"", ""2"", "".""]; Value.Description=[""English"", ""Spanish"", ""Missing""]; Count=[""9100"", ""1075"", ""0""]; Cumulative=[""9100"", ""10175"", ""10175""]; Skip.to.Item=[""NA"", ""NA"", ""NA""]"
"DEMO_H","SIAPROXY","SIAPROXY","Proxy used in SP Interview?","Was a Proxy respondent used in conducting the Sample Person (SP) interview?","Both males and females 0 YEARS - 150 YEARS","Code.or.Value=[""1"", ""2"", "".""]; Value.Description=[""Yes"", ""No"", ""Missing""]; Count=[""3757"", ""6417"", ""1""]; Cumulative=[""3757"", ""10174"", ""10175""]; Skip.to.Item=[""NA"", ""NA"", ""NA""]"
"DEMO_H","SIAINTRP","SIAINTRP","Interpreter used in SP Interview?","Was an interpreter used to conduct the Sample Person (SP) interview?","Both males and females 0 YEARS - 150 YEARS","Code.or.Value=[""1"", ""2"", "".""]; Value.Description=[""Yes"", ""No"", ""Missing""]; Count=[""342"", ""9833"", ""0""]; Cumulative=[""342"", ""10175"", ""10175""]; Skip.to.Item=[""NA"", ""NA"", ""NA""]"
"DEMO_H","FIALANG","FIALANG","Language of Family Interview","Language of the Family Interview Instrument","Both males and females 0 YEARS - 150 YEARS","Code.or.Value=[""1"", ""2"", "".""]; Value.Description=[""English"", ""Spanish"", ""Missing""]; Count=[""9417"", ""637"", ""121""]; Cumulative=[""9417"", ""10054"", ""10175""]; Skip.to.Item=[""NA"", ""NA"", ""NA""]"
"DEMO_H","FIAPROXY","FIAPROXY","Proxy used in Family Interview?","Was a Proxy respondent used in conducting the Family Interview?","Both males and females 0 YEARS - 150 YEARS","Code.or.Value=[""1"", ""2"", "".""]; Value.Description=[""Yes"", ""No"", ""Missing""]; Count=[""13"", ""10041"", ""121""]; Cumulative=[""13"", ""10054"", ""10175""]; Skip.to.Item=[""NA"", ""NA"", ""NA""]"
"DEMO_H","FIAINTRP","FIAINTRP","Interpreter used in Family Interview?","Was an interpreter used to conduct the Family interview?","Both males and females 0 YEARS - 150 YEARS","Code.or.Value=[""1"", ""2"", "".""]; Value.Description=[""Yes"", ""No"", ""Missing""]; Count=[""311"", ""9743"", ""121""]; Cumulative=[""311"", ""10054"", ""10175""]; Skip.to.Item=[""NA"", ""NA"", ""NA""]"
"DEMO_H","MIALANG","MIALANG","Language of MEC Interview","Language of the MEC CAPI Interview Instrument","Both males and females 0 YEARS - 150 YEARS","Code.or.Value=[""1"", ""2"", "".""]; Value.Description=[""English"", ""Spanish"", ""Missing""]; Count=[""6904"", ""407"", ""2864""]; Cumulative=[""6904"", ""7311"", ""10175""]; Skip.to.Item=[""NA"", ""NA"", ""NA""]"
"DEMO_H","MIAPROXY","MIAPROXY","Proxy used in MEC Interview?","Was a Proxy respondent used in conducting the MEC CAPI Interview?","Both males and females 0 YEARS - 150 YEARS","Code.or.Value=[""1"", ""2"", "".""]; Value.Description=[""Yes"", ""No"", ""Missing""]; Count=[""48"", ""7264"", ""2863""]; Cumulative=[""48"", ""7312"", ""10175""]; Skip.to.Item=[""NA"", ""NA"", ""NA""]"
"DEMO_H","MIAINTRP","MIAINTRP","Interpreter used in MEC Interview?","Was an interpreter used to conduct the MEC CAPI interview?","Both males and females 0 YEARS - 150 YEARS","Code.or.Value=[""1"", ""2"", "".""]; Value.Description=[""Yes"", ""No"", ""Missing""]; Count=[""247"", ""7066"", ""2862""]; Cumulative=[""247"", ""7313"", ""10175""]; Skip.to.Item=[""NA"", ""NA"", ""NA""]"
"DEMO_H","AIALANGA","AIALANGA","Language of ACASI Interview","Language of the MEC ACASI Interview Instrument","Both males and females 0 YEARS - 150 YEARS","Code.or.Value=[""1"", ""2"", ""3"", "".""]; Value.Description=[""English"", ""Spanish"", ""Asian languages"", ""Missing""]; Count=[""5762"", ""482"", ""73"", ""3858""]; Cumulative=[""5762"", ""6244"", ""6317"", ""10175""]; Skip.to.Item=[""NA"", ""NA"", ""NA"", ""NA""]"
"DEMO_H","DMDHHSIZ","DMDHHSIZ","Total number of people in the Household","Total number of people in the Household","Both males and females 0 YEARS - 150 YEARS","Code.or.Value=[""1"", ""2"", ""3"", ""4"", ""5"", ""6"", ""7"", "".""]; Value.Description=[""1"", ""2"", ""3"", ""4"", ""5"", ""6"", ""7 or more people in the Household"", ""Missing""]; Count=[""817"", ""1787"", ""1779"", ""2100"", ""1781"", ""985"", ""926"", ""0""]; Cumulative=[""817"", ""2604"", ""4383"", ""6483"", ""8264"", ""9249"", ""10175"", ""10175""]; Skip.to.Item=[""NA"", ""NA"", ""NA"", ""NA"", ""NA"", ""NA"", ""NA"", ""NA""]"
"DEMO_H","DMDFMSIZ","DMDFMSIZ","Total number of people in the Family","Total number of people in the Family","Both males and females 0 YEARS - 150 YEARS","Code.or.Value=[""1"", ""2"", ""3"", ""4"", ""5"", ""6"", ""7"", "".""]; Value.Description=[""1"", ""2"", ""3"", ""4"", ""5"", ""6"", ""7 or more people in the Family"", ""Missing""]; Count=[""1297"", ""1610"", ""1737"", ""2027"", ""1723"", ""961"", ""820"", ""0""]; Cumulative=[""1297"", ""2907"", ""4644"", ""6671"", ""8394"", ""9355"", ""10175"", ""10175""]; Skip.to.Item=[""NA"", ""NA"", ""NA"", ""NA"", ""NA"", ""NA"", ""NA"", ""NA""]"
"DEMO_H","DMDHHSZA","DMDHHSZA","# of children 5 years or younger in HH","Number of children aged 5 years or younger in the household","Both males and females 0 YEARS - 150 YEARS","Code.or.Value=[""0"", ""1"", ""2"", ""3"", "".""]; Value.Description=[""0"", ""1"", ""2"", ""3 or more"", ""Missing""]; Count=[""6417"", ""2341"", ""1068"", ""349"", ""0""]; Cumulative=[""6417"", ""8758"", ""9826"", ""10175"", ""10175""]; Skip.to.Item=[""NA"", ""NA"", ""NA"", ""NA"", ""NA""]"
"DEMO_H","DMDHHSZB","DMDHHSZB","# of children 6-17 years old in HH","Number of children aged 6-17 years old in the household","Both males and females 0 YEARS - 150 YEARS","Code.or.Value=[""0"", ""1"", ""2"", ""3"", ""4"", "".""]; Value.Description=[""0"", ""1"", ""2"", ""3"", ""4 or more"", ""Missing""]; Count=[""4907"", ""2099"", ""1814"", ""887"", ""468"", ""0""]; Cumulative=[""4907"", ""7006"", ""8820"", ""9707"", ""10175"", ""10175""]; Skip.to.Item=[""NA"", ""NA"", ""NA"", ""NA"", ""NA"", ""NA""]"
"DEMO_H","DMDHHSZE","DMDHHSZE","# of adults 60 years or older in HH","Number of adults aged 60 years or older in the household","Both males and females 0 YEARS - 150 YEARS","Code.or.Value=[""0"", ""1"", ""2"", ""3"", "".""]; Value.Description=[""0"", ""1"", ""2"", ""3 or more"", ""Missing""]; Count=[""7384"", ""1612"", ""1114"", ""65"", ""0""]; Cumulative=[""7384"", ""8996"", ""10110"", ""10175"", ""10175""]; Skip.to.Item=[""NA"", ""NA"", ""NA"", ""NA"", ""NA""]"
"DEMO_H","DMDHRGND","DMDHRGND","HH ref persons gender","HH reference persons gender","Both males and females 0 YEARS - 150 YEARS","Code.or.Value=[""1"", ""2"", "".""]; Value.Description=[""Male"", ""Female"", ""Missing""]; Count=[""5088"", ""5087"", ""0""]; Cumulative=[""5088"", ""10175"", ""10175""]; Skip.to.Item=[""NA"", ""NA"", ""NA""]"
"DEMO_H","DMDHRAGE","DMDHRAGE","HH ref persons age in years","HH reference persons age in years","Both males and females 0 YEARS - 150 YEARS","Code.or.Value=[""18 to 79"", ""80"", "".""]; Value.Description=[""Range of Values"", ""80 years of age and over"", ""Missing""]; Count=[""9815"", ""360"", ""0""]; Cumulative=[""9815"", ""10175"", ""10175""]; Skip.to.Item=[""NA"", ""NA"", ""NA""]"
"DEMO_H","DMDHRBR4","DMDHRBR4","HH ref persons country of birth","HH reference persons country of birth","Both males and females 0 YEARS - 150 YEARS","Code.or.Value=[""1"", ""2"", ""77"", ""99"", "".""]; Value.Description=[""Born in 50 US states or Washington, DC"", ""Others"", ""Refused"", ""Don't Know"", ""Missing""]; Count=[""6894"", ""2972"", ""12"", ""0"", ""297""]; Cumulative=[""6894"", ""9866"", ""9878"", ""9878"", ""10175""]; Skip.to.Item=[""NA"", ""NA"", ""NA"", ""NA"", ""NA""]"
"DEMO_H","DMDHREDU","DMDHREDU","HH ref persons education level","HH reference persons education level","Both males and females 0 YEARS - 150 YEARS","Code.or.Value=[""1"", ""2"", ""3"", ""4"", ""5"", ""7"", ""9"", "".""]; Value.Description=[""Less Than 9th Grade"", ""9-11th Grade (Includes 12th grade with no diploma)"", ""High School Grad/GED or Equivalent"", ""Some College or AA degree"", ""College Graduate or above"", ""Refused"", ""Don't Know"", ""Missing""]; Count=[""785"", ""1405"", ""2282"", ""2969"", ""2413"", ""9"", ""18"", ""294""]; Cumulative=[""785"", ""2190"", ""4472"", ""7441"", ""9854"", ""9863"", ""9881"", ""10175""]; Skip.to.Item=[""NA"", ""NA"", ""NA"", ""NA"", ""NA"", ""NA"", ""NA"", ""NA""]"
"DEMO_H","DMDHRMAR","DMDHRMAR","HH ref persons marital status","HH reference persons marital status","Both males and females 0 YEARS - 150 YEARS","Code.or.Value=[""1"", ""2"", ""3"", ""4"", ""5"", ""6"", ""77"", ""99"", "".""]; Value.Description=[""Married"", ""Widowed"", ""Divorced"", ""Separated"", ""Never married"", ""Living with partner"", ""Refused"", ""Don't Know"", ""Missing""]; Count=[""5843"", ""532"", ""1087"", ""396"", ""1340"", ""801"", ""46"", ""7"", ""123""]; Cumulative=[""5843"", ""6375"", ""7462"", ""7858"", ""9198"", ""9999"", ""10045"", ""10052"", ""10175""]; Skip.to.Item=[""NA"", ""NA"", ""NA"", ""NA"", ""NA"", ""NA"", ""NA"", ""NA"", ""NA""]"
"DEMO_H","DMDHSEDU","DMDHSEDU","HH ref persons spouses education level","HH reference persons spouses education level","Both males and females 0 YEARS - 150 YEARS","Code.or.Value=[""1"", ""2"", ""3"", ""4"", ""5"", ""7"", ""9"", "".""]; Value.Description=[""Less Than 9th Grade"", ""9-11th Grade (Includes 12th grade with no diploma)"", ""High School Grad/GED or Equivalent"", ""Some College or AA degree"", ""College Graduate or above"", ""Refused"", ""Don't Know"", ""Missing""]; Count=[""496"", ""632"", ""1063"", ""1470"", ""1664"", ""1"", ""16"", ""4833""]; Cumulative=[""496"", ""1128"", ""2191"", ""3661"", ""5325"", ""5326"", ""5342"", ""10175""]; Skip.to.Item=[""NA"", ""NA"", ""NA"", ""NA"", ""NA"", ""NA"", ""NA"", ""NA""]"
"DEMO_H","WTINT2YR","WTINT2YR","Full sample 2 year interview weight","Full sample 2 year interview weight.","Both males and females 0 YEARS - 150 YEARS","Code.or.Value=[""3697.772098 to 167884.54371"", "".""]; Value.Description=[""Range of Values"", ""Missing""]; Count=[""10175"", ""0""]; Cumulative=[""10175"", ""10175""]; Skip.to.Item=[""NA"", ""NA""]"
"DEMO_H","WTMEC2YR","WTMEC2YR","Full sample 2 year MEC exam weight","Full sample 2 year MEC exam weight.","Both males and females 0 YEARS - 150 YEARS","Code.or.Value=[""3748.417657 to 171395.2649"", ""0"", "".""]; Value.Description=[""Range of Values"", ""Not MEC Examined"", ""Missing""]; Count=[""9813"", ""362"", ""0""]; Cumulative=[""9813"", ""10175"", ""10175""]; Skip.to.Item=[""NA"", ""NA"", ""NA""]"
"DEMO_H","SDMVPSU","SDMVPSU","Masked variance pseudo-PSU","Masked variance unit pseudo-PSU variable for variance estimation","Both males and females 0 YEARS - 150 YEARS","Code.or.Value=[""1 to 2"", "".""]; Value.Description=[""Range of Values"", ""Missing""]; Count=[""10175"", ""0""]; Cumulative=[""10175"", ""10175""]; Skip.to.Item=[""NA"", ""NA""]"
"DEMO_H","SDMVSTRA","SDMVSTRA","Masked variance pseudo-stratum","Masked variance unit pseudo-stratum variable for variance estimation","Both males and females 0 YEARS - 150 YEARS","Code.or.Value=[""104 to 118"", "".""]; Value.Description=[""Range of Values"", ""Missing""]; Count=[""10175"", ""0""]; Cumulative=[""10175"", ""10175""]; Skip.to.Item=[""NA"", ""NA""]"
"DEMO_H","INDHHIN2","INDHHIN2","Annual household income","Total household income (reported as a range value in dollars)","Both males and females 0 YEARS - 150 YEARS","Code.or.Value=[""9"", ""10"", ""12"", ""13"", ""14"", ""15"", ""77"", ""99"", ""."", ""1"", ""2"", ""3"", ""4"", ""5"", ""6"", ""7"", ""8""]; Value.Description=[""$55,000 to $64,999"", ""$65,000 to $74,999"", ""$20,000 and Over"", ""Under $20,000"", ""$75,000 to $99,999"", ""$100,000 and Over"", ""Refused"", ""Don't know"", ""Missing"", ""$ 0 to $ 4,999"", ""$ 5,000 to $ 9,999"", ""$10,000 to $14,999"", ""$15,000 to $19,999"", ""$20,000 to $24,999"", ""$25,000 to $34,999"", ""$35,000 to $44,999"", ""$45,000 to $54,999""]; Count=[""521"", ""378"", ""323"", ""133"", ""860"", ""1781"", ""252"", ""75"", ""133"", ""273"", ""407"", ""639"", ""658"", ""880"", ""1185"", ""913"", ""764""]; Cumulative=[""6240"", ""6618"", ""6941"", ""7074"", ""7934"", ""9715"", ""9967"", ""10042"", ""10175"", ""273"", ""680"", ""1319"", ""1977"", ""2857"", ""4042"", ""4955"", ""5719""]; Skip.to.Item=[""NA"", ""NA"", ""NA"", ""NA"", ""NA"", ""NA"", ""NA"", ""NA"", ""NA"", ""NA"", ""NA"", ""NA"", ""NA"", ""NA"", ""NA"", ""NA"", ""NA""]"
"DEMO_H","INDFMIN2","INDFMIN2","Annual family income","Total family income (reported as a range value in dollars)","Both males and females 0 YEARS - 150 YEARS","Code.or.Value=[""1"", ""2"", ""3"", ""4"", ""5"", ""6"", ""7"", ""8"", ""9"", ""10"", ""12"", ""13"", ""14"", ""15"", ""77"", ""99"", "".""]; Value.Description=[""$ 0 to $ 4,999"", ""$ 5,000 to $ 9,999"", ""$10,000 to $14,999"", ""$15,000 to $19,999"", ""$20,000 to $24,999"", ""$25,000 to $34,999"", ""$35,000 to $44,999"", ""$45,000 to $54,999"", ""$55,000 to $64,999"", ""$65,000 to $74,999"", ""$20,000 and Over"", ""Under $20,000"", ""$75,000 to $99,999"", ""$100,000 and Over"", ""Refused"", ""Don't know"", ""Missing""]; Count=[""375"", ""467"", ""691"", ""706"", ""897"", ""1182"", ""913"", ""740"", ""502"", ""381"", ""219"", ""129"", ""835"", ""1701"", ""246"", ""68"", ""123""]; Cumulative=[""375"", ""842"", ""1533"", ""2239"", ""3136"", ""4318"", ""5231"", ""5971"", ""6473"", ""6854"", ""7073"", ""7202"", ""8037"", ""9738"", ""9984"", ""10052"", ""10175""]; Skip.to.Item=[""NA"", ""NA"", ""NA"", ""NA"", ""NA"", ""NA"", ""NA"", ""NA"", ""NA"", ""NA"", ""NA"", ""NA"", ""NA"", ""NA"", ""NA"", ""NA"", ""NA""]"
"DEMO_H","INDFMPIR","INDFMPIR","Ratio of family income to poverty","A ratio of family income to poverty guidelines.","Both males and females 0 YEARS - 150 YEARS","Code.or.Value=[""0 to 4.99"", ""5"", "".""]; Value.Description=[""Range of Values"", ""Value greater than or equal to 5.00"", ""Missing""]; Count=[""7974"", ""1416"", ""785""]; Cumulative=[""7974"", ""9390"", ""10175""]; Skip.to.Item=[""NA"", ""NA"", ""NA""]"
"DEMO_I","SEQN","SEQN","Respondent sequence number","Respondent sequence number.","Both males and females 0 YEARS - 150 YEARS",NA
"DEMO_I","SDDSRVYR","SDDSRVYR","Data release cycle","Data release cycle","Both males and females 0 YEARS - 150 YEARS","Code.or.Value=[""9"", "".""]; Value.Description=[""NHANES 2015-2016 public release"", ""Missing""]; Count=[""9971"", ""0""]; Cumulative=[""9971"", ""9971""]; Skip.to.Item=[""NA"", ""NA""]"
"DEMO_I","RIDSTATR","RIDSTATR","Interview/Examination status","Interview and examination status of the participant.","Both males and females 0 YEARS - 150 YEARS","Code.or.Value=[""1"", ""2"", "".""]; Value.Description=[""Interviewed only"", ""Both interviewed and MEC examined"", ""Missing""]; Count=[""427"", ""9544"", ""0""]; Cumulative=[""427"", ""9971"", ""9971""]; Skip.to.Item=[""NA"", ""NA"", ""NA""]"
"DEMO_I","RIAGENDR","RIAGENDR","Gender","Gender of the participant.","Both males and females 0 YEARS - 150 YEARS","Code.or.Value=[""1"", ""2"", "".""]; Value.Description=[""Male"", ""Female"", ""Missing""]; Count=[""4892"", ""5079"", ""0""]; Cumulative=[""4892"", ""9971"", ""9971""]; Skip.to.Item=[""NA"", ""NA"", ""NA""]"
"DEMO_I","RIDAGEYR","RIDAGEYR","Age in years at screening","Age in years of the participant at the time of screening. Individuals 80 and over are topcoded at 80 years of age.","Both males and females 0 YEARS - 150 YEARS","Code.or.Value=[""0 to 79"", ""80"", "".""]; Value.Description=[""Range of Values"", ""80 years of age and over"", ""Missing""]; Count=[""9595"", ""376"", ""0""]; Cumulative=[""9595"", ""9971"", ""9971""]; Skip.to.Item=[""NA"", ""NA"", ""NA""]"
"DEMO_I","RIDAGEMN","RIDAGEMN","Age in months at screening - 0 to 24 mos","Age in months of the participant at the time of screening. Reported for persons aged 24 months or younger at the time of exam (or screening if not examined).","Both males and females 0 YEARS - 2 YEARS","Code.or.Value=[""0 to 24"", "".""]; Value.Description=[""Range of Values"", ""Missing""]; Count=[""695"", ""9276""]; Cumulative=[""695"", ""9971""]; Skip.to.Item=[""NA"", ""NA""]"
"DEMO_I","RIDRETH1","RIDRETH1","Race/Hispanic origin","Recode of reported race and Hispanic origin information","Both males and females 0 YEARS - 150 YEARS","Code.or.Value=[""1"", ""2"", ""3"", ""4"", ""5"", "".""]; Value.Description=[""Mexican American"", ""Other Hispanic"", ""Non-Hispanic White"", ""Non-Hispanic Black"", ""Other Race - Including Multi-Racial"", ""Missing""]; Count=[""1921"", ""1308"", ""3066"", ""2129"", ""1547"", ""0""]; Cumulative=[""1921"", ""3229"", ""6295"", ""8424"", ""9971"", ""9971""]; Skip.to.Item=[""NA"", ""NA"", ""NA"", ""NA"", ""NA"", ""NA""]"
"DEMO_I","RIDRETH3","RIDRETH3","Race/Hispanic origin w/ NH Asian","Recode of reported race and Hispanic origin information with Non-Hispanic Asian Category","Both males and females 0 YEARS - 150 YEARS","Code.or.Value=[""1"", ""2"", ""3"", ""4"", ""6"", ""7"", "".""]; Value.Description=[""Mexican American"", ""Other Hispanic"", ""Non-Hispanic White"", ""Non-Hispanic Black"", ""Non-Hispanic Asian"", ""Other Race - Including Multi-Racial"", ""Missing""]; Count=[""1921"", ""1308"", ""3066"", ""2129"", ""1042"", ""505"", ""0""]; Cumulative=[""1921"", ""3229"", ""6295"", ""8424"", ""9466"", ""9971"", ""9971""]; Skip.to.Item=[""NA"", ""NA"", ""NA"", ""NA"", ""NA"", ""NA"", ""NA""]"
"DEMO_I","RIDEXMON","RIDEXMON","Six month time period","Six month time period when the examination was performed - two categories: November 1 through April 30 May 1 through October 31.","Both males and females 0 YEARS - 150 YEARS","Code.or.Value=[""1"", ""2"", "".""]; Value.Description=[""November 1 through April 30"", ""May 1 through October 31"", ""Missing""]; Count=[""4594"", ""4950"", ""427""]; Cumulative=[""4594"", ""9544"", ""9971""]; Skip.to.Item=[""NA"", ""NA"", ""NA""]"
"DEMO_I","RIDEXAGM","RIDEXAGM","Age in months at exam - 0 to 19 years","Age in months of the participant at the time of examination. Reported for persons aged 19 years or younger at the time of examination.","Both males and females 0 YEARS - 19 YEARS","Code.or.Value=[""0 to 239"", "".""]; Value.Description=[""Range of Values"", ""Missing""]; Count=[""4060"", ""5911""]; Cumulative=[""4060"", ""9971""]; Skip.to.Item=[""NA"", ""NA""]"
"DEMO_I","DMQMILIZ","DMQMILIZ","Served active duty in US Armed Forces","{Have you/Has SP} ever served on active duty in the U.S. Armed Forces military Reserves or National Guard? (Active duty does not include training for the Reserves or National Guard but does include activation for service in the U.S. or in a foreign country in support of military or humanitarian operations.)","Both males and females 17 YEARS - 150 YEARS","Code.or.Value=[""1"", ""2"", ""7"", ""9"", "".""]; Value.Description=[""Yes"", ""No"", ""Refused"", ""Don't Know"", ""Missing""]; Count=[""527"", ""5622"", ""0"", ""0"", ""3822""]; Cumulative=[""527"", ""6149"", ""6149"", ""6149"", ""9971""]; Skip.to.Item=["""", ""DMDBORN4"", ""DMDBORN4"", ""DMDBORN4"", """"]"
"DEMO_I","DMQADFC","DMQADFC","Served in a foreign country","Did {you/SP} ever serve in a foreign country during a time of armed conflict or on a humanitarian or peace-keeping mission? (This would include National Guard or reserve or active duty monitoring or conducting peace keeping operations in Bosnia and Kosovo in the Sinai between Egypt and Israel or in response to the 2004 tsunami or Haiti in 2010.)","Both males and females 17 YEARS - 150 YEARS","Code.or.Value=[""1"", ""2"", ""7"", ""9"", "".""]; Value.Description=[""Yes"", ""No"", ""Refused"", ""Don't Know"", ""Missing""]; Count=[""258"", ""267"", ""2"", ""0"", ""9444""]; Cumulative=[""258"", ""525"", ""527"", ""527"", ""9971""]; Skip.to.Item=[""NA"", ""NA"", ""NA"", ""NA"", ""NA""]"
"DEMO_I","DMDBORN4","DMDBORN4","Country of birth","In what country {were you/was SP} born?","Both males and females 0 YEARS - 150 YEARS","Code.or.Value=[""1"", ""2"", ""77"", ""99"", "".""]; Value.Description=[""Born in 50 US states or Washington, DC"", ""Others"", ""Refused"", ""Don't Know"", ""Missing""]; Count=[""7733"", ""2236"", ""0"", ""2"", ""0""]; Cumulative=[""7733"", ""9969"", ""9969"", ""9971"", ""9971""]; Skip.to.Item=[""NA"", ""NA"", ""NA"", ""NA"", ""NA""]"
"DEMO_I","DMDCITZN","DMDCITZN","Citizenship status","{Are you/Is SP} a citizen of the United States? [Information about citizenship is being collected by the U.S. Public Health Service to perform health related research. Providing this information is voluntary and is collected under the authority of the Public Health Service Act. There will be no effect on pending immigration or citizenship petitions.]","Both males and females 0 YEARS - 150 YEARS","Code.or.Value=[""1"", ""2"", ""7"", ""9"", "".""]; Value.Description=[""Citizen by birth or naturalization"", ""Not a citizen of the US"", ""Refused"", ""Don't Know"", ""Missing""]; Count=[""8785"", ""1168"", ""9"", ""7"", ""2""]; Cumulative=[""8785"", ""9953"", ""9962"", ""9969"", ""9971""]; Skip.to.Item=[""NA"", ""NA"", ""NA"", ""NA"", ""NA""]"
"DEMO_I","DMDYRSUS","DMDYRSUS","Length of time in US","Length of time the participant has been in the US.","Both males and females 0 YEARS - 150 YEARS","Code.or.Value=[""1"", ""2"", ""3"", ""4"", ""5"", ""6"", ""7"", ""8"", ""9"", ""77"", ""99"", "".""]; Value.Description=[""Less than 1 year"", ""1 year or more, but less than 5 years"", ""5 year or more, but less than 10 years"", ""10 year or more, but less than 15 years"", ""15 year or more, but less than 20 years"", ""20 year or more, but less than 30 years"", ""30 year or more, but less than 40 years"", ""40 year or more, but less than 50 years"", ""50 years or more"", ""Refused"", ""Don't Know"", ""Missing""]; Count=[""111"", ""273"", ""269"", ""285"", ""241"", ""384"", ""281"", ""161"", ""130"", ""44"", ""57"", ""7735""]; Cumulative=[""111"", ""384"", ""653"", ""938"", ""1179"", ""1563"", ""1844"", ""2005"", ""2135"", ""2179"", ""2236"", ""9971""]; Skip.to.Item=[""NA"", ""NA"", ""NA"", ""NA"", ""NA"", ""NA"", ""NA"", ""NA"", ""NA"", ""NA"", ""NA"", ""NA""]"
"DEMO_I","DMDEDUC3","DMDEDUC3","Education level - Children/Youth 6-19","What is the highest grade or level of school {you have/SP has} completed or the highest degree {you have/s/he has} received?","Both males and females 6 YEARS - 19 YEARS","Code.or.Value=[""0"", ""1"", ""2"", ""3"", ""4"", ""5"", ""6"", ""7"", ""8"", ""9"", ""10"", ""11"", ""12"", ""13"", ""14"", ""15"", ""55"", ""66"", ""77"", ""99"", "".""]; Value.Description=[""Never attended / kindergarten only"", ""1st grade"", ""2nd grade"", ""3rd grade"", ""4th grade"", ""5th grade"", ""6th grade"", ""7th grade"", ""8th grade"", ""9th grade"", ""10th grade"", ""11th grade"", ""12th grade, no diploma"", ""High school graduate"", ""GED or equivalent"", ""More than high school"", ""Less than 5th grade"", ""Less than 9th grade"", ""Refused"", ""Don't Know"", ""Missing""]; Count=[""239"", ""252"", ""237"", ""220"", ""217"", ""205"", ""180"", ""179"", ""210"", ""159"", ""160"", ""153"", ""34"", ""124"", ""7"", ""58"", ""3"", ""9"", ""0"", ""1"", ""7324""]; Cumulative=[""239"", ""491"", ""728"", ""948"", ""1165"", ""1370"", ""1550"", ""1729"", ""1939"", ""2098"", ""2258"", ""2411"", ""2445"", ""2569"", ""2576"", ""2634"", ""2637"", ""2646"", ""2646"", ""2647"", ""9971""]; Skip.to.Item=[""NA"", ""NA"", ""NA"", ""NA"", ""NA"", ""NA"", ""NA"", ""NA"", ""NA"", ""NA"", ""NA"", ""NA"", ""NA"", ""NA"", ""NA"", ""NA"", ""NA"", ""NA"", ""NA"", ""NA"", ""NA""]"
"DEMO_I","DMDEDUC2","DMDEDUC2","Education level - Adults 20+","What is the highest grade or level of school {you have/SP has} completed or the highest degree {you have/s/he has} received?","Both males and females 20 YEARS - 150 YEARS","Code.or.Value=[""1"", ""2"", ""3"", ""4"", ""5"", ""7"", ""9"", "".""]; Value.Description=[""Less than 9th grade"", ""9-11th grade (Includes 12th grade with no diploma)"", ""High school graduate/GED or equivalent"", ""Some college or AA degree"", ""College graduate or above"", ""Refused"", ""Don't Know"", ""Missing""]; Count=[""688"", ""676"", ""1236"", ""1692"", ""1422"", ""0"", ""5"", ""4252""]; Cumulative=[""688"", ""1364"", ""2600"", ""4292"", ""5714"", ""5714"", ""5719"", ""9971""]; Skip.to.Item=[""NA"", ""NA"", ""NA"", ""NA"", ""NA"", ""NA"", ""NA"", ""NA""]"
"DEMO_I","DMDMARTL","DMDMARTL","Marital status","Marital status","Both males and females 20 YEARS - 150 YEARS","Code.or.Value=[""1"", ""2"", ""3"", ""4"", ""5"", ""6"", ""77"", ""99"", "".""]; Value.Description=[""Married"", ""Widowed"", ""Divorced"", ""Separated"", ""Never married"", ""Living with partner"", ""Refused"", ""Don't Know"", ""Missing""]; Count=[""2886"", ""421"", ""614"", ""192"", ""1048"", ""555"", ""2"", ""1"", ""4252""]; Cumulative=[""2886"", ""3307"", ""3921"", ""4113"", ""5161"", ""5716"", ""5718"", ""5719"", ""9971""]; Skip.to.Item=[""NA"", ""NA"", ""NA"", ""NA"", ""NA"", ""NA"", ""NA"", ""NA"", ""NA""]"
"DEMO_I","RIDEXPRG","RIDEXPRG","Pregnancy status at exam","Pregnancy status for females between 20 and 44 years of age at the time of MEC exam.","Females only 20 YEARS - 44 YEARS","Code.or.Value=[""1"", ""2"", ""3"", "".""]; Value.Description=[""Yes, positive lab pregnancy test or self-reported pregnant at exam"", ""The participant was not pregnant at exam"", ""Cannot ascertain if the participant is pregnant at exam"", ""Missing""]; Count=[""70"", ""1125"", ""93"", ""8683""]; Cumulative=[""70"", ""1195"", ""1288"", ""9971""]; Skip.to.Item=[""NA"", ""NA"", ""NA"", ""NA""]"
"DEMO_I","SIALANG","SIALANG","Language of SP Interview","Language of the Sample Person Interview Instrument","Both males and females 0 YEARS - 150 YEARS","Code.or.Value=[""1"", ""2"", "".""]; Value.Description=[""English"", ""Spanish"", ""Missing""]; Count=[""8584"", ""1387"", ""0""]; Cumulative=[""8584"", ""9971"", ""9971""]; Skip.to.Item=[""NA"", ""NA"", ""NA""]"
"DEMO_I","SIAPROXY","SIAPROXY","Proxy used in SP Interview?","Was a Proxy respondent used in conducting the Sample Person (SP) interview?","Both males and females 0 YEARS - 150 YEARS","Code.or.Value=[""1"", ""2"", "".""]; Value.Description=[""Yes"", ""No"", ""Missing""]; Count=[""3689"", ""6281"", ""1""]; Cumulative=[""3689"", ""9970"", ""9971""]; Skip.to.Item=[""NA"", ""NA"", ""NA""]"
"DEMO_I","SIAINTRP","SIAINTRP","Interpreter used in SP Interview?","Was an interpreter used to conduct the Sample Person (SP) interview?","Both males and females 0 YEARS - 150 YEARS","Code.or.Value=[""1"", ""2"", "".""]; Value.Description=[""Yes"", ""No"", ""Missing""]; Count=[""457"", ""9514"", ""0""]; Cumulative=[""457"", ""9971"", ""9971""]; Skip.to.Item=[""NA"", ""NA"", ""NA""]"
"DEMO_I","FIALANG","FIALANG","Language of Family Interview","Language of the Family Interview Instrument","Both males and females 0 YEARS - 150 YEARS","Code.or.Value=[""1"", ""2"", "".""]; Value.Description=[""English"", ""Spanish"", ""Missing""]; Count=[""8430"", ""1212"", ""329""]; Cumulative=[""8430"", ""9642"", ""9971""]; Skip.to.Item=[""NA"", ""NA"", ""NA""]"
"DEMO_I","FIAPROXY","FIAPROXY","Proxy used in Family Interview?","Was a Proxy respondent used in conducting the Family Interview?","Both males and females 0 YEARS - 150 YEARS","Code.or.Value=[""1"", ""2"", "".""]; Value.Description=[""Yes"", ""No"", ""Missing""]; Count=[""9"", ""9633"", ""329""]; Cumulative=[""9"", ""9642"", ""9971""]; Skip.to.Item=[""NA"", ""NA"", ""NA""]"
"DEMO_I","FIAINTRP","FIAINTRP","Interpreter used in Family Interview?","Was an interpreter used to conduct the Family interview?","Both males and females 0 YEARS - 150 YEARS","Code.or.Value=[""1"", ""2"", "".""]; Value.Description=[""Yes"", ""No"", ""Missing""]; Count=[""405"", ""9237"", ""329""]; Cumulative=[""405"", ""9642"", ""9971""]; Skip.to.Item=[""NA"", ""NA"", ""NA""]"
"DEMO_I","MIALANG","MIALANG","Language of MEC Interview","Language of the MEC CAPI Interview Instrument","Both males and females 8 YEARS - 150 YEARS","Code.or.Value=[""1"", ""2"", "".""]; Value.Description=[""English"", ""Spanish"", ""Missing""]; Count=[""6382"", ""595"", ""2994""]; Cumulative=[""6382"", ""6977"", ""9971""]; Skip.to.Item=[""NA"", ""NA"", ""NA""]"
"DEMO_I","MIAPROXY","MIAPROXY","Proxy used in MEC Interview?","Was a Proxy respondent used in conducting the MEC CAPI Interview?","Both males and females 8 YEARS - 150 YEARS","Code.or.Value=[""1"", ""2"", "".""]; Value.Description=[""Yes"", ""No"", ""Missing""]; Count=[""57"", ""6921"", ""2993""]; Cumulative=[""57"", ""6978"", ""9971""]; Skip.to.Item=[""NA"", ""NA"", ""NA""]"
"DEMO_I","MIAINTRP","MIAINTRP","Interpreter used in MEC Interview?","Was an interpreter used to conduct the MEC CAPI interview?","Both males and females 8 YEARS - 150 YEARS","Code.or.Value=[""1"", ""2"", "".""]; Value.Description=[""Yes"", ""No"", ""Missing""]; Count=[""346"", ""6632"", ""2993""]; Cumulative=[""346"", ""6978"", ""9971""]; Skip.to.Item=[""NA"", ""NA"", ""NA""]"
"DEMO_I","AIALANGA","AIALANGA","Language of ACASI Interview","Language of the MEC ACASI Interview Instrument","Both males and females 8 YEARS - 69 YEARS","Code.or.Value=[""1"", ""2"", ""3"", "".""]; Value.Description=[""English"", ""Spanish"", ""Asian languages"", ""Missing""]; Count=[""5218"", ""638"", ""106"", ""4009""]; Cumulative=[""5218"", ""5856"", ""5962"", ""9971""]; Skip.to.Item=[""NA"", ""NA"", ""NA"", ""NA""]"
"DEMO_I","DMDHHSIZ","DMDHHSIZ","Total number of people in the Household","Total number of people in the Household","Both males and females 0 YEARS - 150 YEARS","Code.or.Value=[""1"", ""2"", ""3"", ""4"", ""5"", ""6"", ""7"", "".""]; Value.Description=[""1"", ""2"", ""3"", ""4"", ""5"", ""6"", ""7 or more people in the Household"", ""Missing""]; Count=[""828"", ""1723"", ""1719"", ""2061"", ""1672"", ""994"", ""974"", ""0""]; Cumulative=[""828"", ""2551"", ""4270"", ""6331"", ""8003"", ""8997"", ""9971"", ""9971""]; Skip.to.Item=[""NA"", ""NA"", ""NA"", ""NA"", ""NA"", ""NA"", ""NA"", ""NA""]"
"DEMO_I","DMDFMSIZ","DMDFMSIZ","Total number of people in the Family","Total number of people in the Family","Both males and females 0 YEARS - 150 YEARS","Code.or.Value=[""1"", ""2"", ""3"", ""4"", ""5"", ""6"", ""7"", "".""]; Value.Description=[""1"", ""2"", ""3"", ""4"", ""5"", ""6"", ""7 or more people in the Family"", ""Missing""]; Count=[""1305"", ""1510"", ""1634"", ""2011"", ""1635"", ""961"", ""915"", ""0""]; Cumulative=[""1305"", ""2815"", ""4449"", ""6460"", ""8095"", ""9056"", ""9971"", ""9971""]; Skip.to.Item=[""NA"", ""NA"", ""NA"", ""NA"", ""NA"", ""NA"", ""NA"", ""NA""]"
"DEMO_I","DMDHHSZA","DMDHHSZA","# of children 5 years or younger in HH","Number of children aged 5 years or younger in the household","Both males and females 0 YEARS - 150 YEARS","Code.or.Value=[""0"", ""1"", ""2"", ""3"", "".""]; Value.Description=[""0"", ""1"", ""2"", ""3 or more"", ""Missing""]; Count=[""6298"", ""2147"", ""1199"", ""327"", ""0""]; Cumulative=[""6298"", ""8445"", ""9644"", ""9971"", ""9971""]; Skip.to.Item=[""NA"", ""NA"", ""NA"", ""NA"", ""NA""]"
"DEMO_I","DMDHHSZB","DMDHHSZB","# of children 6-17 years old in HH","Number of children aged 6-17 years old in the household","Both males and females 0 YEARS - 150 YEARS","Code.or.Value=[""0"", ""1"", ""2"", ""3"", ""4"", "".""]; Value.Description=[""0"", ""1"", ""2"", ""3"", ""4 or more"", ""Missing""]; Count=[""4715"", ""1990"", ""1833"", ""822"", ""611"", ""0""]; Cumulative=[""4715"", ""6705"", ""8538"", ""9360"", ""9971"", ""9971""]; Skip.to.Item=[""NA"", ""NA"", ""NA"", ""NA"", ""NA"", ""NA""]"
"DEMO_I","DMDHHSZE","DMDHHSZE","# of adults 60 years or older in HH","Number of adults aged 60 years or older in the household","Both males and females 0 YEARS - 150 YEARS","Code.or.Value=[""0"", ""1"", ""2"", ""3"", "".""]; Value.Description=[""0"", ""1"", ""2"", ""3 or more"", ""Missing""]; Count=[""7151"", ""1663"", ""1099"", ""58"", ""0""]; Cumulative=[""7151"", ""8814"", ""9913"", ""9971"", ""9971""]; Skip.to.Item=[""NA"", ""NA"", ""NA"", ""NA"", ""NA""]"
"DEMO_I","DMDHRGND","DMDHRGND","HH ref persons gender","HH reference persons gender","Both males and females 0 YEARS - 150 YEARS","Code.or.Value=[""1"", ""2"", "".""]; Value.Description=[""Male"", ""Female"", ""Missing""]; Count=[""5053"", ""4918"", ""0""]; Cumulative=[""5053"", ""9971"", ""9971""]; Skip.to.Item=[""NA"", ""NA"", ""NA""]"
"DEMO_I","DMDHRAGE","DMDHRAGE","HH ref persons age in years","HH reference persons age in years","Both males and females 0 YEARS - 150 YEARS","Code.or.Value=[""18 to 79"", ""80"", "".""]; Value.Description=[""Range of Values"", ""80 years of age and over"", ""Missing""]; Count=[""9579"", ""392"", ""0""]; Cumulative=[""9579"", ""9971"", ""9971""]; Skip.to.Item=[""NA"", ""NA"", ""NA""]"
"DEMO_I","DMDHRBR4","DMDHRBR4","HH ref persons country of birth","HH reference persons country of birth","Both males and females 0 YEARS - 150 YEARS","Code.or.Value=[""1"", ""2"", ""77"", ""99"", "".""]; Value.Description=[""Born in 50 US states or Washington, DC"", ""Others"", ""Refused"", ""Don't Know"", ""Missing""]; Count=[""6359"", ""3207"", ""5"", ""4"", ""396""]; Cumulative=[""6359"", ""9566"", ""9571"", ""9575"", ""9971""]; Skip.to.Item=[""NA"", ""NA"", ""NA"", ""NA"", ""NA""]"
"DEMO_I","DMDHREDU","DMDHREDU","HH ref persons education level","HH reference persons education level","Both males and females 0 YEARS - 150 YEARS","Code.or.Value=[""1"", ""2"", ""3"", ""4"", ""5"", ""7"", ""9"", "".""]; Value.Description=[""Less Than 9th Grade"", ""9-11th Grade (Includes 12th grade with no diploma)"", ""High School Grad/GED or Equivalent"", ""Some College or AA degree"", ""College Graduate or above"", ""Refused"", ""Don't Know"", ""Missing""]; Count=[""1087"", ""1200"", ""2015"", ""2908"", ""2331"", ""0"", ""34"", ""396""]; Cumulative=[""1087"", ""2287"", ""4302"", ""7210"", ""9541"", ""9541"", ""9575"", ""9971""]; Skip.to.Item=[""NA"", ""NA"", ""NA"", ""NA"", ""NA"", ""NA"", ""NA"", ""NA""]"
"DEMO_I","DMDHRMAR","DMDHRMAR","HH ref persons marital status","HH reference persons marital status","Both males and females 0 YEARS - 150 YEARS","Code.or.Value=[""1"", ""2"", ""3"", ""4"", ""5"", ""6"", ""77"", ""99"", "".""]; Value.Description=[""Married"", ""Widowed"", ""Divorced"", ""Separated"", ""Never married"", ""Living with partner"", ""Refused"", ""Don't Know"", ""Missing""]; Count=[""5681"", ""524"", ""977"", ""353"", ""1305"", ""1017"", ""44"", ""8"", ""62""]; Cumulative=[""5681"", ""6205"", ""7182"", ""7535"", ""8840"", ""9857"", ""9901"", ""9909"", ""9971""]; Skip.to.Item=[""NA"", ""NA"", ""NA"", ""NA"", ""NA"", ""NA"", ""NA"", ""NA"", ""NA""]"
"DEMO_I","DMDHSEDU","DMDHSEDU","HH ref persons spouses education level","HH reference persons spouses education level","Both males and females 0 YEARS - 150 YEARS","Code.or.Value=[""1"", ""2"", ""3"", ""4"", ""5"", ""7"", ""9"", "".""]; Value.Description=[""Less Than 9th Grade"", ""9-11th Grade (Includes 12th grade with no diploma)"", ""High School Grad/GED or Equivalent"", ""Some College or AA degree"", ""College Graduate or above"", ""Refused"", ""Don't Know"", ""Missing""]; Count=[""619"", ""511"", ""980"", ""1462"", ""1629"", ""2"", ""23"", ""4745""]; Cumulative=[""619"", ""1130"", ""2110"", ""3572"", ""5201"", ""5203"", ""5226"", ""9971""]; Skip.to.Item=[""NA"", ""NA"", ""NA"", ""NA"", ""NA"", ""NA"", ""NA"", ""NA""]"
"DEMO_I","WTINT2YR","WTINT2YR","Full sample 2 year interview weight","Full sample 2 year interview weight.","Both males and females 0 YEARS - 150 YEARS","Code.or.Value=[""3293.928267 to 233755.84185"", "".""]; Value.Description=[""Range of Values"", ""Missing""]; Count=[""9971"", ""0""]; Cumulative=[""9971"", ""9971""]; Skip.to.Item=[""NA"", ""NA""]"
"DEMO_I","WTMEC2YR","WTMEC2YR","Full sample 2 year MEC exam weight","Full sample 2 year MEC exam weight.","Both males and females 0 YEARS - 150 YEARS","Code.or.Value=[""3419.259085 to 242386.66077"", ""0"", "".""]; Value.Description=[""Range of Values"", ""Not MEC Examined"", ""Missing""]; Count=[""9544"", ""427"", ""0""]; Cumulative=[""9544"", ""9971"", ""9971""]; Skip.to.Item=[""NA"", ""NA"", ""NA""]"
"DEMO_I","SDMVPSU","SDMVPSU","Masked variance pseudo-PSU","Masked variance unit pseudo-PSU variable for variance estimation","Both males and females 0 YEARS - 150 YEARS","Code.or.Value=[""1 to 2"", "".""]; Value.Description=[""Range of Values"", ""Missing""]; Count=[""9971"", ""0""]; Cumulative=[""9971"", ""9971""]; Skip.to.Item=[""NA"", ""NA""]"
"DEMO_I","SDMVSTRA","SDMVSTRA","Masked variance pseudo-stratum","Masked variance unit pseudo-stratum variable for variance estimation","Both males and females 0 YEARS - 150 YEARS","Code.or.Value=[""119 to 133"", "".""]; Value.Description=[""Range of Values"", ""Missing""]; Count=[""9971"", ""0""]; Cumulative=[""9971"", ""9971""]; Skip.to.Item=[""NA"", ""NA""]"
"DEMO_I","INDHHIN2","INDHHIN2","Annual household income","Total household income (reported as a range value in dollars)","Both males and females 0 YEARS - 150 YEARS","Code.or.Value=[""1"", ""2"", ""3"", ""4"", ""5"", ""6"", ""7"", ""8"", ""9"", ""10"", ""12"", ""13"", ""14"", ""15"", ""77"", ""99"", "".""]; Value.Description=[""$ 0 to $ 4,999"", ""$ 5,000 to $ 9,999"", ""$10,000 to $14,999"", ""$15,000 to $19,999"", ""$20,000 to $24,999"", ""$25,000 to $34,999"", ""$35,000 to $44,999"", ""$45,000 to $54,999"", ""$55,000 to $64,999"", ""$65,000 to $74,999"", ""$20,000 and Over"", ""Under $20,000"", ""$75,000 to $99,999"", ""$100,000 and Over"", ""Refused"", ""Don't know"", ""Missing""]; Count=[""250"", ""373"", ""537"", ""600"", ""627"", ""1017"", ""960"", ""789"", ""629"", ""498"", ""292"", ""146"", ""920"", ""1634"", ""220"", ""134"", ""345""]; Cumulative=[""250"", ""623"", ""1160"", ""1760"", ""2387"", ""3404"", ""4364"", ""5153"", ""5782"", ""6280"", ""6572"", ""6718"", ""7638"", ""9272"", ""9492"", ""9626"", ""9971""]; Skip.to.Item=[""NA"", ""NA"", ""NA"", ""NA"", ""NA"", ""NA"", ""NA"", ""NA"", ""NA"", ""NA"", ""NA"", ""NA"", ""NA"", ""NA"", ""NA"", ""NA"", ""NA""]"
"DEMO_I","INDFMIN2","INDFMIN2","Annual family income","Total family income (reported as a range value in dollars)","Both males and females 0 YEARS - 150 YEARS","Code.or.Value=[""1"", ""2"", ""3"", ""4"", ""5"", ""6"", ""7"", ""8"", ""9"", ""10"", ""12"", ""13"", ""14"", ""15"", ""77"", ""99"", "".""]; Value.Description=[""$ 0 to $ 4,999"", ""$ 5,000 to $ 9,999"", ""$10,000 to $14,999"", ""$15,000 to $19,999"", ""$20,000 to $24,999"", ""$25,000 to $34,999"", ""$35,000 to $44,999"", ""$45,000 to $54,999"", ""$55,000 to $64,999"", ""$65,000 to $74,999"", ""$20,000 and Over"", ""Under $20,000"", ""$75,000 to $99,999"", ""$100,000 and Over"", ""Refused"", ""Don't know"", ""Missing""]; Count=[""345"", ""426"", ""584"", ""618"", ""646"", ""1038"", ""934"", ""801"", ""620"", ""474"", ""221"", ""148"", ""885"", ""1548"", ""222"", ""132"", ""329""]; Cumulative=[""345"", ""771"", ""1355"", ""1973"", ""2619"", ""3657"", ""4591"", ""5392"", ""6012"", ""6486"", ""6707"", ""6855"", ""7740"", ""9288"", ""9510"", ""9642"", ""9971""]; Skip.to.Item=[""NA"", ""NA"", ""NA"", ""NA"", ""NA"", ""NA"", ""NA"", ""NA"", ""NA"", ""NA"", ""NA"", ""NA"", ""NA"", ""NA"", ""NA"", ""NA"", ""NA""]"
"DEMO_I","INDFMPIR","INDFMPIR","Ratio of family income to poverty","A ratio of family income to poverty guidelines.","Both males and females 0 YEARS - 150 YEARS","Code.or.Value=[""0 to 4.99"", ""5"", "".""]; Value.Description=[""Range of Values"", ""Value greater than or equal to 5.00"", ""Missing""]; Count=[""7699"", ""1220"", ""1052""]; Cumulative=[""7699"", ""8919"", ""9971""]; Skip.to.Item=[""NA"", ""NA"", ""NA""]"
"DEMO_J","SEQN","SEQN","Respondent sequence number","Respondent sequence number.","Both males and females 0 YEARS - 150 YEARS",NA
"DEMO_J","SDDSRVYR","SDDSRVYR","Data release cycle","Data release cycle","Both males and females 0 YEARS - 150 YEARS","Code.or.Value=[""10"", "".""]; Value.Description=[""NHANES 2017-2018 public release"", ""Missing""]; Count=[""9254"", ""0""]; Cumulative=[""9254"", ""9254""]; Skip.to.Item=[""NA"", ""NA""]"
"DEMO_J","RIDSTATR","RIDSTATR","Interview/Examination status","Interview and examination status of the participant.","Both males and females 0 YEARS - 150 YEARS","Code.or.Value=[""1"", ""2"", "".""]; Value.Description=[""Interviewed only"", ""Both interviewed and MEC examined"", ""Missing""]; Count=[""550"", ""8704"", ""0""]; Cumulative=[""550"", ""9254"", ""9254""]; Skip.to.Item=[""NA"", ""NA"", ""NA""]"
"DEMO_J","RIAGENDR","RIAGENDR","Gender","Gender of the participant.","Both males and females 0 YEARS - 150 YEARS","Code.or.Value=[""1"", ""2"", "".""]; Value.Description=[""Male"", ""Female"", ""Missing""]; Count=[""4557"", ""4697"", ""0""]; Cumulative=[""4557"", ""9254"", ""9254""]; Skip.to.Item=[""NA"", ""NA"", ""NA""]"
"DEMO_J","RIDAGEYR","RIDAGEYR","Age in years at screening","Age in years of the participant at the time of screening. Individuals 80 and over are topcoded at 80 years of age.","Both males and females 0 YEARS - 150 YEARS","Code.or.Value=[""0 to 79"", ""80"", "".""]; Value.Description=[""Range of Values"", ""80 years of age and over"", ""Missing""]; Count=[""8827"", ""427"", ""0""]; Cumulative=[""8827"", ""9254"", ""9254""]; Skip.to.Item=[""NA"", ""NA"", ""NA""]"
"DEMO_J","RIDAGEMN","RIDAGEMN","Age in months at screening - 0 to 24 mos","Age in months of the participant at the time of screening. Reported for persons aged 24 months or younger at the time of exam (or screening if not examined).","Both males and females 0 YEARS - 2 YEARS","Code.or.Value=[""0 to 24"", "".""]; Value.Description=[""Range of Values"", ""Missing""]; Count=[""597"", ""8657""]; Cumulative=[""597"", ""9254""]; Skip.to.Item=[""NA"", ""NA""]"
"DEMO_J","RIDRETH1","RIDRETH1","Race/Hispanic origin","Recode of reported race and Hispanic origin information","Both males and females 0 YEARS - 150 YEARS","Code.or.Value=[""1"", ""2"", ""3"", ""4"", ""5"", "".""]; Value.Description=[""Mexican American"", ""Other Hispanic"", ""Non-Hispanic White"", ""Non-Hispanic Black"", ""Other Race - Including Multi-Racial"", ""Missing""]; Count=[""1367"", ""820"", ""3150"", ""2115"", ""1802"", ""0""]; Cumulative=[""1367"", ""2187"", ""5337"", ""7452"", ""9254"", ""9254""]; Skip.to.Item=[""NA"", ""NA"", ""NA"", ""NA"", ""NA"", ""NA""]"
"DEMO_J","RIDRETH3","RIDRETH3","Race/Hispanic origin w/ NH Asian","Recode of reported race and Hispanic origin information with Non-Hispanic Asian Category","Both males and females 0 YEARS - 150 YEARS","Code.or.Value=[""1"", ""2"", ""3"", ""4"", ""6"", ""7"", "".""]; Value.Description=[""Mexican American"", ""Other Hispanic"", ""Non-Hispanic White"", ""Non-Hispanic Black"", ""Non-Hispanic Asian"", ""Other Race - Including Multi-Racial"", ""Missing""]; Count=[""1367"", ""820"", ""3150"", ""2115"", ""1168"", ""634"", ""0""]; Cumulative=[""1367"", ""2187"", ""5337"", ""7452"", ""8620"", ""9254"", ""9254""]; Skip.to.Item=[""NA"", ""NA"", ""NA"", ""NA"", ""NA"", ""NA"", ""NA""]"
"DEMO_J","RIDEXMON","RIDEXMON","Six month time period","Six month time period when the examination was performed - two categories: November 1 through April 30 May 1 through October 31.","Both males and females 0 YEARS - 150 YEARS","Code.or.Value=[""1"", ""2"", "".""]; Value.Description=[""November 1 through April 30"", ""May 1 through October 31"", ""Missing""]; Count=[""4201"", ""4503"", ""550""]; Cumulative=[""4201"", ""8704"", ""9254""]; Skip.to.Item=[""NA"", ""NA"", ""NA""]"
"DEMO_J","RIDEXAGM","RIDEXAGM","Age in months at exam - 0 to 19 years","Age in months of the participant at the time of examination. Reported for persons aged 19 years or younger at the time of examination.","Both males and females 0 YEARS - 19 YEARS","Code.or.Value=[""0 to 239"", "".""]; Value.Description=[""Range of Values"", ""Missing""]; Count=[""3433"", ""5821""]; Cumulative=[""3433"", ""9254""]; Skip.to.Item=[""NA"", ""NA""]"
"DEMO_J","DMQMILIZ","DMQMILIZ","Served active duty in US Armed Forces","{Have you/Has SP} ever served on active duty in the U.S. Armed Forces military Reserves or National Guard? (Active duty does not include training for the Reserves or National Guard but does include activation for service in the U.S. or in a foreign country in support of military or humanitarian operations.)","Both males and females 17 YEARS - 150 YEARS","Code.or.Value=[""1"", ""2"", ""7"", ""9"", "".""]; Value.Description=[""Yes"", ""No"", ""Refused"", ""Don't Know"", ""Missing""]; Count=[""561"", ""5440"", ""2"", ""1"", ""3250""]; Cumulative=[""561"", ""6001"", ""6003"", ""6004"", ""9254""]; Skip.to.Item=["""", ""DMDBORN4"", ""DMDBORN4"", ""DMDBORN4"", """"]"
"DEMO_J","DMQADFC","DMQADFC","Served in a foreign country","Did {you/SP} ever serve in a foreign country during a time of armed conflict or on a humanitarian or peace-keeping mission? (This would include National Guard or reserve or active duty monitoring or conducting peace keeping operations in Bosnia and Kosovo in the Sinai between Egypt and Israel or in response to the 2004 tsunami or Haiti in 2010.)","Both males and females 17 YEARS - 150 YEARS","Code.or.Value=[""9"", ""."", ""1"", ""2"", ""7""]; Value.Description=[""Don't Know"", ""Missing"", ""Yes"", ""No"", ""Refused""]; Count=[""0"", ""8693"", ""294"", ""266"", ""1""]; Cumulative=[""561"", ""9254"", ""294"", ""560"", ""561""]; Skip.to.Item=[""NA"", ""NA"", ""NA"", ""NA"", ""NA""]"
"DEMO_J","DMDBORN4","DMDBORN4","Country of birth","In what country {were you/was SP} born?","Both males and females 0 YEARS - 150 YEARS","Code.or.Value=[""1"", ""2"", ""77"", ""99"", "".""]; Value.Description=[""Born in 50 US states or Washington, DC"", ""Others"", ""Refused"", ""Don't Know"", ""Missing""]; Count=[""7303"", ""1948"", ""2"", ""1"", ""0""]; Cumulative=[""7303"", ""9251"", ""9253"", ""9254"", ""9254""]; Skip.to.Item=[""NA"", ""NA"", ""NA"", ""NA"", ""NA""]"
"DEMO_J","DMDCITZN","DMDCITZN","Citizenship status","{Are you/Is SP} a citizen of the United States? [Information about citizenship is being collected by the U.S. Public Health Service to perform health related research. Providing this information is voluntary and is collected under the authority of the Public Health Service Act. There will be no effect on pending immigration or citizenship petitions.]","Both males and females 0 YEARS - 150 YEARS","Code.or.Value=[""1"", ""2"", ""7"", ""9"", "".""]; Value.Description=[""Citizen by birth or naturalization"", ""Not a citizen of the US"", ""Refused"", ""Don't Know"", ""Missing""]; Count=[""8310"", ""913"", ""20"", ""8"", ""3""]; Cumulative=[""8310"", ""9223"", ""9243"", ""9251"", ""9254""]; Skip.to.Item=[""NA"", ""NA"", ""NA"", ""NA"", ""NA""]"
"DEMO_J","DMDYRSUS","DMDYRSUS","Length of time in US","Length of time the participant has been in the US.","Both males and females 0 YEARS - 150 YEARS","Code.or.Value=[""1"", ""2"", ""3"", ""4"", ""5"", ""6"", ""7"", ""8"", ""9"", ""77"", ""99"", "".""]; Value.Description=[""Less than 1 year"", ""1 year or more, but less than 5 years"", ""5 year or more, but less than 10 years"", ""10 year or more, but less than 15 years"", ""15 year or more, but less than 20 years"", ""20 year or more, but less than 30 years"", ""30 year or more, but less than 40 years"", ""40 year or more, but less than 50 years"", ""50 years or more"", ""Refused"", ""Don't Know"", ""Missing""]; Count=[""68"", ""241"", ""188"", ""207"", ""248"", ""335"", ""285"", ""176"", ""106"", ""35"", ""59"", ""7306""]; Cumulative=[""68"", ""309"", ""497"", ""704"", ""952"", ""1287"", ""1572"", ""1748"", ""1854"", ""1889"", ""1948"", ""9254""]; Skip.to.Item=[""NA"", ""NA"", ""NA"", ""NA"", ""NA"", ""NA"", ""NA"", ""NA"", ""NA"", ""NA"", ""NA"", ""NA""]"
"DEMO_J","DMDEDUC3","DMDEDUC3","Education level - Children/Youth 6-19","What is the highest grade or level of school {you have/SP has} completed or the highest degree {you have/s/he has} received?","Both males and females 6 YEARS - 19 YEARS","Code.or.Value=[""0"", ""1"", ""2"", ""3"", ""4"", ""5"", ""6"", ""7"", ""8"", ""9"", ""10"", ""11"", ""12"", ""13"", ""14"", ""15"", ""55"", ""66"", ""77"", ""99"", "".""]; Value.Description=[""Never attended / kindergarten only"", ""1st grade"", ""2nd grade"", ""3rd grade"", ""4th grade"", ""5th grade"", ""6th grade"", ""7th grade"", ""8th grade"", ""9th grade"", ""10th grade"", ""11th grade"", ""12th grade, no diploma"", ""High school graduate"", ""GED or equivalent"", ""More than high school"", ""Less than 5th grade"", ""Less than 9th grade"", ""Refused"", ""Don't Know"", ""Missing""]; Count=[""184"", ""176"", ""202"", ""202"", ""179"", ""199"", ""154"", ""151"", ""154"", ""154"", ""139"", ""155"", ""20"", ""150"", ""5"", ""71"", ""0"", ""11"", ""0"", ""0"", ""6948""]; Cumulative=[""184"", ""360"", ""562"", ""764"", ""943"", ""1142"", ""1296"", ""1447"", ""1601"", ""1755"", ""1894"", ""2049"", ""2069"", ""2219"", ""2224"", ""2295"", ""2295"", ""2306"", ""2306"", ""2306"", ""9254""]; Skip.to.Item=[""NA"", ""NA"", ""NA"", ""NA"", ""NA"", ""NA"", ""NA"", ""NA"", ""NA"", ""NA"", ""NA"", ""NA"", ""NA"", ""NA"", ""NA"", ""NA"", ""NA"", ""NA"", ""NA"", ""NA"", ""NA""]"
"DEMO_J","DMDEDUC2","DMDEDUC2","Education level - Adults 20+","What is the highest grade or level of school {you have/SP has} completed or the highest degree {you have/s/he has} received?","Both males and females 20 YEARS - 150 YEARS","Code.or.Value=[""1"", ""2"", ""3"", ""4"", ""5"", ""7"", ""9"", "".""]; Value.Description=[""Less than 9th grade"", ""9-11th grade (Includes 12th grade with no diploma)"", ""High school graduate/GED or equivalent"", ""Some college or AA degree"", ""College graduate or above"", ""Refused"", ""Don't Know"", ""Missing""]; Count=[""479"", ""638"", ""1325"", ""1778"", ""1336"", ""2"", ""11"", ""3685""]; Cumulative=[""479"", ""1117"", ""2442"", ""4220"", ""5556"", ""5558"", ""5569"", ""9254""]; Skip.to.Item=[""NA"", ""NA"", ""NA"", ""NA"", ""NA"", ""NA"", ""NA"", ""NA""]"
"DEMO_J","DMDMARTL","DMDMARTL","Marital status","Marital status","Both males and females 20 YEARS - 150 YEARS","Code.or.Value=[""1"", ""2"", ""3"", ""4"", ""5"", ""6"", ""77"", ""99"", "".""]; Value.Description=[""Married"", ""Widowed"", ""Divorced"", ""Separated"", ""Never married"", ""Living with partner"", ""Refused"", ""Don't Know"", ""Missing""]; Count=[""2737"", ""462"", ""641"", ""202"", ""1006"", ""515"", ""6"", ""0"", ""3685""]; Cumulative=[""2737"", ""3199"", ""3840"", ""4042"", ""5048"", ""5563"", ""5569"", ""5569"", ""9254""]; Skip.to.Item=[""NA"", ""NA"", ""NA"", ""NA"", ""NA"", ""NA"", ""NA"", ""NA"", ""NA""]"
"DEMO_J","RIDEXPRG","RIDEXPRG","Pregnancy status at exam","Pregnancy status for females between 20 and 44 years of age at the time of MEC exam.","Females only 20 YEARS - 44 YEARS","Code.or.Value=[""1"", ""2"", ""3"", "".""]; Value.Description=[""Yes, positive lab pregnancy test or self-reported pregnant at exam"", ""The participant was not pregnant at exam"", ""Cannot ascertain if the participant is pregnant at exam"", ""Missing""]; Count=[""55"", ""966"", ""89"", ""8144""]; Cumulative=[""55"", ""1021"", ""1110"", ""9254""]; Skip.to.Item=[""NA"", ""NA"", ""NA"", ""NA""]"
"DEMO_J","SIALANG","SIALANG","Language of SP Interview","Language of the Sample Person Interview Instrument","Both males and females 0 YEARS - 150 YEARS","Code.or.Value=[""1"", ""2"", "".""]; Value.Description=[""English"", ""Spanish"", ""Missing""]; Count=[""8295"", ""959"", ""0""]; Cumulative=[""8295"", ""9254"", ""9254""]; Skip.to.Item=[""NA"", ""NA"", ""NA""]"
"DEMO_J","SIAPROXY","SIAPROXY","Proxy used in SP Interview?","Was a Proxy respondent used in conducting the Sample Person (SP) interview?","Both males and females 0 YEARS - 150 YEARS","Code.or.Value=[""1"", ""2"", "".""]; Value.Description=[""Yes"", ""No"", ""Missing""]; Count=[""3187"", ""6067"", ""0""]; Cumulative=[""3187"", ""9254"", ""9254""]; Skip.to.Item=[""NA"", ""NA"", ""NA""]"
"DEMO_J","SIAINTRP","SIAINTRP","Interpreter used in SP Interview?","Was an interpreter used to conduct the Sample Person (SP) interview?","Both males and females 0 YEARS - 150 YEARS","Code.or.Value=[""1"", ""2"", "".""]; Value.Description=[""Yes"", ""No"", ""Missing""]; Count=[""289"", ""8965"", ""0""]; Cumulative=[""289"", ""9254"", ""9254""]; Skip.to.Item=[""NA"", ""NA"", ""NA""]"
"DEMO_J","FIALANG","FIALANG","Language of Family Interview","Language of the Family Interview Instrument","Both males and females 0 YEARS - 150 YEARS","Code.or.Value=[""1"", ""2"", "".""]; Value.Description=[""English"", ""Spanish"", ""Missing""]; Count=[""7941"", ""839"", ""474""]; Cumulative=[""7941"", ""8780"", ""9254""]; Skip.to.Item=[""NA"", ""NA"", ""NA""]"
"DEMO_J","FIAPROXY","FIAPROXY","Proxy used in Family Interview?","Was a Proxy respondent used in conducting the Family Interview?","Both males and females 0 YEARS - 150 YEARS","Code.or.Value=[""1"", ""2"", "".""]; Value.Description=[""Yes"", ""No"", ""Missing""]; Count=[""17"", ""8763"", ""474""]; Cumulative=[""17"", ""8780"", ""9254""]; Skip.to.Item=[""NA"", ""NA"", ""NA""]"
"DEMO_J","FIAINTRP","FIAINTRP","Interpreter used in Family Interview?","Was an interpreter used to conduct the Family interview?","Both males and females 0 YEARS - 150 YEARS","Code.or.Value=[""1"", ""2"", "".""]; Value.Description=[""Yes"", ""No"", ""Missing""]; Count=[""239"", ""8541"", ""474""]; Cumulative=[""239"", ""8780"", ""9254""]; Skip.to.Item=[""NA"", ""NA"", ""NA""]"
"DEMO_J","MIALANG","MIALANG","Language of MEC Interview","Language of the MEC CAPI Interview Instrument","Both males and females 8 YEARS - 150 YEARS","Code.or.Value=[""1"", ""2"", "".""]; Value.Description=[""English"", ""Spanish"", ""Missing""]; Count=[""6202"", ""482"", ""2570""]; Cumulative=[""6202"", ""6684"", ""9254""]; Skip.to.Item=[""NA"", ""NA"", ""NA""]"
"DEMO_J","MIAPROXY","MIAPROXY","Proxy used in MEC Interview?","Was a Proxy respondent used in conducting the MEC CAPI Interview?","Both males and females 8 YEARS - 150 YEARS","Code.or.Value=[""1"", ""2"", "".""]; Value.Description=[""Yes"", ""No"", ""Missing""]; Count=[""50"", ""6634"", ""2570""]; Cumulative=[""50"", ""6684"", ""9254""]; Skip.to.Item=[""NA"", ""NA"", ""NA""]"
"DEMO_J","MIAINTRP","MIAINTRP","Interpreter used in MEC Interview?","Was an interpreter used to conduct the MEC CAPI interview?","Both males and females 8 YEARS - 150 YEARS","Code.or.Value=[""1"", ""2"", "".""]; Value.Description=[""Yes"", ""No"", ""Missing""]; Count=[""146"", ""6538"", ""2570""]; Cumulative=[""146"", ""6684"", ""9254""]; Skip.to.Item=[""NA"", ""NA"", ""NA""]"
"DEMO_J","AIALANGA","AIALANGA","Language of ACASI Interview","Language of the MEC ACASI Interview Instrument","Both males and females 8 YEARS - 69 YEARS","Code.or.Value=[""1"", ""2"", ""3"", "".""]; Value.Description=[""English"", ""Spanish"", ""Asian languages"", ""Missing""]; Count=[""4431"", ""466"", ""80"", ""4277""]; Cumulative=[""4431"", ""4897"", ""4977"", ""9254""]; Skip.to.Item=[""NA"", ""NA"", ""NA"", ""NA""]"
"DEMO_J","DMDHHSIZ","DMDHHSIZ","Total number of people in the Household","Total number of people in the Household","Both males and females 0 YEARS - 150 YEARS","Code.or.Value=[""1"", ""2"", ""3"", ""4"", ""5"", ""6"", ""7"", "".""]; Value.Description=[""1"", ""2"", ""3"", ""4"", ""5"", ""6"", ""7 or more people in the Household"", ""Missing""]; Count=[""807"", ""1922"", ""1629"", ""1886"", ""1474"", ""803"", ""733"", ""0""]; Cumulative=[""807"", ""2729"", ""4358"", ""6244"", ""7718"", ""8521"", ""9254"", ""9254""]; Skip.to.Item=[""NA"", ""NA"", ""NA"", ""NA"", ""NA"", ""NA"", ""NA"", ""NA""]"
"DEMO_J","DMDFMSIZ","DMDFMSIZ","Total number of people in the Family","Total number of people in the Family","Both males and females 0 YEARS - 150 YEARS","Code.or.Value=[""."", ""1"", ""2"", ""3"", ""4"", ""5"", ""6"", ""7""]; Value.Description=[""Missing"", ""1"", ""2"", ""3"", ""4"", ""5"", ""6"", ""7 or more people in the Family""]; Count=[""0"", ""1250"", ""1717"", ""1556"", ""1861"", ""1423"", ""794"", ""653""]; Cumulative=[""9254"", ""1250"", ""2967"", ""4523"", ""6384"", ""7807"", ""8601"", ""9254""]; Skip.to.Item=[""NA"", ""NA"", ""NA"", ""NA"", ""NA"", ""NA"", ""NA"", ""NA""]"
"DEMO_J","DMDHHSZA","DMDHHSZA","# of children 5 years or younger in HH","Number of children aged 5 years or younger in the household","Both males and females 0 YEARS - 150 YEARS","Code.or.Value=[""0"", ""1"", ""2"", ""3"", "".""]; Value.Description=[""0"", ""1"", ""2"", ""3 or more"", ""Missing""]; Count=[""6183"", ""1826"", ""951"", ""294"", ""0""]; Cumulative=[""6183"", ""8009"", ""8960"", ""9254"", ""9254""]; Skip.to.Item=[""NA"", ""NA"", ""NA"", ""NA"", ""NA""]"
"DEMO_J","DMDHHSZB","DMDHHSZB","# of children 6-17 years old in HH","Number of children aged 6-17 years old in the household","Both males and females 0 YEARS - 150 YEARS","Code.or.Value=[""0"", ""1"", ""2"", ""3"", "".""]; Value.Description=[""0"", ""1"", ""2"", ""3 or more"", ""Missing""]; Count=[""4772"", ""1902"", ""1511"", ""1069"", ""0""]; Cumulative=[""4772"", ""6674"", ""8185"", ""9254"", ""9254""]; Skip.to.Item=[""NA"", ""NA"", ""NA"", ""NA"", ""NA""]"
"DEMO_J","DMDHHSZE","DMDHHSZE","# of adults 60 years or older in HH","Number of adults aged 60 years or older in the household","Both males and females 0 YEARS - 150 YEARS","Code.or.Value=[""0"", ""1"", ""2"", ""3"", "".""]; Value.Description=[""0"", ""1"", ""2"", ""3 or more"", ""Missing""]; Count=[""6125"", ""1788"", ""1270"", ""71"", ""0""]; Cumulative=[""6125"", ""7913"", ""9183"", ""9254"", ""9254""]; Skip.to.Item=[""NA"", ""NA"", ""NA"", ""NA"", ""NA""]"
"DEMO_J","DMDHRGND","DMDHRGND","HH ref persons gender","HH reference persons gender","Both males and females 0 YEARS - 150 YEARS","Code.or.Value=[""1"", ""2"", "".""]; Value.Description=[""Male"", ""Female"", ""Missing""]; Count=[""4629"", ""4625"", ""0""]; Cumulative=[""4629"", ""9254"", ""9254""]; Skip.to.Item=[""NA"", ""NA"", ""NA""]"
"DEMO_J","DMDHRAGZ","DMDHRAGZ","HH ref persons age in years","HH reference persons age in years","Both males and females 0 YEARS - 150 YEARS","Code.or.Value=[""1"", ""2"", ""3"", ""4"", "".""]; Value.Description=[""<20 years"", ""20-39 years"", ""40-59 years"", ""60+ years"", ""Missing""]; Count=[""121"", ""3411"", ""3364"", ""2358"", ""0""]; Cumulative=[""121"", ""3532"", ""6896"", ""9254"", ""9254""]; Skip.to.Item=[""NA"", ""NA"", ""NA"", ""NA"", ""NA""]"
"DEMO_J","DMDHREDZ","DMDHREDZ","HH ref persons education level","HH reference persons education level","Both males and females 0 YEARS - 150 YEARS","Code.or.Value=[""1"", ""2"", ""3"", ""7"", ""9"", "".""]; Value.Description=[""Less than high school degree"", ""High school grad/GED or some college/AA degree"", ""College graduate or above"", ""Refused"", ""Don't Know"", ""Missing""]; Count=[""1656"", ""5007"", ""2101"", ""0"", ""0"", ""490""]; Cumulative=[""1656"", ""6663"", ""8764"", ""8764"", ""8764"", ""9254""]; Skip.to.Item=[""NA"", ""NA"", ""NA"", ""NA"", ""NA"", ""NA""]"
"DEMO_J","DMDHRMAZ","DMDHRMAZ","HH ref persons marital status","HH reference persons marital status","Both males and females 0 YEARS - 150 YEARS","Code.or.Value=[""1"", ""2"", ""3"", ""77"", ""99"", "".""]; Value.Description=[""Married/Living with partner"", ""Widowed/Divorced/Separated"", ""Never Married"", ""Refused"", ""Don't Know"", ""Missing""]; Count=[""6006"", ""1830"", ""1227"", ""0"", ""0"", ""191""]; Cumulative=[""6006"", ""7836"", ""9063"", ""9063"", ""9063"", ""9254""]; Skip.to.Item=[""NA"", ""NA"", ""NA"", ""NA"", ""NA"", ""NA""]"
"DEMO_J","DMDHSEDZ","DMDHSEDZ","HH ref persons spouses education level","HH reference persons spouses education level","Both males and females 0 YEARS - 150 YEARS","Code.or.Value=[""1"", ""2"", ""3"", ""7"", ""9"", "".""]; Value.Description=[""Less than high school degree"", ""High school grad/GED or some college/AA degree"", ""College graduate or above"", ""Refused"", ""Don't Know"", ""Missing""]; Count=[""892"", ""2441"", ""1418"", ""0"", ""0"", ""4503""]; Cumulative=[""892"", ""3333"", ""4751"", ""4751"", ""4751"", ""9254""]; Skip.to.Item=[""NA"", ""NA"", ""NA"", ""NA"", ""NA"", ""NA""]"
"DEMO_J","WTINT2YR","WTINT2YR","Full sample 2 year interview weight","Full sample 2 year interview weight.","Both males and females 0 YEARS - 150 YEARS","Code.or.Value=[""2571.0687123 to 433085.00526"", "".""]; Value.Description=[""Range of Values"", ""Missing""]; Count=[""9254"", ""0""]; Cumulative=[""9254"", ""9254""]; Skip.to.Item=[""NA"", ""NA""]"
"DEMO_J","WTMEC2YR","WTMEC2YR","Full sample 2 year MEC exam weight","Full sample 2 year MEC exam weight.","Both males and females 0 YEARS - 150 YEARS","Code.or.Value=[""2566.1838545 to 419762.83649"", ""0"", "".""]; Value.Description=[""Range of Values"", ""Not MEC Examined"", ""Missing""]; Count=[""8704"", ""550"", ""0""]; Cumulative=[""8704"", ""9254"", ""9254""]; Skip.to.Item=[""NA"", ""NA"", ""NA""]"
"DEMO_J","SDMVPSU","SDMVPSU","Masked variance pseudo-PSU","Masked variance unit pseudo-PSU variable for variance estimation","Both males and females 0 YEARS - 150 YEARS","Code.or.Value=[""1 to 2"", "".""]; Value.Description=[""Range of Values"", ""Missing""]; Count=[""9254"", ""0""]; Cumulative=[""9254"", ""9254""]; Skip.to.Item=[""NA"", ""NA""]"
"DEMO_J","SDMVSTRA","SDMVSTRA","Masked variance pseudo-stratum","Masked variance unit pseudo-stratum variable for variance estimation","Both males and females 0 YEARS - 150 YEARS","Code.or.Value=[""134 to 148"", "".""]; Value.Description=[""Range of Values"", ""Missing""]; Count=[""9254"", ""0""]; Cumulative=[""9254"", ""9254""]; Skip.to.Item=[""NA"", ""NA""]"
"DEMO_J","INDHHIN2","INDHHIN2","Annual household income","Total household income (reported as a range value in dollars)","Both males and females 0 YEARS - 150 YEARS","Code.or.Value=[""1"", ""2"", ""3"", ""4"", ""5"", ""6"", ""7"", ""8"", ""9"", ""10"", ""12"", ""13"", ""14"", ""15"", ""77"", ""99"", "".""]; Value.Description=[""$ 0 to $ 4,999"", ""$ 5,000 to $ 9,999"", ""$10,000 to $14,999"", ""$15,000 to $19,999"", ""$20,000 to $24,999"", ""$25,000 to $34,999"", ""$35,000 to $44,999"", ""$45,000 to $54,999"", ""$55,000 to $64,999"", ""$65,000 to $74,999"", ""$20,000 and Over"", ""Under $20,000"", ""$75,000 to $99,999"", ""$100,000 and Over"", ""Refused"", ""Don't know"", ""Missing""]; Count=[""282"", ""252"", ""399"", ""536"", ""529"", ""960"", ""893"", ""607"", ""573"", ""441"", ""328"", ""120"", ""829"", ""1624"", ""170"", ""220"", ""491""]; Cumulative=[""282"", ""534"", ""933"", ""1469"", ""1998"", ""2958"", ""3851"", ""4458"", ""5031"", ""5472"", ""5800"", ""5920"", ""6749"", ""8373"", ""8543"", ""8763"", ""9254""]; Skip.to.Item=[""NA"", ""NA"", ""NA"", ""NA"", ""NA"", ""NA"", ""NA"", ""NA"", ""NA"", ""NA"", ""NA"", ""NA"", ""NA"", ""NA"", ""NA"", ""NA"", ""NA""]"
"DEMO_J","INDFMIN2","INDFMIN2","Annual family income","Total family income (reported as a range value in dollars)","Both males and females 0 YEARS - 150 YEARS","Code.or.Value=[""1"", ""2"", ""3"", ""4"", ""5"", ""6"", ""7"", ""8"", ""9"", ""10"", ""12"", ""13"", ""14"", ""15"", ""77"", ""99"", "".""]; Value.Description=[""$ 0 to $ 4,999"", ""$ 5,000 to $ 9,999"", ""$10,000 to $14,999"", ""$15,000 to $19,999"", ""$20,000 to $24,999"", ""$25,000 to $34,999"", ""$35,000 to $44,999"", ""$45,000 to $54,999"", ""$55,000 to $64,999"", ""$65,000 to $74,999"", ""$20,000 and Over"", ""Under $20,000"", ""$75,000 to $99,999"", ""$100,000 and Over"", ""Refused"", ""Don't know"", ""Missing""]; Count=[""340"", ""281"", ""454"", ""556"", ""555"", ""1005"", ""896"", ""598"", ""540"", ""418"", ""246"", ""125"", ""804"", ""1576"", ""179"", ""207"", ""474""]; Cumulative=[""340"", ""621"", ""1075"", ""1631"", ""2186"", ""3191"", ""4087"", ""4685"", ""5225"", ""5643"", ""5889"", ""6014"", ""6818"", ""8394"", ""8573"", ""8780"", ""9254""]; Skip.to.Item=[""NA"", ""NA"", ""NA"", ""NA"", ""NA"", ""NA"", ""NA"", ""NA"", ""NA"", ""NA"", ""NA"", ""NA"", ""NA"", ""NA"", ""NA"", ""NA"", ""NA""]"
"DEMO_J","INDFMPIR","INDFMPIR","Ratio of family income to poverty","A ratio of family income to poverty guidelines.","Both males and females 0 YEARS - 150 YEARS","Code.or.Value=[""0 to 4.98"", ""5"", "".""]; Value.Description=[""Range of Values"", ""Value greater than or equal to 5.00"", ""Missing""]; Count=[""6815"", ""1208"", ""1231""]; Cumulative=[""6815"", ""8023"", ""9254""]; Skip.to.Item=[""NA"", ""NA"", ""NA""]"
"P_DEMO","AIALANGA","AIALANGA","Language of ACASI Interview","Language of the MEC ACASI Interview Instrument","Both males and females 8 YEARS - 69 YEARS","Code.or.Value=[""1"", ""2"", ""3"", "".""]; Value.Description=[""English"", ""Spanish"", ""Asian languages"", ""Missing""]; Count=[""7372"", ""745"", ""107"", ""7336""]; Cumulative=[""7372"", ""8117"", ""8224"", ""15560""]; Skip.to.Item=[""NA"", ""NA"", ""NA"", ""NA""]"
"P_DEMO","DMDBORN4","DMDBORN4","Country of birth","In what country {were you/was SP} born?","Both males and females 0 YEARS - 150 YEARS","Code.or.Value=[""1"", ""2"", ""77"", ""99"", "".""]; Value.Description=[""Born in 50 US states or Washington, DC"", ""Others"", ""Refused"", ""Don't Know"", ""Missing""]; Count=[""12525"", ""3028"", ""6"", ""1"", ""0""]; Cumulative=[""12525"", ""15553"", ""15559"", ""15560"", ""15560""]; Skip.to.Item=[""NA"", ""NA"", ""NA"", ""NA"", ""NA""]"
"P_DEMO","DMDEDUC2","DMDEDUC2","Education level - Adults 20+","What is the highest grade or level of school {you have/SP has} completed or the highest degree {you have/s/he has} received?","Both males and females 20 YEARS - 150 YEARS","Code.or.Value=[""1"", ""2"", ""3"", ""4"", ""5"", ""7"", ""9"", "".""]; Value.Description=[""Less than 9th grade"", ""9-11th grade (Includes 12th grade with no diploma)"", ""High school graduate/GED or equivalent"", ""Some college or AA degree"", ""College graduate or above"", ""Refused"", ""Don't Know"", ""Missing""]; Count=[""719"", ""1041"", ""2225"", ""2975"", ""2257"", ""2"", ""13"", ""6328""]; Cumulative=[""719"", ""1760"", ""3985"", ""6960"", ""9217"", ""9219"", ""9232"", ""15560""]; Skip.to.Item=[""NA"", ""NA"", ""NA"", ""NA"", ""NA"", ""NA"", ""NA"", ""NA""]"
"P_DEMO","DMDMARTZ","DMDMARTZ","Marital status","Marital status","Both males and females 20 YEARS - 150 YEARS","Code.or.Value=[""1"", ""2"", ""3"", ""77"", ""99"", "".""]; Value.Description=[""Married/Living with Partner"", ""Widowed/Divorced/Separated"", ""Never married"", ""Refused"", ""Don't Know"", ""Missing""]; Count=[""5279"", ""2148"", ""1795"", ""8"", ""2"", ""6328""]; Cumulative=[""5279"", ""7427"", ""9222"", ""9230"", ""9232"", ""15560""]; Skip.to.Item=[""NA"", ""NA"", ""NA"", ""NA"", ""NA"", ""NA""]"
"P_DEMO","DMDYRUSZ","DMDYRUSZ","Length of time in US","Length of time the participant has been in the US.","Both males and females 0 YEARS - 150 YEARS","Code.or.Value=[""1"", ""2"", ""3"", ""4"", ""77"", ""99"", "".""]; Value.Description=[""Less than 5 years"", ""5 years or more, but less than 15 years"", ""15 years or more, but less than 30 years"", ""30 years or more"", ""Refused"", ""Don't Know"", ""Missing""]; Count=[""501"", ""594"", ""935"", ""864"", ""42"", ""92"", ""12532""]; Cumulative=[""501"", ""1095"", ""2030"", ""2894"", ""2936"", ""3028"", ""15560""]; Skip.to.Item=[""NA"", ""NA"", ""NA"", ""NA"", ""NA"", ""NA"", ""NA""]"
"P_DEMO","FIAINTRP","FIAINTRP","Interpreter used in Family Interview?","Was an interpreter used to conduct the Family interview?","Both males and females 0 YEARS - 150 YEARS","Code.or.Value=[""1"", ""2"", "".""]; Value.Description=[""Yes"", ""No"", ""Missing""]; Count=[""317"", ""14164"", ""1079""]; Cumulative=[""317"", ""14481"", ""15560""]; Skip.to.Item=[""NA"", ""NA"", ""NA""]"
"P_DEMO","FIALANG","FIALANG","Language of Family Interview","Language of the Family Interview Instrument","Both males and females 0 YEARS - 150 YEARS","Code.or.Value=[""1"", ""2"", "".""]; Value.Description=[""English"", ""Spanish"", ""Missing""]; Count=[""13112"", ""1369"", ""1079""]; Cumulative=[""13112"", ""14481"", ""15560""]; Skip.to.Item=[""NA"", ""NA"", ""NA""]"
"P_DEMO","FIAPROXY","FIAPROXY","Proxy used in Family Interview?","Was a Proxy respondent used in conducting the Family Interview?","Both males and females 0 YEARS - 150 YEARS","Code.or.Value=[""1"", ""2"", "".""]; Value.Description=[""Yes"", ""No"", ""Missing""]; Count=[""27"", ""14454"", ""1079""]; Cumulative=[""27"", ""14481"", ""15560""]; Skip.to.Item=[""NA"", ""NA"", ""NA""]"
"P_DEMO","INDFMPIR","INDFMPIR","Ratio of family income to poverty","A ratio of family income to poverty guidelines.","Both males and females 0 YEARS - 150 YEARS","Code.or.Value=[""0 to 4.98"", ""5"", "".""]; Value.Description=[""Range of Values"", ""Value greater than or equal to 5.00"", ""Missing""]; Count=[""11213"", ""2146"", ""2201""]; Cumulative=[""11213"", ""13359"", ""15560""]; Skip.to.Item=[""NA"", ""NA"", ""NA""]"
"P_DEMO","MIAINTRP","MIAINTRP","Interpreter used in MEC Interview?","Was an interpreter used to conduct the MEC CAPI interview?","Both males and females 8 YEARS - 150 YEARS","Code.or.Value=[""1"", ""2"", "".""]; Value.Description=[""Yes"", ""No"", ""Missing""]; Count=[""256"", ""10744"", ""4560""]; Cumulative=[""256"", ""11000"", ""15560""]; Skip.to.Item=[""NA"", ""NA"", ""NA""]"
"P_DEMO","MIALANG","MIALANG","Language of MEC Interview","Language of the MEC CAPI Interview Instrument","Both males and females 8 YEARS - 150 YEARS","Code.or.Value=[""1"", ""2"", "".""]; Value.Description=[""English"", ""Spanish"", ""Missing""]; Count=[""10239"", ""761"", ""4560""]; Cumulative=[""10239"", ""11000"", ""15560""]; Skip.to.Item=[""NA"", ""NA"", ""NA""]"
"P_DEMO","MIAPROXY","MIAPROXY","Proxy used in MEC Interview?","Was a Proxy respondent used in conducting the MEC CAPI Interview?","Both males and females 8 YEARS - 150 YEARS","Code.or.Value=[""1"", ""2"", "".""]; Value.Description=[""Yes"", ""No"", ""Missing""]; Count=[""86"", ""10914"", ""4560""]; Cumulative=[""86"", ""11000"", ""15560""]; Skip.to.Item=[""NA"", ""NA"", ""NA""]"
"P_DEMO","RIAGENDR","RIAGENDR","Gender","Gender of the participant.","Both males and females 0 YEARS - 150 YEARS","Code.or.Value=[""1"", ""2"", "".""]; Value.Description=[""Male"", ""Female"", ""Missing""]; Count=[""7721"", ""7839"", ""0""]; Cumulative=[""7721"", ""15560"", ""15560""]; Skip.to.Item=[""NA"", ""NA"", ""NA""]"
"P_DEMO","RIDAGEMN","RIDAGEMN","Age in months at screening - 0 to 24 mos","Age in months of the participant at the time of screening. Reported for persons aged 24 months or younger at the time of exam (or screening if not examined).","Both males and females 0 YEARS - 2 YEARS","Code.or.Value=[""0 to 24"", "".""]; Value.Description=[""Range of Values"", ""Missing""]; Count=[""987"", ""14573""]; Cumulative=[""987"", ""15560""]; Skip.to.Item=[""NA"", ""NA""]"
"P_DEMO","RIDAGEYR","RIDAGEYR","Age in years at screening","Age in years of the participant at the time of screening. Individuals 80 and over are topcoded at 80 years of age.","Both males and females 0 YEARS - 150 YEARS","Code.or.Value=[""0 to 79"", ""80"", "".""]; Value.Description=[""Range of Values"", ""80 years of age and over"", ""Missing""]; Count=[""14878"", ""682"", ""0""]; Cumulative=[""14878"", ""15560"", ""15560""]; Skip.to.Item=[""NA"", ""NA"", ""NA""]"
"P_DEMO","RIDEXMON","RIDEXMON","Six-month time period","Six month time period when the examination was performed - two categories: November 1 through April 30 May 1 through October 31.","Both males and females 0 YEARS - 150 YEARS","Code.or.Value=[""1"", ""2"", "".""]; Value.Description=[""November 1 through April 30"", ""May 1 through October 31"", ""Missing""]; Count=[""7520"", ""6780"", ""1260""]; Cumulative=[""7520"", ""14300"", ""15560""]; Skip.to.Item=[""NA"", ""NA"", ""NA""]"
"P_DEMO","RIDEXPRG","RIDEXPRG","Pregnancy status at exam","Pregnancy status for females between 20 and 44 years of age at the time of MEC exam.","Females only 20 YEARS - 44 YEARS","Code.or.Value=[""3"", ""."", ""1"", ""2""]; Value.Description=[""Cannot ascertain if the participant is pregnant at exam"", ""Missing"", ""Yes, positive lab pregnancy test or self-reported pregnant at exam"", ""The participant was not pregnant at exam""]; Count=[""183"", ""13686"", ""87"", ""1604""]; Cumulative=[""1874"", ""15560"", ""87"", ""1691""]; Skip.to.Item=[""NA"", ""NA"", ""NA"", ""NA""]"
"P_DEMO","RIDRETH1","RIDRETH1","Race/Hispanic origin","Recode of reported race and Hispanic origin information","Both males and females 0 YEARS - 150 YEARS","Code.or.Value=[""1"", ""2"", ""3"", ""4"", ""5"", "".""]; Value.Description=[""Mexican American"", ""Other Hispanic"", ""Non-Hispanic White"", ""Non-Hispanic Black"", ""Other Race - Including Multi-Racial"", ""Missing""]; Count=[""1990"", ""1544"", ""5271"", ""4098"", ""2657"", ""0""]; Cumulative=[""1990"", ""3534"", ""8805"", ""12903"", ""15560"", ""15560""]; Skip.to.Item=[""NA"", ""NA"", ""NA"", ""NA"", ""NA"", ""NA""]"
"P_DEMO","RIDRETH3","RIDRETH3","Race/Hispanic origin w/ NH Asian","Recode of reported race and Hispanic origin information with Non-Hispanic Asian Category","Both males and females 0 YEARS - 150 YEARS","Code.or.Value=[""1"", ""2"", ""3"", ""4"", ""6"", ""7"", "".""]; Value.Description=[""Mexican American"", ""Other Hispanic"", ""Non-Hispanic White"", ""Non-Hispanic Black"", ""Non-Hispanic Asian"", ""Other Race - Including Multi-Racial"", ""Missing""]; Count=[""1990"", ""1544"", ""5271"", ""4098"", ""1638"", ""1019"", ""0""]; Cumulative=[""1990"", ""3534"", ""8805"", ""12903"", ""14541"", ""15560"", ""15560""]; Skip.to.Item=[""NA"", ""NA"", ""NA"", ""NA"", ""NA"", ""NA"", ""NA""]"
"P_DEMO","RIDSTATR","RIDSTATR","Interview/Examination status","Interview and examination status of the participant.","Both males and females 0 YEARS - 150 YEARS","Code.or.Value=[""1"", ""2"", "".""]; Value.Description=[""Interviewed only"", ""Both interviewed and MEC examined"", ""Missing""]; Count=[""1260"", ""14300"", ""0""]; Cumulative=[""1260"", ""15560"", ""15560""]; Skip.to.Item=[""NA"", ""NA"", ""NA""]"
"P_DEMO","SDDSRVYR","SDDSRVYR","Data release cycle","Data release cycle","Both males and females 0 YEARS - 150 YEARS","Code.or.Value=[""66"", "".""]; Value.Description=[""NHANES 2017-2020 public release"", ""Missing""]; Count=[""15560"", ""0""]; Cumulative=[""15560"", ""15560""]; Skip.to.Item=[""NA"", ""NA""]"
"P_DEMO","SDMVPSU","SDMVPSU","Masked variance pseudo-PSU","Masked variance unit pseudo-PSU variable for variance estimation","Both males and females 0 YEARS - 150 YEARS","Code.or.Value=[""1 to 3"", "".""]; Value.Description=[""Range of Values"", ""Missing""]; Count=[""15560"", ""0""]; Cumulative=[""15560"", ""15560""]; Skip.to.Item=[""NA"", ""NA""]"
"P_DEMO","SDMVSTRA","SDMVSTRA","Masked variance pseudo-stratum","Masked variance unit pseudo-stratum variable for variance estimation","Both males and females 0 YEARS - 150 YEARS","Code.or.Value=[""149 to 172"", "".""]; Value.Description=[""Range of Values"", ""Missing""]; Count=[""15560"", ""0""]; Cumulative=[""15560"", ""15560""]; Skip.to.Item=[""NA"", ""NA""]"
"P_DEMO","SEQN","SEQN","Respondent sequence number","Respondent sequence number.","Both males and females 0 YEARS - 150 YEARS",NA
"P_DEMO","SIAINTRP","SIAINTRP","Interpreter used in SP Interview?","Was an interpreter used to conduct the Sample Person (SP) interview?","Both males and females 0 YEARS - 150 YEARS","Code.or.Value=[""1"", ""2"", "".""]; Value.Description=[""Yes"", ""No"", ""Missing""]; Count=[""401"", ""15159"", ""0""]; Cumulative=[""401"", ""15560"", ""15560""]; Skip.to.Item=[""NA"", ""NA"", ""NA""]"
"P_DEMO","SIALANG","SIALANG","Language of SP Interview","Language of the Sample Person Interview Instrument","Both males and females 0 YEARS - 150 YEARS","Code.or.Value=[""1"", ""2"", "".""]; Value.Description=[""English"", ""Spanish"", ""Missing""]; Count=[""14003"", ""1557"", ""0""]; Cumulative=[""14003"", ""15560"", ""15560""]; Skip.to.Item=[""NA"", ""NA"", ""NA""]"
"P_DEMO","SIAPROXY","SIAPROXY","Proxy used in SP Interview?","Was a Proxy respondent used in conducting the Sample Person (SP) interview?","Both males and females 0 YEARS - 150 YEARS","Code.or.Value=[""1"", ""2"", "".""]; Value.Description=[""Yes"", ""No"", ""Missing""]; Count=[""5519"", ""10041"", ""0""]; Cumulative=[""5519"", ""15560"", ""15560""]; Skip.to.Item=[""NA"", ""NA"", ""NA""]"
"P_DEMO","WTINTPRP","WTINTPRP","Full sample interview weight","Full sample interview weight","Both males and females 0 YEARS - 150 YEARS","Code.or.Value=[""1017.784203 to 338363.60019"", "".""]; Value.Description=[""Range of Values"", ""Missing""]; Count=[""15560"", ""0""]; Cumulative=[""15560"", ""15560""]; Skip.to.Item=[""NA"", ""NA""]"
"P_DEMO","WTMECPRP","WTMECPRP","Full sample MEC exam weight","Full sample MEC exam weight","Both males and females 0 YEARS - 150 YEARS","Code.or.Value=[""0 to 367555.74298"", "".""]; Value.Description=[""Range of Values"", ""Missing""]; Count=[""15560"", ""0""]; Cumulative=[""15560"", ""15560""]; Skip.to.Item=[""NA"", ""NA""]"
"DEMO_L","SEQN","SEQN","Respondent sequence number","Respondent sequence number.","Both males and females 0 YEARS - 150 YEARS",NA
"DEMO_L","SDDSRVYR","SDDSRVYR","Data release cycle","Data release cycle","Both males and females 0 YEARS - 150 YEARS","Code.or.Value=[""12"", "".""]; Value.Description=[""NHANES August 2021-August 2023 public release"", ""Missing""]; Count=[""11933"", ""0""]; Cumulative=[""11933"", ""11933""]; Skip.to.Item=[""NA"", ""NA""]"
"DEMO_L","RIDSTATR","RIDSTATR","Interview/Examination status","Interview and examination status of the participant.","Both males and females 0 YEARS - 150 YEARS","Code.or.Value=[""1"", ""2"", "".""]; Value.Description=[""Interviewed only"", ""Both interviewed and MEC examined"", ""Missing""]; Count=[""3073"", ""8860"", ""0""]; Cumulative=[""3073"", ""11933"", ""11933""]; Skip.to.Item=[""NA"", ""NA"", ""NA""]"
"DEMO_L","RIAGENDR","RIAGENDR","Gender","Gender of the participant.","Both males and females 0 YEARS - 150 YEARS","Code.or.Value=[""1"", ""2"", "".""]; Value.Description=[""Male"", ""Female"", ""Missing""]; Count=[""5575"", ""6358"", ""0""]; Cumulative=[""5575"", ""11933"", ""11933""]; Skip.to.Item=[""NA"", ""NA"", ""NA""]"
"DEMO_L","RIDAGEYR","RIDAGEYR","Age in years at screening","Age in years of the participant at the time of screening. Individuals 80 and over are top-coded at 80 years of age.","Both males and females 0 YEARS - 150 YEARS","Code.or.Value=[""0 to 79"", ""80"", "".""]; Value.Description=[""Range of Values"", ""80 years of age and over"", ""Missing""]; Count=[""11408"", ""525"", ""0""]; Cumulative=[""11408"", ""11933"", ""11933""]; Skip.to.Item=[""NA"", ""NA"", ""NA""]"
"DEMO_L","RIDAGEMN","RIDAGEMN","Age in months at screening - 0 to 24 mos","Age in months of the participant at the time of screening. Reported for persons aged 24 months or younger at the time of exam (or screening if not examined).","Both males and females 0 YEARS - 2 YEARS","Code.or.Value=[""0 to 24"", "".""]; Value.Description=[""Range of Values"", ""Missing""]; Count=[""377"", ""11556""]; Cumulative=[""377"", ""11933""]; Skip.to.Item=[""NA"", ""NA""]"
"DEMO_L","RIDRETH1","RIDRETH1","Race/Hispanic origin","Recode of reported race and Hispanic origin information","Both males and females 0 YEARS - 150 YEARS","Code.or.Value=[""1"", ""2"", ""3"", ""4"", ""5"", "".""]; Value.Description=[""Mexican American"", ""Other Hispanic"", ""Non-Hispanic White"", ""Non-Hispanic Black"", ""Other Race - Including Multi-Racial"", ""Missing""]; Count=[""1117"", ""1373"", ""6217"", ""1597"", ""1629"", ""0""]; Cumulative=[""1117"", ""2490"", ""8707"", ""10304"", ""11933"", ""11933""]; Skip.to.Item=[""NA"", ""NA"", ""NA"", ""NA"", ""NA"", ""NA""]"
"DEMO_L","RIDRETH3","RIDRETH3","Race/Hispanic origin w/ NH Asian","Recode of reported race and Hispanic origin information with Non-Hispanic Asian Category","Both males and females 0 YEARS - 150 YEARS","Code.or.Value=[""1"", ""2"", ""3"", ""4"", ""6"", ""7"", "".""]; Value.Description=[""Mexican American"", ""Other Hispanic"", ""Non-Hispanic White"", ""Non-Hispanic Black"", ""Non-Hispanic Asian"", ""Other Race - Including Multi-Racial"", ""Missing""]; Count=[""1117"", ""1373"", ""6217"", ""1597"", ""681"", ""948"", ""0""]; Cumulative=[""1117"", ""2490"", ""8707"", ""10304"", ""10985"", ""11933"", ""11933""]; Skip.to.Item=[""NA"", ""NA"", ""NA"", ""NA"", ""NA"", ""NA"", ""NA""]"
"DEMO_L","RIDEXMON","RIDEXMON","Six-month time period","Six month time period when the examination was performed - two categories: November 1 through April 30 May 1 through October 31.","Both males and females 0 YEARS - 150 YEARS","Code.or.Value=[""1"", ""2"", "".""]; Value.Description=[""November 1 through April 30"", ""May 1 through October 31"", ""Missing""]; Count=[""4251"", ""4609"", ""3073""]; Cumulative=[""4251"", ""8860"", ""11933""]; Skip.to.Item=[""NA"", ""NA"", ""NA""]"
"DEMO_L","RIDEXAGM","RIDEXAGM","Age in months at exam - 0 to 19 years","Age in months of the participant at the time of examination. Reported for persons aged 19 years or younger at the time of examination.","Both males and females 0 YEARS - 19 YEARS","Code.or.Value=[""0 to 239"", "".""]; Value.Description=[""Range of Values"", ""Missing""]; Count=[""2787"", ""9146""]; Cumulative=[""2787"", ""11933""]; Skip.to.Item=[""NA"", ""NA""]"
"DEMO_L","DMQMILIZ","DMQMILIZ","Served active duty in US Armed Forces","{Have you/Has SP} ever served on active duty in the U.S. Armed Forces military Reserves or National Guard? (Active duty does not include training for the Reserves or National Guard but does include activation for service in the U.S. or in a foreign country in support of military or humanitarian operations.)","Both males and females 17 YEARS - 150 YEARS","Code.or.Value=[""."", ""1"", ""2"", ""7"", ""9""]; Value.Description=[""Missing"", ""Yes"", ""No"", ""Refused"", ""Don't know""]; Count=[""3632"", ""694"", ""7606"", ""1"", ""0""]; Cumulative=[""11933"", ""694"", ""8300"", ""8301"", ""8301""]; Skip.to.Item=[""NA"", ""NA"", ""NA"", ""NA"", ""NA""]"
"DEMO_L","DMDBORN4","DMDBORN4","Country of birth","Country of birth","Both males and females 0 YEARS - 150 YEARS","Code.or.Value=[""1"", ""2"", ""77"", ""99"", "".""]; Value.Description=[""Born in 50 US states or Washington,"", ""Others"", ""Refused"", ""Don't know"", ""Missing""]; Count=[""10039"", ""1875"", ""0"", ""0"", ""19""]; Cumulative=[""10039"", ""11914"", ""11914"", ""11914"", ""11933""]; Skip.to.Item=[""DMDEDUC2"", """", ""DMDEDUC2"", ""DMDEDUC2"", """"]"
"DEMO_L","DMDYRUSR","DMDYRUSR","Length of time in US","Length of time the participant has been in the US.","Both males and females 0 YEARS - 150 YEARS","Code.or.Value=[""1"", ""2"", ""3"", ""4"", ""5"", ""6"", ""77"", ""99"", "".""]; Value.Description=[""Less than 1 year"", ""1 to 4 years"", ""5 to 9 years"", ""10 to 14 years"", ""15 to 19 years"", ""20 years or more"", ""Refused"", ""Don't know"", ""Missing""]; Count=[""101"", ""260"", ""225"", ""160"", ""158"", ""912"", ""13"", ""46"", ""10058""]; Cumulative=[""101"", ""361"", ""586"", ""746"", ""904"", ""1816"", ""1829"", ""1875"", ""11933""]; Skip.to.Item=[""NA"", ""NA"", ""NA"", ""NA"", ""NA"", ""NA"", ""NA"", ""NA"", ""NA""]"
"DEMO_L","DMDEDUC2","DMDEDUC2","Education level - Adults 20+","What is the highest grade or level of school {you have/SP has} completed or the highest degree {you have/s/he has} received?","Both males and females 20 YEARS - 150 YEARS","Code.or.Value=[""1"", ""2"", ""3"", ""4"", ""5"", ""7"", ""9"", "".""]; Value.Description=[""Less than 9th grade"", ""9-11th grade (Includes 12th grade with no diploma)"", ""High school graduate/GED or equivalent"", ""Some college or AA degree"", ""College graduate or above"", ""Refused"", ""Don't know"", ""Missing""]; Count=[""373"", ""666"", ""1749"", ""2370"", ""2625"", ""0"", ""11"", ""4139""]; Cumulative=[""373"", ""1039"", ""2788"", ""5158"", ""7783"", ""7783"", ""7794"", ""11933""]; Skip.to.Item=[""NA"", ""NA"", ""NA"", ""NA"", ""NA"", ""NA"", ""NA"", ""NA""]"
"DEMO_L","DMDMARTZ","DMDMARTZ","Marital status","Marital status","Both males and females 20 YEARS - 150 YEARS","Code.or.Value=[""1"", ""2"", ""3"", ""77"", ""99"", "".""]; Value.Description=[""Married/Living with partner"", ""Widowed/Divorced/Separated"", ""Never married"", ""Refused"", ""Don't know"", ""Missing""]; Count=[""4136"", ""2022"", ""1625"", ""4"", ""5"", ""4141""]; Cumulative=[""4136"", ""6158"", ""7783"", ""7787"", ""7792"", ""11933""]; Skip.to.Item=[""NA"", ""NA"", ""NA"", ""NA"", ""NA"", ""NA""]"
"DEMO_L","RIDEXPRG","RIDEXPRG","Pregnancy status at exam","Pregnancy status for females between 20 and 44 years of age at the time of MEC exam.","Females only 20 YEARS - 44 YEARS","Code.or.Value=[""1"", ""2"", ""3"", "".""]; Value.Description=[""Yes, positive lab pregnancy test or self-reported pregnant at exam"", ""The participant was not pregnant at exam"", ""Cannot ascertain if the participant is pregnant at exam"", ""Missing""]; Count=[""41"", ""1065"", ""397"", ""10430""]; Cumulative=[""41"", ""1106"", ""1503"", ""11933""]; Skip.to.Item=[""NA"", ""NA"", ""NA"", ""NA""]"
"DEMO_L","DMDHHSIZ","DMDHHSIZ","Total number of people in the Household","Total number of people in the Household","Both males and females 0 YEARS - 150 YEARS","Code.or.Value=[""1 to 6"", ""7"", "".""]; Value.Description=[""Range of Values"", ""7 or more people in the Household"", ""Missing""]; Count=[""11309"", ""624"", ""0""]; Cumulative=[""11309"", ""11933"", ""11933""]; Skip.to.Item=[""NA"", ""NA"", ""NA""]"
"DEMO_L","DMDHRGND","DMDHRGND","HH ref person’s gender","HH ref person’s gender","Both males and females 0 YEARS - 19 YEARS","Code.or.Value=[""1"", ""2"", "".""]; Value.Description=[""Male"", ""Female"", ""Missing""]; Count=[""1793"", ""2322"", ""7818""]; Cumulative=[""1793"", ""4115"", ""11933""]; Skip.to.Item=[""NA"", ""NA"", ""NA""]"
"DEMO_L","DMDHRAGZ","DMDHRAGZ","HH ref person’s age in years","HH ref person’s age in years","Both males and females 0 YEARS - 19 YEARS","Code.or.Value=[""1"", ""2"", ""3"", ""4"", "".""]; Value.Description=[""<20 years"", ""20-39 years"", ""40-59 years"", ""60+ years"", ""Missing""]; Count=[""83"", ""1985"", ""1804"", ""252"", ""7809""]; Cumulative=[""83"", ""2068"", ""3872"", ""4124"", ""11933""]; Skip.to.Item=[""NA"", ""NA"", ""NA"", ""NA"", ""NA""]"
"DEMO_L","DMDHREDZ","DMDHREDZ","HH ref person’s education level","HH ref person’s education level","Both males and females 0 YEARS - 19 YEARS","Code.or.Value=[""1"", ""2"", ""3"", "".""]; Value.Description=[""Less than high school degree"", ""High school grad/GED or some college/AA degree"", ""College graduate or above"", ""Missing""]; Count=[""550"", ""2004"", ""1192"", ""8187""]; Cumulative=[""550"", ""2554"", ""3746"", ""11933""]; Skip.to.Item=[""NA"", ""NA"", ""NA"", ""NA""]"
"DEMO_L","DMDHRMAZ","DMDHRMAZ","HH ref person’s marital status","HH ref person’s marital status","Both males and females 0 YEARS - 19 YEARS","Code.or.Value=[""1"", ""2"", ""3"", "".""]; Value.Description=[""Married/Living with partner"", ""Widowed/Divorced/Separated"", ""Never Married"", ""Missing""]; Count=[""2947"", ""614"", ""459"", ""7913""]; Cumulative=[""2947"", ""3561"", ""4020"", ""11933""]; Skip.to.Item=[""NA"", ""NA"", ""NA"", ""NA""]"
"DEMO_L","DMDHSEDZ","DMDHSEDZ","HH ref person’s spouse’s education level","HH ref person’s spouse’s education level","Both males and females 0 YEARS - 19 YEARS","Code.or.Value=[""1"", ""2"", ""3"", "".""]; Value.Description=[""Less than high school degree"", ""High school grad/GED or some college/AA degree"", ""College graduate or above"", ""Missing""]; Count=[""300"", ""942"", ""885"", ""9806""]; Cumulative=[""300"", ""1242"", ""2127"", ""11933""]; Skip.to.Item=[""NA"", ""NA"", ""NA"", ""NA""]"
"DEMO_L","WTINT2YR","WTINT2YR","Full sample 2-year interview weight","Full sample 2 year interview weight.","Both males and females 0 YEARS - 150 YEARS","Code.or.Value=[""4584.463196 to 170968.343177"", "".""]; Value.Description=[""Range of Values"", ""Missing""]; Count=[""11933"", ""0""]; Cumulative=[""11933"", ""11933""]; Skip.to.Item=[""NA"", ""NA""]"
"DEMO_L","WTMEC2YR","WTMEC2YR","Full sample 2-year MEC exam weight","Full sample 2 year MEC exam weight.","Both males and females 0 YEARS - 150 YEARS","Code.or.Value=[""4581.595095 to 227108.296958"", ""0"", "".""]; Value.Description=[""Range of Values"", ""Not MEC Examined"", ""Missing""]; Count=[""8860"", ""3073"", ""0""]; Cumulative=[""8860"", ""11933"", ""11933""]; Skip.to.Item=[""NA"", ""NA"", ""NA""]"
"DEMO_L","SDMVSTRA","SDMVSTRA","Masked variance pseudo-stratum","Masked variance unit pseudo-stratum variable for variance estimation","Both males and females 0 YEARS - 150 YEARS","Code.or.Value=[""173 to 187"", "".""]; Value.Description=[""Range of Values"", ""Missing""]; Count=[""11933"", ""0""]; Cumulative=[""11933"", ""11933""]; Skip.to.Item=[""NA"", ""NA""]"
"DEMO_L","SDMVPSU","SDMVPSU","Masked variance pseudo-PSU","Masked variance unit pseudo-PSU variable for variance estimation","Both males and females 0 YEARS - 150 YEARS","Code.or.Value=[""1 to 2"", "".""]; Value.Description=[""Range of Values"", ""Missing""]; Count=[""11933"", ""0""]; Cumulative=[""11933"", ""11933""]; Skip.to.Item=[""NA"", ""NA""]"
"DEMO_L","INDFMPIR","INDFMPIR","Ratio of family income to poverty","Ratio of family income to poverty","Both males and females 0 YEARS - 150 YEARS","Code.or.Value=[""0 to 4.99"", ""5"", "".""]; Value.Description=[""Range of Values"", ""Value greater than or equal to 5.00"", ""Missing""]; Count=[""7743"", ""2149"", ""2041""]; Cumulative=[""7743"", ""9892"", ""11933""]; Skip.to.Item=[""NA"", ""NA"", ""NA""]"
