,Column,Code,Label,English_Text,Target,English_Instructions,Class,Other For
0,SEQN,,,['Respondent sequence number.'],"['Both males and females 2 YEARS - 150 YEARS', 'Both males and females 0 YEARS - 150 YEARS', 'Both males and females 18 YEARS - 150 YEARS', 'Both males and females 30 YEARS - 150 YEARS', 'Both males and females 1 YEARS - 150 YEARS', 'Both males and females 2 YEARS - 120 YEARS']",[nan],,
1,OHQ010,1,"Very Good,","['Now I have some questions about {your/SPs} mouth and teeth. How would you describe the condition of {your/SPs} mouth and teeth? Would you say . . .', 'Now I have some questions about {your/SPs} mouth and teeth. How would you describe the condition of {your/SP’s} mouth and teeth? Would you say . . .']","['Both males and females 2 YEARS - 150 YEARS', 'Both males and females 2 YEARS - 120 YEARS']",[nan],,
2,OHQ010,2,"Good,","['Now I have some questions about {your/SPs} mouth and teeth. How would you describe the condition of {your/SPs} mouth and teeth? Would you say . . .', 'Now I have some questions about {your/SPs} mouth and teeth. How would you describe the condition of {your/SP’s} mouth and teeth? Would you say . . .']","['Both males and females 2 YEARS - 150 YEARS', 'Both males and females 2 YEARS - 120 YEARS']",[nan],,
3,OHQ010,3,"Fair, Or","['Now I have some questions about {your/SPs} mouth and teeth. How would you describe the condition of {your/SPs} mouth and teeth? Would you say . . .', 'Now I have some questions about {your/SPs} mouth and teeth. How would you describe the condition of {your/SP’s} mouth and teeth? Would you say . . .']","['Both males and females 2 YEARS - 150 YEARS', 'Both males and females 2 YEARS - 120 YEARS']",[nan],,
4,OHQ010,4,Poor?,"['Now I have some questions about {your/SPs} mouth and teeth. How would you describe the condition of {your/SPs} mouth and teeth? Would you say . . .', 'Now I have some questions about {your/SPs} mouth and teeth. How would you describe the condition of {your/SP’s} mouth and teeth? Would you say . . .']","['Both males and females 2 YEARS - 150 YEARS', 'Both males and females 2 YEARS - 120 YEARS']",[nan],,
5,OHQ010,7,Refused,"['Now I have some questions about {your/SPs} mouth and teeth. How would you describe the condition of {your/SPs} mouth and teeth? Would you say . . .', 'Now I have some questions about {your/SPs} mouth and teeth. How would you describe the condition of {your/SP’s} mouth and teeth? Would you say . . .']","['Both males and females 2 YEARS - 150 YEARS', 'Both males and females 2 YEARS - 120 YEARS']",[nan],,
6,OHQ010,9,Don'T Know,"['Now I have some questions about {your/SPs} mouth and teeth. How would you describe the condition of {your/SPs} mouth and teeth? Would you say . . .', 'Now I have some questions about {your/SPs} mouth and teeth. How would you describe the condition of {your/SP’s} mouth and teeth? Would you say . . .']","['Both males and females 2 YEARS - 150 YEARS', 'Both males and females 2 YEARS - 120 YEARS']",[nan],,
7,OHQ010,.,Missing,"['Now I have some questions about {your/SPs} mouth and teeth. How would you describe the condition of {your/SPs} mouth and teeth? Would you say . . .', 'Now I have some questions about {your/SPs} mouth and teeth. How would you describe the condition of {your/SP’s} mouth and teeth? Would you say . . .']","['Both males and females 2 YEARS - 150 YEARS', 'Both males and females 2 YEARS - 120 YEARS']",[nan],,
8,OHQ010,4,Poor ?,"['Now I have some questions about {your/SPs} mouth and teeth. How would you describe the condition of {your/SPs} mouth and teeth? Would you say . . .', 'Now I have some questions about {your/SPs} mouth and teeth. How would you describe the condition of {your/SP’s} mouth and teeth? Would you say . . .']","['Both males and females 2 YEARS - 150 YEARS', 'Both males and females 2 YEARS - 120 YEARS']",[nan],,
9,OHQ020,1,"Always,",['How often {do you/does SP} limit the kinds or amounts of food {you/s/he} eat{s} because of problems with {your/his/her} teeth or dentures? Would you say . . .'],"['Both males and females 18 YEARS - 150 YEARS', 'Both males and females 18 YEARS - 120 YEARS']",[nan],,
10,OHQ020,2,"Very Often,",['How often {do you/does SP} limit the kinds or amounts of food {you/s/he} eat{s} because of problems with {your/his/her} teeth or dentures? Would you say . . .'],"['Both males and females 18 YEARS - 150 YEARS', 'Both males and females 18 YEARS - 120 YEARS']",[nan],,
11,OHQ020,3,"Often,",['How often {do you/does SP} limit the kinds or amounts of food {you/s/he} eat{s} because of problems with {your/his/her} teeth or dentures? Would you say . . .'],"['Both males and females 18 YEARS - 150 YEARS', 'Both males and females 18 YEARS - 120 YEARS']",[nan],,
12,OHQ020,4,"Sometimes,",['How often {do you/does SP} limit the kinds or amounts of food {you/s/he} eat{s} because of problems with {your/his/her} teeth or dentures? Would you say . . .'],"['Both males and females 18 YEARS - 150 YEARS', 'Both males and females 18 YEARS - 120 YEARS']",[nan],,
13,OHQ020,5,"Seldom, Or",['How often {do you/does SP} limit the kinds or amounts of food {you/s/he} eat{s} because of problems with {your/his/her} teeth or dentures? Would you say . . .'],"['Both males and females 18 YEARS - 150 YEARS', 'Both males and females 18 YEARS - 120 YEARS']",[nan],,
14,OHQ020,6,Never?,['How often {do you/does SP} limit the kinds or amounts of food {you/s/he} eat{s} because of problems with {your/his/her} teeth or dentures? Would you say . . .'],"['Both males and females 18 YEARS - 150 YEARS', 'Both males and females 18 YEARS - 120 YEARS']",[nan],,
15,OHQ020,77,Refused,['How often {do you/does SP} limit the kinds or amounts of food {you/s/he} eat{s} because of problems with {your/his/her} teeth or dentures? Would you say . . .'],"['Both males and females 18 YEARS - 150 YEARS', 'Both males and females 18 YEARS - 120 YEARS']",[nan],,
16,OHQ020,99,Don'T Know,['How often {do you/does SP} limit the kinds or amounts of food {you/s/he} eat{s} because of problems with {your/his/her} teeth or dentures? Would you say . . .'],"['Both males and females 18 YEARS - 150 YEARS', 'Both males and females 18 YEARS - 120 YEARS']",[nan],,
17,OHQ020,.,Missing,['How often {do you/does SP} limit the kinds or amounts of food {you/s/he} eat{s} because of problems with {your/his/her} teeth or dentures? Would you say . . .'],"['Both males and females 18 YEARS - 150 YEARS', 'Both males and females 18 YEARS - 120 YEARS']",[nan],,
18,OHQ030,1,6 Months Or Less,"['About how long has it been since {you/SP} last visited a dentist? Include all types of dentists such as orthodontists oral surgeons and all other dental specialists as well as dental hygienists.', 'The next questions are about {your/SPs} teeth and gums. About how long has it been since {you/SP} last visited a dentist? Include all types of dentists such as orthodontists oral surgeons and all other dental specialists as well as dental hygienists.']","['Both males and females 2 YEARS - 150 YEARS', 'Both males and females 1 YEARS - 150 YEARS', 'Both males and females 2 YEARS - 120 YEARS']",[nan],,
19,OHQ030,2,"More Than 6 Months, But Not More Than 1 Year Ago","['About how long has it been since {you/SP} last visited a dentist? Include all types of dentists such as orthodontists oral surgeons and all other dental specialists as well as dental hygienists.', 'The next questions are about {your/SPs} teeth and gums. About how long has it been since {you/SP} last visited a dentist? Include all types of dentists such as orthodontists oral surgeons and all other dental specialists as well as dental hygienists.']","['Both males and females 2 YEARS - 150 YEARS', 'Both males and females 1 YEARS - 150 YEARS', 'Both males and females 2 YEARS - 120 YEARS']",[nan],,
20,OHQ030,3,"More Than 1 Year, But Not More Than 2 Years Ago","['About how long has it been since {you/SP} last visited a dentist? Include all types of dentists such as orthodontists oral surgeons and all other dental specialists as well as dental hygienists.', 'The next questions are about {your/SPs} teeth and gums. About how long has it been since {you/SP} last visited a dentist? Include all types of dentists such as orthodontists oral surgeons and all other dental specialists as well as dental hygienists.']","['Both males and females 2 YEARS - 150 YEARS', 'Both males and females 1 YEARS - 150 YEARS', 'Both males and females 2 YEARS - 120 YEARS']",[nan],,
21,OHQ030,4,"More Than 2 Years, But Not More Than 3 Years Ago","['About how long has it been since {you/SP} last visited a dentist? Include all types of dentists such as orthodontists oral surgeons and all other dental specialists as well as dental hygienists.', 'The next questions are about {your/SPs} teeth and gums. About how long has it been since {you/SP} last visited a dentist? Include all types of dentists such as orthodontists oral surgeons and all other dental specialists as well as dental hygienists.']","['Both males and females 2 YEARS - 150 YEARS', 'Both males and females 1 YEARS - 150 YEARS', 'Both males and females 2 YEARS - 120 YEARS']",[nan],,
22,OHQ030,5,"More Than 3 Years, But Not More Than 5 Years Ago","['About how long has it been since {you/SP} last visited a dentist? Include all types of dentists such as orthodontists oral surgeons and all other dental specialists as well as dental hygienists.', 'The next questions are about {your/SPs} teeth and gums. About how long has it been since {you/SP} last visited a dentist? Include all types of dentists such as orthodontists oral surgeons and all other dental specialists as well as dental hygienists.']","['Both males and females 2 YEARS - 150 YEARS', 'Both males and females 1 YEARS - 150 YEARS', 'Both males and females 2 YEARS - 120 YEARS']",[nan],,
23,OHQ030,6,More Than 5 Years Ago,"['About how long has it been since {you/SP} last visited a dentist? Include all types of dentists such as orthodontists oral surgeons and all other dental specialists as well as dental hygienists.', 'The next questions are about {your/SPs} teeth and gums. About how long has it been since {you/SP} last visited a dentist? Include all types of dentists such as orthodontists oral surgeons and all other dental specialists as well as dental hygienists.']","['Both males and females 2 YEARS - 150 YEARS', 'Both males and females 1 YEARS - 150 YEARS', 'Both males and females 2 YEARS - 120 YEARS']",[nan],,
24,OHQ030,7,Never Have Been,"['About how long has it been since {you/SP} last visited a dentist? Include all types of dentists such as orthodontists oral surgeons and all other dental specialists as well as dental hygienists.', 'The next questions are about {your/SPs} teeth and gums. About how long has it been since {you/SP} last visited a dentist? Include all types of dentists such as orthodontists oral surgeons and all other dental specialists as well as dental hygienists.']","['Both males and females 2 YEARS - 150 YEARS', 'Both males and females 1 YEARS - 150 YEARS', 'Both males and females 2 YEARS - 120 YEARS']",[nan],,
25,OHQ030,77,Refused,"['About how long has it been since {you/SP} last visited a dentist? Include all types of dentists such as orthodontists oral surgeons and all other dental specialists as well as dental hygienists.', 'The next questions are about {your/SPs} teeth and gums. About how long has it been since {you/SP} last visited a dentist? Include all types of dentists such as orthodontists oral surgeons and all other dental specialists as well as dental hygienists.']","['Both males and females 2 YEARS - 150 YEARS', 'Both males and females 1 YEARS - 150 YEARS', 'Both males and females 2 YEARS - 120 YEARS']",[nan],,
26,OHQ030,99,Don'T Know,"['About how long has it been since {you/SP} last visited a dentist? Include all types of dentists such as orthodontists oral surgeons and all other dental specialists as well as dental hygienists.', 'The next questions are about {your/SPs} teeth and gums. About how long has it been since {you/SP} last visited a dentist? Include all types of dentists such as orthodontists oral surgeons and all other dental specialists as well as dental hygienists.']","['Both males and females 2 YEARS - 150 YEARS', 'Both males and females 1 YEARS - 150 YEARS', 'Both males and females 2 YEARS - 120 YEARS']",[nan],,
27,OHQ030,.,Missing,"['About how long has it been since {you/SP} last visited a dentist? Include all types of dentists such as orthodontists oral surgeons and all other dental specialists as well as dental hygienists.', 'The next questions are about {your/SPs} teeth and gums. About how long has it been since {you/SP} last visited a dentist? Include all types of dentists such as orthodontists oral surgeons and all other dental specialists as well as dental hygienists.']","['Both males and females 2 YEARS - 150 YEARS', 'Both males and females 1 YEARS - 150 YEARS', 'Both males and females 2 YEARS - 120 YEARS']",[nan],,
28,OHQ033,1,"Went In On Own For Check-Up, Examination, Or Cleaning",['What was the main reason {you/SP} last visited the dentist?'],"['Both males and females 2 YEARS - 150 YEARS', 'Both males and females 1 YEARS - 150 YEARS', 'Both males and females 2 YEARS - 120 YEARS']",[nan],,
29,OHQ033,2,"Was Called In By The Dentist For Check-Up, Examination, Or Cleaning",['What was the main reason {you/SP} last visited the dentist?'],"['Both males and females 2 YEARS - 150 YEARS', 'Both males and females 1 YEARS - 150 YEARS', 'Both males and females 2 YEARS - 120 YEARS']",[nan],,
30,OHQ033,3,"Something Was Wrong, Bothering Or Hurting {Me/Sp}",['What was the main reason {you/SP} last visited the dentist?'],"['Both males and females 2 YEARS - 150 YEARS', 'Both males and females 1 YEARS - 150 YEARS', 'Both males and females 2 YEARS - 120 YEARS']",[nan],,
31,OHQ033,4,Went For Treatment Of A Condition That Dentist Discovered At Earlier Checkup Or Examination,['What was the main reason {you/SP} last visited the dentist?'],"['Both males and females 2 YEARS - 150 YEARS', 'Both males and females 1 YEARS - 150 YEARS', 'Both males and females 2 YEARS - 120 YEARS']",[nan],,
32,OHQ033,5,Other,['What was the main reason {you/SP} last visited the dentist?'],"['Both males and females 2 YEARS - 150 YEARS', 'Both males and females 1 YEARS - 150 YEARS', 'Both males and females 2 YEARS - 120 YEARS']",[nan],,
33,OHQ033,7,Refused,['What was the main reason {you/SP} last visited the dentist?'],"['Both males and females 2 YEARS - 150 YEARS', 'Both males and females 1 YEARS - 150 YEARS', 'Both males and females 2 YEARS - 120 YEARS']",[nan],,
34,OHQ033,9,Don'T Know,['What was the main reason {you/SP} last visited the dentist?'],"['Both males and females 2 YEARS - 150 YEARS', 'Both males and females 1 YEARS - 150 YEARS', 'Both males and females 2 YEARS - 120 YEARS']",[nan],,
35,OHQ033,.,Missing,['What was the main reason {you/SP} last visited the dentist?'],"['Both males and females 2 YEARS - 150 YEARS', 'Both males and females 1 YEARS - 150 YEARS', 'Both males and females 2 YEARS - 120 YEARS']",[nan],,
36,OHQ035,,,[nan],"['Both males and females 2 YEARS - 150 YEARS', 'Both males and females 2 YEARS - 120 YEARS']",[nan],,
37,OHQ037,,,[nan],"['Both males and females 2 YEARS - 150 YEARS', 'Both males and females 2 YEARS - 120 YEARS']",[nan],,
38,OHQ040,1,Yes,['During the past 3 years {have/has} {you/SP} been to the dentist for routine check-ups or cleanings?'],"['Both males and females 2 YEARS - 150 YEARS', 'Both males and females 2 YEARS - 120 YEARS']",[nan],,
39,OHQ040,2,No,['During the past 3 years {have/has} {you/SP} been to the dentist for routine check-ups or cleanings?'],"['Both males and females 2 YEARS - 150 YEARS', 'Both males and females 2 YEARS - 120 YEARS']",[nan],,
40,OHQ040,7,Refused,['During the past 3 years {have/has} {you/SP} been to the dentist for routine check-ups or cleanings?'],"['Both males and females 2 YEARS - 150 YEARS', 'Both males and females 2 YEARS - 120 YEARS']",[nan],,
41,OHQ040,9,Don'T Know,['During the past 3 years {have/has} {you/SP} been to the dentist for routine check-ups or cleanings?'],"['Both males and females 2 YEARS - 150 YEARS', 'Both males and females 2 YEARS - 120 YEARS']",[nan],,
42,OHQ040,.,Missing,['During the past 3 years {have/has} {you/SP} been to the dentist for routine check-ups or cleanings?'],"['Both males and females 2 YEARS - 150 YEARS', 'Both males and females 2 YEARS - 120 YEARS']",[nan],,
43,OHQ050,1,2 Or More Times A Year,['During the past 3 years how often {have you/has SP} gone to the dentist for routine check-ups or cleanings?'],"['Both males and females 2 YEARS - 150 YEARS', 'Both males and females 2 YEARS - 120 YEARS']",[nan],,
44,OHQ050,2,Once A Year,['During the past 3 years how often {have you/has SP} gone to the dentist for routine check-ups or cleanings?'],"['Both males and females 2 YEARS - 150 YEARS', 'Both males and females 2 YEARS - 120 YEARS']",[nan],,
45,OHQ050,3,Less Than Once A Year,['During the past 3 years how often {have you/has SP} gone to the dentist for routine check-ups or cleanings?'],"['Both males and females 2 YEARS - 150 YEARS', 'Both males and females 2 YEARS - 120 YEARS']",[nan],,
46,OHQ050,4,"Whenever Needed, No Regular Schedule",['During the past 3 years how often {have you/has SP} gone to the dentist for routine check-ups or cleanings?'],"['Both males and females 2 YEARS - 150 YEARS', 'Both males and females 2 YEARS - 120 YEARS']",[nan],,
47,OHQ050,7,Refused,['During the past 3 years how often {have you/has SP} gone to the dentist for routine check-ups or cleanings?'],"['Both males and females 2 YEARS - 150 YEARS', 'Both males and females 2 YEARS - 120 YEARS']",[nan],,
48,OHQ050,9,Don'T Know,['During the past 3 years how often {have you/has SP} gone to the dentist for routine check-ups or cleanings?'],"['Both males and females 2 YEARS - 150 YEARS', 'Both males and females 2 YEARS - 120 YEARS']",[nan],,
49,OHQ050,.,Missing,['During the past 3 years how often {have you/has SP} gone to the dentist for routine check-ups or cleanings?'],"['Both males and females 2 YEARS - 150 YEARS', 'Both males and females 2 YEARS - 120 YEARS']",[nan],,
50,OHQ060,1,Yes,['Is there a particular dentist or dental clinic that {you/SP} usually {go/goes} to if {you/he/she} need{s} dental care or dental advice?'],"['Both males and females 2 YEARS - 150 YEARS', 'Both males and females 2 YEARS - 120 YEARS']",[nan],,
51,OHQ060,2,No,['Is there a particular dentist or dental clinic that {you/SP} usually {go/goes} to if {you/he/she} need{s} dental care or dental advice?'],"['Both males and females 2 YEARS - 150 YEARS', 'Both males and females 2 YEARS - 120 YEARS']",[nan],,
52,OHQ060,7,Refused,['Is there a particular dentist or dental clinic that {you/SP} usually {go/goes} to if {you/he/she} need{s} dental care or dental advice?'],"['Both males and females 2 YEARS - 150 YEARS', 'Both males and females 2 YEARS - 120 YEARS']",[nan],,
53,OHQ060,9,Don'T Know,['Is there a particular dentist or dental clinic that {you/SP} usually {go/goes} to if {you/he/she} need{s} dental care or dental advice?'],"['Both males and females 2 YEARS - 150 YEARS', 'Both males and females 2 YEARS - 120 YEARS']",[nan],,
54,OHQ060,.,Missing,['Is there a particular dentist or dental clinic that {you/SP} usually {go/goes} to if {you/he/she} need{s} dental care or dental advice?'],"['Both males and females 2 YEARS - 150 YEARS', 'Both males and females 2 YEARS - 120 YEARS']",[nan],,
55,OHQ070Q,1 To 72,Range Of Values,"['For how long has this been {your/SPs} regular source of dental care?', 'For how long has this been {your/SP’s} regular source of dental care?']","['Both males and females 2 YEARS - 150 YEARS', 'Both males and females 2 YEARS - 120 YEARS']",[nan],,
56,OHQ070Q,77777,Refused,"['For how long has this been {your/SPs} regular source of dental care?', 'For how long has this been {your/SP’s} regular source of dental care?']","['Both males and females 2 YEARS - 150 YEARS', 'Both males and females 2 YEARS - 120 YEARS']",[nan],,
57,OHQ070Q,99999,Don'T Know,"['For how long has this been {your/SPs} regular source of dental care?', 'For how long has this been {your/SP’s} regular source of dental care?']","['Both males and females 2 YEARS - 150 YEARS', 'Both males and females 2 YEARS - 120 YEARS']",[nan],,
58,OHQ070Q,.,Missing,"['For how long has this been {your/SPs} regular source of dental care?', 'For how long has this been {your/SP’s} regular source of dental care?']","['Both males and females 2 YEARS - 150 YEARS', 'Both males and females 2 YEARS - 120 YEARS']",[nan],,
59,OHQ070Q,1 To 60,Range Of Values,"['For how long has this been {your/SPs} regular source of dental care?', 'For how long has this been {your/SP’s} regular source of dental care?']","['Both males and females 2 YEARS - 150 YEARS', 'Both males and females 2 YEARS - 120 YEARS']",[nan],,
60,OHQ070U,1,Days,['UNIT OF MEASURE'],"['Both males and females 2 YEARS - 150 YEARS', 'Both males and females 2 YEARS - 120 YEARS']",[nan],,
61,OHQ070U,2,Weeks,['UNIT OF MEASURE'],"['Both males and females 2 YEARS - 150 YEARS', 'Both males and females 2 YEARS - 120 YEARS']",[nan],,
62,OHQ070U,3,Months,['UNIT OF MEASURE'],"['Both males and females 2 YEARS - 150 YEARS', 'Both males and females 2 YEARS - 120 YEARS']",[nan],,
63,OHQ070U,4,Years,['UNIT OF MEASURE'],"['Both males and females 2 YEARS - 150 YEARS', 'Both males and females 2 YEARS - 120 YEARS']",[nan],,
64,OHQ070U,7,Refused,['UNIT OF MEASURE'],"['Both males and females 2 YEARS - 150 YEARS', 'Both males and females 2 YEARS - 120 YEARS']",[nan],,
65,OHQ070U,9,Don'T Know,['UNIT OF MEASURE'],"['Both males and females 2 YEARS - 150 YEARS', 'Both males and females 2 YEARS - 120 YEARS']",[nan],,
66,OHQ070U,.,Missing,['UNIT OF MEASURE'],"['Both males and females 2 YEARS - 150 YEARS', 'Both males and females 2 YEARS - 120 YEARS']",[nan],,
67,OHQ075,,,[nan],"['Both males and females 2 YEARS - 150 YEARS', 'Both males and females 2 YEARS - 120 YEARS']",[nan],,
68,OHQ085,1,Yes,['{Do you/Does SP} sip liquids to aid in swallowing any foods?'],['Both males and females 18 YEARS - 150 YEARS'],[nan],,
69,OHQ085,2,No,['{Do you/Does SP} sip liquids to aid in swallowing any foods?'],['Both males and females 18 YEARS - 150 YEARS'],[nan],,
70,OHQ085,7,Refused,['{Do you/Does SP} sip liquids to aid in swallowing any foods?'],['Both males and females 18 YEARS - 150 YEARS'],[nan],,
71,OHQ085,9,Don'T Know,['{Do you/Does SP} sip liquids to aid in swallowing any foods?'],['Both males and females 18 YEARS - 150 YEARS'],[nan],,
72,OHQ085,.,Missing,['{Do you/Does SP} sip liquids to aid in swallowing any foods?'],['Both males and females 18 YEARS - 150 YEARS'],[nan],,
73,OHQ095,1,Too Little,['Does the amount of saliva in {your/SPs} mouth seem to be too little too much or {do you/does s/he} not notice it?'],['Both males and females 18 YEARS - 150 YEARS'],[nan],,
74,OHQ095,2,Too Much,['Does the amount of saliva in {your/SPs} mouth seem to be too little too much or {do you/does s/he} not notice it?'],['Both males and females 18 YEARS - 150 YEARS'],[nan],,
75,OHQ095,3,Doesn'T Notice It,['Does the amount of saliva in {your/SPs} mouth seem to be too little too much or {do you/does s/he} not notice it?'],['Both males and females 18 YEARS - 150 YEARS'],[nan],,
76,OHQ095,7,Refused,['Does the amount of saliva in {your/SPs} mouth seem to be too little too much or {do you/does s/he} not notice it?'],['Both males and females 18 YEARS - 150 YEARS'],[nan],,
77,OHQ095,9,Don'T Know,['Does the amount of saliva in {your/SPs} mouth seem to be too little too much or {do you/does s/he} not notice it?'],['Both males and females 18 YEARS - 150 YEARS'],[nan],,
78,OHQ095,.,Missing,['Does the amount of saliva in {your/SPs} mouth seem to be too little too much or {do you/does s/he} not notice it?'],['Both males and females 18 YEARS - 150 YEARS'],[nan],,
79,OHQ105,1,Yes,['{Do you/Does SP} have difficulties swallowing any foods?'],['Both males and females 18 YEARS - 150 YEARS'],[nan],,
80,OHQ105,2,No,['{Do you/Does SP} have difficulties swallowing any foods?'],['Both males and females 18 YEARS - 150 YEARS'],[nan],,
81,OHQ105,7,Refused,['{Do you/Does SP} have difficulties swallowing any foods?'],['Both males and females 18 YEARS - 150 YEARS'],[nan],,
82,OHQ105,9,Don'T Know,['{Do you/Does SP} have difficulties swallowing any foods?'],['Both males and females 18 YEARS - 150 YEARS'],[nan],,
83,OHQ105,.,Missing,['{Do you/Does SP} have difficulties swallowing any foods?'],['Both males and females 18 YEARS - 150 YEARS'],[nan],,
84,OHQ115,1,Yes,['Does {your/SPs} mouth feel dry when {you/s/he} eat{s} a meal?'],['Both males and females 18 YEARS - 150 YEARS'],[nan],,
85,OHQ115,2,No,['Does {your/SPs} mouth feel dry when {you/s/he} eat{s} a meal?'],['Both males and females 18 YEARS - 150 YEARS'],[nan],,
86,OHQ115,7,Refused,['Does {your/SPs} mouth feel dry when {you/s/he} eat{s} a meal?'],['Both males and females 18 YEARS - 150 YEARS'],[nan],,
87,OHQ115,9,Don'T Know,['Does {your/SPs} mouth feel dry when {you/s/he} eat{s} a meal?'],['Both males and females 18 YEARS - 150 YEARS'],[nan],,
88,OHQ115,.,Missing,['Does {your/SPs} mouth feel dry when {you/s/he} eat{s} a meal?'],['Both males and females 18 YEARS - 150 YEARS'],[nan],,
89,OHQ075b,,,[nan],['Both males and females 2 YEARS - 150 YEARS'],[nan],,
90,OHQ600,,,[nan],['Both males and females 2 YEARS - 150 YEARS'],[nan],,
91,OHQ620,1,Very Often,"['How often during the last year (have you/ has SP) had painful aching anywhere in (your/his/her) mouth? Would you say....', 'How often during the last year (have you/ has SP) had painful aching anywhere in (your/his/her/SPs) mouth? Would you say....']","['Both males and females 16 YEARS - 150 YEARS', 'Both males and females 18 YEARS - 150 YEARS', 'Both males and females 30 YEARS - 150 YEARS', 'Both males and females 1 YEARS - 150 YEARS']",[nan],,
92,OHQ620,2,Fairly Often,"['How often during the last year (have you/ has SP) had painful aching anywhere in (your/his/her) mouth? Would you say....', 'How often during the last year (have you/ has SP) had painful aching anywhere in (your/his/her/SPs) mouth? Would you say....']","['Both males and females 16 YEARS - 150 YEARS', 'Both males and females 18 YEARS - 150 YEARS', 'Both males and females 30 YEARS - 150 YEARS', 'Both males and females 1 YEARS - 150 YEARS']",[nan],,
93,OHQ620,3,Occasionally,"['How often during the last year (have you/ has SP) had painful aching anywhere in (your/his/her) mouth? Would you say....', 'How often during the last year (have you/ has SP) had painful aching anywhere in (your/his/her/SPs) mouth? Would you say....']","['Both males and females 16 YEARS - 150 YEARS', 'Both males and females 18 YEARS - 150 YEARS', 'Both males and females 30 YEARS - 150 YEARS', 'Both males and females 1 YEARS - 150 YEARS']",[nan],,
94,OHQ620,4,"Hardly Ever, Or","['How often during the last year (have you/ has SP) had painful aching anywhere in (your/his/her) mouth? Would you say....', 'How often during the last year (have you/ has SP) had painful aching anywhere in (your/his/her/SPs) mouth? Would you say....']","['Both males and females 16 YEARS - 150 YEARS', 'Both males and females 18 YEARS - 150 YEARS', 'Both males and females 30 YEARS - 150 YEARS', 'Both males and females 1 YEARS - 150 YEARS']",[nan],,
95,OHQ620,5,Never?,"['How often during the last year (have you/ has SP) had painful aching anywhere in (your/his/her) mouth? Would you say....', 'How often during the last year (have you/ has SP) had painful aching anywhere in (your/his/her/SPs) mouth? Would you say....']","['Both males and females 16 YEARS - 150 YEARS', 'Both males and females 18 YEARS - 150 YEARS', 'Both males and females 30 YEARS - 150 YEARS', 'Both males and females 1 YEARS - 150 YEARS']",[nan],,
96,OHQ620,7,Refused,"['How often during the last year (have you/ has SP) had painful aching anywhere in (your/his/her) mouth? Would you say....', 'How often during the last year (have you/ has SP) had painful aching anywhere in (your/his/her/SPs) mouth? Would you say....']","['Both males and females 16 YEARS - 150 YEARS', 'Both males and females 18 YEARS - 150 YEARS', 'Both males and females 30 YEARS - 150 YEARS', 'Both males and females 1 YEARS - 150 YEARS']",[nan],,
97,OHQ620,9,Don'T Know,"['How often during the last year (have you/ has SP) had painful aching anywhere in (your/his/her) mouth? Would you say....', 'How often during the last year (have you/ has SP) had painful aching anywhere in (your/his/her/SPs) mouth? Would you say....']","['Both males and females 16 YEARS - 150 YEARS', 'Both males and females 18 YEARS - 150 YEARS', 'Both males and females 30 YEARS - 150 YEARS', 'Both males and females 1 YEARS - 150 YEARS']",[nan],,
98,OHQ620,.,Missing,"['How often during the last year (have you/ has SP) had painful aching anywhere in (your/his/her) mouth? Would you say....', 'How often during the last year (have you/ has SP) had painful aching anywhere in (your/his/her/SPs) mouth? Would you say....']","['Both males and females 16 YEARS - 150 YEARS', 'Both males and females 18 YEARS - 150 YEARS', 'Both males and females 30 YEARS - 150 YEARS', 'Both males and females 1 YEARS - 150 YEARS']",[nan],,
99,OHQ620,4,Hardly Ever,"['How often during the last year (have you/ has SP) had painful aching anywhere in (your/his/her) mouth? Would you say....', 'How often during the last year (have you/ has SP) had painful aching anywhere in (your/his/her/SPs) mouth? Would you say....']","['Both males and females 16 YEARS - 150 YEARS', 'Both males and females 18 YEARS - 150 YEARS', 'Both males and females 30 YEARS - 150 YEARS', 'Both males and females 1 YEARS - 150 YEARS']",[nan],,
100,OHQ620,5,Never,"['How often during the last year (have you/ has SP) had painful aching anywhere in (your/his/her) mouth? Would you say....', 'How often during the last year (have you/ has SP) had painful aching anywhere in (your/his/her/SPs) mouth? Would you say....']","['Both males and females 16 YEARS - 150 YEARS', 'Both males and females 18 YEARS - 150 YEARS', 'Both males and females 30 YEARS - 150 YEARS', 'Both males and females 1 YEARS - 150 YEARS']",[nan],,
101,OHQ630,1,Very Often,"['How often during the last year (have you/ has SP) felt that life in general was less satisfying because of problems with (your/his/her) teeth mouth or dentures? Would you say....', 'How often during the last year (have you/ has SP) felt that life in general was less satisfying because of problems with (your/his/her/SPs) teeth mouth or dentures? Would you say . . .']","['Both males and females 16 YEARS - 150 YEARS', 'Both males and females 18 YEARS - 150 YEARS', 'Both males and females 20 YEARS - 150 YEARS']",[nan],,
102,OHQ630,2,Fairly Often,"['How often during the last year (have you/ has SP) felt that life in general was less satisfying because of problems with (your/his/her) teeth mouth or dentures? Would you say....', 'How often during the last year (have you/ has SP) felt that life in general was less satisfying because of problems with (your/his/her/SPs) teeth mouth or dentures? Would you say . . .']","['Both males and females 16 YEARS - 150 YEARS', 'Both males and females 18 YEARS - 150 YEARS', 'Both males and females 20 YEARS - 150 YEARS']",[nan],,
103,OHQ630,3,Occasionally,"['How often during the last year (have you/ has SP) felt that life in general was less satisfying because of problems with (your/his/her) teeth mouth or dentures? Would you say....', 'How often during the last year (have you/ has SP) felt that life in general was less satisfying because of problems with (your/his/her/SPs) teeth mouth or dentures? Would you say . . .']","['Both males and females 16 YEARS - 150 YEARS', 'Both males and females 18 YEARS - 150 YEARS', 'Both males and females 20 YEARS - 150 YEARS']",[nan],,
104,OHQ630,4,"Hardly Ever, Or","['How often during the last year (have you/ has SP) felt that life in general was less satisfying because of problems with (your/his/her) teeth mouth or dentures? Would you say....', 'How often during the last year (have you/ has SP) felt that life in general was less satisfying because of problems with (your/his/her/SPs) teeth mouth or dentures? Would you say . . .']","['Both males and females 16 YEARS - 150 YEARS', 'Both males and females 18 YEARS - 150 YEARS', 'Both males and females 20 YEARS - 150 YEARS']",[nan],,
105,OHQ630,5,Never?,"['How often during the last year (have you/ has SP) felt that life in general was less satisfying because of problems with (your/his/her) teeth mouth or dentures? Would you say....', 'How often during the last year (have you/ has SP) felt that life in general was less satisfying because of problems with (your/his/her/SPs) teeth mouth or dentures? Would you say . . .']","['Both males and females 16 YEARS - 150 YEARS', 'Both males and females 18 YEARS - 150 YEARS', 'Both males and females 20 YEARS - 150 YEARS']",[nan],,
106,OHQ630,7,Refused,"['How often during the last year (have you/ has SP) felt that life in general was less satisfying because of problems with (your/his/her) teeth mouth or dentures? Would you say....', 'How often during the last year (have you/ has SP) felt that life in general was less satisfying because of problems with (your/his/her/SPs) teeth mouth or dentures? Would you say . . .']","['Both males and females 16 YEARS - 150 YEARS', 'Both males and females 18 YEARS - 150 YEARS', 'Both males and females 20 YEARS - 150 YEARS']",[nan],,
107,OHQ630,9,Don'T Know,"['How often during the last year (have you/ has SP) felt that life in general was less satisfying because of problems with (your/his/her) teeth mouth or dentures? Would you say....', 'How often during the last year (have you/ has SP) felt that life in general was less satisfying because of problems with (your/his/her/SPs) teeth mouth or dentures? Would you say . . .']","['Both males and females 16 YEARS - 150 YEARS', 'Both males and females 18 YEARS - 150 YEARS', 'Both males and females 20 YEARS - 150 YEARS']",[nan],,
108,OHQ630,.,Missing,"['How often during the last year (have you/ has SP) felt that life in general was less satisfying because of problems with (your/his/her) teeth mouth or dentures? Would you say....', 'How often during the last year (have you/ has SP) felt that life in general was less satisfying because of problems with (your/his/her/SPs) teeth mouth or dentures? Would you say . . .']","['Both males and females 16 YEARS - 150 YEARS', 'Both males and females 18 YEARS - 150 YEARS', 'Both males and females 20 YEARS - 150 YEARS']",[nan],,
109,OHQ630,4,Hardly Ever,"['How often during the last year (have you/ has SP) felt that life in general was less satisfying because of problems with (your/his/her) teeth mouth or dentures? Would you say....', 'How often during the last year (have you/ has SP) felt that life in general was less satisfying because of problems with (your/his/her/SPs) teeth mouth or dentures? Would you say . . .']","['Both males and females 16 YEARS - 150 YEARS', 'Both males and females 18 YEARS - 150 YEARS', 'Both males and females 20 YEARS - 150 YEARS']",[nan],,
110,OHQ630,5,Never,"['How often during the last year (have you/ has SP) felt that life in general was less satisfying because of problems with (your/his/her) teeth mouth or dentures? Would you say....', 'How often during the last year (have you/ has SP) felt that life in general was less satisfying because of problems with (your/his/her/SPs) teeth mouth or dentures? Would you say . . .']","['Both males and females 16 YEARS - 150 YEARS', 'Both males and females 18 YEARS - 150 YEARS', 'Both males and females 20 YEARS - 150 YEARS']",[nan],,
111,OHQ630,1,"Very Often,","['How often during the last year (have you/ has SP) felt that life in general was less satisfying because of problems with (your/his/her) teeth mouth or dentures? Would you say....', 'How often during the last year (have you/ has SP) felt that life in general was less satisfying because of problems with (your/his/her/SPs) teeth mouth or dentures? Would you say . . .']","['Both males and females 16 YEARS - 150 YEARS', 'Both males and females 18 YEARS - 150 YEARS', 'Both males and females 20 YEARS - 150 YEARS']",[nan],,
112,OHQ630,2,"Fairly Often,","['How often during the last year (have you/ has SP) felt that life in general was less satisfying because of problems with (your/his/her) teeth mouth or dentures? Would you say....', 'How often during the last year (have you/ has SP) felt that life in general was less satisfying because of problems with (your/his/her/SPs) teeth mouth or dentures? Would you say . . .']","['Both males and females 16 YEARS - 150 YEARS', 'Both males and females 18 YEARS - 150 YEARS', 'Both males and females 20 YEARS - 150 YEARS']",[nan],,
113,OHQ630,3,"Occasionally,","['How often during the last year (have you/ has SP) felt that life in general was less satisfying because of problems with (your/his/her) teeth mouth or dentures? Would you say....', 'How often during the last year (have you/ has SP) felt that life in general was less satisfying because of problems with (your/his/her/SPs) teeth mouth or dentures? Would you say . . .']","['Both males and females 16 YEARS - 150 YEARS', 'Both males and females 18 YEARS - 150 YEARS', 'Both males and females 20 YEARS - 150 YEARS']",[nan],,
114,OHQ640,1,Very Often,"['How often during the last year (have you/has SP) had difficulty doing (your/his/her) usual jobs or attending school because of problems with (your/his/her) teeth mouth or dentures? Would you say...', 'How often during the last year {have you/has SP} had difficulty doing {your/his/her} usual jobs or attending school because of problems with {your/his/her} teeth mouth or dentures? Would you say . . .', 'How often during the last year {have you/has SP} had difficulty doing {your/his/her/SPs} usual jobs or attending school because of problems with {your/his/her/SPs} teeth mouth or dentures? Would you say. . .']","['Both males and females 16 YEARS - 150 YEARS', 'Both males and females 18 YEARS - 150 YEARS', 'Both males and females 30 YEARS - 150 YEARS', 'Both males and females 20 YEARS - 150 YEARS']",[nan],,
115,OHQ640,2,Fairly Often,"['How often during the last year (have you/has SP) had difficulty doing (your/his/her) usual jobs or attending school because of problems with (your/his/her) teeth mouth or dentures? Would you say...', 'How often during the last year {have you/has SP} had difficulty doing {your/his/her} usual jobs or attending school because of problems with {your/his/her} teeth mouth or dentures? Would you say . . .', 'How often during the last year {have you/has SP} had difficulty doing {your/his/her/SPs} usual jobs or attending school because of problems with {your/his/her/SPs} teeth mouth or dentures? Would you say. . .']","['Both males and females 16 YEARS - 150 YEARS', 'Both males and females 18 YEARS - 150 YEARS', 'Both males and females 30 YEARS - 150 YEARS', 'Both males and females 20 YEARS - 150 YEARS']",[nan],,
116,OHQ640,3,Occasionally,"['How often during the last year (have you/has SP) had difficulty doing (your/his/her) usual jobs or attending school because of problems with (your/his/her) teeth mouth or dentures? Would you say...', 'How often during the last year {have you/has SP} had difficulty doing {your/his/her} usual jobs or attending school because of problems with {your/his/her} teeth mouth or dentures? Would you say . . .', 'How often during the last year {have you/has SP} had difficulty doing {your/his/her/SPs} usual jobs or attending school because of problems with {your/his/her/SPs} teeth mouth or dentures? Would you say. . .']","['Both males and females 16 YEARS - 150 YEARS', 'Both males and females 18 YEARS - 150 YEARS', 'Both males and females 30 YEARS - 150 YEARS', 'Both males and females 20 YEARS - 150 YEARS']",[nan],,
117,OHQ640,4,"Hardly Ever, Or","['How often during the last year (have you/has SP) had difficulty doing (your/his/her) usual jobs or attending school because of problems with (your/his/her) teeth mouth or dentures? Would you say...', 'How often during the last year {have you/has SP} had difficulty doing {your/his/her} usual jobs or attending school because of problems with {your/his/her} teeth mouth or dentures? Would you say . . .', 'How often during the last year {have you/has SP} had difficulty doing {your/his/her/SPs} usual jobs or attending school because of problems with {your/his/her/SPs} teeth mouth or dentures? Would you say. . .']","['Both males and females 16 YEARS - 150 YEARS', 'Both males and females 18 YEARS - 150 YEARS', 'Both males and females 30 YEARS - 150 YEARS', 'Both males and females 20 YEARS - 150 YEARS']",[nan],,
118,OHQ640,5,Never?,"['How often during the last year (have you/has SP) had difficulty doing (your/his/her) usual jobs or attending school because of problems with (your/his/her) teeth mouth or dentures? Would you say...', 'How often during the last year {have you/has SP} had difficulty doing {your/his/her} usual jobs or attending school because of problems with {your/his/her} teeth mouth or dentures? Would you say . . .', 'How often during the last year {have you/has SP} had difficulty doing {your/his/her/SPs} usual jobs or attending school because of problems with {your/his/her/SPs} teeth mouth or dentures? Would you say. . .']","['Both males and females 16 YEARS - 150 YEARS', 'Both males and females 18 YEARS - 150 YEARS', 'Both males and females 30 YEARS - 150 YEARS', 'Both males and females 20 YEARS - 150 YEARS']",[nan],,
119,OHQ640,7,Refused,"['How often during the last year (have you/has SP) had difficulty doing (your/his/her) usual jobs or attending school because of problems with (your/his/her) teeth mouth or dentures? Would you say...', 'How often during the last year {have you/has SP} had difficulty doing {your/his/her} usual jobs or attending school because of problems with {your/his/her} teeth mouth or dentures? Would you say . . .', 'How often during the last year {have you/has SP} had difficulty doing {your/his/her/SPs} usual jobs or attending school because of problems with {your/his/her/SPs} teeth mouth or dentures? Would you say. . .']","['Both males and females 16 YEARS - 150 YEARS', 'Both males and females 18 YEARS - 150 YEARS', 'Both males and females 30 YEARS - 150 YEARS', 'Both males and females 20 YEARS - 150 YEARS']",[nan],,
120,OHQ640,9,Don'T Know,"['How often during the last year (have you/has SP) had difficulty doing (your/his/her) usual jobs or attending school because of problems with (your/his/her) teeth mouth or dentures? Would you say...', 'How often during the last year {have you/has SP} had difficulty doing {your/his/her} usual jobs or attending school because of problems with {your/his/her} teeth mouth or dentures? Would you say . . .', 'How often during the last year {have you/has SP} had difficulty doing {your/his/her/SPs} usual jobs or attending school because of problems with {your/his/her/SPs} teeth mouth or dentures? Would you say. . .']","['Both males and females 16 YEARS - 150 YEARS', 'Both males and females 18 YEARS - 150 YEARS', 'Both males and females 30 YEARS - 150 YEARS', 'Both males and females 20 YEARS - 150 YEARS']",[nan],,
121,OHQ640,.,Missing,"['How often during the last year (have you/has SP) had difficulty doing (your/his/her) usual jobs or attending school because of problems with (your/his/her) teeth mouth or dentures? Would you say...', 'How often during the last year {have you/has SP} had difficulty doing {your/his/her} usual jobs or attending school because of problems with {your/his/her} teeth mouth or dentures? Would you say . . .', 'How often during the last year {have you/has SP} had difficulty doing {your/his/her/SPs} usual jobs or attending school because of problems with {your/his/her/SPs} teeth mouth or dentures? Would you say. . .']","['Both males and females 16 YEARS - 150 YEARS', 'Both males and females 18 YEARS - 150 YEARS', 'Both males and females 30 YEARS - 150 YEARS', 'Both males and females 20 YEARS - 150 YEARS']",[nan],,
122,OHQ640,4,Hardly Ever,"['How often during the last year (have you/has SP) had difficulty doing (your/his/her) usual jobs or attending school because of problems with (your/his/her) teeth mouth or dentures? Would you say...', 'How often during the last year {have you/has SP} had difficulty doing {your/his/her} usual jobs or attending school because of problems with {your/his/her} teeth mouth or dentures? Would you say . . .', 'How often during the last year {have you/has SP} had difficulty doing {your/his/her/SPs} usual jobs or attending school because of problems with {your/his/her/SPs} teeth mouth or dentures? Would you say. . .']","['Both males and females 16 YEARS - 150 YEARS', 'Both males and females 18 YEARS - 150 YEARS', 'Both males and females 30 YEARS - 150 YEARS', 'Both males and females 20 YEARS - 150 YEARS']",[nan],,
123,OHQ640,5,Never,"['How often during the last year (have you/has SP) had difficulty doing (your/his/her) usual jobs or attending school because of problems with (your/his/her) teeth mouth or dentures? Would you say...', 'How often during the last year {have you/has SP} had difficulty doing {your/his/her} usual jobs or attending school because of problems with {your/his/her} teeth mouth or dentures? Would you say . . .', 'How often during the last year {have you/has SP} had difficulty doing {your/his/her/SPs} usual jobs or attending school because of problems with {your/his/her/SPs} teeth mouth or dentures? Would you say. . .']","['Both males and females 16 YEARS - 150 YEARS', 'Both males and females 18 YEARS - 150 YEARS', 'Both males and females 30 YEARS - 150 YEARS', 'Both males and females 20 YEARS - 150 YEARS']",[nan],,
124,OHQ640,1,"Very Often,","['How often during the last year (have you/has SP) had difficulty doing (your/his/her) usual jobs or attending school because of problems with (your/his/her) teeth mouth or dentures? Would you say...', 'How often during the last year {have you/has SP} had difficulty doing {your/his/her} usual jobs or attending school because of problems with {your/his/her} teeth mouth or dentures? Would you say . . .', 'How often during the last year {have you/has SP} had difficulty doing {your/his/her/SPs} usual jobs or attending school because of problems with {your/his/her/SPs} teeth mouth or dentures? Would you say. . .']","['Both males and females 16 YEARS - 150 YEARS', 'Both males and females 18 YEARS - 150 YEARS', 'Both males and females 30 YEARS - 150 YEARS', 'Both males and females 20 YEARS - 150 YEARS']",[nan],,
125,OHQ640,2,"Fairly Often,","['How often during the last year (have you/has SP) had difficulty doing (your/his/her) usual jobs or attending school because of problems with (your/his/her) teeth mouth or dentures? Would you say...', 'How often during the last year {have you/has SP} had difficulty doing {your/his/her} usual jobs or attending school because of problems with {your/his/her} teeth mouth or dentures? Would you say . . .', 'How often during the last year {have you/has SP} had difficulty doing {your/his/her/SPs} usual jobs or attending school because of problems with {your/his/her/SPs} teeth mouth or dentures? Would you say. . .']","['Both males and females 16 YEARS - 150 YEARS', 'Both males and females 18 YEARS - 150 YEARS', 'Both males and females 30 YEARS - 150 YEARS', 'Both males and females 20 YEARS - 150 YEARS']",[nan],,
126,OHQ640,3,"Occasionally,","['How often during the last year (have you/has SP) had difficulty doing (your/his/her) usual jobs or attending school because of problems with (your/his/her) teeth mouth or dentures? Would you say...', 'How often during the last year {have you/has SP} had difficulty doing {your/his/her} usual jobs or attending school because of problems with {your/his/her} teeth mouth or dentures? Would you say . . .', 'How often during the last year {have you/has SP} had difficulty doing {your/his/her/SPs} usual jobs or attending school because of problems with {your/his/her/SPs} teeth mouth or dentures? Would you say. . .']","['Both males and females 16 YEARS - 150 YEARS', 'Both males and females 18 YEARS - 150 YEARS', 'Both males and females 30 YEARS - 150 YEARS', 'Both males and females 20 YEARS - 150 YEARS']",[nan],,
127,OHQ650,1,Very Often,['How often during the last year (have you/has SPs) sense of taste been affected by problems with (your/his/her) teeth mouth or dentures? Would you say...'],"['Both males and females 16 YEARS - 150 YEARS', 'Both males and females 18 YEARS - 150 YEARS']",[nan],,
128,OHQ650,2,Fairly Often,['How often during the last year (have you/has SPs) sense of taste been affected by problems with (your/his/her) teeth mouth or dentures? Would you say...'],"['Both males and females 16 YEARS - 150 YEARS', 'Both males and females 18 YEARS - 150 YEARS']",[nan],,
129,OHQ650,3,Occasionally,['How often during the last year (have you/has SPs) sense of taste been affected by problems with (your/his/her) teeth mouth or dentures? Would you say...'],"['Both males and females 16 YEARS - 150 YEARS', 'Both males and females 18 YEARS - 150 YEARS']",[nan],,
130,OHQ650,4,"Hardly Ever, Or",['How often during the last year (have you/has SPs) sense of taste been affected by problems with (your/his/her) teeth mouth or dentures? Would you say...'],"['Both males and females 16 YEARS - 150 YEARS', 'Both males and females 18 YEARS - 150 YEARS']",[nan],,
131,OHQ650,5,Never?,['How often during the last year (have you/has SPs) sense of taste been affected by problems with (your/his/her) teeth mouth or dentures? Would you say...'],"['Both males and females 16 YEARS - 150 YEARS', 'Both males and females 18 YEARS - 150 YEARS']",[nan],,
132,OHQ650,7,Refused,['How often during the last year (have you/has SPs) sense of taste been affected by problems with (your/his/her) teeth mouth or dentures? Would you say...'],"['Both males and females 16 YEARS - 150 YEARS', 'Both males and females 18 YEARS - 150 YEARS']",[nan],,
133,OHQ650,9,Don'T Know,['How often during the last year (have you/has SPs) sense of taste been affected by problems with (your/his/her) teeth mouth or dentures? Would you say...'],"['Both males and females 16 YEARS - 150 YEARS', 'Both males and females 18 YEARS - 150 YEARS']",[nan],,
134,OHQ650,.,Missing,['How often during the last year (have you/has SPs) sense of taste been affected by problems with (your/his/her) teeth mouth or dentures? Would you say...'],"['Both males and females 16 YEARS - 150 YEARS', 'Both males and females 18 YEARS - 150 YEARS']",[nan],,
135,OHQ650,4,Hardly Ever,['How often during the last year (have you/has SPs) sense of taste been affected by problems with (your/his/her) teeth mouth or dentures? Would you say...'],"['Both males and females 16 YEARS - 150 YEARS', 'Both males and females 18 YEARS - 150 YEARS']",[nan],,
136,OHQ650,5,Never,['How often during the last year (have you/has SPs) sense of taste been affected by problems with (your/his/her) teeth mouth or dentures? Would you say...'],"['Both males and females 16 YEARS - 150 YEARS', 'Both males and females 18 YEARS - 150 YEARS']",[nan],,
137,OHQ660,1,Very Often,"['How often during the last year (have you/has SP) avoided particular foods because of problems with (your/his/her) teeth mouth or dentures? Would you say...', 'How often during the last year (have you/has SP) avoided particular foods because of problems with (your/his/her/SPs) teeth mouth or dentures? Would you say . . .']","['Both males and females 16 YEARS - 150 YEARS', 'Both males and females 18 YEARS - 150 YEARS', 'Both males and females 20 YEARS - 150 YEARS']",[nan],,
138,OHQ660,2,Fairly Often,"['How often during the last year (have you/has SP) avoided particular foods because of problems with (your/his/her) teeth mouth or dentures? Would you say...', 'How often during the last year (have you/has SP) avoided particular foods because of problems with (your/his/her/SPs) teeth mouth or dentures? Would you say . . .']","['Both males and females 16 YEARS - 150 YEARS', 'Both males and females 18 YEARS - 150 YEARS', 'Both males and females 20 YEARS - 150 YEARS']",[nan],,
139,OHQ660,3,Occasionally,"['How often during the last year (have you/has SP) avoided particular foods because of problems with (your/his/her) teeth mouth or dentures? Would you say...', 'How often during the last year (have you/has SP) avoided particular foods because of problems with (your/his/her/SPs) teeth mouth or dentures? Would you say . . .']","['Both males and females 16 YEARS - 150 YEARS', 'Both males and females 18 YEARS - 150 YEARS', 'Both males and females 20 YEARS - 150 YEARS']",[nan],,
140,OHQ660,4,"Hardly Ever, Or","['How often during the last year (have you/has SP) avoided particular foods because of problems with (your/his/her) teeth mouth or dentures? Would you say...', 'How often during the last year (have you/has SP) avoided particular foods because of problems with (your/his/her/SPs) teeth mouth or dentures? Would you say . . .']","['Both males and females 16 YEARS - 150 YEARS', 'Both males and females 18 YEARS - 150 YEARS', 'Both males and females 20 YEARS - 150 YEARS']",[nan],,
141,OHQ660,5,Never?,"['How often during the last year (have you/has SP) avoided particular foods because of problems with (your/his/her) teeth mouth or dentures? Would you say...', 'How often during the last year (have you/has SP) avoided particular foods because of problems with (your/his/her/SPs) teeth mouth or dentures? Would you say . . .']","['Both males and females 16 YEARS - 150 YEARS', 'Both males and females 18 YEARS - 150 YEARS', 'Both males and females 20 YEARS - 150 YEARS']",[nan],,
142,OHQ660,7,Refused,"['How often during the last year (have you/has SP) avoided particular foods because of problems with (your/his/her) teeth mouth or dentures? Would you say...', 'How often during the last year (have you/has SP) avoided particular foods because of problems with (your/his/her/SPs) teeth mouth or dentures? Would you say . . .']","['Both males and females 16 YEARS - 150 YEARS', 'Both males and females 18 YEARS - 150 YEARS', 'Both males and females 20 YEARS - 150 YEARS']",[nan],,
143,OHQ660,9,Don'T Know,"['How often during the last year (have you/has SP) avoided particular foods because of problems with (your/his/her) teeth mouth or dentures? Would you say...', 'How often during the last year (have you/has SP) avoided particular foods because of problems with (your/his/her/SPs) teeth mouth or dentures? Would you say . . .']","['Both males and females 16 YEARS - 150 YEARS', 'Both males and females 18 YEARS - 150 YEARS', 'Both males and females 20 YEARS - 150 YEARS']",[nan],,
144,OHQ660,.,Missing,"['How often during the last year (have you/has SP) avoided particular foods because of problems with (your/his/her) teeth mouth or dentures? Would you say...', 'How often during the last year (have you/has SP) avoided particular foods because of problems with (your/his/her/SPs) teeth mouth or dentures? Would you say . . .']","['Both males and females 16 YEARS - 150 YEARS', 'Both males and females 18 YEARS - 150 YEARS', 'Both males and females 20 YEARS - 150 YEARS']",[nan],,
145,OHQ660,4,Hardly Ever,"['How often during the last year (have you/has SP) avoided particular foods because of problems with (your/his/her) teeth mouth or dentures? Would you say...', 'How often during the last year (have you/has SP) avoided particular foods because of problems with (your/his/her/SPs) teeth mouth or dentures? Would you say . . .']","['Both males and females 16 YEARS - 150 YEARS', 'Both males and females 18 YEARS - 150 YEARS', 'Both males and females 20 YEARS - 150 YEARS']",[nan],,
146,OHQ660,5,Never,"['How often during the last year (have you/has SP) avoided particular foods because of problems with (your/his/her) teeth mouth or dentures? Would you say...', 'How often during the last year (have you/has SP) avoided particular foods because of problems with (your/his/her/SPs) teeth mouth or dentures? Would you say . . .']","['Both males and females 16 YEARS - 150 YEARS', 'Both males and females 18 YEARS - 150 YEARS', 'Both males and females 20 YEARS - 150 YEARS']",[nan],,
147,OHQ670,1,Very Often,"['How often during the last year (have you/has SP) found it uncomfortable to eat food because of problems with (your/his/her) teeth mouth or dentures? Would you say...', 'How often during last year {have you/has SP} found it uncomfortable to eat food because of problems with {your/his/her/SPs} teeth mouth or dentures? Would you say . . .']","['Both males and females 16 YEARS - 150 YEARS', 'Both males and females 18 YEARS - 150 YEARS', 'Both males and females 20 YEARS - 150 YEARS']",[nan],,
148,OHQ670,2,Fairly Often,"['How often during the last year (have you/has SP) found it uncomfortable to eat food because of problems with (your/his/her) teeth mouth or dentures? Would you say...', 'How often during last year {have you/has SP} found it uncomfortable to eat food because of problems with {your/his/her/SPs} teeth mouth or dentures? Would you say . . .']","['Both males and females 16 YEARS - 150 YEARS', 'Both males and females 18 YEARS - 150 YEARS', 'Both males and females 20 YEARS - 150 YEARS']",[nan],,
149,OHQ670,3,Occasionally,"['How often during the last year (have you/has SP) found it uncomfortable to eat food because of problems with (your/his/her) teeth mouth or dentures? Would you say...', 'How often during last year {have you/has SP} found it uncomfortable to eat food because of problems with {your/his/her/SPs} teeth mouth or dentures? Would you say . . .']","['Both males and females 16 YEARS - 150 YEARS', 'Both males and females 18 YEARS - 150 YEARS', 'Both males and females 20 YEARS - 150 YEARS']",[nan],,
150,OHQ670,4,"Hardly Ever, Or","['How often during the last year (have you/has SP) found it uncomfortable to eat food because of problems with (your/his/her) teeth mouth or dentures? Would you say...', 'How often during last year {have you/has SP} found it uncomfortable to eat food because of problems with {your/his/her/SPs} teeth mouth or dentures? Would you say . . .']","['Both males and females 16 YEARS - 150 YEARS', 'Both males and females 18 YEARS - 150 YEARS', 'Both males and females 20 YEARS - 150 YEARS']",[nan],,
151,OHQ670,5,Never?,"['How often during the last year (have you/has SP) found it uncomfortable to eat food because of problems with (your/his/her) teeth mouth or dentures? Would you say...', 'How often during last year {have you/has SP} found it uncomfortable to eat food because of problems with {your/his/her/SPs} teeth mouth or dentures? Would you say . . .']","['Both males and females 16 YEARS - 150 YEARS', 'Both males and females 18 YEARS - 150 YEARS', 'Both males and females 20 YEARS - 150 YEARS']",[nan],,
152,OHQ670,7,Refused,"['How often during the last year (have you/has SP) found it uncomfortable to eat food because of problems with (your/his/her) teeth mouth or dentures? Would you say...', 'How often during last year {have you/has SP} found it uncomfortable to eat food because of problems with {your/his/her/SPs} teeth mouth or dentures? Would you say . . .']","['Both males and females 16 YEARS - 150 YEARS', 'Both males and females 18 YEARS - 150 YEARS', 'Both males and females 20 YEARS - 150 YEARS']",[nan],,
153,OHQ670,9,Don'T Know,"['How often during the last year (have you/has SP) found it uncomfortable to eat food because of problems with (your/his/her) teeth mouth or dentures? Would you say...', 'How often during last year {have you/has SP} found it uncomfortable to eat food because of problems with {your/his/her/SPs} teeth mouth or dentures? Would you say . . .']","['Both males and females 16 YEARS - 150 YEARS', 'Both males and females 18 YEARS - 150 YEARS', 'Both males and females 20 YEARS - 150 YEARS']",[nan],,
154,OHQ670,.,Missing,"['How often during the last year (have you/has SP) found it uncomfortable to eat food because of problems with (your/his/her) teeth mouth or dentures? Would you say...', 'How often during last year {have you/has SP} found it uncomfortable to eat food because of problems with {your/his/her/SPs} teeth mouth or dentures? Would you say . . .']","['Both males and females 16 YEARS - 150 YEARS', 'Both males and females 18 YEARS - 150 YEARS', 'Both males and females 20 YEARS - 150 YEARS']",[nan],,
155,OHQ670,4,Hardly Ever,"['How often during the last year (have you/has SP) found it uncomfortable to eat food because of problems with (your/his/her) teeth mouth or dentures? Would you say...', 'How often during last year {have you/has SP} found it uncomfortable to eat food because of problems with {your/his/her/SPs} teeth mouth or dentures? Would you say . . .']","['Both males and females 16 YEARS - 150 YEARS', 'Both males and females 18 YEARS - 150 YEARS', 'Both males and females 20 YEARS - 150 YEARS']",[nan],,
156,OHQ670,5,Never,"['How often during the last year (have you/has SP) found it uncomfortable to eat food because of problems with (your/his/her) teeth mouth or dentures? Would you say...', 'How often during last year {have you/has SP} found it uncomfortable to eat food because of problems with {your/his/her/SPs} teeth mouth or dentures? Would you say . . .']","['Both males and females 16 YEARS - 150 YEARS', 'Both males and females 18 YEARS - 150 YEARS', 'Both males and females 20 YEARS - 150 YEARS']",[nan],,
157,OHQ680,1,Very Often,"['How often during the last year (have you/has SP) been self-conscious or embarrassed because of (your/his/her) teeth mouth or dentures? Would you say...', 'How often during the last year {have you/has SP} been self-conscious or embarrassed because of {your/his/her} teeth mouth or dentures? Would you say . ..', 'How often during the last year {have you/has SP} been self-conscious or embarrassed because of {your/his/her/SPs} teeth mouth or dentures? Would you say . ..']","['Both males and females 16 YEARS - 150 YEARS', 'Both males and females 18 YEARS - 150 YEARS', 'Both males and females 30 YEARS - 150 YEARS', 'Both males and females 20 YEARS - 150 YEARS']",[nan],,
158,OHQ680,2,Fairly Often,"['How often during the last year (have you/has SP) been self-conscious or embarrassed because of (your/his/her) teeth mouth or dentures? Would you say...', 'How often during the last year {have you/has SP} been self-conscious or embarrassed because of {your/his/her} teeth mouth or dentures? Would you say . ..', 'How often during the last year {have you/has SP} been self-conscious or embarrassed because of {your/his/her/SPs} teeth mouth or dentures? Would you say . ..']","['Both males and females 16 YEARS - 150 YEARS', 'Both males and females 18 YEARS - 150 YEARS', 'Both males and females 30 YEARS - 150 YEARS', 'Both males and females 20 YEARS - 150 YEARS']",[nan],,
159,OHQ680,3,Occasionally,"['How often during the last year (have you/has SP) been self-conscious or embarrassed because of (your/his/her) teeth mouth or dentures? Would you say...', 'How often during the last year {have you/has SP} been self-conscious or embarrassed because of {your/his/her} teeth mouth or dentures? Would you say . ..', 'How often during the last year {have you/has SP} been self-conscious or embarrassed because of {your/his/her/SPs} teeth mouth or dentures? Would you say . ..']","['Both males and females 16 YEARS - 150 YEARS', 'Both males and females 18 YEARS - 150 YEARS', 'Both males and females 30 YEARS - 150 YEARS', 'Both males and females 20 YEARS - 150 YEARS']",[nan],,
160,OHQ680,4,"Hardly Ever, Or","['How often during the last year (have you/has SP) been self-conscious or embarrassed because of (your/his/her) teeth mouth or dentures? Would you say...', 'How often during the last year {have you/has SP} been self-conscious or embarrassed because of {your/his/her} teeth mouth or dentures? Would you say . ..', 'How often during the last year {have you/has SP} been self-conscious or embarrassed because of {your/his/her/SPs} teeth mouth or dentures? Would you say . ..']","['Both males and females 16 YEARS - 150 YEARS', 'Both males and females 18 YEARS - 150 YEARS', 'Both males and females 30 YEARS - 150 YEARS', 'Both males and females 20 YEARS - 150 YEARS']",[nan],,
161,OHQ680,5,Never?,"['How often during the last year (have you/has SP) been self-conscious or embarrassed because of (your/his/her) teeth mouth or dentures? Would you say...', 'How often during the last year {have you/has SP} been self-conscious or embarrassed because of {your/his/her} teeth mouth or dentures? Would you say . ..', 'How often during the last year {have you/has SP} been self-conscious or embarrassed because of {your/his/her/SPs} teeth mouth or dentures? Would you say . ..']","['Both males and females 16 YEARS - 150 YEARS', 'Both males and females 18 YEARS - 150 YEARS', 'Both males and females 30 YEARS - 150 YEARS', 'Both males and females 20 YEARS - 150 YEARS']",[nan],,
162,OHQ680,7,Refused,"['How often during the last year (have you/has SP) been self-conscious or embarrassed because of (your/his/her) teeth mouth or dentures? Would you say...', 'How often during the last year {have you/has SP} been self-conscious or embarrassed because of {your/his/her} teeth mouth or dentures? Would you say . ..', 'How often during the last year {have you/has SP} been self-conscious or embarrassed because of {your/his/her/SPs} teeth mouth or dentures? Would you say . ..']","['Both males and females 16 YEARS - 150 YEARS', 'Both males and females 18 YEARS - 150 YEARS', 'Both males and females 30 YEARS - 150 YEARS', 'Both males and females 20 YEARS - 150 YEARS']",[nan],,
163,OHQ680,9,Don'T Know,"['How often during the last year (have you/has SP) been self-conscious or embarrassed because of (your/his/her) teeth mouth or dentures? Would you say...', 'How often during the last year {have you/has SP} been self-conscious or embarrassed because of {your/his/her} teeth mouth or dentures? Would you say . ..', 'How often during the last year {have you/has SP} been self-conscious or embarrassed because of {your/his/her/SPs} teeth mouth or dentures? Would you say . ..']","['Both males and females 16 YEARS - 150 YEARS', 'Both males and females 18 YEARS - 150 YEARS', 'Both males and females 30 YEARS - 150 YEARS', 'Both males and females 20 YEARS - 150 YEARS']",[nan],,
164,OHQ680,.,Missing,"['How often during the last year (have you/has SP) been self-conscious or embarrassed because of (your/his/her) teeth mouth or dentures? Would you say...', 'How often during the last year {have you/has SP} been self-conscious or embarrassed because of {your/his/her} teeth mouth or dentures? Would you say . ..', 'How often during the last year {have you/has SP} been self-conscious or embarrassed because of {your/his/her/SPs} teeth mouth or dentures? Would you say . ..']","['Both males and females 16 YEARS - 150 YEARS', 'Both males and females 18 YEARS - 150 YEARS', 'Both males and females 30 YEARS - 150 YEARS', 'Both males and females 20 YEARS - 150 YEARS']",[nan],,
165,OHQ680,4,Hardly Ever,"['How often during the last year (have you/has SP) been self-conscious or embarrassed because of (your/his/her) teeth mouth or dentures? Would you say...', 'How often during the last year {have you/has SP} been self-conscious or embarrassed because of {your/his/her} teeth mouth or dentures? Would you say . ..', 'How often during the last year {have you/has SP} been self-conscious or embarrassed because of {your/his/her/SPs} teeth mouth or dentures? Would you say . ..']","['Both males and females 16 YEARS - 150 YEARS', 'Both males and females 18 YEARS - 150 YEARS', 'Both males and females 30 YEARS - 150 YEARS', 'Both males and females 20 YEARS - 150 YEARS']",[nan],,
166,OHQ680,5,Never,"['How often during the last year (have you/has SP) been self-conscious or embarrassed because of (your/his/her) teeth mouth or dentures? Would you say...', 'How often during the last year {have you/has SP} been self-conscious or embarrassed because of {your/his/her} teeth mouth or dentures? Would you say . ..', 'How often during the last year {have you/has SP} been self-conscious or embarrassed because of {your/his/her/SPs} teeth mouth or dentures? Would you say . ..']","['Both males and females 16 YEARS - 150 YEARS', 'Both males and females 18 YEARS - 150 YEARS', 'Both males and females 30 YEARS - 150 YEARS', 'Both males and females 20 YEARS - 150 YEARS']",[nan],,
167,OHD691,1,Yes,['(Do you/ Does SP) need any teeth filled or replaced (fillings crowns or bridges)?'],['Both males and females 18 YEARS - 150 YEARS'],[nan],,
168,OHD691,2,No,['(Do you/ Does SP) need any teeth filled or replaced (fillings crowns or bridges)?'],['Both males and females 18 YEARS - 150 YEARS'],[nan],,
169,OHD691,7,Refused,['(Do you/ Does SP) need any teeth filled or replaced (fillings crowns or bridges)?'],['Both males and females 18 YEARS - 150 YEARS'],[nan],,
170,OHD691,9,Don'T Know,['(Do you/ Does SP) need any teeth filled or replaced (fillings crowns or bridges)?'],['Both males and females 18 YEARS - 150 YEARS'],[nan],,
171,OHD691,.,Missing,['(Do you/ Does SP) need any teeth filled or replaced (fillings crowns or bridges)?'],['Both males and females 18 YEARS - 150 YEARS'],[nan],,
172,OHD700,1,Yes,['Do you? does SP need to have teeth pulled?'],['Both males and females 18 YEARS - 150 YEARS'],[nan],,
173,OHD700,2,No,['Do you? does SP need to have teeth pulled?'],['Both males and females 18 YEARS - 150 YEARS'],[nan],,
174,OHD700,7,Refused,['Do you? does SP need to have teeth pulled?'],['Both males and females 18 YEARS - 150 YEARS'],[nan],,
175,OHD700,9,Don'T Know,['Do you? does SP need to have teeth pulled?'],['Both males and females 18 YEARS - 150 YEARS'],[nan],,
176,OHD700,.,Missing,['Do you? does SP need to have teeth pulled?'],['Both males and females 18 YEARS - 150 YEARS'],[nan],,
177,OHD711A,1,Pain,['Why (Do you/ Does SP) need to have teeth pulled?'],['Both males and females 18 YEARS - 150 YEARS'],[nan],,
178,OHD711A,77,Refused,['Why (Do you/ Does SP) need to have teeth pulled?'],['Both males and females 18 YEARS - 150 YEARS'],[nan],,
179,OHD711A,99,Don'T Know,['Why (Do you/ Does SP) need to have teeth pulled?'],['Both males and females 18 YEARS - 150 YEARS'],[nan],,
180,OHD711A,.,Missing,['Why (Do you/ Does SP) need to have teeth pulled?'],['Both males and females 18 YEARS - 150 YEARS'],[nan],,
181,OHD711B,2,Cavities,['Why (Do you/ Does SP) need to have teeth pulled?'],['Both males and females 18 YEARS - 150 YEARS'],[nan],,
182,OHD711B,.,Missing,['Why (Do you/ Does SP) need to have teeth pulled?'],['Both males and females 18 YEARS - 150 YEARS'],[nan],,
183,OHD711C,3,Broken Or Missed Fillings,['Why (Do you/ Does SP) need to have teeth pulled?'],['Both males and females 18 YEARS - 150 YEARS'],[nan],,
184,OHD711C,.,Missing,['Why (Do you/ Does SP) need to have teeth pulled?'],['Both males and females 18 YEARS - 150 YEARS'],[nan],,
185,OHD711D,4,Gum Problems Or Bleeding Gums,['Why (Do you/ Does SP) need to have teeth pulled?'],['Both males and females 18 YEARS - 150 YEARS'],[nan],,
186,OHD711D,.,Missing,['Why (Do you/ Does SP) need to have teeth pulled?'],['Both males and females 18 YEARS - 150 YEARS'],[nan],,
187,OHD711E,5,Appearance,['Why (Do you/ Does SP) need to have teeth pulled?'],['Both males and females 18 YEARS - 150 YEARS'],[nan],,
188,OHD711E,.,Missing,['Why (Do you/ Does SP) need to have teeth pulled?'],['Both males and females 18 YEARS - 150 YEARS'],[nan],,
189,OHD711G,7,Other,['Why (Do you/ Does SP) need to have teeth pulled?'],['Both males and females 18 YEARS - 150 YEARS'],[nan],,
190,OHD711G,.,Missing,['Why (Do you/ Does SP) need to have teeth pulled?'],['Both males and females 18 YEARS - 150 YEARS'],[nan],,
191,OHD721,1,Yes,['(Do you/ Does SP) need dentures (plates) made? Include partial plates partial dentures and removable partials.'],['Both males and females 18 YEARS - 150 YEARS'],[nan],,
192,OHD721,2,No,['(Do you/ Does SP) need dentures (plates) made? Include partial plates partial dentures and removable partials.'],['Both males and females 18 YEARS - 150 YEARS'],[nan],,
193,OHD721,7,Refused,['(Do you/ Does SP) need dentures (plates) made? Include partial plates partial dentures and removable partials.'],['Both males and females 18 YEARS - 150 YEARS'],[nan],,
194,OHD721,9,Don'T Know,['(Do you/ Does SP) need dentures (plates) made? Include partial plates partial dentures and removable partials.'],['Both males and females 18 YEARS - 150 YEARS'],[nan],,
195,OHD721,.,Missing,['(Do you/ Does SP) need dentures (plates) made? Include partial plates partial dentures and removable partials.'],['Both males and females 18 YEARS - 150 YEARS'],[nan],,
196,OHD730,1,Yes,['(Do you/ Does SP) need gum treatment (periodontal treatment)?'],['Both males and females 18 YEARS - 150 YEARS'],[nan],,
197,OHD730,2,No,['(Do you/ Does SP) need gum treatment (periodontal treatment)?'],['Both males and females 18 YEARS - 150 YEARS'],[nan],,
198,OHD730,7,Refused,['(Do you/ Does SP) need gum treatment (periodontal treatment)?'],['Both males and females 18 YEARS - 150 YEARS'],[nan],,
199,OHD730,9,Don'T Know,['(Do you/ Does SP) need gum treatment (periodontal treatment)?'],['Both males and females 18 YEARS - 150 YEARS'],[nan],,
200,OHD730,.,Missing,['(Do you/ Does SP) need gum treatment (periodontal treatment)?'],['Both males and females 18 YEARS - 150 YEARS'],[nan],,
201,OHD740,1,Yes,['(Do you/ Does SP) need relief of pain (oral cavity pain)?'],['Both males and females 18 YEARS - 150 YEARS'],[nan],,
202,OHD740,2,No,['(Do you/ Does SP) need relief of pain (oral cavity pain)?'],['Both males and females 18 YEARS - 150 YEARS'],[nan],,
203,OHD740,7,Refused,['(Do you/ Does SP) need relief of pain (oral cavity pain)?'],['Both males and females 18 YEARS - 150 YEARS'],[nan],,
204,OHD740,9,Don'T Know,['(Do you/ Does SP) need relief of pain (oral cavity pain)?'],['Both males and females 18 YEARS - 150 YEARS'],[nan],,
205,OHD740,.,Missing,['(Do you/ Does SP) need relief of pain (oral cavity pain)?'],['Both males and females 18 YEARS - 150 YEARS'],[nan],,
206,OHD750,1,Yes,['(Do you/ Does SP) need your teeth cleaned?'],['Both males and females 18 YEARS - 150 YEARS'],[nan],,
207,OHD750,2,No,['(Do you/ Does SP) need your teeth cleaned?'],['Both males and females 18 YEARS - 150 YEARS'],[nan],,
208,OHD750,7,Refused,['(Do you/ Does SP) need your teeth cleaned?'],['Both males and females 18 YEARS - 150 YEARS'],[nan],,
209,OHD750,9,Don'T Know,['(Do you/ Does SP) need your teeth cleaned?'],['Both males and females 18 YEARS - 150 YEARS'],[nan],,
210,OHD750,.,Missing,['(Do you/ Does SP) need your teeth cleaned?'],['Both males and females 18 YEARS - 150 YEARS'],[nan],,
211,OHQ755,,,[nan],['Both males and females 2 YEARS - 150 YEARS'],[nan],,
212,OHQ760,1,Within The Past Year (1 To 12 Months Ago),['How long has it been since (you/SP) had (your/his/her) teeth cleaned by a dentist or dental hygienist?'],['Both males and females 2 YEARS - 150 YEARS'],[nan],,
213,OHQ760,2,"Within The Past 3 Years (More Than 1 Year, To 3 Years)",['How long has it been since (you/SP) had (your/his/her) teeth cleaned by a dentist or dental hygienist?'],['Both males and females 2 YEARS - 150 YEARS'],[nan],,
214,OHQ760,3,More Than 3 Years Ago,['How long has it been since (you/SP) had (your/his/her) teeth cleaned by a dentist or dental hygienist?'],['Both males and females 2 YEARS - 150 YEARS'],[nan],,
215,OHQ760,4,Never,['How long has it been since (you/SP) had (your/his/her) teeth cleaned by a dentist or dental hygienist?'],['Both males and females 2 YEARS - 150 YEARS'],[nan],,
216,OHQ760,7,Refused,['How long has it been since (you/SP) had (your/his/her) teeth cleaned by a dentist or dental hygienist?'],['Both males and females 2 YEARS - 150 YEARS'],[nan],,
217,OHQ760,9,Don'T Know,['How long has it been since (you/SP) had (your/his/her) teeth cleaned by a dentist or dental hygienist?'],['Both males and females 2 YEARS - 150 YEARS'],[nan],,
218,OHQ760,.,Missing,['How long has it been since (you/SP) had (your/his/her) teeth cleaned by a dentist or dental hygienist?'],['Both males and females 2 YEARS - 150 YEARS'],[nan],,
219,OHQ770,1,Yes,['During the past 12 months was there a time when (you/SP) needed dental care but could not get it at that time?'],"['Both males and females 2 YEARS - 150 YEARS', 'Both males and females 1 YEARS - 150 YEARS']",[nan],,
220,OHQ770,2,No,['During the past 12 months was there a time when (you/SP) needed dental care but could not get it at that time?'],"['Both males and females 2 YEARS - 150 YEARS', 'Both males and females 1 YEARS - 150 YEARS']",[nan],,
221,OHQ770,7,Refused,['During the past 12 months was there a time when (you/SP) needed dental care but could not get it at that time?'],"['Both males and females 2 YEARS - 150 YEARS', 'Both males and females 1 YEARS - 150 YEARS']",[nan],,
222,OHQ770,9,Don'T Know,['During the past 12 months was there a time when (you/SP) needed dental care but could not get it at that time?'],"['Both males and females 2 YEARS - 150 YEARS', 'Both males and females 1 YEARS - 150 YEARS']",[nan],,
223,OHQ770,.,Missing,['During the past 12 months was there a time when (you/SP) needed dental care but could not get it at that time?'],"['Both males and females 2 YEARS - 150 YEARS', 'Both males and females 1 YEARS - 150 YEARS']",[nan],,
224,OHQ780A,10,Could Not Afford The Cost,['What were the reasons that (you/SP) could not get the dental care (you/she/he) needed?'],"['Both males and females 2 YEARS - 150 YEARS', 'Both males and females 1 YEARS - 150 YEARS']",[nan],,
225,OHQ780A,77,Refused,['What were the reasons that (you/SP) could not get the dental care (you/she/he) needed?'],"['Both males and females 2 YEARS - 150 YEARS', 'Both males and females 1 YEARS - 150 YEARS']",[nan],,
226,OHQ780A,99,Don'T Know,['What were the reasons that (you/SP) could not get the dental care (you/she/he) needed?'],"['Both males and females 2 YEARS - 150 YEARS', 'Both males and females 1 YEARS - 150 YEARS']",[nan],,
227,OHQ780A,.,Missing,['What were the reasons that (you/SP) could not get the dental care (you/she/he) needed?'],"['Both males and females 2 YEARS - 150 YEARS', 'Both males and females 1 YEARS - 150 YEARS']",[nan],,
228,OHQ780B,11,Did Not Want To Spend The Money,['What were the reasons that (you/SP) could not get the dental care (you/she/he) needed?'],"['Both males and females 2 YEARS - 150 YEARS', 'Both males and females 1 YEARS - 150 YEARS']",[nan],,
229,OHQ780B,.,Missing,['What were the reasons that (you/SP) could not get the dental care (you/she/he) needed?'],"['Both males and females 2 YEARS - 150 YEARS', 'Both males and females 1 YEARS - 150 YEARS']",[nan],,
230,OHQ780C,12,Insurance Did Not Cover Recommended Procedures,['What were the reasons that (you/SP) could not get the dental care (you/she/he) needed?'],"['Both males and females 2 YEARS - 150 YEARS', 'Both males and females 1 YEARS - 150 YEARS']",[nan],,
231,OHQ780C,.,Missing,['What were the reasons that (you/SP) could not get the dental care (you/she/he) needed?'],"['Both males and females 2 YEARS - 150 YEARS', 'Both males and females 1 YEARS - 150 YEARS']",[nan],,
232,OHQ780C,12,Insurance Did Not Cover Recommended Procedure,['What were the reasons that (you/SP) could not get the dental care (you/she/he) needed?'],"['Both males and females 2 YEARS - 150 YEARS', 'Both males and females 1 YEARS - 150 YEARS']",[nan],,
233,OHQ780D,13,Dental Office Is Too Far Away,['What were the reasons that (you/SP) could not get the dental care (you/she/he) needed?'],"['Both males and females 2 YEARS - 150 YEARS', 'Both males and females 1 YEARS - 150 YEARS']",[nan],,
234,OHQ780D,.,Missing,['What were the reasons that (you/SP) could not get the dental care (you/she/he) needed?'],"['Both males and females 2 YEARS - 150 YEARS', 'Both males and females 1 YEARS - 150 YEARS']",[nan],,
235,OHQ780E,14,Dental Office Not Open At Convenient Time,['What were the reasons that (you/SP) could not get the dental care (you/she/he) needed?'],"['Both males and females 2 YEARS - 150 YEARS', 'Both males and females 1 YEARS - 150 YEARS']",[nan],,
236,OHQ780E,.,Missing,['What were the reasons that (you/SP) could not get the dental care (you/she/he) needed?'],"['Both males and females 2 YEARS - 150 YEARS', 'Both males and females 1 YEARS - 150 YEARS']",[nan],,
237,OHQ780F,15,Another Dentist Recommended Not Doing It,['What were the reasons that (you/SP) could not get the dental care (you/she/he) needed?'],"['Both males and females 2 YEARS - 150 YEARS', 'Both males and females 1 YEARS - 150 YEARS']",[nan],,
238,OHQ780F,.,Missing,['What were the reasons that (you/SP) could not get the dental care (you/she/he) needed?'],"['Both males and females 2 YEARS - 150 YEARS', 'Both males and females 1 YEARS - 150 YEARS']",[nan],,
239,OHQ780G,16,Afraid Or Do Not Like Dentists,['What were the reasons that (you/SP) could not get the dental care (you/she/he) needed?'],"['Both males and females 2 YEARS - 150 YEARS', 'Both males and females 1 YEARS - 150 YEARS']",[nan],,
240,OHQ780G,.,Missing,['What were the reasons that (you/SP) could not get the dental care (you/she/he) needed?'],"['Both males and females 2 YEARS - 150 YEARS', 'Both males and females 1 YEARS - 150 YEARS']",[nan],,
241,OHQ780H,17,Unable To Take Time Off From Work,['What were the reasons that (you/SP) could not get the dental care (you/she/he) needed?'],"['Both males and females 2 YEARS - 150 YEARS', 'Both males and females 1 YEARS - 150 YEARS']",[nan],,
242,OHQ780H,.,Missing,['What were the reasons that (you/SP) could not get the dental care (you/she/he) needed?'],"['Both males and females 2 YEARS - 150 YEARS', 'Both males and females 1 YEARS - 150 YEARS']",[nan],,
243,OHQ780I,18,Too Busy,['What were the reasons that (you/SP) could not get the dental care (you/she/he) needed?'],"['Both males and females 2 YEARS - 150 YEARS', 'Both males and females 1 YEARS - 150 YEARS']",[nan],,
244,OHQ780I,.,Missing,['What were the reasons that (you/SP) could not get the dental care (you/she/he) needed?'],"['Both males and females 2 YEARS - 150 YEARS', 'Both males and females 1 YEARS - 150 YEARS']",[nan],,
245,OHQ780J,19,I Did Not Think Anything Serious Was Wrong - Expected Dental Problems To Go Away,['What were the reasons that (you/SP) could not get the dental care (you/she/he) needed?'],"['Both males and females 2 YEARS - 150 YEARS', 'Both males and females 1 YEARS - 150 YEARS']",[nan],,
246,OHQ780J,.,Missing,['What were the reasons that (you/SP) could not get the dental care (you/she/he) needed?'],"['Both males and females 2 YEARS - 150 YEARS', 'Both males and females 1 YEARS - 150 YEARS']",[nan],,
247,OHQ780K,20,Other,['What were the reasons that (you/SP) could not get the dental care (you/she/he) needed?'],"['Both males and females 2 YEARS - 150 YEARS', 'Both males and females 1 YEARS - 150 YEARS']",[nan],,
248,OHQ780K,.,Missing,['What were the reasons that (you/SP) could not get the dental care (you/she/he) needed?'],"['Both males and females 2 YEARS - 150 YEARS', 'Both males and females 1 YEARS - 150 YEARS']",[nan],,
249,OHQ011,11,Excellent,['Now I have some questions about the condition of your teeth and gums. How would you describe the condition of {your/SP?s} teeth? Would you say . . .'],['Both males and females 18 YEARS - 150 YEARS'],[nan],,
250,OHQ011,12,Very Good,['Now I have some questions about the condition of your teeth and gums. How would you describe the condition of {your/SP?s} teeth? Would you say . . .'],['Both males and females 18 YEARS - 150 YEARS'],[nan],,
251,OHQ011,13,Good,['Now I have some questions about the condition of your teeth and gums. How would you describe the condition of {your/SP?s} teeth? Would you say . . .'],['Both males and females 18 YEARS - 150 YEARS'],[nan],,
252,OHQ011,14,Fair,['Now I have some questions about the condition of your teeth and gums. How would you describe the condition of {your/SP?s} teeth? Would you say . . .'],['Both males and females 18 YEARS - 150 YEARS'],[nan],,
253,OHQ011,15,Poor,['Now I have some questions about the condition of your teeth and gums. How would you describe the condition of {your/SP?s} teeth? Would you say . . .'],['Both males and females 18 YEARS - 150 YEARS'],[nan],,
254,OHQ011,77,Refused,['Now I have some questions about the condition of your teeth and gums. How would you describe the condition of {your/SP?s} teeth? Would you say . . .'],['Both males and females 18 YEARS - 150 YEARS'],[nan],,
255,OHQ011,99,Don'T Know,['Now I have some questions about the condition of your teeth and gums. How would you describe the condition of {your/SP?s} teeth? Would you say . . .'],['Both males and females 18 YEARS - 150 YEARS'],[nan],,
256,OHQ011,.,Missing,['Now I have some questions about the condition of your teeth and gums. How would you describe the condition of {your/SP?s} teeth? Would you say . . .'],['Both males and females 18 YEARS - 150 YEARS'],[nan],,
257,OHQ835,1,Yes,['The next questions will ask about the condition of {your/SPs} teeth and some factors related to gum health. Gum disease is a common problem with the mouth. People with gum disease might have swollen gums receding gums sore or infected gums or loose teeth. {Do you/Does SP} think {you/s/he} might have gum disease?'],['Both males and females 30 YEARS - 150 YEARS'],[nan],,
258,OHQ835,2,No,['The next questions will ask about the condition of {your/SPs} teeth and some factors related to gum health. Gum disease is a common problem with the mouth. People with gum disease might have swollen gums receding gums sore or infected gums or loose teeth. {Do you/Does SP} think {you/s/he} might have gum disease?'],['Both males and females 30 YEARS - 150 YEARS'],[nan],,
259,OHQ835,7,Refused,['The next questions will ask about the condition of {your/SPs} teeth and some factors related to gum health. Gum disease is a common problem with the mouth. People with gum disease might have swollen gums receding gums sore or infected gums or loose teeth. {Do you/Does SP} think {you/s/he} might have gum disease?'],['Both males and females 30 YEARS - 150 YEARS'],[nan],,
260,OHQ835,9,Don'T Know,['The next questions will ask about the condition of {your/SPs} teeth and some factors related to gum health. Gum disease is a common problem with the mouth. People with gum disease might have swollen gums receding gums sore or infected gums or loose teeth. {Do you/Does SP} think {you/s/he} might have gum disease?'],['Both males and females 30 YEARS - 150 YEARS'],[nan],,
261,OHQ835,.,Missing,['The next questions will ask about the condition of {your/SPs} teeth and some factors related to gum health. Gum disease is a common problem with the mouth. People with gum disease might have swollen gums receding gums sore or infected gums or loose teeth. {Do you/Does SP} think {you/s/he} might have gum disease?'],['Both males and females 30 YEARS - 150 YEARS'],[nan],,
262,OHQ845,1,Excellent,"['Overall how would {you/SP} rate the health of {your/his/her} teeth and gums?', 'The next questions are about {your/SPs} teeth and gums. Overall how would {you/SP} rate the health of {your/his/her/SPs} teeth and gums? Would you say . . .']","['Both males and females 30 YEARS - 150 YEARS', 'Both males and females 1 YEARS - 150 YEARS']",[nan],,
263,OHQ845,2,Very Good,"['Overall how would {you/SP} rate the health of {your/his/her} teeth and gums?', 'The next questions are about {your/SPs} teeth and gums. Overall how would {you/SP} rate the health of {your/his/her/SPs} teeth and gums? Would you say . . .']","['Both males and females 30 YEARS - 150 YEARS', 'Both males and females 1 YEARS - 150 YEARS']",[nan],,
264,OHQ845,3,Good,"['Overall how would {you/SP} rate the health of {your/his/her} teeth and gums?', 'The next questions are about {your/SPs} teeth and gums. Overall how would {you/SP} rate the health of {your/his/her/SPs} teeth and gums? Would you say . . .']","['Both males and females 30 YEARS - 150 YEARS', 'Both males and females 1 YEARS - 150 YEARS']",[nan],,
265,OHQ845,4,Fair,"['Overall how would {you/SP} rate the health of {your/his/her} teeth and gums?', 'The next questions are about {your/SPs} teeth and gums. Overall how would {you/SP} rate the health of {your/his/her/SPs} teeth and gums? Would you say . . .']","['Both males and females 30 YEARS - 150 YEARS', 'Both males and females 1 YEARS - 150 YEARS']",[nan],,
266,OHQ845,5,Poor,"['Overall how would {you/SP} rate the health of {your/his/her} teeth and gums?', 'The next questions are about {your/SPs} teeth and gums. Overall how would {you/SP} rate the health of {your/his/her/SPs} teeth and gums? Would you say . . .']","['Both males and females 30 YEARS - 150 YEARS', 'Both males and females 1 YEARS - 150 YEARS']",[nan],,
267,OHQ845,7,Refused,"['Overall how would {you/SP} rate the health of {your/his/her} teeth and gums?', 'The next questions are about {your/SPs} teeth and gums. Overall how would {you/SP} rate the health of {your/his/her/SPs} teeth and gums? Would you say . . .']","['Both males and females 30 YEARS - 150 YEARS', 'Both males and females 1 YEARS - 150 YEARS']",[nan],,
268,OHQ845,9,Don'T Know,"['Overall how would {you/SP} rate the health of {your/his/her} teeth and gums?', 'The next questions are about {your/SPs} teeth and gums. Overall how would {you/SP} rate the health of {your/his/her/SPs} teeth and gums? Would you say . . .']","['Both males and females 30 YEARS - 150 YEARS', 'Both males and females 1 YEARS - 150 YEARS']",[nan],,
269,OHQ845,.,Missing,"['Overall how would {you/SP} rate the health of {your/his/her} teeth and gums?', 'The next questions are about {your/SPs} teeth and gums. Overall how would {you/SP} rate the health of {your/his/her/SPs} teeth and gums? Would you say . . .']","['Both males and females 30 YEARS - 150 YEARS', 'Both males and females 1 YEARS - 150 YEARS']",[nan],,
270,OHQ845,1,"Excellent,","['Overall how would {you/SP} rate the health of {your/his/her} teeth and gums?', 'The next questions are about {your/SPs} teeth and gums. Overall how would {you/SP} rate the health of {your/his/her/SPs} teeth and gums? Would you say . . .']","['Both males and females 30 YEARS - 150 YEARS', 'Both males and females 1 YEARS - 150 YEARS']",[nan],,
271,OHQ845,2,"Very Good,","['Overall how would {you/SP} rate the health of {your/his/her} teeth and gums?', 'The next questions are about {your/SPs} teeth and gums. Overall how would {you/SP} rate the health of {your/his/her/SPs} teeth and gums? Would you say . . .']","['Both males and females 30 YEARS - 150 YEARS', 'Both males and females 1 YEARS - 150 YEARS']",[nan],,
272,OHQ845,3,"Good,","['Overall how would {you/SP} rate the health of {your/his/her} teeth and gums?', 'The next questions are about {your/SPs} teeth and gums. Overall how would {you/SP} rate the health of {your/his/her/SPs} teeth and gums? Would you say . . .']","['Both males and females 30 YEARS - 150 YEARS', 'Both males and females 1 YEARS - 150 YEARS']",[nan],,
273,OHQ845,4,"Fair, Or","['Overall how would {you/SP} rate the health of {your/his/her} teeth and gums?', 'The next questions are about {your/SPs} teeth and gums. Overall how would {you/SP} rate the health of {your/his/her/SPs} teeth and gums? Would you say . . .']","['Both males and females 30 YEARS - 150 YEARS', 'Both males and females 1 YEARS - 150 YEARS']",[nan],,
274,OHQ845,5,Poor?,"['Overall how would {you/SP} rate the health of {your/his/her} teeth and gums?', 'The next questions are about {your/SPs} teeth and gums. Overall how would {you/SP} rate the health of {your/his/her/SPs} teeth and gums? Would you say . . .']","['Both males and females 30 YEARS - 150 YEARS', 'Both males and females 1 YEARS - 150 YEARS']",[nan],,
275,OHQ850,1,Yes,"['{Have you/Has SP} ever had treatment for gum disease such as scaling and rootplaning sometimes called deep cleaning?', '{Have you/Has SP} ever had treatment for gum disease such as scaling and root planing sometimes called deep cleaning?']",['Both males and females 30 YEARS - 150 YEARS'],[nan],,
276,OHQ850,2,No,"['{Have you/Has SP} ever had treatment for gum disease such as scaling and rootplaning sometimes called deep cleaning?', '{Have you/Has SP} ever had treatment for gum disease such as scaling and root planing sometimes called deep cleaning?']",['Both males and females 30 YEARS - 150 YEARS'],[nan],,
277,OHQ850,7,Refused,"['{Have you/Has SP} ever had treatment for gum disease such as scaling and rootplaning sometimes called deep cleaning?', '{Have you/Has SP} ever had treatment for gum disease such as scaling and root planing sometimes called deep cleaning?']",['Both males and females 30 YEARS - 150 YEARS'],[nan],,
278,OHQ850,9,Don'T Know,"['{Have you/Has SP} ever had treatment for gum disease such as scaling and rootplaning sometimes called deep cleaning?', '{Have you/Has SP} ever had treatment for gum disease such as scaling and root planing sometimes called deep cleaning?']",['Both males and females 30 YEARS - 150 YEARS'],[nan],,
279,OHQ850,.,Missing,"['{Have you/Has SP} ever had treatment for gum disease such as scaling and rootplaning sometimes called deep cleaning?', '{Have you/Has SP} ever had treatment for gum disease such as scaling and root planing sometimes called deep cleaning?']",['Both males and females 30 YEARS - 150 YEARS'],[nan],,
280,OHQ855,1,Yes,['{Have you/Has SP} ever had any teeth become loose on their own without an injury?'],['Both males and females 30 YEARS - 150 YEARS'],[nan],,
281,OHQ855,2,No,['{Have you/Has SP} ever had any teeth become loose on their own without an injury?'],['Both males and females 30 YEARS - 150 YEARS'],[nan],,
282,OHQ855,7,Refused,['{Have you/Has SP} ever had any teeth become loose on their own without an injury?'],['Both males and females 30 YEARS - 150 YEARS'],[nan],,
283,OHQ855,9,Don'T Know,['{Have you/Has SP} ever had any teeth become loose on their own without an injury?'],['Both males and females 30 YEARS - 150 YEARS'],[nan],,
284,OHQ855,.,Missing,['{Have you/Has SP} ever had any teeth become loose on their own without an injury?'],['Both males and females 30 YEARS - 150 YEARS'],[nan],,
285,OHQ860,1,Yes,['{Have you/Has SP} ever been told by a dental professional that {you/s/he} lost bone around [your/his/her} teeth?'],['Both males and females 30 YEARS - 150 YEARS'],[nan],,
286,OHQ860,2,No,['{Have you/Has SP} ever been told by a dental professional that {you/s/he} lost bone around [your/his/her} teeth?'],['Both males and females 30 YEARS - 150 YEARS'],[nan],,
287,OHQ860,7,Refused,['{Have you/Has SP} ever been told by a dental professional that {you/s/he} lost bone around [your/his/her} teeth?'],['Both males and females 30 YEARS - 150 YEARS'],[nan],,
288,OHQ860,9,Don'T Know,['{Have you/Has SP} ever been told by a dental professional that {you/s/he} lost bone around [your/his/her} teeth?'],['Both males and females 30 YEARS - 150 YEARS'],[nan],,
289,OHQ860,.,Missing,['{Have you/Has SP} ever been told by a dental professional that {you/s/he} lost bone around [your/his/her} teeth?'],['Both males and females 30 YEARS - 150 YEARS'],[nan],,
290,OHQ865,1,Yes,['During the past three months {have you/has SP} noticed a tooth that doesnt look right?'],['Both males and females 30 YEARS - 150 YEARS'],[nan],,
291,OHQ865,2,No,['During the past three months {have you/has SP} noticed a tooth that doesnt look right?'],['Both males and females 30 YEARS - 150 YEARS'],[nan],,
292,OHQ865,7,Refused,['During the past three months {have you/has SP} noticed a tooth that doesnt look right?'],['Both males and females 30 YEARS - 150 YEARS'],[nan],,
293,OHQ865,9,Don'T Know,['During the past three months {have you/has SP} noticed a tooth that doesnt look right?'],['Both males and females 30 YEARS - 150 YEARS'],[nan],,
294,OHQ865,.,Missing,['During the past three months {have you/has SP} noticed a tooth that doesnt look right?'],['Both males and females 30 YEARS - 150 YEARS'],[nan],,
295,OHQ870,0 To 7,Range Of Values,['Aside from brushing {your/his/her} teeth with a toothbrush in the last seven days how many days did {you/SP} use dental floss or any other device to clean between {your/his/her} teeth?'],['Both males and females 30 YEARS - 150 YEARS'],[nan],,
296,OHQ870,77,Refused,['Aside from brushing {your/his/her} teeth with a toothbrush in the last seven days how many days did {you/SP} use dental floss or any other device to clean between {your/his/her} teeth?'],['Both males and females 30 YEARS - 150 YEARS'],[nan],,
297,OHQ870,99,Don'T Know,['Aside from brushing {your/his/her} teeth with a toothbrush in the last seven days how many days did {you/SP} use dental floss or any other device to clean between {your/his/her} teeth?'],['Both males and females 30 YEARS - 150 YEARS'],[nan],,
298,OHQ870,.,Missing,['Aside from brushing {your/his/her} teeth with a toothbrush in the last seven days how many days did {you/SP} use dental floss or any other device to clean between {your/his/her} teeth?'],['Both males and females 30 YEARS - 150 YEARS'],[nan],,
299,OHQ870,0 To 9,Range Of Values,['Aside from brushing {your/his/her} teeth with a toothbrush in the last seven days how many days did {you/SP} use dental floss or any other device to clean between {your/his/her} teeth?'],['Both males and females 30 YEARS - 150 YEARS'],[nan],,
300,OHQ875,0 To 7,Range Of Values,['Aside from brushing {your/his/her} teeth with a toothbrush in the last seven days how many days did {you/SP} use mouthwash or other dental rinse product that {you use/s/he uses} to treat dental disease or dental problems?'],['Both males and females 30 YEARS - 150 YEARS'],[nan],,
301,OHQ875,77,Refused,['Aside from brushing {your/his/her} teeth with a toothbrush in the last seven days how many days did {you/SP} use mouthwash or other dental rinse product that {you use/s/he uses} to treat dental disease or dental problems?'],['Both males and females 30 YEARS - 150 YEARS'],[nan],,
302,OHQ875,99,Don'T Know,['Aside from brushing {your/his/her} teeth with a toothbrush in the last seven days how many days did {you/SP} use mouthwash or other dental rinse product that {you use/s/he uses} to treat dental disease or dental problems?'],['Both males and females 30 YEARS - 150 YEARS'],[nan],,
303,OHQ875,.,Missing,['Aside from brushing {your/his/her} teeth with a toothbrush in the last seven days how many days did {you/SP} use mouthwash or other dental rinse product that {you use/s/he uses} to treat dental disease or dental problems?'],['Both males and females 30 YEARS - 150 YEARS'],[nan],,
304,OHQ605,,,[nan],['Both males and females 1 YEARS - 150 YEARS'],[nan],,
305,OHQ610,1,Yes,['In the past 12 months did a dentist hygienist or other dental professional have a direct conversation with {you/SP} about... ...the benefits of giving up cigarettes or other types of tobacco to improve {your/SPs} dental health?'],['Both males and females 16 YEARS - 150 YEARS'],[nan],,
306,OHQ610,2,No,['In the past 12 months did a dentist hygienist or other dental professional have a direct conversation with {you/SP} about... ...the benefits of giving up cigarettes or other types of tobacco to improve {your/SPs} dental health?'],['Both males and females 16 YEARS - 150 YEARS'],[nan],,
307,OHQ610,7,Refused,['In the past 12 months did a dentist hygienist or other dental professional have a direct conversation with {you/SP} about... ...the benefits of giving up cigarettes or other types of tobacco to improve {your/SPs} dental health?'],['Both males and females 16 YEARS - 150 YEARS'],[nan],,
308,OHQ610,9,Don'T Know,['In the past 12 months did a dentist hygienist or other dental professional have a direct conversation with {you/SP} about... ...the benefits of giving up cigarettes or other types of tobacco to improve {your/SPs} dental health?'],['Both males and females 16 YEARS - 150 YEARS'],[nan],,
309,OHQ610,.,Missing,['In the past 12 months did a dentist hygienist or other dental professional have a direct conversation with {you/SP} about... ...the benefits of giving up cigarettes or other types of tobacco to improve {your/SPs} dental health?'],['Both males and females 16 YEARS - 150 YEARS'],[nan],,
310,OHQ612,1,Yes,['(In the past 12 months did a dentist hygienist or other dental professional have a direct conversation with {you/SP} about...) ... the dental health benefits of checking {your/his/her} blood sugar?'],['Both males and females 16 YEARS - 150 YEARS'],[nan],,
311,OHQ612,2,No,['(In the past 12 months did a dentist hygienist or other dental professional have a direct conversation with {you/SP} about...) ... the dental health benefits of checking {your/his/her} blood sugar?'],['Both males and females 16 YEARS - 150 YEARS'],[nan],,
312,OHQ612,7,Refused,['(In the past 12 months did a dentist hygienist or other dental professional have a direct conversation with {you/SP} about...) ... the dental health benefits of checking {your/his/her} blood sugar?'],['Both males and females 16 YEARS - 150 YEARS'],[nan],,
313,OHQ612,9,Don'T Know,['(In the past 12 months did a dentist hygienist or other dental professional have a direct conversation with {you/SP} about...) ... the dental health benefits of checking {your/his/her} blood sugar?'],['Both males and females 16 YEARS - 150 YEARS'],[nan],,
314,OHQ612,.,Missing,['(In the past 12 months did a dentist hygienist or other dental professional have a direct conversation with {you/SP} about...) ... the dental health benefits of checking {your/his/her} blood sugar?'],['Both males and females 16 YEARS - 150 YEARS'],[nan],,
315,OHQ614,1,Yes,['(In the past 12 months did a dentist hygienist or other dental professional have a direct conversation with {you/SP} about...) ...the importance of examining {your/his/her} mouth for oral cancer?'],['Both males and females 16 YEARS - 150 YEARS'],[nan],,
316,OHQ614,2,No,['(In the past 12 months did a dentist hygienist or other dental professional have a direct conversation with {you/SP} about...) ...the importance of examining {your/his/her} mouth for oral cancer?'],['Both males and females 16 YEARS - 150 YEARS'],[nan],,
317,OHQ614,7,Refused,['(In the past 12 months did a dentist hygienist or other dental professional have a direct conversation with {you/SP} about...) ...the importance of examining {your/his/her} mouth for oral cancer?'],['Both males and females 16 YEARS - 150 YEARS'],[nan],,
318,OHQ614,9,Don'T Know,['(In the past 12 months did a dentist hygienist or other dental professional have a direct conversation with {you/SP} about...) ...the importance of examining {your/his/her} mouth for oral cancer?'],['Both males and females 16 YEARS - 150 YEARS'],[nan],,
319,OHQ614,.,Missing,['(In the past 12 months did a dentist hygienist or other dental professional have a direct conversation with {you/SP} about...) ...the importance of examining {your/his/her} mouth for oral cancer?'],['Both males and females 16 YEARS - 150 YEARS'],[nan],,
320,OHQ616,,,[nan],['Both males and females 16 YEARS - 150 YEARS'],[nan],,
321,OHQ847,,,[nan],['Both males and females 1 YEARS - 150 YEARS'],[nan],,
322,OHQ880,1,Yes,['{Have you/Has SP} ever had an exam for oral cancer in which the doctor or dentist pulls on {your/his/her} tongue sometimes with gauze wrapped around it and feels under the tongue and inside the cheeks?'],['Both males and females 30 YEARS - 150 YEARS'],[nan],,
323,OHQ880,2,No,['{Have you/Has SP} ever had an exam for oral cancer in which the doctor or dentist pulls on {your/his/her} tongue sometimes with gauze wrapped around it and feels under the tongue and inside the cheeks?'],['Both males and females 30 YEARS - 150 YEARS'],[nan],,
324,OHQ880,7,Refused,['{Have you/Has SP} ever had an exam for oral cancer in which the doctor or dentist pulls on {your/his/her} tongue sometimes with gauze wrapped around it and feels under the tongue and inside the cheeks?'],['Both males and females 30 YEARS - 150 YEARS'],[nan],,
325,OHQ880,9,Don'T Know,['{Have you/Has SP} ever had an exam for oral cancer in which the doctor or dentist pulls on {your/his/her} tongue sometimes with gauze wrapped around it and feels under the tongue and inside the cheeks?'],['Both males and females 30 YEARS - 150 YEARS'],[nan],,
326,OHQ880,.,Missing,['{Have you/Has SP} ever had an exam for oral cancer in which the doctor or dentist pulls on {your/his/her} tongue sometimes with gauze wrapped around it and feels under the tongue and inside the cheeks?'],['Both males and females 30 YEARS - 150 YEARS'],[nan],,
327,OHQ885,1,Yes,['{Have you/Has SP} ever had an exam for oral cancer in which the doctor or dentist feels {your/his/her} neck?'],['Both males and females 30 YEARS - 150 YEARS'],[nan],,
328,OHQ885,2,No,['{Have you/Has SP} ever had an exam for oral cancer in which the doctor or dentist feels {your/his/her} neck?'],['Both males and females 30 YEARS - 150 YEARS'],[nan],,
329,OHQ885,7,Refused,['{Have you/Has SP} ever had an exam for oral cancer in which the doctor or dentist feels {your/his/her} neck?'],['Both males and females 30 YEARS - 150 YEARS'],[nan],,
330,OHQ885,9,Don'T Know,['{Have you/Has SP} ever had an exam for oral cancer in which the doctor or dentist feels {your/his/her} neck?'],['Both males and females 30 YEARS - 150 YEARS'],[nan],,
331,OHQ885,.,Missing,['{Have you/Has SP} ever had an exam for oral cancer in which the doctor or dentist feels {your/his/her} neck?'],['Both males and females 30 YEARS - 150 YEARS'],[nan],,
332,OHQ890,,,[nan],['Both males and females 30 YEARS - 150 YEARS'],[nan],,
333,OHQ895,1,Within Past Year,['When did {you/SP} have {your/his/her} most recent oral or mouth cancer exam? Was it within the past year between 1 and 3 years ago or over 3 years ago?'],['Both males and females 30 YEARS - 150 YEARS'],[nan],,
334,OHQ895,2,Between 1 And 3 Years Ago,['When did {you/SP} have {your/his/her} most recent oral or mouth cancer exam? Was it within the past year between 1 and 3 years ago or over 3 years ago?'],['Both males and females 30 YEARS - 150 YEARS'],[nan],,
335,OHQ895,3,Over 3 Years Ago,['When did {you/SP} have {your/his/her} most recent oral or mouth cancer exam? Was it within the past year between 1 and 3 years ago or over 3 years ago?'],['Both males and females 30 YEARS - 150 YEARS'],[nan],,
336,OHQ895,7,Refused,['When did {you/SP} have {your/his/her} most recent oral or mouth cancer exam? Was it within the past year between 1 and 3 years ago or over 3 years ago?'],['Both males and females 30 YEARS - 150 YEARS'],[nan],,
337,OHQ895,9,Don'T Know,['When did {you/SP} have {your/his/her} most recent oral or mouth cancer exam? Was it within the past year between 1 and 3 years ago or over 3 years ago?'],['Both males and females 30 YEARS - 150 YEARS'],[nan],,
338,OHQ895,.,Missing,['When did {you/SP} have {your/his/her} most recent oral or mouth cancer exam? Was it within the past year between 1 and 3 years ago or over 3 years ago?'],['Both males and females 30 YEARS - 150 YEARS'],[nan],,
339,OHQ900,1,Doctor/Physician,['What type of health care professional performed {your/SPs} most recent oral cancer exam?'],['Both males and females 30 YEARS - 150 YEARS'],[nan],,
340,OHQ900,2,Nurse/Nurse Practitioner,['What type of health care professional performed {your/SPs} most recent oral cancer exam?'],['Both males and females 30 YEARS - 150 YEARS'],[nan],,
341,OHQ900,3,Dentist (Include Oral Surgeons),['What type of health care professional performed {your/SPs} most recent oral cancer exam?'],['Both males and females 30 YEARS - 150 YEARS'],[nan],,
342,OHQ900,4,Dental Hygienist,['What type of health care professional performed {your/SPs} most recent oral cancer exam?'],['Both males and females 30 YEARS - 150 YEARS'],[nan],,
343,OHQ900,5,Other,['What type of health care professional performed {your/SPs} most recent oral cancer exam?'],['Both males and females 30 YEARS - 150 YEARS'],[nan],,
344,OHQ900,7,Refused,['What type of health care professional performed {your/SPs} most recent oral cancer exam?'],['Both males and females 30 YEARS - 150 YEARS'],[nan],,
345,OHQ900,9,Don'T Know,['What type of health care professional performed {your/SPs} most recent oral cancer exam?'],['Both males and females 30 YEARS - 150 YEARS'],[nan],,
346,OHQ900,.,Missing,['What type of health care professional performed {your/SPs} most recent oral cancer exam?'],['Both males and females 30 YEARS - 150 YEARS'],[nan],,
347,OHQ550,,,[nan],['Both males and females 1 YEARS - 150 YEARS'],[nan],,
348,OHQ555G,1,Enter Age,['We would like you to think of the time when {SP} started brushing {his/her} teeth either with your help or alone. At what age did {SP} start brushing {his/her} teeth?'],['Both males and females 3 YEARS - 15 YEARS'],[nan],,
349,OHQ555G,2,Has Not Started Brushing Teeth,['We would like you to think of the time when {SP} started brushing {his/her} teeth either with your help or alone. At what age did {SP} start brushing {his/her} teeth?'],['Both males and females 3 YEARS - 15 YEARS'],[nan],,
350,OHQ555G,7,Refused,['We would like you to think of the time when {SP} started brushing {his/her} teeth either with your help or alone. At what age did {SP} start brushing {his/her} teeth?'],['Both males and females 3 YEARS - 15 YEARS'],[nan],,
351,OHQ555G,9,Don'T Know,['We would like you to think of the time when {SP} started brushing {his/her} teeth either with your help or alone. At what age did {SP} start brushing {his/her} teeth?'],['Both males and females 3 YEARS - 15 YEARS'],[nan],,
352,OHQ555G,.,Missing,['We would like you to think of the time when {SP} started brushing {his/her} teeth either with your help or alone. At what age did {SP} start brushing {his/her} teeth?'],['Both males and females 3 YEARS - 15 YEARS'],[nan],,
353,OHQ555Q,1 To 40,Range Of Values,['We would like you to think of the time when {SP} started brushing {his/her} teeth either with your help or alone. At what age did {SP} start brushing {his/her} teeth?'],['Both males and females 3 YEARS - 15 YEARS'],[nan],,
354,OHQ555Q,7777,Refused,['We would like you to think of the time when {SP} started brushing {his/her} teeth either with your help or alone. At what age did {SP} start brushing {his/her} teeth?'],['Both males and females 3 YEARS - 15 YEARS'],[nan],,
355,OHQ555Q,9999,Don'T Know,['We would like you to think of the time when {SP} started brushing {his/her} teeth either with your help or alone. At what age did {SP} start brushing {his/her} teeth?'],['Both males and females 3 YEARS - 15 YEARS'],[nan],,
356,OHQ555Q,.,Missing,['We would like you to think of the time when {SP} started brushing {his/her} teeth either with your help or alone. At what age did {SP} start brushing {his/her} teeth?'],['Both males and females 3 YEARS - 15 YEARS'],[nan],,
357,OHQ555Q,1 To 36,Range Of Values,['We would like you to think of the time when {SP} started brushing {his/her} teeth either with your help or alone. At what age did {SP} start brushing {his/her} teeth?'],['Both males and females 3 YEARS - 15 YEARS'],[nan],,
358,OHQ555Q,1 To 54,Range Of Values,['We would like you to think of the time when {SP} started brushing {his/her} teeth either with your help or alone. At what age did {SP} start brushing {his/her} teeth?'],['Both males and females 3 YEARS - 15 YEARS'],[nan],,
359,OHQ555Q,0 To 54,Range Of Values,['We would like you to think of the time when {SP} started brushing {his/her} teeth either with your help or alone. At what age did {SP} start brushing {his/her} teeth?'],['Both males and females 3 YEARS - 15 YEARS'],[nan],,
360,OHQ555U,1,Months,['We would like you to think of the time when {SP} started brushing {his/her} teeth either with your help or alone. At what age did {SP} start brushing {his/her} teeth?'],['Both males and females 3 YEARS - 15 YEARS'],[nan],,
361,OHQ555U,2,Years,['We would like you to think of the time when {SP} started brushing {his/her} teeth either with your help or alone. At what age did {SP} start brushing {his/her} teeth?'],['Both males and females 3 YEARS - 15 YEARS'],[nan],,
362,OHQ555U,.,Missing,['We would like you to think of the time when {SP} started brushing {his/her} teeth either with your help or alone. At what age did {SP} start brushing {his/her} teeth?'],['Both males and females 3 YEARS - 15 YEARS'],[nan],,
363,OHQ560G,1,Enter Age,['At what age did {SP} start using toothpaste?'],['Both males and females 3 YEARS - 15 YEARS'],[nan],,
364,OHQ560G,2,Has Not Started Brushing Teeth,['At what age did {SP} start using toothpaste?'],['Both males and females 3 YEARS - 15 YEARS'],[nan],,
365,OHQ560G,7,Refused,['At what age did {SP} start using toothpaste?'],['Both males and females 3 YEARS - 15 YEARS'],[nan],,
366,OHQ560G,9,Don'T Know,['At what age did {SP} start using toothpaste?'],['Both males and females 3 YEARS - 15 YEARS'],[nan],,
367,OHQ560G,.,Missing,['At what age did {SP} start using toothpaste?'],['Both males and females 3 YEARS - 15 YEARS'],[nan],,
368,OHQ560Q,1 To 40,Range Of Values,['At what age did {SP} start using toothpaste?'],['Both males and females 3 YEARS - 15 YEARS'],[nan],,
369,OHQ560Q,7777,Refused,['At what age did {SP} start using toothpaste?'],['Both males and females 3 YEARS - 15 YEARS'],[nan],,
370,OHQ560Q,9999,Don'T Know,['At what age did {SP} start using toothpaste?'],['Both males and females 3 YEARS - 15 YEARS'],[nan],,
371,OHQ560Q,.,Missing,['At what age did {SP} start using toothpaste?'],['Both males and females 3 YEARS - 15 YEARS'],[nan],,
372,OHQ560Q,1 To 61,Range Of Values,['At what age did {SP} start using toothpaste?'],['Both males and females 3 YEARS - 15 YEARS'],[nan],,
373,OHQ560Q,1 To 66,Range Of Values,['At what age did {SP} start using toothpaste?'],['Both males and females 3 YEARS - 15 YEARS'],[nan],,
374,OHQ560U,1,Months,['At what age did {SP} start using toothpaste?'],['Both males and females 3 YEARS - 15 YEARS'],[nan],,
375,OHQ560U,2,Years,['At what age did {SP} start using toothpaste?'],['Both males and females 3 YEARS - 15 YEARS'],[nan],,
376,OHQ560U,.,Missing,['At what age did {SP} start using toothpaste?'],['Both males and females 3 YEARS - 15 YEARS'],[nan],,
377,OHQ565,1,Yes,['Has {SP} ever received prescription fluoride drops?'],['Both males and females 3 YEARS - 15 YEARS'],[nan],,
378,OHQ565,2,No,['Has {SP} ever received prescription fluoride drops?'],['Both males and females 3 YEARS - 15 YEARS'],[nan],,
379,OHQ565,7,Refused,['Has {SP} ever received prescription fluoride drops?'],['Both males and females 3 YEARS - 15 YEARS'],[nan],,
380,OHQ565,9,Don'T Know,['Has {SP} ever received prescription fluoride drops?'],['Both males and females 3 YEARS - 15 YEARS'],[nan],,
381,OHQ565,.,Missing,['Has {SP} ever received prescription fluoride drops?'],['Both males and females 3 YEARS - 15 YEARS'],[nan],,
382,OHQ570Q,1 To 24,Range Of Values,['How old in months or years was {SP} when {he/she} started taking prescription fluoride drops?'],['Both males and females 3 YEARS - 15 YEARS'],[nan],,
383,OHQ570Q,7777,Refused,['How old in months or years was {SP} when {he/she} started taking prescription fluoride drops?'],['Both males and females 3 YEARS - 15 YEARS'],[nan],,
384,OHQ570Q,9999,Don'T Know,['How old in months or years was {SP} when {he/she} started taking prescription fluoride drops?'],['Both males and females 3 YEARS - 15 YEARS'],[nan],,
385,OHQ570Q,.,Missing,['How old in months or years was {SP} when {he/she} started taking prescription fluoride drops?'],['Both males and females 3 YEARS - 15 YEARS'],[nan],,
386,OHQ570U,1,Months,['How old in months or years was {SP} when {he/she} started taking prescription fluoride drops?'],['Both males and females 3 YEARS - 15 YEARS'],[nan],,
387,OHQ570U,2,Years,['How old in months or years was {SP} when {he/she} started taking prescription fluoride drops?'],['Both males and females 3 YEARS - 15 YEARS'],[nan],,
388,OHQ570U,.,Missing,['How old in months or years was {SP} when {he/she} started taking prescription fluoride drops?'],['Both males and females 3 YEARS - 15 YEARS'],[nan],,
389,OHQ575G,1,Enter Age,['How old in months or years was {SP} when {he/she} stopped taking prescription fluoride drops?'],['Both males and females 3 YEARS - 15 YEARS'],[nan],,
390,OHQ575G,2,Still Taking Fluoride Drops,['How old in months or years was {SP} when {he/she} stopped taking prescription fluoride drops?'],['Both males and females 3 YEARS - 15 YEARS'],[nan],,
391,OHQ575G,7,Refused,['How old in months or years was {SP} when {he/she} stopped taking prescription fluoride drops?'],['Both males and females 3 YEARS - 15 YEARS'],[nan],,
392,OHQ575G,9,Don'T Know,['How old in months or years was {SP} when {he/she} stopped taking prescription fluoride drops?'],['Both males and females 3 YEARS - 15 YEARS'],[nan],,
393,OHQ575G,.,Missing,['How old in months or years was {SP} when {he/she} stopped taking prescription fluoride drops?'],['Both males and females 3 YEARS - 15 YEARS'],[nan],,
394,OHQ575Q,1 To 30,Range Of Values,['How old in months or years was {SP} when {he/she} stopped taking prescription fluoride drops?'],['Both males and females 3 YEARS - 15 YEARS'],[nan],,
395,OHQ575Q,7777,Refused,['How old in months or years was {SP} when {he/she} stopped taking prescription fluoride drops?'],['Both males and females 3 YEARS - 15 YEARS'],[nan],,
396,OHQ575Q,9999,Don'T Know,['How old in months or years was {SP} when {he/she} stopped taking prescription fluoride drops?'],['Both males and females 3 YEARS - 15 YEARS'],[nan],,
397,OHQ575Q,.,Missing,['How old in months or years was {SP} when {he/she} stopped taking prescription fluoride drops?'],['Both males and females 3 YEARS - 15 YEARS'],[nan],,
398,OHQ575U,1,Months,['How old in months or years was {SP} when {he/she} stopped taking prescription fluoride drops?'],['Both males and females 3 YEARS - 15 YEARS'],[nan],,
399,OHQ575U,2,Years,['How old in months or years was {SP} when {he/she} stopped taking prescription fluoride drops?'],['Both males and females 3 YEARS - 15 YEARS'],[nan],,
400,OHQ575U,.,Missing,['How old in months or years was {SP} when {he/she} stopped taking prescription fluoride drops?'],['Both males and females 3 YEARS - 15 YEARS'],[nan],,
401,OHQ580,1,Yes,['Has {SP} ever received prescription fluoride tablets?'],['Both males and females 3 YEARS - 15 YEARS'],[nan],,
402,OHQ580,2,No,['Has {SP} ever received prescription fluoride tablets?'],['Both males and females 3 YEARS - 15 YEARS'],[nan],,
403,OHQ580,7,Refused,['Has {SP} ever received prescription fluoride tablets?'],['Both males and females 3 YEARS - 15 YEARS'],[nan],,
404,OHQ580,9,Don'T Know,['Has {SP} ever received prescription fluoride tablets?'],['Both males and females 3 YEARS - 15 YEARS'],[nan],,
405,OHQ580,.,Missing,['Has {SP} ever received prescription fluoride tablets?'],['Both males and females 3 YEARS - 15 YEARS'],[nan],,
406,OHQ585Q,1 To 40,Range Of Values,['How old in months or years was {SP} when {he/she} started taking prescription fluoride tablets?'],['Both males and females 3 YEARS - 15 YEARS'],[nan],,
407,OHQ585Q,7777,Refused,['How old in months or years was {SP} when {he/she} started taking prescription fluoride tablets?'],['Both males and females 3 YEARS - 15 YEARS'],[nan],,
408,OHQ585Q,9999,Don'T Know,['How old in months or years was {SP} when {he/she} started taking prescription fluoride tablets?'],['Both males and females 3 YEARS - 15 YEARS'],[nan],,
409,OHQ585Q,.,Missing,['How old in months or years was {SP} when {he/she} started taking prescription fluoride tablets?'],['Both males and females 3 YEARS - 15 YEARS'],[nan],,
410,OHQ585U,1,Months,['How old in months or years was {SP} when {he/she} started taking prescription fluoride tablets?'],['Both males and females 3 YEARS - 15 YEARS'],[nan],,
411,OHQ585U,2,Years,['How old in months or years was {SP} when {he/she} started taking prescription fluoride tablets?'],['Both males and females 3 YEARS - 15 YEARS'],[nan],,
412,OHQ585U,.,Missing,['How old in months or years was {SP} when {he/she} started taking prescription fluoride tablets?'],['Both males and females 3 YEARS - 15 YEARS'],[nan],,
413,OHQ590G,1,Enter Age,['How old in months or years was {SP} when {he/she} stopped taking prescription fluoride tablets?'],['Both males and females 3 YEARS - 15 YEARS'],[nan],,
414,OHQ590G,2,Still Taking Fluoride Tablets,['How old in months or years was {SP} when {he/she} stopped taking prescription fluoride tablets?'],['Both males and females 3 YEARS - 15 YEARS'],[nan],,
415,OHQ590G,7,Refused,['How old in months or years was {SP} when {he/she} stopped taking prescription fluoride tablets?'],['Both males and females 3 YEARS - 15 YEARS'],[nan],,
416,OHQ590G,9,Don'T Know,['How old in months or years was {SP} when {he/she} stopped taking prescription fluoride tablets?'],['Both males and females 3 YEARS - 15 YEARS'],[nan],,
417,OHQ590G,.,Missing,['How old in months or years was {SP} when {he/she} stopped taking prescription fluoride tablets?'],['Both males and females 3 YEARS - 15 YEARS'],[nan],,
418,OHQ590Q,3 To 30,Range Of Values,['How old in months or years was {SP} when {he/she} stopped taking prescription fluoride tablets?'],['Both males and females 3 YEARS - 15 YEARS'],[nan],,
419,OHQ590Q,7777,Refused,['How old in months or years was {SP} when {he/she} stopped taking prescription fluoride tablets?'],['Both males and females 3 YEARS - 15 YEARS'],[nan],,
420,OHQ590Q,9999,Don'T Know,['How old in months or years was {SP} when {he/she} stopped taking prescription fluoride tablets?'],['Both males and females 3 YEARS - 15 YEARS'],[nan],,
421,OHQ590Q,.,Missing,['How old in months or years was {SP} when {he/she} stopped taking prescription fluoride tablets?'],['Both males and females 3 YEARS - 15 YEARS'],[nan],,
422,OHQ590U,1,Months,['How old in months or years was {SP} when {he/she} stopped taking prescription fluoride tablets?'],['Both males and females 3 YEARS - 15 YEARS'],[nan],,
423,OHQ590U,2,Years,['How old in months or years was {SP} when {he/she} stopped taking prescription fluoride tablets?'],['Both males and females 3 YEARS - 15 YEARS'],[nan],,
424,OHQ590U,.,Missing,['How old in months or years was {SP} when {he/she} stopped taking prescription fluoride tablets?'],['Both males and females 3 YEARS - 15 YEARS'],[nan],,
425,OHQ592,,,[nan],['Both males and females 3 YEARS - 150 YEARS'],[nan],,
426,OHQ846,,,[nan],['Both males and females 1 YEARS - 150 YEARS'],[nan],,
427,OHQ848G,1,Enter Number,['How many times {do you/does SP} brush (your/his/her} teeth in one day?'],['Both males and females 3 YEARS - 19 YEARS'],[nan],,
428,OHQ848G,2,Child Does Not Brush Yet,['How many times {do you/does SP} brush (your/his/her} teeth in one day?'],['Both males and females 3 YEARS - 19 YEARS'],[nan],,
429,OHQ848G,3,Does Not Brush Every Day,['How many times {do you/does SP} brush (your/his/her} teeth in one day?'],['Both males and females 3 YEARS - 19 YEARS'],[nan],,
430,OHQ848G,7,Refused,['How many times {do you/does SP} brush (your/his/her} teeth in one day?'],['Both males and females 3 YEARS - 19 YEARS'],[nan],,
431,OHQ848G,9,Don'T Know,['How many times {do you/does SP} brush (your/his/her} teeth in one day?'],['Both males and females 3 YEARS - 19 YEARS'],[nan],,
432,OHQ848G,.,Missing,['How many times {do you/does SP} brush (your/his/her} teeth in one day?'],['Both males and females 3 YEARS - 19 YEARS'],[nan],,
433,OHQ848Q,1,1 Time,['How many times {do you/does SP} brush (your/his/her} teeth in one day?'],['Both males and females 3 YEARS - 19 YEARS'],[nan],,
434,OHQ848Q,0,0,['How many times {do you/does SP} brush (your/his/her} teeth in one day?'],['Both males and females 3 YEARS - 19 YEARS'],[nan],,
435,OHQ848Q,2,2 Times,['How many times {do you/does SP} brush (your/his/her} teeth in one day?'],['Both males and females 3 YEARS - 19 YEARS'],[nan],,
436,OHQ848Q,3,3 Times,['How many times {do you/does SP} brush (your/his/her} teeth in one day?'],['Both males and females 3 YEARS - 19 YEARS'],[nan],,
437,OHQ848Q,4,4 Times,['How many times {do you/does SP} brush (your/his/her} teeth in one day?'],['Both males and females 3 YEARS - 19 YEARS'],[nan],,
438,OHQ848Q,5,5 Times,['How many times {do you/does SP} brush (your/his/her} teeth in one day?'],['Both males and females 3 YEARS - 19 YEARS'],[nan],,
439,OHQ848Q,6,6 Times,['How many times {do you/does SP} brush (your/his/her} teeth in one day?'],['Both males and females 3 YEARS - 19 YEARS'],[nan],,
440,OHQ848Q,7,7 Times,['How many times {do you/does SP} brush (your/his/her} teeth in one day?'],['Both males and females 3 YEARS - 19 YEARS'],[nan],,
441,OHQ848Q,8,8 Times,['How many times {do you/does SP} brush (your/his/her} teeth in one day?'],['Both males and females 3 YEARS - 19 YEARS'],[nan],,
442,OHQ848Q,9,9 Or More Times,['How many times {do you/does SP} brush (your/his/her} teeth in one day?'],['Both males and females 3 YEARS - 19 YEARS'],[nan],,
443,OHQ848Q,77,Refused,['How many times {do you/does SP} brush (your/his/her} teeth in one day?'],['Both males and females 3 YEARS - 19 YEARS'],[nan],,
444,OHQ848Q,99,Don'T Know,['How many times {do you/does SP} brush (your/his/her} teeth in one day?'],['Both males and females 3 YEARS - 19 YEARS'],[nan],,
445,OHQ848Q,.,Missing,['How many times {do you/does SP} brush (your/his/her} teeth in one day?'],['Both males and females 3 YEARS - 19 YEARS'],[nan],,
446,OHQ849,1,Full Load,['On average how much toothpaste {do you/does SP} use when brushing {your/his/her} teeth?'],['Both males and females 3 YEARS - 19 YEARS'],[nan],,
447,OHQ849,2,Half Load,['On average how much toothpaste {do you/does SP} use when brushing {your/his/her} teeth?'],['Both males and females 3 YEARS - 19 YEARS'],[nan],,
448,OHQ849,3,Pea Size,['On average how much toothpaste {do you/does SP} use when brushing {your/his/her} teeth?'],['Both males and females 3 YEARS - 19 YEARS'],[nan],,
449,OHQ849,4,Smear,['On average how much toothpaste {do you/does SP} use when brushing {your/his/her} teeth?'],['Both males and females 3 YEARS - 19 YEARS'],[nan],,
450,OHQ849,7,Refused,['On average how much toothpaste {do you/does SP} use when brushing {your/his/her} teeth?'],['Both males and females 3 YEARS - 19 YEARS'],[nan],,
451,OHQ849,9,Don'T Know,['On average how much toothpaste {do you/does SP} use when brushing {your/his/her} teeth?'],['Both males and females 3 YEARS - 19 YEARS'],[nan],,
452,OHQ849,.,Missing,['On average how much toothpaste {do you/does SP} use when brushing {your/his/her} teeth?'],['Both males and females 3 YEARS - 19 YEARS'],[nan],,
453,OHQ566,1,Yes,['Has {SP} ever received prescription fluoride drops or fluoride tablets?'],['Both males and females 3 YEARS - 15 YEARS'],[nan],,
454,OHQ566,2,No,['Has {SP} ever received prescription fluoride drops or fluoride tablets?'],['Both males and females 3 YEARS - 15 YEARS'],[nan],,
455,OHQ566,7,Refused,['Has {SP} ever received prescription fluoride drops or fluoride tablets?'],['Both males and females 3 YEARS - 15 YEARS'],[nan],,
456,OHQ566,9,Don'T Know,['Has {SP} ever received prescription fluoride drops or fluoride tablets?'],['Both males and females 3 YEARS - 15 YEARS'],[nan],,
457,OHQ566,.,Missing,['Has {SP} ever received prescription fluoride drops or fluoride tablets?'],['Both males and females 3 YEARS - 15 YEARS'],[nan],,
458,OHQ571Q,1 To 30,Range Of Values,['How old in months or years was {SP} when {he/she} started taking prescription fluoride drops or fluoride tablets?'],['Both males and females 3 YEARS - 15 YEARS'],[nan],,
459,OHQ571Q,7777,Refused,['How old in months or years was {SP} when {he/she} started taking prescription fluoride drops or fluoride tablets?'],['Both males and females 3 YEARS - 15 YEARS'],[nan],,
460,OHQ571Q,9999,Don'T Know,['How old in months or years was {SP} when {he/she} started taking prescription fluoride drops or fluoride tablets?'],['Both males and females 3 YEARS - 15 YEARS'],[nan],,
461,OHQ571Q,.,Missing,['How old in months or years was {SP} when {he/she} started taking prescription fluoride drops or fluoride tablets?'],['Both males and females 3 YEARS - 15 YEARS'],[nan],,
462,OHQ571Q,0 To 36,Range Of Values,['How old in months or years was {SP} when {he/she} started taking prescription fluoride drops or fluoride tablets?'],['Both males and females 3 YEARS - 15 YEARS'],[nan],,
463,OHQ571U,1,Month,['How old in months or years was {SP} when {he/she} started taking prescription fluoride drops or fluoride tablets?'],['Both males and females 3 YEARS - 15 YEARS'],[nan],,
464,OHQ571U,2,Years,['How old in months or years was {SP} when {he/she} started taking prescription fluoride drops or fluoride tablets?'],['Both males and females 3 YEARS - 15 YEARS'],[nan],,
465,OHQ571U,.,Missing,['How old in months or years was {SP} when {he/she} started taking prescription fluoride drops or fluoride tablets?'],['Both males and females 3 YEARS - 15 YEARS'],[nan],,
466,OHQ576G,1,Age,['How old in months or years was {SP} when {he/she} stopped taking prescription fluoride drops or fluoride tablets?'],['Both males and females 3 YEARS - 15 YEARS'],[nan],,
467,OHQ576G,2,Still Taking Fluoride Drops Or Tablets,['How old in months or years was {SP} when {he/she} stopped taking prescription fluoride drops or fluoride tablets?'],['Both males and females 3 YEARS - 15 YEARS'],[nan],,
468,OHQ576G,7,Refused,['How old in months or years was {SP} when {he/she} stopped taking prescription fluoride drops or fluoride tablets?'],['Both males and females 3 YEARS - 15 YEARS'],[nan],,
469,OHQ576G,9,Don'T Know,['How old in months or years was {SP} when {he/she} stopped taking prescription fluoride drops or fluoride tablets?'],['Both males and females 3 YEARS - 15 YEARS'],[nan],,
470,OHQ576G,.,Missing,['How old in months or years was {SP} when {he/she} stopped taking prescription fluoride drops or fluoride tablets?'],['Both males and females 3 YEARS - 15 YEARS'],[nan],,
471,OHQ576Q,1 To 66,Range Of Values,['How old in months or years was {SP} when {he/she} stopped taking prescription fluoride drops or fluoride tablets?'],['Both males and females 3 YEARS - 15 YEARS'],[nan],,
472,OHQ576Q,7777,Refused,['How old in months or years was {SP} when {he/she} stopped taking prescription fluoride drops or fluoride tablets?'],['Both males and females 3 YEARS - 15 YEARS'],[nan],,
473,OHQ576Q,9999,Don'T Know,['How old in months or years was {SP} when {he/she} stopped taking prescription fluoride drops or fluoride tablets?'],['Both males and females 3 YEARS - 15 YEARS'],[nan],,
474,OHQ576Q,.,Missing,['How old in months or years was {SP} when {he/she} stopped taking prescription fluoride drops or fluoride tablets?'],['Both males and females 3 YEARS - 15 YEARS'],[nan],,
475,OHQ576Q,0 To 78,Range Of Values,['How old in months or years was {SP} when {he/she} stopped taking prescription fluoride drops or fluoride tablets?'],['Both males and females 3 YEARS - 15 YEARS'],[nan],,
476,OHQ576U,1,Months,['How old in months or years was {SP} when {he/she} stopped taking prescription fluoride drops or fluoride tablets?'],['Both males and females 3 YEARS - 15 YEARS'],[nan],,
477,OHQ576U,2,Years,['How old in months or years was {SP} when {he/she} stopped taking prescription fluoride drops or fluoride tablets?'],['Both males and females 3 YEARS - 15 YEARS'],[nan],,
478,OHQ576U,.,Missing,['How old in months or years was {SP} when {he/she} stopped taking prescription fluoride drops or fluoride tablets?'],['Both males and females 3 YEARS - 15 YEARS'],[nan],,
479,OHQ080,1,Yes,['{Do you/Does SP} sip liquids to aid in swallowing any foods?'],['Both males and females 40 YEARS - 120 YEARS'],[nan],,
480,OHQ080,2,No,['{Do you/Does SP} sip liquids to aid in swallowing any foods?'],['Both males and females 40 YEARS - 120 YEARS'],[nan],,
481,OHQ080,7,Refused,['{Do you/Does SP} sip liquids to aid in swallowing any foods?'],['Both males and females 40 YEARS - 120 YEARS'],[nan],,
482,OHQ080,9,Don'T Know,['{Do you/Does SP} sip liquids to aid in swallowing any foods?'],['Both males and females 40 YEARS - 120 YEARS'],[nan],,
483,OHQ080,.,Missing,['{Do you/Does SP} sip liquids to aid in swallowing any foods?'],['Both males and females 40 YEARS - 120 YEARS'],[nan],,
484,OHQ090,1,Too Little,['Does the amount of saliva in {your/SPs} mouth seem to be too little too much or {do you/does s/he} not notice it?'],['Both males and females 40 YEARS - 120 YEARS'],[nan],,
485,OHQ090,2,Too Much,['Does the amount of saliva in {your/SPs} mouth seem to be too little too much or {do you/does s/he} not notice it?'],['Both males and females 40 YEARS - 120 YEARS'],[nan],,
486,OHQ090,3,Doesn'T Notice It,['Does the amount of saliva in {your/SPs} mouth seem to be too little too much or {do you/does s/he} not notice it?'],['Both males and females 40 YEARS - 120 YEARS'],[nan],,
487,OHQ090,7,Refused,['Does the amount of saliva in {your/SPs} mouth seem to be too little too much or {do you/does s/he} not notice it?'],['Both males and females 40 YEARS - 120 YEARS'],[nan],,
488,OHQ090,9,Don'T Know,['Does the amount of saliva in {your/SPs} mouth seem to be too little too much or {do you/does s/he} not notice it?'],['Both males and females 40 YEARS - 120 YEARS'],[nan],,
489,OHQ090,.,Missing,['Does the amount of saliva in {your/SPs} mouth seem to be too little too much or {do you/does s/he} not notice it?'],['Both males and females 40 YEARS - 120 YEARS'],[nan],,
490,OHQ100,1,Yes,['{Do you/Does SP} have difficulties swallowing any foods?'],['Both males and females 40 YEARS - 120 YEARS'],[nan],,
491,OHQ100,2,No,['{Do you/Does SP} have difficulties swallowing any foods?'],['Both males and females 40 YEARS - 120 YEARS'],[nan],,
492,OHQ100,7,Refused,['{Do you/Does SP} have difficulties swallowing any foods?'],['Both males and females 40 YEARS - 120 YEARS'],[nan],,
493,OHQ100,9,Don'T Know,['{Do you/Does SP} have difficulties swallowing any foods?'],['Both males and females 40 YEARS - 120 YEARS'],[nan],,
494,OHQ100,.,Missing,['{Do you/Does SP} have difficulties swallowing any foods?'],['Both males and females 40 YEARS - 120 YEARS'],[nan],,
495,OHQ110,1,Yes,['Does {your/SPs} mouth feel dry when {you/s/he} eat{s} a meal?'],['Both males and females 40 YEARS - 120 YEARS'],[nan],,
496,OHQ110,2,No,['Does {your/SPs} mouth feel dry when {you/s/he} eat{s} a meal?'],['Both males and females 40 YEARS - 120 YEARS'],[nan],,
497,OHQ110,7,Refused,['Does {your/SPs} mouth feel dry when {you/s/he} eat{s} a meal?'],['Both males and females 40 YEARS - 120 YEARS'],[nan],,
498,OHQ110,9,Don'T Know,['Does {your/SPs} mouth feel dry when {you/s/he} eat{s} a meal?'],['Both males and females 40 YEARS - 120 YEARS'],[nan],,
499,OHQ110,.,Missing,['Does {your/SPs} mouth feel dry when {you/s/he} eat{s} a meal?'],['Both males and females 40 YEARS - 120 YEARS'],[nan],,
