,Column,Code,Label,English_Text,Target,English_Instructions,Class,Other For
0,SEQN,,,['Respondent sequence number.'],"['Both males and females 20 YEARS - 59 YEARS', 'Both males and females 20 YEARS - 69 YEARS', 'Both males and females 18 YEARS - 69 YEARS']",[nan],,
1,SXQ020,1,Yes,['The next set of questions is about your sexual behavior. By sex we mean vaginal oral or anal sex. Please remember that your answers are strictly confidential. Have you ever had sex?'],['Both males and females 20 YEARS - 59 YEARS'],[nan],,
2,SXQ020,2,No,['The next set of questions is about your sexual behavior. By sex we mean vaginal oral or anal sex. Please remember that your answers are strictly confidential. Have you ever had sex?'],['Both males and females 20 YEARS - 59 YEARS'],[nan],,
3,SXQ020,7,Refused,['The next set of questions is about your sexual behavior. By sex we mean vaginal oral or anal sex. Please remember that your answers are strictly confidential. Have you ever had sex?'],['Both males and females 20 YEARS - 59 YEARS'],[nan],,
4,SXQ020,9,Don'T Know,['The next set of questions is about your sexual behavior. By sex we mean vaginal oral or anal sex. Please remember that your answers are strictly confidential. Have you ever had sex?'],['Both males and females 20 YEARS - 59 YEARS'],[nan],,
5,SXQ020,.,Missing,['The next set of questions is about your sexual behavior. By sex we mean vaginal oral or anal sex. Please remember that your answers are strictly confidential. Have you ever had sex?'],['Both males and females 20 YEARS - 59 YEARS'],[nan],,
6,SXD030,10 To 40,Range Of Values,['How old were you when you had sex for the first time?'],['Both males and females 20 YEARS - 59 YEARS'],[nan],,
7,SXD030,9,9 Or Fewer,['How old were you when you had sex for the first time?'],['Both males and females 20 YEARS - 59 YEARS'],[nan],,
8,SXD030,777,Refused,['How old were you when you had sex for the first time?'],['Both males and females 20 YEARS - 59 YEARS'],[nan],,
9,SXD030,999,Don'T Know,['How old were you when you had sex for the first time?'],['Both males and females 20 YEARS - 59 YEARS'],[nan],,
10,SXD030,.,Missing,['How old were you when you had sex for the first time?'],['Both males and females 20 YEARS - 59 YEARS'],[nan],,
11,SXD030,10 To 37,Range Of Values,['How old were you when you had sex for the first time?'],['Both males and females 20 YEARS - 59 YEARS'],[nan],,
12,SXD030,9,9 Or Younger,['How old were you when you had sex for the first time?'],['Both males and females 20 YEARS - 59 YEARS'],[nan],,
13,SXD030,10 To 44,Range Of Values,['How old were you when you had sex for the first time?'],['Both males and females 20 YEARS - 59 YEARS'],[nan],,
14,SXD030,1,Less Than 10 Years Of Age,['How old were you when you had sex for the first time?'],['Both males and females 20 YEARS - 59 YEARS'],[nan],,
15,SXQ100,0 To 222,Range Of Values,['In your lifetime with how many men have you had sex?'],['Females only 20 YEARS - 59 YEARS'],[nan],,
16,SXQ100,77777,Refused,['In your lifetime with how many men have you had sex?'],['Females only 20 YEARS - 59 YEARS'],[nan],,
17,SXQ100,99999,Don'T Know,['In your lifetime with how many men have you had sex?'],['Females only 20 YEARS - 59 YEARS'],[nan],,
18,SXQ100,.,Missing,['In your lifetime with how many men have you had sex?'],['Females only 20 YEARS - 59 YEARS'],[nan],,
19,SXQ100,0 To 2000,Range Of Values,['In your lifetime with how many men have you had sex?'],['Females only 20 YEARS - 59 YEARS'],[nan],,
20,SXQ100,0 To 999,Range Of Values,['In your lifetime with how many men have you had sex?'],['Females only 20 YEARS - 59 YEARS'],[nan],,
21,SXQ120,0 To 85,Range Of Values,['In the past 12 months with how many men have you had sex?'],['Females only 20 YEARS - 59 YEARS'],[nan],,
22,SXQ120,77777,Refused,['In the past 12 months with how many men have you had sex?'],['Females only 20 YEARS - 59 YEARS'],[nan],,
23,SXQ120,99999,Don'T Know,['In the past 12 months with how many men have you had sex?'],['Females only 20 YEARS - 59 YEARS'],[nan],,
24,SXQ120,.,Missing,['In the past 12 months with how many men have you had sex?'],['Females only 20 YEARS - 59 YEARS'],[nan],,
25,SXQ120,0 To 43,Range Of Values,['In the past 12 months with how many men have you had sex?'],['Females only 20 YEARS - 59 YEARS'],[nan],,
26,SXQ120,0 To 255,Range Of Values,['In the past 12 months with how many men have you had sex?'],['Females only 20 YEARS - 59 YEARS'],[nan],,
27,SXQ130,0 To 50,Range Of Values,"['In your lifetime with how many women have you had sex?', 'In your lifetime with how many females have you had sex?', 'In your lifetime with how many women have you had sex? By sex we mean sexual contact with another womans vagina or genitals.']","['Females only 20 YEARS - 59 YEARS', 'Females only 18 YEARS - 59 YEARS']",[nan],,
28,SXQ130,77777,Refused,"['In your lifetime with how many women have you had sex?', 'In your lifetime with how many females have you had sex?', 'In your lifetime with how many women have you had sex? By sex we mean sexual contact with another womans vagina or genitals.']","['Females only 20 YEARS - 59 YEARS', 'Females only 18 YEARS - 59 YEARS']",[nan],,
29,SXQ130,99999,Don'T Know,"['In your lifetime with how many women have you had sex?', 'In your lifetime with how many females have you had sex?', 'In your lifetime with how many women have you had sex? By sex we mean sexual contact with another womans vagina or genitals.']","['Females only 20 YEARS - 59 YEARS', 'Females only 18 YEARS - 59 YEARS']",[nan],,
30,SXQ130,.,Missing,"['In your lifetime with how many women have you had sex?', 'In your lifetime with how many females have you had sex?', 'In your lifetime with how many women have you had sex? By sex we mean sexual contact with another womans vagina or genitals.']","['Females only 20 YEARS - 59 YEARS', 'Females only 18 YEARS - 59 YEARS']",[nan],,
31,SXQ130,0 To 100,Range Of Values,"['In your lifetime with how many women have you had sex?', 'In your lifetime with how many females have you had sex?', 'In your lifetime with how many women have you had sex? By sex we mean sexual contact with another womans vagina or genitals.']","['Females only 20 YEARS - 59 YEARS', 'Females only 18 YEARS - 59 YEARS']",[nan],,
32,SXQ130,0 To 90,Range Of Values,"['In your lifetime with how many women have you had sex?', 'In your lifetime with how many females have you had sex?', 'In your lifetime with how many women have you had sex? By sex we mean sexual contact with another womans vagina or genitals.']","['Females only 20 YEARS - 59 YEARS', 'Females only 18 YEARS - 59 YEARS']",[nan],,
33,SXQ130,1 To 700,Range Of Values,"['In your lifetime with how many women have you had sex?', 'In your lifetime with how many females have you had sex?', 'In your lifetime with how many women have you had sex? By sex we mean sexual contact with another womans vagina or genitals.']","['Females only 20 YEARS - 59 YEARS', 'Females only 18 YEARS - 59 YEARS']",[nan],,
34,SXQ130,2000,2000 Or More,"['In your lifetime with how many women have you had sex?', 'In your lifetime with how many females have you had sex?', 'In your lifetime with how many women have you had sex? By sex we mean sexual contact with another womans vagina or genitals.']","['Females only 20 YEARS - 59 YEARS', 'Females only 18 YEARS - 59 YEARS']",[nan],,
35,SXQ130,1 To 100,Range Of Values,"['In your lifetime with how many women have you had sex?', 'In your lifetime with how many females have you had sex?', 'In your lifetime with how many women have you had sex? By sex we mean sexual contact with another womans vagina or genitals.']","['Females only 20 YEARS - 59 YEARS', 'Females only 18 YEARS - 59 YEARS']",[nan],,
36,SXQ130,1 To 63,Range Of Values,"['In your lifetime with how many women have you had sex?', 'In your lifetime with how many females have you had sex?', 'In your lifetime with how many women have you had sex? By sex we mean sexual contact with another womans vagina or genitals.']","['Females only 20 YEARS - 59 YEARS', 'Females only 18 YEARS - 59 YEARS']",[nan],,
37,SXQ150,0 To 9,Range Of Values,['In the past 12 months with how many women have you had sex?'],['Females only 20 YEARS - 59 YEARS'],[nan],,
38,SXQ150,77777,Refused,['In the past 12 months with how many women have you had sex?'],['Females only 20 YEARS - 59 YEARS'],[nan],,
39,SXQ150,99999,Don'T Know,['In the past 12 months with how many women have you had sex?'],['Females only 20 YEARS - 59 YEARS'],[nan],,
40,SXQ150,.,Missing,['In the past 12 months with how many women have you had sex?'],['Females only 20 YEARS - 59 YEARS'],[nan],,
41,SXQ150,0 To 15,Range Of Values,['In the past 12 months with how many women have you had sex?'],['Females only 20 YEARS - 59 YEARS'],[nan],,
42,SXQ150,0 To 10,Range Of Values,['In the past 12 months with how many women have you had sex?'],['Females only 20 YEARS - 59 YEARS'],[nan],,
43,SXQ170,0 To 9000,Range Of Values,['In your lifetime with how many women have you had sex?'],['Males only 20 YEARS - 59 YEARS'],[nan],,
44,SXQ170,77777,Refused,['In your lifetime with how many women have you had sex?'],['Males only 20 YEARS - 59 YEARS'],[nan],,
45,SXQ170,99999,Don'T Know,['In your lifetime with how many women have you had sex?'],['Males only 20 YEARS - 59 YEARS'],[nan],,
46,SXQ170,.,Missing,['In your lifetime with how many women have you had sex?'],['Males only 20 YEARS - 59 YEARS'],[nan],,
47,SXQ170,0 To 2000,Range Of Values,['In your lifetime with how many women have you had sex?'],['Males only 20 YEARS - 59 YEARS'],[nan],,
48,SXQ170,0 To 1000,Range Of Values,['In your lifetime with how many women have you had sex?'],['Males only 20 YEARS - 59 YEARS'],[nan],,
49,SXQ190,0 To 60,Range Of Values,['In the past 12 months with how many women have you had sex?'],['Males only 20 YEARS - 59 YEARS'],[nan],,
50,SXQ190,77777,Refused,['In the past 12 months with how many women have you had sex?'],['Males only 20 YEARS - 59 YEARS'],[nan],,
51,SXQ190,99999,Don'T Know,['In the past 12 months with how many women have you had sex?'],['Males only 20 YEARS - 59 YEARS'],[nan],,
52,SXQ190,.,Missing,['In the past 12 months with how many women have you had sex?'],['Males only 20 YEARS - 59 YEARS'],[nan],,
53,SXQ190,0 To 125,Range Of Values,['In the past 12 months with how many women have you had sex?'],['Males only 20 YEARS - 59 YEARS'],[nan],,
54,SXQ190,0 To 150,Range Of Values,['In the past 12 months with how many women have you had sex?'],['Males only 20 YEARS - 59 YEARS'],[nan],,
55,SXQ200,0 To 600,Range Of Values,['In your lifetime with how many men have you had sex?'],['Males only 20 YEARS - 59 YEARS'],[nan],,
56,SXQ200,77777,Refused,['In your lifetime with how many men have you had sex?'],['Males only 20 YEARS - 59 YEARS'],[nan],,
57,SXQ200,99999,Don'T Know,['In your lifetime with how many men have you had sex?'],['Males only 20 YEARS - 59 YEARS'],[nan],,
58,SXQ200,.,Missing,['In your lifetime with how many men have you had sex?'],['Males only 20 YEARS - 59 YEARS'],[nan],,
59,SXQ200,0 To 500,Range Of Values,['In your lifetime with how many men have you had sex?'],['Males only 20 YEARS - 59 YEARS'],[nan],,
60,SXQ200,0 To 175,Range Of Values,['In your lifetime with how many men have you had sex?'],['Males only 20 YEARS - 59 YEARS'],[nan],,
61,SXQ220,0 To 45,Range Of Values,['In the past 12 months with how many men have you had sex?'],['Males only 20 YEARS - 59 YEARS'],[nan],,
62,SXQ220,77777,Refused,['In the past 12 months with how many men have you had sex?'],['Males only 20 YEARS - 59 YEARS'],[nan],,
63,SXQ220,99999,Don'T Know,['In the past 12 months with how many men have you had sex?'],['Males only 20 YEARS - 59 YEARS'],[nan],,
64,SXQ220,.,Missing,['In the past 12 months with how many men have you had sex?'],['Males only 20 YEARS - 59 YEARS'],[nan],,
65,SXQ220,0 To 15,Range Of Values,['In the past 12 months with how many men have you had sex?'],['Males only 20 YEARS - 59 YEARS'],[nan],,
66,SXQ220,0 To 20,Range Of Values,['In the past 12 months with how many men have you had sex?'],['Males only 20 YEARS - 59 YEARS'],[nan],,
67,SXD230,,,[nan],['Both males and females 20 YEARS - 59 YEARS'],[nan],,
68,SXD240,0 To 16,Range Of Values,['In the past 30 days with how many people have you had sex?'],['Both males and females 20 YEARS - 59 YEARS'],[nan],,
69,SXD240,77777,Refused,['In the past 30 days with how many people have you had sex?'],['Both males and females 20 YEARS - 59 YEARS'],[nan],,
70,SXD240,99999,Don'T Know,['In the past 30 days with how many people have you had sex?'],['Both males and females 20 YEARS - 59 YEARS'],[nan],,
71,SXD240,.,Missing,['In the past 30 days with how many people have you had sex?'],['Both males and females 20 YEARS - 59 YEARS'],[nan],,
72,SXQ250,0 To 90,Range Of Values,['In the past 30 days how many times have you had sex without using a condom?'],['Both males and females 20 YEARS - 59 YEARS'],[nan],,
73,SXQ250,77777,Refused,['In the past 30 days how many times have you had sex without using a condom?'],['Both males and females 20 YEARS - 59 YEARS'],[nan],,
74,SXQ250,99999,Don'T Know,['In the past 30 days how many times have you had sex without using a condom?'],['Both males and females 20 YEARS - 59 YEARS'],[nan],,
75,SXQ250,.,Missing,['In the past 30 days how many times have you had sex without using a condom?'],['Both males and females 20 YEARS - 59 YEARS'],[nan],,
76,SXQ250,0 To 40,Range Of Values,['In the past 30 days how many times have you had sex without using a condom?'],['Both males and females 20 YEARS - 59 YEARS'],[nan],,
77,SXQ250,0 To 45,Range Of Values,['In the past 30 days how many times have you had sex without using a condom?'],['Both males and females 20 YEARS - 59 YEARS'],[nan],,
78,SXQ260,1,Yes,['Has a doctor or other health care professional ever told you that you had genital herpes?'],"['Both males and females 20 YEARS - 59 YEARS', 'Both males and females 18 YEARS - 59 YEARS']",[nan],,
79,SXQ260,2,No,['Has a doctor or other health care professional ever told you that you had genital herpes?'],"['Both males and females 20 YEARS - 59 YEARS', 'Both males and females 18 YEARS - 59 YEARS']",[nan],,
80,SXQ260,7,Refused,['Has a doctor or other health care professional ever told you that you had genital herpes?'],"['Both males and females 20 YEARS - 59 YEARS', 'Both males and females 18 YEARS - 59 YEARS']",[nan],,
81,SXQ260,9,Don'T Know,['Has a doctor or other health care professional ever told you that you had genital herpes?'],"['Both males and females 20 YEARS - 59 YEARS', 'Both males and females 18 YEARS - 59 YEARS']",[nan],,
82,SXQ260,.,Missing,['Has a doctor or other health care professional ever told you that you had genital herpes?'],"['Both males and females 20 YEARS - 59 YEARS', 'Both males and females 18 YEARS - 59 YEARS']",[nan],,
83,SXQ265,1,Yes,['Has a doctor or other health care professional ever told you that you had genital warts?'],"['Both males and females 20 YEARS - 59 YEARS', 'Both males and females 18 YEARS - 59 YEARS']",[nan],,
84,SXQ265,2,No,['Has a doctor or other health care professional ever told you that you had genital warts?'],"['Both males and females 20 YEARS - 59 YEARS', 'Both males and females 18 YEARS - 59 YEARS']",[nan],,
85,SXQ265,7,Refused,['Has a doctor or other health care professional ever told you that you had genital warts?'],"['Both males and females 20 YEARS - 59 YEARS', 'Both males and females 18 YEARS - 59 YEARS']",[nan],,
86,SXQ265,9,Don'T Know,['Has a doctor or other health care professional ever told you that you had genital warts?'],"['Both males and females 20 YEARS - 59 YEARS', 'Both males and females 18 YEARS - 59 YEARS']",[nan],,
87,SXQ265,.,Missing,['Has a doctor or other health care professional ever told you that you had genital warts?'],"['Both males and females 20 YEARS - 59 YEARS', 'Both males and females 18 YEARS - 59 YEARS']",[nan],,
88,SXQ270,1,Yes,['In the past 12 months has a doctor or other health care professional told you that you had gonorrhea sometimes called GC or clap?'],"['Both males and females 20 YEARS - 59 YEARS', 'Both males and females 18 YEARS - 59 YEARS']",[nan],,
89,SXQ270,2,No,['In the past 12 months has a doctor or other health care professional told you that you had gonorrhea sometimes called GC or clap?'],"['Both males and females 20 YEARS - 59 YEARS', 'Both males and females 18 YEARS - 59 YEARS']",[nan],,
90,SXQ270,7,Refused,['In the past 12 months has a doctor or other health care professional told you that you had gonorrhea sometimes called GC or clap?'],"['Both males and females 20 YEARS - 59 YEARS', 'Both males and females 18 YEARS - 59 YEARS']",[nan],,
91,SXQ270,9,Don'T Know,['In the past 12 months has a doctor or other health care professional told you that you had gonorrhea sometimes called GC or clap?'],"['Both males and females 20 YEARS - 59 YEARS', 'Both males and females 18 YEARS - 59 YEARS']",[nan],,
92,SXQ270,.,Missing,['In the past 12 months has a doctor or other health care professional told you that you had gonorrhea sometimes called GC or clap?'],"['Both males and females 20 YEARS - 59 YEARS', 'Both males and females 18 YEARS - 59 YEARS']",[nan],,
93,SXQ272,1,Yes,['In the past 12 months has a doctor or other health care professional told you that you had chlamydia?'],"['Both males and females 20 YEARS - 59 YEARS', 'Both males and females 18 YEARS - 59 YEARS']",[nan],,
94,SXQ272,2,No,['In the past 12 months has a doctor or other health care professional told you that you had chlamydia?'],"['Both males and females 20 YEARS - 59 YEARS', 'Both males and females 18 YEARS - 59 YEARS']",[nan],,
95,SXQ272,7,Refused,['In the past 12 months has a doctor or other health care professional told you that you had chlamydia?'],"['Both males and females 20 YEARS - 59 YEARS', 'Both males and females 18 YEARS - 59 YEARS']",[nan],,
96,SXQ272,9,Don'T Know,['In the past 12 months has a doctor or other health care professional told you that you had chlamydia?'],"['Both males and females 20 YEARS - 59 YEARS', 'Both males and females 18 YEARS - 59 YEARS']",[nan],,
97,SXQ272,.,Missing,['In the past 12 months has a doctor or other health care professional told you that you had chlamydia?'],"['Both males and females 20 YEARS - 59 YEARS', 'Both males and females 18 YEARS - 59 YEARS']",[nan],,
98,SXQ280,1,Circumcised,['Are you circumcised or uncircumcised?'],"['Males only 20 YEARS - 59 YEARS', 'Males only 18 YEARS - 59 YEARS']",[nan],,
99,SXQ280,2,Uncircumcised,['Are you circumcised or uncircumcised?'],"['Males only 20 YEARS - 59 YEARS', 'Males only 18 YEARS - 59 YEARS']",[nan],,
100,SXQ280,7,Refused,['Are you circumcised or uncircumcised?'],"['Males only 20 YEARS - 59 YEARS', 'Males only 18 YEARS - 59 YEARS']",[nan],,
101,SXQ280,9,Don'T Know,['Are you circumcised or uncircumcised?'],"['Males only 20 YEARS - 59 YEARS', 'Males only 18 YEARS - 59 YEARS']",[nan],,
102,SXQ280,.,Missing,['Are you circumcised or uncircumcised?'],"['Males only 20 YEARS - 59 YEARS', 'Males only 18 YEARS - 59 YEARS']",[nan],,
103,SXQ292,1,Heterosexual Or Straight (Attracted To Women),['Do you think of yourself as...'],"['Males only 20 YEARS - 59 YEARS', 'Males only 18 YEARS - 59 YEARS']",[nan],,
104,SXQ292,2,Homosexual Or Gay (Attracted To Men),['Do you think of yourself as...'],"['Males only 20 YEARS - 59 YEARS', 'Males only 18 YEARS - 59 YEARS']",[nan],,
105,SXQ292,3,Bisexual (Attracted To Men And Women),['Do you think of yourself as...'],"['Males only 20 YEARS - 59 YEARS', 'Males only 18 YEARS - 59 YEARS']",[nan],,
106,SXQ292,4,"Something Else, Or",['Do you think of yourself as...'],"['Males only 20 YEARS - 59 YEARS', 'Males only 18 YEARS - 59 YEARS']",[nan],,
107,SXQ292,5,Not Sure?,['Do you think of yourself as...'],"['Males only 20 YEARS - 59 YEARS', 'Males only 18 YEARS - 59 YEARS']",[nan],,
108,SXQ292,7,Refused,['Do you think of yourself as...'],"['Males only 20 YEARS - 59 YEARS', 'Males only 18 YEARS - 59 YEARS']",[nan],,
109,SXQ292,9,Don'T Know,['Do you think of yourself as...'],"['Males only 20 YEARS - 59 YEARS', 'Males only 18 YEARS - 59 YEARS']",[nan],,
110,SXQ292,.,Missing,['Do you think of yourself as...'],"['Males only 20 YEARS - 59 YEARS', 'Males only 18 YEARS - 59 YEARS']",[nan],,
111,SXQ292,4,Something Else,['Do you think of yourself as...'],"['Males only 20 YEARS - 59 YEARS', 'Males only 18 YEARS - 59 YEARS']",[nan],,
112,SXQ292,5,Not Sure,['Do you think of yourself as...'],"['Males only 20 YEARS - 59 YEARS', 'Males only 18 YEARS - 59 YEARS']",[nan],,
113,SXQ294,1,Heterosexual Or Straight (Attracted To Men),['Do you think of yourself as...'],"['Females only 20 YEARS - 59 YEARS', 'Females only 18 YEARS - 59 YEARS']",[nan],,
114,SXQ294,2,Homosexual Or Lesbian (Attracted To Women),['Do you think of yourself as...'],"['Females only 20 YEARS - 59 YEARS', 'Females only 18 YEARS - 59 YEARS']",[nan],,
115,SXQ294,3,Bisexual (Attracted To Men And Women),['Do you think of yourself as...'],"['Females only 20 YEARS - 59 YEARS', 'Females only 18 YEARS - 59 YEARS']",[nan],,
116,SXQ294,4,"Something Else, Or",['Do you think of yourself as...'],"['Females only 20 YEARS - 59 YEARS', 'Females only 18 YEARS - 59 YEARS']",[nan],,
117,SXQ294,5,Not Sure?,['Do you think of yourself as...'],"['Females only 20 YEARS - 59 YEARS', 'Females only 18 YEARS - 59 YEARS']",[nan],,
118,SXQ294,7,Refused,['Do you think of yourself as...'],"['Females only 20 YEARS - 59 YEARS', 'Females only 18 YEARS - 59 YEARS']",[nan],,
119,SXQ294,9,Don'T Know,['Do you think of yourself as...'],"['Females only 20 YEARS - 59 YEARS', 'Females only 18 YEARS - 59 YEARS']",[nan],,
120,SXQ294,.,Missing,['Do you think of yourself as...'],"['Females only 20 YEARS - 59 YEARS', 'Females only 18 YEARS - 59 YEARS']",[nan],,
121,SXQ294,4,Something Else,['Do you think of yourself as...'],"['Females only 20 YEARS - 59 YEARS', 'Females only 18 YEARS - 59 YEARS']",[nan],,
122,SXQ294,5,Not Sure,['Do you think of yourself as...'],"['Females only 20 YEARS - 59 YEARS', 'Females only 18 YEARS - 59 YEARS']",[nan],,
123,SXQ241,0 To 8,Range Of Values,['In the past 30 days with how many people have you had sex?'],['Both males and females 20 YEARS - 59 YEARS'],[nan],,
124,SXQ241,77777,Refused,['In the past 30 days with how many people have you had sex?'],['Both males and females 20 YEARS - 59 YEARS'],[nan],,
125,SXQ241,99999,Don'T Know,['In the past 30 days with how many people have you had sex?'],['Both males and females 20 YEARS - 59 YEARS'],[nan],,
126,SXQ241,.,Missing,['In the past 30 days with how many people have you had sex?'],['Both males and females 20 YEARS - 59 YEARS'],[nan],,
127,SXAISC,1,Complete,['Interview Status Code'],"['Both males and females 20 YEARS - 59 YEARS', 'Both males and females 20 YEARS - 69 YEARS']",[nan],,
128,SXAISC,2,Partial,['Interview Status Code'],"['Both males and females 20 YEARS - 59 YEARS', 'Both males and females 20 YEARS - 69 YEARS']",[nan],,
129,SXAISC,3,Not Done,['Interview Status Code'],"['Both males and females 20 YEARS - 59 YEARS', 'Both males and females 20 YEARS - 69 YEARS']",[nan],,
130,SXAISC,.,Missing,['Interview Status Code'],"['Both males and females 20 YEARS - 59 YEARS', 'Both males and females 20 YEARS - 69 YEARS']",[nan],,
131,SXQ021,1,Yes,['The next set of questions is about your sexual behavior. By sex we mean vaginal anal or oral sex. Please remember that your answers are strictly confidential. Have you ever had vaginal anal or oral sex?'],"['Both males and females 20 YEARS - 59 YEARS', 'Both males and females 20 YEARS - 69 YEARS']",[nan],,
132,SXQ021,2,No,['The next set of questions is about your sexual behavior. By sex we mean vaginal anal or oral sex. Please remember that your answers are strictly confidential. Have you ever had vaginal anal or oral sex?'],"['Both males and females 20 YEARS - 59 YEARS', 'Both males and females 20 YEARS - 69 YEARS']",[nan],,
133,SXQ021,7,Refused,['The next set of questions is about your sexual behavior. By sex we mean vaginal anal or oral sex. Please remember that your answers are strictly confidential. Have you ever had vaginal anal or oral sex?'],"['Both males and females 20 YEARS - 59 YEARS', 'Both males and females 20 YEARS - 69 YEARS']",[nan],,
134,SXQ021,9,Don'T Know,['The next set of questions is about your sexual behavior. By sex we mean vaginal anal or oral sex. Please remember that your answers are strictly confidential. Have you ever had vaginal anal or oral sex?'],"['Both males and females 20 YEARS - 59 YEARS', 'Both males and females 20 YEARS - 69 YEARS']",[nan],,
135,SXQ021,.,Missing,['The next set of questions is about your sexual behavior. By sex we mean vaginal anal or oral sex. Please remember that your answers are strictly confidential. Have you ever had vaginal anal or oral sex?'],"['Both males and females 20 YEARS - 59 YEARS', 'Both males and females 20 YEARS - 69 YEARS']",[nan],,
136,SXD031,10 To 53,Range Of Values,"['When you first had vaginal anal or oral sex how old were you?', 'How old were you when you had sex for the first time?']","['Both males and females 20 YEARS - 59 YEARS', 'Both males and females 20 YEARS - 69 YEARS', 'Both males and females 18 YEARS - 69 YEARS']",[nan],,
137,SXD031,9,9 Years Or Younger,"['When you first had vaginal anal or oral sex how old were you?', 'How old were you when you had sex for the first time?']","['Both males and females 20 YEARS - 59 YEARS', 'Both males and females 20 YEARS - 69 YEARS', 'Both males and females 18 YEARS - 69 YEARS']",[nan],,
138,SXD031,77,Refused,"['When you first had vaginal anal or oral sex how old were you?', 'How old were you when you had sex for the first time?']","['Both males and females 20 YEARS - 59 YEARS', 'Both males and females 20 YEARS - 69 YEARS', 'Both males and females 18 YEARS - 69 YEARS']",[nan],,
139,SXD031,99,Don'T Know,"['When you first had vaginal anal or oral sex how old were you?', 'How old were you when you had sex for the first time?']","['Both males and females 20 YEARS - 59 YEARS', 'Both males and females 20 YEARS - 69 YEARS', 'Both males and females 18 YEARS - 69 YEARS']",[nan],,
140,SXD031,.,Missing,"['When you first had vaginal anal or oral sex how old were you?', 'How old were you when you had sex for the first time?']","['Both males and females 20 YEARS - 59 YEARS', 'Both males and females 20 YEARS - 69 YEARS', 'Both males and females 18 YEARS - 69 YEARS']",[nan],,
141,SXD031,10 To 60,Range Of Values,"['When you first had vaginal anal or oral sex how old were you?', 'How old were you when you had sex for the first time?']","['Both males and females 20 YEARS - 59 YEARS', 'Both males and females 20 YEARS - 69 YEARS', 'Both males and females 18 YEARS - 69 YEARS']",[nan],,
142,SXD031,10 To 55,Range Of Values,"['When you first had vaginal anal or oral sex how old were you?', 'How old were you when you had sex for the first time?']","['Both males and females 20 YEARS - 59 YEARS', 'Both males and females 20 YEARS - 69 YEARS', 'Both males and females 18 YEARS - 69 YEARS']",[nan],,
143,SXD031,10 To 51,Range Of Values,"['When you first had vaginal anal or oral sex how old were you?', 'How old were you when you had sex for the first time?']","['Both males and females 20 YEARS - 59 YEARS', 'Both males and females 20 YEARS - 69 YEARS', 'Both males and females 18 YEARS - 69 YEARS']",[nan],,
144,SXD031,13 To 68,Range Of Values,"['When you first had vaginal anal or oral sex how old were you?', 'How old were you when you had sex for the first time?']","['Both males and females 20 YEARS - 59 YEARS', 'Both males and females 20 YEARS - 69 YEARS', 'Both males and females 18 YEARS - 69 YEARS']",[nan],,
145,SXD031,12,12 Years Or Younger,"['When you first had vaginal anal or oral sex how old were you?', 'How old were you when you had sex for the first time?']","['Both males and females 20 YEARS - 59 YEARS', 'Both males and females 20 YEARS - 69 YEARS', 'Both males and females 18 YEARS - 69 YEARS']",[nan],,
146,SXQ101,0 To 200,Range Of Values,['In your lifetime with how many males have you had vaginal anal or oral sex?'],"['Females only 20 YEARS - 59 YEARS', 'Females only 20 YEARS - 69 YEARS']",[nan],,
147,SXQ101,77777,Refused,['In your lifetime with how many males have you had vaginal anal or oral sex?'],"['Females only 20 YEARS - 59 YEARS', 'Females only 20 YEARS - 69 YEARS']",[nan],,
148,SXQ101,99999,Don'T Know,['In your lifetime with how many males have you had vaginal anal or oral sex?'],"['Females only 20 YEARS - 59 YEARS', 'Females only 20 YEARS - 69 YEARS']",[nan],,
149,SXQ101,.,Missing,['In your lifetime with how many males have you had vaginal anal or oral sex?'],"['Females only 20 YEARS - 59 YEARS', 'Females only 20 YEARS - 69 YEARS']",[nan],,
150,SXQ101,0 To 900,Range Of Values,['In your lifetime with how many males have you had vaginal anal or oral sex?'],"['Females only 20 YEARS - 59 YEARS', 'Females only 20 YEARS - 69 YEARS']",[nan],,
151,SXQ110,,,[nan],['Females only 20 YEARS - 59 YEARS'],[nan],,
152,SXQ350,0 To 180,Range Of Values,['With how many of these males have you had only oral sex?'],['Females only 20 YEARS - 59 YEARS'],[nan],,
153,SXQ350,77777,Refused,['With how many of these males have you had only oral sex?'],['Females only 20 YEARS - 59 YEARS'],[nan],,
154,SXQ350,99999,Don'T Know,['With how many of these males have you had only oral sex?'],['Females only 20 YEARS - 59 YEARS'],[nan],,
155,SXQ350,.,Missing,['With how many of these males have you had only oral sex?'],['Females only 20 YEARS - 59 YEARS'],[nan],,
156,SXQ350,0 To 700,Range Of Values,['With how many of these males have you had only oral sex?'],['Females only 20 YEARS - 59 YEARS'],[nan],,
157,SXD171,0 To 1900,Range Of Values,"['In your lifetime with how many females have you had vaginal anal or oral sex?', 'In your lifetime with how many women have you had any kind of sex?']","['Males only 20 YEARS - 59 YEARS', 'Males only 20 YEARS - 69 YEARS', 'Males only 18 YEARS - 69 YEARS']",[nan],,
158,SXD171,2000,2000 Or More,"['In your lifetime with how many females have you had vaginal anal or oral sex?', 'In your lifetime with how many women have you had any kind of sex?']","['Males only 20 YEARS - 59 YEARS', 'Males only 20 YEARS - 69 YEARS', 'Males only 18 YEARS - 69 YEARS']",[nan],,
159,SXD171,77777,Refused,"['In your lifetime with how many females have you had vaginal anal or oral sex?', 'In your lifetime with how many women have you had any kind of sex?']","['Males only 20 YEARS - 59 YEARS', 'Males only 20 YEARS - 69 YEARS', 'Males only 18 YEARS - 69 YEARS']",[nan],,
160,SXD171,99999,Don'T Know,"['In your lifetime with how many females have you had vaginal anal or oral sex?', 'In your lifetime with how many women have you had any kind of sex?']","['Males only 20 YEARS - 59 YEARS', 'Males only 20 YEARS - 69 YEARS', 'Males only 18 YEARS - 69 YEARS']",[nan],,
161,SXD171,.,Missing,"['In your lifetime with how many females have you had vaginal anal or oral sex?', 'In your lifetime with how many women have you had any kind of sex?']","['Males only 20 YEARS - 59 YEARS', 'Males only 20 YEARS - 69 YEARS', 'Males only 18 YEARS - 69 YEARS']",[nan],,
162,SXD171,0 To 1236,Range Of Values,"['In your lifetime with how many females have you had vaginal anal or oral sex?', 'In your lifetime with how many women have you had any kind of sex?']","['Males only 20 YEARS - 59 YEARS', 'Males only 20 YEARS - 69 YEARS', 'Males only 18 YEARS - 69 YEARS']",[nan],,
163,SXD171,0 To 1000,Range Of Values,"['In your lifetime with how many females have you had vaginal anal or oral sex?', 'In your lifetime with how many women have you had any kind of sex?']","['Males only 20 YEARS - 59 YEARS', 'Males only 20 YEARS - 69 YEARS', 'Males only 18 YEARS - 69 YEARS']",[nan],,
164,SXD171,0 To 1010,Range Of Values,"['In your lifetime with how many females have you had vaginal anal or oral sex?', 'In your lifetime with how many women have you had any kind of sex?']","['Males only 20 YEARS - 59 YEARS', 'Males only 20 YEARS - 69 YEARS', 'Males only 18 YEARS - 69 YEARS']",[nan],,
165,SXD171,0 To 99,Range Of Values,"['In your lifetime with how many females have you had vaginal anal or oral sex?', 'In your lifetime with how many women have you had any kind of sex?']","['Males only 20 YEARS - 59 YEARS', 'Males only 20 YEARS - 69 YEARS', 'Males only 18 YEARS - 69 YEARS']",[nan],,
166,SXD171,100,100 Or More,"['In your lifetime with how many females have you had vaginal anal or oral sex?', 'In your lifetime with how many women have you had any kind of sex?']","['Males only 20 YEARS - 59 YEARS', 'Males only 20 YEARS - 69 YEARS', 'Males only 18 YEARS - 69 YEARS']",[nan],,
167,SXQ390,,,[nan],['Males only 20 YEARS - 59 YEARS'],[nan],,
168,SXQ400,0 To 1000,Range Of Values,['With how many of these females have you had only oral sex?'],['Males only 20 YEARS - 59 YEARS'],[nan],,
169,SXQ400,77777,Refused,['With how many of these females have you had only oral sex?'],['Males only 20 YEARS - 59 YEARS'],[nan],,
170,SXQ400,99999,Don'T Know,['With how many of these females have you had only oral sex?'],['Males only 20 YEARS - 59 YEARS'],[nan],,
171,SXQ400,.,Missing,['With how many of these females have you had only oral sex?'],['Males only 20 YEARS - 59 YEARS'],[nan],,
172,SXQ400,0 To 9999,Range Of Values,['With how many of these females have you had only oral sex?'],['Males only 20 YEARS - 59 YEARS'],[nan],,
173,SXQ410,0 To 1000,Range Of Values,"['In your lifetime with how many males have you had anal or oral sex?', 'In your lifetime with how many men have you had anal or oral sex?']","['Males only 20 YEARS - 59 YEARS', 'Males only 20 YEARS - 69 YEARS', 'Males only 18 YEARS - 69 YEARS']",[nan],,
174,SXQ410,77777,Refused,"['In your lifetime with how many males have you had anal or oral sex?', 'In your lifetime with how many men have you had anal or oral sex?']","['Males only 20 YEARS - 59 YEARS', 'Males only 20 YEARS - 69 YEARS', 'Males only 18 YEARS - 69 YEARS']",[nan],,
175,SXQ410,99999,Don'T Know,"['In your lifetime with how many males have you had anal or oral sex?', 'In your lifetime with how many men have you had anal or oral sex?']","['Males only 20 YEARS - 59 YEARS', 'Males only 20 YEARS - 69 YEARS', 'Males only 18 YEARS - 69 YEARS']",[nan],,
176,SXQ410,.,Missing,"['In your lifetime with how many males have you had anal or oral sex?', 'In your lifetime with how many men have you had anal or oral sex?']","['Males only 20 YEARS - 59 YEARS', 'Males only 20 YEARS - 69 YEARS', 'Males only 18 YEARS - 69 YEARS']",[nan],,
177,SXQ410,0 To 2000,Range Of Values,"['In your lifetime with how many males have you had anal or oral sex?', 'In your lifetime with how many men have you had anal or oral sex?']","['Males only 20 YEARS - 59 YEARS', 'Males only 20 YEARS - 69 YEARS', 'Males only 18 YEARS - 69 YEARS']",[nan],,
178,SXQ410,1 To 100,Range Of Values,"['In your lifetime with how many males have you had anal or oral sex?', 'In your lifetime with how many men have you had anal or oral sex?']","['Males only 20 YEARS - 59 YEARS', 'Males only 20 YEARS - 69 YEARS', 'Males only 18 YEARS - 69 YEARS']",[nan],,
179,SXQ410,2000,2000 Or More,"['In your lifetime with how many males have you had anal or oral sex?', 'In your lifetime with how many men have you had anal or oral sex?']","['Males only 20 YEARS - 59 YEARS', 'Males only 20 YEARS - 69 YEARS', 'Males only 18 YEARS - 69 YEARS']",[nan],,
180,SXQ410,1 To 500,Range Of Values,"['In your lifetime with how many males have you had anal or oral sex?', 'In your lifetime with how many men have you had anal or oral sex?']","['Males only 20 YEARS - 59 YEARS', 'Males only 20 YEARS - 69 YEARS', 'Males only 18 YEARS - 69 YEARS']",[nan],,
181,SXQ410,0 To 75,Range Of Values,"['In your lifetime with how many males have you had anal or oral sex?', 'In your lifetime with how many men have you had anal or oral sex?']","['Males only 20 YEARS - 59 YEARS', 'Males only 20 YEARS - 69 YEARS', 'Males only 18 YEARS - 69 YEARS']",[nan],,
182,SXQ410,100,100 Or More,"['In your lifetime with how many males have you had anal or oral sex?', 'In your lifetime with how many men have you had anal or oral sex?']","['Males only 20 YEARS - 59 YEARS', 'Males only 20 YEARS - 69 YEARS', 'Males only 18 YEARS - 69 YEARS']",[nan],,
183,SXQ210,,,[nan],['Males only 20 YEARS - 59 YEARS'],[nan],,
184,SXQ430,0 To 900,Range Of Values,['With how many of these males have you had only oral sex?'],"['Males only 20 YEARS - 59 YEARS', 'Males only 20 YEARS - 69 YEARS']",[nan],,
185,SXQ430,77777,Refused,['With how many of these males have you had only oral sex?'],"['Males only 20 YEARS - 59 YEARS', 'Males only 20 YEARS - 69 YEARS']",[nan],,
186,SXQ430,99999,Don'T Know,['With how many of these males have you had only oral sex?'],"['Males only 20 YEARS - 59 YEARS', 'Males only 20 YEARS - 69 YEARS']",[nan],,
187,SXQ430,.,Missing,['With how many of these males have you had only oral sex?'],"['Males only 20 YEARS - 59 YEARS', 'Males only 20 YEARS - 69 YEARS']",[nan],,
188,SXQ430,0 To 500,Range Of Values,['With how many of these males have you had only oral sex?'],"['Males only 20 YEARS - 59 YEARS', 'Males only 20 YEARS - 69 YEARS']",[nan],,
189,SXQ230,,,[nan],['Both males and females 20 YEARS - 59 YEARS'],[nan],,
190,SXQ450,0 To 20,Range Of Values,['In the past 12 months with how many males have you had vaginal anal or oral sex?'],['Females only 20 YEARS - 59 YEARS'],[nan],,
191,SXQ450,77777,Refused,['In the past 12 months with how many males have you had vaginal anal or oral sex?'],['Females only 20 YEARS - 59 YEARS'],[nan],,
192,SXQ450,99999,Don'T Know,['In the past 12 months with how many males have you had vaginal anal or oral sex?'],['Females only 20 YEARS - 59 YEARS'],[nan],,
193,SXQ450,.,Missing,['In the past 12 months with how many males have you had vaginal anal or oral sex?'],['Females only 20 YEARS - 59 YEARS'],[nan],,
194,SXQ450,0 To 700,Range Of Values,['In the past 12 months with how many males have you had vaginal anal or oral sex?'],['Females only 20 YEARS - 59 YEARS'],[nan],,
195,SXQ460,,,[nan],['Females only 20 YEARS - 59 YEARS'],[nan],,
196,SXQ470,0 To 20,Range Of Values,['With how many of these males have you had only oral sex?'],['Females only 20 YEARS - 59 YEARS'],[nan],,
197,SXQ470,77777,Refused,['With how many of these males have you had only oral sex?'],['Females only 20 YEARS - 59 YEARS'],[nan],,
198,SXQ470,99999,Don'T Know,['With how many of these males have you had only oral sex?'],['Females only 20 YEARS - 59 YEARS'],[nan],,
199,SXQ470,.,Missing,['With how many of these males have you had only oral sex?'],['Females only 20 YEARS - 59 YEARS'],[nan],,
200,SXQ470,0 To 700,Range Of Values,['With how many of these males have you had only oral sex?'],['Females only 20 YEARS - 59 YEARS'],[nan],,
201,SXQ480,,,[nan],['Females only 20 YEARS - 59 YEARS'],[nan],,
202,SXQ490,0 To 13,Range Of Values,"['In the past 12 months with how many females have you had sex?', 'In the past 12 months with how many women have you had sex? By sex we mean sexual contact with another womans vagina or genitals.']","['Females only 20 YEARS - 59 YEARS', 'Females only 18 YEARS - 59 YEARS']",[nan],,
203,SXQ490,77777,Refused,"['In the past 12 months with how many females have you had sex?', 'In the past 12 months with how many women have you had sex? By sex we mean sexual contact with another womans vagina or genitals.']","['Females only 20 YEARS - 59 YEARS', 'Females only 18 YEARS - 59 YEARS']",[nan],,
204,SXQ490,99999,Don'T Know,"['In the past 12 months with how many females have you had sex?', 'In the past 12 months with how many women have you had sex? By sex we mean sexual contact with another womans vagina or genitals.']","['Females only 20 YEARS - 59 YEARS', 'Females only 18 YEARS - 59 YEARS']",[nan],,
205,SXQ490,.,Missing,"['In the past 12 months with how many females have you had sex?', 'In the past 12 months with how many women have you had sex? By sex we mean sexual contact with another womans vagina or genitals.']","['Females only 20 YEARS - 59 YEARS', 'Females only 18 YEARS - 59 YEARS']",[nan],,
206,SXQ490,0 To 5,Range Of Values,"['In the past 12 months with how many females have you had sex?', 'In the past 12 months with how many women have you had sex? By sex we mean sexual contact with another womans vagina or genitals.']","['Females only 20 YEARS - 59 YEARS', 'Females only 18 YEARS - 59 YEARS']",[nan],,
207,SXQ490,0 To 27,Range Of Values,"['In the past 12 months with how many females have you had sex?', 'In the past 12 months with how many women have you had sex? By sex we mean sexual contact with another womans vagina or genitals.']","['Females only 20 YEARS - 59 YEARS', 'Females only 18 YEARS - 59 YEARS']",[nan],,
208,SXQ490,0 To 10,Range Of Values,"['In the past 12 months with how many females have you had sex?', 'In the past 12 months with how many women have you had sex? By sex we mean sexual contact with another womans vagina or genitals.']","['Females only 20 YEARS - 59 YEARS', 'Females only 18 YEARS - 59 YEARS']",[nan],,
209,SXQ490,0 To 7,Range Of Values,"['In the past 12 months with how many females have you had sex?', 'In the past 12 months with how many women have you had sex? By sex we mean sexual contact with another womans vagina or genitals.']","['Females only 20 YEARS - 59 YEARS', 'Females only 18 YEARS - 59 YEARS']",[nan],,
210,SXQ490,0 To 12,Range Of Values,"['In the past 12 months with how many females have you had sex?', 'In the past 12 months with how many women have you had sex? By sex we mean sexual contact with another womans vagina or genitals.']","['Females only 20 YEARS - 59 YEARS', 'Females only 18 YEARS - 59 YEARS']",[nan],,
211,SXQ500,,,[nan],['Both males and females 20 YEARS - 59 YEARS'],[nan],,
212,SXQ510,0 To 1000,Range Of Values,['In the past 12 months with how many females have you had vaginal anal or oral sex?'],['Males only 20 YEARS - 59 YEARS'],[nan],,
213,SXQ510,77777,Refused,['In the past 12 months with how many females have you had vaginal anal or oral sex?'],['Males only 20 YEARS - 59 YEARS'],[nan],,
214,SXQ510,99999,Don'T Know,['In the past 12 months with how many females have you had vaginal anal or oral sex?'],['Males only 20 YEARS - 59 YEARS'],[nan],,
215,SXQ510,.,Missing,['In the past 12 months with how many females have you had vaginal anal or oral sex?'],['Males only 20 YEARS - 59 YEARS'],[nan],,
216,SXQ510,0 To 45,Range Of Values,['In the past 12 months with how many females have you had vaginal anal or oral sex?'],['Males only 20 YEARS - 59 YEARS'],[nan],,
217,SXQ520,,,[nan],['Males only 20 YEARS - 59 YEARS'],[nan],,
218,SXQ530,0 To 500,Range Of Values,['With how many of these females have you had only oral sex?'],['Males only 20 YEARS - 59 YEARS'],[nan],,
219,SXQ530,77777,Refused,['With how many of these females have you had only oral sex?'],['Males only 20 YEARS - 59 YEARS'],[nan],,
220,SXQ530,99999,Don'T Know,['With how many of these females have you had only oral sex?'],['Males only 20 YEARS - 59 YEARS'],[nan],,
221,SXQ530,.,Missing,['With how many of these females have you had only oral sex?'],['Males only 20 YEARS - 59 YEARS'],[nan],,
222,SXQ530,0 To 20,Range Of Values,['With how many of these females have you had only oral sex?'],['Males only 20 YEARS - 59 YEARS'],[nan],,
223,SXQ540,,,[nan],['Males only 20 YEARS - 59 YEARS'],[nan],,
224,SXQ550,0 To 100,Range Of Values,"['In the past 12 months with how many males have you had anal or oral sex?', 'In the past 12 months with how many men have you had anal or oral sex?']","['Males only 20 YEARS - 59 YEARS', 'Males only 18 YEARS - 59 YEARS']",[nan],,
225,SXQ550,77777,Refused,"['In the past 12 months with how many males have you had anal or oral sex?', 'In the past 12 months with how many men have you had anal or oral sex?']","['Males only 20 YEARS - 59 YEARS', 'Males only 18 YEARS - 59 YEARS']",[nan],,
226,SXQ550,99999,Don'T Know,"['In the past 12 months with how many males have you had anal or oral sex?', 'In the past 12 months with how many men have you had anal or oral sex?']","['Males only 20 YEARS - 59 YEARS', 'Males only 18 YEARS - 59 YEARS']",[nan],,
227,SXQ550,.,Missing,"['In the past 12 months with how many males have you had anal or oral sex?', 'In the past 12 months with how many men have you had anal or oral sex?']","['Males only 20 YEARS - 59 YEARS', 'Males only 18 YEARS - 59 YEARS']",[nan],,
228,SXQ550,0 To 300,Range Of Values,"['In the past 12 months with how many males have you had anal or oral sex?', 'In the past 12 months with how many men have you had anal or oral sex?']","['Males only 20 YEARS - 59 YEARS', 'Males only 18 YEARS - 59 YEARS']",[nan],,
229,SXQ550,0 To 50,Range Of Values,"['In the past 12 months with how many males have you had anal or oral sex?', 'In the past 12 months with how many men have you had anal or oral sex?']","['Males only 20 YEARS - 59 YEARS', 'Males only 18 YEARS - 59 YEARS']",[nan],,
230,SXQ550,0 To 12,Range Of Values,"['In the past 12 months with how many males have you had anal or oral sex?', 'In the past 12 months with how many men have you had anal or oral sex?']","['Males only 20 YEARS - 59 YEARS', 'Males only 18 YEARS - 59 YEARS']",[nan],,
231,SXQ550,0 To 25,Range Of Values,"['In the past 12 months with how many males have you had anal or oral sex?', 'In the past 12 months with how many men have you had anal or oral sex?']","['Males only 20 YEARS - 59 YEARS', 'Males only 18 YEARS - 59 YEARS']",[nan],,
232,SXQ560,,,[nan],['Males only 20 YEARS - 59 YEARS'],[nan],,
233,SXQ570,0 To 100,Range Of Values,['With how many of these males have you had only oral sex?'],['Males only 20 YEARS - 59 YEARS'],[nan],,
234,SXQ570,77777,Refused,['With how many of these males have you had only oral sex?'],['Males only 20 YEARS - 59 YEARS'],[nan],,
235,SXQ570,99999,Don'T Know,['With how many of these males have you had only oral sex?'],['Males only 20 YEARS - 59 YEARS'],[nan],,
236,SXQ570,.,Missing,['With how many of these males have you had only oral sex?'],['Males only 20 YEARS - 59 YEARS'],[nan],,
237,SXQ570,0 To 50,Range Of Values,['With how many of these males have you had only oral sex?'],['Males only 20 YEARS - 59 YEARS'],[nan],,
238,SXQ580,,,[nan],['Both males and females 20 YEARS - 59 YEARS'],[nan],,
239,SXQ590,0 To 26,Range Of Values,"['Of the persons you had sex with in the past 12 months how many were five or more years older than you?', 'Of the persons you had any kind of sex with in the past 12 months how many were five or more years older than you?']","['Both males and females 20 YEARS - 59 YEARS', 'Both males and females 18 YEARS - 29 YEARS']",[nan],,
240,SXQ590,77777,Refused,"['Of the persons you had sex with in the past 12 months how many were five or more years older than you?', 'Of the persons you had any kind of sex with in the past 12 months how many were five or more years older than you?']","['Both males and females 20 YEARS - 59 YEARS', 'Both males and females 18 YEARS - 29 YEARS']",[nan],,
241,SXQ590,99999,Don'T Know,"['Of the persons you had sex with in the past 12 months how many were five or more years older than you?', 'Of the persons you had any kind of sex with in the past 12 months how many were five or more years older than you?']","['Both males and females 20 YEARS - 59 YEARS', 'Both males and females 18 YEARS - 29 YEARS']",[nan],,
242,SXQ590,.,Missing,"['Of the persons you had sex with in the past 12 months how many were five or more years older than you?', 'Of the persons you had any kind of sex with in the past 12 months how many were five or more years older than you?']","['Both males and females 20 YEARS - 59 YEARS', 'Both males and females 18 YEARS - 29 YEARS']",[nan],,
243,SXQ590,0 To 100,Range Of Values,"['Of the persons you had sex with in the past 12 months how many were five or more years older than you?', 'Of the persons you had any kind of sex with in the past 12 months how many were five or more years older than you?']","['Both males and females 20 YEARS - 59 YEARS', 'Both males and females 18 YEARS - 29 YEARS']",[nan],,
244,SXQ590,0 To 900,Range Of Values,"['Of the persons you had sex with in the past 12 months how many were five or more years older than you?', 'Of the persons you had any kind of sex with in the past 12 months how many were five or more years older than you?']","['Both males and females 20 YEARS - 59 YEARS', 'Both males and females 18 YEARS - 29 YEARS']",[nan],,
245,SXQ590,0 To 20,Range Of Values,"['Of the persons you had sex with in the past 12 months how many were five or more years older than you?', 'Of the persons you had any kind of sex with in the past 12 months how many were five or more years older than you?']","['Both males and females 20 YEARS - 59 YEARS', 'Both males and females 18 YEARS - 29 YEARS']",[nan],,
246,SXQ590,0 To 10,Range Of Values,"['Of the persons you had sex with in the past 12 months how many were five or more years older than you?', 'Of the persons you had any kind of sex with in the past 12 months how many were five or more years older than you?']","['Both males and females 20 YEARS - 59 YEARS', 'Both males and females 18 YEARS - 29 YEARS']",[nan],,
247,SXQ590,0 To 12,Range Of Values,"['Of the persons you had sex with in the past 12 months how many were five or more years older than you?', 'Of the persons you had any kind of sex with in the past 12 months how many were five or more years older than you?']","['Both males and females 20 YEARS - 59 YEARS', 'Both males and females 18 YEARS - 29 YEARS']",[nan],,
248,SXQ600,0 To 94,Range Of Values,"['Of the persons you had sex with in the past 12 months how many were five or more years younger than you?', 'Of the persons you had any kind of sex with in the past 12 months how many were five or more years younger than you?']","['Both males and females 20 YEARS - 59 YEARS', 'Both males and females 18 YEARS - 29 YEARS']",[nan],,
249,SXQ600,77777,Refused,"['Of the persons you had sex with in the past 12 months how many were five or more years younger than you?', 'Of the persons you had any kind of sex with in the past 12 months how many were five or more years younger than you?']","['Both males and females 20 YEARS - 59 YEARS', 'Both males and females 18 YEARS - 29 YEARS']",[nan],,
250,SXQ600,99999,Don'T Know,"['Of the persons you had sex with in the past 12 months how many were five or more years younger than you?', 'Of the persons you had any kind of sex with in the past 12 months how many were five or more years younger than you?']","['Both males and females 20 YEARS - 59 YEARS', 'Both males and females 18 YEARS - 29 YEARS']",[nan],,
251,SXQ600,.,Missing,"['Of the persons you had sex with in the past 12 months how many were five or more years younger than you?', 'Of the persons you had any kind of sex with in the past 12 months how many were five or more years younger than you?']","['Both males and females 20 YEARS - 59 YEARS', 'Both males and females 18 YEARS - 29 YEARS']",[nan],,
252,SXQ600,0 To 100,Range Of Values,"['Of the persons you had sex with in the past 12 months how many were five or more years younger than you?', 'Of the persons you had any kind of sex with in the past 12 months how many were five or more years younger than you?']","['Both males and females 20 YEARS - 59 YEARS', 'Both males and females 18 YEARS - 29 YEARS']",[nan],,
253,SXQ600,0 To 19,Range Of Values,"['Of the persons you had sex with in the past 12 months how many were five or more years younger than you?', 'Of the persons you had any kind of sex with in the past 12 months how many were five or more years younger than you?']","['Both males and females 20 YEARS - 59 YEARS', 'Both males and females 18 YEARS - 29 YEARS']",[nan],,
254,SXQ600,0 To 15,Range Of Values,"['Of the persons you had sex with in the past 12 months how many were five or more years younger than you?', 'Of the persons you had any kind of sex with in the past 12 months how many were five or more years younger than you?']","['Both males and females 20 YEARS - 59 YEARS', 'Both males and females 18 YEARS - 29 YEARS']",[nan],,
255,SXQ600,0 To 25,Range Of Values,"['Of the persons you had sex with in the past 12 months how many were five or more years younger than you?', 'Of the persons you had any kind of sex with in the past 12 months how many were five or more years younger than you?']","['Both males and females 20 YEARS - 59 YEARS', 'Both males and females 18 YEARS - 29 YEARS']",[nan],,
256,SXQ600,0 To 9,Range Of Values,"['Of the persons you had sex with in the past 12 months how many were five or more years younger than you?', 'Of the persons you had any kind of sex with in the past 12 months how many were five or more years younger than you?']","['Both males and females 20 YEARS - 59 YEARS', 'Both males and females 18 YEARS - 29 YEARS']",[nan],,
257,SXQ610,0,Never,"['In the past 12 months about how many times have you had vaginal or anal sex?', 'In the past 12 months about how many times have you had {vaginal or anal/vaginal/anal} sex?']","['Both males and females 20 YEARS - 59 YEARS', 'Both males and females 18 YEARS - 59 YEARS']",[nan],,
258,SXQ610,1,Once,"['In the past 12 months about how many times have you had vaginal or anal sex?', 'In the past 12 months about how many times have you had {vaginal or anal/vaginal/anal} sex?']","['Both males and females 20 YEARS - 59 YEARS', 'Both males and females 18 YEARS - 59 YEARS']",[nan],,
259,SXQ610,2,2-11 Times,"['In the past 12 months about how many times have you had vaginal or anal sex?', 'In the past 12 months about how many times have you had {vaginal or anal/vaginal/anal} sex?']","['Both males and females 20 YEARS - 59 YEARS', 'Both males and females 18 YEARS - 59 YEARS']",[nan],,
260,SXQ610,3,12-51 Times,"['In the past 12 months about how many times have you had vaginal or anal sex?', 'In the past 12 months about how many times have you had {vaginal or anal/vaginal/anal} sex?']","['Both males and females 20 YEARS - 59 YEARS', 'Both males and females 18 YEARS - 59 YEARS']",[nan],,
261,SXQ610,4,52-103 Times,"['In the past 12 months about how many times have you had vaginal or anal sex?', 'In the past 12 months about how many times have you had {vaginal or anal/vaginal/anal} sex?']","['Both males and females 20 YEARS - 59 YEARS', 'Both males and females 18 YEARS - 59 YEARS']",[nan],,
262,SXQ610,5,104-364 Times,"['In the past 12 months about how many times have you had vaginal or anal sex?', 'In the past 12 months about how many times have you had {vaginal or anal/vaginal/anal} sex?']","['Both males and females 20 YEARS - 59 YEARS', 'Both males and females 18 YEARS - 59 YEARS']",[nan],,
263,SXQ610,6,365 Times Or More,"['In the past 12 months about how many times have you had vaginal or anal sex?', 'In the past 12 months about how many times have you had {vaginal or anal/vaginal/anal} sex?']","['Both males and females 20 YEARS - 59 YEARS', 'Both males and females 18 YEARS - 59 YEARS']",[nan],,
264,SXQ610,77,Refused,"['In the past 12 months about how many times have you had vaginal or anal sex?', 'In the past 12 months about how many times have you had {vaginal or anal/vaginal/anal} sex?']","['Both males and females 20 YEARS - 59 YEARS', 'Both males and females 18 YEARS - 59 YEARS']",[nan],,
265,SXQ610,99,Don'T Know,"['In the past 12 months about how many times have you had vaginal or anal sex?', 'In the past 12 months about how many times have you had {vaginal or anal/vaginal/anal} sex?']","['Both males and females 20 YEARS - 59 YEARS', 'Both males and females 18 YEARS - 59 YEARS']",[nan],,
266,SXQ610,.,Missing,"['In the past 12 months about how many times have you had vaginal or anal sex?', 'In the past 12 months about how many times have you had {vaginal or anal/vaginal/anal} sex?']","['Both males and females 20 YEARS - 59 YEARS', 'Both males and females 18 YEARS - 59 YEARS']",[nan],,
267,SXQ245,,,[nan],['Both males and females 20 YEARS - 59 YEARS'],[nan],,
268,SXQ251,1,Never,"['In the past 12 months about how often have you had vaginal or anal sex without using a condom?', 'In the past 12 months about how often have you had {vaginal or anal/vaginal/anal} sex without using a condom?']","['Both males and females 20 YEARS - 59 YEARS', 'Both males and females 18 YEARS - 59 YEARS']",[nan],,
269,SXQ251,2,Less Than Half Of The Time,"['In the past 12 months about how often have you had vaginal or anal sex without using a condom?', 'In the past 12 months about how often have you had {vaginal or anal/vaginal/anal} sex without using a condom?']","['Both males and females 20 YEARS - 59 YEARS', 'Both males and females 18 YEARS - 59 YEARS']",[nan],,
270,SXQ251,3,About Half Of The Time,"['In the past 12 months about how often have you had vaginal or anal sex without using a condom?', 'In the past 12 months about how often have you had {vaginal or anal/vaginal/anal} sex without using a condom?']","['Both males and females 20 YEARS - 59 YEARS', 'Both males and females 18 YEARS - 59 YEARS']",[nan],,
271,SXQ251,4,"Not Always, But More Than Half Of The Time","['In the past 12 months about how often have you had vaginal or anal sex without using a condom?', 'In the past 12 months about how often have you had {vaginal or anal/vaginal/anal} sex without using a condom?']","['Both males and females 20 YEARS - 59 YEARS', 'Both males and females 18 YEARS - 59 YEARS']",[nan],,
272,SXQ251,5,Always,"['In the past 12 months about how often have you had vaginal or anal sex without using a condom?', 'In the past 12 months about how often have you had {vaginal or anal/vaginal/anal} sex without using a condom?']","['Both males and females 20 YEARS - 59 YEARS', 'Both males and females 18 YEARS - 59 YEARS']",[nan],,
273,SXQ251,77,Refused,"['In the past 12 months about how often have you had vaginal or anal sex without using a condom?', 'In the past 12 months about how often have you had {vaginal or anal/vaginal/anal} sex without using a condom?']","['Both males and females 20 YEARS - 59 YEARS', 'Both males and females 18 YEARS - 59 YEARS']",[nan],,
274,SXQ251,99,Don'T Know,"['In the past 12 months about how often have you had vaginal or anal sex without using a condom?', 'In the past 12 months about how often have you had {vaginal or anal/vaginal/anal} sex without using a condom?']","['Both males and females 20 YEARS - 59 YEARS', 'Both males and females 18 YEARS - 59 YEARS']",[nan],,
275,SXQ251,.,Missing,"['In the past 12 months about how often have you had vaginal or anal sex without using a condom?', 'In the past 12 months about how often have you had {vaginal or anal/vaginal/anal} sex without using a condom?']","['Both males and females 20 YEARS - 59 YEARS', 'Both males and females 18 YEARS - 59 YEARS']",[nan],,
276,SXQ251,7,Refused,"['In the past 12 months about how often have you had vaginal or anal sex without using a condom?', 'In the past 12 months about how often have you had {vaginal or anal/vaginal/anal} sex without using a condom?']","['Both males and females 20 YEARS - 59 YEARS', 'Both males and females 18 YEARS - 59 YEARS']",[nan],,
277,SXQ251,9,Don'T Know,"['In the past 12 months about how often have you had vaginal or anal sex without using a condom?', 'In the past 12 months about how often have you had {vaginal or anal/vaginal/anal} sex without using a condom?']","['Both males and females 20 YEARS - 59 YEARS', 'Both males and females 18 YEARS - 59 YEARS']",[nan],,
278,SXD021,1,Yes,['Ever had vaginal anal or oral sex.'],['Both males and females 18 YEARS - 69 YEARS'],[nan],,
279,SXD021,2,No,['Ever had vaginal anal or oral sex.'],['Both males and females 18 YEARS - 69 YEARS'],[nan],,
280,SXD021,7,Refused,['Ever had vaginal anal or oral sex.'],['Both males and females 18 YEARS - 69 YEARS'],[nan],,
281,SXD021,9,Don'T Know,['Ever had vaginal anal or oral sex.'],['Both males and females 18 YEARS - 69 YEARS'],[nan],,
282,SXD021,.,Missing,['Ever had vaginal anal or oral sex.'],['Both males and females 18 YEARS - 69 YEARS'],[nan],,
283,SXQ800,1,Yes,['Have you ever had vaginal sex also called sexual intercourse with a woman? This means your penis in a womans vagina.'],['Males only 18 YEARS - 69 YEARS'],[nan],,
284,SXQ800,2,No,['Have you ever had vaginal sex also called sexual intercourse with a woman? This means your penis in a womans vagina.'],['Males only 18 YEARS - 69 YEARS'],[nan],,
285,SXQ800,7,Refused,['Have you ever had vaginal sex also called sexual intercourse with a woman? This means your penis in a womans vagina.'],['Males only 18 YEARS - 69 YEARS'],[nan],,
286,SXQ800,9,Don'T Know,['Have you ever had vaginal sex also called sexual intercourse with a woman? This means your penis in a womans vagina.'],['Males only 18 YEARS - 69 YEARS'],[nan],,
287,SXQ800,.,Missing,['Have you ever had vaginal sex also called sexual intercourse with a woman? This means your penis in a womans vagina.'],['Males only 18 YEARS - 69 YEARS'],[nan],,
288,SXQ803,1,Yes,['Have you ever performed oral sex on a woman? This means putting your mouth on a womans vagina or genitals.'],['Males only 18 YEARS - 69 YEARS'],[nan],,
289,SXQ803,2,No,['Have you ever performed oral sex on a woman? This means putting your mouth on a womans vagina or genitals.'],['Males only 18 YEARS - 69 YEARS'],[nan],,
290,SXQ803,7,Refused,['Have you ever performed oral sex on a woman? This means putting your mouth on a womans vagina or genitals.'],['Males only 18 YEARS - 69 YEARS'],[nan],,
291,SXQ803,9,Don'T Know,['Have you ever performed oral sex on a woman? This means putting your mouth on a womans vagina or genitals.'],['Males only 18 YEARS - 69 YEARS'],[nan],,
292,SXQ803,.,Missing,['Have you ever performed oral sex on a woman? This means putting your mouth on a womans vagina or genitals.'],['Males only 18 YEARS - 69 YEARS'],[nan],,
293,SXQ806,1,Yes,['Have you ever had anal sex with a woman? Anal sex means contact between your penis and a womans anus or butt.'],['Males only 18 YEARS - 69 YEARS'],[nan],,
294,SXQ806,2,No,['Have you ever had anal sex with a woman? Anal sex means contact between your penis and a womans anus or butt.'],['Males only 18 YEARS - 69 YEARS'],[nan],,
295,SXQ806,7,Refused,['Have you ever had anal sex with a woman? Anal sex means contact between your penis and a womans anus or butt.'],['Males only 18 YEARS - 69 YEARS'],[nan],,
296,SXQ806,9,Don'T Know,['Have you ever had anal sex with a woman? Anal sex means contact between your penis and a womans anus or butt.'],['Males only 18 YEARS - 69 YEARS'],[nan],,
297,SXQ806,.,Missing,['Have you ever had anal sex with a woman? Anal sex means contact between your penis and a womans anus or butt.'],['Males only 18 YEARS - 69 YEARS'],[nan],,
298,SXQ809,1,Yes,['Have you ever had any kind of sex with a man including oral or anal?'],['Males only 18 YEARS - 69 YEARS'],[nan],,
299,SXQ809,2,No,['Have you ever had any kind of sex with a man including oral or anal?'],['Males only 18 YEARS - 69 YEARS'],[nan],,
300,SXQ809,7,Refused,['Have you ever had any kind of sex with a man including oral or anal?'],['Males only 18 YEARS - 69 YEARS'],[nan],,
301,SXQ809,9,Don'T Know,['Have you ever had any kind of sex with a man including oral or anal?'],['Males only 18 YEARS - 69 YEARS'],[nan],,
302,SXQ809,.,Missing,['Have you ever had any kind of sex with a man including oral or anal?'],['Males only 18 YEARS - 69 YEARS'],[nan],,
303,SXD862,,,[nan],['Males only 18 YEARS - 69 YEARS'],[nan],,
304,SXQ700,1,Yes,['Have you ever had vaginal sex also called sexual intercourse with a man? This means a mans penis in your vagina.'],['Females only 18 YEARS - 69 YEARS'],[nan],,
305,SXQ700,2,No,['Have you ever had vaginal sex also called sexual intercourse with a man? This means a mans penis in your vagina.'],['Females only 18 YEARS - 69 YEARS'],[nan],,
306,SXQ700,7,Refused,['Have you ever had vaginal sex also called sexual intercourse with a man? This means a mans penis in your vagina.'],['Females only 18 YEARS - 69 YEARS'],[nan],,
307,SXQ700,9,Don'T Know,['Have you ever had vaginal sex also called sexual intercourse with a man? This means a mans penis in your vagina.'],['Females only 18 YEARS - 69 YEARS'],[nan],,
308,SXQ700,.,Missing,['Have you ever had vaginal sex also called sexual intercourse with a man? This means a mans penis in your vagina.'],['Females only 18 YEARS - 69 YEARS'],[nan],,
309,SXQ703,1,Yes,['Have you ever performed oral sex on a man? This means putting your mouth on a mans penis or genitals.'],['Females only 18 YEARS - 69 YEARS'],[nan],,
310,SXQ703,2,No,['Have you ever performed oral sex on a man? This means putting your mouth on a mans penis or genitals.'],['Females only 18 YEARS - 69 YEARS'],[nan],,
311,SXQ703,7,Refused,['Have you ever performed oral sex on a man? This means putting your mouth on a mans penis or genitals.'],['Females only 18 YEARS - 69 YEARS'],[nan],,
312,SXQ703,9,Don'T Know,['Have you ever performed oral sex on a man? This means putting your mouth on a mans penis or genitals.'],['Females only 18 YEARS - 69 YEARS'],[nan],,
313,SXQ703,.,Missing,['Have you ever performed oral sex on a man? This means putting your mouth on a mans penis or genitals.'],['Females only 18 YEARS - 69 YEARS'],[nan],,
314,SXQ706,1,Yes,['Have you ever had anal sex? This means contact between a mans penis and your anus or butt.'],['Females only 18 YEARS - 69 YEARS'],[nan],,
315,SXQ706,2,No,['Have you ever had anal sex? This means contact between a mans penis and your anus or butt.'],['Females only 18 YEARS - 69 YEARS'],[nan],,
316,SXQ706,7,Refused,['Have you ever had anal sex? This means contact between a mans penis and your anus or butt.'],['Females only 18 YEARS - 69 YEARS'],[nan],,
317,SXQ706,9,Don'T Know,['Have you ever had anal sex? This means contact between a mans penis and your anus or butt.'],['Females only 18 YEARS - 69 YEARS'],[nan],,
318,SXQ706,.,Missing,['Have you ever had anal sex? This means contact between a mans penis and your anus or butt.'],['Females only 18 YEARS - 69 YEARS'],[nan],,
319,SXQ709,1,Yes,['Have you ever had any kind of sex with a woman? By sex we mean sexual contact with another womans vagina or genitals.'],['Females only 18 YEARS - 69 YEARS'],[nan],,
320,SXQ709,2,No,['Have you ever had any kind of sex with a woman? By sex we mean sexual contact with another womans vagina or genitals.'],['Females only 18 YEARS - 69 YEARS'],[nan],,
321,SXQ709,7,Refused,['Have you ever had any kind of sex with a woman? By sex we mean sexual contact with another womans vagina or genitals.'],['Females only 18 YEARS - 69 YEARS'],[nan],,
322,SXQ709,9,Don'T Know,['Have you ever had any kind of sex with a woman? By sex we mean sexual contact with another womans vagina or genitals.'],['Females only 18 YEARS - 69 YEARS'],[nan],,
323,SXQ709,.,Missing,['Have you ever had any kind of sex with a woman? By sex we mean sexual contact with another womans vagina or genitals.'],['Females only 18 YEARS - 69 YEARS'],[nan],,
324,SXQ762,,,[nan],['Females only 18 YEARS - 69 YEARS'],[nan],,
325,SXD801,,,[nan],"['Males only 18 YEARS - 69 YEARS', 'Both males and females 18 YEARS - 69 YEARS']",[nan],,
326,SXD815,,,[nan],['Males only 18 YEARS - 69 YEARS'],[nan],,
327,SXD510,0 To 100,Range Of Values,['In the past 12 months with how many women have you had any kind of sex?'],['Males only 18 YEARS - 59 YEARS'],[nan],,
328,SXD510,77777,Refused,['In the past 12 months with how many women have you had any kind of sex?'],['Males only 18 YEARS - 59 YEARS'],[nan],,
329,SXD510,99999,Don'T Know,['In the past 12 months with how many women have you had any kind of sex?'],['Males only 18 YEARS - 59 YEARS'],[nan],,
330,SXD510,.,Missing,['In the past 12 months with how many women have you had any kind of sex?'],['Males only 18 YEARS - 59 YEARS'],[nan],,
331,SXD510,0 To 69,Range Of Values,['In the past 12 months with how many women have you had any kind of sex?'],['Males only 18 YEARS - 59 YEARS'],[nan],,
332,SXD510,0 To 500,Range Of Values,['In the past 12 months with how many women have you had any kind of sex?'],['Males only 18 YEARS - 59 YEARS'],[nan],,
333,SXD510,0 To 45,Range Of Values,['In the past 12 months with how many women have you had any kind of sex?'],['Males only 18 YEARS - 59 YEARS'],[nan],,
334,SXQ821,,,[nan],['Males only 18 YEARS - 69 YEARS'],[nan],,
335,SXQ824,1 To 1000,Range Of Values,['In your lifetime with how many women have you had vaginal sex? Vaginal sex means your penis in a womans vagina.'],['Males only 18 YEARS - 59 YEARS'],[nan],,
336,SXQ824,2000,2000 Or More,['In your lifetime with how many women have you had vaginal sex? Vaginal sex means your penis in a womans vagina.'],['Males only 18 YEARS - 59 YEARS'],[nan],,
337,SXQ824,77777,Refused,['In your lifetime with how many women have you had vaginal sex? Vaginal sex means your penis in a womans vagina.'],['Males only 18 YEARS - 59 YEARS'],[nan],,
338,SXQ824,99999,Don'T Know,['In your lifetime with how many women have you had vaginal sex? Vaginal sex means your penis in a womans vagina.'],['Males only 18 YEARS - 59 YEARS'],[nan],,
339,SXQ824,.,Missing,['In your lifetime with how many women have you had vaginal sex? Vaginal sex means your penis in a womans vagina.'],['Males only 18 YEARS - 59 YEARS'],[nan],,
340,SXQ824,1 To 99,Range Of Values,['In your lifetime with how many women have you had vaginal sex? Vaginal sex means your penis in a womans vagina.'],['Males only 18 YEARS - 59 YEARS'],[nan],,
341,SXQ824,100,100 Or More,['In your lifetime with how many women have you had vaginal sex? Vaginal sex means your penis in a womans vagina.'],['Males only 18 YEARS - 59 YEARS'],[nan],,
342,SXQ827,0 To 126,Range Of Values,['In the past 12 months with how many women have you had vaginal sex? Vaginal sex means your penis in a womans vagina.'],['Males only 18 YEARS - 59 YEARS'],[nan],,
343,SXQ827,2000,2000 Or More,['In the past 12 months with how many women have you had vaginal sex? Vaginal sex means your penis in a womans vagina.'],['Males only 18 YEARS - 59 YEARS'],[nan],,
344,SXQ827,77777,Refused,['In the past 12 months with how many women have you had vaginal sex? Vaginal sex means your penis in a womans vagina.'],['Males only 18 YEARS - 59 YEARS'],[nan],,
345,SXQ827,99999,Don'T Know,['In the past 12 months with how many women have you had vaginal sex? Vaginal sex means your penis in a womans vagina.'],['Males only 18 YEARS - 59 YEARS'],[nan],,
346,SXQ827,.,Missing,['In the past 12 months with how many women have you had vaginal sex? Vaginal sex means your penis in a womans vagina.'],['Males only 18 YEARS - 59 YEARS'],[nan],,
347,SXQ827,0 To 200,Range Of Values,['In the past 12 months with how many women have you had vaginal sex? Vaginal sex means your penis in a womans vagina.'],['Males only 18 YEARS - 59 YEARS'],[nan],,
348,SXQ827,0 To 150,Range Of Values,['In the past 12 months with how many women have you had vaginal sex? Vaginal sex means your penis in a womans vagina.'],['Males only 18 YEARS - 59 YEARS'],[nan],,
349,SXQ827,0 To 80,Range Of Values,['In the past 12 months with how many women have you had vaginal sex? Vaginal sex means your penis in a womans vagina.'],['Males only 18 YEARS - 59 YEARS'],[nan],,
350,SXQ827,100,100 Or More,['In the past 12 months with how many women have you had vaginal sex? Vaginal sex means your penis in a womans vagina.'],['Males only 18 YEARS - 59 YEARS'],[nan],,
351,SXQ830,,,[nan],['Males only 18 YEARS - 69 YEARS'],[nan],,
352,SXD633,10 To 53,Range Of Values,['How old were you when you first performed oral sex on a woman? Performing oral sex means your mouth on a womans vagina or genitals.'],['Both males and females 18 YEARS - 59 YEARS'],[nan],,
353,SXD633,9,9 Years Or Younger,['How old were you when you first performed oral sex on a woman? Performing oral sex means your mouth on a womans vagina or genitals.'],['Both males and females 18 YEARS - 59 YEARS'],[nan],,
354,SXD633,77,Refused,['How old were you when you first performed oral sex on a woman? Performing oral sex means your mouth on a womans vagina or genitals.'],['Both males and females 18 YEARS - 59 YEARS'],[nan],,
355,SXD633,99,Don'T Know,['How old were you when you first performed oral sex on a woman? Performing oral sex means your mouth on a womans vagina or genitals.'],['Both males and females 18 YEARS - 59 YEARS'],[nan],,
356,SXD633,.,Missing,['How old were you when you first performed oral sex on a woman? Performing oral sex means your mouth on a womans vagina or genitals.'],['Both males and females 18 YEARS - 59 YEARS'],[nan],,
357,SXD633,10 To 59,Range Of Values,['How old were you when you first performed oral sex on a woman? Performing oral sex means your mouth on a womans vagina or genitals.'],['Both males and females 18 YEARS - 59 YEARS'],[nan],,
358,SXD633,10 To 56,Range Of Values,['How old were you when you first performed oral sex on a woman? Performing oral sex means your mouth on a womans vagina or genitals.'],['Both males and females 18 YEARS - 59 YEARS'],[nan],,
359,SXD633,13 To 50,Range Of Values,['How old were you when you first performed oral sex on a woman? Performing oral sex means your mouth on a womans vagina or genitals.'],['Both males and females 18 YEARS - 59 YEARS'],[nan],,
360,SXD633,12,12 Years Or Younger,['How old were you when you first performed oral sex on a woman? Performing oral sex means your mouth on a womans vagina or genitals.'],['Both males and females 18 YEARS - 59 YEARS'],[nan],,
361,SXQ636,1 To 1000,Range Of Values,['In your lifetime on how many women have you performed oral sex?'],['Both males and females 18 YEARS - 59 YEARS'],[nan],,
362,SXQ636,2000,2000 Or More,['In your lifetime on how many women have you performed oral sex?'],['Both males and females 18 YEARS - 59 YEARS'],[nan],,
363,SXQ636,77777,Refused,['In your lifetime on how many women have you performed oral sex?'],['Both males and females 18 YEARS - 59 YEARS'],[nan],,
364,SXQ636,99999,Don'T Know,['In your lifetime on how many women have you performed oral sex?'],['Both males and females 18 YEARS - 59 YEARS'],[nan],,
365,SXQ636,.,Missing,['In your lifetime on how many women have you performed oral sex?'],['Both males and females 18 YEARS - 59 YEARS'],[nan],,
366,SXQ636,1 To 999,Range Of Values,['In your lifetime on how many women have you performed oral sex?'],['Both males and females 18 YEARS - 59 YEARS'],[nan],,
367,SXQ636,1 To 350,Range Of Values,['In your lifetime on how many women have you performed oral sex?'],['Both males and females 18 YEARS - 59 YEARS'],[nan],,
368,SXQ636,1 To 85,Range Of Values,['In your lifetime on how many women have you performed oral sex?'],['Both males and females 18 YEARS - 59 YEARS'],[nan],,
369,SXQ636,100,100 Or More,['In your lifetime on how many women have you performed oral sex?'],['Both males and females 18 YEARS - 59 YEARS'],[nan],,
370,SXQ639,0 To 50,Range Of Values,['In the past 12 months on how many women have you performed oral sex?'],['Both males and females 18 YEARS - 59 YEARS'],[nan],,
371,SXQ639,77777,Refused,['In the past 12 months on how many women have you performed oral sex?'],['Both males and females 18 YEARS - 59 YEARS'],[nan],,
372,SXQ639,99999,Don'T Know,['In the past 12 months on how many women have you performed oral sex?'],['Both males and females 18 YEARS - 59 YEARS'],[nan],,
373,SXQ639,.,Missing,['In the past 12 months on how many women have you performed oral sex?'],['Both males and females 18 YEARS - 59 YEARS'],[nan],,
374,SXQ639,0 To 57,Range Of Values,['In the past 12 months on how many women have you performed oral sex?'],['Both males and females 18 YEARS - 59 YEARS'],[nan],,
375,SXQ639,0 To 25,Range Of Values,['In the past 12 months on how many women have you performed oral sex?'],['Both males and females 18 YEARS - 59 YEARS'],[nan],,
376,SXQ639,0 To 23,Range Of Values,['In the past 12 months on how many women have you performed oral sex?'],['Both males and females 18 YEARS - 59 YEARS'],[nan],,
377,SXQ868,,,[nan],['Males only 18 YEARS - 69 YEARS'],[nan],,
378,SXD642,0 To 13880,Range Of Values,['How long has it been since the last time you performed oral sex on a new female partner? A new sexual partner is someone that you had never had sex with before.'],['Both males and females 18 YEARS - 59 YEARS'],[nan],,
379,SXD642,77777,Refused,['How long has it been since the last time you performed oral sex on a new female partner? A new sexual partner is someone that you had never had sex with before.'],['Both males and females 18 YEARS - 59 YEARS'],[nan],,
380,SXD642,99999,Don'T Know,['How long has it been since the last time you performed oral sex on a new female partner? A new sexual partner is someone that you had never had sex with before.'],['Both males and females 18 YEARS - 59 YEARS'],[nan],,
381,SXD642,.,Missing,['How long has it been since the last time you performed oral sex on a new female partner? A new sexual partner is someone that you had never had sex with before.'],['Both males and females 18 YEARS - 59 YEARS'],[nan],,
382,SXD642,0 To 13514,Range Of Values,['How long has it been since the last time you performed oral sex on a new female partner? A new sexual partner is someone that you had never had sex with before.'],['Both males and females 18 YEARS - 59 YEARS'],[nan],,
383,SXD642,0 To 14610,Range Of Values,['How long has it been since the last time you performed oral sex on a new female partner? A new sexual partner is someone that you had never had sex with before.'],['Both males and females 18 YEARS - 59 YEARS'],[nan],,
384,SXQ833,,,[nan],['Males only 18 YEARS - 69 YEARS'],[nan],,
385,SXQ875,,,[nan],['Males only 18 YEARS - 69 YEARS'],[nan],,
386,SXQ836,0 To 500,Range Of Values,['In your lifetime with how many men have you had anal sex?'],['Males only 18 YEARS - 69 YEARS'],[nan],,
387,SXQ836,77777,Refused,['In your lifetime with how many men have you had anal sex?'],['Males only 18 YEARS - 69 YEARS'],[nan],,
388,SXQ836,99999,Don'T Know,['In your lifetime with how many men have you had anal sex?'],['Males only 18 YEARS - 69 YEARS'],[nan],,
389,SXQ836,.,Missing,['In your lifetime with how many men have you had anal sex?'],['Males only 18 YEARS - 69 YEARS'],[nan],,
390,SXQ836,0 To 300,Range Of Values,['In your lifetime with how many men have you had anal sex?'],['Males only 18 YEARS - 69 YEARS'],[nan],,
391,SXQ836,0 To 400,Range Of Values,['In your lifetime with how many men have you had anal sex?'],['Males only 18 YEARS - 69 YEARS'],[nan],,
392,SXQ836,0 To 50,Range Of Values,['In your lifetime with how many men have you had anal sex?'],['Males only 18 YEARS - 69 YEARS'],[nan],,
393,SXQ836,100,100 Or More,['In your lifetime with how many men have you had anal sex?'],['Males only 18 YEARS - 69 YEARS'],[nan],,
394,SXQ839,,,[nan],['Males only 18 YEARS - 69 YEARS'],[nan],,
395,SXQ841,0 To 10,Range Of Values,['In the past 12 months with how many men have you had anal sex?'],['Males only 18 YEARS - 59 YEARS'],[nan],,
396,SXQ841,77777,Refused,['In the past 12 months with how many men have you had anal sex?'],['Males only 18 YEARS - 59 YEARS'],[nan],,
397,SXQ841,99999,Don'T Know,['In the past 12 months with how many men have you had anal sex?'],['Males only 18 YEARS - 59 YEARS'],[nan],,
398,SXQ841,.,Missing,['In the past 12 months with how many men have you had anal sex?'],['Males only 18 YEARS - 59 YEARS'],[nan],,
399,SXQ841,0 To 8,Range Of Values,['In the past 12 months with how many men have you had anal sex?'],['Males only 18 YEARS - 59 YEARS'],[nan],,
400,SXQ841,0 To 48,Range Of Values,['In the past 12 months with how many men have you had anal sex?'],['Males only 18 YEARS - 59 YEARS'],[nan],,
401,SXQ841,0 To 25,Range Of Values,['In the past 12 months with how many men have you had anal sex?'],['Males only 18 YEARS - 59 YEARS'],[nan],,
402,SXQ853,1,Yes,['Have you ever performed oral sex on a man? Performing oral sex means your mouth on a mans penis or genitals.'],['Males only 18 YEARS - 69 YEARS'],[nan],,
403,SXQ853,2,No,['Have you ever performed oral sex on a man? Performing oral sex means your mouth on a mans penis or genitals.'],['Males only 18 YEARS - 69 YEARS'],[nan],,
404,SXQ853,7,Refused,['Have you ever performed oral sex on a man? Performing oral sex means your mouth on a mans penis or genitals.'],['Males only 18 YEARS - 69 YEARS'],[nan],,
405,SXQ853,9,Don'T Know,['Have you ever performed oral sex on a man? Performing oral sex means your mouth on a mans penis or genitals.'],['Males only 18 YEARS - 69 YEARS'],[nan],,
406,SXQ853,.,Missing,['Have you ever performed oral sex on a man? Performing oral sex means your mouth on a mans penis or genitals.'],['Males only 18 YEARS - 69 YEARS'],[nan],,
407,SXD847,,,[nan],['Males only 18 YEARS - 69 YEARS'],[nan],,
408,SXD621,10 To 66,Range Of Values,['How old were you when you first performed oral sex on a man? Performing oral sex means your mouth on a mans penis or genitals.'],['Both males and females 18 YEARS - 69 YEARS'],[nan],,
409,SXD621,9,9 Years Or Younger,['How old were you when you first performed oral sex on a man? Performing oral sex means your mouth on a mans penis or genitals.'],['Both males and females 18 YEARS - 69 YEARS'],[nan],,
410,SXD621,77,Refused,['How old were you when you first performed oral sex on a man? Performing oral sex means your mouth on a mans penis or genitals.'],['Both males and females 18 YEARS - 69 YEARS'],[nan],,
411,SXD621,99,Don'T Know,['How old were you when you first performed oral sex on a man? Performing oral sex means your mouth on a mans penis or genitals.'],['Both males and females 18 YEARS - 69 YEARS'],[nan],,
412,SXD621,.,Missing,['How old were you when you first performed oral sex on a man? Performing oral sex means your mouth on a mans penis or genitals.'],['Both males and females 18 YEARS - 69 YEARS'],[nan],,
413,SXD621,10 To 56,Range Of Values,['How old were you when you first performed oral sex on a man? Performing oral sex means your mouth on a mans penis or genitals.'],['Both males and females 18 YEARS - 69 YEARS'],[nan],,
414,SXD621,10 To 53,Range Of Values,['How old were you when you first performed oral sex on a man? Performing oral sex means your mouth on a mans penis or genitals.'],['Both males and females 18 YEARS - 69 YEARS'],[nan],,
415,SXD621,13 To 59,Range Of Values,['How old were you when you first performed oral sex on a man? Performing oral sex means your mouth on a mans penis or genitals.'],['Both males and females 18 YEARS - 69 YEARS'],[nan],,
416,SXD621,12,12 Years Or Younger,['How old were you when you first performed oral sex on a man? Performing oral sex means your mouth on a mans penis or genitals.'],['Both males and females 18 YEARS - 69 YEARS'],[nan],,
417,SXQ624,1 To 250,Range Of Values,['In your lifetime on how many men have you performed oral sex?'],['Both males and females 18 YEARS - 69 YEARS'],[nan],,
418,SXQ624,2000,2000 Or More,['In your lifetime on how many men have you performed oral sex?'],['Both males and females 18 YEARS - 69 YEARS'],[nan],,
419,SXQ624,77777,Refused,['In your lifetime on how many men have you performed oral sex?'],['Both males and females 18 YEARS - 69 YEARS'],[nan],,
420,SXQ624,99999,Don'T Know,['In your lifetime on how many men have you performed oral sex?'],['Both males and females 18 YEARS - 69 YEARS'],[nan],,
421,SXQ624,.,Missing,['In your lifetime on how many men have you performed oral sex?'],['Both males and females 18 YEARS - 69 YEARS'],[nan],,
422,SXQ624,1 To 1000,Range Of Values,['In your lifetime on how many men have you performed oral sex?'],['Both males and females 18 YEARS - 69 YEARS'],[nan],,
423,SXQ624,1 To 500,Range Of Values,['In your lifetime on how many men have you performed oral sex?'],['Both males and females 18 YEARS - 69 YEARS'],[nan],,
424,SXQ624,1 To 95,Range Of Values,['In your lifetime on how many men have you performed oral sex?'],['Both males and females 18 YEARS - 69 YEARS'],[nan],,
425,SXQ624,100,100 Or More,['In your lifetime on how many men have you performed oral sex?'],['Both males and females 18 YEARS - 69 YEARS'],[nan],,
426,SXQ850,,,[nan],['Males only 18 YEARS - 69 YEARS'],[nan],,
427,SXQ627,0 To 65,Range Of Values,['In the past 12 months on how many men have you performed oral sex?'],['Both males and females 18 YEARS - 59 YEARS'],[nan],,
428,SXQ627,77777,Refused,['In the past 12 months on how many men have you performed oral sex?'],['Both males and females 18 YEARS - 59 YEARS'],[nan],,
429,SXQ627,99999,Don'T Know,['In the past 12 months on how many men have you performed oral sex?'],['Both males and females 18 YEARS - 59 YEARS'],[nan],,
430,SXQ627,.,Missing,['In the past 12 months on how many men have you performed oral sex?'],['Both males and females 18 YEARS - 59 YEARS'],[nan],,
431,SXQ627,0 To 50,Range Of Values,['In the past 12 months on how many men have you performed oral sex?'],['Both males and females 18 YEARS - 59 YEARS'],[nan],,
432,SXQ627,0 To 20,Range Of Values,['In the past 12 months on how many men have you performed oral sex?'],['Both males and females 18 YEARS - 59 YEARS'],[nan],,
433,SXQ627,0 To 30,Range Of Values,['In the past 12 months on how many men have you performed oral sex?'],['Both males and females 18 YEARS - 59 YEARS'],[nan],,
434,SXQ765,,,[nan],['Females only 18 YEARS - 69 YEARS'],[nan],,
435,SXQ865,,,[nan],['Males only 18 YEARS - 69 YEARS'],[nan],,
436,SXD630,0 To 13514,Range Of Values,['How long has it been since the last time you performed oral sex on a new male partner? A new sexual partner is someone that you had never had sex with before.'],['Both males and females 18 YEARS - 59 YEARS'],[nan],,
437,SXD630,77777,Refused,['How long has it been since the last time you performed oral sex on a new male partner? A new sexual partner is someone that you had never had sex with before.'],['Both males and females 18 YEARS - 59 YEARS'],[nan],,
438,SXD630,99999,Don'T Know,['How long has it been since the last time you performed oral sex on a new male partner? A new sexual partner is someone that you had never had sex with before.'],['Both males and females 18 YEARS - 59 YEARS'],[nan],,
439,SXD630,.,Missing,['How long has it been since the last time you performed oral sex on a new male partner? A new sexual partner is someone that you had never had sex with before.'],['Both males and females 18 YEARS - 59 YEARS'],[nan],,
440,SXD630,0 To 13149,Range Of Values,['How long has it been since the last time you performed oral sex on a new male partner? A new sexual partner is someone that you had never had sex with before.'],['Both males and females 18 YEARS - 59 YEARS'],[nan],,
441,SXD630,0 To 14610,Range Of Values,['How long has it been since the last time you performed oral sex on a new male partner? A new sexual partner is someone that you had never had sex with before.'],['Both males and females 18 YEARS - 59 YEARS'],[nan],,
442,SXD630,0 To 15341,Range Of Values,['How long has it been since the last time you performed oral sex on a new male partner? A new sexual partner is someone that you had never had sex with before.'],['Both males and females 18 YEARS - 59 YEARS'],[nan],,
443,SXD844,,,[nan],['Males only 18 YEARS - 69 YEARS'],[nan],,
444,SXD744,,,[nan],['Females only 18 YEARS - 69 YEARS'],[nan],,
445,SXQ845,,,[nan],['Males only 18 YEARS - 69 YEARS'],[nan],,
446,SXQ645,1,Never,['When you performed oral sex in the past 12 months how often would you use protection like a condom or dental dam?'],['Both males and females 18 YEARS - 59 YEARS'],[nan],,
447,SXQ645,2,Rarely,['When you performed oral sex in the past 12 months how often would you use protection like a condom or dental dam?'],['Both males and females 18 YEARS - 59 YEARS'],[nan],,
448,SXQ645,3,Usually,['When you performed oral sex in the past 12 months how often would you use protection like a condom or dental dam?'],['Both males and females 18 YEARS - 59 YEARS'],[nan],,
449,SXQ645,4,Always,['When you performed oral sex in the past 12 months how often would you use protection like a condom or dental dam?'],['Both males and females 18 YEARS - 59 YEARS'],[nan],,
450,SXQ645,5,Unsure,['When you performed oral sex in the past 12 months how often would you use protection like a condom or dental dam?'],['Both males and females 18 YEARS - 59 YEARS'],[nan],,
451,SXQ645,7,Refused,['When you performed oral sex in the past 12 months how often would you use protection like a condom or dental dam?'],['Both males and females 18 YEARS - 59 YEARS'],[nan],,
452,SXQ645,9,Don'T Know,['When you performed oral sex in the past 12 months how often would you use protection like a condom or dental dam?'],['Both males and females 18 YEARS - 59 YEARS'],[nan],,
453,SXQ645,.,Missing,['When you performed oral sex in the past 12 months how often would you use protection like a condom or dental dam?'],['Both males and females 18 YEARS - 59 YEARS'],[nan],,
454,SXD871,,,[nan],['Males only 18 YEARS - 69 YEARS'],[nan],,
455,SXQ648,1,Yes,['In the past 12 months did you have any kind of sex with a person that you never had sex with before?'],['Both males and females 18 YEARS - 59 YEARS'],[nan],,
456,SXQ648,2,No,['In the past 12 months did you have any kind of sex with a person that you never had sex with before?'],['Both males and females 18 YEARS - 59 YEARS'],[nan],,
457,SXQ648,7,Refused,['In the past 12 months did you have any kind of sex with a person that you never had sex with before?'],['Both males and females 18 YEARS - 59 YEARS'],[nan],,
458,SXQ648,9,Don'T Know,['In the past 12 months did you have any kind of sex with a person that you never had sex with before?'],['Both males and females 18 YEARS - 59 YEARS'],[nan],,
459,SXQ648,.,Missing,['In the past 12 months did you have any kind of sex with a person that you never had sex with before?'],['Both males and females 18 YEARS - 59 YEARS'],[nan],,
460,SXQ859,,,[nan],['Males only 18 YEARS - 69 YEARS'],[nan],,
461,SXD245,,,[nan],['Males only 18 YEARS - 69 YEARS'],[nan],,
462,SXD856,,,[nan],['Males only 18 YEARS - 69 YEARS'],[nan],,
463,SXD001,,,[nan],['Males only 18 YEARS - 59 YEARS'],[nan],,
464,SXD002,,,[nan],['Females only 18 YEARS - 69 YEARS'],[nan],,
465,SXD101,0 To 250,Range Of Values,['In your lifetime with how many men have you had any kind of sex?'],['Females only 18 YEARS - 69 YEARS'],[nan],,
466,SXD101,2000,2000 Or More,['In your lifetime with how many men have you had any kind of sex?'],['Females only 18 YEARS - 69 YEARS'],[nan],,
467,SXD101,77777,Refused,['In your lifetime with how many men have you had any kind of sex?'],['Females only 18 YEARS - 69 YEARS'],[nan],,
468,SXD101,99999,Don'T Know,['In your lifetime with how many men have you had any kind of sex?'],['Females only 18 YEARS - 69 YEARS'],[nan],,
469,SXD101,.,Missing,['In your lifetime with how many men have you had any kind of sex?'],['Females only 18 YEARS - 69 YEARS'],[nan],,
470,SXD101,0 To 600,Range Of Values,['In your lifetime with how many men have you had any kind of sex?'],['Females only 18 YEARS - 69 YEARS'],[nan],,
471,SXD101,0 To 500,Range Of Values,['In your lifetime with how many men have you had any kind of sex?'],['Females only 18 YEARS - 69 YEARS'],[nan],,
472,SXD101,0 To 87,Range Of Values,['In your lifetime with how many men have you had any kind of sex?'],['Females only 18 YEARS - 69 YEARS'],[nan],,
473,SXD101,100,100 Or More,['In your lifetime with how many men have you had any kind of sex?'],['Females only 18 YEARS - 69 YEARS'],[nan],,
474,SXD715,,,[nan],"['Females only 14 YEARS - 69 YEARS', 'Females only 18 YEARS - 69 YEARS']",[nan],,
475,SXD450,0 To 25,Range Of Values,['In the past 12 months with how many men have you had any kind of sex?'],['Females only 18 YEARS - 59 YEARS'],[nan],,
476,SXD450,77777,Refused,['In the past 12 months with how many men have you had any kind of sex?'],['Females only 18 YEARS - 59 YEARS'],[nan],,
477,SXD450,99999,Don'T Know,['In the past 12 months with how many men have you had any kind of sex?'],['Females only 18 YEARS - 59 YEARS'],[nan],,
478,SXD450,.,Missing,['In the past 12 months with how many men have you had any kind of sex?'],['Females only 18 YEARS - 59 YEARS'],[nan],,
479,SXD450,0 To 50,Range Of Values,['In the past 12 months with how many men have you had any kind of sex?'],['Females only 18 YEARS - 59 YEARS'],[nan],,
480,SXD450,0 To 30,Range Of Values,['In the past 12 months with how many men have you had any kind of sex?'],['Females only 18 YEARS - 59 YEARS'],[nan],,
481,SXQ721,,,[nan],['Females only 18 YEARS - 69 YEARS'],[nan],,
482,SXQ724,1 To 250,Range Of Values,['In your lifetime with how many men have you had vaginal sex? Vaginal sex means a mans penis in your vagina.'],['Females only 18 YEARS - 59 YEARS'],[nan],,
483,SXQ724,2000,2000 Or More,['In your lifetime with how many men have you had vaginal sex? Vaginal sex means a mans penis in your vagina.'],['Females only 18 YEARS - 59 YEARS'],[nan],,
484,SXQ724,77777,Refused,['In your lifetime with how many men have you had vaginal sex? Vaginal sex means a mans penis in your vagina.'],['Females only 18 YEARS - 59 YEARS'],[nan],,
485,SXQ724,99999,Don'T Know,['In your lifetime with how many men have you had vaginal sex? Vaginal sex means a mans penis in your vagina.'],['Females only 18 YEARS - 59 YEARS'],[nan],,
486,SXQ724,.,Missing,['In your lifetime with how many men have you had vaginal sex? Vaginal sex means a mans penis in your vagina.'],['Females only 18 YEARS - 59 YEARS'],[nan],,
487,SXQ724,1 To 500,Range Of Values,['In your lifetime with how many men have you had vaginal sex? Vaginal sex means a mans penis in your vagina.'],['Females only 18 YEARS - 59 YEARS'],[nan],,
488,SXQ724,1 To 80,Range Of Values,['In your lifetime with how many men have you had vaginal sex? Vaginal sex means a mans penis in your vagina.'],['Females only 18 YEARS - 59 YEARS'],[nan],,
489,SXQ724,100,100 Or More,['In your lifetime with how many men have you had vaginal sex? Vaginal sex means a mans penis in your vagina.'],['Females only 18 YEARS - 59 YEARS'],[nan],,
490,SXQ727,0 To 100,Range Of Values,['In the past 12 months with how many men have you had vaginal sex? Vaginal sex means a mans penis in your vagina.'],['Females only 18 YEARS - 59 YEARS'],[nan],,
491,SXQ727,77777,Refused,['In the past 12 months with how many men have you had vaginal sex? Vaginal sex means a mans penis in your vagina.'],['Females only 18 YEARS - 59 YEARS'],[nan],,
492,SXQ727,99999,Don'T Know,['In the past 12 months with how many men have you had vaginal sex? Vaginal sex means a mans penis in your vagina.'],['Females only 18 YEARS - 59 YEARS'],[nan],,
493,SXQ727,.,Missing,['In the past 12 months with how many men have you had vaginal sex? Vaginal sex means a mans penis in your vagina.'],['Females only 18 YEARS - 59 YEARS'],[nan],,
494,SXQ727,0 To 150,Range Of Values,['In the past 12 months with how many men have you had vaginal sex? Vaginal sex means a mans penis in your vagina.'],['Females only 18 YEARS - 59 YEARS'],[nan],,
495,SXQ727,0 To 30,Range Of Values,['In the past 12 months with how many men have you had vaginal sex? Vaginal sex means a mans penis in your vagina.'],['Females only 18 YEARS - 59 YEARS'],[nan],,
496,SXQ730,,,[nan],['Females only 18 YEARS - 69 YEARS'],[nan],,
497,SXD733,,,[nan],['Females only 18 YEARS - 69 YEARS'],[nan],,
498,SXQ741,1,Yes,['Have you ever performed oral sex on a woman? Performing oral sex means your mouth on a womans vagina or genitals.'],['Females only 18 YEARS - 59 YEARS'],[nan],,
499,SXQ741,2,No,['Have you ever performed oral sex on a woman? Performing oral sex means your mouth on a womans vagina or genitals.'],['Females only 18 YEARS - 59 YEARS'],[nan],,
500,SXQ741,7,Refused,['Have you ever performed oral sex on a woman? Performing oral sex means your mouth on a womans vagina or genitals.'],['Females only 18 YEARS - 59 YEARS'],[nan],,
501,SXQ741,9,Don'T Know,['Have you ever performed oral sex on a woman? Performing oral sex means your mouth on a womans vagina or genitals.'],['Females only 18 YEARS - 59 YEARS'],[nan],,
502,SXQ741,.,Missing,['Have you ever performed oral sex on a woman? Performing oral sex means your mouth on a womans vagina or genitals.'],['Females only 18 YEARS - 59 YEARS'],[nan],,
503,SXQ768,,,[nan],['Females only 18 YEARS - 69 YEARS'],[nan],,
504,SXQ747,,,[nan],['Females only 18 YEARS - 69 YEARS'],[nan],,
505,SXD771,,,[nan],['Females only 18 YEARS - 69 YEARS'],[nan],,
506,SXQ759,,,[nan],['Females only 18 YEARS - 69 YEARS'],[nan],,
507,SXD750,,,[nan],['Females only 18 YEARS - 69 YEARS'],[nan],,
508,SXQ753,1,Yes,['Has a doctor or other health care professional ever told you that you had human papillomavirus or HPV?'],['Females only 18 YEARS - 59 YEARS'],[nan],,
509,SXQ753,2,No,['Has a doctor or other health care professional ever told you that you had human papillomavirus or HPV?'],['Females only 18 YEARS - 59 YEARS'],[nan],,
510,SXQ753,7,Refused,['Has a doctor or other health care professional ever told you that you had human papillomavirus or HPV?'],['Females only 18 YEARS - 59 YEARS'],[nan],,
511,SXQ753,9,Don'T Know,['Has a doctor or other health care professional ever told you that you had human papillomavirus or HPV?'],['Females only 18 YEARS - 59 YEARS'],[nan],,
512,SXQ753,.,Missing,['Has a doctor or other health care professional ever told you that you had human papillomavirus or HPV?'],['Females only 18 YEARS - 59 YEARS'],[nan],,
513,SXQ756,,,[nan],['Females only 18 YEARS - 69 YEARS'],[nan],,
514,SXQ267,0 To 50,Range Of Values,['How old were you when you were first told that you had genital warts?'],['Both males and females 18 YEARS - 59 YEARS'],[nan],,
515,SXQ267,77,Refused,['How old were you when you were first told that you had genital warts?'],['Both males and females 18 YEARS - 59 YEARS'],[nan],,
516,SXQ267,99,Don'T Know,['How old were you when you were first told that you had genital warts?'],['Both males and females 18 YEARS - 59 YEARS'],[nan],,
517,SXQ267,.,Missing,['How old were you when you were first told that you had genital warts?'],['Both males and females 18 YEARS - 59 YEARS'],[nan],,
518,SXQ267,14 To 58,Range Of Values,['How old were you when you were first told that you had genital warts?'],['Both males and females 18 YEARS - 59 YEARS'],[nan],,
519,SXQ295,1,Lesbian Or Gay,['Do you think of yourself as...'],['Females only 18 YEARS - 59 YEARS'],[nan],,
520,SXQ295,2,"Straight, That Is, Not Lesbian Or Gay",['Do you think of yourself as...'],['Females only 18 YEARS - 59 YEARS'],[nan],,
521,SXQ295,3,Bisexual,['Do you think of yourself as...'],['Females only 18 YEARS - 59 YEARS'],[nan],,
522,SXQ295,4,Something Else,['Do you think of yourself as...'],['Females only 18 YEARS - 59 YEARS'],[nan],,
523,SXQ295,6,I Don'T Know The Answer,['Do you think of yourself as...'],['Females only 18 YEARS - 59 YEARS'],[nan],,
524,SXQ295,7,Refused,['Do you think of yourself as...'],['Females only 18 YEARS - 59 YEARS'],[nan],,
525,SXQ295,9,Don'T Know,['Do you think of yourself as...'],['Females only 18 YEARS - 59 YEARS'],[nan],,
526,SXQ295,.,Missing,['Do you think of yourself as...'],['Females only 18 YEARS - 59 YEARS'],[nan],,
527,SXQ296,1,Gay,['Which of the following best represents how you think of yourself?'],['Males only 18 YEARS - 59 YEARS'],[nan],,
528,SXQ296,2,Straight That Is Not Gay,['Which of the following best represents how you think of yourself?'],['Males only 18 YEARS - 59 YEARS'],[nan],,
529,SXQ296,3,Bisexual,['Which of the following best represents how you think of yourself?'],['Males only 18 YEARS - 59 YEARS'],[nan],,
530,SXQ296,4,Something Else,['Which of the following best represents how you think of yourself?'],['Males only 18 YEARS - 59 YEARS'],[nan],,
531,SXQ296,6,I Don'T Know The Answer,['Which of the following best represents how you think of yourself?'],['Males only 18 YEARS - 59 YEARS'],[nan],,
532,SXQ296,7,Refused,['Which of the following best represents how you think of yourself?'],['Males only 18 YEARS - 59 YEARS'],[nan],,
533,SXQ296,9,Don'T Know,['Which of the following best represents how you think of yourself?'],['Males only 18 YEARS - 59 YEARS'],[nan],,
534,SXQ296,.,Missing,['Which of the following best represents how you think of yourself?'],['Males only 18 YEARS - 59 YEARS'],[nan],,
535,SXQ240,0 To 30,Range Of Values,['In the past 30 days with how many people have you had sex?'],['Both males and females 20 YEARS - 59 YEARS'],[nan],,
536,SXQ240,77777,Refused,['In the past 30 days with how many people have you had sex?'],['Both males and females 20 YEARS - 59 YEARS'],[nan],,
537,SXQ240,99999,Don'T Know,['In the past 30 days with how many people have you had sex?'],['Both males and females 20 YEARS - 59 YEARS'],[nan],,
538,SXQ240,.,Missing,['In the past 30 days with how many people have you had sex?'],['Both males and females 20 YEARS - 59 YEARS'],[nan],,
