,Column,Code,Label,English_Text,Target,English_Instructions,Class,Other For
0,RHD018,103 To 191,Range Of Values,['Derived from RHQ018 - In what month did {you/SP} have {your/her} first menstrual period?'],['Females only 12 YEARS - 19 YEARS'],[nan],,
1,RHD018,7777,Refused,['Derived from RHQ018 - In what month did {you/SP} have {your/her} first menstrual period?'],['Females only 12 YEARS - 19 YEARS'],[nan],,
2,RHD018,9999,Don'T Know,['Derived from RHQ018 - In what month did {you/SP} have {your/her} first menstrual period?'],['Females only 12 YEARS - 19 YEARS'],[nan],,
3,RHD018,.,Missing,['Derived from RHQ018 - In what month did {you/SP} have {your/her} first menstrual period?'],['Females only 12 YEARS - 19 YEARS'],[nan],,
4,RHD018,103 To 190,Range Of Values,['Derived from RHQ018 - In what month did {you/SP} have {your/her} first menstrual period?'],['Females only 12 YEARS - 19 YEARS'],[nan],,
5,RHD043,1,Pregnancy,['What is the reason that {you have/SP has} not had a period in the past 12 months?'],['Females only 20 YEARS - 150 YEARS'],[nan],,
6,RHD043,2,Breast Feeding,['What is the reason that {you have/SP has} not had a period in the past 12 months?'],['Females only 20 YEARS - 150 YEARS'],[nan],,
7,RHD043,3,Hysterectomy,['What is the reason that {you have/SP has} not had a period in the past 12 months?'],['Females only 20 YEARS - 150 YEARS'],[nan],,
8,RHD043,7,Menopause/Change Of Life,['What is the reason that {you have/SP has} not had a period in the past 12 months?'],['Females only 20 YEARS - 150 YEARS'],[nan],,
9,RHD043,9,Other,['What is the reason that {you have/SP has} not had a period in the past 12 months?'],['Females only 20 YEARS - 150 YEARS'],[nan],,
10,RHD043,77,Refused,['What is the reason that {you have/SP has} not had a period in the past 12 months?'],['Females only 20 YEARS - 150 YEARS'],[nan],,
11,RHD043,99,Don'T Know,['What is the reason that {you have/SP has} not had a period in the past 12 months?'],['Females only 20 YEARS - 150 YEARS'],[nan],,
12,RHD043,.,Missing,['What is the reason that {you have/SP has} not had a period in the past 12 months?'],['Females only 20 YEARS - 150 YEARS'],[nan],,
13,RHD143,1,Yes,['{Are you/Is SP} pregnant now?'],"['Females only 20 YEARS - 44 YEARS', 'Females only 12 YEARS - 59 YEARS']",[nan],,
14,RHD143,2,No,['{Are you/Is SP} pregnant now?'],"['Females only 20 YEARS - 44 YEARS', 'Females only 12 YEARS - 59 YEARS']",[nan],,
15,RHD143,7,Refused,['{Are you/Is SP} pregnant now?'],"['Females only 20 YEARS - 44 YEARS', 'Females only 12 YEARS - 59 YEARS']",[nan],,
16,RHD143,9,Don'T Know,['{Are you/Is SP} pregnant now?'],"['Females only 20 YEARS - 44 YEARS', 'Females only 12 YEARS - 59 YEARS']",[nan],,
17,RHD143,.,Missing,['{Are you/Is SP} pregnant now?'],"['Females only 20 YEARS - 44 YEARS', 'Females only 12 YEARS - 59 YEARS']",[nan],,
18,RHD167,0 To 4,Range Of Values,['How many deliveries {have you/has SP} had? (Please count all vaginal and Cesarean deliveries and count stillbirths as well as live births.)'],"['Females only 12 YEARS - 150 YEARS', 'Females only 20 YEARS - 59 YEARS']",[nan],,
19,RHD167,5,5 Or More Deliveries,['How many deliveries {have you/has SP} had? (Please count all vaginal and Cesarean deliveries and count stillbirths as well as live births.)'],"['Females only 12 YEARS - 150 YEARS', 'Females only 20 YEARS - 59 YEARS']",[nan],,
20,RHD167,77,Refused,['How many deliveries {have you/has SP} had? (Please count all vaginal and Cesarean deliveries and count stillbirths as well as live births.)'],"['Females only 12 YEARS - 150 YEARS', 'Females only 20 YEARS - 59 YEARS']",[nan],,
21,RHD167,99,Don'T Know,['How many deliveries {have you/has SP} had? (Please count all vaginal and Cesarean deliveries and count stillbirths as well as live births.)'],"['Females only 12 YEARS - 150 YEARS', 'Females only 20 YEARS - 59 YEARS']",[nan],,
22,RHD167,.,Missing,['How many deliveries {have you/has SP} had? (Please count all vaginal and Cesarean deliveries and count stillbirths as well as live births.)'],"['Females only 12 YEARS - 150 YEARS', 'Females only 20 YEARS - 59 YEARS']",[nan],,
23,RHD167,5,5 Or More,['How many deliveries {have you/has SP} had? (Please count all vaginal and Cesarean deliveries and count stillbirths as well as live births.)'],"['Females only 12 YEARS - 150 YEARS', 'Females only 20 YEARS - 59 YEARS']",[nan],,
24,RHD180,18 To 43,Range Of Values,['How old {were you/was SP} at the time of {your/her} first live birth?'],"['Females only 20 YEARS - 59 YEARS', 'Females only 20 YEARS - 150 YEARS']",[nan],,
25,RHD180,17,17 Years Or Younger,['How old {were you/was SP} at the time of {your/her} first live birth?'],"['Females only 20 YEARS - 59 YEARS', 'Females only 20 YEARS - 150 YEARS']",[nan],,
26,RHD180,45,45 Years Or Older,['How old {were you/was SP} at the time of {your/her} first live birth?'],"['Females only 20 YEARS - 59 YEARS', 'Females only 20 YEARS - 150 YEARS']",[nan],,
27,RHD180,777,Refused,['How old {were you/was SP} at the time of {your/her} first live birth?'],"['Females only 20 YEARS - 59 YEARS', 'Females only 20 YEARS - 150 YEARS']",[nan],,
28,RHD180,999,Don'T Know,['How old {were you/was SP} at the time of {your/her} first live birth?'],"['Females only 20 YEARS - 59 YEARS', 'Females only 20 YEARS - 150 YEARS']",[nan],,
29,RHD180,.,Missing,['How old {were you/was SP} at the time of {your/her} first live birth?'],"['Females only 20 YEARS - 59 YEARS', 'Females only 20 YEARS - 150 YEARS']",[nan],,
30,RHD180,15 To 42,Range Of Values,['How old {were you/was SP} at the time of {your/her} first live birth?'],"['Females only 20 YEARS - 59 YEARS', 'Females only 20 YEARS - 150 YEARS']",[nan],,
31,RHD180,14,14 Years Or Under,['How old {were you/was SP} at the time of {your/her} first live birth?'],"['Females only 20 YEARS - 59 YEARS', 'Females only 20 YEARS - 150 YEARS']",[nan],,
32,RHD180,15 To 38,Range Of Values,['How old {were you/was SP} at the time of {your/her} first live birth?'],"['Females only 20 YEARS - 59 YEARS', 'Females only 20 YEARS - 150 YEARS']",[nan],,
33,RHD180,15 To 39,Range Of Values,['How old {were you/was SP} at the time of {your/her} first live birth?'],"['Females only 20 YEARS - 59 YEARS', 'Females only 20 YEARS - 150 YEARS']",[nan],,
34,RHD180,15 To 40,Range Of Values,['How old {were you/was SP} at the time of {your/her} first live birth?'],"['Females only 20 YEARS - 59 YEARS', 'Females only 20 YEARS - 150 YEARS']",[nan],,
35,RHD180,15 To 43,Range Of Values,['How old {were you/was SP} at the time of {your/her} first live birth?'],"['Females only 20 YEARS - 59 YEARS', 'Females only 20 YEARS - 150 YEARS']",[nan],,
36,RHD190,18 To 44,Range Of Values,"['How old were you at the time of your last live birth?', 'How old {were you/was SP} at the time of {your/her} last live birth?']","['Females only 20 YEARS - 59 YEARS', 'Females only 20 YEARS - 150 YEARS']",[nan],,
37,RHD190,17,17 Years Or Younger,"['How old were you at the time of your last live birth?', 'How old {were you/was SP} at the time of {your/her} last live birth?']","['Females only 20 YEARS - 59 YEARS', 'Females only 20 YEARS - 150 YEARS']",[nan],,
38,RHD190,45,45 Years Or Older,"['How old were you at the time of your last live birth?', 'How old {were you/was SP} at the time of {your/her} last live birth?']","['Females only 20 YEARS - 59 YEARS', 'Females only 20 YEARS - 150 YEARS']",[nan],,
39,RHD190,777,Refused,"['How old were you at the time of your last live birth?', 'How old {were you/was SP} at the time of {your/her} last live birth?']","['Females only 20 YEARS - 59 YEARS', 'Females only 20 YEARS - 150 YEARS']",[nan],,
40,RHD190,999,Don'T Know,"['How old were you at the time of your last live birth?', 'How old {were you/was SP} at the time of {your/her} last live birth?']","['Females only 20 YEARS - 59 YEARS', 'Females only 20 YEARS - 150 YEARS']",[nan],,
41,RHD190,.,Missing,"['How old were you at the time of your last live birth?', 'How old {were you/was SP} at the time of {your/her} last live birth?']","['Females only 20 YEARS - 59 YEARS', 'Females only 20 YEARS - 150 YEARS']",[nan],,
42,RHD190,15 To 44,Range Of Values,"['How old were you at the time of your last live birth?', 'How old {were you/was SP} at the time of {your/her} last live birth?']","['Females only 20 YEARS - 59 YEARS', 'Females only 20 YEARS - 150 YEARS']",[nan],,
43,RHD190,14,14 Years Or Under,"['How old were you at the time of your last live birth?', 'How old {were you/was SP} at the time of {your/her} last live birth?']","['Females only 20 YEARS - 59 YEARS', 'Females only 20 YEARS - 150 YEARS']",[nan],,
44,RHD280,1,Yes,"['{Have you/Has SP} had a hysterectomy that is surgery to remove {your/her} uterus or womb?', '{Have you/Has SP} had a hysterectomy including a partial hysterectomy that is surgery to remove {your/her} uterus or womb?']","['Females only 20 YEARS - 150 YEARS', 'Females only 12 YEARS - 150 YEARS']",[nan],,
45,RHD280,2,No,"['{Have you/Has SP} had a hysterectomy that is surgery to remove {your/her} uterus or womb?', '{Have you/Has SP} had a hysterectomy including a partial hysterectomy that is surgery to remove {your/her} uterus or womb?']","['Females only 20 YEARS - 150 YEARS', 'Females only 12 YEARS - 150 YEARS']",[nan],,
46,RHD280,7,Refused,"['{Have you/Has SP} had a hysterectomy that is surgery to remove {your/her} uterus or womb?', '{Have you/Has SP} had a hysterectomy including a partial hysterectomy that is surgery to remove {your/her} uterus or womb?']","['Females only 20 YEARS - 150 YEARS', 'Females only 12 YEARS - 150 YEARS']",[nan],,
47,RHD280,9,Don'T Know,"['{Have you/Has SP} had a hysterectomy that is surgery to remove {your/her} uterus or womb?', '{Have you/Has SP} had a hysterectomy including a partial hysterectomy that is surgery to remove {your/her} uterus or womb?']","['Females only 20 YEARS - 150 YEARS', 'Females only 12 YEARS - 150 YEARS']",[nan],,
48,RHD280,.,Missing,"['{Have you/Has SP} had a hysterectomy that is surgery to remove {your/her} uterus or womb?', '{Have you/Has SP} had a hysterectomy including a partial hysterectomy that is surgery to remove {your/her} uterus or womb?']","['Females only 20 YEARS - 150 YEARS', 'Females only 12 YEARS - 150 YEARS']",[nan],,
49,RHQ010,6 To 19,Range Of Values,['The next series of questions are about {your/SPs} reproductive history. I will begin by asking about {your/SPs} periods or menstrual cycles. How old {were you/was SP} when {you/SP} had {your/her} first menstrual period?'],['Females only 12 YEARS - 150 YEARS'],[nan],,
50,RHQ010,0,Hasn'T Started Yet,['The next series of questions are about {your/SPs} reproductive history. I will begin by asking about {your/SPs} periods or menstrual cycles. How old {were you/was SP} when {you/SP} had {your/her} first menstrual period?'],['Females only 12 YEARS - 150 YEARS'],[nan],,
51,RHQ010,20,20 Years Or Older,['The next series of questions are about {your/SPs} reproductive history. I will begin by asking about {your/SPs} periods or menstrual cycles. How old {were you/was SP} when {you/SP} had {your/her} first menstrual period?'],['Females only 12 YEARS - 150 YEARS'],[nan],,
52,RHQ010,777,Refused,['The next series of questions are about {your/SPs} reproductive history. I will begin by asking about {your/SPs} periods or menstrual cycles. How old {were you/was SP} when {you/SP} had {your/her} first menstrual period?'],['Females only 12 YEARS - 150 YEARS'],[nan],,
53,RHQ010,999,Don'T Know,['The next series of questions are about {your/SPs} reproductive history. I will begin by asking about {your/SPs} periods or menstrual cycles. How old {were you/was SP} when {you/SP} had {your/her} first menstrual period?'],['Females only 12 YEARS - 150 YEARS'],[nan],,
54,RHQ010,.,Missing,['The next series of questions are about {your/SPs} reproductive history. I will begin by asking about {your/SPs} periods or menstrual cycles. How old {were you/was SP} when {you/SP} had {your/her} first menstrual period?'],['Females only 12 YEARS - 150 YEARS'],[nan],,
55,RHQ010,0 To 20,Range Of Values,['The next series of questions are about {your/SPs} reproductive history. I will begin by asking about {your/SPs} periods or menstrual cycles. How old {were you/was SP} when {you/SP} had {your/her} first menstrual period?'],['Females only 12 YEARS - 150 YEARS'],[nan],,
56,RHQ010,0 To 21,Range Of Values,['The next series of questions are about {your/SPs} reproductive history. I will begin by asking about {your/SPs} periods or menstrual cycles. How old {were you/was SP} when {you/SP} had {your/her} first menstrual period?'],['Females only 12 YEARS - 150 YEARS'],[nan],,
57,RHQ010,0 To 22,Range Of Values,['The next series of questions are about {your/SPs} reproductive history. I will begin by asking about {your/SPs} periods or menstrual cycles. How old {were you/was SP} when {you/SP} had {your/her} first menstrual period?'],['Females only 12 YEARS - 150 YEARS'],[nan],,
58,RHQ010,6 To 20,Range Of Values,['The next series of questions are about {your/SPs} reproductive history. I will begin by asking about {your/SPs} periods or menstrual cycles. How old {were you/was SP} when {you/SP} had {your/her} first menstrual period?'],['Females only 12 YEARS - 150 YEARS'],[nan],,
59,RHQ010,7 To 25,Range Of Values,['The next series of questions are about {your/SPs} reproductive history. I will begin by asking about {your/SPs} periods or menstrual cycles. How old {were you/was SP} when {you/SP} had {your/her} first menstrual period?'],['Females only 12 YEARS - 150 YEARS'],[nan],,
60,RHQ010,7 To 22,Range Of Values,['The next series of questions are about {your/SPs} reproductive history. I will begin by asking about {your/SPs} periods or menstrual cycles. How old {were you/was SP} when {you/SP} had {your/her} first menstrual period?'],['Females only 12 YEARS - 150 YEARS'],[nan],,
61,RHQ010,7 To 19,Range Of Values,['The next series of questions are about {your/SPs} reproductive history. I will begin by asking about {your/SPs} periods or menstrual cycles. How old {were you/was SP} when {you/SP} had {your/her} first menstrual period?'],['Females only 12 YEARS - 150 YEARS'],[nan],,
62,RHQ020,7,Refused,['{Were you/Was SP}...'],['Females only 12 YEARS - 150 YEARS'],[nan],,
63,RHQ020,9,Don'T Know,['{Were you/Was SP}...'],['Females only 12 YEARS - 150 YEARS'],[nan],,
64,RHQ020,.,Missing,['{Were you/Was SP}...'],['Females only 12 YEARS - 150 YEARS'],[nan],,
65,RHQ020,1,Younger Than 10,['{Were you/Was SP}...'],['Females only 12 YEARS - 150 YEARS'],[nan],,
66,RHQ020,2,10 To 12,['{Were you/Was SP}...'],['Females only 12 YEARS - 150 YEARS'],[nan],,
67,RHQ020,3,13 To 15,['{Were you/Was SP}...'],['Females only 12 YEARS - 150 YEARS'],[nan],,
68,RHQ020,4,16 Or Older,['{Were you/Was SP}...'],['Females only 12 YEARS - 150 YEARS'],[nan],,
69,RHQ020,1,"Younger Than 10,",['{Were you/Was SP}...'],['Females only 12 YEARS - 150 YEARS'],[nan],,
70,RHQ020,2,"10 To 12,",['{Were you/Was SP}...'],['Females only 12 YEARS - 150 YEARS'],[nan],,
71,RHQ020,3,"13 To 15, Or",['{Were you/Was SP}...'],['Females only 12 YEARS - 150 YEARS'],[nan],,
72,RHQ020,4,16 Or Older?,['{Were you/Was SP}...'],['Females only 12 YEARS - 150 YEARS'],[nan],,
73,RHQ031,1,Yes,['{Have you/Has SP} had at least one menstrual period in the past 12 months? (Please do not include bleedings caused by medical conditions hormone therapy or surgeries.)'],['Females only 12 YEARS - 150 YEARS'],[nan],,
74,RHQ031,2,No,['{Have you/Has SP} had at least one menstrual period in the past 12 months? (Please do not include bleedings caused by medical conditions hormone therapy or surgeries.)'],['Females only 12 YEARS - 150 YEARS'],[nan],,
75,RHQ031,7,Refused,['{Have you/Has SP} had at least one menstrual period in the past 12 months? (Please do not include bleedings caused by medical conditions hormone therapy or surgeries.)'],['Females only 12 YEARS - 150 YEARS'],[nan],,
76,RHQ031,9,Don'T Know,['{Have you/Has SP} had at least one menstrual period in the past 12 months? (Please do not include bleedings caused by medical conditions hormone therapy or surgeries.)'],['Females only 12 YEARS - 150 YEARS'],[nan],,
77,RHQ031,.,Missing,['{Have you/Has SP} had at least one menstrual period in the past 12 months? (Please do not include bleedings caused by medical conditions hormone therapy or surgeries.)'],['Females only 12 YEARS - 150 YEARS'],[nan],,
78,RHQ060,20 To 59,Range Of Values,['About how old {were you/was SP} when {you/SP} had {your/her} last menstrual period?'],['Females only 12 YEARS - 150 YEARS'],[nan],,
79,RHQ060,19,19 Years Or Under,['About how old {were you/was SP} when {you/SP} had {your/her} last menstrual period?'],['Females only 12 YEARS - 150 YEARS'],[nan],,
80,RHQ060,60,60 Years Or Older,['About how old {were you/was SP} when {you/SP} had {your/her} last menstrual period?'],['Females only 12 YEARS - 150 YEARS'],[nan],,
81,RHQ060,777,Refused,['About how old {were you/was SP} when {you/SP} had {your/her} last menstrual period?'],['Females only 12 YEARS - 150 YEARS'],[nan],,
82,RHQ060,999,Don'T Know,['About how old {were you/was SP} when {you/SP} had {your/her} last menstrual period?'],['Females only 12 YEARS - 150 YEARS'],[nan],,
83,RHQ060,.,Missing,['About how old {were you/was SP} when {you/SP} had {your/her} last menstrual period?'],['Females only 12 YEARS - 150 YEARS'],[nan],,
84,RHQ060,13 To 80,Range Of Values,['About how old {were you/was SP} when {you/SP} had {your/her} last menstrual period?'],['Females only 12 YEARS - 150 YEARS'],[nan],,
85,RHQ060,13 To 67,Range Of Values,['About how old {were you/was SP} when {you/SP} had {your/her} last menstrual period?'],['Females only 12 YEARS - 150 YEARS'],[nan],,
86,RHQ060,13 To 62,Range Of Values,['About how old {were you/was SP} when {you/SP} had {your/her} last menstrual period?'],['Females only 12 YEARS - 150 YEARS'],[nan],,
87,RHQ060,12 To 70,Range Of Values,['About how old {were you/was SP} when {you/SP} had {your/her} last menstrual period?'],['Females only 12 YEARS - 150 YEARS'],[nan],,
88,RHQ060,12 To 65,Range Of Values,['About how old {were you/was SP} when {you/SP} had {your/her} last menstrual period?'],['Females only 12 YEARS - 150 YEARS'],[nan],,
89,RHQ060,15 To 65,Range Of Values,['About how old {were you/was SP} when {you/SP} had {your/her} last menstrual period?'],['Females only 12 YEARS - 150 YEARS'],[nan],,
90,RHQ060,10 To 71,Range Of Values,['About how old {were you/was SP} when {you/SP} had {your/her} last menstrual period?'],['Females only 12 YEARS - 150 YEARS'],[nan],,
91,RHQ070,1,Younger Than 30,['{Were you/Was SP}...'],['Females only 12 YEARS - 150 YEARS'],[nan],,
92,RHQ070,2,30 To 34,['{Were you/Was SP}...'],['Females only 12 YEARS - 150 YEARS'],[nan],,
93,RHQ070,3,35 To 39,['{Were you/Was SP}...'],['Females only 12 YEARS - 150 YEARS'],[nan],,
94,RHQ070,4,40 To 44,['{Were you/Was SP}...'],['Females only 12 YEARS - 150 YEARS'],[nan],,
95,RHQ070,5,45 To 49,['{Were you/Was SP}...'],['Females only 12 YEARS - 150 YEARS'],[nan],,
96,RHQ070,6,50 To 54,['{Were you/Was SP}...'],['Females only 12 YEARS - 150 YEARS'],[nan],,
97,RHQ070,7,55 Or Older,['{Were you/Was SP}...'],['Females only 12 YEARS - 150 YEARS'],[nan],,
98,RHQ070,77,Refused,['{Were you/Was SP}...'],['Females only 12 YEARS - 150 YEARS'],[nan],,
99,RHQ070,99,Don'T Know,['{Were you/Was SP}...'],['Females only 12 YEARS - 150 YEARS'],[nan],,
100,RHQ070,.,Missing,['{Were you/Was SP}...'],['Females only 12 YEARS - 150 YEARS'],[nan],,
101,RHQ070,6,"50 To 54, Or",['{Were you/Was SP}...'],['Females only 12 YEARS - 150 YEARS'],[nan],,
102,RHQ070,7,55 Or Older?,['{Were you/Was SP}...'],['Females only 12 YEARS - 150 YEARS'],[nan],,
103,RHQ074,1,Yes,['The next questions are about {your/SPs} pregnancy history. {Have you/Has SP} ever attempted to become pregnant over a period of at least a year without becoming pregnant?'],"['Females only 18 YEARS - 59 YEARS', 'Females only 18 YEARS - 150 YEARS']",[nan],,
104,RHQ074,2,No,['The next questions are about {your/SPs} pregnancy history. {Have you/Has SP} ever attempted to become pregnant over a period of at least a year without becoming pregnant?'],"['Females only 18 YEARS - 59 YEARS', 'Females only 18 YEARS - 150 YEARS']",[nan],,
105,RHQ074,7,Refused,['The next questions are about {your/SPs} pregnancy history. {Have you/Has SP} ever attempted to become pregnant over a period of at least a year without becoming pregnant?'],"['Females only 18 YEARS - 59 YEARS', 'Females only 18 YEARS - 150 YEARS']",[nan],,
106,RHQ074,9,Don'T Know,['The next questions are about {your/SPs} pregnancy history. {Have you/Has SP} ever attempted to become pregnant over a period of at least a year without becoming pregnant?'],"['Females only 18 YEARS - 59 YEARS', 'Females only 18 YEARS - 150 YEARS']",[nan],,
107,RHQ074,.,Missing,['The next questions are about {your/SPs} pregnancy history. {Have you/Has SP} ever attempted to become pregnant over a period of at least a year without becoming pregnant?'],"['Females only 18 YEARS - 59 YEARS', 'Females only 18 YEARS - 150 YEARS']",[nan],,
108,RHQ076,1,Yes,['{Have you/Has SP} ever been to a doctor or other medical provider because {you have/she has} been unable to become pregnant?'],"['Females only 18 YEARS - 59 YEARS', 'Females only 18 YEARS - 150 YEARS']",[nan],,
109,RHQ076,2,No,['{Have you/Has SP} ever been to a doctor or other medical provider because {you have/she has} been unable to become pregnant?'],"['Females only 18 YEARS - 59 YEARS', 'Females only 18 YEARS - 150 YEARS']",[nan],,
110,RHQ076,7,Refused,['{Have you/Has SP} ever been to a doctor or other medical provider because {you have/she has} been unable to become pregnant?'],"['Females only 18 YEARS - 59 YEARS', 'Females only 18 YEARS - 150 YEARS']",[nan],,
111,RHQ076,9,Don'T Know,['{Have you/Has SP} ever been to a doctor or other medical provider because {you have/she has} been unable to become pregnant?'],"['Females only 18 YEARS - 59 YEARS', 'Females only 18 YEARS - 150 YEARS']",[nan],,
112,RHQ076,.,Missing,['{Have you/Has SP} ever been to a doctor or other medical provider because {you have/she has} been unable to become pregnant?'],"['Females only 18 YEARS - 59 YEARS', 'Females only 18 YEARS - 150 YEARS']",[nan],,
113,RHQ078,1,Yes,['{Have you/Has SP} ever been treated for an infection in {your/her} fallopian tubes uterus or ovaries also called a pelvic infection pelvic inflammatory disease or PID?'],"['Females only 18 YEARS - 59 YEARS', 'Females only 18 YEARS - 150 YEARS']",[nan],,
114,RHQ078,2,No,['{Have you/Has SP} ever been treated for an infection in {your/her} fallopian tubes uterus or ovaries also called a pelvic infection pelvic inflammatory disease or PID?'],"['Females only 18 YEARS - 59 YEARS', 'Females only 18 YEARS - 150 YEARS']",[nan],,
115,RHQ078,7,Refused,['{Have you/Has SP} ever been treated for an infection in {your/her} fallopian tubes uterus or ovaries also called a pelvic infection pelvic inflammatory disease or PID?'],"['Females only 18 YEARS - 59 YEARS', 'Females only 18 YEARS - 150 YEARS']",[nan],,
116,RHQ078,9,Don'T Know,['{Have you/Has SP} ever been treated for an infection in {your/her} fallopian tubes uterus or ovaries also called a pelvic infection pelvic inflammatory disease or PID?'],"['Females only 18 YEARS - 59 YEARS', 'Females only 18 YEARS - 150 YEARS']",[nan],,
117,RHQ078,.,Missing,['{Have you/Has SP} ever been treated for an infection in {your/her} fallopian tubes uterus or ovaries also called a pelvic infection pelvic inflammatory disease or PID?'],"['Females only 18 YEARS - 59 YEARS', 'Females only 18 YEARS - 150 YEARS']",[nan],,
118,RHQ131,1,Yes,['The next questions are about {your/SPs} pregnancy history. {Have you/Has SP ever been pregnant? Please include (current pregnancy) live births miscarriages stillbirths tubal pregnancies and abortions.'],"['Females only 20 YEARS - 150 YEARS', 'Females only 12 YEARS - 150 YEARS', 'Females only 20 YEARS - 59 YEARS']",[nan],,
119,RHQ131,2,No,['The next questions are about {your/SPs} pregnancy history. {Have you/Has SP ever been pregnant? Please include (current pregnancy) live births miscarriages stillbirths tubal pregnancies and abortions.'],"['Females only 20 YEARS - 150 YEARS', 'Females only 12 YEARS - 150 YEARS', 'Females only 20 YEARS - 59 YEARS']",[nan],,
120,RHQ131,7,Refused,['The next questions are about {your/SPs} pregnancy history. {Have you/Has SP ever been pregnant? Please include (current pregnancy) live births miscarriages stillbirths tubal pregnancies and abortions.'],"['Females only 20 YEARS - 150 YEARS', 'Females only 12 YEARS - 150 YEARS', 'Females only 20 YEARS - 59 YEARS']",[nan],,
121,RHQ131,9,Don'T Know,['The next questions are about {your/SPs} pregnancy history. {Have you/Has SP ever been pregnant? Please include (current pregnancy) live births miscarriages stillbirths tubal pregnancies and abortions.'],"['Females only 20 YEARS - 150 YEARS', 'Females only 12 YEARS - 150 YEARS', 'Females only 20 YEARS - 59 YEARS']",[nan],,
122,RHQ131,.,Missing,['The next questions are about {your/SPs} pregnancy history. {Have you/Has SP ever been pregnant? Please include (current pregnancy) live births miscarriages stillbirths tubal pregnancies and abortions.'],"['Females only 20 YEARS - 150 YEARS', 'Females only 12 YEARS - 150 YEARS', 'Females only 20 YEARS - 59 YEARS']",[nan],,
123,RHQ160,1 To 10,Range Of Values,['How many times {have you/has SP} been pregnant? ({Again be/Be} sure to count all {your/her} pregnancies including (current pregnancy) live births miscarriages stillbirths tubal pregnancies or abortions.)'],"['Females only 20 YEARS - 150 YEARS', 'Females only 12 YEARS - 150 YEARS']",[nan],,
124,RHQ160,11,11 Or More,['How many times {have you/has SP} been pregnant? ({Again be/Be} sure to count all {your/her} pregnancies including (current pregnancy) live births miscarriages stillbirths tubal pregnancies or abortions.)'],"['Females only 20 YEARS - 150 YEARS', 'Females only 12 YEARS - 150 YEARS']",[nan],,
125,RHQ160,77,Refused,['How many times {have you/has SP} been pregnant? ({Again be/Be} sure to count all {your/her} pregnancies including (current pregnancy) live births miscarriages stillbirths tubal pregnancies or abortions.)'],"['Females only 20 YEARS - 150 YEARS', 'Females only 12 YEARS - 150 YEARS']",[nan],,
126,RHQ160,99,Don'T Know,['How many times {have you/has SP} been pregnant? ({Again be/Be} sure to count all {your/her} pregnancies including (current pregnancy) live births miscarriages stillbirths tubal pregnancies or abortions.)'],"['Females only 20 YEARS - 150 YEARS', 'Females only 12 YEARS - 150 YEARS']",[nan],,
127,RHQ160,.,Missing,['How many times {have you/has SP} been pregnant? ({Again be/Be} sure to count all {your/her} pregnancies including (current pregnancy) live births miscarriages stillbirths tubal pregnancies or abortions.)'],"['Females only 20 YEARS - 150 YEARS', 'Females only 12 YEARS - 150 YEARS']",[nan],,
128,RHQ160,1 To 18,Range Of Values,['How many times {have you/has SP} been pregnant? ({Again be/Be} sure to count all {your/her} pregnancies including (current pregnancy) live births miscarriages stillbirths tubal pregnancies or abortions.)'],"['Females only 20 YEARS - 150 YEARS', 'Females only 12 YEARS - 150 YEARS']",[nan],,
129,RHQ160,1 To 32,Range Of Values,['How many times {have you/has SP} been pregnant? ({Again be/Be} sure to count all {your/her} pregnancies including (current pregnancy) live births miscarriages stillbirths tubal pregnancies or abortions.)'],"['Females only 20 YEARS - 150 YEARS', 'Females only 12 YEARS - 150 YEARS']",[nan],,
130,RHQ160,1 To 20,Range Of Values,['How many times {have you/has SP} been pregnant? ({Again be/Be} sure to count all {your/her} pregnancies including (current pregnancy) live births miscarriages stillbirths tubal pregnancies or abortions.)'],"['Females only 20 YEARS - 150 YEARS', 'Females only 12 YEARS - 150 YEARS']",[nan],,
131,RHQ160,1 To 34,Range Of Values,['How many times {have you/has SP} been pregnant? ({Again be/Be} sure to count all {your/her} pregnancies including (current pregnancy) live births miscarriages stillbirths tubal pregnancies or abortions.)'],"['Females only 20 YEARS - 150 YEARS', 'Females only 12 YEARS - 150 YEARS']",[nan],,
132,RHQ160,1 To 14,Range Of Values,['How many times {have you/has SP} been pregnant? ({Again be/Be} sure to count all {your/her} pregnancies including (current pregnancy) live births miscarriages stillbirths tubal pregnancies or abortions.)'],"['Females only 20 YEARS - 150 YEARS', 'Females only 12 YEARS - 150 YEARS']",[nan],,
133,RHQ160,1 To 33,Range Of Values,['How many times {have you/has SP} been pregnant? ({Again be/Be} sure to count all {your/her} pregnancies including (current pregnancy) live births miscarriages stillbirths tubal pregnancies or abortions.)'],"['Females only 20 YEARS - 150 YEARS', 'Females only 12 YEARS - 150 YEARS']",[nan],,
134,RHQ160,1 To 55,Range Of Values,['How many times {have you/has SP} been pregnant? ({Again be/Be} sure to count all {your/her} pregnancies including (current pregnancy) live births miscarriages stillbirths tubal pregnancies or abortions.)'],"['Females only 20 YEARS - 150 YEARS', 'Females only 12 YEARS - 150 YEARS']",[nan],,
135,RHQ162,1,Yes,['During {any/your/SPs} pregnancy {were you/was SP} ever told by a doctor or other health professional that {you/she} had diabetes sugar diabetes or gestational diabetes? Please do not include diabetes that {you/SP} may have known about before the pregnancy.'],['Females only 20 YEARS - 150 YEARS'],[nan],,
136,RHQ162,2,No,['During {any/your/SPs} pregnancy {were you/was SP} ever told by a doctor or other health professional that {you/she} had diabetes sugar diabetes or gestational diabetes? Please do not include diabetes that {you/SP} may have known about before the pregnancy.'],['Females only 20 YEARS - 150 YEARS'],[nan],,
137,RHQ162,3,Borderline,['During {any/your/SPs} pregnancy {were you/was SP} ever told by a doctor or other health professional that {you/she} had diabetes sugar diabetes or gestational diabetes? Please do not include diabetes that {you/SP} may have known about before the pregnancy.'],['Females only 20 YEARS - 150 YEARS'],[nan],,
138,RHQ162,7,Refused,['During {any/your/SPs} pregnancy {were you/was SP} ever told by a doctor or other health professional that {you/she} had diabetes sugar diabetes or gestational diabetes? Please do not include diabetes that {you/SP} may have known about before the pregnancy.'],['Females only 20 YEARS - 150 YEARS'],[nan],,
139,RHQ162,9,Don'T Know,['During {any/your/SPs} pregnancy {were you/was SP} ever told by a doctor or other health professional that {you/she} had diabetes sugar diabetes or gestational diabetes? Please do not include diabetes that {you/SP} may have known about before the pregnancy.'],['Females only 20 YEARS - 150 YEARS'],[nan],,
140,RHQ162,.,Missing,['During {any/your/SPs} pregnancy {were you/was SP} ever told by a doctor or other health professional that {you/she} had diabetes sugar diabetes or gestational diabetes? Please do not include diabetes that {you/SP} may have known about before the pregnancy.'],['Females only 20 YEARS - 150 YEARS'],[nan],,
141,RHQ171,0 To 4,Range Of Values,['How many of {your/her} deliveries resulted {Did {your/her} delivery result} in a live birth?'],"['Females only 20 YEARS - 150 YEARS', 'Females only 12 YEARS - 150 YEARS']",[nan],,
142,RHQ171,5,5 Or More Live Births,['How many of {your/her} deliveries resulted {Did {your/her} delivery result} in a live birth?'],"['Females only 20 YEARS - 150 YEARS', 'Females only 12 YEARS - 150 YEARS']",[nan],,
143,RHQ171,77,Refused,['How many of {your/her} deliveries resulted {Did {your/her} delivery result} in a live birth?'],"['Females only 20 YEARS - 150 YEARS', 'Females only 12 YEARS - 150 YEARS']",[nan],,
144,RHQ171,99,Don'T Know,['How many of {your/her} deliveries resulted {Did {your/her} delivery result} in a live birth?'],"['Females only 20 YEARS - 150 YEARS', 'Females only 12 YEARS - 150 YEARS']",[nan],,
145,RHQ171,.,Missing,['How many of {your/her} deliveries resulted {Did {your/her} delivery result} in a live birth?'],"['Females only 20 YEARS - 150 YEARS', 'Females only 12 YEARS - 150 YEARS']",[nan],,
146,RHQ171,0 To 15,Range Of Values,['How many of {your/her} deliveries resulted {Did {your/her} delivery result} in a live birth?'],"['Females only 20 YEARS - 150 YEARS', 'Females only 12 YEARS - 150 YEARS']",[nan],,
147,RHQ171,0 To 17,Range Of Values,['How many of {your/her} deliveries resulted {Did {your/her} delivery result} in a live birth?'],"['Females only 20 YEARS - 150 YEARS', 'Females only 12 YEARS - 150 YEARS']",[nan],,
148,RHQ171,0 To 12,Range Of Values,['How many of {your/her} deliveries resulted {Did {your/her} delivery result} in a live birth?'],"['Females only 20 YEARS - 150 YEARS', 'Females only 12 YEARS - 150 YEARS']",[nan],,
149,RHQ171,0 To 10,Range Of Values,['How many of {your/her} deliveries resulted {Did {your/her} delivery result} in a live birth?'],"['Females only 20 YEARS - 150 YEARS', 'Females only 12 YEARS - 150 YEARS']",[nan],,
150,RHQ171,11,11 Or More,['How many of {your/her} deliveries resulted {Did {your/her} delivery result} in a live birth?'],"['Females only 20 YEARS - 150 YEARS', 'Females only 12 YEARS - 150 YEARS']",[nan],,
151,RHQ172,1,Yes,['{Did {your/SPs} delivery/Did any of {your/SPs} deliveries} result in a baby that weighed 9 pounds (4082 g) or more at birth? (Please count stillbirths as well as live births.)'],['Females only 20 YEARS - 150 YEARS'],[nan],,
152,RHQ172,2,No,['{Did {your/SPs} delivery/Did any of {your/SPs} deliveries} result in a baby that weighed 9 pounds (4082 g) or more at birth? (Please count stillbirths as well as live births.)'],['Females only 20 YEARS - 150 YEARS'],[nan],,
153,RHQ172,7,Refused,['{Did {your/SPs} delivery/Did any of {your/SPs} deliveries} result in a baby that weighed 9 pounds (4082 g) or more at birth? (Please count stillbirths as well as live births.)'],['Females only 20 YEARS - 150 YEARS'],[nan],,
154,RHQ172,9,Don'T Know,['{Did {your/SPs} delivery/Did any of {your/SPs} deliveries} result in a baby that weighed 9 pounds (4082 g) or more at birth? (Please count stillbirths as well as live births.)'],['Females only 20 YEARS - 150 YEARS'],[nan],,
155,RHQ172,.,Missing,['{Did {your/SPs} delivery/Did any of {your/SPs} deliveries} result in a baby that weighed 9 pounds (4082 g) or more at birth? (Please count stillbirths as well as live births.)'],['Females only 20 YEARS - 150 YEARS'],[nan],,
156,RHQ197,2 To 24,Range Of Values,['How many months ago did {you/SP} have {your/her} baby?'],"['Females only 20 YEARS - 44 YEARS', 'Females only 20 YEARS - 150 YEARS']",[nan],,
157,RHQ197,1,1 Month Or Less,['How many months ago did {you/SP} have {your/her} baby?'],"['Females only 20 YEARS - 44 YEARS', 'Females only 20 YEARS - 150 YEARS']",[nan],,
158,RHQ197,777,Refused,['How many months ago did {you/SP} have {your/her} baby?'],"['Females only 20 YEARS - 44 YEARS', 'Females only 20 YEARS - 150 YEARS']",[nan],,
159,RHQ197,999,Don'T Know,['How many months ago did {you/SP} have {your/her} baby?'],"['Females only 20 YEARS - 44 YEARS', 'Females only 20 YEARS - 150 YEARS']",[nan],,
160,RHQ197,.,Missing,['How many months ago did {you/SP} have {your/her} baby?'],"['Females only 20 YEARS - 44 YEARS', 'Females only 20 YEARS - 150 YEARS']",[nan],,
161,RHQ197,1 To 24,Range Of Values,['How many months ago did {you/SP} have {your/her} baby?'],"['Females only 20 YEARS - 44 YEARS', 'Females only 20 YEARS - 150 YEARS']",[nan],,
162,RHQ197,2 To 29,Range Of Values,['How many months ago did {you/SP} have {your/her} baby?'],"['Females only 20 YEARS - 44 YEARS', 'Females only 20 YEARS - 150 YEARS']",[nan],,
163,RHQ197,2 To 28,Range Of Values,['How many months ago did {you/SP} have {your/her} baby?'],"['Females only 20 YEARS - 44 YEARS', 'Females only 20 YEARS - 150 YEARS']",[nan],,
164,RHQ197,2 To 27,Range Of Values,['How many months ago did {you/SP} have {your/her} baby?'],"['Females only 20 YEARS - 44 YEARS', 'Females only 20 YEARS - 150 YEARS']",[nan],,
165,RHQ200,1,Yes,['{Are you/Is SP} now breast feeding a child?'],"['Females only 20 YEARS - 44 YEARS', 'Females only 12 YEARS - 150 YEARS']",[nan],,
166,RHQ200,2,No,['{Are you/Is SP} now breast feeding a child?'],"['Females only 20 YEARS - 44 YEARS', 'Females only 12 YEARS - 150 YEARS']",[nan],,
167,RHQ200,7,Refused,['{Are you/Is SP} now breast feeding a child?'],"['Females only 20 YEARS - 44 YEARS', 'Females only 12 YEARS - 150 YEARS']",[nan],,
168,RHQ200,9,Don'T Know,['{Are you/Is SP} now breast feeding a child?'],"['Females only 20 YEARS - 44 YEARS', 'Females only 12 YEARS - 150 YEARS']",[nan],,
169,RHQ200,.,Missing,['{Are you/Is SP} now breast feeding a child?'],"['Females only 20 YEARS - 44 YEARS', 'Females only 12 YEARS - 150 YEARS']",[nan],,
170,RHQ305,1,Yes,['{Have you/Has SP} had both of {your/her} ovaries removed (either when {you/she} had {your/her} uterus removed or at another time)?'],"['Females only 20 YEARS - 150 YEARS', 'Females only 12 YEARS - 150 YEARS']",[nan],,
171,RHQ305,2,No,['{Have you/Has SP} had both of {your/her} ovaries removed (either when {you/she} had {your/her} uterus removed or at another time)?'],"['Females only 20 YEARS - 150 YEARS', 'Females only 12 YEARS - 150 YEARS']",[nan],,
172,RHQ305,7,Refused,['{Have you/Has SP} had both of {your/her} ovaries removed (either when {you/she} had {your/her} uterus removed or at another time)?'],"['Females only 20 YEARS - 150 YEARS', 'Females only 12 YEARS - 150 YEARS']",[nan],,
173,RHQ305,9,Don'T Know,['{Have you/Has SP} had both of {your/her} ovaries removed (either when {you/she} had {your/her} uterus removed or at another time)?'],"['Females only 20 YEARS - 150 YEARS', 'Females only 12 YEARS - 150 YEARS']",[nan],,
174,RHQ305,.,Missing,['{Have you/Has SP} had both of {your/her} ovaries removed (either when {you/she} had {your/her} uterus removed or at another time)?'],"['Females only 20 YEARS - 150 YEARS', 'Females only 12 YEARS - 150 YEARS']",[nan],,
175,RHQ332,22 To 59,Range Of Values,['How old {were you/was SP} when {you/she} had {your/her} ovaries removed or last ovary removed if removed at different times?'],['Females only 20 YEARS - 150 YEARS'],[nan],,
176,RHQ332,19,19 Years Or Under,['How old {were you/was SP} when {you/she} had {your/her} ovaries removed or last ovary removed if removed at different times?'],['Females only 20 YEARS - 150 YEARS'],[nan],,
177,RHQ332,60,60 Years Or Older,['How old {were you/was SP} when {you/she} had {your/her} ovaries removed or last ovary removed if removed at different times?'],['Females only 20 YEARS - 150 YEARS'],[nan],,
178,RHQ332,777,Refused,['How old {were you/was SP} when {you/she} had {your/her} ovaries removed or last ovary removed if removed at different times?'],['Females only 20 YEARS - 150 YEARS'],[nan],,
179,RHQ332,999,Don'T Know,['How old {were you/was SP} when {you/she} had {your/her} ovaries removed or last ovary removed if removed at different times?'],['Females only 20 YEARS - 150 YEARS'],[nan],,
180,RHQ332,.,Missing,['How old {were you/was SP} when {you/she} had {your/her} ovaries removed or last ovary removed if removed at different times?'],['Females only 20 YEARS - 150 YEARS'],[nan],,
181,RHQ332,20 To 79,Range Of Values,['How old {were you/was SP} when {you/she} had {your/her} ovaries removed or last ovary removed if removed at different times?'],['Females only 20 YEARS - 150 YEARS'],[nan],,
182,RHQ332,19 To 80,Range Of Values,['How old {were you/was SP} when {you/she} had {your/her} ovaries removed or last ovary removed if removed at different times?'],['Females only 20 YEARS - 150 YEARS'],[nan],,
183,RHQ332,24 To 77,Range Of Values,['How old {were you/was SP} when {you/she} had {your/her} ovaries removed or last ovary removed if removed at different times?'],['Females only 20 YEARS - 150 YEARS'],[nan],,
184,RHQ332,20 To 75,Range Of Values,['How old {were you/was SP} when {you/she} had {your/her} ovaries removed or last ovary removed if removed at different times?'],['Females only 20 YEARS - 150 YEARS'],[nan],,
185,RHQ332,21 To 59,Range Of Values,['How old {were you/was SP} when {you/she} had {your/her} ovaries removed or last ovary removed if removed at different times?'],['Females only 20 YEARS - 150 YEARS'],[nan],,
186,RHQ540,1,Yes,['{Have you/Has SP} ever used female hormones such as estrogen and progesterone? Please include any forms of female hormones such as pills cream patch and injectables but do not include birth control methods or use for infertility.'],['Females only 20 YEARS - 150 YEARS'],[nan],,
187,RHQ540,2,No,['{Have you/Has SP} ever used female hormones such as estrogen and progesterone? Please include any forms of female hormones such as pills cream patch and injectables but do not include birth control methods or use for infertility.'],['Females only 20 YEARS - 150 YEARS'],[nan],,
188,RHQ540,7,Refused,['{Have you/Has SP} ever used female hormones such as estrogen and progesterone? Please include any forms of female hormones such as pills cream patch and injectables but do not include birth control methods or use for infertility.'],['Females only 20 YEARS - 150 YEARS'],[nan],,
189,RHQ540,9,Don'T Know,['{Have you/Has SP} ever used female hormones such as estrogen and progesterone? Please include any forms of female hormones such as pills cream patch and injectables but do not include birth control methods or use for infertility.'],['Females only 20 YEARS - 150 YEARS'],[nan],,
190,RHQ540,.,Missing,['{Have you/Has SP} ever used female hormones such as estrogen and progesterone? Please include any forms of female hormones such as pills cream patch and injectables but do not include birth control methods or use for infertility.'],['Females only 20 YEARS - 150 YEARS'],[nan],,
191,RHQ542A,10,Pills,['Which forms of female hormones {have you/has SP} used.'],['Females only 20 YEARS - 150 YEARS'],[nan],,
192,RHQ542A,77,Refused,['Which forms of female hormones {have you/has SP} used.'],['Females only 20 YEARS - 150 YEARS'],[nan],,
193,RHQ542A,99,Don'T Know,['Which forms of female hormones {have you/has SP} used.'],['Females only 20 YEARS - 150 YEARS'],[nan],,
194,RHQ542A,.,Missing,['Which forms of female hormones {have you/has SP} used.'],['Females only 20 YEARS - 150 YEARS'],[nan],,
195,RHQ542B,11,Patches,['Which forms of female hormones {have you/has SP} used.'],['Females only 20 YEARS - 150 YEARS'],[nan],,
196,RHQ542B,.,Missing,['Which forms of female hormones {have you/has SP} used.'],['Females only 20 YEARS - 150 YEARS'],[nan],,
197,RHQ542C,12,Cream/Suppository/Injection,['Which forms of female hormones {have you/has SP} used.'],['Females only 20 YEARS - 150 YEARS'],[nan],,
198,RHQ542C,.,Missing,['Which forms of female hormones {have you/has SP} used.'],['Females only 20 YEARS - 150 YEARS'],[nan],,
199,RHQ542D,13,Other,['Which forms of female hormones {have you/has SP} used.'],['Females only 20 YEARS - 150 YEARS'],[nan],,
200,RHQ542D,.,Missing,['Which forms of female hormones {have you/has SP} used.'],['Females only 20 YEARS - 150 YEARS'],[nan],,
201,RHQ554,1,Yes,['{Have you/Has SP} ever taken female hormone pills containing estrogen only (like Premarin)? (Do not include birth control pills.)'],['Females only 20 YEARS - 150 YEARS'],[nan],,
202,RHQ554,2,No,['{Have you/Has SP} ever taken female hormone pills containing estrogen only (like Premarin)? (Do not include birth control pills.)'],['Females only 20 YEARS - 150 YEARS'],[nan],,
203,RHQ554,7,Refused,['{Have you/Has SP} ever taken female hormone pills containing estrogen only (like Premarin)? (Do not include birth control pills.)'],['Females only 20 YEARS - 150 YEARS'],[nan],,
204,RHQ554,9,Don'T Know,['{Have you/Has SP} ever taken female hormone pills containing estrogen only (like Premarin)? (Do not include birth control pills.)'],['Females only 20 YEARS - 150 YEARS'],[nan],,
205,RHQ554,.,Missing,['{Have you/Has SP} ever taken female hormone pills containing estrogen only (like Premarin)? (Do not include birth control pills.)'],['Females only 20 YEARS - 150 YEARS'],[nan],,
206,RHQ570,1,Yes,['{Have you/Has SP} taken female hormone pills containing both estrogen and progestin (like Prempro Premphase)? (Do not include birth control pills.)'],['Females only 20 YEARS - 150 YEARS'],[nan],,
207,RHQ570,2,No,['{Have you/Has SP} taken female hormone pills containing both estrogen and progestin (like Prempro Premphase)? (Do not include birth control pills.)'],['Females only 20 YEARS - 150 YEARS'],[nan],,
208,RHQ570,7,Refused,['{Have you/Has SP} taken female hormone pills containing both estrogen and progestin (like Prempro Premphase)? (Do not include birth control pills.)'],['Females only 20 YEARS - 150 YEARS'],[nan],,
209,RHQ570,9,Don'T Know,['{Have you/Has SP} taken female hormone pills containing both estrogen and progestin (like Prempro Premphase)? (Do not include birth control pills.)'],['Females only 20 YEARS - 150 YEARS'],[nan],,
210,RHQ570,.,Missing,['{Have you/Has SP} taken female hormone pills containing both estrogen and progestin (like Prempro Premphase)? (Do not include birth control pills.)'],['Females only 20 YEARS - 150 YEARS'],[nan],,
211,SEQN,,,['Respondent sequence number.'],['Females only 12 YEARS - 150 YEARS'],[nan],,
212,RHQ015,,,[nan],['Females only 12 YEARS - 150 YEARS'],[nan],,
213,RHQ030,1,Yes,['{Have you/Has SP} had regular periods in the past 12 months? {Please do not include bleedings caused by medical conditions or surgeries.}'],['Females only 12 YEARS - 150 YEARS'],[nan],,
214,RHQ030,2,No,['{Have you/Has SP} had regular periods in the past 12 months? {Please do not include bleedings caused by medical conditions or surgeries.}'],['Females only 12 YEARS - 150 YEARS'],[nan],,
215,RHQ030,7,Refused,['{Have you/Has SP} had regular periods in the past 12 months? {Please do not include bleedings caused by medical conditions or surgeries.}'],['Females only 12 YEARS - 150 YEARS'],[nan],,
216,RHQ030,9,Don'T Know,['{Have you/Has SP} had regular periods in the past 12 months? {Please do not include bleedings caused by medical conditions or surgeries.}'],['Females only 12 YEARS - 150 YEARS'],[nan],,
217,RHQ030,.,Missing,['{Have you/Has SP} had regular periods in the past 12 months? {Please do not include bleedings caused by medical conditions or surgeries.}'],['Females only 12 YEARS - 150 YEARS'],[nan],,
218,RHQ040,1,Pregnant Now,['What is the reason that {you have/SP has} not had regular periods in the past 12 months?'],['Females only 12 YEARS - 150 YEARS'],[nan],,
219,RHQ040,2,Breast Feeding,['What is the reason that {you have/SP has} not had regular periods in the past 12 months?'],['Females only 12 YEARS - 150 YEARS'],[nan],,
220,RHQ040,3,Pregnant In Past Year,['What is the reason that {you have/SP has} not had regular periods in the past 12 months?'],['Females only 12 YEARS - 150 YEARS'],[nan],,
221,RHQ040,4,Periods Usually Irregular,['What is the reason that {you have/SP has} not had regular periods in the past 12 months?'],['Females only 12 YEARS - 150 YEARS'],[nan],,
222,RHQ040,5,Going-Gone Through Menopause,['What is the reason that {you have/SP has} not had regular periods in the past 12 months?'],['Females only 12 YEARS - 150 YEARS'],[nan],,
223,RHQ040,6,Medical Conditions-Treatments,['What is the reason that {you have/SP has} not had regular periods in the past 12 months?'],['Females only 12 YEARS - 150 YEARS'],[nan],,
224,RHQ040,77,Refused,['What is the reason that {you have/SP has} not had regular periods in the past 12 months?'],['Females only 12 YEARS - 150 YEARS'],[nan],,
225,RHQ040,99,Don'T Know,['What is the reason that {you have/SP has} not had regular periods in the past 12 months?'],['Females only 12 YEARS - 150 YEARS'],[nan],,
226,RHQ040,.,Missing,['What is the reason that {you have/SP has} not had regular periods in the past 12 months?'],['Females only 12 YEARS - 150 YEARS'],[nan],,
227,RHQ050,1,Having It Now,['When did {you/SP} have {your/her} last period? PROBE: How many years or months ago was {your/her} last period?'],['Females only 12 YEARS - 150 YEARS'],[nan],,
228,RHQ050,2,Less Than 2 Months Ago,['When did {you/SP} have {your/her} last period? PROBE: How many years or months ago was {your/her} last period?'],['Females only 12 YEARS - 150 YEARS'],[nan],,
229,RHQ050,3,3 - 5 Months Ago,['When did {you/SP} have {your/her} last period? PROBE: How many years or months ago was {your/her} last period?'],['Females only 12 YEARS - 150 YEARS'],[nan],,
230,RHQ050,4,6 - 8 Months Ago,['When did {you/SP} have {your/her} last period? PROBE: How many years or months ago was {your/her} last period?'],['Females only 12 YEARS - 150 YEARS'],[nan],,
231,RHQ050,5,9 - 11 Months Ago,['When did {you/SP} have {your/her} last period? PROBE: How many years or months ago was {your/her} last period?'],['Females only 12 YEARS - 150 YEARS'],[nan],,
232,RHQ050,6,12 Or More Months Ago,['When did {you/SP} have {your/her} last period? PROBE: How many years or months ago was {your/her} last period?'],['Females only 12 YEARS - 150 YEARS'],[nan],,
233,RHQ050,77,Refused,['When did {you/SP} have {your/her} last period? PROBE: How many years or months ago was {your/her} last period?'],['Females only 12 YEARS - 150 YEARS'],[nan],,
234,RHQ050,99,Don'T Know,['When did {you/SP} have {your/her} last period? PROBE: How many years or months ago was {your/her} last period?'],['Females only 12 YEARS - 150 YEARS'],[nan],,
235,RHQ050,.,Missing,['When did {you/SP} have {your/her} last period? PROBE: How many years or months ago was {your/her} last period?'],['Females only 12 YEARS - 150 YEARS'],[nan],,
236,RHQ065,,,[nan],['Females only 12 YEARS - 150 YEARS'],[nan],,
237,RHQ075,,,[nan],['Females only 12 YEARS - 150 YEARS'],[nan],,
238,RHD080,0 To 354,Range Of Values,['Number of days since the last period started.'],['Females only 12 YEARS - 60 YEARS'],[nan],,
239,RHD080,777,Refused,['Number of days since the last period started.'],['Females only 12 YEARS - 60 YEARS'],[nan],,
240,RHD080,999,Don'T Know,['Number of days since the last period started.'],['Females only 12 YEARS - 60 YEARS'],[nan],,
241,RHD080,.,Missing,['Number of days since the last period started.'],['Females only 12 YEARS - 60 YEARS'],[nan],,
242,RHD080,0 To 364,Range Of Values,['Number of days since the last period started.'],['Females only 12 YEARS - 60 YEARS'],[nan],,
243,RHD080,0 To 361,Range Of Values,['Number of days since the last period started.'],['Females only 12 YEARS - 60 YEARS'],[nan],,
244,RHQ085,,,[nan],['Females only 12 YEARS - 150 YEARS'],[nan],,
245,RHQ090,1,"More Regular,",['The next questions are about symptoms that can be associated with menopause. During the last 5 years have {your/SPs} menstrual cycles become…'],['Females only 35 YEARS - 60 YEARS'],[nan],,
246,RHQ090,2,"Less Regular, Or",['The next questions are about symptoms that can be associated with menopause. During the last 5 years have {your/SPs} menstrual cycles become…'],['Females only 35 YEARS - 60 YEARS'],[nan],,
247,RHQ090,3,About The Same?,['The next questions are about symptoms that can be associated with menopause. During the last 5 years have {your/SPs} menstrual cycles become…'],['Females only 35 YEARS - 60 YEARS'],[nan],,
248,RHQ090,7,Refused,['The next questions are about symptoms that can be associated with menopause. During the last 5 years have {your/SPs} menstrual cycles become…'],['Females only 35 YEARS - 60 YEARS'],[nan],,
249,RHQ090,9,Don'T Know,['The next questions are about symptoms that can be associated with menopause. During the last 5 years have {your/SPs} menstrual cycles become…'],['Females only 35 YEARS - 60 YEARS'],[nan],,
250,RHQ090,.,Missing,['The next questions are about symptoms that can be associated with menopause. During the last 5 years have {your/SPs} menstrual cycles become…'],['Females only 35 YEARS - 60 YEARS'],[nan],,
251,RHQ100,1,"Heavier,",['During the last 5 years has {your/SPs} menstrual flow or bleeding become...'],['Females only 35 YEARS - 60 YEARS'],[nan],,
252,RHQ100,2,"Lighter, Or",['During the last 5 years has {your/SPs} menstrual flow or bleeding become...'],['Females only 35 YEARS - 60 YEARS'],[nan],,
253,RHQ100,3,About The Same?,['During the last 5 years has {your/SPs} menstrual flow or bleeding become...'],['Females only 35 YEARS - 60 YEARS'],[nan],,
254,RHQ100,7,Refused,['During the last 5 years has {your/SPs} menstrual flow or bleeding become...'],['Females only 35 YEARS - 60 YEARS'],[nan],,
255,RHQ100,9,Don'T Know,['During the last 5 years has {your/SPs} menstrual flow or bleeding become...'],['Females only 35 YEARS - 60 YEARS'],[nan],,
256,RHQ100,.,Missing,['During the last 5 years has {your/SPs} menstrual flow or bleeding become...'],['Females only 35 YEARS - 60 YEARS'],[nan],,
257,RHQ110,1,Yes,['In the last 6 months {have you/has SP} had hot flashes or night sweats?'],['Females only 35 YEARS - 60 YEARS'],[nan],,
258,RHQ110,2,No,['In the last 6 months {have you/has SP} had hot flashes or night sweats?'],['Females only 35 YEARS - 60 YEARS'],[nan],,
259,RHQ110,7,Refused,['In the last 6 months {have you/has SP} had hot flashes or night sweats?'],['Females only 35 YEARS - 60 YEARS'],[nan],,
260,RHQ110,9,Don'T Know,['In the last 6 months {have you/has SP} had hot flashes or night sweats?'],['Females only 35 YEARS - 60 YEARS'],[nan],,
261,RHQ110,.,Missing,['In the last 6 months {have you/has SP} had hot flashes or night sweats?'],['Females only 35 YEARS - 60 YEARS'],[nan],,
262,RHD120,1 To 456,Range Of Values,['In the last 6 months how often {have you/has SP} had hot flashes or night sweats?'],['Females only 35 YEARS - 60 YEARS'],[nan],,
263,RHD120,7777,Refused,['In the last 6 months how often {have you/has SP} had hot flashes or night sweats?'],['Females only 35 YEARS - 60 YEARS'],[nan],,
264,RHD120,9999,Don'T Know,['In the last 6 months how often {have you/has SP} had hot flashes or night sweats?'],['Females only 35 YEARS - 60 YEARS'],[nan],,
265,RHD120,.,Missing,['In the last 6 months how often {have you/has SP} had hot flashes or night sweats?'],['Females only 35 YEARS - 60 YEARS'],[nan],,
266,RHD120,0 To 304,Range Of Values,['In the last 6 months how often {have you/has SP} had hot flashes or night sweats?'],['Females only 35 YEARS - 60 YEARS'],[nan],,
267,RHQ125,,,[nan],['Females only 12 YEARS - 150 YEARS'],[nan],,
268,RHD130,1,Yes,['The next questions are about {your/SPs} pregnancy history. {Have you/Has SP ever been pregnant? Please include (current pregnancy) live births miscarriages stillbirths tubal pregnancies and abortions.'],['Females only 12 YEARS - 150 YEARS'],[nan],,
269,RHD130,2,No,['The next questions are about {your/SPs} pregnancy history. {Have you/Has SP ever been pregnant? Please include (current pregnancy) live births miscarriages stillbirths tubal pregnancies and abortions.'],['Females only 12 YEARS - 150 YEARS'],[nan],,
270,RHD130,7,Refused,['The next questions are about {your/SPs} pregnancy history. {Have you/Has SP ever been pregnant? Please include (current pregnancy) live births miscarriages stillbirths tubal pregnancies and abortions.'],['Females only 12 YEARS - 150 YEARS'],[nan],,
271,RHD130,9,Don'T Know,['The next questions are about {your/SPs} pregnancy history. {Have you/Has SP ever been pregnant? Please include (current pregnancy) live births miscarriages stillbirths tubal pregnancies and abortions.'],['Females only 12 YEARS - 150 YEARS'],[nan],,
272,RHD130,.,Missing,['The next questions are about {your/SPs} pregnancy history. {Have you/Has SP ever been pregnant? Please include (current pregnancy) live births miscarriages stillbirths tubal pregnancies and abortions.'],['Females only 12 YEARS - 150 YEARS'],[nan],,
273,RHQ135,,,[nan],['Females only 12 YEARS - 150 YEARS'],[nan],,
274,RHQ141,1,Yes,['{Do you/Does SP} think {you are/he/she is} pregnant now?'],['Females only 12 YEARS - 60 YEARS'],[nan],,
275,RHQ141,2,No,['{Do you/Does SP} think {you are/he/she is} pregnant now?'],['Females only 12 YEARS - 60 YEARS'],[nan],,
276,RHQ141,7,Refused,['{Do you/Does SP} think {you are/he/she is} pregnant now?'],['Females only 12 YEARS - 60 YEARS'],[nan],,
277,RHQ141,9,Don'T Know,['{Do you/Does SP} think {you are/he/she is} pregnant now?'],['Females only 12 YEARS - 60 YEARS'],[nan],,
278,RHQ141,.,Missing,['{Do you/Does SP} think {you are/he/she is} pregnant now?'],['Females only 12 YEARS - 60 YEARS'],[nan],,
279,RHQ151,1 To 9,Range Of Values,['{The next questions are about {your/SPs} pregnancy history.} Which month of pregnancy {are you/is she} in?'],['Females only 12 YEARS - 60 YEARS'],[nan],,
280,RHQ151,77,Refused,['{The next questions are about {your/SPs} pregnancy history.} Which month of pregnancy {are you/is she} in?'],['Females only 12 YEARS - 60 YEARS'],[nan],,
281,RHQ151,99,Don'T Know,['{The next questions are about {your/SPs} pregnancy history.} Which month of pregnancy {are you/is she} in?'],['Females only 12 YEARS - 60 YEARS'],[nan],,
282,RHQ151,.,Missing,['{The next questions are about {your/SPs} pregnancy history.} Which month of pregnancy {are you/is she} in?'],['Females only 12 YEARS - 60 YEARS'],[nan],,
283,RHQ165,,,[nan],"['Females only 12 YEARS - 150 YEARS', 'Females only 20 YEARS - 150 YEARS']",[nan],,
284,RHD170,0 To 10,Range Of Values,['How many of {your/her} pregnancies resulted in a live birth?'],['Females only 12 YEARS - 150 YEARS'],[nan],,
285,RHD170,11,11 Or More,['How many of {your/her} pregnancies resulted in a live birth?'],['Females only 12 YEARS - 150 YEARS'],[nan],,
286,RHD170,77,Refused,['How many of {your/her} pregnancies resulted in a live birth?'],['Females only 12 YEARS - 150 YEARS'],[nan],,
287,RHD170,99,Don'T Know,['How many of {your/her} pregnancies resulted in a live birth?'],['Females only 12 YEARS - 150 YEARS'],[nan],,
288,RHD170,.,Missing,['How many of {your/her} pregnancies resulted in a live birth?'],['Females only 12 YEARS - 150 YEARS'],[nan],,
289,RHQ175,,,[nan],"['Females only 12 YEARS - 150 YEARS', 'Females only 20 YEARS - 150 YEARS']",[nan],,
290,RHQ180,12 To 39,Range Of Values,['How old {were you/was SP} at the time of {your/her} first live birth?'],['Females only 12 YEARS - 150 YEARS'],[nan],,
291,RHQ180,777,Refused,['How old {were you/was SP} at the time of {your/her} first live birth?'],['Females only 12 YEARS - 150 YEARS'],[nan],,
292,RHQ180,999,Don'T Know,['How old {were you/was SP} at the time of {your/her} first live birth?'],['Females only 12 YEARS - 150 YEARS'],[nan],,
293,RHQ180,.,Missing,['How old {were you/was SP} at the time of {your/her} first live birth?'],['Females only 12 YEARS - 150 YEARS'],[nan],,
294,RHQ180,12 To 54,Range Of Values,['How old {were you/was SP} at the time of {your/her} first live birth?'],['Females only 12 YEARS - 150 YEARS'],[nan],,
295,RHQ180,15 To 38,Range Of Values,['How old {were you/was SP} at the time of {your/her} first live birth?'],['Females only 12 YEARS - 150 YEARS'],[nan],,
296,RHQ180,14,14 Years Or Under,['How old {were you/was SP} at the time of {your/her} first live birth?'],['Females only 12 YEARS - 150 YEARS'],[nan],,
297,RHQ180,45,45 Years Or Older,['How old {were you/was SP} at the time of {your/her} first live birth?'],['Females only 12 YEARS - 150 YEARS'],[nan],,
298,RHQ180,13 To 41,Range Of Values,['How old {were you/was SP} at the time of {your/her} first live birth?'],['Females only 12 YEARS - 150 YEARS'],[nan],,
299,RHQ190,13 To 50,Range Of Values,['How old {were you/was SP} at the time of {your/her} last live birth?'],['Females only 12 YEARS - 150 YEARS'],[nan],,
300,RHQ190,777,Refused,['How old {were you/was SP} at the time of {your/her} last live birth?'],['Females only 12 YEARS - 150 YEARS'],[nan],,
301,RHQ190,999,Don'T Know,['How old {were you/was SP} at the time of {your/her} last live birth?'],['Females only 12 YEARS - 150 YEARS'],[nan],,
302,RHQ190,.,Missing,['How old {were you/was SP} at the time of {your/her} last live birth?'],['Females only 12 YEARS - 150 YEARS'],[nan],,
303,RHQ190,13 To 55,Range Of Values,['How old {were you/was SP} at the time of {your/her} last live birth?'],['Females only 12 YEARS - 150 YEARS'],[nan],,
304,RHQ190,15 To 44,Range Of Values,['How old {were you/was SP} at the time of {your/her} last live birth?'],['Females only 12 YEARS - 150 YEARS'],[nan],,
305,RHQ190,14,14 Years Or Under,['How old {were you/was SP} at the time of {your/her} last live birth?'],['Females only 12 YEARS - 150 YEARS'],[nan],,
306,RHQ190,45,45 Years Or Older,['How old {were you/was SP} at the time of {your/her} last live birth?'],['Females only 12 YEARS - 150 YEARS'],[nan],,
307,RHQ190,11 To 57,Range Of Values,['How old {were you/was SP} at the time of {your/her} last live birth?'],['Females only 12 YEARS - 150 YEARS'],[nan],,
308,RHQ195,,,[nan],"['Females only 12 YEARS - 150 YEARS', 'Females only 20 YEARS - 150 YEARS']",[nan],,
309,RHQ210,1,Yes,['Did {you/SP} breast feed {your/her} child/any of {your/her} children?'],['Females only 12 YEARS - 150 YEARS'],[nan],,
310,RHQ210,2,No,['Did {you/SP} breast feed {your/her} child/any of {your/her} children?'],['Females only 12 YEARS - 150 YEARS'],[nan],,
311,RHQ210,7,Refused,['Did {you/SP} breast feed {your/her} child/any of {your/her} children?'],['Females only 12 YEARS - 150 YEARS'],[nan],,
312,RHQ210,9,Don'T Know,['Did {you/SP} breast feed {your/her} child/any of {your/her} children?'],['Females only 12 YEARS - 150 YEARS'],[nan],,
313,RHQ210,.,Missing,['Did {you/SP} breast feed {your/her} child/any of {your/her} children?'],['Females only 12 YEARS - 150 YEARS'],[nan],,
314,RHQ215,,,[nan],['Females only 12 YEARS - 150 YEARS'],[nan],,
315,RHD230,0 To 13,Range Of Values,['How many of {your/SPs} children did {you/she} breast feed for at least 1 month?'],['Females only 12 YEARS - 150 YEARS'],[nan],,
316,RHD230,77,Refused,['How many of {your/SPs} children did {you/she} breast feed for at least 1 month?'],['Females only 12 YEARS - 150 YEARS'],[nan],,
317,RHD230,99,Don'T Know,['How many of {your/SPs} children did {you/she} breast feed for at least 1 month?'],['Females only 12 YEARS - 150 YEARS'],[nan],,
318,RHD230,.,Missing,['How many of {your/SPs} children did {you/she} breast feed for at least 1 month?'],['Females only 12 YEARS - 150 YEARS'],[nan],,
319,RHD230,0 To 15,Range Of Values,['How many of {your/SPs} children did {you/she} breast feed for at least 1 month?'],['Females only 12 YEARS - 150 YEARS'],[nan],,
320,RHQ235,,,[nan],['Females only 12 YEARS - 150 YEARS'],[nan],,
321,RHQ240A,10,Job-Scheduling Difficulties,['What were {your/SPs} reasons for {not breast feeding {your/her} child at least 1 month?/not breast feeding all of {your/her} children at least 1 month?}'],['Females only 12 YEARS - 150 YEARS'],[nan],,
322,RHQ240A,77,Refused,['What were {your/SPs} reasons for {not breast feeding {your/her} child at least 1 month?/not breast feeding all of {your/her} children at least 1 month?}'],['Females only 12 YEARS - 150 YEARS'],[nan],,
323,RHQ240A,99,Don'T Know,['What were {your/SPs} reasons for {not breast feeding {your/her} child at least 1 month?/not breast feeding all of {your/her} children at least 1 month?}'],['Females only 12 YEARS - 150 YEARS'],[nan],,
324,RHQ240A,.,Missing,['What were {your/SPs} reasons for {not breast feeding {your/her} child at least 1 month?/not breast feeding all of {your/her} children at least 1 month?}'],['Females only 12 YEARS - 150 YEARS'],[nan],,
325,RHQ240B,11,Mother'S Physical-Medical Difficulties,['What were {your/SPs} reasons for {not breast feeding {your/her} child at least 1 month?/not breast feeding all of {your/her} children at least 1 month?}'],['Females only 12 YEARS - 150 YEARS'],[nan],,
326,RHQ240B,.,Missing,['What were {your/SPs} reasons for {not breast feeding {your/her} child at least 1 month?/not breast feeding all of {your/her} children at least 1 month?}'],['Females only 12 YEARS - 150 YEARS'],[nan],,
327,RHQ240C,12,Child'S Physical-Medical Difficulties,['What were {your/SPs} reasons for {not breast feeding {your/her} child at least 1 month?/not breast feeding all of {your/her} children at least 1 month?}'],['Females only 12 YEARS - 150 YEARS'],[nan],,
328,RHQ240C,.,Missing,['What were {your/SPs} reasons for {not breast feeding {your/her} child at least 1 month?/not breast feeding all of {your/her} children at least 1 month?}'],['Females only 12 YEARS - 150 YEARS'],[nan],,
329,RHQ240D,13,Preferred Bottle Feeding,['What were {your/SPs} reasons for {not breast feeding {your/her} child at least 1 month?/not breast feeding all of {your/her} children at least 1 month?}'],['Females only 12 YEARS - 150 YEARS'],[nan],,
330,RHQ240D,.,Missing,['What were {your/SPs} reasons for {not breast feeding {your/her} child at least 1 month?/not breast feeding all of {your/her} children at least 1 month?}'],['Females only 12 YEARS - 150 YEARS'],[nan],,
331,RHQ240E,14,Didn'T Know How To Breast-Feed,['What were {your/SPs} reasons for {not breast feeding {your/her} child at least 1 month?/not breast feeding all of {your/her} children at least 1 month?}'],['Females only 12 YEARS - 150 YEARS'],[nan],,
332,RHQ240E,.,Missing,['What were {your/SPs} reasons for {not breast feeding {your/her} child at least 1 month?/not breast feeding all of {your/her} children at least 1 month?}'],['Females only 12 YEARS - 150 YEARS'],[nan],,
333,RHQ240F,15,Other Reasons,['What were {your/SPs} reasons for {not breast feeding {your/her} child at least 1 month?/not breast feeding all of {your/her} children at least 1 month?}'],['Females only 12 YEARS - 150 YEARS'],[nan],,
334,RHQ240F,.,Missing,['What were {your/SPs} reasons for {not breast feeding {your/her} child at least 1 month?/not breast feeding all of {your/her} children at least 1 month?}'],['Females only 12 YEARS - 150 YEARS'],[nan],,
335,RHQ245,,,[nan],['Females only 12 YEARS - 150 YEARS'],[nan],,
336,RHQ250,1,Yes,['{Did {your child/SPs child/Did any of {your/SPs} children} weigh less than 5 1/2 pounds (2500g) at birth?'],['Females only 12 YEARS - 150 YEARS'],[nan],,
337,RHQ250,2,No,['{Did {your child/SPs child/Did any of {your/SPs} children} weigh less than 5 1/2 pounds (2500g) at birth?'],['Females only 12 YEARS - 150 YEARS'],[nan],,
338,RHQ250,7,Refused,['{Did {your child/SPs child/Did any of {your/SPs} children} weigh less than 5 1/2 pounds (2500g) at birth?'],['Females only 12 YEARS - 150 YEARS'],[nan],,
339,RHQ250,9,Don'T Know,['{Did {your child/SPs child/Did any of {your/SPs} children} weigh less than 5 1/2 pounds (2500g) at birth?'],['Females only 12 YEARS - 150 YEARS'],[nan],,
340,RHQ250,.,Missing,['{Did {your child/SPs child/Did any of {your/SPs} children} weigh less than 5 1/2 pounds (2500g) at birth?'],['Females only 12 YEARS - 150 YEARS'],[nan],,
341,RHQ260,1 To 4,Range Of Values,['How many of {your/her} children weighed less than 5 1/2 pounds (2500g) at birth?'],['Females only 12 YEARS - 150 YEARS'],[nan],,
342,RHQ260,77,Refused,['How many of {your/her} children weighed less than 5 1/2 pounds (2500g) at birth?'],['Females only 12 YEARS - 150 YEARS'],[nan],,
343,RHQ260,99,Don'T Know,['How many of {your/her} children weighed less than 5 1/2 pounds (2500g) at birth?'],['Females only 12 YEARS - 150 YEARS'],[nan],,
344,RHQ260,.,Missing,['How many of {your/her} children weighed less than 5 1/2 pounds (2500g) at birth?'],['Females only 12 YEARS - 150 YEARS'],[nan],,
345,RHQ260,1 To 6,Range Of Values,['How many of {your/her} children weighed less than 5 1/2 pounds (2500g) at birth?'],['Females only 12 YEARS - 150 YEARS'],[nan],,
346,RHD270,0 To 3,Range Of Values,['How many of these babies were born preterm? A preterm delivery is one that occurs at 36 weeks or earlier in pregnancy.'],['Females only 12 YEARS - 150 YEARS'],[nan],,
347,RHD270,77,Refused,['How many of these babies were born preterm? A preterm delivery is one that occurs at 36 weeks or earlier in pregnancy.'],['Females only 12 YEARS - 150 YEARS'],[nan],,
348,RHD270,99,Don'T Know,['How many of these babies were born preterm? A preterm delivery is one that occurs at 36 weeks or earlier in pregnancy.'],['Females only 12 YEARS - 150 YEARS'],[nan],,
349,RHD270,.,Missing,['How many of these babies were born preterm? A preterm delivery is one that occurs at 36 weeks or earlier in pregnancy.'],['Females only 12 YEARS - 150 YEARS'],[nan],,
350,RHD270,0 To 4,Range Of Values,['How many of these babies were born preterm? A preterm delivery is one that occurs at 36 weeks or earlier in pregnancy.'],['Females only 12 YEARS - 150 YEARS'],[nan],,
351,RHQ275,,,[nan],['Females only 12 YEARS - 150 YEARS'],[nan],,
352,RHQ290,15 To 80,Range Of Values,['How old {were you/was SP} when {you/she} had {your/her} (hysterectomy/uterus removed/womb removed)?'],['Females only 20 YEARS - 150 YEARS'],[nan],,
353,RHQ290,777,Refused,['How old {were you/was SP} when {you/she} had {your/her} (hysterectomy/uterus removed/womb removed)?'],['Females only 20 YEARS - 150 YEARS'],[nan],,
354,RHQ290,999,Don'T Know,['How old {were you/was SP} when {you/she} had {your/her} (hysterectomy/uterus removed/womb removed)?'],['Females only 20 YEARS - 150 YEARS'],[nan],,
355,RHQ290,.,Missing,['How old {were you/was SP} when {you/she} had {your/her} (hysterectomy/uterus removed/womb removed)?'],['Females only 20 YEARS - 150 YEARS'],[nan],,
356,RHQ290,15 To 81,Range Of Values,['How old {were you/was SP} when {you/she} had {your/her} (hysterectomy/uterus removed/womb removed)?'],['Females only 20 YEARS - 150 YEARS'],[nan],,
357,RHQ300,1,Yes,['{Have you/Has SP} had at least one of {your/her} ovaries removed (either when {you/she} had {your/her} uterus removed or at another time)?'],['Females only 20 YEARS - 150 YEARS'],[nan],,
358,RHQ300,2,No,['{Have you/Has SP} had at least one of {your/her} ovaries removed (either when {you/she} had {your/her} uterus removed or at another time)?'],['Females only 20 YEARS - 150 YEARS'],[nan],,
359,RHQ300,7,Refused,['{Have you/Has SP} had at least one of {your/her} ovaries removed (either when {you/she} had {your/her} uterus removed or at another time)?'],['Females only 20 YEARS - 150 YEARS'],[nan],,
360,RHQ300,9,Don'T Know,['{Have you/Has SP} had at least one of {your/her} ovaries removed (either when {you/she} had {your/her} uterus removed or at another time)?'],['Females only 20 YEARS - 150 YEARS'],[nan],,
361,RHQ300,.,Missing,['{Have you/Has SP} had at least one of {your/her} ovaries removed (either when {you/she} had {your/her} uterus removed or at another time)?'],['Females only 20 YEARS - 150 YEARS'],[nan],,
362,RHQ310,1,Both,['Were both ovaries removed or only one?'],['Females only 20 YEARS - 150 YEARS'],[nan],,
363,RHQ310,2,One,['Were both ovaries removed or only one?'],['Females only 20 YEARS - 150 YEARS'],[nan],,
364,RHQ310,7,Refused,['Were both ovaries removed or only one?'],['Females only 20 YEARS - 150 YEARS'],[nan],,
365,RHQ310,9,Don'T Know,['Were both ovaries removed or only one?'],['Females only 20 YEARS - 150 YEARS'],[nan],,
366,RHQ310,.,Missing,['Were both ovaries removed or only one?'],['Females only 20 YEARS - 150 YEARS'],[nan],,
367,RHQ320,1,Same Time,['Were both of {your/SPs} ovaries removed at the same time or at different times?'],['Females only 20 YEARS - 150 YEARS'],[nan],,
368,RHQ320,2,Different Times,['Were both of {your/SPs} ovaries removed at the same time or at different times?'],['Females only 20 YEARS - 150 YEARS'],[nan],,
369,RHQ320,7,Refused,['Were both of {your/SPs} ovaries removed at the same time or at different times?'],['Females only 20 YEARS - 150 YEARS'],[nan],,
370,RHQ320,9,Don'T Know,['Were both of {your/SPs} ovaries removed at the same time or at different times?'],['Females only 20 YEARS - 150 YEARS'],[nan],,
371,RHQ320,.,Missing,['Were both of {your/SPs} ovaries removed at the same time or at different times?'],['Females only 20 YEARS - 150 YEARS'],[nan],,
372,RHQ330,8 To 80,Range Of Values,['How old {were you/was SP} when {you/she} had {your/her} {ovary/ovaries} removed?'],['Females only 20 YEARS - 150 YEARS'],[nan],,
373,RHQ330,777,Refused,['How old {were you/was SP} when {you/she} had {your/her} {ovary/ovaries} removed?'],['Females only 20 YEARS - 150 YEARS'],[nan],,
374,RHQ330,999,Don'T Know,['How old {were you/was SP} when {you/she} had {your/her} {ovary/ovaries} removed?'],['Females only 20 YEARS - 150 YEARS'],[nan],,
375,RHQ330,.,Missing,['How old {were you/was SP} when {you/she} had {your/her} {ovary/ovaries} removed?'],['Females only 20 YEARS - 150 YEARS'],[nan],,
376,RHQ330,11 To 85,Range Of Values,['How old {were you/was SP} when {you/she} had {your/her} {ovary/ovaries} removed?'],['Females only 20 YEARS - 150 YEARS'],[nan],,
377,RHQ330,16 To 78,Range Of Values,['How old {were you/was SP} when {you/she} had {your/her} {ovary/ovaries} removed?'],['Females only 20 YEARS - 150 YEARS'],[nan],,
378,RHQ330,15 To 81,Range Of Values,['How old {were you/was SP} when {you/she} had {your/her} {ovary/ovaries} removed?'],['Females only 20 YEARS - 150 YEARS'],[nan],,
379,RHQ335,,,[nan],['Females only 20 YEARS - 150 YEARS'],[nan],,
380,RHQ340,25 To 60,Range Of Values,['How old {were you/was SP} when {you/she} had the second ovary removed?'],['Females only 20 YEARS - 150 YEARS'],[nan],,
381,RHQ340,777,Refused,['How old {were you/was SP} when {you/she} had the second ovary removed?'],['Females only 20 YEARS - 150 YEARS'],[nan],,
382,RHQ340,999,Don'T Know,['How old {were you/was SP} when {you/she} had the second ovary removed?'],['Females only 20 YEARS - 150 YEARS'],[nan],,
383,RHQ340,.,Missing,['How old {were you/was SP} when {you/she} had the second ovary removed?'],['Females only 20 YEARS - 150 YEARS'],[nan],,
384,RHQ340,21 To 70,Range Of Values,['How old {were you/was SP} when {you/she} had the second ovary removed?'],['Females only 20 YEARS - 150 YEARS'],[nan],,
385,RHQ340,20 To 68,Range Of Values,['How old {were you/was SP} when {you/she} had the second ovary removed?'],['Females only 20 YEARS - 150 YEARS'],[nan],,
386,RHQ340,26 To 67,Range Of Values,['How old {were you/was SP} when {you/she} had the second ovary removed?'],['Females only 20 YEARS - 150 YEARS'],[nan],,
387,RHQ345,,,[nan],['Females only 20 YEARS - 150 YEARS'],[nan],,
388,RHD350,1,Yes,['{Have you/Has SP} ever had both of {your/her} (Fallopian) tubes tied cut or removed? This procedure is often called a tubal ligation.'],['Females only 20 YEARS - 150 YEARS'],[nan],,
389,RHD350,2,No,['{Have you/Has SP} ever had both of {your/her} (Fallopian) tubes tied cut or removed? This procedure is often called a tubal ligation.'],['Females only 20 YEARS - 150 YEARS'],[nan],,
390,RHD350,7,Refused,['{Have you/Has SP} ever had both of {your/her} (Fallopian) tubes tied cut or removed? This procedure is often called a tubal ligation.'],['Females only 20 YEARS - 150 YEARS'],[nan],,
391,RHD350,9,Don'T Know,['{Have you/Has SP} ever had both of {your/her} (Fallopian) tubes tied cut or removed? This procedure is often called a tubal ligation.'],['Females only 20 YEARS - 150 YEARS'],[nan],,
392,RHD350,.,Missing,['{Have you/Has SP} ever had both of {your/her} (Fallopian) tubes tied cut or removed? This procedure is often called a tubal ligation.'],['Females only 20 YEARS - 150 YEARS'],[nan],,
393,RHQ355,,,[nan],['Females only 12 YEARS - 150 YEARS'],[nan],,
394,RHQ360,1,Yes,"['Has a doctor or other health professional ever told {you/SP} that {you/she} had endometriosis? (Endometriosis is a disease in which the tissue that forms the lining of the uterus/womb attaches to other places such as the ovaries fallopian tubes or', 'Has a doctor or other health professional ever told {you/SP} that {you/she} had endometriosis? (Endometriosis is a disease in which the tissue that forms the lining of the uterus/womb attaches to other places such as the ovaries fallopian tubes or abdo minal cavity)']",['Females only 20 YEARS - 54 YEARS'],[nan],,
395,RHQ360,2,No,"['Has a doctor or other health professional ever told {you/SP} that {you/she} had endometriosis? (Endometriosis is a disease in which the tissue that forms the lining of the uterus/womb attaches to other places such as the ovaries fallopian tubes or', 'Has a doctor or other health professional ever told {you/SP} that {you/she} had endometriosis? (Endometriosis is a disease in which the tissue that forms the lining of the uterus/womb attaches to other places such as the ovaries fallopian tubes or abdo minal cavity)']",['Females only 20 YEARS - 54 YEARS'],[nan],,
396,RHQ360,7,Refused,"['Has a doctor or other health professional ever told {you/SP} that {you/she} had endometriosis? (Endometriosis is a disease in which the tissue that forms the lining of the uterus/womb attaches to other places such as the ovaries fallopian tubes or', 'Has a doctor or other health professional ever told {you/SP} that {you/she} had endometriosis? (Endometriosis is a disease in which the tissue that forms the lining of the uterus/womb attaches to other places such as the ovaries fallopian tubes or abdo minal cavity)']",['Females only 20 YEARS - 54 YEARS'],[nan],,
397,RHQ360,9,Don'T Know,"['Has a doctor or other health professional ever told {you/SP} that {you/she} had endometriosis? (Endometriosis is a disease in which the tissue that forms the lining of the uterus/womb attaches to other places such as the ovaries fallopian tubes or', 'Has a doctor or other health professional ever told {you/SP} that {you/she} had endometriosis? (Endometriosis is a disease in which the tissue that forms the lining of the uterus/womb attaches to other places such as the ovaries fallopian tubes or abdo minal cavity)']",['Females only 20 YEARS - 54 YEARS'],[nan],,
398,RHQ360,.,Missing,"['Has a doctor or other health professional ever told {you/SP} that {you/she} had endometriosis? (Endometriosis is a disease in which the tissue that forms the lining of the uterus/womb attaches to other places such as the ovaries fallopian tubes or', 'Has a doctor or other health professional ever told {you/SP} that {you/she} had endometriosis? (Endometriosis is a disease in which the tissue that forms the lining of the uterus/womb attaches to other places such as the ovaries fallopian tubes or abdo minal cavity)']",['Females only 20 YEARS - 54 YEARS'],[nan],,
399,RHQ370,15 To 52,Range Of Values,['How old {were you/was SP} when {you were/she was} first told {you/she} had endometriosis?'],['Females only 20 YEARS - 54 YEARS'],[nan],,
400,RHQ370,777,Refused,['How old {were you/was SP} when {you were/she was} first told {you/she} had endometriosis?'],['Females only 20 YEARS - 54 YEARS'],[nan],,
401,RHQ370,999,Don'T Know,['How old {were you/was SP} when {you were/she was} first told {you/she} had endometriosis?'],['Females only 20 YEARS - 54 YEARS'],[nan],,
402,RHQ370,.,Missing,['How old {were you/was SP} when {you were/she was} first told {you/she} had endometriosis?'],['Females only 20 YEARS - 54 YEARS'],[nan],,
403,RHQ370,15 To 49,Range Of Values,['How old {were you/was SP} when {you were/she was} first told {you/she} had endometriosis?'],['Females only 20 YEARS - 54 YEARS'],[nan],,
404,RHQ370,13 To 48,Range Of Values,['How old {were you/was SP} when {you were/she was} first told {you/she} had endometriosis?'],['Females only 20 YEARS - 54 YEARS'],[nan],,
405,RHQ370,13 To 47,Range Of Values,['How old {were you/was SP} when {you were/she was} first told {you/she} had endometriosis?'],['Females only 20 YEARS - 54 YEARS'],[nan],,
406,RHQ380,1,Yes,['Has a doctor or other health professional ever told {you/SP} that {you/she} had uterine fibroids? (Uterine fibroids are benign (not cancerous) tumors growing in various locations on or within the uterus/womb.)'],['Females only 20 YEARS - 54 YEARS'],[nan],,
407,RHQ380,2,No,['Has a doctor or other health professional ever told {you/SP} that {you/she} had uterine fibroids? (Uterine fibroids are benign (not cancerous) tumors growing in various locations on or within the uterus/womb.)'],['Females only 20 YEARS - 54 YEARS'],[nan],,
408,RHQ380,7,Refused,['Has a doctor or other health professional ever told {you/SP} that {you/she} had uterine fibroids? (Uterine fibroids are benign (not cancerous) tumors growing in various locations on or within the uterus/womb.)'],['Females only 20 YEARS - 54 YEARS'],[nan],,
409,RHQ380,9,Don'T Know,['Has a doctor or other health professional ever told {you/SP} that {you/she} had uterine fibroids? (Uterine fibroids are benign (not cancerous) tumors growing in various locations on or within the uterus/womb.)'],['Females only 20 YEARS - 54 YEARS'],[nan],,
410,RHQ380,.,Missing,['Has a doctor or other health professional ever told {you/SP} that {you/she} had uterine fibroids? (Uterine fibroids are benign (not cancerous) tumors growing in various locations on or within the uterus/womb.)'],['Females only 20 YEARS - 54 YEARS'],[nan],,
411,RHQ390,15 To 52,Range Of Values,['How old {were you/was SP} when {you were/she was} first told {you/she} had uterine fibroids?'],['Females only 20 YEARS - 54 YEARS'],[nan],,
412,RHQ390,777,Refused,['How old {were you/was SP} when {you were/she was} first told {you/she} had uterine fibroids?'],['Females only 20 YEARS - 54 YEARS'],[nan],,
413,RHQ390,999,Don'T Know,['How old {were you/was SP} when {you were/she was} first told {you/she} had uterine fibroids?'],['Females only 20 YEARS - 54 YEARS'],[nan],,
414,RHQ390,.,Missing,['How old {were you/was SP} when {you were/she was} first told {you/she} had uterine fibroids?'],['Females only 20 YEARS - 54 YEARS'],[nan],,
415,RHQ390,15 To 53,Range Of Values,['How old {were you/was SP} when {you were/she was} first told {you/she} had uterine fibroids?'],['Females only 20 YEARS - 54 YEARS'],[nan],,
416,RHQ390,17 To 52,Range Of Values,['How old {were you/was SP} when {you were/she was} first told {you/she} had uterine fibroids?'],['Females only 20 YEARS - 54 YEARS'],[nan],,
417,RHQ390,17 To 53,Range Of Values,['How old {were you/was SP} when {you were/she was} first told {you/she} had uterine fibroids?'],['Females only 20 YEARS - 54 YEARS'],[nan],,
418,RHQ420,1,Yes,['Now I am going to ask you about {your/SPs} birth control history. {Have you/Has SP} ever taken birth control pills for any reason?'],['Females only 12 YEARS - 150 YEARS'],[nan],,
419,RHQ420,2,No,['Now I am going to ask you about {your/SPs} birth control history. {Have you/Has SP} ever taken birth control pills for any reason?'],['Females only 12 YEARS - 150 YEARS'],[nan],,
420,RHQ420,7,Refused,['Now I am going to ask you about {your/SPs} birth control history. {Have you/Has SP} ever taken birth control pills for any reason?'],['Females only 12 YEARS - 150 YEARS'],[nan],,
421,RHQ420,9,Don'T Know,['Now I am going to ask you about {your/SPs} birth control history. {Have you/Has SP} ever taken birth control pills for any reason?'],['Females only 12 YEARS - 150 YEARS'],[nan],,
422,RHQ420,.,Missing,['Now I am going to ask you about {your/SPs} birth control history. {Have you/Has SP} ever taken birth control pills for any reason?'],['Females only 12 YEARS - 150 YEARS'],[nan],,
423,RHQ430,10 To 52,Range Of Values,['How old {were you/was SP} when {you/she} began using birth control pills?'],['Females only 12 YEARS - 150 YEARS'],[nan],,
424,RHQ430,77,Refused,['How old {were you/was SP} when {you/she} began using birth control pills?'],['Females only 12 YEARS - 150 YEARS'],[nan],,
425,RHQ430,99,Don'T Know,['How old {were you/was SP} when {you/she} began using birth control pills?'],['Females only 12 YEARS - 150 YEARS'],[nan],,
426,RHQ430,.,Missing,['How old {were you/was SP} when {you/she} began using birth control pills?'],['Females only 12 YEARS - 150 YEARS'],[nan],,
427,RHQ430,10 To 55,Range Of Values,['How old {were you/was SP} when {you/she} began using birth control pills?'],['Females only 12 YEARS - 150 YEARS'],[nan],,
428,RHQ430,9 To 59,Range Of Values,['How old {were you/was SP} when {you/she} began using birth control pills?'],['Females only 12 YEARS - 150 YEARS'],[nan],,
429,RHQ430,10 To 50,Range Of Values,['How old {were you/was SP} when {you/she} began using birth control pills?'],['Females only 12 YEARS - 150 YEARS'],[nan],,
430,RHQ435,,,[nan],['Females only 12 YEARS - 150 YEARS'],[nan],,
431,RHD440,1,Yes,['{Are you/Is SP} taking birth control pills now?'],['Females only 12 YEARS - 150 YEARS'],[nan],,
432,RHD440,2,No,['{Are you/Is SP} taking birth control pills now?'],['Females only 12 YEARS - 150 YEARS'],[nan],,
433,RHD440,7,Refused,['{Are you/Is SP} taking birth control pills now?'],['Females only 12 YEARS - 150 YEARS'],[nan],,
434,RHD440,9,Don'T Know,['{Are you/Is SP} taking birth control pills now?'],['Females only 12 YEARS - 150 YEARS'],[nan],,
435,RHD440,.,Missing,['{Are you/Is SP} taking birth control pills now?'],['Females only 12 YEARS - 150 YEARS'],[nan],,
436,RHQ450,10 To 53,Range Of Values,['How old {were you/was SP} when {you/she} stopped taking birth control pills?'],['Females only 12 YEARS - 150 YEARS'],[nan],,
437,RHQ450,777,Refused,['How old {were you/was SP} when {you/she} stopped taking birth control pills?'],['Females only 12 YEARS - 150 YEARS'],[nan],,
438,RHQ450,999,Don'T Know,['How old {were you/was SP} when {you/she} stopped taking birth control pills?'],['Females only 12 YEARS - 150 YEARS'],[nan],,
439,RHQ450,.,Missing,['How old {were you/was SP} when {you/she} stopped taking birth control pills?'],['Females only 12 YEARS - 150 YEARS'],[nan],,
440,RHQ450,12 To 60,Range Of Values,['How old {were you/was SP} when {you/she} stopped taking birth control pills?'],['Females only 12 YEARS - 150 YEARS'],[nan],,
441,RHQ460Q,1 To 42,Range Of Values,['Not counting any time when {you/SP} stopped taking them for how long altogether {have you taken/did you take/has she taken/did she take} birth control pills?'],['Females only 12 YEARS - 150 YEARS'],[nan],,
442,RHQ460Q,77,Refused,['Not counting any time when {you/SP} stopped taking them for how long altogether {have you taken/did you take/has she taken/did she take} birth control pills?'],['Females only 12 YEARS - 150 YEARS'],[nan],,
443,RHQ460Q,99,Don'T Know,['Not counting any time when {you/SP} stopped taking them for how long altogether {have you taken/did you take/has she taken/did she take} birth control pills?'],['Females only 12 YEARS - 150 YEARS'],[nan],,
444,RHQ460Q,.,Missing,['Not counting any time when {you/SP} stopped taking them for how long altogether {have you taken/did you take/has she taken/did she take} birth control pills?'],['Females only 12 YEARS - 150 YEARS'],[nan],,
445,RHQ460Q,1 To 43,Range Of Values,['Not counting any time when {you/SP} stopped taking them for how long altogether {have you taken/did you take/has she taken/did she take} birth control pills?'],['Females only 12 YEARS - 150 YEARS'],[nan],,
446,RHQ460Q,1 To 54,Range Of Values,['Not counting any time when {you/SP} stopped taking them for how long altogether {have you taken/did you take/has she taken/did she take} birth control pills?'],['Females only 12 YEARS - 150 YEARS'],[nan],,
447,RHQ460Q,1 To 36,Range Of Values,['Not counting any time when {you/SP} stopped taking them for how long altogether {have you taken/did you take/has she taken/did she take} birth control pills?'],['Females only 12 YEARS - 150 YEARS'],[nan],,
448,RHQ460Q,1 To 44,Range Of Values,['Not counting any time when {you/SP} stopped taking them for how long altogether {have you taken/did you take/has she taken/did she take} birth control pills?'],['Females only 12 YEARS - 150 YEARS'],[nan],,
449,RHQ460U,1,Months,['UNIT OF MEASURE.'],['Females only 12 YEARS - 150 YEARS'],[nan],,
450,RHQ460U,2,Years,['UNIT OF MEASURE.'],['Females only 12 YEARS - 150 YEARS'],[nan],,
451,RHQ460U,7,Refused,['UNIT OF MEASURE.'],['Females only 12 YEARS - 150 YEARS'],[nan],,
452,RHQ460U,9,Don'T Know,['UNIT OF MEASURE.'],['Females only 12 YEARS - 150 YEARS'],[nan],,
453,RHQ460U,.,Missing,['UNIT OF MEASURE.'],['Females only 12 YEARS - 150 YEARS'],[nan],,
454,RHQ465,,,[nan],['Females only 12 YEARS - 150 YEARS'],[nan],,
455,RHD470,Brand Name Of Contraceptives,Value Was Recorded,['Please look at this chart and show me the brand of pills that {you/SP} {currently use/uses}/{were using/was using} when {you/she} stopped taking birth control pills.'],['Females only 12 YEARS - 150 YEARS'],[nan],,
456,RHD470,< Blank >,Missing,['Please look at this chart and show me the brand of pills that {you/SP} {currently use/uses}/{were using/was using} when {you/she} stopped taking birth control pills.'],['Females only 12 YEARS - 150 YEARS'],[nan],,
457,RHQ510,1,Yes,['{Have you/Has SP} ever used Depo-Provera or injectables to prevent pregnancy?'],['Females only 12 YEARS - 150 YEARS'],[nan],,
458,RHQ510,2,No,['{Have you/Has SP} ever used Depo-Provera or injectables to prevent pregnancy?'],['Females only 12 YEARS - 150 YEARS'],[nan],,
459,RHQ510,7,Refused,['{Have you/Has SP} ever used Depo-Provera or injectables to prevent pregnancy?'],['Females only 12 YEARS - 150 YEARS'],[nan],,
460,RHQ510,9,Don'T Know,['{Have you/Has SP} ever used Depo-Provera or injectables to prevent pregnancy?'],['Females only 12 YEARS - 150 YEARS'],[nan],,
461,RHQ510,.,Missing,['{Have you/Has SP} ever used Depo-Provera or injectables to prevent pregnancy?'],['Females only 12 YEARS - 150 YEARS'],[nan],,
462,RHQ520,1,Yes,['{Are you/Is SP} now using Depo-Provera or injectables to prevent pregnancy?'],['Females only 12 YEARS - 150 YEARS'],[nan],,
463,RHQ520,2,No,['{Are you/Is SP} now using Depo-Provera or injectables to prevent pregnancy?'],['Females only 12 YEARS - 150 YEARS'],[nan],,
464,RHQ520,7,Refused,['{Are you/Is SP} now using Depo-Provera or injectables to prevent pregnancy?'],['Females only 12 YEARS - 150 YEARS'],[nan],,
465,RHQ520,9,Don'T Know,['{Are you/Is SP} now using Depo-Provera or injectables to prevent pregnancy?'],['Females only 12 YEARS - 150 YEARS'],[nan],,
466,RHQ520,.,Missing,['{Are you/Is SP} now using Depo-Provera or injectables to prevent pregnancy?'],['Females only 12 YEARS - 150 YEARS'],[nan],,
467,RHQ535,,,[nan],['Females only 12 YEARS - 150 YEARS'],[nan],,
468,RHQ541A,10,Pills,['Which forms of female hormones {have you/has SP} used.'],['Females only 20 YEARS - 150 YEARS'],[nan],,
469,RHQ541A,77,Refused,['Which forms of female hormones {have you/has SP} used.'],['Females only 20 YEARS - 150 YEARS'],[nan],,
470,RHQ541A,99,Don'T Know,['Which forms of female hormones {have you/has SP} used.'],['Females only 20 YEARS - 150 YEARS'],[nan],,
471,RHQ541A,.,Missing,['Which forms of female hormones {have you/has SP} used.'],['Females only 20 YEARS - 150 YEARS'],[nan],,
472,RHQ541B,11,Patches,['Which forms of female hormones {have you/has SP} used.'],['Females only 20 YEARS - 150 YEARS'],[nan],,
473,RHQ541B,.,Missing,['Which forms of female hormones {have you/has SP} used.'],['Females only 20 YEARS - 150 YEARS'],[nan],,
474,RHQ541C,12,Cream/Suppository/Injection,['Which forms of female hormones {have you/has SP} used.'],['Females only 20 YEARS - 150 YEARS'],[nan],,
475,RHQ541C,.,Missing,['Which forms of female hormones {have you/has SP} used.'],['Females only 20 YEARS - 150 YEARS'],[nan],,
476,RHQ550,1,Still Having Periods,['At the time {you/SP} started using female hormones or hormone replacement therapy {were you/was she} still having {your/her} periods or had {you/she} completely stopped having {your/her} periods?'],['Females only 20 YEARS - 150 YEARS'],[nan],,
477,RHQ550,2,Completely Stopped Having Periods,['At the time {you/SP} started using female hormones or hormone replacement therapy {were you/was she} still having {your/her} periods or had {you/she} completely stopped having {your/her} periods?'],['Females only 20 YEARS - 150 YEARS'],[nan],,
478,RHQ550,7,Refused,['At the time {you/SP} started using female hormones or hormone replacement therapy {were you/was she} still having {your/her} periods or had {you/she} completely stopped having {your/her} periods?'],['Females only 20 YEARS - 150 YEARS'],[nan],,
479,RHQ550,9,Don'T Know,['At the time {you/SP} started using female hormones or hormone replacement therapy {were you/was she} still having {your/her} periods or had {you/she} completely stopped having {your/her} periods?'],['Females only 20 YEARS - 150 YEARS'],[nan],,
480,RHQ550,.,Missing,['At the time {you/SP} started using female hormones or hormone replacement therapy {were you/was she} still having {your/her} periods or had {you/she} completely stopped having {your/her} periods?'],['Females only 20 YEARS - 150 YEARS'],[nan],,
481,RHQ551A,10,"Menopause-Related Symptoms (Hot Flashes, Sweating, Vaginal Dryness, Bladder Problems)",['What are {your/SPs} reasons for having used estrogen or progesterone?'],['Females only 20 YEARS - 150 YEARS'],[nan],,
482,RHQ551A,77,Refused,['What are {your/SPs} reasons for having used estrogen or progesterone?'],['Females only 20 YEARS - 150 YEARS'],[nan],,
483,RHQ551A,99,Don'T Know,['What are {your/SPs} reasons for having used estrogen or progesterone?'],['Females only 20 YEARS - 150 YEARS'],[nan],,
484,RHQ551A,.,Missing,['What are {your/SPs} reasons for having used estrogen or progesterone?'],['Females only 20 YEARS - 150 YEARS'],[nan],,
485,RHQ551B,11,"Depression, Anxiety, Emotional Distress",['What are {your/SPs} reasons for having used estrogen or progesterone?'],['Females only 20 YEARS - 150 YEARS'],[nan],,
486,RHQ551B,.,Missing,['What are {your/SPs} reasons for having used estrogen or progesterone?'],['Females only 20 YEARS - 150 YEARS'],[nan],,
487,RHQ551C,12,Hysterectomy Or Oophorectomy (Ovary Removal),['What are {your/SPs} reasons for having used estrogen or progesterone?'],['Females only 20 YEARS - 150 YEARS'],[nan],,
488,RHQ551C,.,Missing,['What are {your/SPs} reasons for having used estrogen or progesterone?'],['Females only 20 YEARS - 150 YEARS'],[nan],,
489,RHQ551D,13,"Osteoporosis, Bone Loss/Thinning Fracture Prevention",['What are {your/SPs} reasons for having used estrogen or progesterone?'],['Females only 20 YEARS - 150 YEARS'],[nan],,
490,RHQ551D,.,Missing,['What are {your/SPs} reasons for having used estrogen or progesterone?'],['Females only 20 YEARS - 150 YEARS'],[nan],,
491,RHQ551E,14,Cardiovascular Disease Prevention,['What are {your/SPs} reasons for having used estrogen or progesterone?'],['Females only 20 YEARS - 150 YEARS'],[nan],,
492,RHQ551E,.,Missing,['What are {your/SPs} reasons for having used estrogen or progesterone?'],['Females only 20 YEARS - 150 YEARS'],[nan],,
493,RHQ551F,15,"Irregular Menstrual Periods, To Regulate Periods",['What are {your/SPs} reasons for having used estrogen or progesterone?'],['Females only 20 YEARS - 150 YEARS'],[nan],,
494,RHQ551F,.,Missing,['What are {your/SPs} reasons for having used estrogen or progesterone?'],['Females only 20 YEARS - 150 YEARS'],[nan],,
495,RHQ551G,16,Other Reasons,['What are {your/SPs} reasons for having used estrogen or progesterone?'],['Females only 20 YEARS - 150 YEARS'],[nan],,
496,RHQ551G,.,Missing,['What are {your/SPs} reasons for having used estrogen or progesterone?'],['Females only 20 YEARS - 150 YEARS'],[nan],,
497,RHQ552,,,[nan],['Females only 20 YEARS - 150 YEARS'],[nan],,
498,RHQ556,19 To 84,Range Of Values,['How old {were you/was SP} when {you/she} first started taking pills containing estrogen only?'],['Females only 20 YEARS - 150 YEARS'],[nan],,
499,RHQ556,777,Refused,['How old {were you/was SP} when {you/she} first started taking pills containing estrogen only?'],['Females only 20 YEARS - 150 YEARS'],[nan],,
500,RHQ556,999,Don'T Know,['How old {were you/was SP} when {you/she} first started taking pills containing estrogen only?'],['Females only 20 YEARS - 150 YEARS'],[nan],,
501,RHQ556,.,Missing,['How old {were you/was SP} when {you/she} first started taking pills containing estrogen only?'],['Females only 20 YEARS - 150 YEARS'],[nan],,
502,RHQ556,17 To 82,Range Of Values,['How old {were you/was SP} when {you/she} first started taking pills containing estrogen only?'],['Females only 20 YEARS - 150 YEARS'],[nan],,
503,RHQ556,11 To 85,Range Of Values,['How old {were you/was SP} when {you/she} first started taking pills containing estrogen only?'],['Females only 20 YEARS - 150 YEARS'],[nan],,
504,RHQ556,16 To 79,Range Of Values,['How old {were you/was SP} when {you/she} first started taking pills containing estrogen only?'],['Females only 20 YEARS - 150 YEARS'],[nan],,
505,RHQ558,1,Yes,['{Are you/Is SP} taking pills containing estrogen only now?'],['Females only 20 YEARS - 150 YEARS'],[nan],,
506,RHQ558,2,No,['{Are you/Is SP} taking pills containing estrogen only now?'],['Females only 20 YEARS - 150 YEARS'],[nan],,
507,RHQ558,7,Refused,['{Are you/Is SP} taking pills containing estrogen only now?'],['Females only 20 YEARS - 150 YEARS'],[nan],,
508,RHQ558,9,Don'T Know,['{Are you/Is SP} taking pills containing estrogen only now?'],['Females only 20 YEARS - 150 YEARS'],[nan],,
509,RHQ558,.,Missing,['{Are you/Is SP} taking pills containing estrogen only now?'],['Females only 20 YEARS - 150 YEARS'],[nan],,
510,RHQ560Q,1 To 52,Range Of Values,['Not counting any time when {you/SP} stopped taking them for how long altogether {have you taken/did you take/has she taken/did she take} pills containing estrogen only?'],['Females only 20 YEARS - 150 YEARS'],[nan],,
511,RHQ560Q,77,Refused,['Not counting any time when {you/SP} stopped taking them for how long altogether {have you taken/did you take/has she taken/did she take} pills containing estrogen only?'],['Females only 20 YEARS - 150 YEARS'],[nan],,
512,RHQ560Q,99,Don'T Know,['Not counting any time when {you/SP} stopped taking them for how long altogether {have you taken/did you take/has she taken/did she take} pills containing estrogen only?'],['Females only 20 YEARS - 150 YEARS'],[nan],,
513,RHQ560Q,.,Missing,['Not counting any time when {you/SP} stopped taking them for how long altogether {have you taken/did you take/has she taken/did she take} pills containing estrogen only?'],['Females only 20 YEARS - 150 YEARS'],[nan],,
514,RHQ560Q,1 To 57,Range Of Values,['Not counting any time when {you/SP} stopped taking them for how long altogether {have you taken/did you take/has she taken/did she take} pills containing estrogen only?'],['Females only 20 YEARS - 150 YEARS'],[nan],,
515,RHQ560Q,1 To 55,Range Of Values,['Not counting any time when {you/SP} stopped taking them for how long altogether {have you taken/did you take/has she taken/did she take} pills containing estrogen only?'],['Females only 20 YEARS - 150 YEARS'],[nan],,
516,RHQ560Q,1 To 42,Range Of Values,['Not counting any time when {you/SP} stopped taking them for how long altogether {have you taken/did you take/has she taken/did she take} pills containing estrogen only?'],['Females only 20 YEARS - 150 YEARS'],[nan],,
517,RHQ560Q,1 To 53,Range Of Values,['Not counting any time when {you/SP} stopped taking them for how long altogether {have you taken/did you take/has she taken/did she take} pills containing estrogen only?'],['Females only 20 YEARS - 150 YEARS'],[nan],,
518,RHQ560Q,1 To 44,Range Of Values,['Not counting any time when {you/SP} stopped taking them for how long altogether {have you taken/did you take/has she taken/did she take} pills containing estrogen only?'],['Females only 20 YEARS - 150 YEARS'],[nan],,
519,RHQ560Q,1 To 48,Range Of Values,['Not counting any time when {you/SP} stopped taking them for how long altogether {have you taken/did you take/has she taken/did she take} pills containing estrogen only?'],['Females only 20 YEARS - 150 YEARS'],[nan],,
520,RHQ560Q,1 To 50,Range Of Values,['Not counting any time when {you/SP} stopped taking them for how long altogether {have you taken/did you take/has she taken/did she take} pills containing estrogen only?'],['Females only 20 YEARS - 150 YEARS'],[nan],,
521,RHQ560Q,1 To 34,Range Of Values,['Not counting any time when {you/SP} stopped taking them for how long altogether {have you taken/did you take/has she taken/did she take} pills containing estrogen only?'],['Females only 20 YEARS - 150 YEARS'],[nan],,
522,RHQ560Q,1 To 49,Range Of Values,['Not counting any time when {you/SP} stopped taking them for how long altogether {have you taken/did you take/has she taken/did she take} pills containing estrogen only?'],['Females only 20 YEARS - 150 YEARS'],[nan],,
523,RHQ560U,1,Months,['UNIT OF MEASURE.'],['Females only 20 YEARS - 150 YEARS'],[nan],,
524,RHQ560U,2,Years,['UNIT OF MEASURE.'],['Females only 20 YEARS - 150 YEARS'],[nan],,
525,RHQ560U,7,Refused,['UNIT OF MEASURE.'],['Females only 20 YEARS - 150 YEARS'],[nan],,
526,RHQ560U,9,Don'T Know,['UNIT OF MEASURE.'],['Females only 20 YEARS - 150 YEARS'],[nan],,
527,RHQ560U,.,Missing,['UNIT OF MEASURE.'],['Females only 20 YEARS - 150 YEARS'],[nan],,
528,RHQ562,1,Yes,['{Have you/Has SP} taken female hormone pills containing progestin only (like Provera)? (Do not include birth control pills.)'],['Females only 20 YEARS - 150 YEARS'],[nan],,
529,RHQ562,2,No,['{Have you/Has SP} taken female hormone pills containing progestin only (like Provera)? (Do not include birth control pills.)'],['Females only 20 YEARS - 150 YEARS'],[nan],,
530,RHQ562,7,Refused,['{Have you/Has SP} taken female hormone pills containing progestin only (like Provera)? (Do not include birth control pills.)'],['Females only 20 YEARS - 150 YEARS'],[nan],,
531,RHQ562,9,Don'T Know,['{Have you/Has SP} taken female hormone pills containing progestin only (like Provera)? (Do not include birth control pills.)'],['Females only 20 YEARS - 150 YEARS'],[nan],,
532,RHQ562,.,Missing,['{Have you/Has SP} taken female hormone pills containing progestin only (like Provera)? (Do not include birth control pills.)'],['Females only 20 YEARS - 150 YEARS'],[nan],,
533,RHQ564,18 To 78,Range Of Values,['How old {were you/was SP} when {you/she} first started taking pills containing progestin only?'],['Females only 20 YEARS - 150 YEARS'],[nan],,
534,RHQ564,777,Refused,['How old {were you/was SP} when {you/she} first started taking pills containing progestin only?'],['Females only 20 YEARS - 150 YEARS'],[nan],,
535,RHQ564,999,Don'T Know,['How old {were you/was SP} when {you/she} first started taking pills containing progestin only?'],['Females only 20 YEARS - 150 YEARS'],[nan],,
536,RHQ564,.,Missing,['How old {were you/was SP} when {you/she} first started taking pills containing progestin only?'],['Females only 20 YEARS - 150 YEARS'],[nan],,
537,RHQ564,19 To 69,Range Of Values,['How old {were you/was SP} when {you/she} first started taking pills containing progestin only?'],['Females only 20 YEARS - 150 YEARS'],[nan],,
538,RHQ564,13 To 72,Range Of Values,['How old {were you/was SP} when {you/she} first started taking pills containing progestin only?'],['Females only 20 YEARS - 150 YEARS'],[nan],,
539,RHQ564,17 To 66,Range Of Values,['How old {were you/was SP} when {you/she} first started taking pills containing progestin only?'],['Females only 20 YEARS - 150 YEARS'],[nan],,
540,RHQ566,1,Yes,['{Are you/Is SP} taking pills containing progestin only now?'],['Females only 20 YEARS - 150 YEARS'],[nan],,
541,RHQ566,2,No,['{Are you/Is SP} taking pills containing progestin only now?'],['Females only 20 YEARS - 150 YEARS'],[nan],,
542,RHQ566,7,Refused,['{Are you/Is SP} taking pills containing progestin only now?'],['Females only 20 YEARS - 150 YEARS'],[nan],,
543,RHQ566,9,Don'T Know,['{Are you/Is SP} taking pills containing progestin only now?'],['Females only 20 YEARS - 150 YEARS'],[nan],,
544,RHQ566,.,Missing,['{Are you/Is SP} taking pills containing progestin only now?'],['Females only 20 YEARS - 150 YEARS'],[nan],,
545,RHQ568Q,1 To 32,Range Of Values,['Not counting any time when {you/SP} stopped taking them for how long altogether {have you taken/did you take/has she taken/did she take} pills containing progestin only?'],['Females only 20 YEARS - 150 YEARS'],[nan],,
546,RHQ568Q,77,Refused,['Not counting any time when {you/SP} stopped taking them for how long altogether {have you taken/did you take/has she taken/did she take} pills containing progestin only?'],['Females only 20 YEARS - 150 YEARS'],[nan],,
547,RHQ568Q,99,Don'T Know,['Not counting any time when {you/SP} stopped taking them for how long altogether {have you taken/did you take/has she taken/did she take} pills containing progestin only?'],['Females only 20 YEARS - 150 YEARS'],[nan],,
548,RHQ568Q,.,Missing,['Not counting any time when {you/SP} stopped taking them for how long altogether {have you taken/did you take/has she taken/did she take} pills containing progestin only?'],['Females only 20 YEARS - 150 YEARS'],[nan],,
549,RHQ568Q,1 To 20,Range Of Values,['Not counting any time when {you/SP} stopped taking them for how long altogether {have you taken/did you take/has she taken/did she take} pills containing progestin only?'],['Females only 20 YEARS - 150 YEARS'],[nan],,
550,RHQ568Q,1 To 18,Range Of Values,['Not counting any time when {you/SP} stopped taking them for how long altogether {have you taken/did you take/has she taken/did she take} pills containing progestin only?'],['Females only 20 YEARS - 150 YEARS'],[nan],,
551,RHQ568Q,1 To 19,Range Of Values,['Not counting any time when {you/SP} stopped taking them for how long altogether {have you taken/did you take/has she taken/did she take} pills containing progestin only?'],['Females only 20 YEARS - 150 YEARS'],[nan],,
552,RHQ568Q,1 To 30,Range Of Values,['Not counting any time when {you/SP} stopped taking them for how long altogether {have you taken/did you take/has she taken/did she take} pills containing progestin only?'],['Females only 20 YEARS - 150 YEARS'],[nan],,
553,RHQ568Q,1 To 15,Range Of Values,['Not counting any time when {you/SP} stopped taking them for how long altogether {have you taken/did you take/has she taken/did she take} pills containing progestin only?'],['Females only 20 YEARS - 150 YEARS'],[nan],,
554,RHQ568U,1,Months,['UNIT OF MEASURE.'],['Females only 20 YEARS - 150 YEARS'],[nan],,
555,RHQ568U,2,Years,['UNIT OF MEASURE.'],['Females only 20 YEARS - 150 YEARS'],[nan],,
556,RHQ568U,7,Refused,['UNIT OF MEASURE.'],['Females only 20 YEARS - 150 YEARS'],[nan],,
557,RHQ568U,9,Don'T Know,['UNIT OF MEASURE.'],['Females only 20 YEARS - 150 YEARS'],[nan],,
558,RHQ568U,.,Missing,['UNIT OF MEASURE.'],['Females only 20 YEARS - 150 YEARS'],[nan],,
559,RHQ572,21 To 77,Range Of Values,['How old {were you/was SP} when {you/she} first started taking pills containing both estrogen and progestin?'],['Females only 20 YEARS - 150 YEARS'],[nan],,
560,RHQ572,777,Refused,['How old {were you/was SP} when {you/she} first started taking pills containing both estrogen and progestin?'],['Females only 20 YEARS - 150 YEARS'],[nan],,
561,RHQ572,999,Don'T Know,['How old {were you/was SP} when {you/she} first started taking pills containing both estrogen and progestin?'],['Females only 20 YEARS - 150 YEARS'],[nan],,
562,RHQ572,.,Missing,['How old {were you/was SP} when {you/she} first started taking pills containing both estrogen and progestin?'],['Females only 20 YEARS - 150 YEARS'],[nan],,
563,RHQ572,26 To 77,Range Of Values,['How old {were you/was SP} when {you/she} first started taking pills containing both estrogen and progestin?'],['Females only 20 YEARS - 150 YEARS'],[nan],,
564,RHQ572,20 To 70,Range Of Values,['How old {were you/was SP} when {you/she} first started taking pills containing both estrogen and progestin?'],['Females only 20 YEARS - 150 YEARS'],[nan],,
565,RHQ572,17 To 85,Range Of Values,['How old {were you/was SP} when {you/she} first started taking pills containing both estrogen and progestin?'],['Females only 20 YEARS - 150 YEARS'],[nan],,
566,RHQ574,1,Yes,['{Are you/Is SP} taking pills containing both estrogen and progestin now?'],['Females only 20 YEARS - 150 YEARS'],[nan],,
567,RHQ574,2,No,['{Are you/Is SP} taking pills containing both estrogen and progestin now?'],['Females only 20 YEARS - 150 YEARS'],[nan],,
568,RHQ574,7,Refused,['{Are you/Is SP} taking pills containing both estrogen and progestin now?'],['Females only 20 YEARS - 150 YEARS'],[nan],,
569,RHQ574,9,Don'T Know,['{Are you/Is SP} taking pills containing both estrogen and progestin now?'],['Females only 20 YEARS - 150 YEARS'],[nan],,
570,RHQ574,.,Missing,['{Are you/Is SP} taking pills containing both estrogen and progestin now?'],['Females only 20 YEARS - 150 YEARS'],[nan],,
571,RHQ576Q,1 To 20,Range Of Values,['Not counting any time when {you/SP} stopped taking them for how long altogether {{have you/has SP} taken/did {you/SP} take} pills containing both estrogen and progestin?'],['Females only 20 YEARS - 150 YEARS'],[nan],,
572,RHQ576Q,77,Refused,['Not counting any time when {you/SP} stopped taking them for how long altogether {{have you/has SP} taken/did {you/SP} take} pills containing both estrogen and progestin?'],['Females only 20 YEARS - 150 YEARS'],[nan],,
573,RHQ576Q,99,Don'T Know,['Not counting any time when {you/SP} stopped taking them for how long altogether {{have you/has SP} taken/did {you/SP} take} pills containing both estrogen and progestin?'],['Females only 20 YEARS - 150 YEARS'],[nan],,
574,RHQ576Q,.,Missing,['Not counting any time when {you/SP} stopped taking them for how long altogether {{have you/has SP} taken/did {you/SP} take} pills containing both estrogen and progestin?'],['Females only 20 YEARS - 150 YEARS'],[nan],,
575,RHQ576Q,1 To 42,Range Of Values,['Not counting any time when {you/SP} stopped taking them for how long altogether {{have you/has SP} taken/did {you/SP} take} pills containing both estrogen and progestin?'],['Females only 20 YEARS - 150 YEARS'],[nan],,
576,RHQ576Q,1 To 30,Range Of Values,['Not counting any time when {you/SP} stopped taking them for how long altogether {{have you/has SP} taken/did {you/SP} take} pills containing both estrogen and progestin?'],['Females only 20 YEARS - 150 YEARS'],[nan],,
577,RHQ576Q,1 To 19,Range Of Values,['Not counting any time when {you/SP} stopped taking them for how long altogether {{have you/has SP} taken/did {you/SP} take} pills containing both estrogen and progestin?'],['Females only 20 YEARS - 150 YEARS'],[nan],,
578,RHQ576Q,1 To 25,Range Of Values,['Not counting any time when {you/SP} stopped taking them for how long altogether {{have you/has SP} taken/did {you/SP} take} pills containing both estrogen and progestin?'],['Females only 20 YEARS - 150 YEARS'],[nan],,
579,RHQ576Q,1 To 18,Range Of Values,['Not counting any time when {you/SP} stopped taking them for how long altogether {{have you/has SP} taken/did {you/SP} take} pills containing both estrogen and progestin?'],['Females only 20 YEARS - 150 YEARS'],[nan],,
580,RHQ576Q,1 To 17,Range Of Values,['Not counting any time when {you/SP} stopped taking them for how long altogether {{have you/has SP} taken/did {you/SP} take} pills containing both estrogen and progestin?'],['Females only 20 YEARS - 150 YEARS'],[nan],,
581,RHQ576U,1,Months,['UNIT OF MEASURE.'],['Females only 20 YEARS - 150 YEARS'],[nan],,
582,RHQ576U,2,Years,['UNIT OF MEASURE.'],['Females only 20 YEARS - 150 YEARS'],[nan],,
583,RHQ576U,7,Refused,['UNIT OF MEASURE.'],['Females only 20 YEARS - 150 YEARS'],[nan],,
584,RHQ576U,9,Don'T Know,['UNIT OF MEASURE.'],['Females only 20 YEARS - 150 YEARS'],[nan],,
585,RHQ576U,.,Missing,['UNIT OF MEASURE.'],['Females only 20 YEARS - 150 YEARS'],[nan],,
586,RHQ578,,,[nan],['Females only 20 YEARS - 150 YEARS'],[nan],,
587,RHQ580,1,Yes,['{Have you/Has SP} ever used female hormone patches containing estrogen only?'],['Females only 20 YEARS - 150 YEARS'],[nan],,
588,RHQ580,2,No,['{Have you/Has SP} ever used female hormone patches containing estrogen only?'],['Females only 20 YEARS - 150 YEARS'],[nan],,
589,RHQ580,7,Refused,['{Have you/Has SP} ever used female hormone patches containing estrogen only?'],['Females only 20 YEARS - 150 YEARS'],[nan],,
590,RHQ580,9,Don'T Know,['{Have you/Has SP} ever used female hormone patches containing estrogen only?'],['Females only 20 YEARS - 150 YEARS'],[nan],,
591,RHQ580,.,Missing,['{Have you/Has SP} ever used female hormone patches containing estrogen only?'],['Females only 20 YEARS - 150 YEARS'],[nan],,
592,RHQ582,21 To 68,Range Of Values,['How old {were you/was SP} when {you/she} first started using patches containing estrogen only?'],['Females only 20 YEARS - 150 YEARS'],[nan],,
593,RHQ582,777,Refused,['How old {were you/was SP} when {you/she} first started using patches containing estrogen only?'],['Females only 20 YEARS - 150 YEARS'],[nan],,
594,RHQ582,999,Don'T Know,['How old {were you/was SP} when {you/she} first started using patches containing estrogen only?'],['Females only 20 YEARS - 150 YEARS'],[nan],,
595,RHQ582,.,Missing,['How old {were you/was SP} when {you/she} first started using patches containing estrogen only?'],['Females only 20 YEARS - 150 YEARS'],[nan],,
596,RHQ582,25 To 67,Range Of Values,['How old {were you/was SP} when {you/she} first started using patches containing estrogen only?'],['Females only 20 YEARS - 150 YEARS'],[nan],,
597,RHQ582,20 To 60,Range Of Values,['How old {were you/was SP} when {you/she} first started using patches containing estrogen only?'],['Females only 20 YEARS - 150 YEARS'],[nan],,
598,RHQ582,31 To 85,Range Of Values,['How old {were you/was SP} when {you/she} first started using patches containing estrogen only?'],['Females only 20 YEARS - 150 YEARS'],[nan],,
599,RHQ584,1,Yes,['{Are you/Is SP} using patches containing estrogen only now?'],['Females only 20 YEARS - 150 YEARS'],[nan],,
600,RHQ584,2,No,['{Are you/Is SP} using patches containing estrogen only now?'],['Females only 20 YEARS - 150 YEARS'],[nan],,
601,RHQ584,7,Refused,['{Are you/Is SP} using patches containing estrogen only now?'],['Females only 20 YEARS - 150 YEARS'],[nan],,
602,RHQ584,9,Don'T Know,['{Are you/Is SP} using patches containing estrogen only now?'],['Females only 20 YEARS - 150 YEARS'],[nan],,
603,RHQ584,.,Missing,['{Are you/Is SP} using patches containing estrogen only now?'],['Females only 20 YEARS - 150 YEARS'],[nan],,
604,RHQ586Q,1 To 19,Range Of Values,['Not counting any time when {you/SP} stopped taking them for how long altogether {have you used/did you use/has she used/did she use} patches containing estrogen only?'],['Females only 20 YEARS - 150 YEARS'],[nan],,
605,RHQ586Q,77,Refused,['Not counting any time when {you/SP} stopped taking them for how long altogether {have you used/did you use/has she used/did she use} patches containing estrogen only?'],['Females only 20 YEARS - 150 YEARS'],[nan],,
606,RHQ586Q,99,Don'T Know,['Not counting any time when {you/SP} stopped taking them for how long altogether {have you used/did you use/has she used/did she use} patches containing estrogen only?'],['Females only 20 YEARS - 150 YEARS'],[nan],,
607,RHQ586Q,.,Missing,['Not counting any time when {you/SP} stopped taking them for how long altogether {have you used/did you use/has she used/did she use} patches containing estrogen only?'],['Females only 20 YEARS - 150 YEARS'],[nan],,
608,RHQ586Q,1 To 55,Range Of Values,['Not counting any time when {you/SP} stopped taking them for how long altogether {have you used/did you use/has she used/did she use} patches containing estrogen only?'],['Females only 20 YEARS - 150 YEARS'],[nan],,
609,RHQ586Q,1 To 26,Range Of Values,['Not counting any time when {you/SP} stopped taking them for how long altogether {have you used/did you use/has she used/did she use} patches containing estrogen only?'],['Females only 20 YEARS - 150 YEARS'],[nan],,
610,RHQ586Q,1 To 22,Range Of Values,['Not counting any time when {you/SP} stopped taking them for how long altogether {have you used/did you use/has she used/did she use} patches containing estrogen only?'],['Females only 20 YEARS - 150 YEARS'],[nan],,
611,RHQ586Q,1 To 30,Range Of Values,['Not counting any time when {you/SP} stopped taking them for how long altogether {have you used/did you use/has she used/did she use} patches containing estrogen only?'],['Females only 20 YEARS - 150 YEARS'],[nan],,
612,RHQ586Q,1 To 28,Range Of Values,['Not counting any time when {you/SP} stopped taking them for how long altogether {have you used/did you use/has she used/did she use} patches containing estrogen only?'],['Females only 20 YEARS - 150 YEARS'],[nan],,
613,RHQ586Q,1 To 10,Range Of Values,['Not counting any time when {you/SP} stopped taking them for how long altogether {have you used/did you use/has she used/did she use} patches containing estrogen only?'],['Females only 20 YEARS - 150 YEARS'],[nan],,
614,RHQ586Q,1 To 34,Range Of Values,['Not counting any time when {you/SP} stopped taking them for how long altogether {have you used/did you use/has she used/did she use} patches containing estrogen only?'],['Females only 20 YEARS - 150 YEARS'],[nan],,
615,RHQ586Q,1 To 18,Range Of Values,['Not counting any time when {you/SP} stopped taking them for how long altogether {have you used/did you use/has she used/did she use} patches containing estrogen only?'],['Females only 20 YEARS - 150 YEARS'],[nan],,
616,RHQ586U,1,Months,['UNIT OF MEASURE.'],['Females only 20 YEARS - 150 YEARS'],[nan],,
617,RHQ586U,2,Years,['UNIT OF MEASURE.'],['Females only 20 YEARS - 150 YEARS'],[nan],,
618,RHQ586U,7,Refused,['UNIT OF MEASURE.'],['Females only 20 YEARS - 150 YEARS'],[nan],,
619,RHQ586U,9,Don'T Know,['UNIT OF MEASURE.'],['Females only 20 YEARS - 150 YEARS'],[nan],,
620,RHQ586U,.,Missing,['UNIT OF MEASURE.'],['Females only 20 YEARS - 150 YEARS'],[nan],,
621,RHQ596,1,Yes,['{Have you/Has SP} used female hormone patches containing both estrogen and progestin?'],['Females only 20 YEARS - 150 YEARS'],[nan],,
622,RHQ596,2,No,['{Have you/Has SP} used female hormone patches containing both estrogen and progestin?'],['Females only 20 YEARS - 150 YEARS'],[nan],,
623,RHQ596,7,Refused,['{Have you/Has SP} used female hormone patches containing both estrogen and progestin?'],['Females only 20 YEARS - 150 YEARS'],[nan],,
624,RHQ596,9,Don'T Know,['{Have you/Has SP} used female hormone patches containing both estrogen and progestin?'],['Females only 20 YEARS - 150 YEARS'],[nan],,
625,RHQ596,.,Missing,['{Have you/Has SP} used female hormone patches containing both estrogen and progestin?'],['Females only 20 YEARS - 150 YEARS'],[nan],,
626,RHQ598,40 To 65,Range Of Values,['How old {were you/was SP} when {you/she} first started using patches containing both estrogen and progestin?'],['Females only 20 YEARS - 150 YEARS'],[nan],,
627,RHQ598,777,Refused,['How old {were you/was SP} when {you/she} first started using patches containing both estrogen and progestin?'],['Females only 20 YEARS - 150 YEARS'],[nan],,
628,RHQ598,999,Don'T Know,['How old {were you/was SP} when {you/she} first started using patches containing both estrogen and progestin?'],['Females only 20 YEARS - 150 YEARS'],[nan],,
629,RHQ598,.,Missing,['How old {were you/was SP} when {you/she} first started using patches containing both estrogen and progestin?'],['Females only 20 YEARS - 150 YEARS'],[nan],,
630,RHQ598,35 To 67,Range Of Values,['How old {were you/was SP} when {you/she} first started using patches containing both estrogen and progestin?'],['Females only 20 YEARS - 150 YEARS'],[nan],,
631,RHQ598,21 To 64,Range Of Values,['How old {were you/was SP} when {you/she} first started using patches containing both estrogen and progestin?'],['Females only 20 YEARS - 150 YEARS'],[nan],,
632,RHQ598,45 To 52,Range Of Values,['How old {were you/was SP} when {you/she} first started using patches containing both estrogen and progestin?'],['Females only 20 YEARS - 150 YEARS'],[nan],,
633,RHQ600,1,Yes,['{Are you/Is SP} using patches containing both estrogen and progestin now?'],['Females only 20 YEARS - 150 YEARS'],[nan],,
634,RHQ600,2,No,['{Are you/Is SP} using patches containing both estrogen and progestin now?'],['Females only 20 YEARS - 150 YEARS'],[nan],,
635,RHQ600,7,Refused,['{Are you/Is SP} using patches containing both estrogen and progestin now?'],['Females only 20 YEARS - 150 YEARS'],[nan],,
636,RHQ600,9,Don'T Know,['{Are you/Is SP} using patches containing both estrogen and progestin now?'],['Females only 20 YEARS - 150 YEARS'],[nan],,
637,RHQ600,.,Missing,['{Are you/Is SP} using patches containing both estrogen and progestin now?'],['Females only 20 YEARS - 150 YEARS'],[nan],,
638,RHQ602Q,1 To 17,Range Of Values,['Not counting any time when {you/SP} stopped taking them for how long altogether {have you used/did you use/has she used/did she use} patches containing both estrogen and progestin?'],['Females only 20 YEARS - 150 YEARS'],[nan],,
639,RHQ602Q,77,Refused,['Not counting any time when {you/SP} stopped taking them for how long altogether {have you used/did you use/has she used/did she use} patches containing both estrogen and progestin?'],['Females only 20 YEARS - 150 YEARS'],[nan],,
640,RHQ602Q,99,Don'T Know,['Not counting any time when {you/SP} stopped taking them for how long altogether {have you used/did you use/has she used/did she use} patches containing both estrogen and progestin?'],['Females only 20 YEARS - 150 YEARS'],[nan],,
641,RHQ602Q,.,Missing,['Not counting any time when {you/SP} stopped taking them for how long altogether {have you used/did you use/has she used/did she use} patches containing both estrogen and progestin?'],['Females only 20 YEARS - 150 YEARS'],[nan],,
642,RHQ602Q,2 To 10,Range Of Values,['Not counting any time when {you/SP} stopped taking them for how long altogether {have you used/did you use/has she used/did she use} patches containing both estrogen and progestin?'],['Females only 20 YEARS - 150 YEARS'],[nan],,
643,RHQ602Q,1 To 14,Range Of Values,['Not counting any time when {you/SP} stopped taking them for how long altogether {have you used/did you use/has she used/did she use} patches containing both estrogen and progestin?'],['Females only 20 YEARS - 150 YEARS'],[nan],,
644,RHQ602Q,1 To 30,Range Of Values,['Not counting any time when {you/SP} stopped taking them for how long altogether {have you used/did you use/has she used/did she use} patches containing both estrogen and progestin?'],['Females only 20 YEARS - 150 YEARS'],[nan],,
645,RHQ602Q,1 To 6,Range Of Values,['Not counting any time when {you/SP} stopped taking them for how long altogether {have you used/did you use/has she used/did she use} patches containing both estrogen and progestin?'],['Females only 20 YEARS - 150 YEARS'],[nan],,
646,RHQ602Q,1 To 5,Range Of Values,['Not counting any time when {you/SP} stopped taking them for how long altogether {have you used/did you use/has she used/did she use} patches containing both estrogen and progestin?'],['Females only 20 YEARS - 150 YEARS'],[nan],,
647,RHQ602Q,1 To 15,Range Of Values,['Not counting any time when {you/SP} stopped taking them for how long altogether {have you used/did you use/has she used/did she use} patches containing both estrogen and progestin?'],['Females only 20 YEARS - 150 YEARS'],[nan],,
648,RHQ602Q,1,1,['Not counting any time when {you/SP} stopped taking them for how long altogether {have you used/did you use/has she used/did she use} patches containing both estrogen and progestin?'],['Females only 20 YEARS - 150 YEARS'],[nan],,
649,RHQ602Q,2,2,['Not counting any time when {you/SP} stopped taking them for how long altogether {have you used/did you use/has she used/did she use} patches containing both estrogen and progestin?'],['Females only 20 YEARS - 150 YEARS'],[nan],,
650,RHQ602Q,3,3,['Not counting any time when {you/SP} stopped taking them for how long altogether {have you used/did you use/has she used/did she use} patches containing both estrogen and progestin?'],['Females only 20 YEARS - 150 YEARS'],[nan],,
651,RHQ602Q,1 To 11,Range Of Values,['Not counting any time when {you/SP} stopped taking them for how long altogether {have you used/did you use/has she used/did she use} patches containing both estrogen and progestin?'],['Females only 20 YEARS - 150 YEARS'],[nan],,
652,RHQ602U,1,Months,['UNIT OF MEASURE.'],['Females only 20 YEARS - 150 YEARS'],[nan],,
653,RHQ602U,2,Years,['UNIT OF MEASURE.'],['Females only 20 YEARS - 150 YEARS'],[nan],,
654,RHQ602U,7,Refused,['UNIT OF MEASURE.'],['Females only 20 YEARS - 150 YEARS'],[nan],,
655,RHQ602U,9,Don'T Know,['UNIT OF MEASURE.'],['Females only 20 YEARS - 150 YEARS'],[nan],,
656,RHQ602U,.,Missing,['UNIT OF MEASURE.'],['Females only 20 YEARS - 150 YEARS'],[nan],,
657,RHQ700,1,Yes,['During the past month {have you/has SP} used any of the following products for feminine hygiene?'],['Females only 14 YEARS - 49 YEARS'],[nan],,
658,RHQ700,2,No,['During the past month {have you/has SP} used any of the following products for feminine hygiene?'],['Females only 14 YEARS - 49 YEARS'],[nan],,
659,RHQ700,7,Refused,['During the past month {have you/has SP} used any of the following products for feminine hygiene?'],['Females only 14 YEARS - 49 YEARS'],[nan],,
660,RHQ700,9,Don'T Know,['During the past month {have you/has SP} used any of the following products for feminine hygiene?'],['Females only 14 YEARS - 49 YEARS'],[nan],,
661,RHQ700,.,Missing,['During the past month {have you/has SP} used any of the following products for feminine hygiene?'],['Females only 14 YEARS - 49 YEARS'],[nan],,
662,RHQ710A,1,Tampons,['Which of these products did {you/SP} use?'],['Females only 14 YEARS - 49 YEARS'],[nan],,
663,RHQ710A,77,Refused,['Which of these products did {you/SP} use?'],['Females only 14 YEARS - 49 YEARS'],[nan],,
664,RHQ710A,99,Don'T Know,['Which of these products did {you/SP} use?'],['Females only 14 YEARS - 49 YEARS'],[nan],,
665,RHQ710A,.,Missing,['Which of these products did {you/SP} use?'],['Females only 14 YEARS - 49 YEARS'],[nan],,
666,RHQ710B,2,Sanitary Napkins,['Which of these products did {you/SP} use?'],['Females only 14 YEARS - 49 YEARS'],[nan],,
667,RHQ710B,77,Refused,['Which of these products did {you/SP} use?'],['Females only 14 YEARS - 49 YEARS'],[nan],,
668,RHQ710B,99,Don'T Know,['Which of these products did {you/SP} use?'],['Females only 14 YEARS - 49 YEARS'],[nan],,
669,RHQ710B,.,Missing,['Which of these products did {you/SP} use?'],['Females only 14 YEARS - 49 YEARS'],[nan],,
670,RHQ710C,3,Vaginal Douches,['Which of these products did {you/SP} use?'],['Females only 14 YEARS - 49 YEARS'],[nan],,
671,RHQ710C,77,Refused,['Which of these products did {you/SP} use?'],['Females only 14 YEARS - 49 YEARS'],[nan],,
672,RHQ710C,99,Don'T Know,['Which of these products did {you/SP} use?'],['Females only 14 YEARS - 49 YEARS'],[nan],,
673,RHQ710C,.,Missing,['Which of these products did {you/SP} use?'],['Females only 14 YEARS - 49 YEARS'],[nan],,
674,RHQ710D,4,Feminine Spray,['Which of these products did {you/SP} use?'],['Females only 14 YEARS - 49 YEARS'],[nan],,
675,RHQ710D,77,Refused,['Which of these products did {you/SP} use?'],['Females only 14 YEARS - 49 YEARS'],[nan],,
676,RHQ710D,99,Don'T Know,['Which of these products did {you/SP} use?'],['Females only 14 YEARS - 49 YEARS'],[nan],,
677,RHQ710D,.,Missing,['Which of these products did {you/SP} use?'],['Females only 14 YEARS - 49 YEARS'],[nan],,
678,RHQ710E,5,Feminine Powder,['Which of these products did {you/SP} use?'],['Females only 14 YEARS - 49 YEARS'],[nan],,
679,RHQ710E,77,Refused,['Which of these products did {you/SP} use?'],['Females only 14 YEARS - 49 YEARS'],[nan],,
680,RHQ710E,99,Don'T Know,['Which of these products did {you/SP} use?'],['Females only 14 YEARS - 49 YEARS'],[nan],,
681,RHQ710E,.,Missing,['Which of these products did {you/SP} use?'],['Females only 14 YEARS - 49 YEARS'],[nan],,
682,RHQ710F,6,Feminine Cleansing Wipes/Towlettes,['Which of these products did {you/SP} use?'],['Females only 14 YEARS - 49 YEARS'],[nan],,
683,RHQ710F,77,Refused,['Which of these products did {you/SP} use?'],['Females only 14 YEARS - 49 YEARS'],[nan],,
684,RHQ710F,99,Don'T Know,['Which of these products did {you/SP} use?'],['Females only 14 YEARS - 49 YEARS'],[nan],,
685,RHQ710F,.,Missing,['Which of these products did {you/SP} use?'],['Females only 14 YEARS - 49 YEARS'],[nan],,
686,RHQ710G,7,Other Feminine Hygiene Products,['Which of these products did {you/SP} use?'],['Females only 14 YEARS - 49 YEARS'],[nan],,
687,RHQ710G,77,Refused,['Which of these products did {you/SP} use?'],['Females only 14 YEARS - 49 YEARS'],[nan],,
688,RHQ710G,99,Don'T Know,['Which of these products did {you/SP} use?'],['Females only 14 YEARS - 49 YEARS'],[nan],,
689,RHQ710G,.,Missing,['Which of these products did {you/SP} use?'],['Females only 14 YEARS - 49 YEARS'],[nan],,
690,RHQ720,1,Yes,['During the past 6 months did {you/SP} douche? By douching we mean putting a substance into {your/her} vagina either for routine cleansing or for vaginal irritation or signs of infection?'],['Females only 14 YEARS - 49 YEARS'],[nan],,
691,RHQ720,2,No,['During the past 6 months did {you/SP} douche? By douching we mean putting a substance into {your/her} vagina either for routine cleansing or for vaginal irritation or signs of infection?'],['Females only 14 YEARS - 49 YEARS'],[nan],,
692,RHQ720,7,Refused,['During the past 6 months did {you/SP} douche? By douching we mean putting a substance into {your/her} vagina either for routine cleansing or for vaginal irritation or signs of infection?'],['Females only 14 YEARS - 49 YEARS'],[nan],,
693,RHQ720,9,Don'T Know,['During the past 6 months did {you/SP} douche? By douching we mean putting a substance into {your/her} vagina either for routine cleansing or for vaginal irritation or signs of infection?'],['Females only 14 YEARS - 49 YEARS'],[nan],,
694,RHQ720,.,Missing,['During the past 6 months did {you/SP} douche? By douching we mean putting a substance into {your/her} vagina either for routine cleansing or for vaginal irritation or signs of infection?'],['Females only 14 YEARS - 49 YEARS'],[nan],,
695,RHQ730,1,5 Or More Times A Month,['During the past 6 months how often did {you/SP} douche? Would you say ...'],['Females only 14 YEARS - 49 YEARS'],[nan],,
696,RHQ730,2,2 To 4 Times A Month,['During the past 6 months how often did {you/SP} douche? Would you say ...'],['Females only 14 YEARS - 49 YEARS'],[nan],,
697,RHQ730,3,Once A Month,['During the past 6 months how often did {you/SP} douche? Would you say ...'],['Females only 14 YEARS - 49 YEARS'],[nan],,
698,RHQ730,4,Less Than Once A Month,['During the past 6 months how often did {you/SP} douche? Would you say ...'],['Females only 14 YEARS - 49 YEARS'],[nan],,
699,RHQ730,7,Refused,['During the past 6 months how often did {you/SP} douche? Would you say ...'],['Females only 14 YEARS - 49 YEARS'],[nan],,
700,RHQ730,9,Don'T Know,['During the past 6 months how often did {you/SP} douche? Would you say ...'],['Females only 14 YEARS - 49 YEARS'],[nan],,
701,RHQ730,.,Missing,['During the past 6 months how often did {you/SP} douche? Would you say ...'],['Females only 14 YEARS - 49 YEARS'],[nan],,
702,RHQ740,1,Yes,['During the past month did {you/SP} have any of the following problems: vaginal itching an unpleasant vaginal odor or an unusual vaginal discharge?'],['Females only 14 YEARS - 49 YEARS'],[nan],,
703,RHQ740,2,No,['During the past month did {you/SP} have any of the following problems: vaginal itching an unpleasant vaginal odor or an unusual vaginal discharge?'],['Females only 14 YEARS - 49 YEARS'],[nan],,
704,RHQ740,7,Refused,['During the past month did {you/SP} have any of the following problems: vaginal itching an unpleasant vaginal odor or an unusual vaginal discharge?'],['Females only 14 YEARS - 49 YEARS'],[nan],,
705,RHQ740,9,Don'T Know,['During the past month did {you/SP} have any of the following problems: vaginal itching an unpleasant vaginal odor or an unusual vaginal discharge?'],['Females only 14 YEARS - 49 YEARS'],[nan],,
706,RHQ740,.,Missing,['During the past month did {you/SP} have any of the following problems: vaginal itching an unpleasant vaginal odor or an unusual vaginal discharge?'],['Females only 14 YEARS - 49 YEARS'],[nan],,
707,RHQ750A,1,Vaginal Itching,['Which of these problems did {you/SP} have?'],['Females only 14 YEARS - 49 YEARS'],[nan],,
708,RHQ750A,7,Refused,['Which of these problems did {you/SP} have?'],['Females only 14 YEARS - 49 YEARS'],[nan],,
709,RHQ750A,9,Don'T Know,['Which of these problems did {you/SP} have?'],['Females only 14 YEARS - 49 YEARS'],[nan],,
710,RHQ750A,.,Missing,['Which of these problems did {you/SP} have?'],['Females only 14 YEARS - 49 YEARS'],[nan],,
711,RHQ750B,2,Unpleasant Vaginal Odor,['Which of these problems did {you/SP} have?'],['Females only 14 YEARS - 49 YEARS'],[nan],,
712,RHQ750B,7,Refused,['Which of these problems did {you/SP} have?'],['Females only 14 YEARS - 49 YEARS'],[nan],,
713,RHQ750B,9,Don'T Know,['Which of these problems did {you/SP} have?'],['Females only 14 YEARS - 49 YEARS'],[nan],,
714,RHQ750B,.,Missing,['Which of these problems did {you/SP} have?'],['Females only 14 YEARS - 49 YEARS'],[nan],,
715,RHQ750C,3,Unusual Vaginal Discharge,['Which of these problems did {you/SP} have?'],['Females only 14 YEARS - 49 YEARS'],[nan],,
716,RHQ750C,7,Refused,['Which of these problems did {you/SP} have?'],['Females only 14 YEARS - 49 YEARS'],[nan],,
717,RHQ750C,9,Don'T Know,['Which of these problems did {you/SP} have?'],['Females only 14 YEARS - 49 YEARS'],[nan],,
718,RHQ750C,.,Missing,['Which of these problems did {you/SP} have?'],['Females only 14 YEARS - 49 YEARS'],[nan],,
719,RHD042,1,Pregnancy,['What is the reason that {you have/SP has} not had a period in the past 12 months?'],"['Females only 12 YEARS - 150 YEARS', 'Females only 20 YEARS - 150 YEARS']",[nan],,
720,RHD042,2,Breast Feeding,['What is the reason that {you have/SP has} not had a period in the past 12 months?'],"['Females only 12 YEARS - 150 YEARS', 'Females only 20 YEARS - 150 YEARS']",[nan],,
721,RHD042,7,Menopause/Hysterectomy,['What is the reason that {you have/SP has} not had a period in the past 12 months?'],"['Females only 12 YEARS - 150 YEARS', 'Females only 20 YEARS - 150 YEARS']",[nan],,
722,RHD042,8,Medical Conditions/Treatments,['What is the reason that {you have/SP has} not had a period in the past 12 months?'],"['Females only 12 YEARS - 150 YEARS', 'Females only 20 YEARS - 150 YEARS']",[nan],,
723,RHD042,9,Other,['What is the reason that {you have/SP has} not had a period in the past 12 months?'],"['Females only 12 YEARS - 150 YEARS', 'Females only 20 YEARS - 150 YEARS']",[nan],,
724,RHD042,77,Refused,['What is the reason that {you have/SP has} not had a period in the past 12 months?'],"['Females only 12 YEARS - 150 YEARS', 'Females only 20 YEARS - 150 YEARS']",[nan],,
725,RHD042,99,Don'T Know,['What is the reason that {you have/SP has} not had a period in the past 12 months?'],"['Females only 12 YEARS - 150 YEARS', 'Females only 20 YEARS - 150 YEARS']",[nan],,
726,RHD042,.,Missing,['What is the reason that {you have/SP has} not had a period in the past 12 months?'],"['Females only 12 YEARS - 150 YEARS', 'Females only 20 YEARS - 150 YEARS']",[nan],,
727,RHQ051,1,Having It Now,['When did {you/SP} have {your/her} last period? PROBE: How many months ago was {your/her} last period?'],['Females only 12 YEARS - 150 YEARS'],[nan],,
728,RHQ051,2,Less Than 2 Months Ago,['When did {you/SP} have {your/her} last period? PROBE: How many months ago was {your/her} last period?'],['Females only 12 YEARS - 150 YEARS'],[nan],,
729,RHQ051,3,3 - 5 Months Ago,['When did {you/SP} have {your/her} last period? PROBE: How many months ago was {your/her} last period?'],['Females only 12 YEARS - 150 YEARS'],[nan],,
730,RHQ051,4,6 - 8 Months Ago,['When did {you/SP} have {your/her} last period? PROBE: How many months ago was {your/her} last period?'],['Females only 12 YEARS - 150 YEARS'],[nan],,
731,RHQ051,5,9 - 11 Months Ago,['When did {you/SP} have {your/her} last period? PROBE: How many months ago was {your/her} last period?'],['Females only 12 YEARS - 150 YEARS'],[nan],,
732,RHQ051,77,Refused,['When did {you/SP} have {your/her} last period? PROBE: How many months ago was {your/her} last period?'],['Females only 12 YEARS - 150 YEARS'],[nan],,
733,RHQ051,99,Don'T Know,['When did {you/SP} have {your/her} last period? PROBE: How many months ago was {your/her} last period?'],['Females only 12 YEARS - 150 YEARS'],[nan],,
734,RHQ051,.,Missing,['When did {you/SP} have {your/her} last period? PROBE: How many months ago was {your/her} last period?'],['Females only 12 YEARS - 150 YEARS'],[nan],,
735,RHQ075A,,,[nan],['Females only 12 YEARS - 150 YEARS'],[nan],,
736,RHQ135C,,,[nan],"['Females only 12 YEARS - 150 YEARS', 'Females only 20 YEARS - 150 YEARS']",[nan],,
737,RHD152,1 To 9,Range Of Values,['Which month of pregnancy {are you/is she} in?'],"['Females only 12 YEARS - 59 YEARS', 'Females only 20 YEARS - 44 YEARS']",[nan],,
738,RHD152,77,Refused,['Which month of pregnancy {are you/is she} in?'],"['Females only 12 YEARS - 59 YEARS', 'Females only 20 YEARS - 44 YEARS']",[nan],,
739,RHD152,99,Don'T Know,['Which month of pregnancy {are you/is she} in?'],"['Females only 12 YEARS - 59 YEARS', 'Females only 20 YEARS - 44 YEARS']",[nan],,
740,RHD152,.,Missing,['Which month of pregnancy {are you/is she} in?'],"['Females only 12 YEARS - 59 YEARS', 'Females only 20 YEARS - 44 YEARS']",[nan],,
741,RHD152,1 To 10,Range Of Values,['Which month of pregnancy {are you/is she} in?'],"['Females only 12 YEARS - 59 YEARS', 'Females only 20 YEARS - 44 YEARS']",[nan],,
742,RHQ275A,,,[nan],"['Females only 12 YEARS - 150 YEARS', 'Females only 20 YEARS - 150 YEARS']",[nan],,
743,RHQ291,16 To 85,Range Of Values,['How old {were you/was SP} when {you/she} had {your/her} (hysterectomy/uterus removed/womb removed)?'],['Females only 20 YEARS - 150 YEARS'],[nan],,
744,RHQ291,777,Refused,['How old {were you/was SP} when {you/she} had {your/her} (hysterectomy/uterus removed/womb removed)?'],['Females only 20 YEARS - 150 YEARS'],[nan],,
745,RHQ291,999,Don'T Know,['How old {were you/was SP} when {you/she} had {your/her} (hysterectomy/uterus removed/womb removed)?'],['Females only 20 YEARS - 150 YEARS'],[nan],,
746,RHQ291,.,Missing,['How old {were you/was SP} when {you/she} had {your/her} (hysterectomy/uterus removed/womb removed)?'],['Females only 20 YEARS - 150 YEARS'],[nan],,
747,RHQ291,19 To 72,Range Of Values,['How old {were you/was SP} when {you/she} had {your/her} (hysterectomy/uterus removed/womb removed)?'],['Females only 20 YEARS - 150 YEARS'],[nan],,
748,RHQ291,20 To 79,Range Of Values,['How old {were you/was SP} when {you/she} had {your/her} (hysterectomy/uterus removed/womb removed)?'],['Females only 20 YEARS - 150 YEARS'],[nan],,
749,RHQ291,19 To 80,Range Of Values,['How old {were you/was SP} when {you/she} had {your/her} (hysterectomy/uterus removed/womb removed)?'],['Females only 20 YEARS - 150 YEARS'],[nan],,
750,RHQ291,17 To 77,Range Of Values,['How old {were you/was SP} when {you/she} had {your/her} (hysterectomy/uterus removed/womb removed)?'],['Females only 20 YEARS - 150 YEARS'],[nan],,
751,RHQ291,21 To 59,Range Of Values,['How old {were you/was SP} when {you/she} had {your/her} (hysterectomy/uterus removed/womb removed)?'],['Females only 20 YEARS - 150 YEARS'],[nan],,
752,RHQ291,19,19 Years Or Under,['How old {were you/was SP} when {you/she} had {your/her} (hysterectomy/uterus removed/womb removed)?'],['Females only 20 YEARS - 150 YEARS'],[nan],,
753,RHQ291,60,60 Years Or Older,['How old {were you/was SP} when {you/she} had {your/her} (hysterectomy/uterus removed/womb removed)?'],['Females only 20 YEARS - 150 YEARS'],[nan],,
754,RHQ291,20 To 59,Range Of Values,['How old {were you/was SP} when {you/she} had {your/her} (hysterectomy/uterus removed/womb removed)?'],['Females only 20 YEARS - 150 YEARS'],[nan],,
755,RHQ435B,,,[nan],['Females only 12 YEARS - 150 YEARS'],[nan],,
756,RHD442,1,Yes,['{Are you/Is SP} taking birth control pills now?'],['Females only 12 YEARS - 150 YEARS'],[nan],,
757,RHD442,2,No,['{Are you/Is SP} taking birth control pills now?'],['Females only 12 YEARS - 150 YEARS'],[nan],,
758,RHD442,7,Refused,['{Are you/Is SP} taking birth control pills now?'],['Females only 12 YEARS - 150 YEARS'],[nan],,
759,RHD442,9,Don'T Know,['{Are you/Is SP} taking birth control pills now?'],['Females only 12 YEARS - 150 YEARS'],[nan],,
760,RHD442,.,Missing,['{Are you/Is SP} taking birth control pills now?'],['Females only 12 YEARS - 150 YEARS'],[nan],,
761,RHD451,10 To 58,Range Of Values,['How old {were you/was SP} when {you/she} stopped taking birth control pills?'],['Females only 12 YEARS - 150 YEARS'],[nan],,
762,RHD451,777,Refused,['How old {were you/was SP} when {you/she} stopped taking birth control pills?'],['Females only 12 YEARS - 150 YEARS'],[nan],,
763,RHD451,999,Don'T Know,['How old {were you/was SP} when {you/she} stopped taking birth control pills?'],['Females only 12 YEARS - 150 YEARS'],[nan],,
764,RHD451,.,Missing,['How old {were you/was SP} when {you/she} stopped taking birth control pills?'],['Females only 12 YEARS - 150 YEARS'],[nan],,
765,RHD451,12 To 59,Range Of Values,['How old {were you/was SP} when {you/she} stopped taking birth control pills?'],['Females only 12 YEARS - 150 YEARS'],[nan],,
766,RHQ166,0 To 15,Range Of Values,['How many vaginal deliveries {have you/has SP} had? {Please count stillbirths as well as live births}'],"['Females only 12 YEARS - 150 YEARS', 'Females only 20 YEARS - 150 YEARS']",[nan],,
767,RHQ166,77,Refused,['How many vaginal deliveries {have you/has SP} had? {Please count stillbirths as well as live births}'],"['Females only 12 YEARS - 150 YEARS', 'Females only 20 YEARS - 150 YEARS']",[nan],,
768,RHQ166,99,Don'T Know,['How many vaginal deliveries {have you/has SP} had? {Please count stillbirths as well as live births}'],"['Females only 12 YEARS - 150 YEARS', 'Females only 20 YEARS - 150 YEARS']",[nan],,
769,RHQ166,.,Missing,['How many vaginal deliveries {have you/has SP} had? {Please count stillbirths as well as live births}'],"['Females only 12 YEARS - 150 YEARS', 'Females only 20 YEARS - 150 YEARS']",[nan],,
770,RHQ166,0 To 14,Range Of Values,['How many vaginal deliveries {have you/has SP} had? {Please count stillbirths as well as live births}'],"['Females only 12 YEARS - 150 YEARS', 'Females only 20 YEARS - 150 YEARS']",[nan],,
771,RHQ166,0 To 13,Range Of Values,['How many vaginal deliveries {have you/has SP} had? {Please count stillbirths as well as live births}'],"['Females only 12 YEARS - 150 YEARS', 'Females only 20 YEARS - 150 YEARS']",[nan],,
772,RHQ166,0 To 10,Range Of Values,['How many vaginal deliveries {have you/has SP} had? {Please count stillbirths as well as live births}'],"['Females only 12 YEARS - 150 YEARS', 'Females only 20 YEARS - 150 YEARS']",[nan],,
773,RHQ166,11,11 Or More,['How many vaginal deliveries {have you/has SP} had? {Please count stillbirths as well as live births}'],"['Females only 12 YEARS - 150 YEARS', 'Females only 20 YEARS - 150 YEARS']",[nan],,
774,RHQ169,0 To 4,Range Of Values,['How many cesarean deliveries {have you/has SP} had? (Cesarean deliveries are also known as C-sections.) (Please count stillbirths as well as live births.)'],"['Females only 12 YEARS - 150 YEARS', 'Females only 20 YEARS - 150 YEARS']",[nan],,
775,RHQ169,77,Refused,['How many cesarean deliveries {have you/has SP} had? (Cesarean deliveries are also known as C-sections.) (Please count stillbirths as well as live births.)'],"['Females only 12 YEARS - 150 YEARS', 'Females only 20 YEARS - 150 YEARS']",[nan],,
776,RHQ169,99,Don'T Know,['How many cesarean deliveries {have you/has SP} had? (Cesarean deliveries are also known as C-sections.) (Please count stillbirths as well as live births.)'],"['Females only 12 YEARS - 150 YEARS', 'Females only 20 YEARS - 150 YEARS']",[nan],,
777,RHQ169,.,Missing,['How many cesarean deliveries {have you/has SP} had? (Cesarean deliveries are also known as C-sections.) (Please count stillbirths as well as live births.)'],"['Females only 12 YEARS - 150 YEARS', 'Females only 20 YEARS - 150 YEARS']",[nan],,
778,RHQ169,0 To 5,Range Of Values,['How many cesarean deliveries {have you/has SP} had? (Cesarean deliveries are also known as C-sections.) (Please count stillbirths as well as live births.)'],"['Females only 12 YEARS - 150 YEARS', 'Females only 20 YEARS - 150 YEARS']",[nan],,
779,RHQ169,0 To 6,Range Of Values,['How many cesarean deliveries {have you/has SP} had? (Cesarean deliveries are also known as C-sections.) (Please count stillbirths as well as live births.)'],"['Females only 12 YEARS - 150 YEARS', 'Females only 20 YEARS - 150 YEARS']",[nan],,
780,RHQ169,0 To 7,Range Of Values,['How many cesarean deliveries {have you/has SP} had? (Cesarean deliveries are also known as C-sections.) (Please count stillbirths as well as live births.)'],"['Females only 12 YEARS - 150 YEARS', 'Females only 20 YEARS - 150 YEARS']",[nan],,
781,RHQ395,1,Yes,['{Do you/Does SP} experience bulging or something falling out that {you/she} can see or feel in the vaginal area?'],['Females only 20 YEARS - 150 YEARS'],[nan],,
782,RHQ395,2,No,['{Do you/Does SP} experience bulging or something falling out that {you/she} can see or feel in the vaginal area?'],['Females only 20 YEARS - 150 YEARS'],[nan],,
783,RHQ395,7,Refused,['{Do you/Does SP} experience bulging or something falling out that {you/she} can see or feel in the vaginal area?'],['Females only 20 YEARS - 150 YEARS'],[nan],,
784,RHQ395,9,Don'T Know,['{Do you/Does SP} experience bulging or something falling out that {you/she} can see or feel in the vaginal area?'],['Females only 20 YEARS - 150 YEARS'],[nan],,
785,RHQ395,.,Missing,['{Do you/Does SP} experience bulging or something falling out that {you/she} can see or feel in the vaginal area?'],['Females only 20 YEARS - 150 YEARS'],[nan],,
786,RHQ163,15 To 44,Range Of Values,['How old {were you/was SP} when {you were/she was} first told {you/she} had diabetes during a pregnancy?'],['Females only 20 YEARS - 150 YEARS'],[nan],,
787,RHQ163,77,Refused,['How old {were you/was SP} when {you were/she was} first told {you/she} had diabetes during a pregnancy?'],['Females only 20 YEARS - 150 YEARS'],[nan],,
788,RHQ163,99,Don'T Know,['How old {were you/was SP} when {you were/she was} first told {you/she} had diabetes during a pregnancy?'],['Females only 20 YEARS - 150 YEARS'],[nan],,
789,RHQ163,.,Missing,['How old {were you/was SP} when {you were/she was} first told {you/she} had diabetes during a pregnancy?'],['Females only 20 YEARS - 150 YEARS'],[nan],,
790,RHQ163,14 To 45,Range Of Values,['How old {were you/was SP} when {you were/she was} first told {you/she} had diabetes during a pregnancy?'],['Females only 20 YEARS - 150 YEARS'],[nan],,
791,RHQ163,16 To 45,Range Of Values,['How old {were you/was SP} when {you were/she was} first told {you/she} had diabetes during a pregnancy?'],['Females only 20 YEARS - 150 YEARS'],[nan],,
792,RHQ163,777,Refused,['How old {were you/was SP} when {you were/she was} first told {you/she} had diabetes during a pregnancy?'],['Females only 20 YEARS - 150 YEARS'],[nan],,
793,RHQ163,999,Don'T Know,['How old {were you/was SP} when {you were/she was} first told {you/she} had diabetes during a pregnancy?'],['Females only 20 YEARS - 150 YEARS'],[nan],,
794,RHQ163,16 To 44,Range Of Values,['How old {were you/was SP} when {you were/she was} first told {you/she} had diabetes during a pregnancy?'],['Females only 20 YEARS - 150 YEARS'],[nan],,
795,RHQ163,14,14 Years Or Under,['How old {were you/was SP} when {you were/she was} first told {you/she} had diabetes during a pregnancy?'],['Females only 20 YEARS - 150 YEARS'],[nan],,
796,RHQ163,45,45 Years Or Older,['How old {were you/was SP} when {you were/she was} first told {you/she} had diabetes during a pregnancy?'],['Females only 20 YEARS - 150 YEARS'],[nan],,
797,RHQ168,,,[nan],['Females only 20 YEARS - 150 YEARS'],[nan],,
798,RHQ170A,,,[nan],['Females only 20 YEARS - 150 YEARS'],[nan],,
799,RHD173,15 To 43,Range Of Values,['How old {were you/was SP} when {you/she} delivered a baby that weighed 9 pounds or more? (Please count stillbirths as well as live births.)'],['Females only 20 YEARS - 150 YEARS'],[nan],,
800,RHD173,14,14 Years Or Under,['How old {were you/was SP} when {you/she} delivered a baby that weighed 9 pounds or more? (Please count stillbirths as well as live births.)'],['Females only 20 YEARS - 150 YEARS'],[nan],,
801,RHD173,45,45 Years Or Older,['How old {were you/was SP} when {you/she} delivered a baby that weighed 9 pounds or more? (Please count stillbirths as well as live births.)'],['Females only 20 YEARS - 150 YEARS'],[nan],,
802,RHD173,777,Refused,['How old {were you/was SP} when {you/she} delivered a baby that weighed 9 pounds or more? (Please count stillbirths as well as live births.)'],['Females only 20 YEARS - 150 YEARS'],[nan],,
803,RHD173,999,Don'T Know,['How old {were you/was SP} when {you/she} delivered a baby that weighed 9 pounds or more? (Please count stillbirths as well as live births.)'],['Females only 20 YEARS - 150 YEARS'],[nan],,
804,RHD173,.,Missing,['How old {were you/was SP} when {you/she} delivered a baby that weighed 9 pounds or more? (Please count stillbirths as well as live births.)'],['Females only 20 YEARS - 150 YEARS'],[nan],,
805,RHD173,15 To 44,Range Of Values,['How old {were you/was SP} when {you/she} delivered a baby that weighed 9 pounds or more? (Please count stillbirths as well as live births.)'],['Females only 20 YEARS - 150 YEARS'],[nan],,
806,RHD173,15 To 42,Range Of Values,['How old {were you/was SP} when {you/she} delivered a baby that weighed 9 pounds or more? (Please count stillbirths as well as live births.)'],['Females only 20 YEARS - 150 YEARS'],[nan],,
807,RHQ176,,,[nan],['Females only 20 YEARS - 150 YEARS'],[nan],,
808,RHQ205,1,Yes,['Did {you/SP} breast feed {{your/her} child/any of {your/her} children} for at least one month?'],['Females only 20 YEARS - 150 YEARS'],[nan],,
809,RHQ205,2,No,['Did {you/SP} breast feed {{your/her} child/any of {your/her} children} for at least one month?'],['Females only 20 YEARS - 150 YEARS'],[nan],,
810,RHQ205,7,Refused,['Did {you/SP} breast feed {{your/her} child/any of {your/her} children} for at least one month?'],['Females only 20 YEARS - 150 YEARS'],[nan],,
811,RHQ205,9,Don'T Know,['Did {you/SP} breast feed {{your/her} child/any of {your/her} children} for at least one month?'],['Females only 20 YEARS - 150 YEARS'],[nan],,
812,RHQ205,.,Missing,['Did {you/SP} breast feed {{your/her} child/any of {your/her} children} for at least one month?'],['Females only 20 YEARS - 150 YEARS'],[nan],,
813,RHQ519,,,[nan],['Females only 12 YEARS - 150 YEARS'],[nan],,
814,RHQ140,1,Yes,['{Do you/Does SP} think {you are/he/she is} pregnant now?'],['Females only 12 YEARS - 60 YEARS'],[nan],,
815,RHQ140,2,No,['{Do you/Does SP} think {you are/he/she is} pregnant now?'],['Females only 12 YEARS - 60 YEARS'],[nan],,
816,RHQ140,7,Refused,['{Do you/Does SP} think {you are/he/she is} pregnant now?'],['Females only 12 YEARS - 60 YEARS'],[nan],,
817,RHQ140,9,Don'T Know,['{Do you/Does SP} think {you are/he/she is} pregnant now?'],['Females only 12 YEARS - 60 YEARS'],[nan],,
818,RHQ140,.,Missing,['{Do you/Does SP} think {you are/he/she is} pregnant now?'],['Females only 12 YEARS - 60 YEARS'],[nan],,
819,RHQ150,1 To 10,Range Of Values,['{The next questions are about {your/SPs} pregnancy history.} Which month of pregnancy {are you/is she} in?'],['Females only 12 YEARS - 60 YEARS'],[nan],,
820,RHQ150,77,Refused,['{The next questions are about {your/SPs} pregnancy history.} Which month of pregnancy {are you/is she} in?'],['Females only 12 YEARS - 60 YEARS'],[nan],,
821,RHQ150,99,Don'T Know,['{The next questions are about {your/SPs} pregnancy history.} Which month of pregnancy {are you/is she} in?'],['Females only 12 YEARS - 60 YEARS'],[nan],,
822,RHQ150,.,Missing,['{The next questions are about {your/SPs} pregnancy history.} Which month of pregnancy {are you/is she} in?'],['Females only 12 YEARS - 60 YEARS'],[nan],,
