,Column,Code,Label,English_Text,Target,English_Instructions,Class,Other For
0,SEQN,,,['Respondent sequence number'],"['Both males and females 16 YEARS - 150 YEARS', 'Both males and females 12 YEARS - 150 YEARS']",[nan],,
1,OCD150,1,"Working At A Job Or Business,","['(SP Interview Version) In this part of the survey I will ask you questions about {your/SPs} work experience. Which of the following {were you/was SP} doing last week . . . (Family Interview Version) The next questions are about {your/NON-SP HEADS/NON- SP SPOUSES} current job or business. Which of the following {were you/was} {NON-SP HEAD/NON-SP SPOUSE} doing last week . . .', 'In this part of the survey I will ask you questions about {your/SPs} work experience. Which of the following {were you/was SP} doing last week?', '(SP Interview Version) In this part of the survey I will ask you questions about {your/SPs} work experience. Which of the following {were you/was SP} doing last week . .']",['Both males and females 16 YEARS - 150 YEARS'],[nan],,
2,OCD150,2,"With A Job Or Business But Not At Work,","['(SP Interview Version) In this part of the survey I will ask you questions about {your/SPs} work experience. Which of the following {were you/was SP} doing last week . . . (Family Interview Version) The next questions are about {your/NON-SP HEADS/NON- SP SPOUSES} current job or business. Which of the following {were you/was} {NON-SP HEAD/NON-SP SPOUSE} doing last week . . .', 'In this part of the survey I will ask you questions about {your/SPs} work experience. Which of the following {were you/was SP} doing last week?', '(SP Interview Version) In this part of the survey I will ask you questions about {your/SPs} work experience. Which of the following {were you/was SP} doing last week . .']",['Both males and females 16 YEARS - 150 YEARS'],[nan],,
3,OCD150,3,"Looking For Work, Or","['(SP Interview Version) In this part of the survey I will ask you questions about {your/SPs} work experience. Which of the following {were you/was SP} doing last week . . . (Family Interview Version) The next questions are about {your/NON-SP HEADS/NON- SP SPOUSES} current job or business. Which of the following {were you/was} {NON-SP HEAD/NON-SP SPOUSE} doing last week . . .', 'In this part of the survey I will ask you questions about {your/SPs} work experience. Which of the following {were you/was SP} doing last week?', '(SP Interview Version) In this part of the survey I will ask you questions about {your/SPs} work experience. Which of the following {were you/was SP} doing last week . .']",['Both males and females 16 YEARS - 150 YEARS'],[nan],,
4,OCD150,4,Not Working At A Job Or Business?,"['(SP Interview Version) In this part of the survey I will ask you questions about {your/SPs} work experience. Which of the following {were you/was SP} doing last week . . . (Family Interview Version) The next questions are about {your/NON-SP HEADS/NON- SP SPOUSES} current job or business. Which of the following {were you/was} {NON-SP HEAD/NON-SP SPOUSE} doing last week . . .', 'In this part of the survey I will ask you questions about {your/SPs} work experience. Which of the following {were you/was SP} doing last week?', '(SP Interview Version) In this part of the survey I will ask you questions about {your/SPs} work experience. Which of the following {were you/was SP} doing last week . .']",['Both males and females 16 YEARS - 150 YEARS'],[nan],,
5,OCD150,7,Refused,"['(SP Interview Version) In this part of the survey I will ask you questions about {your/SPs} work experience. Which of the following {were you/was SP} doing last week . . . (Family Interview Version) The next questions are about {your/NON-SP HEADS/NON- SP SPOUSES} current job or business. Which of the following {were you/was} {NON-SP HEAD/NON-SP SPOUSE} doing last week . . .', 'In this part of the survey I will ask you questions about {your/SPs} work experience. Which of the following {were you/was SP} doing last week?', '(SP Interview Version) In this part of the survey I will ask you questions about {your/SPs} work experience. Which of the following {were you/was SP} doing last week . .']",['Both males and females 16 YEARS - 150 YEARS'],[nan],,
6,OCD150,9,Don'T Know,"['(SP Interview Version) In this part of the survey I will ask you questions about {your/SPs} work experience. Which of the following {were you/was SP} doing last week . . . (Family Interview Version) The next questions are about {your/NON-SP HEADS/NON- SP SPOUSES} current job or business. Which of the following {were you/was} {NON-SP HEAD/NON-SP SPOUSE} doing last week . . .', 'In this part of the survey I will ask you questions about {your/SPs} work experience. Which of the following {were you/was SP} doing last week?', '(SP Interview Version) In this part of the survey I will ask you questions about {your/SPs} work experience. Which of the following {were you/was SP} doing last week . .']",['Both males and females 16 YEARS - 150 YEARS'],[nan],,
7,OCD150,.,Missing,"['(SP Interview Version) In this part of the survey I will ask you questions about {your/SPs} work experience. Which of the following {were you/was SP} doing last week . . . (Family Interview Version) The next questions are about {your/NON-SP HEADS/NON- SP SPOUSES} current job or business. Which of the following {were you/was} {NON-SP HEAD/NON-SP SPOUSE} doing last week . . .', 'In this part of the survey I will ask you questions about {your/SPs} work experience. Which of the following {were you/was SP} doing last week?', '(SP Interview Version) In this part of the survey I will ask you questions about {your/SPs} work experience. Which of the following {were you/was SP} doing last week . .']",['Both males and females 16 YEARS - 150 YEARS'],[nan],,
8,OCD180,1 To 100,Range Of Values,['How many hours did {you/SP} work last week at all jobs or businesses?'],['Both males and females 16 YEARS - 150 YEARS'],[nan],,
9,OCD180,77777,Refused,['How many hours did {you/SP} work last week at all jobs or businesses?'],['Both males and females 16 YEARS - 150 YEARS'],[nan],,
10,OCD180,99999,Don'T Know,['How many hours did {you/SP} work last week at all jobs or businesses?'],['Both males and females 16 YEARS - 150 YEARS'],[nan],,
11,OCD180,.,Missing,['How many hours did {you/SP} work last week at all jobs or businesses?'],['Both males and females 16 YEARS - 150 YEARS'],[nan],,
12,OCQ200,,,[nan],"['Both males and females 0 YEARS - 150 YEARS', 'Both males and females 16 YEARS - 150 YEARS']",[nan],,
13,OCQ210,1,Yes,['{Do you/Does SP} usually work 35 hours or more per week in total at all jobs or businesses?'],['Both males and females 16 YEARS - 150 YEARS'],[nan],,
14,OCQ210,2,No,['{Do you/Does SP} usually work 35 hours or more per week in total at all jobs or businesses?'],['Both males and females 16 YEARS - 150 YEARS'],[nan],,
15,OCQ210,7,Refused,['{Do you/Does SP} usually work 35 hours or more per week in total at all jobs or businesses?'],['Both males and females 16 YEARS - 150 YEARS'],[nan],,
16,OCQ210,9,Don'T Know,['{Do you/Does SP} usually work 35 hours or more per week in total at all jobs or businesses?'],['Both males and females 16 YEARS - 150 YEARS'],[nan],,
17,OCQ210,.,Missing,['{Do you/Does SP} usually work 35 hours or more per week in total at all jobs or businesses?'],['Both males and females 16 YEARS - 150 YEARS'],[nan],,
18,OCD230,1 To 98,Range Of Values,['What kind of business or industry is this? (For example: TV and radio management retail shoe store state labor department farm.)'],['Both males and females 16 YEARS - 150 YEARS'],[nan],,
19,OCD230,.,Missing,['What kind of business or industry is this? (For example: TV and radio management retail shoe store state labor department farm.)'],['Both males and females 16 YEARS - 150 YEARS'],[nan],,
20,OCD240,1 To 98,Range Of Values,['(SP Interview Version) What kind of work {were you/was SP} doing? (For example: farming mail clerk computer specialist.)  (Family Interview Version) What kind of work {were/was} {you/NON-SP HEAD/NON-SP SPOUSE} doing? (For example: farming mail clerk computer specialist.)'],['Both males and females 16 YEARS - 150 YEARS'],[nan],,
21,OCD240,.,Missing,['(SP Interview Version) What kind of work {were you/was SP} doing? (For example: farming mail clerk computer specialist.)  (Family Interview Version) What kind of work {were/was} {you/NON-SP HEAD/NON-SP SPOUSE} doing? (For example: farming mail clerk computer specialist.)'],['Both males and females 16 YEARS - 150 YEARS'],[nan],,
22,OCQ260,1,"An Employee Of A Private Company, Business, Or Individual For Wages, Salary, Or Commission.",['Looking at the card which of these best describes this job or work situation?'],['Both males and females 16 YEARS - 150 YEARS'],[nan],,
23,OCQ260,2,A Federal Government Employee,['Looking at the card which of these best describes this job or work situation?'],['Both males and females 16 YEARS - 150 YEARS'],[nan],,
24,OCQ260,3,A State Government Employee,['Looking at the card which of these best describes this job or work situation?'],['Both males and females 16 YEARS - 150 YEARS'],[nan],,
25,OCQ260,4,A Local Government Employee,['Looking at the card which of these best describes this job or work situation?'],['Both males and females 16 YEARS - 150 YEARS'],[nan],,
26,OCQ260,5,"Self-Employed In Own Business, Professional Practice Or Farm.",['Looking at the card which of these best describes this job or work situation?'],['Both males and females 16 YEARS - 150 YEARS'],[nan],,
27,OCQ260,6,Working Without Pay In Family Business Or Farm,['Looking at the card which of these best describes this job or work situation?'],['Both males and females 16 YEARS - 150 YEARS'],[nan],,
28,OCQ260,77,Refused,['Looking at the card which of these best describes this job or work situation?'],['Both males and females 16 YEARS - 150 YEARS'],[nan],,
29,OCQ260,99,Don'T Know,['Looking at the card which of these best describes this job or work situation?'],['Both males and females 16 YEARS - 150 YEARS'],[nan],,
30,OCQ260,.,Missing,['Looking at the card which of these best describes this job or work situation?'],['Both males and females 16 YEARS - 150 YEARS'],[nan],,
31,OCD270,1 To 720,Range Of Values,['About how long {have you/has SP} worked for {EMPLOYER} as a(n) {OCCUPATION}?'],['Both males and females 16 YEARS - 150 YEARS'],[nan],,
32,OCD270,0,Less Than 1 Month,['About how long {have you/has SP} worked for {EMPLOYER} as a(n) {OCCUPATION}?'],['Both males and females 16 YEARS - 150 YEARS'],[nan],,
33,OCD270,77777,Refused,['About how long {have you/has SP} worked for {EMPLOYER} as a(n) {OCCUPATION}?'],['Both males and females 16 YEARS - 150 YEARS'],[nan],,
34,OCD270,99999,Don'T Know,['About how long {have you/has SP} worked for {EMPLOYER} as a(n) {OCCUPATION}?'],['Both males and females 16 YEARS - 150 YEARS'],[nan],,
35,OCD270,.,Missing,['About how long {have you/has SP} worked for {EMPLOYER} as a(n) {OCCUPATION}?'],['Both males and females 16 YEARS - 150 YEARS'],[nan],,
36,OCD270,1 To 708,Range Of Values,['About how long {have you/has SP} worked for {EMPLOYER} as a(n) {OCCUPATION}?'],['Both males and females 16 YEARS - 150 YEARS'],[nan],,
37,OCD270,1 To 468,Range Of Values,['About how long {have you/has SP} worked for {EMPLOYER} as a(n) {OCCUPATION}?'],['Both males and females 16 YEARS - 150 YEARS'],[nan],,
38,OCD270,480,480 Months Or More,['About how long {have you/has SP} worked for {EMPLOYER} as a(n) {OCCUPATION}?'],['Both males and females 16 YEARS - 150 YEARS'],[nan],,
39,OCQ290G,1,Enter Number,['The next questions are about conditions {you/SP} may experience and equipment {you/he/she} may use at {EMPLOYER} as a(n) {OCCUPATION}. At this job or business how many hours per day can {you/SP} smell the smoke from other peoples cigarettes cigars and/or pipes?'],['Both males and females 16 YEARS - 150 YEARS'],[nan],,
40,OCQ290G,2,Never,['The next questions are about conditions {you/SP} may experience and equipment {you/he/she} may use at {EMPLOYER} as a(n) {OCCUPATION}. At this job or business how many hours per day can {you/SP} smell the smoke from other peoples cigarettes cigars and/or pipes?'],['Both males and females 16 YEARS - 150 YEARS'],[nan],,
41,OCQ290G,7,Refused,['The next questions are about conditions {you/SP} may experience and equipment {you/he/she} may use at {EMPLOYER} as a(n) {OCCUPATION}. At this job or business how many hours per day can {you/SP} smell the smoke from other peoples cigarettes cigars and/or pipes?'],['Both males and females 16 YEARS - 150 YEARS'],[nan],,
42,OCQ290G,9,Don'T Know,['The next questions are about conditions {you/SP} may experience and equipment {you/he/she} may use at {EMPLOYER} as a(n) {OCCUPATION}. At this job or business how many hours per day can {you/SP} smell the smoke from other peoples cigarettes cigars and/or pipes?'],['Both males and females 16 YEARS - 150 YEARS'],[nan],,
43,OCQ290G,.,Missing,['The next questions are about conditions {you/SP} may experience and equipment {you/he/she} may use at {EMPLOYER} as a(n) {OCCUPATION}. At this job or business how many hours per day can {you/SP} smell the smoke from other peoples cigarettes cigars and/or pipes?'],['Both males and females 16 YEARS - 150 YEARS'],[nan],,
44,OCQ290Q,0 To 24,Range Of Values,['The next questions are about conditions {you/SP} may experience and equipment {you/he/she} may use at {EMPLOYER} as a(n) {OCCUPATION}. At this job or business how many hours per day can {you/SP} smell the smoke from other peoples cigarettes cigars and/or pipes?'],['Both males and females 16 YEARS - 150 YEARS'],[nan],,
45,OCQ290Q,7777,Refused,['The next questions are about conditions {you/SP} may experience and equipment {you/he/she} may use at {EMPLOYER} as a(n) {OCCUPATION}. At this job or business how many hours per day can {you/SP} smell the smoke from other peoples cigarettes cigars and/or pipes?'],['Both males and females 16 YEARS - 150 YEARS'],[nan],,
46,OCQ290Q,9999,Don'T Know,['The next questions are about conditions {you/SP} may experience and equipment {you/he/she} may use at {EMPLOYER} as a(n) {OCCUPATION}. At this job or business how many hours per day can {you/SP} smell the smoke from other peoples cigarettes cigars and/or pipes?'],['Both males and females 16 YEARS - 150 YEARS'],[nan],,
47,OCQ290Q,.,Missing,['The next questions are about conditions {you/SP} may experience and equipment {you/he/she} may use at {EMPLOYER} as a(n) {OCCUPATION}. At this job or business how many hours per day can {you/SP} smell the smoke from other peoples cigarettes cigars and/or pipes?'],['Both males and females 16 YEARS - 150 YEARS'],[nan],,
48,OCQ290Q,0 To 16,Range Of Values,['The next questions are about conditions {you/SP} may experience and equipment {you/he/she} may use at {EMPLOYER} as a(n) {OCCUPATION}. At this job or business how many hours per day can {you/SP} smell the smoke from other peoples cigarettes cigars and/or pipes?'],['Both males and females 16 YEARS - 150 YEARS'],[nan],,
49,OCQ290Q,0 To 20,Range Of Values,['The next questions are about conditions {you/SP} may experience and equipment {you/he/she} may use at {EMPLOYER} as a(n) {OCCUPATION}. At this job or business how many hours per day can {you/SP} smell the smoke from other peoples cigarettes cigars and/or pipes?'],['Both males and females 16 YEARS - 150 YEARS'],[nan],,
50,OCD310B,1,Yes,['[(Do you/Does SP) ever wear]... protective hearing devices?'],['Both males and females 16 YEARS - 150 YEARS'],[nan],,
51,OCD310B,2,No,['[(Do you/Does SP) ever wear]... protective hearing devices?'],['Both males and females 16 YEARS - 150 YEARS'],[nan],,
52,OCD310B,7,Refused,['[(Do you/Does SP) ever wear]... protective hearing devices?'],['Both males and females 16 YEARS - 150 YEARS'],[nan],,
53,OCD310B,9,Don'T Know,['[(Do you/Does SP) ever wear]... protective hearing devices?'],['Both males and females 16 YEARS - 150 YEARS'],[nan],,
54,OCD310B,.,Missing,['[(Do you/Does SP) ever wear]... protective hearing devices?'],['Both males and females 16 YEARS - 150 YEARS'],[nan],,
55,OCQ340,1,Yes,['Thinking of all the jobs {you have/SP has} ever had {have you/has s/he} ever been exposed to loud noise at work for at least three months? By loud noise I mean noise so loud that {you/s/he} had to speak in a raised voice to be heard?'],['Both males and females 16 YEARS - 150 YEARS'],[nan],,
56,OCQ340,2,No,['Thinking of all the jobs {you have/SP has} ever had {have you/has s/he} ever been exposed to loud noise at work for at least three months? By loud noise I mean noise so loud that {you/s/he} had to speak in a raised voice to be heard?'],['Both males and females 16 YEARS - 150 YEARS'],[nan],,
57,OCQ340,7,Refused,['Thinking of all the jobs {you have/SP has} ever had {have you/has s/he} ever been exposed to loud noise at work for at least three months? By loud noise I mean noise so loud that {you/s/he} had to speak in a raised voice to be heard?'],['Both males and females 16 YEARS - 150 YEARS'],[nan],,
58,OCQ340,9,Don'T Know,['Thinking of all the jobs {you have/SP has} ever had {have you/has s/he} ever been exposed to loud noise at work for at least three months? By loud noise I mean noise so loud that {you/s/he} had to speak in a raised voice to be heard?'],['Both males and females 16 YEARS - 150 YEARS'],[nan],,
59,OCQ340,.,Missing,['Thinking of all the jobs {you have/SP has} ever had {have you/has s/he} ever been exposed to loud noise at work for at least three months? By loud noise I mean noise so loud that {you/s/he} had to speak in a raised voice to be heard?'],['Both males and females 16 YEARS - 150 YEARS'],[nan],,
60,OCQ350,1,Yes,['At {your/SPs} job as a(n) {OCCUPATION} for {EMPLOYER} {are you/is s/he} currently exposed to loud noise? [By loud noise I mean noise so loud that {you/s/he} {have/has} to speak in a raised voice to be heard?]'],['Both males and females 16 YEARS - 150 YEARS'],[nan],,
61,OCQ350,2,No,['At {your/SPs} job as a(n) {OCCUPATION} for {EMPLOYER} {are you/is s/he} currently exposed to loud noise? [By loud noise I mean noise so loud that {you/s/he} {have/has} to speak in a raised voice to be heard?]'],['Both males and females 16 YEARS - 150 YEARS'],[nan],,
62,OCQ350,7,Refused,['At {your/SPs} job as a(n) {OCCUPATION} for {EMPLOYER} {are you/is s/he} currently exposed to loud noise? [By loud noise I mean noise so loud that {you/s/he} {have/has} to speak in a raised voice to be heard?]'],['Both males and females 16 YEARS - 150 YEARS'],[nan],,
63,OCQ350,9,Don'T Know,['At {your/SPs} job as a(n) {OCCUPATION} for {EMPLOYER} {are you/is s/he} currently exposed to loud noise? [By loud noise I mean noise so loud that {you/s/he} {have/has} to speak in a raised voice to be heard?]'],['Both males and females 16 YEARS - 150 YEARS'],[nan],,
64,OCQ350,.,Missing,['At {your/SPs} job as a(n) {OCCUPATION} for {EMPLOYER} {are you/is s/he} currently exposed to loud noise? [By loud noise I mean noise so loud that {you/s/he} {have/has} to speak in a raised voice to be heard?]'],['Both males and females 16 YEARS - 150 YEARS'],[nan],,
65,OCQ360,1 To 19,Range Of Values,['On average for how many hours per day {are you/is SP} currently exposed to this loud noise?'],['Both males and females 16 YEARS - 150 YEARS'],[nan],,
66,OCQ360,7777,Refused,['On average for how many hours per day {are you/is SP} currently exposed to this loud noise?'],['Both males and females 16 YEARS - 150 YEARS'],[nan],,
67,OCQ360,9999,Don'T Know,['On average for how many hours per day {are you/is SP} currently exposed to this loud noise?'],['Both males and females 16 YEARS - 150 YEARS'],[nan],,
68,OCQ360,.,Missing,['On average for how many hours per day {are you/is SP} currently exposed to this loud noise?'],['Both males and females 16 YEARS - 150 YEARS'],[nan],,
69,OCQ360,1 To 14,Range Of Values,['On average for how many hours per day {are you/is SP} currently exposed to this loud noise?'],['Both males and females 16 YEARS - 150 YEARS'],[nan],,
70,OCQ360,1 To 24,Range Of Values,['On average for how many hours per day {are you/is SP} currently exposed to this loud noise?'],['Both males and females 16 YEARS - 150 YEARS'],[nan],,
71,OCQ370,,,[nan],"['Both males and females 0 YEARS - 150 YEARS', 'Both males and females 16 YEARS - 150 YEARS']",[nan],,
72,OCQ380,1,Taking Care Of House Or Family,['(SP Interview Version) What is the main reason {you/SP} did not work last week?  (Family Interview Version) What is the main reason {you/NON-SP HEAD/NON-SP SPOUSE} did not work last week?'],['Both males and females 16 YEARS - 150 YEARS'],[nan],,
73,OCQ380,2,Going To School,['(SP Interview Version) What is the main reason {you/SP} did not work last week?  (Family Interview Version) What is the main reason {you/NON-SP HEAD/NON-SP SPOUSE} did not work last week?'],['Both males and females 16 YEARS - 150 YEARS'],[nan],,
74,OCQ380,3,Retired,['(SP Interview Version) What is the main reason {you/SP} did not work last week?  (Family Interview Version) What is the main reason {you/NON-SP HEAD/NON-SP SPOUSE} did not work last week?'],['Both males and females 16 YEARS - 150 YEARS'],[nan],,
75,OCQ380,4,Unable To Work For Health Reasons,['(SP Interview Version) What is the main reason {you/SP} did not work last week?  (Family Interview Version) What is the main reason {you/NON-SP HEAD/NON-SP SPOUSE} did not work last week?'],['Both males and females 16 YEARS - 150 YEARS'],[nan],,
76,OCQ380,5,On Layoff,['(SP Interview Version) What is the main reason {you/SP} did not work last week?  (Family Interview Version) What is the main reason {you/NON-SP HEAD/NON-SP SPOUSE} did not work last week?'],['Both males and females 16 YEARS - 150 YEARS'],[nan],,
77,OCQ380,6,Disabled,['(SP Interview Version) What is the main reason {you/SP} did not work last week?  (Family Interview Version) What is the main reason {you/NON-SP HEAD/NON-SP SPOUSE} did not work last week?'],['Both males and females 16 YEARS - 150 YEARS'],[nan],,
78,OCQ380,7,Other,['(SP Interview Version) What is the main reason {you/SP} did not work last week?  (Family Interview Version) What is the main reason {you/NON-SP HEAD/NON-SP SPOUSE} did not work last week?'],['Both males and females 16 YEARS - 150 YEARS'],[nan],,
79,OCQ380,77,Refused,['(SP Interview Version) What is the main reason {you/SP} did not work last week?  (Family Interview Version) What is the main reason {you/NON-SP HEAD/NON-SP SPOUSE} did not work last week?'],['Both males and females 16 YEARS - 150 YEARS'],[nan],,
80,OCQ380,99,Don'T Know,['(SP Interview Version) What is the main reason {you/SP} did not work last week?  (Family Interview Version) What is the main reason {you/NON-SP HEAD/NON-SP SPOUSE} did not work last week?'],['Both males and females 16 YEARS - 150 YEARS'],[nan],,
81,OCQ380,.,Missing,['(SP Interview Version) What is the main reason {you/SP} did not work last week?  (Family Interview Version) What is the main reason {you/NON-SP HEAD/NON-SP SPOUSE} did not work last week?'],['Both males and females 16 YEARS - 150 YEARS'],[nan],,
82,OCD390G,1,Enter Occupation,['Thinking of all the paid jobs or businesses {you/SP} ever had what kind of work {were you/was s/he} doing the longest? (For example electrical engineer stock clerk typist farmer.)'],['Both males and females 16 YEARS - 150 YEARS'],[nan],,
83,OCD390G,2,Same As Current Occupation,['Thinking of all the paid jobs or businesses {you/SP} ever had what kind of work {were you/was s/he} doing the longest? (For example electrical engineer stock clerk typist farmer.)'],['Both males and females 16 YEARS - 150 YEARS'],[nan],,
84,OCD390G,3,Armed Forces,['Thinking of all the paid jobs or businesses {you/SP} ever had what kind of work {were you/was s/he} doing the longest? (For example electrical engineer stock clerk typist farmer.)'],['Both males and females 16 YEARS - 150 YEARS'],[nan],,
85,OCD390G,4,Never Worked,['Thinking of all the paid jobs or businesses {you/SP} ever had what kind of work {were you/was s/he} doing the longest? (For example electrical engineer stock clerk typist farmer.)'],['Both males and females 16 YEARS - 150 YEARS'],[nan],,
86,OCD390G,7,Refused,['Thinking of all the paid jobs or businesses {you/SP} ever had what kind of work {were you/was s/he} doing the longest? (For example electrical engineer stock clerk typist farmer.)'],['Both males and females 16 YEARS - 150 YEARS'],[nan],,
87,OCD390G,9,Don'T Know,['Thinking of all the paid jobs or businesses {you/SP} ever had what kind of work {were you/was s/he} doing the longest? (For example electrical engineer stock clerk typist farmer.)'],['Both males and females 16 YEARS - 150 YEARS'],[nan],,
88,OCD390G,.,Missing,['Thinking of all the paid jobs or businesses {you/SP} ever had what kind of work {were you/was s/he} doing the longest? (For example electrical engineer stock clerk typist farmer.)'],['Both males and females 16 YEARS - 150 YEARS'],[nan],,
89,OCD390,1 To 98,Range Of Values,['Thinking of all the paid jobs or businesses {you/SP} ever had what kind of work {were you/was s/he} doing the longest? (For example electrical engineer stock clerk typist farmer.)'],['Both males and females 16 YEARS - 150 YEARS'],[nan],,
90,OCD390,.,Missing,['Thinking of all the paid jobs or businesses {you/SP} ever had what kind of work {were you/was s/he} doing the longest? (For example electrical engineer stock clerk typist farmer.)'],['Both males and females 16 YEARS - 150 YEARS'],[nan],,
91,OCD395,1 To 720,Range Of Values,['About how long did {you/SP} work at that job or business?'],['Both males and females 16 YEARS - 150 YEARS'],[nan],,
92,OCD395,0,Less Than 1 Month,['About how long did {you/SP} work at that job or business?'],['Both males and females 16 YEARS - 150 YEARS'],[nan],,
93,OCD395,77777,Refused,['About how long did {you/SP} work at that job or business?'],['Both males and females 16 YEARS - 150 YEARS'],[nan],,
94,OCD395,99999,Don'T Know,['About how long did {you/SP} work at that job or business?'],['Both males and females 16 YEARS - 150 YEARS'],[nan],,
95,OCD395,.,Missing,['About how long did {you/SP} work at that job or business?'],['Both males and females 16 YEARS - 150 YEARS'],[nan],,
96,OCD395,1 To 588,Range Of Values,['About how long did {you/SP} work at that job or business?'],['Both males and females 16 YEARS - 150 YEARS'],[nan],,
97,OCD395,600,600 Months Or More,['About how long did {you/SP} work at that job or business?'],['Both males and females 16 YEARS - 150 YEARS'],[nan],,
98,OCD395,6 To 588,Range Of Values,['About how long did {you/SP} work at that job or business?'],['Both males and females 16 YEARS - 150 YEARS'],[nan],,
99,OCD395,5,0-5 Months,['About how long did {you/SP} work at that job or business?'],['Both males and females 16 YEARS - 150 YEARS'],[nan],,
100,OCQ400,,,[nan],"['Both males and females 0 YEARS - 150 YEARS', 'Both males and females 16 YEARS - 150 YEARS']",[nan],,
101,OCQ410,,,[nan],"['Both males and females 0 YEARS - 150 YEARS', 'Both males and females 16 YEARS - 150 YEARS']",[nan],,
102,OCQ420,1,Yes,['Thinking of all the previous jobs {you have/SP has} ever had {have you/has s/he} ever been exposed to loud noise at work for at least three months? [By loud noise I mean noise so loud that {you/s/he} had to speak in a raised voice to be heard?]'],['Both males and females 16 YEARS - 150 YEARS'],[nan],,
103,OCQ420,2,No,['Thinking of all the previous jobs {you have/SP has} ever had {have you/has s/he} ever been exposed to loud noise at work for at least three months? [By loud noise I mean noise so loud that {you/s/he} had to speak in a raised voice to be heard?]'],['Both males and females 16 YEARS - 150 YEARS'],[nan],,
104,OCQ420,7,Refused,['Thinking of all the previous jobs {you have/SP has} ever had {have you/has s/he} ever been exposed to loud noise at work for at least three months? [By loud noise I mean noise so loud that {you/s/he} had to speak in a raised voice to be heard?]'],['Both males and females 16 YEARS - 150 YEARS'],[nan],,
105,OCQ420,9,Don'T Know,['Thinking of all the previous jobs {you have/SP has} ever had {have you/has s/he} ever been exposed to loud noise at work for at least three months? [By loud noise I mean noise so loud that {you/s/he} had to speak in a raised voice to be heard?]'],['Both males and females 16 YEARS - 150 YEARS'],[nan],,
106,OCQ420,.,Missing,['Thinking of all the previous jobs {you have/SP has} ever had {have you/has s/he} ever been exposed to loud noise at work for at least three months? [By loud noise I mean noise so loud that {you/s/he} had to speak in a raised voice to be heard?]'],['Both males and females 16 YEARS - 150 YEARS'],[nan],,
107,OCQ430,1,Yes,['Remembering the kind of work {you/SP} did the longest that is as a(n) {KIND OF WORK DOING THE LONGEST} {were you/was s/he} ever exposed to loud noise in that job for at least three months? [By loud noise I mean noise so loud that {you/s/he} had to speak in a raised voice to be heard?]'],['Both males and females 16 YEARS - 150 YEARS'],[nan],,
108,OCQ430,2,No,['Remembering the kind of work {you/SP} did the longest that is as a(n) {KIND OF WORK DOING THE LONGEST} {were you/was s/he} ever exposed to loud noise in that job for at least three months? [By loud noise I mean noise so loud that {you/s/he} had to speak in a raised voice to be heard?]'],['Both males and females 16 YEARS - 150 YEARS'],[nan],,
109,OCQ430,7,Refused,['Remembering the kind of work {you/SP} did the longest that is as a(n) {KIND OF WORK DOING THE LONGEST} {were you/was s/he} ever exposed to loud noise in that job for at least three months? [By loud noise I mean noise so loud that {you/s/he} had to speak in a raised voice to be heard?]'],['Both males and females 16 YEARS - 150 YEARS'],[nan],,
110,OCQ430,9,Don'T Know,['Remembering the kind of work {you/SP} did the longest that is as a(n) {KIND OF WORK DOING THE LONGEST} {were you/was s/he} ever exposed to loud noise in that job for at least three months? [By loud noise I mean noise so loud that {you/s/he} had to speak in a raised voice to be heard?]'],['Both males and females 16 YEARS - 150 YEARS'],[nan],,
111,OCQ430,.,Missing,['Remembering the kind of work {you/SP} did the longest that is as a(n) {KIND OF WORK DOING THE LONGEST} {were you/was s/he} ever exposed to loud noise in that job for at least three months? [By loud noise I mean noise so loud that {you/s/he} had to speak in a raised voice to be heard?]'],['Both males and females 16 YEARS - 150 YEARS'],[nan],,
112,OCQ440,1 To 24,Range Of Values,['On average for how many hours per day {were you/was SP} exposed to loud noise in that job?'],['Both males and females 16 YEARS - 150 YEARS'],[nan],,
113,OCQ440,7777,Refused,['On average for how many hours per day {were you/was SP} exposed to loud noise in that job?'],['Both males and females 16 YEARS - 150 YEARS'],[nan],,
114,OCQ440,9999,Don'T Know,['On average for how many hours per day {were you/was SP} exposed to loud noise in that job?'],['Both males and females 16 YEARS - 150 YEARS'],[nan],,
115,OCQ440,.,Missing,['On average for how many hours per day {were you/was SP} exposed to loud noise in that job?'],['Both males and females 16 YEARS - 150 YEARS'],[nan],,
116,OCQ450,1,Yes,['Did {you/SP} ever wear protective hearing devices while {you were/s/he was} exposed to loud noise in that job?'],['Both males and females 16 YEARS - 150 YEARS'],[nan],,
117,OCQ450,2,No,['Did {you/SP} ever wear protective hearing devices while {you were/s/he was} exposed to loud noise in that job?'],['Both males and females 16 YEARS - 150 YEARS'],[nan],,
118,OCQ450,7,Refused,['Did {you/SP} ever wear protective hearing devices while {you were/s/he was} exposed to loud noise in that job?'],['Both males and females 16 YEARS - 150 YEARS'],[nan],,
119,OCQ450,9,Don'T Know,['Did {you/SP} ever wear protective hearing devices while {you were/s/he was} exposed to loud noise in that job?'],['Both males and females 16 YEARS - 150 YEARS'],[nan],,
120,OCQ450,.,Missing,['Did {you/SP} ever wear protective hearing devices while {you were/s/he was} exposed to loud noise in that job?'],['Both males and females 16 YEARS - 150 YEARS'],[nan],,
121,OCQ460,,,[nan],"['Both males and females 0 YEARS - 150 YEARS', 'Both males and females 16 YEARS - 150 YEARS']",[nan],,
122,OCQ470G,1,Enter Occupation,['Earlier I recorded that {you have/SP has} been told by a doctor that {you/s/he} had asthma. When {you/SP} first developed symptoms of asthma what kind of work {were you/was s/he} doing? (For example electrical engineer stock clerk typist farmer.)'],['Both males and females 16 YEARS - 59 YEARS'],[nan],,
123,OCQ470G,2,Same As Current Occupation,['Earlier I recorded that {you have/SP has} been told by a doctor that {you/s/he} had asthma. When {you/SP} first developed symptoms of asthma what kind of work {were you/was s/he} doing? (For example electrical engineer stock clerk typist farmer.)'],['Both males and females 16 YEARS - 59 YEARS'],[nan],,
124,OCQ470G,3,Same As Longest Occupation,['Earlier I recorded that {you have/SP has} been told by a doctor that {you/s/he} had asthma. When {you/SP} first developed symptoms of asthma what kind of work {were you/was s/he} doing? (For example electrical engineer stock clerk typist farmer.)'],['Both males and females 16 YEARS - 59 YEARS'],[nan],,
125,OCQ470G,4,Not Working At That Time,['Earlier I recorded that {you have/SP has} been told by a doctor that {you/s/he} had asthma. When {you/SP} first developed symptoms of asthma what kind of work {were you/was s/he} doing? (For example electrical engineer stock clerk typist farmer.)'],['Both males and females 16 YEARS - 59 YEARS'],[nan],,
126,OCQ470G,7,Refused,['Earlier I recorded that {you have/SP has} been told by a doctor that {you/s/he} had asthma. When {you/SP} first developed symptoms of asthma what kind of work {were you/was s/he} doing? (For example electrical engineer stock clerk typist farmer.)'],['Both males and females 16 YEARS - 59 YEARS'],[nan],,
127,OCQ470G,9,Don'T Know,['Earlier I recorded that {you have/SP has} been told by a doctor that {you/s/he} had asthma. When {you/SP} first developed symptoms of asthma what kind of work {were you/was s/he} doing? (For example electrical engineer stock clerk typist farmer.)'],['Both males and females 16 YEARS - 59 YEARS'],[nan],,
128,OCQ470G,.,Missing,['Earlier I recorded that {you have/SP has} been told by a doctor that {you/s/he} had asthma. When {you/SP} first developed symptoms of asthma what kind of work {were you/was s/he} doing? (For example electrical engineer stock clerk typist farmer.)'],['Both males and females 16 YEARS - 59 YEARS'],[nan],,
129,OCD470,1 To 98,Range Of Values,['Earlier I recorded that {you have/SP has} been told by a doctor that {you/s/he} had asthma. When {you/SP} first developed symptoms of asthma what kind of work {were you/was s/he} doing? (For example electrical engineer stock clerk typist farmer.)'],['Both males and females 16 YEARS - 59 YEARS'],[nan],,
130,OCD470,.,Missing,['Earlier I recorded that {you have/SP has} been told by a doctor that {you/s/he} had asthma. When {you/SP} first developed symptoms of asthma what kind of work {were you/was s/he} doing? (For example electrical engineer stock clerk typist farmer.)'],['Both males and females 16 YEARS - 59 YEARS'],[nan],,
131,OCD470,1 To 39,Range Of Values,['Earlier I recorded that {you have/SP has} been told by a doctor that {you/s/he} had asthma. When {you/SP} first developed symptoms of asthma what kind of work {were you/was s/he} doing? (For example electrical engineer stock clerk typist farmer.)'],['Both males and females 16 YEARS - 59 YEARS'],[nan],,
132,OCD470,1 To 41,Range Of Values,['Earlier I recorded that {you have/SP has} been told by a doctor that {you/s/he} had asthma. When {you/SP} first developed symptoms of asthma what kind of work {were you/was s/he} doing? (For example electrical engineer stock clerk typist farmer.)'],['Both males and females 16 YEARS - 59 YEARS'],[nan],,
133,OCD480,2 To 98,Range Of Values,['What kind of business or industry was that? (For example TV and radio manufacturing retail shoe store farm.)'],['Both males and females 16 YEARS - 59 YEARS'],[nan],,
134,OCD480,.,Missing,['What kind of business or industry was that? (For example TV and radio manufacturing retail shoe store farm.)'],['Both males and females 16 YEARS - 59 YEARS'],[nan],,
135,OCD480,1 To 45,Range Of Values,['What kind of business or industry was that? (For example TV and radio manufacturing retail shoe store farm.)'],['Both males and females 16 YEARS - 59 YEARS'],[nan],,
136,OCQ180,1 To 160,Range Of Values,"['How many hours did {you/SP} work last week at all jobs or businesses?', 'How many hours did {you/SP} work last week in total at all jobs or businesses?']",['Both males and females 16 YEARS - 150 YEARS'],[nan],,
137,OCQ180,77777,Refused,"['How many hours did {you/SP} work last week at all jobs or businesses?', 'How many hours did {you/SP} work last week in total at all jobs or businesses?']",['Both males and females 16 YEARS - 150 YEARS'],[nan],,
138,OCQ180,99999,Don'T Know,"['How many hours did {you/SP} work last week at all jobs or businesses?', 'How many hours did {you/SP} work last week in total at all jobs or businesses?']",['Both males and females 16 YEARS - 150 YEARS'],[nan],,
139,OCQ180,.,Missing,"['How many hours did {you/SP} work last week at all jobs or businesses?', 'How many hours did {you/SP} work last week in total at all jobs or businesses?']",['Both males and females 16 YEARS - 150 YEARS'],[nan],,
140,OCQ180,1 To 125,Range Of Values,"['How many hours did {you/SP} work last week at all jobs or businesses?', 'How many hours did {you/SP} work last week in total at all jobs or businesses?']",['Both males and females 16 YEARS - 150 YEARS'],[nan],,
141,OCQ180,1 To 123,Range Of Values,"['How many hours did {you/SP} work last week at all jobs or businesses?', 'How many hours did {you/SP} work last week in total at all jobs or businesses?']",['Both males and females 16 YEARS - 150 YEARS'],[nan],,
142,OCQ180,1 To 130,Range Of Values,"['How many hours did {you/SP} work last week at all jobs or businesses?', 'How many hours did {you/SP} work last week in total at all jobs or businesses?']",['Both males and females 16 YEARS - 150 YEARS'],[nan],,
143,OCQ180,1 To 133,Range Of Values,"['How many hours did {you/SP} work last week at all jobs or businesses?', 'How many hours did {you/SP} work last week in total at all jobs or businesses?']",['Both males and females 16 YEARS - 150 YEARS'],[nan],,
144,OCQ180,1 To 120,Range Of Values,"['How many hours did {you/SP} work last week at all jobs or businesses?', 'How many hours did {you/SP} work last week in total at all jobs or businesses?']",['Both males and females 16 YEARS - 150 YEARS'],[nan],,
145,OCQ180,1 To 79,Range Of Values,"['How many hours did {you/SP} work last week at all jobs or businesses?', 'How many hours did {you/SP} work last week in total at all jobs or businesses?']",['Both males and females 16 YEARS - 150 YEARS'],[nan],,
146,OCQ180,80,80 Hours Or More,"['How many hours did {you/SP} work last week at all jobs or businesses?', 'How many hours did {you/SP} work last week in total at all jobs or businesses?']",['Both males and females 16 YEARS - 150 YEARS'],[nan],,
147,OCQ180,6 To 78,Range Of Values,"['How many hours did {you/SP} work last week at all jobs or businesses?', 'How many hours did {you/SP} work last week in total at all jobs or businesses?']",['Both males and females 16 YEARS - 150 YEARS'],[nan],,
148,OCQ180,5,1-5 Hours,"['How many hours did {you/SP} work last week at all jobs or businesses?', 'How many hours did {you/SP} work last week in total at all jobs or businesses?']",['Both males and females 16 YEARS - 150 YEARS'],[nan],,
149,OCQ180,1 To 105,Range Of Values,"['How many hours did {you/SP} work last week at all jobs or businesses?', 'How many hours did {you/SP} work last week in total at all jobs or businesses?']",['Both males and females 16 YEARS - 150 YEARS'],[nan],,
150,OCQ295,1,Yes,['In this job {do you/does SP} ever wear protective hearing devices?'],['Both males and females 16 YEARS - 150 YEARS'],[nan],,
151,OCQ295,2,No,['In this job {do you/does SP} ever wear protective hearing devices?'],['Both males and females 16 YEARS - 150 YEARS'],[nan],,
152,OCQ295,7,Refused,['In this job {do you/does SP} ever wear protective hearing devices?'],['Both males and females 16 YEARS - 150 YEARS'],[nan],,
153,OCQ295,9,Don'T Know,['In this job {do you/does SP} ever wear protective hearing devices?'],['Both males and females 16 YEARS - 150 YEARS'],[nan],,
154,OCQ295,.,Missing,['In this job {do you/does SP} ever wear protective hearing devices?'],['Both males and females 16 YEARS - 150 YEARS'],[nan],,
155,OCD470G,1,Enter Occupation,['Earlier I recorded that {you have/SP has} been told by a doctor that {you/s/he} had asthma. When {you/SP} first developed symptoms of asthma what kind of work {were you/was s/he} doing? (For example electrical engineer stock clerk typist farmer.)'],['Both males and females 16 YEARS - 59 YEARS'],[nan],,
156,OCD470G,2,Same As Current Occupation,['Earlier I recorded that {you have/SP has} been told by a doctor that {you/s/he} had asthma. When {you/SP} first developed symptoms of asthma what kind of work {were you/was s/he} doing? (For example electrical engineer stock clerk typist farmer.)'],['Both males and females 16 YEARS - 59 YEARS'],[nan],,
157,OCD470G,3,Same As Longest Occupation,['Earlier I recorded that {you have/SP has} been told by a doctor that {you/s/he} had asthma. When {you/SP} first developed symptoms of asthma what kind of work {were you/was s/he} doing? (For example electrical engineer stock clerk typist farmer.)'],['Both males and females 16 YEARS - 59 YEARS'],[nan],,
158,OCD470G,4,Not Working At That Time,['Earlier I recorded that {you have/SP has} been told by a doctor that {you/s/he} had asthma. When {you/SP} first developed symptoms of asthma what kind of work {were you/was s/he} doing? (For example electrical engineer stock clerk typist farmer.)'],['Both males and females 16 YEARS - 59 YEARS'],[nan],,
159,OCD470G,7,Refused,['Earlier I recorded that {you have/SP has} been told by a doctor that {you/s/he} had asthma. When {you/SP} first developed symptoms of asthma what kind of work {were you/was s/he} doing? (For example electrical engineer stock clerk typist farmer.)'],['Both males and females 16 YEARS - 59 YEARS'],[nan],,
160,OCD470G,9,Don'T Know,['Earlier I recorded that {you have/SP has} been told by a doctor that {you/s/he} had asthma. When {you/SP} first developed symptoms of asthma what kind of work {were you/was s/he} doing? (For example electrical engineer stock clerk typist farmer.)'],['Both males and females 16 YEARS - 59 YEARS'],[nan],,
161,OCD470G,.,Missing,['Earlier I recorded that {you have/SP has} been told by a doctor that {you/s/he} had asthma. When {you/SP} first developed symptoms of asthma what kind of work {were you/was s/he} doing? (For example electrical engineer stock clerk typist farmer.)'],['Both males and females 16 YEARS - 59 YEARS'],[nan],,
162,OCD231,1 To 99,Range Of Values,"['OCD231 What kind of business or industry is this? (For example: TV and radio management retail shoe store state labor department farm.)', 'What kind of business or industry is this? (For example: TV and radio management retail shoe store state labor department farm.)', 'What kind of business or industry is this? (For example: a TV or radio management retail shoe store state labor department farm.)']",['Both males and females 16 YEARS - 150 YEARS'],[nan],,
163,OCD231,.,Missing,"['OCD231 What kind of business or industry is this? (For example: TV and radio management retail shoe store state labor department farm.)', 'What kind of business or industry is this? (For example: TV and radio management retail shoe store state labor department farm.)', 'What kind of business or industry is this? (For example: a TV or radio management retail shoe store state labor department farm.)']",['Both males and females 16 YEARS - 150 YEARS'],[nan],,
164,OCD231,1,"Agriculture, Forestry, Fishing","['OCD231 What kind of business or industry is this? (For example: TV and radio management retail shoe store state labor department farm.)', 'What kind of business or industry is this? (For example: TV and radio management retail shoe store state labor department farm.)', 'What kind of business or industry is this? (For example: a TV or radio management retail shoe store state labor department farm.)']",['Both males and females 16 YEARS - 150 YEARS'],[nan],,
165,OCD231,2,Mining,"['OCD231 What kind of business or industry is this? (For example: TV and radio management retail shoe store state labor department farm.)', 'What kind of business or industry is this? (For example: TV and radio management retail shoe store state labor department farm.)', 'What kind of business or industry is this? (For example: a TV or radio management retail shoe store state labor department farm.)']",['Both males and females 16 YEARS - 150 YEARS'],[nan],,
166,OCD231,3,Utilities,"['OCD231 What kind of business or industry is this? (For example: TV and radio management retail shoe store state labor department farm.)', 'What kind of business or industry is this? (For example: TV and radio management retail shoe store state labor department farm.)', 'What kind of business or industry is this? (For example: a TV or radio management retail shoe store state labor department farm.)']",['Both males and females 16 YEARS - 150 YEARS'],[nan],,
167,OCD231,4,Construction,"['OCD231 What kind of business or industry is this? (For example: TV and radio management retail shoe store state labor department farm.)', 'What kind of business or industry is this? (For example: TV and radio management retail shoe store state labor department farm.)', 'What kind of business or industry is this? (For example: a TV or radio management retail shoe store state labor department farm.)']",['Both males and females 16 YEARS - 150 YEARS'],[nan],,
168,OCD231,5,Manufacturing: Durable Goods,"['OCD231 What kind of business or industry is this? (For example: TV and radio management retail shoe store state labor department farm.)', 'What kind of business or industry is this? (For example: TV and radio management retail shoe store state labor department farm.)', 'What kind of business or industry is this? (For example: a TV or radio management retail shoe store state labor department farm.)']",['Both males and females 16 YEARS - 150 YEARS'],[nan],,
169,OCD231,6,Manufacturing: Non-Durable Goods,"['OCD231 What kind of business or industry is this? (For example: TV and radio management retail shoe store state labor department farm.)', 'What kind of business or industry is this? (For example: TV and radio management retail shoe store state labor department farm.)', 'What kind of business or industry is this? (For example: a TV or radio management retail shoe store state labor department farm.)']",['Both males and females 16 YEARS - 150 YEARS'],[nan],,
170,OCD231,7,Wholesale Trade,"['OCD231 What kind of business or industry is this? (For example: TV and radio management retail shoe store state labor department farm.)', 'What kind of business or industry is this? (For example: TV and radio management retail shoe store state labor department farm.)', 'What kind of business or industry is this? (For example: a TV or radio management retail shoe store state labor department farm.)']",['Both males and females 16 YEARS - 150 YEARS'],[nan],,
171,OCD231,8,Retail Trade,"['OCD231 What kind of business or industry is this? (For example: TV and radio management retail shoe store state labor department farm.)', 'What kind of business or industry is this? (For example: TV and radio management retail shoe store state labor department farm.)', 'What kind of business or industry is this? (For example: a TV or radio management retail shoe store state labor department farm.)']",['Both males and females 16 YEARS - 150 YEARS'],[nan],,
172,OCD231,9,"Transportation, Warehousing","['OCD231 What kind of business or industry is this? (For example: TV and radio management retail shoe store state labor department farm.)', 'What kind of business or industry is this? (For example: TV and radio management retail shoe store state labor department farm.)', 'What kind of business or industry is this? (For example: a TV or radio management retail shoe store state labor department farm.)']",['Both males and females 16 YEARS - 150 YEARS'],[nan],,
173,OCD231,10,Information Services,"['OCD231 What kind of business or industry is this? (For example: TV and radio management retail shoe store state labor department farm.)', 'What kind of business or industry is this? (For example: TV and radio management retail shoe store state labor department farm.)', 'What kind of business or industry is this? (For example: a TV or radio management retail shoe store state labor department farm.)']",['Both males and females 16 YEARS - 150 YEARS'],[nan],,
174,OCD231,11,"Finance, Insurance","['OCD231 What kind of business or industry is this? (For example: TV and radio management retail shoe store state labor department farm.)', 'What kind of business or industry is this? (For example: TV and radio management retail shoe store state labor department farm.)', 'What kind of business or industry is this? (For example: a TV or radio management retail shoe store state labor department farm.)']",['Both males and females 16 YEARS - 150 YEARS'],[nan],,
175,OCD231,12,"Real Estate, Rental, Leasing","['OCD231 What kind of business or industry is this? (For example: TV and radio management retail shoe store state labor department farm.)', 'What kind of business or industry is this? (For example: TV and radio management retail shoe store state labor department farm.)', 'What kind of business or industry is this? (For example: a TV or radio management retail shoe store state labor department farm.)']",['Both males and females 16 YEARS - 150 YEARS'],[nan],,
176,OCD231,13,"Professional, Scientific, Technical Services","['OCD231 What kind of business or industry is this? (For example: TV and radio management retail shoe store state labor department farm.)', 'What kind of business or industry is this? (For example: TV and radio management retail shoe store state labor department farm.)', 'What kind of business or industry is this? (For example: a TV or radio management retail shoe store state labor department farm.)']",['Both males and females 16 YEARS - 150 YEARS'],[nan],,
177,OCD231,14,"Management, Administrative, Waste Services","['OCD231 What kind of business or industry is this? (For example: TV and radio management retail shoe store state labor department farm.)', 'What kind of business or industry is this? (For example: TV and radio management retail shoe store state labor department farm.)', 'What kind of business or industry is this? (For example: a TV or radio management retail shoe store state labor department farm.)']",['Both males and females 16 YEARS - 150 YEARS'],[nan],,
178,OCD231,15,Educational Services,"['OCD231 What kind of business or industry is this? (For example: TV and radio management retail shoe store state labor department farm.)', 'What kind of business or industry is this? (For example: TV and radio management retail shoe store state labor department farm.)', 'What kind of business or industry is this? (For example: a TV or radio management retail shoe store state labor department farm.)']",['Both males and females 16 YEARS - 150 YEARS'],[nan],,
179,OCD231,16,"Health Care, Social Assistance","['OCD231 What kind of business or industry is this? (For example: TV and radio management retail shoe store state labor department farm.)', 'What kind of business or industry is this? (For example: TV and radio management retail shoe store state labor department farm.)', 'What kind of business or industry is this? (For example: a TV or radio management retail shoe store state labor department farm.)']",['Both males and females 16 YEARS - 150 YEARS'],[nan],,
180,OCD231,17,"Arts, Entertainment, Recreation","['OCD231 What kind of business or industry is this? (For example: TV and radio management retail shoe store state labor department farm.)', 'What kind of business or industry is this? (For example: TV and radio management retail shoe store state labor department farm.)', 'What kind of business or industry is this? (For example: a TV or radio management retail shoe store state labor department farm.)']",['Both males and females 16 YEARS - 150 YEARS'],[nan],,
181,OCD231,18,"Accommodation, Food Services","['OCD231 What kind of business or industry is this? (For example: TV and radio management retail shoe store state labor department farm.)', 'What kind of business or industry is this? (For example: TV and radio management retail shoe store state labor department farm.)', 'What kind of business or industry is this? (For example: a TV or radio management retail shoe store state labor department farm.)']",['Both males and females 16 YEARS - 150 YEARS'],[nan],,
182,OCD231,19,Other Services,"['OCD231 What kind of business or industry is this? (For example: TV and radio management retail shoe store state labor department farm.)', 'What kind of business or industry is this? (For example: TV and radio management retail shoe store state labor department farm.)', 'What kind of business or industry is this? (For example: a TV or radio management retail shoe store state labor department farm.)']",['Both males and females 16 YEARS - 150 YEARS'],[nan],,
183,OCD231,20,Private Household,"['OCD231 What kind of business or industry is this? (For example: TV and radio management retail shoe store state labor department farm.)', 'What kind of business or industry is this? (For example: TV and radio management retail shoe store state labor department farm.)', 'What kind of business or industry is this? (For example: a TV or radio management retail shoe store state labor department farm.)']",['Both males and females 16 YEARS - 150 YEARS'],[nan],,
184,OCD231,21,Public Administration,"['OCD231 What kind of business or industry is this? (For example: TV and radio management retail shoe store state labor department farm.)', 'What kind of business or industry is this? (For example: TV and radio management retail shoe store state labor department farm.)', 'What kind of business or industry is this? (For example: a TV or radio management retail shoe store state labor department farm.)']",['Both males and females 16 YEARS - 150 YEARS'],[nan],,
185,OCD231,22,Armed Forces,"['OCD231 What kind of business or industry is this? (For example: TV and radio management retail shoe store state labor department farm.)', 'What kind of business or industry is this? (For example: TV and radio management retail shoe store state labor department farm.)', 'What kind of business or industry is this? (For example: a TV or radio management retail shoe store state labor department farm.)']",['Both males and females 16 YEARS - 150 YEARS'],[nan],,
186,OCD231,98,Text Present But Uncodable,"['OCD231 What kind of business or industry is this? (For example: TV and radio management retail shoe store state labor department farm.)', 'What kind of business or industry is this? (For example: TV and radio management retail shoe store state labor department farm.)', 'What kind of business or industry is this? (For example: a TV or radio management retail shoe store state labor department farm.)']",['Both males and females 16 YEARS - 150 YEARS'],[nan],,
187,OCD231,99,Blank But Applicable,"['OCD231 What kind of business or industry is this? (For example: TV and radio management retail shoe store state labor department farm.)', 'What kind of business or industry is this? (For example: TV and radio management retail shoe store state labor department farm.)', 'What kind of business or industry is this? (For example: a TV or radio management retail shoe store state labor department farm.)']",['Both males and females 16 YEARS - 150 YEARS'],[nan],,
188,OCD231,5,Manufacturing: Durable Good,"['OCD231 What kind of business or industry is this? (For example: TV and radio management retail shoe store state labor department farm.)', 'What kind of business or industry is this? (For example: TV and radio management retail shoe store state labor department farm.)', 'What kind of business or industry is this? (For example: a TV or radio management retail shoe store state labor department farm.)']",['Both males and females 16 YEARS - 150 YEARS'],[nan],,
189,OCD231,10,Information,"['OCD231 What kind of business or industry is this? (For example: TV and radio management retail shoe store state labor department farm.)', 'What kind of business or industry is this? (For example: TV and radio management retail shoe store state labor department farm.)', 'What kind of business or industry is this? (For example: a TV or radio management retail shoe store state labor department farm.)']",['Both males and females 16 YEARS - 150 YEARS'],[nan],,
190,OCD231,13,"Professional, Technical Services","['OCD231 What kind of business or industry is this? (For example: TV and radio management retail shoe store state labor department farm.)', 'What kind of business or industry is this? (For example: TV and radio management retail shoe store state labor department farm.)', 'What kind of business or industry is this? (For example: a TV or radio management retail shoe store state labor department farm.)']",['Both males and females 16 YEARS - 150 YEARS'],[nan],,
191,OCD231,14,"Management,Business,Cleaning/Waste Services","['OCD231 What kind of business or industry is this? (For example: TV and radio management retail shoe store state labor department farm.)', 'What kind of business or industry is this? (For example: TV and radio management retail shoe store state labor department farm.)', 'What kind of business or industry is this? (For example: a TV or radio management retail shoe store state labor department farm.)']",['Both males and females 16 YEARS - 150 YEARS'],[nan],,
192,OCD231,15,Education Services,"['OCD231 What kind of business or industry is this? (For example: TV and radio management retail shoe store state labor department farm.)', 'What kind of business or industry is this? (For example: TV and radio management retail shoe store state labor department farm.)', 'What kind of business or industry is this? (For example: a TV or radio management retail shoe store state labor department farm.)']",['Both males and females 16 YEARS - 150 YEARS'],[nan],,
193,OCD231,20,Private Households,"['OCD231 What kind of business or industry is this? (For example: TV and radio management retail shoe store state labor department farm.)', 'What kind of business or industry is this? (For example: TV and radio management retail shoe store state labor department farm.)', 'What kind of business or industry is this? (For example: a TV or radio management retail shoe store state labor department farm.)']",['Both males and females 16 YEARS - 150 YEARS'],[nan],,
194,OCD241,1 To 99,Range Of Values,"['OCD241 What kind of work {were you/was SP} doing? (For example: farming mail clerk computer specialist.)', 'What kind of work {were you/was SP} doing? (For example: farming mail clerk computer specialist.)']",['Both males and females 16 YEARS - 150 YEARS'],[nan],,
195,OCD241,.,Missing,"['OCD241 What kind of work {were you/was SP} doing? (For example: farming mail clerk computer specialist.)', 'What kind of work {were you/was SP} doing? (For example: farming mail clerk computer specialist.)']",['Both males and females 16 YEARS - 150 YEARS'],[nan],,
196,OCD241,1,Management Occupations,"['OCD241 What kind of work {were you/was SP} doing? (For example: farming mail clerk computer specialist.)', 'What kind of work {were you/was SP} doing? (For example: farming mail clerk computer specialist.)']",['Both males and females 16 YEARS - 150 YEARS'],[nan],,
197,OCD241,2,"Business, Financial Operations Occupations","['OCD241 What kind of work {were you/was SP} doing? (For example: farming mail clerk computer specialist.)', 'What kind of work {were you/was SP} doing? (For example: farming mail clerk computer specialist.)']",['Both males and females 16 YEARS - 150 YEARS'],[nan],,
198,OCD241,3,"Computer, Mathematical Occupations","['OCD241 What kind of work {were you/was SP} doing? (For example: farming mail clerk computer specialist.)', 'What kind of work {were you/was SP} doing? (For example: farming mail clerk computer specialist.)']",['Both males and females 16 YEARS - 150 YEARS'],[nan],,
199,OCD241,4,"Architecture, Engineering Occupations","['OCD241 What kind of work {were you/was SP} doing? (For example: farming mail clerk computer specialist.)', 'What kind of work {were you/was SP} doing? (For example: farming mail clerk computer specialist.)']",['Both males and females 16 YEARS - 150 YEARS'],[nan],,
200,OCD241,5,"Life, Physical, Social Science Occupations","['OCD241 What kind of work {were you/was SP} doing? (For example: farming mail clerk computer specialist.)', 'What kind of work {were you/was SP} doing? (For example: farming mail clerk computer specialist.)']",['Both males and females 16 YEARS - 150 YEARS'],[nan],,
201,OCD241,6,"Community, Social Services Occupations","['OCD241 What kind of work {were you/was SP} doing? (For example: farming mail clerk computer specialist.)', 'What kind of work {were you/was SP} doing? (For example: farming mail clerk computer specialist.)']",['Both males and females 16 YEARS - 150 YEARS'],[nan],,
202,OCD241,7,Legal Occupations,"['OCD241 What kind of work {were you/was SP} doing? (For example: farming mail clerk computer specialist.)', 'What kind of work {were you/was SP} doing? (For example: farming mail clerk computer specialist.)']",['Both males and females 16 YEARS - 150 YEARS'],[nan],,
203,OCD241,8,"Education, Training, Library Occupations","['OCD241 What kind of work {were you/was SP} doing? (For example: farming mail clerk computer specialist.)', 'What kind of work {were you/was SP} doing? (For example: farming mail clerk computer specialist.)']",['Both males and females 16 YEARS - 150 YEARS'],[nan],,
204,OCD241,9,"Arts, Design, Entertainment, Sports, Media Occupations","['OCD241 What kind of work {were you/was SP} doing? (For example: farming mail clerk computer specialist.)', 'What kind of work {were you/was SP} doing? (For example: farming mail clerk computer specialist.)']",['Both males and females 16 YEARS - 150 YEARS'],[nan],,
205,OCD241,10,"Healthcare Practitioner, Technical Occupations","['OCD241 What kind of work {were you/was SP} doing? (For example: farming mail clerk computer specialist.)', 'What kind of work {were you/was SP} doing? (For example: farming mail clerk computer specialist.)']",['Both males and females 16 YEARS - 150 YEARS'],[nan],,
206,OCD241,11,Healthcare Support Occupations,"['OCD241 What kind of work {were you/was SP} doing? (For example: farming mail clerk computer specialist.)', 'What kind of work {were you/was SP} doing? (For example: farming mail clerk computer specialist.)']",['Both males and females 16 YEARS - 150 YEARS'],[nan],,
207,OCD241,12,Protective Service Occupations,"['OCD241 What kind of work {were you/was SP} doing? (For example: farming mail clerk computer specialist.)', 'What kind of work {were you/was SP} doing? (For example: farming mail clerk computer specialist.)']",['Both males and females 16 YEARS - 150 YEARS'],[nan],,
208,OCD241,13,"Food Preparation, Serving Occupations","['OCD241 What kind of work {were you/was SP} doing? (For example: farming mail clerk computer specialist.)', 'What kind of work {were you/was SP} doing? (For example: farming mail clerk computer specialist.)']",['Both males and females 16 YEARS - 150 YEARS'],[nan],,
209,OCD241,14,"Building & Grounds Cleaning, Maintenance Occupations","['OCD241 What kind of work {were you/was SP} doing? (For example: farming mail clerk computer specialist.)', 'What kind of work {were you/was SP} doing? (For example: farming mail clerk computer specialist.)']",['Both males and females 16 YEARS - 150 YEARS'],[nan],,
210,OCD241,15,"Personal Care, Service Occupations","['OCD241 What kind of work {were you/was SP} doing? (For example: farming mail clerk computer specialist.)', 'What kind of work {were you/was SP} doing? (For example: farming mail clerk computer specialist.)']",['Both males and females 16 YEARS - 150 YEARS'],[nan],,
211,OCD241,16,Sales & Related Occupations,"['OCD241 What kind of work {were you/was SP} doing? (For example: farming mail clerk computer specialist.)', 'What kind of work {were you/was SP} doing? (For example: farming mail clerk computer specialist.)']",['Both males and females 16 YEARS - 150 YEARS'],[nan],,
212,OCD241,17,"Office, Administrative Support Occupations","['OCD241 What kind of work {were you/was SP} doing? (For example: farming mail clerk computer specialist.)', 'What kind of work {were you/was SP} doing? (For example: farming mail clerk computer specialist.)']",['Both males and females 16 YEARS - 150 YEARS'],[nan],,
213,OCD241,18,"Farming, Fishing, Forestry Occupations","['OCD241 What kind of work {were you/was SP} doing? (For example: farming mail clerk computer specialist.)', 'What kind of work {were you/was SP} doing? (For example: farming mail clerk computer specialist.)']",['Both males and females 16 YEARS - 150 YEARS'],[nan],,
214,OCD241,19,"Construction, Extraction Occupations","['OCD241 What kind of work {were you/was SP} doing? (For example: farming mail clerk computer specialist.)', 'What kind of work {were you/was SP} doing? (For example: farming mail clerk computer specialist.)']",['Both males and females 16 YEARS - 150 YEARS'],[nan],,
215,OCD241,20,"Installation, Maintenance, Repair Occupations","['OCD241 What kind of work {were you/was SP} doing? (For example: farming mail clerk computer specialist.)', 'What kind of work {were you/was SP} doing? (For example: farming mail clerk computer specialist.)']",['Both males and females 16 YEARS - 150 YEARS'],[nan],,
216,OCD241,21,Production Occupations,"['OCD241 What kind of work {were you/was SP} doing? (For example: farming mail clerk computer specialist.)', 'What kind of work {were you/was SP} doing? (For example: farming mail clerk computer specialist.)']",['Both males and females 16 YEARS - 150 YEARS'],[nan],,
217,OCD241,22,"Transportation, Material Moving Occupations","['OCD241 What kind of work {were you/was SP} doing? (For example: farming mail clerk computer specialist.)', 'What kind of work {were you/was SP} doing? (For example: farming mail clerk computer specialist.)']",['Both males and females 16 YEARS - 150 YEARS'],[nan],,
218,OCD241,23,Armed Forces,"['OCD241 What kind of work {were you/was SP} doing? (For example: farming mail clerk computer specialist.)', 'What kind of work {were you/was SP} doing? (For example: farming mail clerk computer specialist.)']",['Both males and females 16 YEARS - 150 YEARS'],[nan],,
219,OCD241,98,Text Present But Uncodable,"['OCD241 What kind of work {were you/was SP} doing? (For example: farming mail clerk computer specialist.)', 'What kind of work {were you/was SP} doing? (For example: farming mail clerk computer specialist.)']",['Both males and females 16 YEARS - 150 YEARS'],[nan],,
220,OCD241,99,Blank But Applicable,"['OCD241 What kind of work {were you/was SP} doing? (For example: farming mail clerk computer specialist.)', 'What kind of work {were you/was SP} doing? (For example: farming mail clerk computer specialist.)']",['Both males and females 16 YEARS - 150 YEARS'],[nan],,
221,OCQ265,1,A Regular Daytime Schedule,['Which of the following best describes the hours {you/SP} usually {work/works} at {your/his/her} main job or business?'],['Both males and females 16 YEARS - 150 YEARS'],[nan],,
222,OCQ265,2,A Regular Evening Shift,['Which of the following best describes the hours {you/SP} usually {work/works} at {your/his/her} main job or business?'],['Both males and females 16 YEARS - 150 YEARS'],[nan],,
223,OCQ265,3,A Regular Night Shift,['Which of the following best describes the hours {you/SP} usually {work/works} at {your/his/her} main job or business?'],['Both males and females 16 YEARS - 150 YEARS'],[nan],,
224,OCQ265,4,A Rotating Shift,['Which of the following best describes the hours {you/SP} usually {work/works} at {your/his/her} main job or business?'],['Both males and females 16 YEARS - 150 YEARS'],[nan],,
225,OCQ265,5,Another Schedule,['Which of the following best describes the hours {you/SP} usually {work/works} at {your/his/her} main job or business?'],['Both males and females 16 YEARS - 150 YEARS'],[nan],,
226,OCQ265,7,Refused,['Which of the following best describes the hours {you/SP} usually {work/works} at {your/his/her} main job or business?'],['Both males and females 16 YEARS - 150 YEARS'],[nan],,
227,OCQ265,9,Don'T Know,['Which of the following best describes the hours {you/SP} usually {work/works} at {your/his/her} main job or business?'],['Both males and females 16 YEARS - 150 YEARS'],[nan],,
228,OCQ265,.,Missing,['Which of the following best describes the hours {you/SP} usually {work/works} at {your/his/her} main job or business?'],['Both males and females 16 YEARS - 150 YEARS'],[nan],,
229,OCD392,1 To 98,Range Of Values,"['OCD392 Thinking of all the paid jobs or businesses {you/SP} ever had what kind of work {were you/was s/he} doing the longest? (For example electrical engineer stock clerk typist farmer.)', 'OCD392 Thinking of all the paid jobs or businesses {you/SP} ever had what kind of work {were you/was s/he} doing the longest? (For example electrical engineer stock clerk)', 'Thinking of all the paid jobs or businesses {you/SP} ever had what kind of work {were you/was s/he} doing the longest? (For example electrical engineer stock clerk).']",['Both males and females 16 YEARS - 150 YEARS'],[nan],,
230,OCD392,.,Missing,"['OCD392 Thinking of all the paid jobs or businesses {you/SP} ever had what kind of work {were you/was s/he} doing the longest? (For example electrical engineer stock clerk typist farmer.)', 'OCD392 Thinking of all the paid jobs or businesses {you/SP} ever had what kind of work {were you/was s/he} doing the longest? (For example electrical engineer stock clerk)', 'Thinking of all the paid jobs or businesses {you/SP} ever had what kind of work {were you/was s/he} doing the longest? (For example electrical engineer stock clerk).']",['Both males and females 16 YEARS - 150 YEARS'],[nan],,
231,OCD392,1,Management Occupations,"['OCD392 Thinking of all the paid jobs or businesses {you/SP} ever had what kind of work {were you/was s/he} doing the longest? (For example electrical engineer stock clerk typist farmer.)', 'OCD392 Thinking of all the paid jobs or businesses {you/SP} ever had what kind of work {were you/was s/he} doing the longest? (For example electrical engineer stock clerk)', 'Thinking of all the paid jobs or businesses {you/SP} ever had what kind of work {were you/was s/he} doing the longest? (For example electrical engineer stock clerk).']",['Both males and females 16 YEARS - 150 YEARS'],[nan],,
232,OCD392,2,"Business, Financial Operations Occupations","['OCD392 Thinking of all the paid jobs or businesses {you/SP} ever had what kind of work {were you/was s/he} doing the longest? (For example electrical engineer stock clerk typist farmer.)', 'OCD392 Thinking of all the paid jobs or businesses {you/SP} ever had what kind of work {were you/was s/he} doing the longest? (For example electrical engineer stock clerk)', 'Thinking of all the paid jobs or businesses {you/SP} ever had what kind of work {were you/was s/he} doing the longest? (For example electrical engineer stock clerk).']",['Both males and females 16 YEARS - 150 YEARS'],[nan],,
233,OCD392,3,"Computer, Mathematical Occupations","['OCD392 Thinking of all the paid jobs or businesses {you/SP} ever had what kind of work {were you/was s/he} doing the longest? (For example electrical engineer stock clerk typist farmer.)', 'OCD392 Thinking of all the paid jobs or businesses {you/SP} ever had what kind of work {were you/was s/he} doing the longest? (For example electrical engineer stock clerk)', 'Thinking of all the paid jobs or businesses {you/SP} ever had what kind of work {were you/was s/he} doing the longest? (For example electrical engineer stock clerk).']",['Both males and females 16 YEARS - 150 YEARS'],[nan],,
234,OCD392,4,"Architecture, Engineering Occupations","['OCD392 Thinking of all the paid jobs or businesses {you/SP} ever had what kind of work {were you/was s/he} doing the longest? (For example electrical engineer stock clerk typist farmer.)', 'OCD392 Thinking of all the paid jobs or businesses {you/SP} ever had what kind of work {were you/was s/he} doing the longest? (For example electrical engineer stock clerk)', 'Thinking of all the paid jobs or businesses {you/SP} ever had what kind of work {were you/was s/he} doing the longest? (For example electrical engineer stock clerk).']",['Both males and females 16 YEARS - 150 YEARS'],[nan],,
235,OCD392,5,"Life, Physical, Social Science Occupations","['OCD392 Thinking of all the paid jobs or businesses {you/SP} ever had what kind of work {were you/was s/he} doing the longest? (For example electrical engineer stock clerk typist farmer.)', 'OCD392 Thinking of all the paid jobs or businesses {you/SP} ever had what kind of work {were you/was s/he} doing the longest? (For example electrical engineer stock clerk)', 'Thinking of all the paid jobs or businesses {you/SP} ever had what kind of work {were you/was s/he} doing the longest? (For example electrical engineer stock clerk).']",['Both males and females 16 YEARS - 150 YEARS'],[nan],,
236,OCD392,6,"Community, Social Services Occupations","['OCD392 Thinking of all the paid jobs or businesses {you/SP} ever had what kind of work {were you/was s/he} doing the longest? (For example electrical engineer stock clerk typist farmer.)', 'OCD392 Thinking of all the paid jobs or businesses {you/SP} ever had what kind of work {were you/was s/he} doing the longest? (For example electrical engineer stock clerk)', 'Thinking of all the paid jobs or businesses {you/SP} ever had what kind of work {were you/was s/he} doing the longest? (For example electrical engineer stock clerk).']",['Both males and females 16 YEARS - 150 YEARS'],[nan],,
237,OCD392,7,Legal Occupations,"['OCD392 Thinking of all the paid jobs or businesses {you/SP} ever had what kind of work {were you/was s/he} doing the longest? (For example electrical engineer stock clerk typist farmer.)', 'OCD392 Thinking of all the paid jobs or businesses {you/SP} ever had what kind of work {were you/was s/he} doing the longest? (For example electrical engineer stock clerk)', 'Thinking of all the paid jobs or businesses {you/SP} ever had what kind of work {were you/was s/he} doing the longest? (For example electrical engineer stock clerk).']",['Both males and females 16 YEARS - 150 YEARS'],[nan],,
238,OCD392,8,"Education, Training, Library Occupations","['OCD392 Thinking of all the paid jobs or businesses {you/SP} ever had what kind of work {were you/was s/he} doing the longest? (For example electrical engineer stock clerk typist farmer.)', 'OCD392 Thinking of all the paid jobs or businesses {you/SP} ever had what kind of work {were you/was s/he} doing the longest? (For example electrical engineer stock clerk)', 'Thinking of all the paid jobs or businesses {you/SP} ever had what kind of work {were you/was s/he} doing the longest? (For example electrical engineer stock clerk).']",['Both males and females 16 YEARS - 150 YEARS'],[nan],,
239,OCD392,9,"Arts, Design, Entertainment, Sports, Media Occupations","['OCD392 Thinking of all the paid jobs or businesses {you/SP} ever had what kind of work {were you/was s/he} doing the longest? (For example electrical engineer stock clerk typist farmer.)', 'OCD392 Thinking of all the paid jobs or businesses {you/SP} ever had what kind of work {were you/was s/he} doing the longest? (For example electrical engineer stock clerk)', 'Thinking of all the paid jobs or businesses {you/SP} ever had what kind of work {were you/was s/he} doing the longest? (For example electrical engineer stock clerk).']",['Both males and females 16 YEARS - 150 YEARS'],[nan],,
240,OCD392,10,"Healthcare Practitioner, Technical Occupations","['OCD392 Thinking of all the paid jobs or businesses {you/SP} ever had what kind of work {were you/was s/he} doing the longest? (For example electrical engineer stock clerk typist farmer.)', 'OCD392 Thinking of all the paid jobs or businesses {you/SP} ever had what kind of work {were you/was s/he} doing the longest? (For example electrical engineer stock clerk)', 'Thinking of all the paid jobs or businesses {you/SP} ever had what kind of work {were you/was s/he} doing the longest? (For example electrical engineer stock clerk).']",['Both males and females 16 YEARS - 150 YEARS'],[nan],,
241,OCD392,11,Healthcare Support Occupations,"['OCD392 Thinking of all the paid jobs or businesses {you/SP} ever had what kind of work {were you/was s/he} doing the longest? (For example electrical engineer stock clerk typist farmer.)', 'OCD392 Thinking of all the paid jobs or businesses {you/SP} ever had what kind of work {were you/was s/he} doing the longest? (For example electrical engineer stock clerk)', 'Thinking of all the paid jobs or businesses {you/SP} ever had what kind of work {were you/was s/he} doing the longest? (For example electrical engineer stock clerk).']",['Both males and females 16 YEARS - 150 YEARS'],[nan],,
242,OCD392,12,Protective Service Occupations,"['OCD392 Thinking of all the paid jobs or businesses {you/SP} ever had what kind of work {were you/was s/he} doing the longest? (For example electrical engineer stock clerk typist farmer.)', 'OCD392 Thinking of all the paid jobs or businesses {you/SP} ever had what kind of work {were you/was s/he} doing the longest? (For example electrical engineer stock clerk)', 'Thinking of all the paid jobs or businesses {you/SP} ever had what kind of work {were you/was s/he} doing the longest? (For example electrical engineer stock clerk).']",['Both males and females 16 YEARS - 150 YEARS'],[nan],,
243,OCD392,13,"Food Preparation, Serving Occupations","['OCD392 Thinking of all the paid jobs or businesses {you/SP} ever had what kind of work {were you/was s/he} doing the longest? (For example electrical engineer stock clerk typist farmer.)', 'OCD392 Thinking of all the paid jobs or businesses {you/SP} ever had what kind of work {were you/was s/he} doing the longest? (For example electrical engineer stock clerk)', 'Thinking of all the paid jobs or businesses {you/SP} ever had what kind of work {were you/was s/he} doing the longest? (For example electrical engineer stock clerk).']",['Both males and females 16 YEARS - 150 YEARS'],[nan],,
244,OCD392,14,"Building & Grounds Cleaning, Maintenance Occupations","['OCD392 Thinking of all the paid jobs or businesses {you/SP} ever had what kind of work {were you/was s/he} doing the longest? (For example electrical engineer stock clerk typist farmer.)', 'OCD392 Thinking of all the paid jobs or businesses {you/SP} ever had what kind of work {were you/was s/he} doing the longest? (For example electrical engineer stock clerk)', 'Thinking of all the paid jobs or businesses {you/SP} ever had what kind of work {were you/was s/he} doing the longest? (For example electrical engineer stock clerk).']",['Both males and females 16 YEARS - 150 YEARS'],[nan],,
245,OCD392,15,"Personal Care, Service Occupations","['OCD392 Thinking of all the paid jobs or businesses {you/SP} ever had what kind of work {were you/was s/he} doing the longest? (For example electrical engineer stock clerk typist farmer.)', 'OCD392 Thinking of all the paid jobs or businesses {you/SP} ever had what kind of work {were you/was s/he} doing the longest? (For example electrical engineer stock clerk)', 'Thinking of all the paid jobs or businesses {you/SP} ever had what kind of work {were you/was s/he} doing the longest? (For example electrical engineer stock clerk).']",['Both males and females 16 YEARS - 150 YEARS'],[nan],,
246,OCD392,16,Sales & Related Occupations,"['OCD392 Thinking of all the paid jobs or businesses {you/SP} ever had what kind of work {were you/was s/he} doing the longest? (For example electrical engineer stock clerk typist farmer.)', 'OCD392 Thinking of all the paid jobs or businesses {you/SP} ever had what kind of work {were you/was s/he} doing the longest? (For example electrical engineer stock clerk)', 'Thinking of all the paid jobs or businesses {you/SP} ever had what kind of work {were you/was s/he} doing the longest? (For example electrical engineer stock clerk).']",['Both males and females 16 YEARS - 150 YEARS'],[nan],,
247,OCD392,17,"Office, Administrative Support Occupations","['OCD392 Thinking of all the paid jobs or businesses {you/SP} ever had what kind of work {were you/was s/he} doing the longest? (For example electrical engineer stock clerk typist farmer.)', 'OCD392 Thinking of all the paid jobs or businesses {you/SP} ever had what kind of work {were you/was s/he} doing the longest? (For example electrical engineer stock clerk)', 'Thinking of all the paid jobs or businesses {you/SP} ever had what kind of work {were you/was s/he} doing the longest? (For example electrical engineer stock clerk).']",['Both males and females 16 YEARS - 150 YEARS'],[nan],,
248,OCD392,18,"Farming, Fishing, Forestry Occupations","['OCD392 Thinking of all the paid jobs or businesses {you/SP} ever had what kind of work {were you/was s/he} doing the longest? (For example electrical engineer stock clerk typist farmer.)', 'OCD392 Thinking of all the paid jobs or businesses {you/SP} ever had what kind of work {were you/was s/he} doing the longest? (For example electrical engineer stock clerk)', 'Thinking of all the paid jobs or businesses {you/SP} ever had what kind of work {were you/was s/he} doing the longest? (For example electrical engineer stock clerk).']",['Both males and females 16 YEARS - 150 YEARS'],[nan],,
249,OCD392,19,"Construction, Extraction Occupations","['OCD392 Thinking of all the paid jobs or businesses {you/SP} ever had what kind of work {were you/was s/he} doing the longest? (For example electrical engineer stock clerk typist farmer.)', 'OCD392 Thinking of all the paid jobs or businesses {you/SP} ever had what kind of work {were you/was s/he} doing the longest? (For example electrical engineer stock clerk)', 'Thinking of all the paid jobs or businesses {you/SP} ever had what kind of work {were you/was s/he} doing the longest? (For example electrical engineer stock clerk).']",['Both males and females 16 YEARS - 150 YEARS'],[nan],,
250,OCD392,20,"Installation, Maintenance, Repair Occupations","['OCD392 Thinking of all the paid jobs or businesses {you/SP} ever had what kind of work {were you/was s/he} doing the longest? (For example electrical engineer stock clerk typist farmer.)', 'OCD392 Thinking of all the paid jobs or businesses {you/SP} ever had what kind of work {were you/was s/he} doing the longest? (For example electrical engineer stock clerk)', 'Thinking of all the paid jobs or businesses {you/SP} ever had what kind of work {were you/was s/he} doing the longest? (For example electrical engineer stock clerk).']",['Both males and females 16 YEARS - 150 YEARS'],[nan],,
251,OCD392,21,Production Occupations,"['OCD392 Thinking of all the paid jobs or businesses {you/SP} ever had what kind of work {were you/was s/he} doing the longest? (For example electrical engineer stock clerk typist farmer.)', 'OCD392 Thinking of all the paid jobs or businesses {you/SP} ever had what kind of work {were you/was s/he} doing the longest? (For example electrical engineer stock clerk)', 'Thinking of all the paid jobs or businesses {you/SP} ever had what kind of work {were you/was s/he} doing the longest? (For example electrical engineer stock clerk).']",['Both males and females 16 YEARS - 150 YEARS'],[nan],,
252,OCD392,22,"Transportation, Material Moving Occupations","['OCD392 Thinking of all the paid jobs or businesses {you/SP} ever had what kind of work {were you/was s/he} doing the longest? (For example electrical engineer stock clerk typist farmer.)', 'OCD392 Thinking of all the paid jobs or businesses {you/SP} ever had what kind of work {were you/was s/he} doing the longest? (For example electrical engineer stock clerk)', 'Thinking of all the paid jobs or businesses {you/SP} ever had what kind of work {were you/was s/he} doing the longest? (For example electrical engineer stock clerk).']",['Both males and females 16 YEARS - 150 YEARS'],[nan],,
253,OCD392,23,Armed Forces,"['OCD392 Thinking of all the paid jobs or businesses {you/SP} ever had what kind of work {were you/was s/he} doing the longest? (For example electrical engineer stock clerk typist farmer.)', 'OCD392 Thinking of all the paid jobs or businesses {you/SP} ever had what kind of work {were you/was s/he} doing the longest? (For example electrical engineer stock clerk)', 'Thinking of all the paid jobs or businesses {you/SP} ever had what kind of work {were you/was s/he} doing the longest? (For example electrical engineer stock clerk).']",['Both males and females 16 YEARS - 150 YEARS'],[nan],,
254,OCD392,98,Text Present But Uncodable,"['OCD392 Thinking of all the paid jobs or businesses {you/SP} ever had what kind of work {were you/was s/he} doing the longest? (For example electrical engineer stock clerk typist farmer.)', 'OCD392 Thinking of all the paid jobs or businesses {you/SP} ever had what kind of work {were you/was s/he} doing the longest? (For example electrical engineer stock clerk)', 'Thinking of all the paid jobs or businesses {you/SP} ever had what kind of work {were you/was s/he} doing the longest? (For example electrical engineer stock clerk).']",['Both males and females 16 YEARS - 150 YEARS'],[nan],,
255,OCD392,99,Blank But Applicable,"['OCD392 Thinking of all the paid jobs or businesses {you/SP} ever had what kind of work {were you/was s/he} doing the longest? (For example electrical engineer stock clerk typist farmer.)', 'OCD392 Thinking of all the paid jobs or businesses {you/SP} ever had what kind of work {were you/was s/he} doing the longest? (For example electrical engineer stock clerk)', 'Thinking of all the paid jobs or businesses {you/SP} ever had what kind of work {were you/was s/he} doing the longest? (For example electrical engineer stock clerk).']",['Both males and females 16 YEARS - 150 YEARS'],[nan],,
256,OCD391,1,"Agriculture, Forestry, Fishing","['What kind of business or industry is this? (For example: TV and radio management retail shoe store state labor department farm.)', 'What kind of business or industry is this? (For example: a TV or radio management retail shoe store state labor department farm.)']",['Both males and females 16 YEARS - 150 YEARS'],[nan],,
257,OCD391,2,Mining,"['What kind of business or industry is this? (For example: TV and radio management retail shoe store state labor department farm.)', 'What kind of business or industry is this? (For example: a TV or radio management retail shoe store state labor department farm.)']",['Both males and females 16 YEARS - 150 YEARS'],[nan],,
258,OCD391,3,Utilities,"['What kind of business or industry is this? (For example: TV and radio management retail shoe store state labor department farm.)', 'What kind of business or industry is this? (For example: a TV or radio management retail shoe store state labor department farm.)']",['Both males and females 16 YEARS - 150 YEARS'],[nan],,
259,OCD391,4,Construction,"['What kind of business or industry is this? (For example: TV and radio management retail shoe store state labor department farm.)', 'What kind of business or industry is this? (For example: a TV or radio management retail shoe store state labor department farm.)']",['Both males and females 16 YEARS - 150 YEARS'],[nan],,
260,OCD391,5,Manufacturing: Durable Goods,"['What kind of business or industry is this? (For example: TV and radio management retail shoe store state labor department farm.)', 'What kind of business or industry is this? (For example: a TV or radio management retail shoe store state labor department farm.)']",['Both males and females 16 YEARS - 150 YEARS'],[nan],,
261,OCD391,6,Manufacturing: Non-Durable Goods,"['What kind of business or industry is this? (For example: TV and radio management retail shoe store state labor department farm.)', 'What kind of business or industry is this? (For example: a TV or radio management retail shoe store state labor department farm.)']",['Both males and females 16 YEARS - 150 YEARS'],[nan],,
262,OCD391,7,Wholesale Trade,"['What kind of business or industry is this? (For example: TV and radio management retail shoe store state labor department farm.)', 'What kind of business or industry is this? (For example: a TV or radio management retail shoe store state labor department farm.)']",['Both males and females 16 YEARS - 150 YEARS'],[nan],,
263,OCD391,8,Retail Trade,"['What kind of business or industry is this? (For example: TV and radio management retail shoe store state labor department farm.)', 'What kind of business or industry is this? (For example: a TV or radio management retail shoe store state labor department farm.)']",['Both males and females 16 YEARS - 150 YEARS'],[nan],,
264,OCD391,9,"Transportation, Warehousing","['What kind of business or industry is this? (For example: TV and radio management retail shoe store state labor department farm.)', 'What kind of business or industry is this? (For example: a TV or radio management retail shoe store state labor department farm.)']",['Both males and females 16 YEARS - 150 YEARS'],[nan],,
265,OCD391,10,Information Services,"['What kind of business or industry is this? (For example: TV and radio management retail shoe store state labor department farm.)', 'What kind of business or industry is this? (For example: a TV or radio management retail shoe store state labor department farm.)']",['Both males and females 16 YEARS - 150 YEARS'],[nan],,
266,OCD391,11,"Finance, Insurance","['What kind of business or industry is this? (For example: TV and radio management retail shoe store state labor department farm.)', 'What kind of business or industry is this? (For example: a TV or radio management retail shoe store state labor department farm.)']",['Both males and females 16 YEARS - 150 YEARS'],[nan],,
267,OCD391,12,"Real Estate, Rental, Leasing","['What kind of business or industry is this? (For example: TV and radio management retail shoe store state labor department farm.)', 'What kind of business or industry is this? (For example: a TV or radio management retail shoe store state labor department farm.)']",['Both males and females 16 YEARS - 150 YEARS'],[nan],,
268,OCD391,13,"Professional, Scientific, Technical Services","['What kind of business or industry is this? (For example: TV and radio management retail shoe store state labor department farm.)', 'What kind of business or industry is this? (For example: a TV or radio management retail shoe store state labor department farm.)']",['Both males and females 16 YEARS - 150 YEARS'],[nan],,
269,OCD391,14,"Management, Administrative, Waste Services","['What kind of business or industry is this? (For example: TV and radio management retail shoe store state labor department farm.)', 'What kind of business or industry is this? (For example: a TV or radio management retail shoe store state labor department farm.)']",['Both males and females 16 YEARS - 150 YEARS'],[nan],,
270,OCD391,15,Educational Services,"['What kind of business or industry is this? (For example: TV and radio management retail shoe store state labor department farm.)', 'What kind of business or industry is this? (For example: a TV or radio management retail shoe store state labor department farm.)']",['Both males and females 16 YEARS - 150 YEARS'],[nan],,
271,OCD391,16,"Health Care, Social Assistance","['What kind of business or industry is this? (For example: TV and radio management retail shoe store state labor department farm.)', 'What kind of business or industry is this? (For example: a TV or radio management retail shoe store state labor department farm.)']",['Both males and females 16 YEARS - 150 YEARS'],[nan],,
272,OCD391,17,"Arts, Entertainment, Recreation","['What kind of business or industry is this? (For example: TV and radio management retail shoe store state labor department farm.)', 'What kind of business or industry is this? (For example: a TV or radio management retail shoe store state labor department farm.)']",['Both males and females 16 YEARS - 150 YEARS'],[nan],,
273,OCD391,18,"Accommodation, Food Services","['What kind of business or industry is this? (For example: TV and radio management retail shoe store state labor department farm.)', 'What kind of business or industry is this? (For example: a TV or radio management retail shoe store state labor department farm.)']",['Both males and females 16 YEARS - 150 YEARS'],[nan],,
274,OCD391,19,Other Services,"['What kind of business or industry is this? (For example: TV and radio management retail shoe store state labor department farm.)', 'What kind of business or industry is this? (For example: a TV or radio management retail shoe store state labor department farm.)']",['Both males and females 16 YEARS - 150 YEARS'],[nan],,
275,OCD391,20,Private Household,"['What kind of business or industry is this? (For example: TV and radio management retail shoe store state labor department farm.)', 'What kind of business or industry is this? (For example: a TV or radio management retail shoe store state labor department farm.)']",['Both males and females 16 YEARS - 150 YEARS'],[nan],,
276,OCD391,21,Public Administration,"['What kind of business or industry is this? (For example: TV and radio management retail shoe store state labor department farm.)', 'What kind of business or industry is this? (For example: a TV or radio management retail shoe store state labor department farm.)']",['Both males and females 16 YEARS - 150 YEARS'],[nan],,
277,OCD391,22,Armed Forces,"['What kind of business or industry is this? (For example: TV and radio management retail shoe store state labor department farm.)', 'What kind of business or industry is this? (For example: a TV or radio management retail shoe store state labor department farm.)']",['Both males and females 16 YEARS - 150 YEARS'],[nan],,
278,OCD391,98,Text Present But Uncodable,"['What kind of business or industry is this? (For example: TV and radio management retail shoe store state labor department farm.)', 'What kind of business or industry is this? (For example: a TV or radio management retail shoe store state labor department farm.)']",['Both males and females 16 YEARS - 150 YEARS'],[nan],,
279,OCD391,99,Blank But Applicable,"['What kind of business or industry is this? (For example: TV and radio management retail shoe store state labor department farm.)', 'What kind of business or industry is this? (For example: a TV or radio management retail shoe store state labor department farm.)']",['Both males and females 16 YEARS - 150 YEARS'],[nan],,
280,OCD391,.,Missing,"['What kind of business or industry is this? (For example: TV and radio management retail shoe store state labor department farm.)', 'What kind of business or industry is this? (For example: a TV or radio management retail shoe store state labor department farm.)']",['Both males and females 16 YEARS - 150 YEARS'],[nan],,
281,OCD391,10,Information,"['What kind of business or industry is this? (For example: TV and radio management retail shoe store state labor department farm.)', 'What kind of business or industry is this? (For example: a TV or radio management retail shoe store state labor department farm.)']",['Both males and females 16 YEARS - 150 YEARS'],[nan],,
282,OCD391,13,"Professional, Technical Services","['What kind of business or industry is this? (For example: TV and radio management retail shoe store state labor department farm.)', 'What kind of business or industry is this? (For example: a TV or radio management retail shoe store state labor department farm.)']",['Both males and females 16 YEARS - 150 YEARS'],[nan],,
283,OCD391,14,"Management,Business,Cleaning/Waste Services","['What kind of business or industry is this? (For example: TV and radio management retail shoe store state labor department farm.)', 'What kind of business or industry is this? (For example: a TV or radio management retail shoe store state labor department farm.)']",['Both males and females 16 YEARS - 150 YEARS'],[nan],,
284,OCD391,15,Education Services,"['What kind of business or industry is this? (For example: TV and radio management retail shoe store state labor department farm.)', 'What kind of business or industry is this? (For example: a TV or radio management retail shoe store state labor department farm.)']",['Both males and females 16 YEARS - 150 YEARS'],[nan],,
285,OCD391,20,Private Households,"['What kind of business or industry is this? (For example: TV and radio management retail shoe store state labor department farm.)', 'What kind of business or industry is this? (For example: a TV or radio management retail shoe store state labor department farm.)']",['Both males and females 16 YEARS - 150 YEARS'],[nan],,
286,OCQ500,,,[nan],"['Both males and females 16 YEARS - 79 YEARS', 'Both males and females 16 YEARS - 150 YEARS']",[nan],,
287,OCQ510,1,Yes,['The next questions ask about being exposed to dust in (your/SPs) work. Being exposed to dust means that {you/SP} breathed in the dust or had dust on {your/his/her} clothes skin or hair. In any job {have you/has SP} ever been exposed to dust from rock sand concrete coal asbestos silica or soil?'],['Both males and females 16 YEARS - 79 YEARS'],[nan],,
288,OCQ510,2,No,['The next questions ask about being exposed to dust in (your/SPs) work. Being exposed to dust means that {you/SP} breathed in the dust or had dust on {your/his/her} clothes skin or hair. In any job {have you/has SP} ever been exposed to dust from rock sand concrete coal asbestos silica or soil?'],['Both males and females 16 YEARS - 79 YEARS'],[nan],,
289,OCQ510,7,Refused,['The next questions ask about being exposed to dust in (your/SPs) work. Being exposed to dust means that {you/SP} breathed in the dust or had dust on {your/his/her} clothes skin or hair. In any job {have you/has SP} ever been exposed to dust from rock sand concrete coal asbestos silica or soil?'],['Both males and females 16 YEARS - 79 YEARS'],[nan],,
290,OCQ510,9,Don'T Know,['The next questions ask about being exposed to dust in (your/SPs) work. Being exposed to dust means that {you/SP} breathed in the dust or had dust on {your/his/her} clothes skin or hair. In any job {have you/has SP} ever been exposed to dust from rock sand concrete coal asbestos silica or soil?'],['Both males and females 16 YEARS - 79 YEARS'],[nan],,
291,OCQ510,.,Missing,['The next questions ask about being exposed to dust in (your/SPs) work. Being exposed to dust means that {you/SP} breathed in the dust or had dust on {your/his/her} clothes skin or hair. In any job {have you/has SP} ever been exposed to dust from rock sand concrete coal asbestos silica or soil?'],['Both males and females 16 YEARS - 79 YEARS'],[nan],,
292,OCQ520,0 To 60,Range Of Values,['Please give me the total number of years for all jobs where this has happened.'],['Both males and females 16 YEARS - 79 YEARS'],[nan],,
293,OCQ520,7777,Refused,['Please give me the total number of years for all jobs where this has happened.'],['Both males and females 16 YEARS - 79 YEARS'],[nan],,
294,OCQ520,9999,Don'T Know,['Please give me the total number of years for all jobs where this has happened.'],['Both males and females 16 YEARS - 79 YEARS'],[nan],,
295,OCQ520,.,Missing,['Please give me the total number of years for all jobs where this has happened.'],['Both males and females 16 YEARS - 79 YEARS'],[nan],,
296,OCQ520,0 To 65,Range Of Values,['Please give me the total number of years for all jobs where this has happened.'],['Both males and females 16 YEARS - 79 YEARS'],[nan],,
297,OCQ530,1,Yes,['In any job {have you/has SP} ever been exposed to dust from baking flours grains wood cotton plants or animals?'],['Both males and females 16 YEARS - 79 YEARS'],[nan],,
298,OCQ530,2,No,['In any job {have you/has SP} ever been exposed to dust from baking flours grains wood cotton plants or animals?'],['Both males and females 16 YEARS - 79 YEARS'],[nan],,
299,OCQ530,7,Refused,['In any job {have you/has SP} ever been exposed to dust from baking flours grains wood cotton plants or animals?'],['Both males and females 16 YEARS - 79 YEARS'],[nan],,
300,OCQ530,9,Don'T Know,['In any job {have you/has SP} ever been exposed to dust from baking flours grains wood cotton plants or animals?'],['Both males and females 16 YEARS - 79 YEARS'],[nan],,
301,OCQ530,.,Missing,['In any job {have you/has SP} ever been exposed to dust from baking flours grains wood cotton plants or animals?'],['Both males and females 16 YEARS - 79 YEARS'],[nan],,
302,OCQ540,0 To 67,Range Of Values,['Please give me the total number of years for all jobs where this has happened.'],['Both males and females 16 YEARS - 79 YEARS'],[nan],,
303,OCQ540,7777,Refused,['Please give me the total number of years for all jobs where this has happened.'],['Both males and females 16 YEARS - 79 YEARS'],[nan],,
304,OCQ540,9999,Don'T Know,['Please give me the total number of years for all jobs where this has happened.'],['Both males and females 16 YEARS - 79 YEARS'],[nan],,
305,OCQ540,.,Missing,['Please give me the total number of years for all jobs where this has happened.'],['Both males and females 16 YEARS - 79 YEARS'],[nan],,
306,OCQ540,0 To 78,Range Of Values,['Please give me the total number of years for all jobs where this has happened.'],['Both males and females 16 YEARS - 79 YEARS'],[nan],,
307,OCQ540,0 To 65,Range Of Values,['Please give me the total number of years for all jobs where this has happened.'],['Both males and females 16 YEARS - 79 YEARS'],[nan],,
308,OCQ550,1,Yes,['The next questions ask about being exposed to fumes in {your/SPs} work. Being exposed to fumes means that {you/SP} breathed in fumes or had a lasting smell on {your/his/her} clothes skin or hair.  In any job {have you/has SP} ever been exposed to exhaust fumes from trucks buses heavy machinery or diesel engines?'],['Both males and females 16 YEARS - 79 YEARS'],[nan],,
309,OCQ550,2,No,['The next questions ask about being exposed to fumes in {your/SPs} work. Being exposed to fumes means that {you/SP} breathed in fumes or had a lasting smell on {your/his/her} clothes skin or hair.  In any job {have you/has SP} ever been exposed to exhaust fumes from trucks buses heavy machinery or diesel engines?'],['Both males and females 16 YEARS - 79 YEARS'],[nan],,
310,OCQ550,7,Refused,['The next questions ask about being exposed to fumes in {your/SPs} work. Being exposed to fumes means that {you/SP} breathed in fumes or had a lasting smell on {your/his/her} clothes skin or hair.  In any job {have you/has SP} ever been exposed to exhaust fumes from trucks buses heavy machinery or diesel engines?'],['Both males and females 16 YEARS - 79 YEARS'],[nan],,
311,OCQ550,9,Don'T Know,['The next questions ask about being exposed to fumes in {your/SPs} work. Being exposed to fumes means that {you/SP} breathed in fumes or had a lasting smell on {your/his/her} clothes skin or hair.  In any job {have you/has SP} ever been exposed to exhaust fumes from trucks buses heavy machinery or diesel engines?'],['Both males and females 16 YEARS - 79 YEARS'],[nan],,
312,OCQ550,.,Missing,['The next questions ask about being exposed to fumes in {your/SPs} work. Being exposed to fumes means that {you/SP} breathed in fumes or had a lasting smell on {your/his/her} clothes skin or hair.  In any job {have you/has SP} ever been exposed to exhaust fumes from trucks buses heavy machinery or diesel engines?'],['Both males and females 16 YEARS - 79 YEARS'],[nan],,
313,OCQ560,0 To 60,Range Of Values,['Please give me the total number of years for all jobs where this has happened.'],['Both males and females 16 YEARS - 79 YEARS'],[nan],,
314,OCQ560,7777,Refused,['Please give me the total number of years for all jobs where this has happened.'],['Both males and females 16 YEARS - 79 YEARS'],[nan],,
315,OCQ560,9999,Don'T Know,['Please give me the total number of years for all jobs where this has happened.'],['Both males and females 16 YEARS - 79 YEARS'],[nan],,
316,OCQ560,.,Missing,['Please give me the total number of years for all jobs where this has happened.'],['Both males and females 16 YEARS - 79 YEARS'],[nan],,
317,OCQ560,0 To 55,Range Of Values,['Please give me the total number of years for all jobs where this has happened.'],['Both males and females 16 YEARS - 79 YEARS'],[nan],,
318,OCQ570,1,Yes,['In any job {have you/has SP} ever been exposed to any other gases vapors or fumes? Examples are vapors from paints cleaning products glues solvents and acids; or welding/soldering fumes.'],['Both males and females 16 YEARS - 79 YEARS'],[nan],,
319,OCQ570,2,No,['In any job {have you/has SP} ever been exposed to any other gases vapors or fumes? Examples are vapors from paints cleaning products glues solvents and acids; or welding/soldering fumes.'],['Both males and females 16 YEARS - 79 YEARS'],[nan],,
320,OCQ570,7,Refused,['In any job {have you/has SP} ever been exposed to any other gases vapors or fumes? Examples are vapors from paints cleaning products glues solvents and acids; or welding/soldering fumes.'],['Both males and females 16 YEARS - 79 YEARS'],[nan],,
321,OCQ570,9,Don'T Know,['In any job {have you/has SP} ever been exposed to any other gases vapors or fumes? Examples are vapors from paints cleaning products glues solvents and acids; or welding/soldering fumes.'],['Both males and females 16 YEARS - 79 YEARS'],[nan],,
322,OCQ570,.,Missing,['In any job {have you/has SP} ever been exposed to any other gases vapors or fumes? Examples are vapors from paints cleaning products glues solvents and acids; or welding/soldering fumes.'],['Both males and females 16 YEARS - 79 YEARS'],[nan],,
323,OCQ580,0 To 60,Range Of Values,['Please give me the total number of years for all jobs this has happened.'],['Both males and females 16 YEARS - 79 YEARS'],[nan],,
324,OCQ580,7777,Refused,['Please give me the total number of years for all jobs this has happened.'],['Both males and females 16 YEARS - 79 YEARS'],[nan],,
325,OCQ580,9999,Don'T Know,['Please give me the total number of years for all jobs this has happened.'],['Both males and females 16 YEARS - 79 YEARS'],[nan],,
326,OCQ580,.,Missing,['Please give me the total number of years for all jobs this has happened.'],['Both males and females 16 YEARS - 79 YEARS'],[nan],,
327,OCQ275,1,Yes,['During the past two weeks has anyone smoked cigarettes cigars or pipes in the area in which {you work/SP works}?'],['Both males and females 16 YEARS - 150 YEARS'],[nan],,
328,OCQ275,2,No,['During the past two weeks has anyone smoked cigarettes cigars or pipes in the area in which {you work/SP works}?'],['Both males and females 16 YEARS - 150 YEARS'],[nan],,
329,OCQ275,7,Refused,['During the past two weeks has anyone smoked cigarettes cigars or pipes in the area in which {you work/SP works}?'],['Both males and females 16 YEARS - 150 YEARS'],[nan],,
330,OCQ275,9,Don'T Know,['During the past two weeks has anyone smoked cigarettes cigars or pipes in the area in which {you work/SP works}?'],['Both males and females 16 YEARS - 150 YEARS'],[nan],,
331,OCQ275,.,Missing,['During the past two weeks has anyone smoked cigarettes cigars or pipes in the area in which {you work/SP works}?'],['Both males and females 16 YEARS - 150 YEARS'],[nan],,
332,OCQ600,1,Always,['During the past 12 months at {your/SPs} job as a(n) {OCCUPATION} for {EMPLOYER} how often {do you/does SP} wear protective hearing devices?'],['Both males and females 16 YEARS - 150 YEARS'],[nan],,
333,OCQ600,2,Usually,['During the past 12 months at {your/SPs} job as a(n) {OCCUPATION} for {EMPLOYER} how often {do you/does SP} wear protective hearing devices?'],['Both males and females 16 YEARS - 150 YEARS'],[nan],,
334,OCQ600,3,About Half The Time,['During the past 12 months at {your/SPs} job as a(n) {OCCUPATION} for {EMPLOYER} how often {do you/does SP} wear protective hearing devices?'],['Both males and females 16 YEARS - 150 YEARS'],[nan],,
335,OCQ600,4,Seldom,['During the past 12 months at {your/SPs} job as a(n) {OCCUPATION} for {EMPLOYER} how often {do you/does SP} wear protective hearing devices?'],['Both males and females 16 YEARS - 150 YEARS'],[nan],,
336,OCQ600,5,Never,['During the past 12 months at {your/SPs} job as a(n) {OCCUPATION} for {EMPLOYER} how often {do you/does SP} wear protective hearing devices?'],['Both males and females 16 YEARS - 150 YEARS'],[nan],,
337,OCQ600,6,No Noise Exposure Past 12 Months,['During the past 12 months at {your/SPs} job as a(n) {OCCUPATION} for {EMPLOYER} how often {do you/does SP} wear protective hearing devices?'],['Both males and females 16 YEARS - 150 YEARS'],[nan],,
338,OCQ600,77,Refused,['During the past 12 months at {your/SPs} job as a(n) {OCCUPATION} for {EMPLOYER} how often {do you/does SP} wear protective hearing devices?'],['Both males and females 16 YEARS - 150 YEARS'],[nan],,
339,OCQ600,99,Don'T Know,['During the past 12 months at {your/SPs} job as a(n) {OCCUPATION} for {EMPLOYER} how often {do you/does SP} wear protective hearing devices?'],['Both males and females 16 YEARS - 150 YEARS'],[nan],,
340,OCQ600,.,Missing,['During the past 12 months at {your/SPs} job as a(n) {OCCUPATION} for {EMPLOYER} how often {do you/does SP} wear protective hearing devices?'],['Both males and females 16 YEARS - 150 YEARS'],[nan],,
341,OCQ610,0 To 30,Range Of Values,['These next questions are about noise at work. First we are going to ask about loud noise. Loud means so loud that {you/s/he} must speak in a raised voice to be heard by someone three feet away when not using hearing protection. After that we will ask about very loud noise. Very loud noise is noise that is so loud {you have/he has/she has} to shout to be heard by someone three feet away when not using hearing protection. How many days per month {are you/is SP} usually exposed to loud noise at {your/his/her} job as a(n) {OCCUPATION} for {EMPLOYER}? (Loud means so loud that {you/s/he} must speak in a raised voice to be heard by someone three feet away when not using hearing protection.)'],['Both males and females 16 YEARS - 150 YEARS'],[nan],,
342,OCQ610,77,Refused,['These next questions are about noise at work. First we are going to ask about loud noise. Loud means so loud that {you/s/he} must speak in a raised voice to be heard by someone three feet away when not using hearing protection. After that we will ask about very loud noise. Very loud noise is noise that is so loud {you have/he has/she has} to shout to be heard by someone three feet away when not using hearing protection. How many days per month {are you/is SP} usually exposed to loud noise at {your/his/her} job as a(n) {OCCUPATION} for {EMPLOYER}? (Loud means so loud that {you/s/he} must speak in a raised voice to be heard by someone three feet away when not using hearing protection.)'],['Both males and females 16 YEARS - 150 YEARS'],[nan],,
343,OCQ610,99,Don'T Know,['These next questions are about noise at work. First we are going to ask about loud noise. Loud means so loud that {you/s/he} must speak in a raised voice to be heard by someone three feet away when not using hearing protection. After that we will ask about very loud noise. Very loud noise is noise that is so loud {you have/he has/she has} to shout to be heard by someone three feet away when not using hearing protection. How many days per month {are you/is SP} usually exposed to loud noise at {your/his/her} job as a(n) {OCCUPATION} for {EMPLOYER}? (Loud means so loud that {you/s/he} must speak in a raised voice to be heard by someone three feet away when not using hearing protection.)'],['Both males and females 16 YEARS - 150 YEARS'],[nan],,
344,OCQ610,.,Missing,['These next questions are about noise at work. First we are going to ask about loud noise. Loud means so loud that {you/s/he} must speak in a raised voice to be heard by someone three feet away when not using hearing protection. After that we will ask about very loud noise. Very loud noise is noise that is so loud {you have/he has/she has} to shout to be heard by someone three feet away when not using hearing protection. How many days per month {are you/is SP} usually exposed to loud noise at {your/his/her} job as a(n) {OCCUPATION} for {EMPLOYER}? (Loud means so loud that {you/s/he} must speak in a raised voice to be heard by someone three feet away when not using hearing protection.)'],['Both males and females 16 YEARS - 150 YEARS'],[nan],,
345,OCQ630,1 To 20,Range Of Values,['On average during days when {you are/SP is} exposed to this loud noise for how many hours per day {have you/has SP} been exposed? (Loud means so loud that {you/s/he} must speak in a raised voice to be heard by someone three feet away when not using hearing protection.)'],['Both males and females 16 YEARS - 150 YEARS'],[nan],,
346,OCQ630,77,Refused,['On average during days when {you are/SP is} exposed to this loud noise for how many hours per day {have you/has SP} been exposed? (Loud means so loud that {you/s/he} must speak in a raised voice to be heard by someone three feet away when not using hearing protection.)'],['Both males and females 16 YEARS - 150 YEARS'],[nan],,
347,OCQ630,99,Don'T Know,['On average during days when {you are/SP is} exposed to this loud noise for how many hours per day {have you/has SP} been exposed? (Loud means so loud that {you/s/he} must speak in a raised voice to be heard by someone three feet away when not using hearing protection.)'],['Both males and females 16 YEARS - 150 YEARS'],[nan],,
348,OCQ630,.,Missing,['On average during days when {you are/SP is} exposed to this loud noise for how many hours per day {have you/has SP} been exposed? (Loud means so loud that {you/s/he} must speak in a raised voice to be heard by someone three feet away when not using hearing protection.)'],['Both males and females 16 YEARS - 150 YEARS'],[nan],,
349,OCQ640,0 To 30,Range Of Values,['How many days per month {are you/is SP} usually exposed to very loud noise at {your/his/her} job as a(n) {OCCUPATION} for {EMPLOYER}? (Very loud noise is noise that is so loud {you have/he has/she has} to shout to be heard by someone three feet away when not using hearing protection.)'],['Both males and females 16 YEARS - 150 YEARS'],[nan],,
350,OCQ640,77,Refused,['How many days per month {are you/is SP} usually exposed to very loud noise at {your/his/her} job as a(n) {OCCUPATION} for {EMPLOYER}? (Very loud noise is noise that is so loud {you have/he has/she has} to shout to be heard by someone three feet away when not using hearing protection.)'],['Both males and females 16 YEARS - 150 YEARS'],[nan],,
351,OCQ640,99,Don'T Know,['How many days per month {are you/is SP} usually exposed to very loud noise at {your/his/her} job as a(n) {OCCUPATION} for {EMPLOYER}? (Very loud noise is noise that is so loud {you have/he has/she has} to shout to be heard by someone three feet away when not using hearing protection.)'],['Both males and females 16 YEARS - 150 YEARS'],[nan],,
352,OCQ640,.,Missing,['How many days per month {are you/is SP} usually exposed to very loud noise at {your/his/her} job as a(n) {OCCUPATION} for {EMPLOYER}? (Very loud noise is noise that is so loud {you have/he has/she has} to shout to be heard by someone three feet away when not using hearing protection.)'],['Both males and females 16 YEARS - 150 YEARS'],[nan],,
353,OCQ660,1 To 20,Range Of Values,['On average during days when {you are/SP is} exposed to this very loud noise for how many hours per day {have you/has he/has she} been exposed? (Very loud noise is noise that is so loud {you have/he has/she has} to shout in order to be understood by someone standing 3 feet away from {you/him/her} when you arent wearing hearing protection.)'],['Both males and females 16 YEARS - 150 YEARS'],[nan],,
354,OCQ660,77,Refused,['On average during days when {you are/SP is} exposed to this very loud noise for how many hours per day {have you/has he/has she} been exposed? (Very loud noise is noise that is so loud {you have/he has/she has} to shout in order to be understood by someone standing 3 feet away from {you/him/her} when you arent wearing hearing protection.)'],['Both males and females 16 YEARS - 150 YEARS'],[nan],,
355,OCQ660,99,Don'T Know,['On average during days when {you are/SP is} exposed to this very loud noise for how many hours per day {have you/has he/has she} been exposed? (Very loud noise is noise that is so loud {you have/he has/she has} to shout in order to be understood by someone standing 3 feet away from {you/him/her} when you arent wearing hearing protection.)'],['Both males and females 16 YEARS - 150 YEARS'],[nan],,
356,OCQ660,.,Missing,['On average during days when {you are/SP is} exposed to this very loud noise for how many hours per day {have you/has he/has she} been exposed? (Very loud noise is noise that is so loud {you have/he has/she has} to shout in order to be understood by someone standing 3 feet away from {you/him/her} when you arent wearing hearing protection.)'],['Both males and females 16 YEARS - 150 YEARS'],[nan],,
357,OCQ670,1,Traditional 9 Am To 5 Pm Day,['Which of the following best describes your overall work schedule (include all jobs) for the last three months?'],['Both males and females 16 YEARS - 150 YEARS'],[nan],,
358,OCQ670,2,Evening Or Nights,['Which of the following best describes your overall work schedule (include all jobs) for the last three months?'],['Both males and females 16 YEARS - 150 YEARS'],[nan],,
359,OCQ670,3,Early Mornings,['Which of the following best describes your overall work schedule (include all jobs) for the last three months?'],['Both males and females 16 YEARS - 150 YEARS'],[nan],,
360,OCQ670,5,"Variable (Early Mornings, Days, And Nights)",['Which of the following best describes your overall work schedule (include all jobs) for the last three months?'],['Both males and females 16 YEARS - 150 YEARS'],[nan],,
361,OCQ670,7,Refused,['Which of the following best describes your overall work schedule (include all jobs) for the last three months?'],['Both males and females 16 YEARS - 150 YEARS'],[nan],,
362,OCQ670,9,Don'T Know,['Which of the following best describes your overall work schedule (include all jobs) for the last three months?'],['Both males and females 16 YEARS - 150 YEARS'],[nan],,
363,OCQ670,.,Missing,['Which of the following best describes your overall work schedule (include all jobs) for the last three months?'],['Both males and females 16 YEARS - 150 YEARS'],[nan],,
364,OCQ215,1 To 7,Range Of Values,['How many days per week {do you/does SP} usually work?'],['Both males and females 16 YEARS - 150 YEARS'],[nan],,
365,OCQ215,77,Refused,['How many days per week {do you/does SP} usually work?'],['Both males and females 16 YEARS - 150 YEARS'],[nan],,
366,OCQ215,99,Don'T Know,['How many days per week {do you/does SP} usually work?'],['Both males and females 16 YEARS - 150 YEARS'],[nan],,
367,OCQ215,.,Missing,['How many days per week {do you/does SP} usually work?'],['Both males and females 16 YEARS - 150 YEARS'],[nan],,
368,OCQ383,1,Taking Care Of House Or Family,['(SP Interview Version) What is the main reason {you/SP} did not work last week? (Family Interview Version) What is the main reason {you/NON-SP HEAD/NON-SP SPOUSE} did not work last week?'],['Both males and females 16 YEARS - 150 YEARS'],[nan],,
369,OCQ383,2,Going To School,['(SP Interview Version) What is the main reason {you/SP} did not work last week? (Family Interview Version) What is the main reason {you/NON-SP HEAD/NON-SP SPOUSE} did not work last week?'],['Both males and females 16 YEARS - 150 YEARS'],[nan],,
370,OCQ383,3,Retired,['(SP Interview Version) What is the main reason {you/SP} did not work last week? (Family Interview Version) What is the main reason {you/NON-SP HEAD/NON-SP SPOUSE} did not work last week?'],['Both males and females 16 YEARS - 150 YEARS'],[nan],,
371,OCQ383,4,Unable To Work For Health Reasons/Disabled,['(SP Interview Version) What is the main reason {you/SP} did not work last week? (Family Interview Version) What is the main reason {you/NON-SP HEAD/NON-SP SPOUSE} did not work last week?'],['Both males and females 16 YEARS - 150 YEARS'],[nan],,
372,OCQ383,5,Can'T Find Work/On Layoff,['(SP Interview Version) What is the main reason {you/SP} did not work last week? (Family Interview Version) What is the main reason {you/NON-SP HEAD/NON-SP SPOUSE} did not work last week?'],['Both males and females 16 YEARS - 150 YEARS'],[nan],,
373,OCQ383,6,Seasonal/Contract Work,['(SP Interview Version) What is the main reason {you/SP} did not work last week? (Family Interview Version) What is the main reason {you/NON-SP HEAD/NON-SP SPOUSE} did not work last week?'],['Both males and females 16 YEARS - 150 YEARS'],[nan],,
374,OCQ383,7,Other,['(SP Interview Version) What is the main reason {you/SP} did not work last week? (Family Interview Version) What is the main reason {you/NON-SP HEAD/NON-SP SPOUSE} did not work last week?'],['Both males and females 16 YEARS - 150 YEARS'],[nan],,
375,OCQ383,77,Refused,['(SP Interview Version) What is the main reason {you/SP} did not work last week? (Family Interview Version) What is the main reason {you/NON-SP HEAD/NON-SP SPOUSE} did not work last week?'],['Both males and females 16 YEARS - 150 YEARS'],[nan],,
376,OCQ383,99,Don'T Know,['(SP Interview Version) What is the main reason {you/SP} did not work last week? (Family Interview Version) What is the main reason {you/NON-SP HEAD/NON-SP SPOUSE} did not work last week?'],['Both males and females 16 YEARS - 150 YEARS'],[nan],,
377,OCQ383,.,Missing,['(SP Interview Version) What is the main reason {you/SP} did not work last week? (Family Interview Version) What is the main reason {you/NON-SP HEAD/NON-SP SPOUSE} did not work last week?'],['Both males and females 16 YEARS - 150 YEARS'],[nan],,
378,OCQ130,1,"5 Or Fewer Hours,",['The next question is about work at a job or business. On the average how many hours per week does {SP} work in a paid or unpaid job? Would you say . . .'],['Both males and females 12 YEARS - 15 YEARS'],[nan],,
379,OCQ130,2,"6 To 9 Hours,",['The next question is about work at a job or business. On the average how many hours per week does {SP} work in a paid or unpaid job? Would you say . . .'],['Both males and females 12 YEARS - 15 YEARS'],[nan],,
380,OCQ130,3,"10 To 14 Hours,",['The next question is about work at a job or business. On the average how many hours per week does {SP} work in a paid or unpaid job? Would you say . . .'],['Both males and females 12 YEARS - 15 YEARS'],[nan],,
381,OCQ130,4,"15 To 19 Hours,",['The next question is about work at a job or business. On the average how many hours per week does {SP} work in a paid or unpaid job? Would you say . . .'],['Both males and females 12 YEARS - 15 YEARS'],[nan],,
382,OCQ130,5,"20 To 24 Hours, Or",['The next question is about work at a job or business. On the average how many hours per week does {SP} work in a paid or unpaid job? Would you say . . .'],['Both males and females 12 YEARS - 15 YEARS'],[nan],,
383,OCQ130,6,25 Or More Hours?,['The next question is about work at a job or business. On the average how many hours per week does {SP} work in a paid or unpaid job? Would you say . . .'],['Both males and females 12 YEARS - 15 YEARS'],[nan],,
384,OCQ130,7,None,['The next question is about work at a job or business. On the average how many hours per week does {SP} work in a paid or unpaid job? Would you say . . .'],['Both males and females 12 YEARS - 15 YEARS'],[nan],,
385,OCQ130,77,Refused,['The next question is about work at a job or business. On the average how many hours per week does {SP} work in a paid or unpaid job? Would you say . . .'],['Both males and females 12 YEARS - 15 YEARS'],[nan],,
386,OCQ130,99,Don'T Know,['The next question is about work at a job or business. On the average how many hours per week does {SP} work in a paid or unpaid job? Would you say . . .'],['Both males and females 12 YEARS - 15 YEARS'],[nan],,
387,OCQ130,.,Missing,['The next question is about work at a job or business. On the average how many hours per week does {SP} work in a paid or unpaid job? Would you say . . .'],['Both males and females 12 YEARS - 15 YEARS'],[nan],,
388,OCQ140,,,[nan],['Both males and females 0 YEARS - 150 YEARS'],[nan],,
389,OCQ150,1,"Working At A Job Or Business,",['(SP Interview Version) In this part of the survey I will ask you questions about {your/SPs} work experience. Which of the following {were you/was SP} doing last week . . . (Family Interview Version) The next questions are about {your/NON-SP HEADS/NON- SP SPOUSES} current job or business. Which of the following {were you/was} {NON-SP HEAD/NON-SP SPOUSE} doing last week . . .'],['Both males and females 16 YEARS - 150 YEARS'],[nan],,
390,OCQ150,2,"With A Job Or Business But Not At Work,",['(SP Interview Version) In this part of the survey I will ask you questions about {your/SPs} work experience. Which of the following {were you/was SP} doing last week . . . (Family Interview Version) The next questions are about {your/NON-SP HEADS/NON- SP SPOUSES} current job or business. Which of the following {were you/was} {NON-SP HEAD/NON-SP SPOUSE} doing last week . . .'],['Both males and females 16 YEARS - 150 YEARS'],[nan],,
391,OCQ150,3,"Looking For Work, Or",['(SP Interview Version) In this part of the survey I will ask you questions about {your/SPs} work experience. Which of the following {were you/was SP} doing last week . . . (Family Interview Version) The next questions are about {your/NON-SP HEADS/NON- SP SPOUSES} current job or business. Which of the following {were you/was} {NON-SP HEAD/NON-SP SPOUSE} doing last week . . .'],['Both males and females 16 YEARS - 150 YEARS'],[nan],,
392,OCQ150,4,Not Working At A Job Or Business?,['(SP Interview Version) In this part of the survey I will ask you questions about {your/SPs} work experience. Which of the following {were you/was SP} doing last week . . . (Family Interview Version) The next questions are about {your/NON-SP HEADS/NON- SP SPOUSES} current job or business. Which of the following {were you/was} {NON-SP HEAD/NON-SP SPOUSE} doing last week . . .'],['Both males and females 16 YEARS - 150 YEARS'],[nan],,
393,OCQ150,7,Refused,['(SP Interview Version) In this part of the survey I will ask you questions about {your/SPs} work experience. Which of the following {were you/was SP} doing last week . . . (Family Interview Version) The next questions are about {your/NON-SP HEADS/NON- SP SPOUSES} current job or business. Which of the following {were you/was} {NON-SP HEAD/NON-SP SPOUSE} doing last week . . .'],['Both males and females 16 YEARS - 150 YEARS'],[nan],,
394,OCQ150,9,Don'T Know,['(SP Interview Version) In this part of the survey I will ask you questions about {your/SPs} work experience. Which of the following {were you/was SP} doing last week . . . (Family Interview Version) The next questions are about {your/NON-SP HEADS/NON- SP SPOUSES} current job or business. Which of the following {were you/was} {NON-SP HEAD/NON-SP SPOUSE} doing last week . . .'],['Both males and females 16 YEARS - 150 YEARS'],[nan],,
395,OCQ150,.,Missing,['(SP Interview Version) In this part of the survey I will ask you questions about {your/SPs} work experience. Which of the following {were you/was SP} doing last week . . . (Family Interview Version) The next questions are about {your/NON-SP HEADS/NON- SP SPOUSES} current job or business. Which of the following {were you/was} {NON-SP HEAD/NON-SP SPOUSE} doing last week . . .'],['Both males and females 16 YEARS - 150 YEARS'],[nan],,
396,OCQ160,1,Yes,['(SP Interview Version) Did {you/SP} do any work at a job or business at all last week [include unpaid work in a family farm or business]?  (Family Interview Version) Did {you/NON-SP HEAD/NON-SP SPOUSE} do any work at a job or business at all last week ( include unpaid work in a family farm or business)?'],['Both males and females 16 YEARS - 150 YEARS'],[nan],,
397,OCQ160,2,No,['(SP Interview Version) Did {you/SP} do any work at a job or business at all last week [include unpaid work in a family farm or business]?  (Family Interview Version) Did {you/NON-SP HEAD/NON-SP SPOUSE} do any work at a job or business at all last week ( include unpaid work in a family farm or business)?'],['Both males and females 16 YEARS - 150 YEARS'],[nan],,
398,OCQ160,7,Refused,['(SP Interview Version) Did {you/SP} do any work at a job or business at all last week [include unpaid work in a family farm or business]?  (Family Interview Version) Did {you/NON-SP HEAD/NON-SP SPOUSE} do any work at a job or business at all last week ( include unpaid work in a family farm or business)?'],['Both males and females 16 YEARS - 150 YEARS'],[nan],,
399,OCQ160,9,Don'T Know,['(SP Interview Version) Did {you/SP} do any work at a job or business at all last week [include unpaid work in a family farm or business]?  (Family Interview Version) Did {you/NON-SP HEAD/NON-SP SPOUSE} do any work at a job or business at all last week ( include unpaid work in a family farm or business)?'],['Both males and females 16 YEARS - 150 YEARS'],[nan],,
400,OCQ160,.,Missing,['(SP Interview Version) Did {you/SP} do any work at a job or business at all last week [include unpaid work in a family farm or business]?  (Family Interview Version) Did {you/NON-SP HEAD/NON-SP SPOUSE} do any work at a job or business at all last week ( include unpaid work in a family farm or business)?'],['Both males and females 16 YEARS - 150 YEARS'],[nan],,
401,OCQ170,,,[nan],['Both males and females 16 YEARS - 150 YEARS'],[nan],,
402,OCQ190,,,[nan],['Both males and females 0 YEARS - 150 YEARS'],[nan],,
403,OCQ280,1,Yes,['Was health insurance offered to {you/SP} through this job or business?'],['Both males and females 16 YEARS - 150 YEARS'],[nan],,
404,OCQ280,2,No,['Was health insurance offered to {you/SP} through this job or business?'],['Both males and females 16 YEARS - 150 YEARS'],[nan],,
405,OCQ280,7,Refused,['Was health insurance offered to {you/SP} through this job or business?'],['Both males and females 16 YEARS - 150 YEARS'],[nan],,
406,OCQ280,9,Don'T Know,['Was health insurance offered to {you/SP} through this job or business?'],['Both males and females 16 YEARS - 150 YEARS'],[nan],,
407,OCQ280,.,Missing,['Was health insurance offered to {you/SP} through this job or business?'],['Both males and females 16 YEARS - 150 YEARS'],[nan],,
408,OCQ300,1,Yes,['In this job {do you/does SP} ever wear protective equipment?'],['Both males and females 16 YEARS - 150 YEARS'],[nan],,
409,OCQ300,2,No,['In this job {do you/does SP} ever wear protective equipment?'],['Both males and females 16 YEARS - 150 YEARS'],[nan],,
410,OCQ300,7,Refused,['In this job {do you/does SP} ever wear protective equipment?'],['Both males and females 16 YEARS - 150 YEARS'],[nan],,
411,OCQ300,9,Don'T Know,['In this job {do you/does SP} ever wear protective equipment?'],['Both males and females 16 YEARS - 150 YEARS'],[nan],,
412,OCQ300,.,Missing,['In this job {do you/does SP} ever wear protective equipment?'],['Both males and females 16 YEARS - 150 YEARS'],[nan],,
413,OCQ310a,1,Yes,['{Do you/Does SP} ever wear . . .a respirator?'],['Both males and females 16 YEARS - 150 YEARS'],[nan],,
414,OCQ310a,2,No,['{Do you/Does SP} ever wear . . .a respirator?'],['Both males and females 16 YEARS - 150 YEARS'],[nan],,
415,OCQ310a,7,Refused,['{Do you/Does SP} ever wear . . .a respirator?'],['Both males and females 16 YEARS - 150 YEARS'],[nan],,
416,OCQ310a,9,Don'T Know,['{Do you/Does SP} ever wear . . .a respirator?'],['Both males and females 16 YEARS - 150 YEARS'],[nan],,
417,OCQ310a,.,Missing,['{Do you/Does SP} ever wear . . .a respirator?'],['Both males and females 16 YEARS - 150 YEARS'],[nan],,
418,OCQ310b,1,Yes,['[(Do you/Does SP) ever wear]... protective hearing devices?'],['Both males and females 16 YEARS - 150 YEARS'],[nan],,
419,OCQ310b,2,No,['[(Do you/Does SP) ever wear]... protective hearing devices?'],['Both males and females 16 YEARS - 150 YEARS'],[nan],,
420,OCQ310b,7,Refused,['[(Do you/Does SP) ever wear]... protective hearing devices?'],['Both males and females 16 YEARS - 150 YEARS'],[nan],,
421,OCQ310b,9,Don'T Know,['[(Do you/Does SP) ever wear]... protective hearing devices?'],['Both males and females 16 YEARS - 150 YEARS'],[nan],,
422,OCQ310b,.,Missing,['[(Do you/Does SP) ever wear]... protective hearing devices?'],['Both males and females 16 YEARS - 150 YEARS'],[nan],,
423,OCQ310c,1,Yes,['[(Do you/Does SP) ever wear]... protective gloves other than those for cold weather (protective gloves include special gloves to protect your hands against chemicals cuts tears punctures heat flame subzero cold biological or body fluids)?'],['Both males and females 16 YEARS - 150 YEARS'],[nan],,
424,OCQ310c,2,No,['[(Do you/Does SP) ever wear]... protective gloves other than those for cold weather (protective gloves include special gloves to protect your hands against chemicals cuts tears punctures heat flame subzero cold biological or body fluids)?'],['Both males and females 16 YEARS - 150 YEARS'],[nan],,
425,OCQ310c,7,Refused,['[(Do you/Does SP) ever wear]... protective gloves other than those for cold weather (protective gloves include special gloves to protect your hands against chemicals cuts tears punctures heat flame subzero cold biological or body fluids)?'],['Both males and females 16 YEARS - 150 YEARS'],[nan],,
426,OCQ310c,9,Don'T Know,['[(Do you/Does SP) ever wear]... protective gloves other than those for cold weather (protective gloves include special gloves to protect your hands against chemicals cuts tears punctures heat flame subzero cold biological or body fluids)?'],['Both males and females 16 YEARS - 150 YEARS'],[nan],,
427,OCQ310c,.,Missing,['[(Do you/Does SP) ever wear]... protective gloves other than those for cold weather (protective gloves include special gloves to protect your hands against chemicals cuts tears punctures heat flame subzero cold biological or body fluids)?'],['Both males and females 16 YEARS - 150 YEARS'],[nan],,
428,OCQ320,,,[nan],['Both males and females 0 YEARS - 150 YEARS'],[nan],,
429,OCQ330a,1,"Latex Rubber,",['Are these gloves made of . . .'],['Both males and females 16 YEARS - 150 YEARS'],[nan],,
430,OCQ330a,7,Refused,['Are these gloves made of . . .'],['Both males and females 16 YEARS - 150 YEARS'],[nan],,
431,OCQ330a,9,Don'T Know,['Are these gloves made of . . .'],['Both males and females 16 YEARS - 150 YEARS'],[nan],,
432,OCQ330a,.,Missing,['Are these gloves made of . . .'],['Both males and females 16 YEARS - 150 YEARS'],[nan],,
433,OCQ330b,2,"Leather,",['Are these gloves made of . . .'],['Both males and females 16 YEARS - 150 YEARS'],[nan],,
434,OCQ330b,.,Missing,['Are these gloves made of . . .'],['Both males and females 16 YEARS - 150 YEARS'],[nan],,
435,OCQ330c,3,"Vinyl,",['Are these gloves made of . . .'],['Both males and females 16 YEARS - 150 YEARS'],[nan],,
436,OCQ330c,.,Missing,['Are these gloves made of . . .'],['Both males and females 16 YEARS - 150 YEARS'],[nan],,
437,OCQ330d,4,"Cloth, Or",['Are these gloves made of . . .'],['Both males and females 16 YEARS - 150 YEARS'],[nan],,
438,OCQ330d,.,Missing,['Are these gloves made of . . .'],['Both males and females 16 YEARS - 150 YEARS'],[nan],,
439,OCQ330e,5,Something Else?,['Are these gloves made of . . .'],['Both males and females 16 YEARS - 150 YEARS'],[nan],,
440,OCQ330e,.,Missing,['Are these gloves made of . . .'],['Both males and females 16 YEARS - 150 YEARS'],[nan],,
441,OCQ390G,1,Enter Occupation,['Thinking of all the paid jobs or businesses {you/SP} ever had what kind of work {were you/was s/he} doing the longest? (For example electrical engineer stock clerk typist farmer.)'],['Both males and females 16 YEARS - 150 YEARS'],[nan],,
442,OCQ390G,2,Same As Current Occupation,['Thinking of all the paid jobs or businesses {you/SP} ever had what kind of work {were you/was s/he} doing the longest? (For example electrical engineer stock clerk typist farmer.)'],['Both males and females 16 YEARS - 150 YEARS'],[nan],,
443,OCQ390G,3,Armed Forces,['Thinking of all the paid jobs or businesses {you/SP} ever had what kind of work {were you/was s/he} doing the longest? (For example electrical engineer stock clerk typist farmer.)'],['Both males and females 16 YEARS - 150 YEARS'],[nan],,
444,OCQ390G,4,Never Worked,['Thinking of all the paid jobs or businesses {you/SP} ever had what kind of work {were you/was s/he} doing the longest? (For example electrical engineer stock clerk typist farmer.)'],['Both males and females 16 YEARS - 150 YEARS'],[nan],,
445,OCQ390G,7,Refused,['Thinking of all the paid jobs or businesses {you/SP} ever had what kind of work {were you/was s/he} doing the longest? (For example electrical engineer stock clerk typist farmer.)'],['Both males and females 16 YEARS - 150 YEARS'],[nan],,
446,OCQ390G,9,Don'T Know,['Thinking of all the paid jobs or businesses {you/SP} ever had what kind of work {were you/was s/he} doing the longest? (For example electrical engineer stock clerk typist farmer.)'],['Both males and females 16 YEARS - 150 YEARS'],[nan],,
447,OCQ390G,.,Missing,['Thinking of all the paid jobs or businesses {you/SP} ever had what kind of work {were you/was s/he} doing the longest? (For example electrical engineer stock clerk typist farmer.)'],['Both males and females 16 YEARS - 150 YEARS'],[nan],,
448,OCD383,1,Taking Care Of House Or Family,['What is the main reason {you/SP} did not work last week?'],['Both males and females 16 YEARS - 150 YEARS'],[nan],,
449,OCD383,2,Going To School,['What is the main reason {you/SP} did not work last week?'],['Both males and females 16 YEARS - 150 YEARS'],[nan],,
450,OCD383,3,Retired,['What is the main reason {you/SP} did not work last week?'],['Both males and females 16 YEARS - 150 YEARS'],[nan],,
451,OCD383,4,Unable To Work For Health Reasons/Disabled,['What is the main reason {you/SP} did not work last week?'],['Both males and females 16 YEARS - 150 YEARS'],[nan],,
452,OCD383,7,Other,['What is the main reason {you/SP} did not work last week?'],['Both males and females 16 YEARS - 150 YEARS'],[nan],,
453,OCD383,77,Refused,['What is the main reason {you/SP} did not work last week?'],['Both males and females 16 YEARS - 150 YEARS'],[nan],,
454,OCD383,99,Don'T Know,['What is the main reason {you/SP} did not work last week?'],['Both males and females 16 YEARS - 150 YEARS'],[nan],,
455,OCD383,.,Missing,['What is the main reason {you/SP} did not work last week?'],['Both males and females 16 YEARS - 150 YEARS'],[nan],,
