,Column,Code,Label,English_Text,Target,English_Instructions,Class,Other For
0,SEQN,,,['Respondent sequence number.'],"['Both males and females 0 YEARS - 150 YEARS', 'Both males and females 0 YEARS - 120 YEARS']",[nan],,
1,DBQ010,1,Yes,"['Now Im going to ask you some general questions about {SPs} eating habits. Was {SP} ever breastfed or fed breastmilk?', 'Now Im going to ask you some general questions about {SPs}  eating habits. Was {SP} ever breastfed or fed breastmilk?']",['Both males and females 0 YEARS - 6 YEARS'],[nan],,
2,DBQ010,2,No,"['Now Im going to ask you some general questions about {SPs} eating habits. Was {SP} ever breastfed or fed breastmilk?', 'Now Im going to ask you some general questions about {SPs}  eating habits. Was {SP} ever breastfed or fed breastmilk?']",['Both males and females 0 YEARS - 6 YEARS'],[nan],,
3,DBQ010,7,Refused,"['Now Im going to ask you some general questions about {SPs} eating habits. Was {SP} ever breastfed or fed breastmilk?', 'Now Im going to ask you some general questions about {SPs}  eating habits. Was {SP} ever breastfed or fed breastmilk?']",['Both males and females 0 YEARS - 6 YEARS'],[nan],,
4,DBQ010,9,Don'T Know,"['Now Im going to ask you some general questions about {SPs} eating habits. Was {SP} ever breastfed or fed breastmilk?', 'Now Im going to ask you some general questions about {SPs}  eating habits. Was {SP} ever breastfed or fed breastmilk?']",['Both males and females 0 YEARS - 6 YEARS'],[nan],,
5,DBQ010,.,Missing,"['Now Im going to ask you some general questions about {SPs} eating habits. Was {SP} ever breastfed or fed breastmilk?', 'Now Im going to ask you some general questions about {SPs}  eating habits. Was {SP} ever breastfed or fed breastmilk?']",['Both males and females 0 YEARS - 6 YEARS'],[nan],,
6,DBD020,1 To 547,Range Of Values,"['How old was {SP} when {he/she} was first fed something other than breastmilk or water?', 'How old was {SP} when {he/she} was first fed something other  than breastmilk or water?']",['Both males and females 0 YEARS - 6 YEARS'],[nan],,
7,DBD020,0,Never,"['How old was {SP} when {he/she} was first fed something other than breastmilk or water?', 'How old was {SP} when {he/she} was first fed something other  than breastmilk or water?']",['Both males and females 0 YEARS - 6 YEARS'],[nan],,
8,DBD020,777777,Refused,"['How old was {SP} when {he/she} was first fed something other than breastmilk or water?', 'How old was {SP} when {he/she} was first fed something other  than breastmilk or water?']",['Both males and females 0 YEARS - 6 YEARS'],[nan],,
9,DBD020,999999,Don'T Know,"['How old was {SP} when {he/she} was first fed something other than breastmilk or water?', 'How old was {SP} when {he/she} was first fed something other  than breastmilk or water?']",['Both males and females 0 YEARS - 6 YEARS'],[nan],,
10,DBD020,.,Missing,"['How old was {SP} when {he/she} was first fed something other than breastmilk or water?', 'How old was {SP} when {he/she} was first fed something other  than breastmilk or water?']",['Both males and females 0 YEARS - 6 YEARS'],[nan],,
11,DBD020,1 To 577,Range Of Values,"['How old was {SP} when {he/she} was first fed something other than breastmilk or water?', 'How old was {SP} when {he/she} was first fed something other  than breastmilk or water?']",['Both males and females 0 YEARS - 6 YEARS'],[nan],,
12,DBD020,1 To 730,Range Of Values,"['How old was {SP} when {he/she} was first fed something other than breastmilk or water?', 'How old was {SP} when {he/she} was first fed something other  than breastmilk or water?']",['Both males and females 0 YEARS - 6 YEARS'],[nan],,
13,DBD030,1 To 1460,Range Of Values,"['How old was {SP} when {he/she} completely stopped breastfeeding or being fed breastmilk?', 'How old was {SP} when {he/she} completely stopped  breastfeeding or being fed breastmilk?', 'How old was {SP} when {he/she} completely stopped breastfeeding or being fed breastmilk? (Days)']",['Both males and females 0 YEARS - 6 YEARS'],[nan],,
14,DBD030,0,Still Breastfeeding,"['How old was {SP} when {he/she} completely stopped breastfeeding or being fed breastmilk?', 'How old was {SP} when {he/she} completely stopped  breastfeeding or being fed breastmilk?', 'How old was {SP} when {he/she} completely stopped breastfeeding or being fed breastmilk? (Days)']",['Both males and females 0 YEARS - 6 YEARS'],[nan],,
15,DBD030,777777,Refused,"['How old was {SP} when {he/she} completely stopped breastfeeding or being fed breastmilk?', 'How old was {SP} when {he/she} completely stopped  breastfeeding or being fed breastmilk?', 'How old was {SP} when {he/she} completely stopped breastfeeding or being fed breastmilk? (Days)']",['Both males and females 0 YEARS - 6 YEARS'],[nan],,
16,DBD030,999999,Don'T Know,"['How old was {SP} when {he/she} completely stopped breastfeeding or being fed breastmilk?', 'How old was {SP} when {he/she} completely stopped  breastfeeding or being fed breastmilk?', 'How old was {SP} when {he/she} completely stopped breastfeeding or being fed breastmilk? (Days)']",['Both males and females 0 YEARS - 6 YEARS'],[nan],,
17,DBD030,.,Missing,"['How old was {SP} when {he/she} completely stopped breastfeeding or being fed breastmilk?', 'How old was {SP} when {he/she} completely stopped  breastfeeding or being fed breastmilk?', 'How old was {SP} when {he/she} completely stopped breastfeeding or being fed breastmilk? (Days)']",['Both males and females 0 YEARS - 6 YEARS'],[nan],,
18,DBD030,1 To 1368,Range Of Values,"['How old was {SP} when {he/she} completely stopped breastfeeding or being fed breastmilk?', 'How old was {SP} when {he/she} completely stopped  breastfeeding or being fed breastmilk?', 'How old was {SP} when {he/she} completely stopped breastfeeding or being fed breastmilk? (Days)']",['Both males and females 0 YEARS - 6 YEARS'],[nan],,
19,DBD030,1 To 2190,Range Of Values,"['How old was {SP} when {he/she} completely stopped breastfeeding or being fed breastmilk?', 'How old was {SP} when {he/she} completely stopped  breastfeeding or being fed breastmilk?', 'How old was {SP} when {he/she} completely stopped breastfeeding or being fed breastmilk? (Days)']",['Both males and females 0 YEARS - 6 YEARS'],[nan],,
20,DBD030,1 To 1095,Range Of Values,"['How old was {SP} when {he/she} completely stopped breastfeeding or being fed breastmilk?', 'How old was {SP} when {he/she} completely stopped  breastfeeding or being fed breastmilk?', 'How old was {SP} when {he/she} completely stopped breastfeeding or being fed breastmilk? (Days)']",['Both males and females 0 YEARS - 6 YEARS'],[nan],,
21,DBD030,666666,More Than 1095 Days (3-Year) Old,"['How old was {SP} when {he/she} completely stopped breastfeeding or being fed breastmilk?', 'How old was {SP} when {he/she} completely stopped  breastfeeding or being fed breastmilk?', 'How old was {SP} when {he/she} completely stopped breastfeeding or being fed breastmilk? (Days)']",['Both males and females 0 YEARS - 6 YEARS'],[nan],,
22,DBD040,1 To 547,Range Of Values,"['How old was {SP} when {he/she} was first fed formula on a daily basis?', 'How old was {SP} when {he/she} was first fed formula on a  daily basis?']",['Both males and females 0 YEARS - 6 YEARS'],[nan],,
23,DBD040,0,Never On A Daily Basis,"['How old was {SP} when {he/she} was first fed formula on a daily basis?', 'How old was {SP} when {he/she} was first fed formula on a  daily basis?']",['Both males and females 0 YEARS - 6 YEARS'],[nan],,
24,DBD040,777777,Refused,"['How old was {SP} when {he/she} was first fed formula on a daily basis?', 'How old was {SP} when {he/she} was first fed formula on a  daily basis?']",['Both males and females 0 YEARS - 6 YEARS'],[nan],,
25,DBD040,999999,Don'T Know,"['How old was {SP} when {he/she} was first fed formula on a daily basis?', 'How old was {SP} when {he/she} was first fed formula on a  daily basis?']",['Both males and females 0 YEARS - 6 YEARS'],[nan],,
26,DBD040,.,Missing,"['How old was {SP} when {he/she} was first fed formula on a daily basis?', 'How old was {SP} when {he/she} was first fed formula on a  daily basis?']",['Both males and females 0 YEARS - 6 YEARS'],[nan],,
27,DBD040,1 To 456,Range Of Values,"['How old was {SP} when {he/she} was first fed formula on a daily basis?', 'How old was {SP} when {he/she} was first fed formula on a  daily basis?']",['Both males and females 0 YEARS - 6 YEARS'],[nan],,
28,DBD040,1 To 730,Range Of Values,"['How old was {SP} when {he/she} was first fed formula on a daily basis?', 'How old was {SP} when {he/she} was first fed formula on a  daily basis?']",['Both males and females 0 YEARS - 6 YEARS'],[nan],,
29,DBD050,1 To 1460,Range Of Values,"['How old was {SP} when {he/she} completely stopped drinking formula?', 'How old was {SP} when {he/she} completely stopped drinking  formula?', 'How old was {SP} when {he/she} completely stopped drinking formula? (Days)']",['Both males and females 0 YEARS - 6 YEARS'],[nan],,
30,DBD050,0,Still Drinking Formula,"['How old was {SP} when {he/she} completely stopped drinking formula?', 'How old was {SP} when {he/she} completely stopped drinking  formula?', 'How old was {SP} when {he/she} completely stopped drinking formula? (Days)']",['Both males and females 0 YEARS - 6 YEARS'],[nan],,
31,DBD050,777777,Refused,"['How old was {SP} when {he/she} completely stopped drinking formula?', 'How old was {SP} when {he/she} completely stopped drinking  formula?', 'How old was {SP} when {he/she} completely stopped drinking formula? (Days)']",['Both males and females 0 YEARS - 6 YEARS'],[nan],,
32,DBD050,999999,Don'T Know,"['How old was {SP} when {he/she} completely stopped drinking formula?', 'How old was {SP} when {he/she} completely stopped drinking  formula?', 'How old was {SP} when {he/she} completely stopped drinking formula? (Days)']",['Both males and females 0 YEARS - 6 YEARS'],[nan],,
33,DBD050,.,Missing,"['How old was {SP} when {he/she} completely stopped drinking formula?', 'How old was {SP} when {he/she} completely stopped drinking  formula?', 'How old was {SP} when {he/she} completely stopped drinking formula? (Days)']",['Both males and females 0 YEARS - 6 YEARS'],[nan],,
34,DBD050,1 To 1825,Range Of Values,"['How old was {SP} when {he/she} completely stopped drinking formula?', 'How old was {SP} when {he/she} completely stopped drinking  formula?', 'How old was {SP} when {he/she} completely stopped drinking formula? (Days)']",['Both males and females 0 YEARS - 6 YEARS'],[nan],,
35,DBD050,1 To 1095,Range Of Values,"['How old was {SP} when {he/she} completely stopped drinking formula?', 'How old was {SP} when {he/she} completely stopped drinking  formula?', 'How old was {SP} when {he/she} completely stopped drinking formula? (Days)']",['Both males and females 0 YEARS - 6 YEARS'],[nan],,
36,DBD050,666666,More Than 1095 Days (3-Year) Old,"['How old was {SP} when {he/she} completely stopped drinking formula?', 'How old was {SP} when {he/she} completely stopped drinking  formula?', 'How old was {SP} when {he/she} completely stopped drinking formula? (Days)']",['Both males and females 0 YEARS - 6 YEARS'],[nan],,
37,DBD050,2 To 1095,Range Of Values,"['How old was {SP} when {he/she} completely stopped drinking formula?', 'How old was {SP} when {he/she} completely stopped drinking  formula?', 'How old was {SP} when {he/she} completely stopped drinking formula? (Days)']",['Both males and females 0 YEARS - 6 YEARS'],[nan],,
38,DBD060,1 To 1825,Range Of Values,"['How old was {SP} when {he/she} was first fed milk on a daily basis?', 'How old was {SP} when {he/she} was first fed milk on a daily  basis?']",['Both males and females 0 YEARS - 6 YEARS'],[nan],,
39,DBD060,0,Never On A Daily Basis,"['How old was {SP} when {he/she} was first fed milk on a daily basis?', 'How old was {SP} when {he/she} was first fed milk on a daily  basis?']",['Both males and females 0 YEARS - 6 YEARS'],[nan],,
40,DBD060,777777,Refused,"['How old was {SP} when {he/she} was first fed milk on a daily basis?', 'How old was {SP} when {he/she} was first fed milk on a daily  basis?']",['Both males and females 0 YEARS - 6 YEARS'],[nan],,
41,DBD060,999999,Don'T Know,"['How old was {SP} when {he/she} was first fed milk on a daily basis?', 'How old was {SP} when {he/she} was first fed milk on a daily  basis?']",['Both males and females 0 YEARS - 6 YEARS'],[nan],,
42,DBD060,.,Missing,"['How old was {SP} when {he/she} was first fed milk on a daily basis?', 'How old was {SP} when {he/she} was first fed milk on a daily  basis?']",['Both males and females 0 YEARS - 6 YEARS'],[nan],,
43,DBD060,1 To 1460,Range Of Values,"['How old was {SP} when {he/she} was first fed milk on a daily basis?', 'How old was {SP} when {he/she} was first fed milk on a daily  basis?']",['Both males and females 0 YEARS - 6 YEARS'],[nan],,
44,DBD071a,10,"Whole Or Regular,",['What type of milk was {SP} first fed on a daily basis? Was it . . .'],['Both males and females 0 YEARS - 6 YEARS'],[nan],,
45,DBD071a,77,Refused,['What type of milk was {SP} first fed on a daily basis? Was it . . .'],['Both males and females 0 YEARS - 6 YEARS'],[nan],,
46,DBD071a,99,Don'T Know,['What type of milk was {SP} first fed on a daily basis? Was it . . .'],['Both males and females 0 YEARS - 6 YEARS'],[nan],,
47,DBD071a,.,Missing,['What type of milk was {SP} first fed on a daily basis? Was it . . .'],['Both males and females 0 YEARS - 6 YEARS'],[nan],,
48,DBD071c,12,"1% Fat Milk,",['What type of milk was {SP} first fed on a daily basis? Was it . . .'],['Both males and females 0 YEARS - 6 YEARS'],[nan],,
49,DBD071c,.,Missing,['What type of milk was {SP} first fed on a daily basis? Was it . . .'],['Both males and females 0 YEARS - 6 YEARS'],[nan],,
50,DBD071d,13,"Skim, Nonfat, Or 0.5% Fat Milk (Includes Liquid Or Reconstituted From Dry)",['What type of milk was {SP} first fed on a daily basis? Was it . . .'],['Both males and females 0 YEARS - 6 YEARS'],[nan],,
51,DBD071d,.,Missing,['What type of milk was {SP} first fed on a daily basis? Was it . . .'],['Both males and females 0 YEARS - 6 YEARS'],[nan],,
52,DBD071u,30,Another Type?,['What type of milk was {SP} first fed on a daily basis? Was it . . .'],['Both males and females 0 YEARS - 6 YEARS'],[nan],,
53,DBD071u,.,Missing,['What type of milk was {SP} first fed on a daily basis? Was it . . .'],['Both males and females 0 YEARS - 6 YEARS'],[nan],,
54,DBD080,1 To 1095,Range Of Values,"['How old was {SP} when {he/she} started eating solid foods [such as strained foods like baby food or any other non-liquid foods] on a daily basis?', 'How old was {SP} when {he/she} started eating solid foods  [such as strained foods like baby food or any other non-liquid foods] on a  daily basis?']",['Both males and females 0 YEARS - 6 YEARS'],[nan],,
55,DBD080,0,Never On A Daily Basis,"['How old was {SP} when {he/she} started eating solid foods [such as strained foods like baby food or any other non-liquid foods] on a daily basis?', 'How old was {SP} when {he/she} started eating solid foods  [such as strained foods like baby food or any other non-liquid foods] on a  daily basis?']",['Both males and females 0 YEARS - 6 YEARS'],[nan],,
56,DBD080,777777,Refused,"['How old was {SP} when {he/she} started eating solid foods [such as strained foods like baby food or any other non-liquid foods] on a daily basis?', 'How old was {SP} when {he/she} started eating solid foods  [such as strained foods like baby food or any other non-liquid foods] on a  daily basis?']",['Both males and females 0 YEARS - 6 YEARS'],[nan],,
57,DBD080,999999,Don'T Know,"['How old was {SP} when {he/she} started eating solid foods [such as strained foods like baby food or any other non-liquid foods] on a daily basis?', 'How old was {SP} when {he/she} started eating solid foods  [such as strained foods like baby food or any other non-liquid foods] on a  daily basis?']",['Both males and females 0 YEARS - 6 YEARS'],[nan],,
58,DBD080,.,Missing,"['How old was {SP} when {he/she} started eating solid foods [such as strained foods like baby food or any other non-liquid foods] on a daily basis?', 'How old was {SP} when {he/she} started eating solid foods  [such as strained foods like baby food or any other non-liquid foods] on a  daily basis?']",['Both males and females 0 YEARS - 6 YEARS'],[nan],,
59,DBD080,4 To 730,Range Of Values,"['How old was {SP} when {he/she} started eating solid foods [such as strained foods like baby food or any other non-liquid foods] on a daily basis?', 'How old was {SP} when {he/she} started eating solid foods  [such as strained foods like baby food or any other non-liquid foods] on a  daily basis?']",['Both males and females 0 YEARS - 6 YEARS'],[nan],,
60,DBD080,3 To 730,Range Of Values,"['How old was {SP} when {he/she} started eating solid foods [such as strained foods like baby food or any other non-liquid foods] on a daily basis?', 'How old was {SP} when {he/she} started eating solid foods  [such as strained foods like baby food or any other non-liquid foods] on a  daily basis?']",['Both males and females 0 YEARS - 6 YEARS'],[nan],,
61,DBD085,,,"[nan, 'CHECK ITEM']","['Both males and females 0 YEARS - 150 YEARS', 'Both males and females 0 YEARS - 120 YEARS']",[nan],,
62,DBD090,1 To 21,Range Of Values,['{Next I have some general questions about {your/SPs} eating habits.} {First/Next} are questions about the kinds of food {you eat/SP eats}. On average how many times per week {do you/does SP} eat meals that were prepared in a restaurant?'],"['Both males and females 1 YEARS - 150 YEARS', 'Both males and females 1 YEARS - 120 YEARS']",[nan],,
63,DBD090,0,Never,['{Next I have some general questions about {your/SPs} eating habits.} {First/Next} are questions about the kinds of food {you eat/SP eats}. On average how many times per week {do you/does SP} eat meals that were prepared in a restaurant?'],"['Both males and females 1 YEARS - 150 YEARS', 'Both males and females 1 YEARS - 120 YEARS']",[nan],,
64,DBD090,6666,Less Than Weekly,['{Next I have some general questions about {your/SPs} eating habits.} {First/Next} are questions about the kinds of food {you eat/SP eats}. On average how many times per week {do you/does SP} eat meals that were prepared in a restaurant?'],"['Both males and females 1 YEARS - 150 YEARS', 'Both males and females 1 YEARS - 120 YEARS']",[nan],,
65,DBD090,7777,Refused,['{Next I have some general questions about {your/SPs} eating habits.} {First/Next} are questions about the kinds of food {you eat/SP eats}. On average how many times per week {do you/does SP} eat meals that were prepared in a restaurant?'],"['Both males and females 1 YEARS - 150 YEARS', 'Both males and females 1 YEARS - 120 YEARS']",[nan],,
66,DBD090,9999,Don'T Know,['{Next I have some general questions about {your/SPs} eating habits.} {First/Next} are questions about the kinds of food {you eat/SP eats}. On average how many times per week {do you/does SP} eat meals that were prepared in a restaurant?'],"['Both males and females 1 YEARS - 150 YEARS', 'Both males and females 1 YEARS - 120 YEARS']",[nan],,
67,DBD090,.,Missing,['{Next I have some general questions about {your/SPs} eating habits.} {First/Next} are questions about the kinds of food {you eat/SP eats}. On average how many times per week {do you/does SP} eat meals that were prepared in a restaurant?'],"['Both males and females 1 YEARS - 150 YEARS', 'Both males and females 1 YEARS - 120 YEARS']",[nan],,
68,DBD090,1 To 26,Range Of Values,['{Next I have some general questions about {your/SPs} eating habits.} {First/Next} are questions about the kinds of food {you eat/SP eats}. On average how many times per week {do you/does SP} eat meals that were prepared in a restaurant?'],"['Both males and females 1 YEARS - 150 YEARS', 'Both males and females 1 YEARS - 120 YEARS']",[nan],,
69,DBQ101,,,[nan],['Both males and females 1 YEARS - 150 YEARS'],[nan],,
70,DBD102,1 To 212,Range Of Values,['During the past 12 months how often per day per week per month or per year did {you/SP} eat dark green vegetables such as the food listed on this card?'],['Both males and females 2 YEARS - 150 YEARS'],[nan],,
71,DBD102,0,Never,['During the past 12 months how often per day per week per month or per year did {you/SP} eat dark green vegetables such as the food listed on this card?'],['Both males and females 2 YEARS - 150 YEARS'],[nan],,
72,DBD102,66666,Less Than Monthly,['During the past 12 months how often per day per week per month or per year did {you/SP} eat dark green vegetables such as the food listed on this card?'],['Both males and females 2 YEARS - 150 YEARS'],[nan],,
73,DBD102,77777,Refused,['During the past 12 months how often per day per week per month or per year did {you/SP} eat dark green vegetables such as the food listed on this card?'],['Both males and females 2 YEARS - 150 YEARS'],[nan],,
74,DBD102,99999,Don'T Know,['During the past 12 months how often per day per week per month or per year did {you/SP} eat dark green vegetables such as the food listed on this card?'],['Both males and females 2 YEARS - 150 YEARS'],[nan],,
75,DBD102,.,Missing,['During the past 12 months how often per day per week per month or per year did {you/SP} eat dark green vegetables such as the food listed on this card?'],['Both males and females 2 YEARS - 150 YEARS'],[nan],,
76,DBD103,1 To 212,Range Of Values,['During the past 12 months how often per day per week per month or per year did {you/SP} eat cooked dried beans or peas such as the food listed on this card?'],['Both males and females 2 YEARS - 150 YEARS'],[nan],,
77,DBD103,0,Never,['During the past 12 months how often per day per week per month or per year did {you/SP} eat cooked dried beans or peas such as the food listed on this card?'],['Both males and females 2 YEARS - 150 YEARS'],[nan],,
78,DBD103,66666,Less Than Monthly,['During the past 12 months how often per day per week per month or per year did {you/SP} eat cooked dried beans or peas such as the food listed on this card?'],['Both males and females 2 YEARS - 150 YEARS'],[nan],,
79,DBD103,77777,Refused,['During the past 12 months how often per day per week per month or per year did {you/SP} eat cooked dried beans or peas such as the food listed on this card?'],['Both males and females 2 YEARS - 150 YEARS'],[nan],,
80,DBD103,99999,Don'T Know,['During the past 12 months how often per day per week per month or per year did {you/SP} eat cooked dried beans or peas such as the food listed on this card?'],['Both males and females 2 YEARS - 150 YEARS'],[nan],,
81,DBD103,.,Missing,['During the past 12 months how often per day per week per month or per year did {you/SP} eat cooked dried beans or peas such as the food listed on this card?'],['Both males and females 2 YEARS - 150 YEARS'],[nan],,
82,DBD196,0,Never,['Now Im going to ask a few questions about milk products. Do not include their use in cooking. In the past 30 days how often did {you/SP} have milk to drink or on {your/his/her} cereal? Please include chocolate and other flavored milks as well as hot cocoa made with milk. Do not count small amounts of milk added to coffee or tea. Would you say...'],['Both males and females 1 YEARS - 150 YEARS'],[nan],,
83,DBD196,1,Rarely-Less Than Once A Week,['Now Im going to ask a few questions about milk products. Do not include their use in cooking. In the past 30 days how often did {you/SP} have milk to drink or on {your/his/her} cereal? Please include chocolate and other flavored milks as well as hot cocoa made with milk. Do not count small amounts of milk added to coffee or tea. Would you say...'],['Both males and females 1 YEARS - 150 YEARS'],[nan],,
84,DBD196,2,"Sometimes-Once A Week Or More, But Less Than Once A Day, Or",['Now Im going to ask a few questions about milk products. Do not include their use in cooking. In the past 30 days how often did {you/SP} have milk to drink or on {your/his/her} cereal? Please include chocolate and other flavored milks as well as hot cocoa made with milk. Do not count small amounts of milk added to coffee or tea. Would you say...'],['Both males and females 1 YEARS - 150 YEARS'],[nan],,
85,DBD196,3,Often-Once A Day Or More?,['Now Im going to ask a few questions about milk products. Do not include their use in cooking. In the past 30 days how often did {you/SP} have milk to drink or on {your/his/her} cereal? Please include chocolate and other flavored milks as well as hot cocoa made with milk. Do not count small amounts of milk added to coffee or tea. Would you say...'],['Both males and females 1 YEARS - 150 YEARS'],[nan],,
86,DBD196,4,Varied,['Now Im going to ask a few questions about milk products. Do not include their use in cooking. In the past 30 days how often did {you/SP} have milk to drink or on {your/his/her} cereal? Please include chocolate and other flavored milks as well as hot cocoa made with milk. Do not count small amounts of milk added to coffee or tea. Would you say...'],['Both males and females 1 YEARS - 150 YEARS'],[nan],,
87,DBD196,7,Refused,['Now Im going to ask a few questions about milk products. Do not include their use in cooking. In the past 30 days how often did {you/SP} have milk to drink or on {your/his/her} cereal? Please include chocolate and other flavored milks as well as hot cocoa made with milk. Do not count small amounts of milk added to coffee or tea. Would you say...'],['Both males and females 1 YEARS - 150 YEARS'],[nan],,
88,DBD196,9,Don'T Know,['Now Im going to ask a few questions about milk products. Do not include their use in cooking. In the past 30 days how often did {you/SP} have milk to drink or on {your/his/her} cereal? Please include chocolate and other flavored milks as well as hot cocoa made with milk. Do not count small amounts of milk added to coffee or tea. Would you say...'],['Both males and females 1 YEARS - 150 YEARS'],[nan],,
89,DBD196,.,Missing,['Now Im going to ask a few questions about milk products. Do not include their use in cooking. In the past 30 days how often did {you/SP} have milk to drink or on {your/his/her} cereal? Please include chocolate and other flavored milks as well as hot cocoa made with milk. Do not count small amounts of milk added to coffee or tea. Would you say...'],['Both males and females 1 YEARS - 150 YEARS'],[nan],,
90,DBD221a,10,"Whole Or Regular,",['What type of milk was it? Was it usually . . .'],['Both males and females 1 YEARS - 150 YEARS'],[nan],,
91,DBD221a,77,Refused,['What type of milk was it? Was it usually . . .'],['Both males and females 1 YEARS - 150 YEARS'],[nan],,
92,DBD221a,99,Don'T Know,['What type of milk was it? Was it usually . . .'],['Both males and females 1 YEARS - 150 YEARS'],[nan],,
93,DBD221a,.,Missing,['What type of milk was it? Was it usually . . .'],['Both males and females 1 YEARS - 150 YEARS'],[nan],,
94,DBD221c,12,"1% Fat Milk,",['What type of milk was it? Was it usually . . .'],['Both males and females 1 YEARS - 150 YEARS'],[nan],,
95,DBD221c,.,Missing,['What type of milk was it? Was it usually . . .'],['Both males and females 1 YEARS - 150 YEARS'],[nan],,
96,DBD221d,13,"Skim, Nonfat, Or 0.5% Fat Milk (Includes Liquid Or Reconstituted From Dry), Or",['What type of milk was it? Was it usually . . .'],['Both males and females 1 YEARS - 150 YEARS'],[nan],,
97,DBD221d,.,Missing,['What type of milk was it? Was it usually . . .'],['Both males and females 1 YEARS - 150 YEARS'],[nan],,
98,DBD221u,30,Another Type?,['What type of milk was it? Was it usually . . .'],['Both males and females 1 YEARS - 150 YEARS'],[nan],,
99,DBD221u,.,Missing,['What type of milk was it? Was it usually . . .'],['Both males and females 1 YEARS - 150 YEARS'],[nan],,
100,DBD225,,,[nan],"['Both males and females 1 YEARS - 150 YEARS', 'Both males and females 1 YEARS - 120 YEARS']",[nan],,
101,DBD229,1,"{I'Ve/He'S/She'S} Been A Regular Milk Drinker For Most Or All Of {My/His/Her} Life, Including {My/His/Her} Childhood",['The next question is about regular milk use. A regular milk drinker is someone who uses any type of milk at least 5 times a week. Using this definition which statement best describes {you/SP}?...'],['Both males and females 20 YEARS - 150 YEARS'],[nan],,
102,DBD229,2,"{I'Ve/He'S/She'S} Never Been A Regular Milk Drinker,",['The next question is about regular milk use. A regular milk drinker is someone who uses any type of milk at least 5 times a week. Using this definition which statement best describes {you/SP}?...'],['Both males and females 20 YEARS - 150 YEARS'],[nan],,
103,DBD229,3,{My/His/Her} Milk Drinking Has Varied Over {My/His/Her} Life-Sometimes {I'Ve/He'S/She'S} Been A Regular Milk Drinker,['The next question is about regular milk use. A regular milk drinker is someone who uses any type of milk at least 5 times a week. Using this definition which statement best describes {you/SP}?...'],['Both males and females 20 YEARS - 150 YEARS'],[nan],,
104,DBD229,7,Refused,['The next question is about regular milk use. A regular milk drinker is someone who uses any type of milk at least 5 times a week. Using this definition which statement best describes {you/SP}?...'],['Both males and females 20 YEARS - 150 YEARS'],[nan],,
105,DBD229,9,Don'T Know,['The next question is about regular milk use. A regular milk drinker is someone who uses any type of milk at least 5 times a week. Using this definition which statement best describes {you/SP}?...'],['Both males and females 20 YEARS - 150 YEARS'],[nan],,
106,DBD229,.,Missing,['The next question is about regular milk use. A regular milk drinker is someone who uses any type of milk at least 5 times a week. Using this definition which statement best describes {you/SP}?...'],['Both males and females 20 YEARS - 150 YEARS'],[nan],,
107,DBD235ae,0,Never,['Now Im going to ask you how often {you/SP} drank milk at different times in {your/his/her} life. How often did {you/SP} drink any type of milk including milk added to cereal when {you were/s/he was} a child between the ages of 5 and 12 years old? Would you say...'],['Both males and females 20 YEARS - 150 YEARS'],[nan],,
108,DBD235ae,1,Rarely-Less Than Once A Week,['Now Im going to ask you how often {you/SP} drank milk at different times in {your/his/her} life. How often did {you/SP} drink any type of milk including milk added to cereal when {you were/s/he was} a child between the ages of 5 and 12 years old? Would you say...'],['Both males and females 20 YEARS - 150 YEARS'],[nan],,
109,DBD235ae,2,"Sometimes-Once A Week Or More, But Less Than Once A Day",['Now Im going to ask you how often {you/SP} drank milk at different times in {your/his/her} life. How often did {you/SP} drink any type of milk including milk added to cereal when {you were/s/he was} a child between the ages of 5 and 12 years old? Would you say...'],['Both males and females 20 YEARS - 150 YEARS'],[nan],,
110,DBD235ae,3,Often-Once A Day Or More,['Now Im going to ask you how often {you/SP} drank milk at different times in {your/his/her} life. How often did {you/SP} drink any type of milk including milk added to cereal when {you were/s/he was} a child between the ages of 5 and 12 years old? Would you say...'],['Both males and females 20 YEARS - 150 YEARS'],[nan],,
111,DBD235ae,4,Varied,['Now Im going to ask you how often {you/SP} drank milk at different times in {your/his/her} life. How often did {you/SP} drink any type of milk including milk added to cereal when {you were/s/he was} a child between the ages of 5 and 12 years old? Would you say...'],['Both males and females 20 YEARS - 150 YEARS'],[nan],,
112,DBD235ae,7,Refused,['Now Im going to ask you how often {you/SP} drank milk at different times in {your/his/her} life. How often did {you/SP} drink any type of milk including milk added to cereal when {you were/s/he was} a child between the ages of 5 and 12 years old? Would you say...'],['Both males and females 20 YEARS - 150 YEARS'],[nan],,
113,DBD235ae,9,Don'T Know,['Now Im going to ask you how often {you/SP} drank milk at different times in {your/his/her} life. How often did {you/SP} drink any type of milk including milk added to cereal when {you were/s/he was} a child between the ages of 5 and 12 years old? Would you say...'],['Both males and females 20 YEARS - 150 YEARS'],[nan],,
114,DBD235ae,.,Missing,['Now Im going to ask you how often {you/SP} drank milk at different times in {your/his/her} life. How often did {you/SP} drink any type of milk including milk added to cereal when {you were/s/he was} a child between the ages of 5 and 12 years old? Would you say...'],['Both males and females 20 YEARS - 150 YEARS'],[nan],,
115,DBD235be,0,Never,['Now Im going to ask you how often {you/SP} drank milk at different times in {your/his/her} life. How often did {you/SP} drink any type of milk including milk added to cereal when {you were/s/he was} a teenager between the ages of 13 and 17 years old? Would you say...'],['Both males and females 20 YEARS - 150 YEARS'],[nan],,
116,DBD235be,1,Rarely-Less Than Once A Week,['Now Im going to ask you how often {you/SP} drank milk at different times in {your/his/her} life. How often did {you/SP} drink any type of milk including milk added to cereal when {you were/s/he was} a teenager between the ages of 13 and 17 years old? Would you say...'],['Both males and females 20 YEARS - 150 YEARS'],[nan],,
117,DBD235be,2,"Sometimes-Once A Week Or More, But Less Than Once A Day",['Now Im going to ask you how often {you/SP} drank milk at different times in {your/his/her} life. How often did {you/SP} drink any type of milk including milk added to cereal when {you were/s/he was} a teenager between the ages of 13 and 17 years old? Would you say...'],['Both males and females 20 YEARS - 150 YEARS'],[nan],,
118,DBD235be,3,Often-Once A Day Or More,['Now Im going to ask you how often {you/SP} drank milk at different times in {your/his/her} life. How often did {you/SP} drink any type of milk including milk added to cereal when {you were/s/he was} a teenager between the ages of 13 and 17 years old? Would you say...'],['Both males and females 20 YEARS - 150 YEARS'],[nan],,
119,DBD235be,4,Varied,['Now Im going to ask you how often {you/SP} drank milk at different times in {your/his/her} life. How often did {you/SP} drink any type of milk including milk added to cereal when {you were/s/he was} a teenager between the ages of 13 and 17 years old? Would you say...'],['Both males and females 20 YEARS - 150 YEARS'],[nan],,
120,DBD235be,7,Refused,['Now Im going to ask you how often {you/SP} drank milk at different times in {your/his/her} life. How often did {you/SP} drink any type of milk including milk added to cereal when {you were/s/he was} a teenager between the ages of 13 and 17 years old? Would you say...'],['Both males and females 20 YEARS - 150 YEARS'],[nan],,
121,DBD235be,9,Don'T Know,['Now Im going to ask you how often {you/SP} drank milk at different times in {your/his/her} life. How often did {you/SP} drink any type of milk including milk added to cereal when {you were/s/he was} a teenager between the ages of 13 and 17 years old? Would you say...'],['Both males and females 20 YEARS - 150 YEARS'],[nan],,
122,DBD235be,.,Missing,['Now Im going to ask you how often {you/SP} drank milk at different times in {your/his/her} life. How often did {you/SP} drink any type of milk including milk added to cereal when {you were/s/he was} a teenager between the ages of 13 and 17 years old? Would you say...'],['Both males and females 20 YEARS - 150 YEARS'],[nan],,
123,DBD235ce,0,Never,['Now Im going to ask you how often {you/SP} drank milk at different times in {your/his/her} life. How often did {you/SP} drink any type of milk including milk added to cereal when {you were/s/he was} a young adult between the ages of 18 and 35 years old? Would you say...'],['Both males and females 20 YEARS - 150 YEARS'],[nan],,
124,DBD235ce,1,Rarely-Less Than Once A Week,['Now Im going to ask you how often {you/SP} drank milk at different times in {your/his/her} life. How often did {you/SP} drink any type of milk including milk added to cereal when {you were/s/he was} a young adult between the ages of 18 and 35 years old? Would you say...'],['Both males and females 20 YEARS - 150 YEARS'],[nan],,
125,DBD235ce,2,"Sometimes-Once A Week Or More, But Less Than Once A Day",['Now Im going to ask you how often {you/SP} drank milk at different times in {your/his/her} life. How often did {you/SP} drink any type of milk including milk added to cereal when {you were/s/he was} a young adult between the ages of 18 and 35 years old? Would you say...'],['Both males and females 20 YEARS - 150 YEARS'],[nan],,
126,DBD235ce,3,Often-Once A Day Or More,['Now Im going to ask you how often {you/SP} drank milk at different times in {your/his/her} life. How often did {you/SP} drink any type of milk including milk added to cereal when {you were/s/he was} a young adult between the ages of 18 and 35 years old? Would you say...'],['Both males and females 20 YEARS - 150 YEARS'],[nan],,
127,DBD235ce,4,Varied,['Now Im going to ask you how often {you/SP} drank milk at different times in {your/his/her} life. How often did {you/SP} drink any type of milk including milk added to cereal when {you were/s/he was} a young adult between the ages of 18 and 35 years old? Would you say...'],['Both males and females 20 YEARS - 150 YEARS'],[nan],,
128,DBD235ce,7,Refused,['Now Im going to ask you how often {you/SP} drank milk at different times in {your/his/her} life. How often did {you/SP} drink any type of milk including milk added to cereal when {you were/s/he was} a young adult between the ages of 18 and 35 years old? Would you say...'],['Both males and females 20 YEARS - 150 YEARS'],[nan],,
129,DBD235ce,9,Don'T Know,['Now Im going to ask you how often {you/SP} drank milk at different times in {your/his/her} life. How often did {you/SP} drink any type of milk including milk added to cereal when {you were/s/he was} a young adult between the ages of 18 and 35 years old? Would you say...'],['Both males and females 20 YEARS - 150 YEARS'],[nan],,
130,DBD235ce,.,Missing,['Now Im going to ask you how often {you/SP} drank milk at different times in {your/his/her} life. How often did {you/SP} drink any type of milk including milk added to cereal when {you were/s/he was} a young adult between the ages of 18 and 35 years old? Would you say...'],['Both males and females 20 YEARS - 150 YEARS'],[nan],,
131,DBQ265a,,,[nan],['Both males and females 20 YEARS - 150 YEARS'],[nan],,
132,DBD301,1,Yes,['The next questions are about meals provided by community or government programs. In the past 12 months did {you/SP} receive any meals delivered to {your/his/her} home from community programs “Meals on Wheels” or any other programs?'],['Both males and females 60 YEARS - 150 YEARS'],[nan],,
133,DBD301,2,No,['The next questions are about meals provided by community or government programs. In the past 12 months did {you/SP} receive any meals delivered to {your/his/her} home from community programs “Meals on Wheels” or any other programs?'],['Both males and females 60 YEARS - 150 YEARS'],[nan],,
134,DBD301,7,Refused,['The next questions are about meals provided by community or government programs. In the past 12 months did {you/SP} receive any meals delivered to {your/his/her} home from community programs “Meals on Wheels” or any other programs?'],['Both males and females 60 YEARS - 150 YEARS'],[nan],,
135,DBD301,9,Don'T Know,['The next questions are about meals provided by community or government programs. In the past 12 months did {you/SP} receive any meals delivered to {your/his/her} home from community programs “Meals on Wheels” or any other programs?'],['Both males and females 60 YEARS - 150 YEARS'],[nan],,
136,DBD301,.,Missing,['The next questions are about meals provided by community or government programs. In the past 12 months did {you/SP} receive any meals delivered to {your/his/her} home from community programs “Meals on Wheels” or any other programs?'],['Both males and females 60 YEARS - 150 YEARS'],[nan],,
137,DBQ330,1,Yes,"['In the past 12 months did {you/SP} go to a community program or senior center to eat prepared meals?', 'In the past 12 months did {you/SP} go to a community program  or senior center to eat prepared meals?']","['Both males and females 60 YEARS - 150 YEARS', 'Both males and females 60 YEARS - 120 YEARS']",[nan],,
138,DBQ330,2,No,"['In the past 12 months did {you/SP} go to a community program or senior center to eat prepared meals?', 'In the past 12 months did {you/SP} go to a community program  or senior center to eat prepared meals?']","['Both males and females 60 YEARS - 150 YEARS', 'Both males and females 60 YEARS - 120 YEARS']",[nan],,
139,DBQ330,7,Refused,"['In the past 12 months did {you/SP} go to a community program or senior center to eat prepared meals?', 'In the past 12 months did {you/SP} go to a community program  or senior center to eat prepared meals?']","['Both males and females 60 YEARS - 150 YEARS', 'Both males and females 60 YEARS - 120 YEARS']",[nan],,
140,DBQ330,9,Don'T Know,"['In the past 12 months did {you/SP} go to a community program or senior center to eat prepared meals?', 'In the past 12 months did {you/SP} go to a community program  or senior center to eat prepared meals?']","['Both males and females 60 YEARS - 150 YEARS', 'Both males and females 60 YEARS - 120 YEARS']",[nan],,
141,DBQ330,.,Missing,"['In the past 12 months did {you/SP} go to a community program or senior center to eat prepared meals?', 'In the past 12 months did {you/SP} go to a community program  or senior center to eat prepared meals?']","['Both males and females 60 YEARS - 150 YEARS', 'Both males and females 60 YEARS - 120 YEARS']",[nan],,
142,DBD355,,,[nan],"['Both males and females 1 YEARS - 150 YEARS', 'Both males and females 60 YEARS - 120 YEARS']",[nan],,
143,DBQ360,1,Yes,"['During the school year {do you/does SP} attend a kindergarten grade school junior or high school?', 'During the school year {do you/does SP} attend a  kindergarten grade school junior or high school?']",['Both males and females 4 YEARS - 19 YEARS'],[nan],,
144,DBQ360,2,No,"['During the school year {do you/does SP} attend a kindergarten grade school junior or high school?', 'During the school year {do you/does SP} attend a  kindergarten grade school junior or high school?']",['Both males and females 4 YEARS - 19 YEARS'],[nan],,
145,DBQ360,7,Refused,"['During the school year {do you/does SP} attend a kindergarten grade school junior or high school?', 'During the school year {do you/does SP} attend a  kindergarten grade school junior or high school?']",['Both males and females 4 YEARS - 19 YEARS'],[nan],,
146,DBQ360,9,Don'T Know,"['During the school year {do you/does SP} attend a kindergarten grade school junior or high school?', 'During the school year {do you/does SP} attend a  kindergarten grade school junior or high school?']",['Both males and females 4 YEARS - 19 YEARS'],[nan],,
147,DBQ360,.,Missing,"['During the school year {do you/does SP} attend a kindergarten grade school junior or high school?', 'During the school year {do you/does SP} attend a  kindergarten grade school junior or high school?']",['Both males and females 4 YEARS - 19 YEARS'],[nan],,
148,DBQ370,1,Yes,"['Does {your/SPs} school serve school lunches? These are complete lunches that cost the same every day.', 'Does {your/SPs} school serve school lunches? These are  complete lunches that cost the same every day.']",['Both males and females 4 YEARS - 19 YEARS'],[nan],,
149,DBQ370,2,No,"['Does {your/SPs} school serve school lunches? These are complete lunches that cost the same every day.', 'Does {your/SPs} school serve school lunches? These are  complete lunches that cost the same every day.']",['Both males and females 4 YEARS - 19 YEARS'],[nan],,
150,DBQ370,7,Refused,"['Does {your/SPs} school serve school lunches? These are complete lunches that cost the same every day.', 'Does {your/SPs} school serve school lunches? These are  complete lunches that cost the same every day.']",['Both males and females 4 YEARS - 19 YEARS'],[nan],,
151,DBQ370,9,Don'T Know,"['Does {your/SPs} school serve school lunches? These are complete lunches that cost the same every day.', 'Does {your/SPs} school serve school lunches? These are  complete lunches that cost the same every day.']",['Both males and females 4 YEARS - 19 YEARS'],[nan],,
152,DBQ370,.,Missing,"['Does {your/SPs} school serve school lunches? These are complete lunches that cost the same every day.', 'Does {your/SPs} school serve school lunches? These are  complete lunches that cost the same every day.']",['Both males and females 4 YEARS - 19 YEARS'],[nan],,
153,DBD381,1 To 5,Range Of Values,"['During the school year about how many times a week {do you/does SP} usually get a complete school lunch?', 'During the school year about how many times a week {do  you/does SP} usually get a complete school lunch?']",['Both males and females 4 YEARS - 19 YEARS'],[nan],,
154,DBD381,0,None,"['During the school year about how many times a week {do you/does SP} usually get a complete school lunch?', 'During the school year about how many times a week {do  you/does SP} usually get a complete school lunch?']",['Both males and females 4 YEARS - 19 YEARS'],[nan],,
155,DBD381,7777,Refused,"['During the school year about how many times a week {do you/does SP} usually get a complete school lunch?', 'During the school year about how many times a week {do  you/does SP} usually get a complete school lunch?']",['Both males and females 4 YEARS - 19 YEARS'],[nan],,
156,DBD381,9999,Don'T Know,"['During the school year about how many times a week {do you/does SP} usually get a complete school lunch?', 'During the school year about how many times a week {do  you/does SP} usually get a complete school lunch?']",['Both males and females 4 YEARS - 19 YEARS'],[nan],,
157,DBD381,.,Missing,"['During the school year about how many times a week {do you/does SP} usually get a complete school lunch?', 'During the school year about how many times a week {do  you/does SP} usually get a complete school lunch?']",['Both males and females 4 YEARS - 19 YEARS'],[nan],,
158,DBQ390,1,Free,"['{Do you/Does SP} get these lunches free at a reduced price or {do you/does he/she} pay full price?', '{Do you/Does SP} get these lunches free at a reduced price  or {do you/does he/she} pay full price?']",['Both males and females 4 YEARS - 19 YEARS'],[nan],,
159,DBQ390,2,Reduced Price,"['{Do you/Does SP} get these lunches free at a reduced price or {do you/does he/she} pay full price?', '{Do you/Does SP} get these lunches free at a reduced price  or {do you/does he/she} pay full price?']",['Both males and females 4 YEARS - 19 YEARS'],[nan],,
160,DBQ390,3,Full Price,"['{Do you/Does SP} get these lunches free at a reduced price or {do you/does he/she} pay full price?', '{Do you/Does SP} get these lunches free at a reduced price  or {do you/does he/she} pay full price?']",['Both males and females 4 YEARS - 19 YEARS'],[nan],,
161,DBQ390,7,Refused,"['{Do you/Does SP} get these lunches free at a reduced price or {do you/does he/she} pay full price?', '{Do you/Does SP} get these lunches free at a reduced price  or {do you/does he/she} pay full price?']",['Both males and females 4 YEARS - 19 YEARS'],[nan],,
162,DBQ390,9,Don'T Know,"['{Do you/Does SP} get these lunches free at a reduced price or {do you/does he/she} pay full price?', '{Do you/Does SP} get these lunches free at a reduced price  or {do you/does he/she} pay full price?']",['Both males and females 4 YEARS - 19 YEARS'],[nan],,
163,DBQ390,.,Missing,"['{Do you/Does SP} get these lunches free at a reduced price or {do you/does he/she} pay full price?', '{Do you/Does SP} get these lunches free at a reduced price  or {do you/does he/she} pay full price?']",['Both males and females 4 YEARS - 19 YEARS'],[nan],,
164,DBQ400,1,Yes,"['Does {your/SPs} school serve a complete breakfast that costs the same every day?', 'Does {your/SPs} school serve a complete breakfast that costs  the same every day?']",['Both males and females 4 YEARS - 19 YEARS'],[nan],,
165,DBQ400,2,No,"['Does {your/SPs} school serve a complete breakfast that costs the same every day?', 'Does {your/SPs} school serve a complete breakfast that costs  the same every day?']",['Both males and females 4 YEARS - 19 YEARS'],[nan],,
166,DBQ400,7,Refused,"['Does {your/SPs} school serve a complete breakfast that costs the same every day?', 'Does {your/SPs} school serve a complete breakfast that costs  the same every day?']",['Both males and females 4 YEARS - 19 YEARS'],[nan],,
167,DBQ400,9,Don'T Know,"['Does {your/SPs} school serve a complete breakfast that costs the same every day?', 'Does {your/SPs} school serve a complete breakfast that costs  the same every day?']",['Both males and females 4 YEARS - 19 YEARS'],[nan],,
168,DBQ400,.,Missing,"['Does {your/SPs} school serve a complete breakfast that costs the same every day?', 'Does {your/SPs} school serve a complete breakfast that costs  the same every day?']",['Both males and females 4 YEARS - 19 YEARS'],[nan],,
169,DBD411,1 To 5,Range Of Values,"['During the school year about how many times a week {do you/does SP} usually get a complete breakfast at school?', 'During the school year about how many times a week {do  you/does SP} usually get a complete breakfast at school?']",['Both males and females 4 YEARS - 19 YEARS'],[nan],,
170,DBD411,0,None,"['During the school year about how many times a week {do you/does SP} usually get a complete breakfast at school?', 'During the school year about how many times a week {do  you/does SP} usually get a complete breakfast at school?']",['Both males and females 4 YEARS - 19 YEARS'],[nan],,
171,DBD411,7777,Refused,"['During the school year about how many times a week {do you/does SP} usually get a complete breakfast at school?', 'During the school year about how many times a week {do  you/does SP} usually get a complete breakfast at school?']",['Both males and females 4 YEARS - 19 YEARS'],[nan],,
172,DBD411,9999,Don'T Know,"['During the school year about how many times a week {do you/does SP} usually get a complete breakfast at school?', 'During the school year about how many times a week {do  you/does SP} usually get a complete breakfast at school?']",['Both males and females 4 YEARS - 19 YEARS'],[nan],,
173,DBD411,.,Missing,"['During the school year about how many times a week {do you/does SP} usually get a complete breakfast at school?', 'During the school year about how many times a week {do  you/does SP} usually get a complete breakfast at school?']",['Both males and females 4 YEARS - 19 YEARS'],[nan],,
174,DBD421,1,Free,['{Do you/Does SP} get these breakfasts free at a reduced price or {do you/does he/she} pay full price?'],['Both males and females 4 YEARS - 19 YEARS'],[nan],,
175,DBD421,2,Reduced Price,['{Do you/Does SP} get these breakfasts free at a reduced price or {do you/does he/she} pay full price?'],['Both males and females 4 YEARS - 19 YEARS'],[nan],,
176,DBD421,3,Full Price,['{Do you/Does SP} get these breakfasts free at a reduced price or {do you/does he/she} pay full price?'],['Both males and females 4 YEARS - 19 YEARS'],[nan],,
177,DBD421,7,Refused,['{Do you/Does SP} get these breakfasts free at a reduced price or {do you/does he/she} pay full price?'],['Both males and females 4 YEARS - 19 YEARS'],[nan],,
178,DBD421,9,Don'T Know,['{Do you/Does SP} get these breakfasts free at a reduced price or {do you/does he/she} pay full price?'],['Both males and females 4 YEARS - 19 YEARS'],[nan],,
179,DBD421,.,Missing,['{Do you/Does SP} get these breakfasts free at a reduced price or {do you/does he/she} pay full price?'],['Both males and females 4 YEARS - 19 YEARS'],[nan],,
180,DBQ071A,10,"Whole Or Regular,",['What type of milk was {SP} first fed on a daily basis? Was it . . .'],['Both males and females 0 YEARS - 6 YEARS'],[nan],,
181,DBQ071A,77,Refused,['What type of milk was {SP} first fed on a daily basis? Was it . . .'],['Both males and females 0 YEARS - 6 YEARS'],[nan],,
182,DBQ071A,99,Don'T Know,['What type of milk was {SP} first fed on a daily basis? Was it . . .'],['Both males and females 0 YEARS - 6 YEARS'],[nan],,
183,DBQ071A,.,Missing,['What type of milk was {SP} first fed on a daily basis? Was it . . .'],['Both males and females 0 YEARS - 6 YEARS'],[nan],,
184,DBQ071C,12,"1% Fat Milk,",['What type of milk was {SP} first fed on a daily basis? Was it . . .'],['Both males and females 0 YEARS - 6 YEARS'],[nan],,
185,DBQ071C,.,Missing,['What type of milk was {SP} first fed on a daily basis? Was it . . .'],['Both males and females 0 YEARS - 6 YEARS'],[nan],,
186,DBQ071D,13,"Skim, Nonfat, Or 0.5% Fat Milk (Includes Liquid Or Reconstituted From Dry)",['What type of milk was {SP} first fed on a daily basis? Was it . . .'],['Both males and females 0 YEARS - 6 YEARS'],[nan],,
187,DBQ071D,.,Missing,['What type of milk was {SP} first fed on a daily basis? Was it . . .'],['Both males and females 0 YEARS - 6 YEARS'],[nan],,
188,DBQ071U,30,Another Type?,['What type of milk was {SP} first fed on a daily basis? Was it . . .'],['Both males and females 0 YEARS - 6 YEARS'],[nan],,
189,DBQ071U,.,Missing,['What type of milk was {SP} first fed on a daily basis? Was it . . .'],['Both males and females 0 YEARS - 6 YEARS'],[nan],,
190,DBD197,0,Never,['Now Im going to ask a few questions about milk products. Do not include their use in cooking. In the past 30 days how often did {you/SP} have milk to drink or on {your/his/her} cereal? Please include chocolate and other flavored milks as well as hot cocoa made with milk. Do not count small amounts of milk added to coffee or tea. Would you say...'],['Both males and females 1 YEARS - 150 YEARS'],[nan],,
191,DBD197,1,Rarely-Less Than Once A Week,['Now Im going to ask a few questions about milk products. Do not include their use in cooking. In the past 30 days how often did {you/SP} have milk to drink or on {your/his/her} cereal? Please include chocolate and other flavored milks as well as hot cocoa made with milk. Do not count small amounts of milk added to coffee or tea. Would you say...'],['Both males and females 1 YEARS - 150 YEARS'],[nan],,
192,DBD197,2,"Sometimes-Once A Week Or More, But Less Than Once A Day, Or",['Now Im going to ask a few questions about milk products. Do not include their use in cooking. In the past 30 days how often did {you/SP} have milk to drink or on {your/his/her} cereal? Please include chocolate and other flavored milks as well as hot cocoa made with milk. Do not count small amounts of milk added to coffee or tea. Would you say...'],['Both males and females 1 YEARS - 150 YEARS'],[nan],,
193,DBD197,3,Often-Once A Day Or More?,['Now Im going to ask a few questions about milk products. Do not include their use in cooking. In the past 30 days how often did {you/SP} have milk to drink or on {your/his/her} cereal? Please include chocolate and other flavored milks as well as hot cocoa made with milk. Do not count small amounts of milk added to coffee or tea. Would you say...'],['Both males and females 1 YEARS - 150 YEARS'],[nan],,
194,DBD197,4,Varied,['Now Im going to ask a few questions about milk products. Do not include their use in cooking. In the past 30 days how often did {you/SP} have milk to drink or on {your/his/her} cereal? Please include chocolate and other flavored milks as well as hot cocoa made with milk. Do not count small amounts of milk added to coffee or tea. Would you say...'],['Both males and females 1 YEARS - 150 YEARS'],[nan],,
195,DBD197,7,Refused,['Now Im going to ask a few questions about milk products. Do not include their use in cooking. In the past 30 days how often did {you/SP} have milk to drink or on {your/his/her} cereal? Please include chocolate and other flavored milks as well as hot cocoa made with milk. Do not count small amounts of milk added to coffee or tea. Would you say...'],['Both males and females 1 YEARS - 150 YEARS'],[nan],,
196,DBD197,9,Don'T Know,['Now Im going to ask a few questions about milk products. Do not include their use in cooking. In the past 30 days how often did {you/SP} have milk to drink or on {your/his/her} cereal? Please include chocolate and other flavored milks as well as hot cocoa made with milk. Do not count small amounts of milk added to coffee or tea. Would you say...'],['Both males and females 1 YEARS - 150 YEARS'],[nan],,
197,DBD197,.,Missing,['Now Im going to ask a few questions about milk products. Do not include their use in cooking. In the past 30 days how often did {you/SP} have milk to drink or on {your/his/her} cereal? Please include chocolate and other flavored milks as well as hot cocoa made with milk. Do not count small amounts of milk added to coffee or tea. Would you say...'],['Both males and females 1 YEARS - 150 YEARS'],[nan],,
198,DBQ221A,10,"Whole Or Regular,",['What type of milk was it? Was it usually . . .'],['Both males and females 1 YEARS - 150 YEARS'],[nan],,
199,DBQ221A,77,Refused,['What type of milk was it? Was it usually . . .'],['Both males and females 1 YEARS - 150 YEARS'],[nan],,
200,DBQ221A,99,Don'T Know,['What type of milk was it? Was it usually . . .'],['Both males and females 1 YEARS - 150 YEARS'],[nan],,
201,DBQ221A,.,Missing,['What type of milk was it? Was it usually . . .'],['Both males and females 1 YEARS - 150 YEARS'],[nan],,
202,DBQ221C,12,"1% Fat Milk,",['What type of milk was it? Was it usually . . .'],['Both males and females 1 YEARS - 150 YEARS'],[nan],,
203,DBQ221C,.,Missing,['What type of milk was it? Was it usually . . .'],['Both males and females 1 YEARS - 150 YEARS'],[nan],,
204,DBQ221D,13,"Skim, Nonfat, Or 0.5% Fat Milk (Includes Liquid Or Reconstituted From Dry), Or",['What type of milk was it? Was it usually . . .'],['Both males and females 1 YEARS - 150 YEARS'],[nan],,
205,DBQ221D,.,Missing,['What type of milk was it? Was it usually . . .'],['Both males and females 1 YEARS - 150 YEARS'],[nan],,
206,DBQ221U,30,Another Type?,['What type of milk was it? Was it usually . . .'],['Both males and females 1 YEARS - 150 YEARS'],[nan],,
207,DBQ221U,.,Missing,['What type of milk was it? Was it usually . . .'],['Both males and females 1 YEARS - 150 YEARS'],[nan],,
208,DBQ229,1,"{I'Ve/He'S/She'S} Been A Regular Milk Drinker For Most Or All Of {My/His/Her} Life, Including {My/His/Her} Childhood","['The next question is about regular milk use. A regular milk drinker is someone who uses any type of milk at least 5 times a week. Using this definition which statement best describes {you/SP}?...', 'The next question is about regular milk use. A regular milk  drinker is someone who uses any type of milk at least 5 times a week. Using  this definition which statement best describes {you/SP}?...']",['Both males and females 20 YEARS - 150 YEARS'],[nan],,
209,DBQ229,2,"{I'Ve/He'S/She'S} Never Been A Regular Milk Drinker,","['The next question is about regular milk use. A regular milk drinker is someone who uses any type of milk at least 5 times a week. Using this definition which statement best describes {you/SP}?...', 'The next question is about regular milk use. A regular milk  drinker is someone who uses any type of milk at least 5 times a week. Using  this definition which statement best describes {you/SP}?...']",['Both males and females 20 YEARS - 150 YEARS'],[nan],,
210,DBQ229,3,{My/His/Her} Milk Drinking Has Varied Over {My/His/Her} Life-Sometimes {I'Ve/He'S/She'S} Been A Regular Milk Drinker,"['The next question is about regular milk use. A regular milk drinker is someone who uses any type of milk at least 5 times a week. Using this definition which statement best describes {you/SP}?...', 'The next question is about regular milk use. A regular milk  drinker is someone who uses any type of milk at least 5 times a week. Using  this definition which statement best describes {you/SP}?...']",['Both males and females 20 YEARS - 150 YEARS'],[nan],,
211,DBQ229,7,Refused,"['The next question is about regular milk use. A regular milk drinker is someone who uses any type of milk at least 5 times a week. Using this definition which statement best describes {you/SP}?...', 'The next question is about regular milk use. A regular milk  drinker is someone who uses any type of milk at least 5 times a week. Using  this definition which statement best describes {you/SP}?...']",['Both males and females 20 YEARS - 150 YEARS'],[nan],,
212,DBQ229,9,Don'T Know,"['The next question is about regular milk use. A regular milk drinker is someone who uses any type of milk at least 5 times a week. Using this definition which statement best describes {you/SP}?...', 'The next question is about regular milk use. A regular milk  drinker is someone who uses any type of milk at least 5 times a week. Using  this definition which statement best describes {you/SP}?...']",['Both males and females 20 YEARS - 150 YEARS'],[nan],,
213,DBQ229,.,Missing,"['The next question is about regular milk use. A regular milk drinker is someone who uses any type of milk at least 5 times a week. Using this definition which statement best describes {you/SP}?...', 'The next question is about regular milk use. A regular milk  drinker is someone who uses any type of milk at least 5 times a week. Using  this definition which statement best describes {you/SP}?...']",['Both males and females 20 YEARS - 150 YEARS'],[nan],,
214,DBQ229,2,{I'Ve/He'S/She'S} Never Been A Regular Milk Drinker,"['The next question is about regular milk use. A regular milk drinker is someone who uses any type of milk at least 5 times a week. Using this definition which statement best describes {you/SP}?...', 'The next question is about regular milk use. A regular milk  drinker is someone who uses any type of milk at least 5 times a week. Using  this definition which statement best describes {you/SP}?...']",['Both males and females 20 YEARS - 150 YEARS'],[nan],,
215,DBQ229,3,{My/His/Her} Milk Drinking Has Varied Over {My/His/Her} Life - Sometimes I'Ve/He'S/She'S} Been A Regular Milk Drinker And Sometimes {I Have/He Has/She Has} Not Been A Regular Milk Drinker,"['The next question is about regular milk use. A regular milk drinker is someone who uses any type of milk at least 5 times a week. Using this definition which statement best describes {you/SP}?...', 'The next question is about regular milk use. A regular milk  drinker is someone who uses any type of milk at least 5 times a week. Using  this definition which statement best describes {you/SP}?...']",['Both males and females 20 YEARS - 150 YEARS'],[nan],,
216,DBQ235A,0,Never,"['Now Im going to ask you how often {you/SP} drank milk at different times in {your/his/her} life. How often did {you/SP} drink any type of milk including milk added to cereal when {you were/s/he was} a child between the ages of 5 and 12 years old? Would you say...', 'Now Im going to ask you how often {you/SP} drank milk at  different times in {your/his/her} life. How often did {you/SP} drink any type  of milk including milk added to cereal when {you were/s/he was} a child  between the ages of 5 and 12 years old? Would you say...']",['Both males and females 20 YEARS - 150 YEARS'],[nan],,
217,DBQ235A,1,Rarely-Less Than Once A Week,"['Now Im going to ask you how often {you/SP} drank milk at different times in {your/his/her} life. How often did {you/SP} drink any type of milk including milk added to cereal when {you were/s/he was} a child between the ages of 5 and 12 years old? Would you say...', 'Now Im going to ask you how often {you/SP} drank milk at  different times in {your/his/her} life. How often did {you/SP} drink any type  of milk including milk added to cereal when {you were/s/he was} a child  between the ages of 5 and 12 years old? Would you say...']",['Both males and females 20 YEARS - 150 YEARS'],[nan],,
218,DBQ235A,2,"Sometimes-Once A Week Or More, But Less Than Once A Day","['Now Im going to ask you how often {you/SP} drank milk at different times in {your/his/her} life. How often did {you/SP} drink any type of milk including milk added to cereal when {you were/s/he was} a child between the ages of 5 and 12 years old? Would you say...', 'Now Im going to ask you how often {you/SP} drank milk at  different times in {your/his/her} life. How often did {you/SP} drink any type  of milk including milk added to cereal when {you were/s/he was} a child  between the ages of 5 and 12 years old? Would you say...']",['Both males and females 20 YEARS - 150 YEARS'],[nan],,
219,DBQ235A,3,Often-Once A Day Or More,"['Now Im going to ask you how often {you/SP} drank milk at different times in {your/his/her} life. How often did {you/SP} drink any type of milk including milk added to cereal when {you were/s/he was} a child between the ages of 5 and 12 years old? Would you say...', 'Now Im going to ask you how often {you/SP} drank milk at  different times in {your/his/her} life. How often did {you/SP} drink any type  of milk including milk added to cereal when {you were/s/he was} a child  between the ages of 5 and 12 years old? Would you say...']",['Both males and females 20 YEARS - 150 YEARS'],[nan],,
220,DBQ235A,4,Varied,"['Now Im going to ask you how often {you/SP} drank milk at different times in {your/his/her} life. How often did {you/SP} drink any type of milk including milk added to cereal when {you were/s/he was} a child between the ages of 5 and 12 years old? Would you say...', 'Now Im going to ask you how often {you/SP} drank milk at  different times in {your/his/her} life. How often did {you/SP} drink any type  of milk including milk added to cereal when {you were/s/he was} a child  between the ages of 5 and 12 years old? Would you say...']",['Both males and females 20 YEARS - 150 YEARS'],[nan],,
221,DBQ235A,7,Refused,"['Now Im going to ask you how often {you/SP} drank milk at different times in {your/his/her} life. How often did {you/SP} drink any type of milk including milk added to cereal when {you were/s/he was} a child between the ages of 5 and 12 years old? Would you say...', 'Now Im going to ask you how often {you/SP} drank milk at  different times in {your/his/her} life. How often did {you/SP} drink any type  of milk including milk added to cereal when {you were/s/he was} a child  between the ages of 5 and 12 years old? Would you say...']",['Both males and females 20 YEARS - 150 YEARS'],[nan],,
222,DBQ235A,9,Don'T Know,"['Now Im going to ask you how often {you/SP} drank milk at different times in {your/his/her} life. How often did {you/SP} drink any type of milk including milk added to cereal when {you were/s/he was} a child between the ages of 5 and 12 years old? Would you say...', 'Now Im going to ask you how often {you/SP} drank milk at  different times in {your/his/her} life. How often did {you/SP} drink any type  of milk including milk added to cereal when {you were/s/he was} a child  between the ages of 5 and 12 years old? Would you say...']",['Both males and females 20 YEARS - 150 YEARS'],[nan],,
223,DBQ235A,.,Missing,"['Now Im going to ask you how often {you/SP} drank milk at different times in {your/his/her} life. How often did {you/SP} drink any type of milk including milk added to cereal when {you were/s/he was} a child between the ages of 5 and 12 years old? Would you say...', 'Now Im going to ask you how often {you/SP} drank milk at  different times in {your/his/her} life. How often did {you/SP} drink any type  of milk including milk added to cereal when {you were/s/he was} a child  between the ages of 5 and 12 years old? Would you say...']",['Both males and females 20 YEARS - 150 YEARS'],[nan],,
224,DBQ235A,1,Rarely - Less Than Once A Week,"['Now Im going to ask you how often {you/SP} drank milk at different times in {your/his/her} life. How often did {you/SP} drink any type of milk including milk added to cereal when {you were/s/he was} a child between the ages of 5 and 12 years old? Would you say...', 'Now Im going to ask you how often {you/SP} drank milk at  different times in {your/his/her} life. How often did {you/SP} drink any type  of milk including milk added to cereal when {you were/s/he was} a child  between the ages of 5 and 12 years old? Would you say...']",['Both males and females 20 YEARS - 150 YEARS'],[nan],,
225,DBQ235A,2,"Sometimes - Once A Week Or More, But Less Than Once A Day","['Now Im going to ask you how often {you/SP} drank milk at different times in {your/his/her} life. How often did {you/SP} drink any type of milk including milk added to cereal when {you were/s/he was} a child between the ages of 5 and 12 years old? Would you say...', 'Now Im going to ask you how often {you/SP} drank milk at  different times in {your/his/her} life. How often did {you/SP} drink any type  of milk including milk added to cereal when {you were/s/he was} a child  between the ages of 5 and 12 years old? Would you say...']",['Both males and females 20 YEARS - 150 YEARS'],[nan],,
226,DBQ235A,3,Often - Once A Day Or More,"['Now Im going to ask you how often {you/SP} drank milk at different times in {your/his/her} life. How often did {you/SP} drink any type of milk including milk added to cereal when {you were/s/he was} a child between the ages of 5 and 12 years old? Would you say...', 'Now Im going to ask you how often {you/SP} drank milk at  different times in {your/his/her} life. How often did {you/SP} drink any type  of milk including milk added to cereal when {you were/s/he was} a child  between the ages of 5 and 12 years old? Would you say...']",['Both males and females 20 YEARS - 150 YEARS'],[nan],,
227,DBQ235B,0,Never,"['Now Im going to ask you how often {you/SP} drank milk at different times in {your/his/her} life. How often did {you/SP} drink any type of milk including milk added to cereal when {you were/s/he was} a teenager between the ages of 13 and 17 years old? Would you say...', 'Now Im going to ask you how often {you/SP} drank milk at  different times in {your/his/her} life. How often did {you/SP} drink any type  of milk including milk added to cereal when {you were/s/he was} a teenager  between the ages of 13 and 17 years old? Would you say...']",['Both males and females 20 YEARS - 150 YEARS'],[nan],,
228,DBQ235B,1,Rarely-Less Than Once A Week,"['Now Im going to ask you how often {you/SP} drank milk at different times in {your/his/her} life. How often did {you/SP} drink any type of milk including milk added to cereal when {you were/s/he was} a teenager between the ages of 13 and 17 years old? Would you say...', 'Now Im going to ask you how often {you/SP} drank milk at  different times in {your/his/her} life. How often did {you/SP} drink any type  of milk including milk added to cereal when {you were/s/he was} a teenager  between the ages of 13 and 17 years old? Would you say...']",['Both males and females 20 YEARS - 150 YEARS'],[nan],,
229,DBQ235B,2,"Sometimes-Once A Week Or More, But Less Than Once A Day","['Now Im going to ask you how often {you/SP} drank milk at different times in {your/his/her} life. How often did {you/SP} drink any type of milk including milk added to cereal when {you were/s/he was} a teenager between the ages of 13 and 17 years old? Would you say...', 'Now Im going to ask you how often {you/SP} drank milk at  different times in {your/his/her} life. How often did {you/SP} drink any type  of milk including milk added to cereal when {you were/s/he was} a teenager  between the ages of 13 and 17 years old? Would you say...']",['Both males and females 20 YEARS - 150 YEARS'],[nan],,
230,DBQ235B,3,Often-Once A Day Or More,"['Now Im going to ask you how often {you/SP} drank milk at different times in {your/his/her} life. How often did {you/SP} drink any type of milk including milk added to cereal when {you were/s/he was} a teenager between the ages of 13 and 17 years old? Would you say...', 'Now Im going to ask you how often {you/SP} drank milk at  different times in {your/his/her} life. How often did {you/SP} drink any type  of milk including milk added to cereal when {you were/s/he was} a teenager  between the ages of 13 and 17 years old? Would you say...']",['Both males and females 20 YEARS - 150 YEARS'],[nan],,
231,DBQ235B,4,Varied,"['Now Im going to ask you how often {you/SP} drank milk at different times in {your/his/her} life. How often did {you/SP} drink any type of milk including milk added to cereal when {you were/s/he was} a teenager between the ages of 13 and 17 years old? Would you say...', 'Now Im going to ask you how often {you/SP} drank milk at  different times in {your/his/her} life. How often did {you/SP} drink any type  of milk including milk added to cereal when {you were/s/he was} a teenager  between the ages of 13 and 17 years old? Would you say...']",['Both males and females 20 YEARS - 150 YEARS'],[nan],,
232,DBQ235B,7,Refused,"['Now Im going to ask you how often {you/SP} drank milk at different times in {your/his/her} life. How often did {you/SP} drink any type of milk including milk added to cereal when {you were/s/he was} a teenager between the ages of 13 and 17 years old? Would you say...', 'Now Im going to ask you how often {you/SP} drank milk at  different times in {your/his/her} life. How often did {you/SP} drink any type  of milk including milk added to cereal when {you were/s/he was} a teenager  between the ages of 13 and 17 years old? Would you say...']",['Both males and females 20 YEARS - 150 YEARS'],[nan],,
233,DBQ235B,9,Don'T Know,"['Now Im going to ask you how often {you/SP} drank milk at different times in {your/his/her} life. How often did {you/SP} drink any type of milk including milk added to cereal when {you were/s/he was} a teenager between the ages of 13 and 17 years old? Would you say...', 'Now Im going to ask you how often {you/SP} drank milk at  different times in {your/his/her} life. How often did {you/SP} drink any type  of milk including milk added to cereal when {you were/s/he was} a teenager  between the ages of 13 and 17 years old? Would you say...']",['Both males and females 20 YEARS - 150 YEARS'],[nan],,
234,DBQ235B,.,Missing,"['Now Im going to ask you how often {you/SP} drank milk at different times in {your/his/her} life. How often did {you/SP} drink any type of milk including milk added to cereal when {you were/s/he was} a teenager between the ages of 13 and 17 years old? Would you say...', 'Now Im going to ask you how often {you/SP} drank milk at  different times in {your/his/her} life. How often did {you/SP} drink any type  of milk including milk added to cereal when {you were/s/he was} a teenager  between the ages of 13 and 17 years old? Would you say...']",['Both males and females 20 YEARS - 150 YEARS'],[nan],,
235,DBQ235B,1,Rarely - Less Than Once A Week,"['Now Im going to ask you how often {you/SP} drank milk at different times in {your/his/her} life. How often did {you/SP} drink any type of milk including milk added to cereal when {you were/s/he was} a teenager between the ages of 13 and 17 years old? Would you say...', 'Now Im going to ask you how often {you/SP} drank milk at  different times in {your/his/her} life. How often did {you/SP} drink any type  of milk including milk added to cereal when {you were/s/he was} a teenager  between the ages of 13 and 17 years old? Would you say...']",['Both males and females 20 YEARS - 150 YEARS'],[nan],,
236,DBQ235B,2,"Sometimes - Once A Week Or More, But Less Than Once A Day","['Now Im going to ask you how often {you/SP} drank milk at different times in {your/his/her} life. How often did {you/SP} drink any type of milk including milk added to cereal when {you were/s/he was} a teenager between the ages of 13 and 17 years old? Would you say...', 'Now Im going to ask you how often {you/SP} drank milk at  different times in {your/his/her} life. How often did {you/SP} drink any type  of milk including milk added to cereal when {you were/s/he was} a teenager  between the ages of 13 and 17 years old? Would you say...']",['Both males and females 20 YEARS - 150 YEARS'],[nan],,
237,DBQ235B,3,Often - Once A Day Or More,"['Now Im going to ask you how often {you/SP} drank milk at different times in {your/his/her} life. How often did {you/SP} drink any type of milk including milk added to cereal when {you were/s/he was} a teenager between the ages of 13 and 17 years old? Would you say...', 'Now Im going to ask you how often {you/SP} drank milk at  different times in {your/his/her} life. How often did {you/SP} drink any type  of milk including milk added to cereal when {you were/s/he was} a teenager  between the ages of 13 and 17 years old? Would you say...']",['Both males and females 20 YEARS - 150 YEARS'],[nan],,
238,DBQ235C,0,Never,"['Now Im going to ask you how often {you/SP} drank milk at different times in {your/his/her} life. How often did {you/SP} drink any type of milk including milk added to cereal when {you were/s/he was} a young adult between the ages of 18 and 35 years old? Would you say...', 'Now Im going to ask you how often {you/SP} drank milk at  different times in {your/his/her} life. How often did {you/SP} drink any type  of milk including milk added to cereal when {you were/s/he was} a young adult  between the ages of 18 and 35 years old? Would you say...']",['Both males and females 20 YEARS - 150 YEARS'],[nan],,
239,DBQ235C,1,Rarely-Less Than Once A Week,"['Now Im going to ask you how often {you/SP} drank milk at different times in {your/his/her} life. How often did {you/SP} drink any type of milk including milk added to cereal when {you were/s/he was} a young adult between the ages of 18 and 35 years old? Would you say...', 'Now Im going to ask you how often {you/SP} drank milk at  different times in {your/his/her} life. How often did {you/SP} drink any type  of milk including milk added to cereal when {you were/s/he was} a young adult  between the ages of 18 and 35 years old? Would you say...']",['Both males and females 20 YEARS - 150 YEARS'],[nan],,
240,DBQ235C,2,"Sometimes-Once A Week Or More, But Less Than Once A Day","['Now Im going to ask you how often {you/SP} drank milk at different times in {your/his/her} life. How often did {you/SP} drink any type of milk including milk added to cereal when {you were/s/he was} a young adult between the ages of 18 and 35 years old? Would you say...', 'Now Im going to ask you how often {you/SP} drank milk at  different times in {your/his/her} life. How often did {you/SP} drink any type  of milk including milk added to cereal when {you were/s/he was} a young adult  between the ages of 18 and 35 years old? Would you say...']",['Both males and females 20 YEARS - 150 YEARS'],[nan],,
241,DBQ235C,3,Often-Once A Day Or More,"['Now Im going to ask you how often {you/SP} drank milk at different times in {your/his/her} life. How often did {you/SP} drink any type of milk including milk added to cereal when {you were/s/he was} a young adult between the ages of 18 and 35 years old? Would you say...', 'Now Im going to ask you how often {you/SP} drank milk at  different times in {your/his/her} life. How often did {you/SP} drink any type  of milk including milk added to cereal when {you were/s/he was} a young adult  between the ages of 18 and 35 years old? Would you say...']",['Both males and females 20 YEARS - 150 YEARS'],[nan],,
242,DBQ235C,4,Varied,"['Now Im going to ask you how often {you/SP} drank milk at different times in {your/his/her} life. How often did {you/SP} drink any type of milk including milk added to cereal when {you were/s/he was} a young adult between the ages of 18 and 35 years old? Would you say...', 'Now Im going to ask you how often {you/SP} drank milk at  different times in {your/his/her} life. How often did {you/SP} drink any type  of milk including milk added to cereal when {you were/s/he was} a young adult  between the ages of 18 and 35 years old? Would you say...']",['Both males and females 20 YEARS - 150 YEARS'],[nan],,
243,DBQ235C,7,Refused,"['Now Im going to ask you how often {you/SP} drank milk at different times in {your/his/her} life. How often did {you/SP} drink any type of milk including milk added to cereal when {you were/s/he was} a young adult between the ages of 18 and 35 years old? Would you say...', 'Now Im going to ask you how often {you/SP} drank milk at  different times in {your/his/her} life. How often did {you/SP} drink any type  of milk including milk added to cereal when {you were/s/he was} a young adult  between the ages of 18 and 35 years old? Would you say...']",['Both males and females 20 YEARS - 150 YEARS'],[nan],,
244,DBQ235C,9,Don'T Know,"['Now Im going to ask you how often {you/SP} drank milk at different times in {your/his/her} life. How often did {you/SP} drink any type of milk including milk added to cereal when {you were/s/he was} a young adult between the ages of 18 and 35 years old? Would you say...', 'Now Im going to ask you how often {you/SP} drank milk at  different times in {your/his/her} life. How often did {you/SP} drink any type  of milk including milk added to cereal when {you were/s/he was} a young adult  between the ages of 18 and 35 years old? Would you say...']",['Both males and females 20 YEARS - 150 YEARS'],[nan],,
245,DBQ235C,.,Missing,"['Now Im going to ask you how often {you/SP} drank milk at different times in {your/his/her} life. How often did {you/SP} drink any type of milk including milk added to cereal when {you were/s/he was} a young adult between the ages of 18 and 35 years old? Would you say...', 'Now Im going to ask you how often {you/SP} drank milk at  different times in {your/his/her} life. How often did {you/SP} drink any type  of milk including milk added to cereal when {you were/s/he was} a young adult  between the ages of 18 and 35 years old? Would you say...']",['Both males and females 20 YEARS - 150 YEARS'],[nan],,
246,DBQ235C,1,Rarely - Less Than Once A Week,"['Now Im going to ask you how often {you/SP} drank milk at different times in {your/his/her} life. How often did {you/SP} drink any type of milk including milk added to cereal when {you were/s/he was} a young adult between the ages of 18 and 35 years old? Would you say...', 'Now Im going to ask you how often {you/SP} drank milk at  different times in {your/his/her} life. How often did {you/SP} drink any type  of milk including milk added to cereal when {you were/s/he was} a young adult  between the ages of 18 and 35 years old? Would you say...']",['Both males and females 20 YEARS - 150 YEARS'],[nan],,
247,DBQ235C,2,"Sometimes - Once A Week Or More, But Less Than Once A Day","['Now Im going to ask you how often {you/SP} drank milk at different times in {your/his/her} life. How often did {you/SP} drink any type of milk including milk added to cereal when {you were/s/he was} a young adult between the ages of 18 and 35 years old? Would you say...', 'Now Im going to ask you how often {you/SP} drank milk at  different times in {your/his/her} life. How often did {you/SP} drink any type  of milk including milk added to cereal when {you were/s/he was} a young adult  between the ages of 18 and 35 years old? Would you say...']",['Both males and females 20 YEARS - 150 YEARS'],[nan],,
248,DBQ235C,3,Often - Once A Day Or More,"['Now Im going to ask you how often {you/SP} drank milk at different times in {your/his/her} life. How often did {you/SP} drink any type of milk including milk added to cereal when {you were/s/he was} a young adult between the ages of 18 and 35 years old? Would you say...', 'Now Im going to ask you how often {you/SP} drank milk at  different times in {your/his/her} life. How often did {you/SP} drink any type  of milk including milk added to cereal when {you were/s/he was} a young adult  between the ages of 18 and 35 years old? Would you say...']",['Both males and females 20 YEARS - 150 YEARS'],[nan],,
249,DBQ301,1,Yes,"['The next questions are about meals provided by community or government programs. In the past 12 months did {you/SP} receive any meals delivered to {your/his/her} home from community programs Meals on Wheels or any other programs?', 'The next questions are about meals provided by community or  government programs. In the past 12 months did {you/SP} receive any meals  delivered to {your/his/her} home from community programs Meals on Wheels  or any other programs?']",['Both males and females 60 YEARS - 150 YEARS'],[nan],,
250,DBQ301,2,No,"['The next questions are about meals provided by community or government programs. In the past 12 months did {you/SP} receive any meals delivered to {your/his/her} home from community programs Meals on Wheels or any other programs?', 'The next questions are about meals provided by community or  government programs. In the past 12 months did {you/SP} receive any meals  delivered to {your/his/her} home from community programs Meals on Wheels  or any other programs?']",['Both males and females 60 YEARS - 150 YEARS'],[nan],,
251,DBQ301,7,Refused,"['The next questions are about meals provided by community or government programs. In the past 12 months did {you/SP} receive any meals delivered to {your/his/her} home from community programs Meals on Wheels or any other programs?', 'The next questions are about meals provided by community or  government programs. In the past 12 months did {you/SP} receive any meals  delivered to {your/his/her} home from community programs Meals on Wheels  or any other programs?']",['Both males and females 60 YEARS - 150 YEARS'],[nan],,
252,DBQ301,9,Don'T Know,"['The next questions are about meals provided by community or government programs. In the past 12 months did {you/SP} receive any meals delivered to {your/his/her} home from community programs Meals on Wheels or any other programs?', 'The next questions are about meals provided by community or  government programs. In the past 12 months did {you/SP} receive any meals  delivered to {your/his/her} home from community programs Meals on Wheels  or any other programs?']",['Both males and females 60 YEARS - 150 YEARS'],[nan],,
253,DBQ301,.,Missing,"['The next questions are about meals provided by community or government programs. In the past 12 months did {you/SP} receive any meals delivered to {your/his/her} home from community programs Meals on Wheels or any other programs?', 'The next questions are about meals provided by community or  government programs. In the past 12 months did {you/SP} receive any meals  delivered to {your/his/her} home from community programs Meals on Wheels  or any other programs?']",['Both males and females 60 YEARS - 150 YEARS'],[nan],,
254,DBQ421,1,Free,"['{Do you/Does SP} get these breakfasts free at a reduced price or {do you/does he/she} pay full price?', '{Do you/Does SP} get these breakfasts free at a reduced  price or {do you/does he/she} pay full price?']",['Both males and females 4 YEARS - 19 YEARS'],[nan],,
255,DBQ421,2,Reduced Price,"['{Do you/Does SP} get these breakfasts free at a reduced price or {do you/does he/she} pay full price?', '{Do you/Does SP} get these breakfasts free at a reduced  price or {do you/does he/she} pay full price?']",['Both males and females 4 YEARS - 19 YEARS'],[nan],,
256,DBQ421,3,Full Price,"['{Do you/Does SP} get these breakfasts free at a reduced price or {do you/does he/she} pay full price?', '{Do you/Does SP} get these breakfasts free at a reduced  price or {do you/does he/she} pay full price?']",['Both males and females 4 YEARS - 19 YEARS'],[nan],,
257,DBQ421,7,Refused,"['{Do you/Does SP} get these breakfasts free at a reduced price or {do you/does he/she} pay full price?', '{Do you/Does SP} get these breakfasts free at a reduced  price or {do you/does he/she} pay full price?']",['Both males and females 4 YEARS - 19 YEARS'],[nan],,
258,DBQ421,9,Don'T Know,"['{Do you/Does SP} get these breakfasts free at a reduced price or {do you/does he/she} pay full price?', '{Do you/Does SP} get these breakfasts free at a reduced  price or {do you/does he/she} pay full price?']",['Both males and females 4 YEARS - 19 YEARS'],[nan],,
259,DBQ421,.,Missing,"['{Do you/Does SP} get these breakfasts free at a reduced price or {do you/does he/she} pay full price?', '{Do you/Does SP} get these breakfasts free at a reduced  price or {do you/does he/she} pay full price?']",['Both males and females 4 YEARS - 19 YEARS'],[nan],,
260,DBQ422,,,"[nan, 'CHECK ITEM']",['Both males and females 4 YEARS - 19 YEARS'],[nan],,
261,DBQ424,1,Yes,"['(Do you/Does SP) get a free or reduced price meal at any summer program (he/she) attends?', '(Do you/Does SP) get a free or reduced price meal at any  summer program (he/she) attends?']",['Both males and females 4 YEARS - 19 YEARS'],[nan],,
262,DBQ424,2,No,"['(Do you/Does SP) get a free or reduced price meal at any summer program (he/she) attends?', '(Do you/Does SP) get a free or reduced price meal at any  summer program (he/she) attends?']",['Both males and females 4 YEARS - 19 YEARS'],[nan],,
263,DBQ424,3,Did Not Attend Summer Program,"['(Do you/Does SP) get a free or reduced price meal at any summer program (he/she) attends?', '(Do you/Does SP) get a free or reduced price meal at any  summer program (he/she) attends?']",['Both males and females 4 YEARS - 19 YEARS'],[nan],,
264,DBQ424,7,Refused,"['(Do you/Does SP) get a free or reduced price meal at any summer program (he/she) attends?', '(Do you/Does SP) get a free or reduced price meal at any  summer program (he/she) attends?']",['Both males and females 4 YEARS - 19 YEARS'],[nan],,
265,DBQ424,9,Don'T Know,"['(Do you/Does SP) get a free or reduced price meal at any summer program (he/she) attends?', '(Do you/Does SP) get a free or reduced price meal at any  summer program (he/she) attends?']",['Both males and females 4 YEARS - 19 YEARS'],[nan],,
266,DBQ424,.,Missing,"['(Do you/Does SP) get a free or reduced price meal at any summer program (he/she) attends?', '(Do you/Does SP) get a free or reduced price meal at any  summer program (he/she) attends?']",['Both males and females 4 YEARS - 19 YEARS'],[nan],,
267,DBD072A,10,Whole Or Regular Milk,"['What type of milk was {SP} first fed on a daily basis? Was it . . .', 'What type of milk was {SP} first fed on a daily basis? Was  it . . .']",['Both males and females 0 YEARS - 6 YEARS'],[nan],,
268,DBD072A,77,Refused,"['What type of milk was {SP} first fed on a daily basis? Was it . . .', 'What type of milk was {SP} first fed on a daily basis? Was  it . . .']",['Both males and females 0 YEARS - 6 YEARS'],[nan],,
269,DBD072A,99,Don'T Know,"['What type of milk was {SP} first fed on a daily basis? Was it . . .', 'What type of milk was {SP} first fed on a daily basis? Was  it . . .']",['Both males and females 0 YEARS - 6 YEARS'],[nan],,
270,DBD072A,.,Missing,"['What type of milk was {SP} first fed on a daily basis? Was it . . .', 'What type of milk was {SP} first fed on a daily basis? Was  it . . .']",['Both males and females 0 YEARS - 6 YEARS'],[nan],,
271,DBD072B,11,2% Fat Or Reduced-Fat Milk,"['What type of milk was {SP} first fed on a daily basis? Was it . . .', 'What type of milk was {SP} first fed on a daily basis? Was  it . . .']",['Both males and females 0 YEARS - 6 YEARS'],[nan],,
272,DBD072B,.,Missing,"['What type of milk was {SP} first fed on a daily basis? Was it . . .', 'What type of milk was {SP} first fed on a daily basis? Was  it . . .']",['Both males and females 0 YEARS - 6 YEARS'],[nan],,
273,DBD072C,12,"1% Fat Or Low-Fat Milk (Includes 0.5% Fat Milk Or Low-Fat Milk Not Further Specified),","['What type of milk was {SP} first fed on a daily basis? Was it . . .', 'What type of milk was {SP} first fed on a daily basis? Was  it . . .']",['Both males and females 0 YEARS - 6 YEARS'],[nan],,
274,DBD072C,.,Missing,"['What type of milk was {SP} first fed on a daily basis? Was it . . .', 'What type of milk was {SP} first fed on a daily basis? Was  it . . .']",['Both males and females 0 YEARS - 6 YEARS'],[nan],,
275,DBD072D,13,"Fat-Free, Skim Or Nonfat Milk, Or","['What type of milk was {SP} first fed on a daily basis? Was it . . .', 'What type of milk was {SP} first fed on a daily basis? Was  it . . .']",['Both males and females 0 YEARS - 6 YEARS'],[nan],,
276,DBD072D,.,Missing,"['What type of milk was {SP} first fed on a daily basis? Was it . . .', 'What type of milk was {SP} first fed on a daily basis? Was  it . . .']",['Both males and females 0 YEARS - 6 YEARS'],[nan],,
277,DBD072U,30,Another Type?,"['What type of milk was {SP} first fed on a daily basis? Was it . . .', 'What type of milk was {SP} first fed on a daily basis? Was  it . . .']",['Both males and females 0 YEARS - 6 YEARS'],[nan],,
278,DBD072U,.,Missing,"['What type of milk was {SP} first fed on a daily basis? Was it . . .', 'What type of milk was {SP} first fed on a daily basis? Was  it . . .']",['Both males and females 0 YEARS - 6 YEARS'],[nan],,
279,DBQ700,1,Excellent,"['Next I have some questions about {your/SP?s} eating habits. In general how healthy is {your/his/her} overall diet? Would you say . . .', 'Next I have some questions about {your/SP?s} eating habits.  In general how healthy is {your/his/her} overall diet? Would you say . .  .']",['Both males and females 16 YEARS - 150 YEARS'],[nan],,
280,DBQ700,2,Very Good,"['Next I have some questions about {your/SP?s} eating habits. In general how healthy is {your/his/her} overall diet? Would you say . . .', 'Next I have some questions about {your/SP?s} eating habits.  In general how healthy is {your/his/her} overall diet? Would you say . .  .']",['Both males and females 16 YEARS - 150 YEARS'],[nan],,
281,DBQ700,3,Good,"['Next I have some questions about {your/SP?s} eating habits. In general how healthy is {your/his/her} overall diet? Would you say . . .', 'Next I have some questions about {your/SP?s} eating habits.  In general how healthy is {your/his/her} overall diet? Would you say . .  .']",['Both males and females 16 YEARS - 150 YEARS'],[nan],,
282,DBQ700,4,Fair,"['Next I have some questions about {your/SP?s} eating habits. In general how healthy is {your/his/her} overall diet? Would you say . . .', 'Next I have some questions about {your/SP?s} eating habits.  In general how healthy is {your/his/her} overall diet? Would you say . .  .']",['Both males and females 16 YEARS - 150 YEARS'],[nan],,
283,DBQ700,5,Poor,"['Next I have some questions about {your/SP?s} eating habits. In general how healthy is {your/his/her} overall diet? Would you say . . .', 'Next I have some questions about {your/SP?s} eating habits.  In general how healthy is {your/his/her} overall diet? Would you say . .  .']",['Both males and females 16 YEARS - 150 YEARS'],[nan],,
284,DBQ700,7,Refused,"['Next I have some questions about {your/SP?s} eating habits. In general how healthy is {your/his/her} overall diet? Would you say . . .', 'Next I have some questions about {your/SP?s} eating habits.  In general how healthy is {your/his/her} overall diet? Would you say . .  .']",['Both males and females 16 YEARS - 150 YEARS'],[nan],,
285,DBQ700,9,Don'T Know,"['Next I have some questions about {your/SP?s} eating habits. In general how healthy is {your/his/her} overall diet? Would you say . . .', 'Next I have some questions about {your/SP?s} eating habits.  In general how healthy is {your/his/her} overall diet? Would you say . .  .']",['Both males and females 16 YEARS - 150 YEARS'],[nan],,
286,DBQ700,.,Missing,"['Next I have some questions about {your/SP?s} eating habits. In general how healthy is {your/his/her} overall diet? Would you say . . .', 'Next I have some questions about {your/SP?s} eating habits.  In general how healthy is {your/his/her} overall diet? Would you say . .  .']",['Both males and females 16 YEARS - 150 YEARS'],[nan],,
287,DBQ197,0,Never,"['Now Im going to ask a few questions about milk products. Do not include their use in cooking. In the past 30 days how often did {you/SP} have milk to drink or on {your/his/her} cereal? Please include chocolate and other flavored milks as well as hot cocoa made with milk. Do not count small amounts of milk added to coffee or tea. Would you say...', 'Now Im going to ask a few questions about milk products. Do  not include their use in cooking. In the past 30 days how often did {you/SP}  have milk to drink or on {your/his/her} cereal? Please include chocolate and  other flavored milks as well as hot cocoa made with milk. Do not count small  amounts of milk added to coffee or tea. Would you say...']",['Both males and females 1 YEARS - 150 YEARS'],[nan],,
288,DBQ197,1,Rarely-Less Than Once A Week,"['Now Im going to ask a few questions about milk products. Do not include their use in cooking. In the past 30 days how often did {you/SP} have milk to drink or on {your/his/her} cereal? Please include chocolate and other flavored milks as well as hot cocoa made with milk. Do not count small amounts of milk added to coffee or tea. Would you say...', 'Now Im going to ask a few questions about milk products. Do  not include their use in cooking. In the past 30 days how often did {you/SP}  have milk to drink or on {your/his/her} cereal? Please include chocolate and  other flavored milks as well as hot cocoa made with milk. Do not count small  amounts of milk added to coffee or tea. Would you say...']",['Both males and females 1 YEARS - 150 YEARS'],[nan],,
289,DBQ197,2,"Sometimes-Once A Week Or More, But Less Than Once A Day, Or","['Now Im going to ask a few questions about milk products. Do not include their use in cooking. In the past 30 days how often did {you/SP} have milk to drink or on {your/his/her} cereal? Please include chocolate and other flavored milks as well as hot cocoa made with milk. Do not count small amounts of milk added to coffee or tea. Would you say...', 'Now Im going to ask a few questions about milk products. Do  not include their use in cooking. In the past 30 days how often did {you/SP}  have milk to drink or on {your/his/her} cereal? Please include chocolate and  other flavored milks as well as hot cocoa made with milk. Do not count small  amounts of milk added to coffee or tea. Would you say...']",['Both males and females 1 YEARS - 150 YEARS'],[nan],,
290,DBQ197,3,Often-Once A Day Or More?,"['Now Im going to ask a few questions about milk products. Do not include their use in cooking. In the past 30 days how often did {you/SP} have milk to drink or on {your/his/her} cereal? Please include chocolate and other flavored milks as well as hot cocoa made with milk. Do not count small amounts of milk added to coffee or tea. Would you say...', 'Now Im going to ask a few questions about milk products. Do  not include their use in cooking. In the past 30 days how often did {you/SP}  have milk to drink or on {your/his/her} cereal? Please include chocolate and  other flavored milks as well as hot cocoa made with milk. Do not count small  amounts of milk added to coffee or tea. Would you say...']",['Both males and females 1 YEARS - 150 YEARS'],[nan],,
291,DBQ197,4,Varied,"['Now Im going to ask a few questions about milk products. Do not include their use in cooking. In the past 30 days how often did {you/SP} have milk to drink or on {your/his/her} cereal? Please include chocolate and other flavored milks as well as hot cocoa made with milk. Do not count small amounts of milk added to coffee or tea. Would you say...', 'Now Im going to ask a few questions about milk products. Do  not include their use in cooking. In the past 30 days how often did {you/SP}  have milk to drink or on {your/his/her} cereal? Please include chocolate and  other flavored milks as well as hot cocoa made with milk. Do not count small  amounts of milk added to coffee or tea. Would you say...']",['Both males and females 1 YEARS - 150 YEARS'],[nan],,
292,DBQ197,7,Refused,"['Now Im going to ask a few questions about milk products. Do not include their use in cooking. In the past 30 days how often did {you/SP} have milk to drink or on {your/his/her} cereal? Please include chocolate and other flavored milks as well as hot cocoa made with milk. Do not count small amounts of milk added to coffee or tea. Would you say...', 'Now Im going to ask a few questions about milk products. Do  not include their use in cooking. In the past 30 days how often did {you/SP}  have milk to drink or on {your/his/her} cereal? Please include chocolate and  other flavored milks as well as hot cocoa made with milk. Do not count small  amounts of milk added to coffee or tea. Would you say...']",['Both males and females 1 YEARS - 150 YEARS'],[nan],,
293,DBQ197,9,Don'T Know,"['Now Im going to ask a few questions about milk products. Do not include their use in cooking. In the past 30 days how often did {you/SP} have milk to drink or on {your/his/her} cereal? Please include chocolate and other flavored milks as well as hot cocoa made with milk. Do not count small amounts of milk added to coffee or tea. Would you say...', 'Now Im going to ask a few questions about milk products. Do  not include their use in cooking. In the past 30 days how often did {you/SP}  have milk to drink or on {your/his/her} cereal? Please include chocolate and  other flavored milks as well as hot cocoa made with milk. Do not count small  amounts of milk added to coffee or tea. Would you say...']",['Both males and females 1 YEARS - 150 YEARS'],[nan],,
294,DBQ197,.,Missing,"['Now Im going to ask a few questions about milk products. Do not include their use in cooking. In the past 30 days how often did {you/SP} have milk to drink or on {your/his/her} cereal? Please include chocolate and other flavored milks as well as hot cocoa made with milk. Do not count small amounts of milk added to coffee or tea. Would you say...', 'Now Im going to ask a few questions about milk products. Do  not include their use in cooking. In the past 30 days how often did {you/SP}  have milk to drink or on {your/his/her} cereal? Please include chocolate and  other flavored milks as well as hot cocoa made with milk. Do not count small  amounts of milk added to coffee or tea. Would you say...']",['Both males and females 1 YEARS - 150 YEARS'],[nan],,
295,DBQ197,1,Rarely - Less Than Once A Week,"['Now Im going to ask a few questions about milk products. Do not include their use in cooking. In the past 30 days how often did {you/SP} have milk to drink or on {your/his/her} cereal? Please include chocolate and other flavored milks as well as hot cocoa made with milk. Do not count small amounts of milk added to coffee or tea. Would you say...', 'Now Im going to ask a few questions about milk products. Do  not include their use in cooking. In the past 30 days how often did {you/SP}  have milk to drink or on {your/his/her} cereal? Please include chocolate and  other flavored milks as well as hot cocoa made with milk. Do not count small  amounts of milk added to coffee or tea. Would you say...']",['Both males and females 1 YEARS - 150 YEARS'],[nan],,
296,DBQ197,2,"Sometimes - Once A Week Or More, But Less Than Once A Day","['Now Im going to ask a few questions about milk products. Do not include their use in cooking. In the past 30 days how often did {you/SP} have milk to drink or on {your/his/her} cereal? Please include chocolate and other flavored milks as well as hot cocoa made with milk. Do not count small amounts of milk added to coffee or tea. Would you say...', 'Now Im going to ask a few questions about milk products. Do  not include their use in cooking. In the past 30 days how often did {you/SP}  have milk to drink or on {your/his/her} cereal? Please include chocolate and  other flavored milks as well as hot cocoa made with milk. Do not count small  amounts of milk added to coffee or tea. Would you say...']",['Both males and females 1 YEARS - 150 YEARS'],[nan],,
297,DBQ197,3,Often - Once A Day Or More,"['Now Im going to ask a few questions about milk products. Do not include their use in cooking. In the past 30 days how often did {you/SP} have milk to drink or on {your/his/her} cereal? Please include chocolate and other flavored milks as well as hot cocoa made with milk. Do not count small amounts of milk added to coffee or tea. Would you say...', 'Now Im going to ask a few questions about milk products. Do  not include their use in cooking. In the past 30 days how often did {you/SP}  have milk to drink or on {your/his/her} cereal? Please include chocolate and  other flavored milks as well as hot cocoa made with milk. Do not count small  amounts of milk added to coffee or tea. Would you say...']",['Both males and females 1 YEARS - 150 YEARS'],[nan],,
298,DBD222A,10,"Whole Or Regular,",['What type of milk was it? Was it usually . . .'],['Both males and females 1 YEARS - 150 YEARS'],[nan],,
299,DBD222A,77,Refused,['What type of milk was it? Was it usually . . .'],['Both males and females 1 YEARS - 150 YEARS'],[nan],,
300,DBD222A,99,Don'T Know,['What type of milk was it? Was it usually . . .'],['Both males and females 1 YEARS - 150 YEARS'],[nan],,
301,DBD222A,.,Missing,['What type of milk was it? Was it usually . . .'],['Both males and females 1 YEARS - 150 YEARS'],[nan],,
302,DBD222B,11,"2% Fat Or Reduced-Fat Milk,",['What type of milk was it? Was it usually . . .'],['Both males and females 1 YEARS - 150 YEARS'],[nan],,
303,DBD222B,.,Missing,['What type of milk was it? Was it usually . . .'],['Both males and females 1 YEARS - 150 YEARS'],[nan],,
304,DBD222C,12,"1% Fat Or Low-Fat Milk (Includes 0.5% Fat Milk Or Low-Fat Milk Not Further Specified),",['What type of milk was it? Was it usually . . .'],['Both males and females 1 YEARS - 150 YEARS'],[nan],,
305,DBD222C,.,Missing,['What type of milk was it? Was it usually . . .'],['Both males and females 1 YEARS - 150 YEARS'],[nan],,
306,DBD222D,13,"Skim, Nonfat, Or 0.5% Fat Milk (Includes Liquid Or Reconstituted From Dry),",['What type of milk was it? Was it usually . . .'],['Both males and females 1 YEARS - 150 YEARS'],[nan],,
307,DBD222D,.,Missing,['What type of milk was it? Was it usually . . .'],['Both males and females 1 YEARS - 150 YEARS'],[nan],,
308,DBD222U,30,Another Type?,['What type of milk was it? Was it usually . . .'],['Both males and females 1 YEARS - 150 YEARS'],[nan],,
309,DBD222U,.,Missing,['What type of milk was it? Was it usually . . .'],['Both males and females 1 YEARS - 150 YEARS'],[nan],,
310,DBD265a,,,"[nan, 'CHECK ITEM']",['Both males and females 20 YEARS - 150 YEARS'],[nan],,
311,DBD709,,,[nan],['Both males and females 1 YEARS - 150 YEARS'],[nan],,
312,DBD091,1 To 21,Range Of Values,['Next Im going to ask you about meals. By meal I mean breakfast lunch and dinner. On average how many meals per week {do you/does SP} get that were not prepared at a home? Please include meals from both dine-in and carry out restaurants restaurants that deliver food to your home cafeterias fast-food places food courts food stands meals prepared at a grocery store and meals from vending machines.'],['Both males and females 1 YEARS - 150 YEARS'],[nan],,
313,DBD091,0,Never,['Next Im going to ask you about meals. By meal I mean breakfast lunch and dinner. On average how many meals per week {do you/does SP} get that were not prepared at a home? Please include meals from both dine-in and carry out restaurants restaurants that deliver food to your home cafeterias fast-food places food courts food stands meals prepared at a grocery store and meals from vending machines.'],['Both males and females 1 YEARS - 150 YEARS'],[nan],,
314,DBD091,5555,More Than 21 Times Per Week,['Next Im going to ask you about meals. By meal I mean breakfast lunch and dinner. On average how many meals per week {do you/does SP} get that were not prepared at a home? Please include meals from both dine-in and carry out restaurants restaurants that deliver food to your home cafeterias fast-food places food courts food stands meals prepared at a grocery store and meals from vending machines.'],['Both males and females 1 YEARS - 150 YEARS'],[nan],,
315,DBD091,6666,Less Than Weekly,['Next Im going to ask you about meals. By meal I mean breakfast lunch and dinner. On average how many meals per week {do you/does SP} get that were not prepared at a home? Please include meals from both dine-in and carry out restaurants restaurants that deliver food to your home cafeterias fast-food places food courts food stands meals prepared at a grocery store and meals from vending machines.'],['Both males and females 1 YEARS - 150 YEARS'],[nan],,
316,DBD091,7777,Refused,['Next Im going to ask you about meals. By meal I mean breakfast lunch and dinner. On average how many meals per week {do you/does SP} get that were not prepared at a home? Please include meals from both dine-in and carry out restaurants restaurants that deliver food to your home cafeterias fast-food places food courts food stands meals prepared at a grocery store and meals from vending machines.'],['Both males and females 1 YEARS - 150 YEARS'],[nan],,
317,DBD091,9999,Don'T Know,['Next Im going to ask you about meals. By meal I mean breakfast lunch and dinner. On average how many meals per week {do you/does SP} get that were not prepared at a home? Please include meals from both dine-in and carry out restaurants restaurants that deliver food to your home cafeterias fast-food places food courts food stands meals prepared at a grocery store and meals from vending machines.'],['Both males and females 1 YEARS - 150 YEARS'],[nan],,
318,DBD091,.,Missing,['Next Im going to ask you about meals. By meal I mean breakfast lunch and dinner. On average how many meals per week {do you/does SP} get that were not prepared at a home? Please include meals from both dine-in and carry out restaurants restaurants that deliver food to your home cafeterias fast-food places food courts food stands meals prepared at a grocery store and meals from vending machines.'],['Both males and females 1 YEARS - 150 YEARS'],[nan],,
319,DBQ719,,,[nan],['Both males and females 1 YEARS - 150 YEARS'],[nan],,
320,DBQ720,1,Yes,['Have you heard of the Dietary Guidelines for Americans?'],['Both males and females 16 YEARS - 150 YEARS'],[nan],,
321,DBQ720,2,No,['Have you heard of the Dietary Guidelines for Americans?'],['Both males and females 16 YEARS - 150 YEARS'],[nan],,
322,DBQ720,7,Refused,['Have you heard of the Dietary Guidelines for Americans?'],['Both males and females 16 YEARS - 150 YEARS'],[nan],,
323,DBQ720,9,Don'T Know,['Have you heard of the Dietary Guidelines for Americans?'],['Both males and females 16 YEARS - 150 YEARS'],[nan],,
324,DBQ720,.,Missing,['Have you heard of the Dietary Guidelines for Americans?'],['Both males and females 16 YEARS - 150 YEARS'],[nan],,
325,DBQ730,1,Yes,['[Have you heard of] The Food Guide Pyramid?'],['Both males and females 16 YEARS - 150 YEARS'],[nan],,
326,DBQ730,2,No,['[Have you heard of] The Food Guide Pyramid?'],['Both males and females 16 YEARS - 150 YEARS'],[nan],,
327,DBQ730,7,Refused,['[Have you heard of] The Food Guide Pyramid?'],['Both males and females 16 YEARS - 150 YEARS'],[nan],,
328,DBQ730,9,Don'T Know,['[Have you heard of] The Food Guide Pyramid?'],['Both males and females 16 YEARS - 150 YEARS'],[nan],,
329,DBQ730,.,Missing,['[Have you heard of] The Food Guide Pyramid?'],['Both males and females 16 YEARS - 150 YEARS'],[nan],,
330,DBQ740,1,Yes,['[Have you heard of] The 5-A-Day [for Better Health] Program?'],['Both males and females 16 YEARS - 150 YEARS'],[nan],,
331,DBQ740,2,No,['[Have you heard of] The 5-A-Day [for Better Health] Program?'],['Both males and females 16 YEARS - 150 YEARS'],[nan],,
332,DBQ740,7,Refused,['[Have you heard of] The 5-A-Day [for Better Health] Program?'],['Both males and females 16 YEARS - 150 YEARS'],[nan],,
333,DBQ740,9,Don'T Know,['[Have you heard of] The 5-A-Day [for Better Health] Program?'],['Both males and females 16 YEARS - 150 YEARS'],[nan],,
334,DBQ740,.,Missing,['[Have you heard of] The 5-A-Day [for Better Health] Program?'],['Both males and females 16 YEARS - 150 YEARS'],[nan],,
335,DBQ750,1,Always,['Here is an example of a food label. [HAND CARD DBQ4] This part of the food label is called the Nutrition Facts panel. How often do you use the Nutrition Facts panel when deciding to buy a food product?   Would you say always most of the time sometimes rarely or never? '],['Both males and females 16 YEARS - 150 YEARS'],[nan],,
336,DBQ750,2,Most Of The Time,['Here is an example of a food label. [HAND CARD DBQ4] This part of the food label is called the Nutrition Facts panel. How often do you use the Nutrition Facts panel when deciding to buy a food product?   Would you say always most of the time sometimes rarely or never? '],['Both males and females 16 YEARS - 150 YEARS'],[nan],,
337,DBQ750,3,Sometimes,['Here is an example of a food label. [HAND CARD DBQ4] This part of the food label is called the Nutrition Facts panel. How often do you use the Nutrition Facts panel when deciding to buy a food product?   Would you say always most of the time sometimes rarely or never? '],['Both males and females 16 YEARS - 150 YEARS'],[nan],,
338,DBQ750,4,Rarely,['Here is an example of a food label. [HAND CARD DBQ4] This part of the food label is called the Nutrition Facts panel. How often do you use the Nutrition Facts panel when deciding to buy a food product?   Would you say always most of the time sometimes rarely or never? '],['Both males and females 16 YEARS - 150 YEARS'],[nan],,
339,DBQ750,5,Never,['Here is an example of a food label. [HAND CARD DBQ4] This part of the food label is called the Nutrition Facts panel. How often do you use the Nutrition Facts panel when deciding to buy a food product?   Would you say always most of the time sometimes rarely or never? '],['Both males and females 16 YEARS - 150 YEARS'],[nan],,
340,DBQ750,6,Never Seen,['Here is an example of a food label. [HAND CARD DBQ4] This part of the food label is called the Nutrition Facts panel. How often do you use the Nutrition Facts panel when deciding to buy a food product?   Would you say always most of the time sometimes rarely or never? '],['Both males and females 16 YEARS - 150 YEARS'],[nan],,
341,DBQ750,77,Refused,['Here is an example of a food label. [HAND CARD DBQ4] This part of the food label is called the Nutrition Facts panel. How often do you use the Nutrition Facts panel when deciding to buy a food product?   Would you say always most of the time sometimes rarely or never? '],['Both males and females 16 YEARS - 150 YEARS'],[nan],,
342,DBQ750,99,Don'T Know,['Here is an example of a food label. [HAND CARD DBQ4] This part of the food label is called the Nutrition Facts panel. How often do you use the Nutrition Facts panel when deciding to buy a food product?   Would you say always most of the time sometimes rarely or never? '],['Both males and females 16 YEARS - 150 YEARS'],[nan],,
343,DBQ750,.,Missing,['Here is an example of a food label. [HAND CARD DBQ4] This part of the food label is called the Nutrition Facts panel. How often do you use the Nutrition Facts panel when deciding to buy a food product?   Would you say always most of the time sometimes rarely or never? '],['Both males and females 16 YEARS - 150 YEARS'],[nan],,
344,DBQ760,1,Always,['How about the list of ingredients? [How often do you use the list of ingredients when deciding to buy a food product? Would you say always most of the time sometimes rarely or never?]'],['Both males and females 16 YEARS - 150 YEARS'],[nan],,
345,DBQ760,2,Most Of The Time,['How about the list of ingredients? [How often do you use the list of ingredients when deciding to buy a food product? Would you say always most of the time sometimes rarely or never?]'],['Both males and females 16 YEARS - 150 YEARS'],[nan],,
346,DBQ760,3,Sometimes,['How about the list of ingredients? [How often do you use the list of ingredients when deciding to buy a food product? Would you say always most of the time sometimes rarely or never?]'],['Both males and females 16 YEARS - 150 YEARS'],[nan],,
347,DBQ760,4,Rarely,['How about the list of ingredients? [How often do you use the list of ingredients when deciding to buy a food product? Would you say always most of the time sometimes rarely or never?]'],['Both males and females 16 YEARS - 150 YEARS'],[nan],,
348,DBQ760,5,Never,['How about the list of ingredients? [How often do you use the list of ingredients when deciding to buy a food product? Would you say always most of the time sometimes rarely or never?]'],['Both males and females 16 YEARS - 150 YEARS'],[nan],,
349,DBQ760,6,Never Seen,['How about the list of ingredients? [How often do you use the list of ingredients when deciding to buy a food product? Would you say always most of the time sometimes rarely or never?]'],['Both males and females 16 YEARS - 150 YEARS'],[nan],,
350,DBQ760,77,Refused,['How about the list of ingredients? [How often do you use the list of ingredients when deciding to buy a food product? Would you say always most of the time sometimes rarely or never?]'],['Both males and females 16 YEARS - 150 YEARS'],[nan],,
351,DBQ760,99,Don'T Know,['How about the list of ingredients? [How often do you use the list of ingredients when deciding to buy a food product? Would you say always most of the time sometimes rarely or never?]'],['Both males and females 16 YEARS - 150 YEARS'],[nan],,
352,DBQ760,.,Missing,['How about the list of ingredients? [How often do you use the list of ingredients when deciding to buy a food product? Would you say always most of the time sometimes rarely or never?]'],['Both males and females 16 YEARS - 150 YEARS'],[nan],,
353,DBQ770,1,Always,['How about the information on the size of a serving? [How often do you use information on the size of a serving when deciding to buy a food product? Would you say always most of the time sometimes rarely or never?]'],['Both males and females 16 YEARS - 150 YEARS'],[nan],,
354,DBQ770,2,Most Of The Time,['How about the information on the size of a serving? [How often do you use information on the size of a serving when deciding to buy a food product? Would you say always most of the time sometimes rarely or never?]'],['Both males and females 16 YEARS - 150 YEARS'],[nan],,
355,DBQ770,3,Sometimes,['How about the information on the size of a serving? [How often do you use information on the size of a serving when deciding to buy a food product? Would you say always most of the time sometimes rarely or never?]'],['Both males and females 16 YEARS - 150 YEARS'],[nan],,
356,DBQ770,4,Rarely,['How about the information on the size of a serving? [How often do you use information on the size of a serving when deciding to buy a food product? Would you say always most of the time sometimes rarely or never?]'],['Both males and females 16 YEARS - 150 YEARS'],[nan],,
357,DBQ770,5,Never,['How about the information on the size of a serving? [How often do you use information on the size of a serving when deciding to buy a food product? Would you say always most of the time sometimes rarely or never?]'],['Both males and females 16 YEARS - 150 YEARS'],[nan],,
358,DBQ770,6,Never Seen,['How about the information on the size of a serving? [How often do you use information on the size of a serving when deciding to buy a food product? Would you say always most of the time sometimes rarely or never?]'],['Both males and females 16 YEARS - 150 YEARS'],[nan],,
359,DBQ770,77,Refused,['How about the information on the size of a serving? [How often do you use information on the size of a serving when deciding to buy a food product? Would you say always most of the time sometimes rarely or never?]'],['Both males and females 16 YEARS - 150 YEARS'],[nan],,
360,DBQ770,99,Don'T Know,['How about the information on the size of a serving? [How often do you use information on the size of a serving when deciding to buy a food product? Would you say always most of the time sometimes rarely or never?]'],['Both males and females 16 YEARS - 150 YEARS'],[nan],,
361,DBQ770,.,Missing,['How about the information on the size of a serving? [How often do you use information on the size of a serving when deciding to buy a food product? Would you say always most of the time sometimes rarely or never?]'],['Both males and females 16 YEARS - 150 YEARS'],[nan],,
362,DBQ780,1,Always,['Some food packages contain health claims about the benefits of nutrients or foods like the examples on this card. [HAND CARD DBQ6] How often do you use this kind of health claim when deciding to buy a product? Would you say always most of the time sometimes rarely or never?'],['Both males and females 16 YEARS - 150 YEARS'],[nan],,
363,DBQ780,2,Most Of The Time,['Some food packages contain health claims about the benefits of nutrients or foods like the examples on this card. [HAND CARD DBQ6] How often do you use this kind of health claim when deciding to buy a product? Would you say always most of the time sometimes rarely or never?'],['Both males and females 16 YEARS - 150 YEARS'],[nan],,
364,DBQ780,3,Sometimes,['Some food packages contain health claims about the benefits of nutrients or foods like the examples on this card. [HAND CARD DBQ6] How often do you use this kind of health claim when deciding to buy a product? Would you say always most of the time sometimes rarely or never?'],['Both males and females 16 YEARS - 150 YEARS'],[nan],,
365,DBQ780,4,Rarely,['Some food packages contain health claims about the benefits of nutrients or foods like the examples on this card. [HAND CARD DBQ6] How often do you use this kind of health claim when deciding to buy a product? Would you say always most of the time sometimes rarely or never?'],['Both males and females 16 YEARS - 150 YEARS'],[nan],,
366,DBQ780,5,Never,['Some food packages contain health claims about the benefits of nutrients or foods like the examples on this card. [HAND CARD DBQ6] How often do you use this kind of health claim when deciding to buy a product? Would you say always most of the time sometimes rarely or never?'],['Both males and females 16 YEARS - 150 YEARS'],[nan],,
367,DBQ780,6,Never Seen,['Some food packages contain health claims about the benefits of nutrients or foods like the examples on this card. [HAND CARD DBQ6] How often do you use this kind of health claim when deciding to buy a product? Would you say always most of the time sometimes rarely or never?'],['Both males and females 16 YEARS - 150 YEARS'],[nan],,
368,DBQ780,77,Refused,['Some food packages contain health claims about the benefits of nutrients or foods like the examples on this card. [HAND CARD DBQ6] How often do you use this kind of health claim when deciding to buy a product? Would you say always most of the time sometimes rarely or never?'],['Both males and females 16 YEARS - 150 YEARS'],[nan],,
369,DBQ780,99,Don'T Know,['Some food packages contain health claims about the benefits of nutrients or foods like the examples on this card. [HAND CARD DBQ6] How often do you use this kind of health claim when deciding to buy a product? Would you say always most of the time sometimes rarely or never?'],['Both males and females 16 YEARS - 150 YEARS'],[nan],,
370,DBQ780,.,Missing,['Some food packages contain health claims about the benefits of nutrients or foods like the examples on this card. [HAND CARD DBQ6] How often do you use this kind of health claim when deciding to buy a product? Would you say always most of the time sometimes rarely or never?'],['Both males and females 16 YEARS - 150 YEARS'],[nan],,
371,DBQ789,,,[nan],['Both males and females 16 YEARS - 150 YEARS'],[nan],,
372,DBQ790,1,Always,['When you use the food label to decide about a food product how often do you look for information about calories? Would you say always most of the time sometimes rarely or never?   '],['Both males and females 16 YEARS - 150 YEARS'],[nan],,
373,DBQ790,2,Most Of The Time,['When you use the food label to decide about a food product how often do you look for information about calories? Would you say always most of the time sometimes rarely or never?   '],['Both males and females 16 YEARS - 150 YEARS'],[nan],,
374,DBQ790,3,Sometimes,['When you use the food label to decide about a food product how often do you look for information about calories? Would you say always most of the time sometimes rarely or never?   '],['Both males and females 16 YEARS - 150 YEARS'],[nan],,
375,DBQ790,4,Rarely,['When you use the food label to decide about a food product how often do you look for information about calories? Would you say always most of the time sometimes rarely or never?   '],['Both males and females 16 YEARS - 150 YEARS'],[nan],,
376,DBQ790,5,Never,['When you use the food label to decide about a food product how often do you look for information about calories? Would you say always most of the time sometimes rarely or never?   '],['Both males and females 16 YEARS - 150 YEARS'],[nan],,
377,DBQ790,7,Refused,['When you use the food label to decide about a food product how often do you look for information about calories? Would you say always most of the time sometimes rarely or never?   '],['Both males and females 16 YEARS - 150 YEARS'],[nan],,
378,DBQ790,9,Don'T Know,['When you use the food label to decide about a food product how often do you look for information about calories? Would you say always most of the time sometimes rarely or never?   '],['Both males and females 16 YEARS - 150 YEARS'],[nan],,
379,DBQ790,.,Missing,['When you use the food label to decide about a food product how often do you look for information about calories? Would you say always most of the time sometimes rarely or never?   '],['Both males and females 16 YEARS - 150 YEARS'],[nan],,
380,DBQ800,1,Always,['[When you use the food label to decide about a food product how often do you look for information about] calories from fat? [Would you say always most of the time sometimes rarely or never?]  '],['Both males and females 16 YEARS - 150 YEARS'],[nan],,
381,DBQ800,2,Most Of The Time,['[When you use the food label to decide about a food product how often do you look for information about] calories from fat? [Would you say always most of the time sometimes rarely or never?]  '],['Both males and females 16 YEARS - 150 YEARS'],[nan],,
382,DBQ800,3,Sometimes,['[When you use the food label to decide about a food product how often do you look for information about] calories from fat? [Would you say always most of the time sometimes rarely or never?]  '],['Both males and females 16 YEARS - 150 YEARS'],[nan],,
383,DBQ800,4,Rarely,['[When you use the food label to decide about a food product how often do you look for information about] calories from fat? [Would you say always most of the time sometimes rarely or never?]  '],['Both males and females 16 YEARS - 150 YEARS'],[nan],,
384,DBQ800,5,Never,['[When you use the food label to decide about a food product how often do you look for information about] calories from fat? [Would you say always most of the time sometimes rarely or never?]  '],['Both males and females 16 YEARS - 150 YEARS'],[nan],,
385,DBQ800,7,Refused,['[When you use the food label to decide about a food product how often do you look for information about] calories from fat? [Would you say always most of the time sometimes rarely or never?]  '],['Both males and females 16 YEARS - 150 YEARS'],[nan],,
386,DBQ800,9,Don'T Know,['[When you use the food label to decide about a food product how often do you look for information about] calories from fat? [Would you say always most of the time sometimes rarely or never?]  '],['Both males and females 16 YEARS - 150 YEARS'],[nan],,
387,DBQ800,.,Missing,['[When you use the food label to decide about a food product how often do you look for information about] calories from fat? [Would you say always most of the time sometimes rarely or never?]  '],['Both males and females 16 YEARS - 150 YEARS'],[nan],,
388,DBQ810,1,Always,['[When you use the food label to decide about a food product how often do you look for information about] total fat? [Would you say always most of the time sometimes rarely or never?] '],['Both males and females 16 YEARS - 150 YEARS'],[nan],,
389,DBQ810,2,Most Of The Time,['[When you use the food label to decide about a food product how often do you look for information about] total fat? [Would you say always most of the time sometimes rarely or never?] '],['Both males and females 16 YEARS - 150 YEARS'],[nan],,
390,DBQ810,3,Sometimes,['[When you use the food label to decide about a food product how often do you look for information about] total fat? [Would you say always most of the time sometimes rarely or never?] '],['Both males and females 16 YEARS - 150 YEARS'],[nan],,
391,DBQ810,4,Rarely,['[When you use the food label to decide about a food product how often do you look for information about] total fat? [Would you say always most of the time sometimes rarely or never?] '],['Both males and females 16 YEARS - 150 YEARS'],[nan],,
392,DBQ810,5,Never,['[When you use the food label to decide about a food product how often do you look for information about] total fat? [Would you say always most of the time sometimes rarely or never?] '],['Both males and females 16 YEARS - 150 YEARS'],[nan],,
393,DBQ810,7,Refused,['[When you use the food label to decide about a food product how often do you look for information about] total fat? [Would you say always most of the time sometimes rarely or never?] '],['Both males and females 16 YEARS - 150 YEARS'],[nan],,
394,DBQ810,9,Don'T Know,['[When you use the food label to decide about a food product how often do you look for information about] total fat? [Would you say always most of the time sometimes rarely or never?] '],['Both males and females 16 YEARS - 150 YEARS'],[nan],,
395,DBQ810,.,Missing,['[When you use the food label to decide about a food product how often do you look for information about] total fat? [Would you say always most of the time sometimes rarely or never?] '],['Both males and females 16 YEARS - 150 YEARS'],[nan],,
396,DBQ820,1,Always,['[When you use the food label to decide about a food product how often do you look for information about] trans fat? [Would you say always most of the time sometimes rarely or never?] '],['Both males and females 16 YEARS - 150 YEARS'],[nan],,
397,DBQ820,2,Most Of The Time,['[When you use the food label to decide about a food product how often do you look for information about] trans fat? [Would you say always most of the time sometimes rarely or never?] '],['Both males and females 16 YEARS - 150 YEARS'],[nan],,
398,DBQ820,3,Sometimes,['[When you use the food label to decide about a food product how often do you look for information about] trans fat? [Would you say always most of the time sometimes rarely or never?] '],['Both males and females 16 YEARS - 150 YEARS'],[nan],,
399,DBQ820,4,Rarely,['[When you use the food label to decide about a food product how often do you look for information about] trans fat? [Would you say always most of the time sometimes rarely or never?] '],['Both males and females 16 YEARS - 150 YEARS'],[nan],,
400,DBQ820,5,Never,['[When you use the food label to decide about a food product how often do you look for information about] trans fat? [Would you say always most of the time sometimes rarely or never?] '],['Both males and females 16 YEARS - 150 YEARS'],[nan],,
401,DBQ820,7,Refused,['[When you use the food label to decide about a food product how often do you look for information about] trans fat? [Would you say always most of the time sometimes rarely or never?] '],['Both males and females 16 YEARS - 150 YEARS'],[nan],,
402,DBQ820,9,Don'T Know,['[When you use the food label to decide about a food product how often do you look for information about] trans fat? [Would you say always most of the time sometimes rarely or never?] '],['Both males and females 16 YEARS - 150 YEARS'],[nan],,
403,DBQ820,.,Missing,['[When you use the food label to decide about a food product how often do you look for information about] trans fat? [Would you say always most of the time sometimes rarely or never?] '],['Both males and females 16 YEARS - 150 YEARS'],[nan],,
404,DBQ830,1,Always,['[When you use the food label to decide about a food product how often do you look for information about] saturated fat? [Would you say always most of the time sometimes rarely or never?]'],['Both males and females 16 YEARS - 150 YEARS'],[nan],,
405,DBQ830,2,Most Of The Time,['[When you use the food label to decide about a food product how often do you look for information about] saturated fat? [Would you say always most of the time sometimes rarely or never?]'],['Both males and females 16 YEARS - 150 YEARS'],[nan],,
406,DBQ830,3,Sometimes,['[When you use the food label to decide about a food product how often do you look for information about] saturated fat? [Would you say always most of the time sometimes rarely or never?]'],['Both males and females 16 YEARS - 150 YEARS'],[nan],,
407,DBQ830,4,Rarely,['[When you use the food label to decide about a food product how often do you look for information about] saturated fat? [Would you say always most of the time sometimes rarely or never?]'],['Both males and females 16 YEARS - 150 YEARS'],[nan],,
408,DBQ830,5,Never,['[When you use the food label to decide about a food product how often do you look for information about] saturated fat? [Would you say always most of the time sometimes rarely or never?]'],['Both males and females 16 YEARS - 150 YEARS'],[nan],,
409,DBQ830,7,Refused,['[When you use the food label to decide about a food product how often do you look for information about] saturated fat? [Would you say always most of the time sometimes rarely or never?]'],['Both males and females 16 YEARS - 150 YEARS'],[nan],,
410,DBQ830,9,Don'T Know,['[When you use the food label to decide about a food product how often do you look for information about] saturated fat? [Would you say always most of the time sometimes rarely or never?]'],['Both males and females 16 YEARS - 150 YEARS'],[nan],,
411,DBQ830,.,Missing,['[When you use the food label to decide about a food product how often do you look for information about] saturated fat? [Would you say always most of the time sometimes rarely or never?]'],['Both males and females 16 YEARS - 150 YEARS'],[nan],,
412,DBQ840,1,Always,['[When you use the food label to decide about a food product how often do you look for information about] cholesterol? [Would you say always most of the time sometimes rarely or never?] '],['Both males and females 16 YEARS - 150 YEARS'],[nan],,
413,DBQ840,2,Most Of The Time,['[When you use the food label to decide about a food product how often do you look for information about] cholesterol? [Would you say always most of the time sometimes rarely or never?] '],['Both males and females 16 YEARS - 150 YEARS'],[nan],,
414,DBQ840,3,Sometimes,['[When you use the food label to decide about a food product how often do you look for information about] cholesterol? [Would you say always most of the time sometimes rarely or never?] '],['Both males and females 16 YEARS - 150 YEARS'],[nan],,
415,DBQ840,4,Rarely,['[When you use the food label to decide about a food product how often do you look for information about] cholesterol? [Would you say always most of the time sometimes rarely or never?] '],['Both males and females 16 YEARS - 150 YEARS'],[nan],,
416,DBQ840,5,Never,['[When you use the food label to decide about a food product how often do you look for information about] cholesterol? [Would you say always most of the time sometimes rarely or never?] '],['Both males and females 16 YEARS - 150 YEARS'],[nan],,
417,DBQ840,7,Refused,['[When you use the food label to decide about a food product how often do you look for information about] cholesterol? [Would you say always most of the time sometimes rarely or never?] '],['Both males and females 16 YEARS - 150 YEARS'],[nan],,
418,DBQ840,9,Don'T Know,['[When you use the food label to decide about a food product how often do you look for information about] cholesterol? [Would you say always most of the time sometimes rarely or never?] '],['Both males and females 16 YEARS - 150 YEARS'],[nan],,
419,DBQ840,.,Missing,['[When you use the food label to decide about a food product how often do you look for information about] cholesterol? [Would you say always most of the time sometimes rarely or never?] '],['Both males and females 16 YEARS - 150 YEARS'],[nan],,
420,DBQ850,1,Always,['[When you use the food label to decide about a food product how often do you look for information about] sodium? [Would you say always most of the time sometimes rarely or never?]'],['Both males and females 16 YEARS - 150 YEARS'],[nan],,
421,DBQ850,2,Most Of The Time,['[When you use the food label to decide about a food product how often do you look for information about] sodium? [Would you say always most of the time sometimes rarely or never?]'],['Both males and females 16 YEARS - 150 YEARS'],[nan],,
422,DBQ850,3,Sometimes,['[When you use the food label to decide about a food product how often do you look for information about] sodium? [Would you say always most of the time sometimes rarely or never?]'],['Both males and females 16 YEARS - 150 YEARS'],[nan],,
423,DBQ850,4,Rarely,['[When you use the food label to decide about a food product how often do you look for information about] sodium? [Would you say always most of the time sometimes rarely or never?]'],['Both males and females 16 YEARS - 150 YEARS'],[nan],,
424,DBQ850,5,Never,['[When you use the food label to decide about a food product how often do you look for information about] sodium? [Would you say always most of the time sometimes rarely or never?]'],['Both males and females 16 YEARS - 150 YEARS'],[nan],,
425,DBQ850,7,Refused,['[When you use the food label to decide about a food product how often do you look for information about] sodium? [Would you say always most of the time sometimes rarely or never?]'],['Both males and females 16 YEARS - 150 YEARS'],[nan],,
426,DBQ850,9,Don'T Know,['[When you use the food label to decide about a food product how often do you look for information about] sodium? [Would you say always most of the time sometimes rarely or never?]'],['Both males and females 16 YEARS - 150 YEARS'],[nan],,
427,DBQ850,.,Missing,['[When you use the food label to decide about a food product how often do you look for information about] sodium? [Would you say always most of the time sometimes rarely or never?]'],['Both males and females 16 YEARS - 150 YEARS'],[nan],,
428,DBQ860,1,Always,['[When you use the food label to decide about a food product how often do you look for information about] carbohydrates (car-bO-hi-drats)? [Would you say always most of the time sometimes rarely or never?] '],['Both males and females 16 YEARS - 150 YEARS'],[nan],,
429,DBQ860,2,Most Of The Time,['[When you use the food label to decide about a food product how often do you look for information about] carbohydrates (car-bO-hi-drats)? [Would you say always most of the time sometimes rarely or never?] '],['Both males and females 16 YEARS - 150 YEARS'],[nan],,
430,DBQ860,3,Sometimes,['[When you use the food label to decide about a food product how often do you look for information about] carbohydrates (car-bO-hi-drats)? [Would you say always most of the time sometimes rarely or never?] '],['Both males and females 16 YEARS - 150 YEARS'],[nan],,
431,DBQ860,4,Rarely,['[When you use the food label to decide about a food product how often do you look for information about] carbohydrates (car-bO-hi-drats)? [Would you say always most of the time sometimes rarely or never?] '],['Both males and females 16 YEARS - 150 YEARS'],[nan],,
432,DBQ860,5,Never,['[When you use the food label to decide about a food product how often do you look for information about] carbohydrates (car-bO-hi-drats)? [Would you say always most of the time sometimes rarely or never?] '],['Both males and females 16 YEARS - 150 YEARS'],[nan],,
433,DBQ860,7,Refused,['[When you use the food label to decide about a food product how often do you look for information about] carbohydrates (car-bO-hi-drats)? [Would you say always most of the time sometimes rarely or never?] '],['Both males and females 16 YEARS - 150 YEARS'],[nan],,
434,DBQ860,9,Don'T Know,['[When you use the food label to decide about a food product how often do you look for information about] carbohydrates (car-bO-hi-drats)? [Would you say always most of the time sometimes rarely or never?] '],['Both males and females 16 YEARS - 150 YEARS'],[nan],,
435,DBQ860,.,Missing,['[When you use the food label to decide about a food product how often do you look for information about] carbohydrates (car-bO-hi-drats)? [Would you say always most of the time sometimes rarely or never?] '],['Both males and females 16 YEARS - 150 YEARS'],[nan],,
436,DBQ870,1,Always,['[When you use the food label to decide about a food product how often do you look for information about] fiber? [Would you say always most of the time sometimes rarely or never?]'],['Both males and females 16 YEARS - 150 YEARS'],[nan],,
437,DBQ870,2,Most Of The Time,['[When you use the food label to decide about a food product how often do you look for information about] fiber? [Would you say always most of the time sometimes rarely or never?]'],['Both males and females 16 YEARS - 150 YEARS'],[nan],,
438,DBQ870,3,Sometimes,['[When you use the food label to decide about a food product how often do you look for information about] fiber? [Would you say always most of the time sometimes rarely or never?]'],['Both males and females 16 YEARS - 150 YEARS'],[nan],,
439,DBQ870,4,Rarely,['[When you use the food label to decide about a food product how often do you look for information about] fiber? [Would you say always most of the time sometimes rarely or never?]'],['Both males and females 16 YEARS - 150 YEARS'],[nan],,
440,DBQ870,5,Never,['[When you use the food label to decide about a food product how often do you look for information about] fiber? [Would you say always most of the time sometimes rarely or never?]'],['Both males and females 16 YEARS - 150 YEARS'],[nan],,
441,DBQ870,7,Refused,['[When you use the food label to decide about a food product how often do you look for information about] fiber? [Would you say always most of the time sometimes rarely or never?]'],['Both males and females 16 YEARS - 150 YEARS'],[nan],,
442,DBQ870,9,Don'T Know,['[When you use the food label to decide about a food product how often do you look for information about] fiber? [Would you say always most of the time sometimes rarely or never?]'],['Both males and females 16 YEARS - 150 YEARS'],[nan],,
443,DBQ870,.,Missing,['[When you use the food label to decide about a food product how often do you look for information about] fiber? [Would you say always most of the time sometimes rarely or never?]'],['Both males and females 16 YEARS - 150 YEARS'],[nan],,
444,DBQ880,1,Always,['[When you use the food label to decide about a food product how often do you look for information about] sugars? [Would you say always most of the time sometimes rarely or never?] '],['Both males and females 16 YEARS - 150 YEARS'],[nan],,
445,DBQ880,2,Most Of The Time,['[When you use the food label to decide about a food product how often do you look for information about] sugars? [Would you say always most of the time sometimes rarely or never?] '],['Both males and females 16 YEARS - 150 YEARS'],[nan],,
446,DBQ880,3,Sometimes,['[When you use the food label to decide about a food product how often do you look for information about] sugars? [Would you say always most of the time sometimes rarely or never?] '],['Both males and females 16 YEARS - 150 YEARS'],[nan],,
447,DBQ880,4,Rarely,['[When you use the food label to decide about a food product how often do you look for information about] sugars? [Would you say always most of the time sometimes rarely or never?] '],['Both males and females 16 YEARS - 150 YEARS'],[nan],,
448,DBQ880,5,Never,['[When you use the food label to decide about a food product how often do you look for information about] sugars? [Would you say always most of the time sometimes rarely or never?] '],['Both males and females 16 YEARS - 150 YEARS'],[nan],,
449,DBQ880,7,Refused,['[When you use the food label to decide about a food product how often do you look for information about] sugars? [Would you say always most of the time sometimes rarely or never?] '],['Both males and females 16 YEARS - 150 YEARS'],[nan],,
450,DBQ880,9,Don'T Know,['[When you use the food label to decide about a food product how often do you look for information about] sugars? [Would you say always most of the time sometimes rarely or never?] '],['Both males and females 16 YEARS - 150 YEARS'],[nan],,
451,DBQ880,.,Missing,['[When you use the food label to decide about a food product how often do you look for information about] sugars? [Would you say always most of the time sometimes rarely or never?] '],['Both males and females 16 YEARS - 150 YEARS'],[nan],,
452,DBQ890,1,Strongly Agree,['Would you say you strongly agree somewhat agree neither agree nor disagree somewhat disagree or strongly disagree with the following statement: Some people are born to be fat and some thin; there is not much you can do to change this? '],['Both males and females 16 YEARS - 150 YEARS'],[nan],,
453,DBQ890,2,Somewhat Agree,['Would you say you strongly agree somewhat agree neither agree nor disagree somewhat disagree or strongly disagree with the following statement: Some people are born to be fat and some thin; there is not much you can do to change this? '],['Both males and females 16 YEARS - 150 YEARS'],[nan],,
454,DBQ890,3,Neither Agree Or Disagree,['Would you say you strongly agree somewhat agree neither agree nor disagree somewhat disagree or strongly disagree with the following statement: Some people are born to be fat and some thin; there is not much you can do to change this? '],['Both males and females 16 YEARS - 150 YEARS'],[nan],,
455,DBQ890,4,Somewhat Disagree,['Would you say you strongly agree somewhat agree neither agree nor disagree somewhat disagree or strongly disagree with the following statement: Some people are born to be fat and some thin; there is not much you can do to change this? '],['Both males and females 16 YEARS - 150 YEARS'],[nan],,
456,DBQ890,5,Strongly Disagree,['Would you say you strongly agree somewhat agree neither agree nor disagree somewhat disagree or strongly disagree with the following statement: Some people are born to be fat and some thin; there is not much you can do to change this? '],['Both males and females 16 YEARS - 150 YEARS'],[nan],,
457,DBQ890,7,Refused,['Would you say you strongly agree somewhat agree neither agree nor disagree somewhat disagree or strongly disagree with the following statement: Some people are born to be fat and some thin; there is not much you can do to change this? '],['Both males and females 16 YEARS - 150 YEARS'],[nan],,
458,DBQ890,9,Don'T Know,['Would you say you strongly agree somewhat agree neither agree nor disagree somewhat disagree or strongly disagree with the following statement: Some people are born to be fat and some thin; there is not much you can do to change this? '],['Both males and females 16 YEARS - 150 YEARS'],[nan],,
459,DBQ890,.,Missing,['Would you say you strongly agree somewhat agree neither agree nor disagree somewhat disagree or strongly disagree with the following statement: Some people are born to be fat and some thin; there is not much you can do to change this? '],['Both males and females 16 YEARS - 150 YEARS'],[nan],,
460,DBD895,1 To 21,Range Of Values,"['Next Im going to ask you about meals. By meal I mean  breakfast lunch and dinner. During the past 7 days how many meals {did  you/did SP} get that were prepared away from home in places such as  restaurants fast food places food stands grocery stores or from vending  machines? {Please do not include meals provided as part of the school lunch  or school breakfast./Please do not include meals provided as part of the  community programs you reported earlier.}', 'Next Im going to ask you about meals. By meal I mean breakfast lunch and dinner. During the past 7 days how many meals {did you/did SP} get that were prepared away from home in places such as restaurants fast food places food stands grocery stores or from vending machines? {Please do not include meals provided as part of the school lunch or school breakfast./Please do not include meals provided as part of the community programs you reported earlier.}']",['Both males and females 1 YEARS - 150 YEARS'],[nan],,
461,DBD895,0,None,"['Next Im going to ask you about meals. By meal I mean  breakfast lunch and dinner. During the past 7 days how many meals {did  you/did SP} get that were prepared away from home in places such as  restaurants fast food places food stands grocery stores or from vending  machines? {Please do not include meals provided as part of the school lunch  or school breakfast./Please do not include meals provided as part of the  community programs you reported earlier.}', 'Next Im going to ask you about meals. By meal I mean breakfast lunch and dinner. During the past 7 days how many meals {did you/did SP} get that were prepared away from home in places such as restaurants fast food places food stands grocery stores or from vending machines? {Please do not include meals provided as part of the school lunch or school breakfast./Please do not include meals provided as part of the community programs you reported earlier.}']",['Both males and females 1 YEARS - 150 YEARS'],[nan],,
462,DBD895,5555,More Than 21 Meals Per Week,"['Next Im going to ask you about meals. By meal I mean  breakfast lunch and dinner. During the past 7 days how many meals {did  you/did SP} get that were prepared away from home in places such as  restaurants fast food places food stands grocery stores or from vending  machines? {Please do not include meals provided as part of the school lunch  or school breakfast./Please do not include meals provided as part of the  community programs you reported earlier.}', 'Next Im going to ask you about meals. By meal I mean breakfast lunch and dinner. During the past 7 days how many meals {did you/did SP} get that were prepared away from home in places such as restaurants fast food places food stands grocery stores or from vending machines? {Please do not include meals provided as part of the school lunch or school breakfast./Please do not include meals provided as part of the community programs you reported earlier.}']",['Both males and females 1 YEARS - 150 YEARS'],[nan],,
463,DBD895,7777,Refused,"['Next Im going to ask you about meals. By meal I mean  breakfast lunch and dinner. During the past 7 days how many meals {did  you/did SP} get that were prepared away from home in places such as  restaurants fast food places food stands grocery stores or from vending  machines? {Please do not include meals provided as part of the school lunch  or school breakfast./Please do not include meals provided as part of the  community programs you reported earlier.}', 'Next Im going to ask you about meals. By meal I mean breakfast lunch and dinner. During the past 7 days how many meals {did you/did SP} get that were prepared away from home in places such as restaurants fast food places food stands grocery stores or from vending machines? {Please do not include meals provided as part of the school lunch or school breakfast./Please do not include meals provided as part of the community programs you reported earlier.}']",['Both males and females 1 YEARS - 150 YEARS'],[nan],,
464,DBD895,9999,Dont Know,"['Next Im going to ask you about meals. By meal I mean  breakfast lunch and dinner. During the past 7 days how many meals {did  you/did SP} get that were prepared away from home in places such as  restaurants fast food places food stands grocery stores or from vending  machines? {Please do not include meals provided as part of the school lunch  or school breakfast./Please do not include meals provided as part of the  community programs you reported earlier.}', 'Next Im going to ask you about meals. By meal I mean breakfast lunch and dinner. During the past 7 days how many meals {did you/did SP} get that were prepared away from home in places such as restaurants fast food places food stands grocery stores or from vending machines? {Please do not include meals provided as part of the school lunch or school breakfast./Please do not include meals provided as part of the community programs you reported earlier.}']",['Both males and females 1 YEARS - 150 YEARS'],[nan],,
465,DBD895,.,Missing,"['Next Im going to ask you about meals. By meal I mean  breakfast lunch and dinner. During the past 7 days how many meals {did  you/did SP} get that were prepared away from home in places such as  restaurants fast food places food stands grocery stores or from vending  machines? {Please do not include meals provided as part of the school lunch  or school breakfast./Please do not include meals provided as part of the  community programs you reported earlier.}', 'Next Im going to ask you about meals. By meal I mean breakfast lunch and dinner. During the past 7 days how many meals {did you/did SP} get that were prepared away from home in places such as restaurants fast food places food stands grocery stores or from vending machines? {Please do not include meals provided as part of the school lunch or school breakfast./Please do not include meals provided as part of the community programs you reported earlier.}']",['Both males and females 1 YEARS - 150 YEARS'],[nan],,
466,DBD895,5555,More Than 21,"['Next Im going to ask you about meals. By meal I mean  breakfast lunch and dinner. During the past 7 days how many meals {did  you/did SP} get that were prepared away from home in places such as  restaurants fast food places food stands grocery stores or from vending  machines? {Please do not include meals provided as part of the school lunch  or school breakfast./Please do not include meals provided as part of the  community programs you reported earlier.}', 'Next Im going to ask you about meals. By meal I mean breakfast lunch and dinner. During the past 7 days how many meals {did you/did SP} get that were prepared away from home in places such as restaurants fast food places food stands grocery stores or from vending machines? {Please do not include meals provided as part of the school lunch or school breakfast./Please do not include meals provided as part of the community programs you reported earlier.}']",['Both males and females 1 YEARS - 150 YEARS'],[nan],,
467,DBD895,9999,Don'T Know,"['Next Im going to ask you about meals. By meal I mean  breakfast lunch and dinner. During the past 7 days how many meals {did  you/did SP} get that were prepared away from home in places such as  restaurants fast food places food stands grocery stores or from vending  machines? {Please do not include meals provided as part of the school lunch  or school breakfast./Please do not include meals provided as part of the  community programs you reported earlier.}', 'Next Im going to ask you about meals. By meal I mean breakfast lunch and dinner. During the past 7 days how many meals {did you/did SP} get that were prepared away from home in places such as restaurants fast food places food stands grocery stores or from vending machines? {Please do not include meals provided as part of the school lunch or school breakfast./Please do not include meals provided as part of the community programs you reported earlier.}']",['Both males and females 1 YEARS - 150 YEARS'],[nan],,
468,DBD900,0 To 21,Range Of Values,"['How many of those meals {did you/did SP} get from a fast-food  or pizza place?', 'How many of those meals {did you/did SP} get from a fast-food or pizza place?']",['Both males and females 1 YEARS - 150 YEARS'],[nan],,
469,DBD900,7777,Refused,"['How many of those meals {did you/did SP} get from a fast-food  or pizza place?', 'How many of those meals {did you/did SP} get from a fast-food or pizza place?']",['Both males and females 1 YEARS - 150 YEARS'],[nan],,
470,DBD900,9999,Don'T Know,"['How many of those meals {did you/did SP} get from a fast-food  or pizza place?', 'How many of those meals {did you/did SP} get from a fast-food or pizza place?']",['Both males and females 1 YEARS - 150 YEARS'],[nan],,
471,DBD900,.,Missing,"['How many of those meals {did you/did SP} get from a fast-food  or pizza place?', 'How many of those meals {did you/did SP} get from a fast-food or pizza place?']",['Both males and females 1 YEARS - 150 YEARS'],[nan],,
472,DBD900,1 To 21,Range Of Values,"['How many of those meals {did you/did SP} get from a fast-food  or pizza place?', 'How many of those meals {did you/did SP} get from a fast-food or pizza place?']",['Both males and females 1 YEARS - 150 YEARS'],[nan],,
473,DBD900,0,None,"['How many of those meals {did you/did SP} get from a fast-food  or pizza place?', 'How many of those meals {did you/did SP} get from a fast-food or pizza place?']",['Both males and females 1 YEARS - 150 YEARS'],[nan],,
474,DBD900,5555,More Than 21 Meals Per Week,"['How many of those meals {did you/did SP} get from a fast-food  or pizza place?', 'How many of those meals {did you/did SP} get from a fast-food or pizza place?']",['Both males and females 1 YEARS - 150 YEARS'],[nan],,
475,DBD900,5555,More Than 21,"['How many of those meals {did you/did SP} get from a fast-food  or pizza place?', 'How many of those meals {did you/did SP} get from a fast-food or pizza place?']",['Both males and females 1 YEARS - 150 YEARS'],[nan],,
476,DBD905,1 To 180,Range Of Values,"['Some grocery stores sell ready to eat foods such as salads  soups chicken sandwiches and cooked vegetables in their salad bars and deli  counters. During the past 30 days how often did {you/SP} eat ready to eat  foods from the grocery store? Please do not include sliced meat or cheese you  buy for sandwiches and frozen or canned foods.', 'Some grocery stores sell ready to eat foods such as salads soups chicken sandwiches and cooked vegetables in their salad bars and deli counters. During the past 30 days how often did {you/SP} eat ready to eat foods from the grocery store? Please do not include sliced meat or cheese you buy for sandwiches and frozen or canned foods.']",['Both males and females 1 YEARS - 150 YEARS'],[nan],,
477,DBD905,0,Never,"['Some grocery stores sell ready to eat foods such as salads  soups chicken sandwiches and cooked vegetables in their salad bars and deli  counters. During the past 30 days how often did {you/SP} eat ready to eat  foods from the grocery store? Please do not include sliced meat or cheese you  buy for sandwiches and frozen or canned foods.', 'Some grocery stores sell ready to eat foods such as salads soups chicken sandwiches and cooked vegetables in their salad bars and deli counters. During the past 30 days how often did {you/SP} eat ready to eat foods from the grocery store? Please do not include sliced meat or cheese you buy for sandwiches and frozen or canned foods.']",['Both males and females 1 YEARS - 150 YEARS'],[nan],,
478,DBD905,7777,Refused,"['Some grocery stores sell ready to eat foods such as salads  soups chicken sandwiches and cooked vegetables in their salad bars and deli  counters. During the past 30 days how often did {you/SP} eat ready to eat  foods from the grocery store? Please do not include sliced meat or cheese you  buy for sandwiches and frozen or canned foods.', 'Some grocery stores sell ready to eat foods such as salads soups chicken sandwiches and cooked vegetables in their salad bars and deli counters. During the past 30 days how often did {you/SP} eat ready to eat foods from the grocery store? Please do not include sliced meat or cheese you buy for sandwiches and frozen or canned foods.']",['Both males and females 1 YEARS - 150 YEARS'],[nan],,
479,DBD905,9999,Don'T Know,"['Some grocery stores sell ready to eat foods such as salads  soups chicken sandwiches and cooked vegetables in their salad bars and deli  counters. During the past 30 days how often did {you/SP} eat ready to eat  foods from the grocery store? Please do not include sliced meat or cheese you  buy for sandwiches and frozen or canned foods.', 'Some grocery stores sell ready to eat foods such as salads soups chicken sandwiches and cooked vegetables in their salad bars and deli counters. During the past 30 days how often did {you/SP} eat ready to eat foods from the grocery store? Please do not include sliced meat or cheese you buy for sandwiches and frozen or canned foods.']",['Both males and females 1 YEARS - 150 YEARS'],[nan],,
480,DBD905,.,Missing,"['Some grocery stores sell ready to eat foods such as salads  soups chicken sandwiches and cooked vegetables in their salad bars and deli  counters. During the past 30 days how often did {you/SP} eat ready to eat  foods from the grocery store? Please do not include sliced meat or cheese you  buy for sandwiches and frozen or canned foods.', 'Some grocery stores sell ready to eat foods such as salads soups chicken sandwiches and cooked vegetables in their salad bars and deli counters. During the past 30 days how often did {you/SP} eat ready to eat foods from the grocery store? Please do not include sliced meat or cheese you buy for sandwiches and frozen or canned foods.']",['Both males and females 1 YEARS - 150 YEARS'],[nan],,
481,DBD905,1 To 150,Range Of Values,"['Some grocery stores sell ready to eat foods such as salads  soups chicken sandwiches and cooked vegetables in their salad bars and deli  counters. During the past 30 days how often did {you/SP} eat ready to eat  foods from the grocery store? Please do not include sliced meat or cheese you  buy for sandwiches and frozen or canned foods.', 'Some grocery stores sell ready to eat foods such as salads soups chicken sandwiches and cooked vegetables in their salad bars and deli counters. During the past 30 days how often did {you/SP} eat ready to eat foods from the grocery store? Please do not include sliced meat or cheese you buy for sandwiches and frozen or canned foods.']",['Both males and females 1 YEARS - 150 YEARS'],[nan],,
482,DBD905,1 To 90,Range Of Values,"['Some grocery stores sell ready to eat foods such as salads  soups chicken sandwiches and cooked vegetables in their salad bars and deli  counters. During the past 30 days how often did {you/SP} eat ready to eat  foods from the grocery store? Please do not include sliced meat or cheese you  buy for sandwiches and frozen or canned foods.', 'Some grocery stores sell ready to eat foods such as salads soups chicken sandwiches and cooked vegetables in their salad bars and deli counters. During the past 30 days how often did {you/SP} eat ready to eat foods from the grocery store? Please do not include sliced meat or cheese you buy for sandwiches and frozen or canned foods.']",['Both males and females 1 YEARS - 150 YEARS'],[nan],,
483,DBD905,6666,More Than 90 Times In 30 Days,"['Some grocery stores sell ready to eat foods such as salads  soups chicken sandwiches and cooked vegetables in their salad bars and deli  counters. During the past 30 days how often did {you/SP} eat ready to eat  foods from the grocery store? Please do not include sliced meat or cheese you  buy for sandwiches and frozen or canned foods.', 'Some grocery stores sell ready to eat foods such as salads soups chicken sandwiches and cooked vegetables in their salad bars and deli counters. During the past 30 days how often did {you/SP} eat ready to eat foods from the grocery store? Please do not include sliced meat or cheese you buy for sandwiches and frozen or canned foods.']",['Both males and females 1 YEARS - 150 YEARS'],[nan],,
484,DBD910,1 To 180,Range Of Values,"['During the past 30 days how often did you {SP} eat frozen  meals or frozen pizzas? Here are some examples of frozen meals and frozen  pizzas.', 'During the past 30 days how often did you {SP} eat frozen meals or frozen pizzas? Here are some examples of frozen meals and frozen pizzas.']",['Both males and females 1 YEARS - 150 YEARS'],[nan],,
485,DBD910,0,Never,"['During the past 30 days how often did you {SP} eat frozen  meals or frozen pizzas? Here are some examples of frozen meals and frozen  pizzas.', 'During the past 30 days how often did you {SP} eat frozen meals or frozen pizzas? Here are some examples of frozen meals and frozen pizzas.']",['Both males and females 1 YEARS - 150 YEARS'],[nan],,
486,DBD910,7777,Refused,"['During the past 30 days how often did you {SP} eat frozen  meals or frozen pizzas? Here are some examples of frozen meals and frozen  pizzas.', 'During the past 30 days how often did you {SP} eat frozen meals or frozen pizzas? Here are some examples of frozen meals and frozen pizzas.']",['Both males and females 1 YEARS - 150 YEARS'],[nan],,
487,DBD910,9999,Don'T Know,"['During the past 30 days how often did you {SP} eat frozen  meals or frozen pizzas? Here are some examples of frozen meals and frozen  pizzas.', 'During the past 30 days how often did you {SP} eat frozen meals or frozen pizzas? Here are some examples of frozen meals and frozen pizzas.']",['Both males and females 1 YEARS - 150 YEARS'],[nan],,
488,DBD910,.,Missing,"['During the past 30 days how often did you {SP} eat frozen  meals or frozen pizzas? Here are some examples of frozen meals and frozen  pizzas.', 'During the past 30 days how often did you {SP} eat frozen meals or frozen pizzas? Here are some examples of frozen meals and frozen pizzas.']",['Both males and females 1 YEARS - 150 YEARS'],[nan],,
489,DBD910,1 To 90,Range Of Values,"['During the past 30 days how often did you {SP} eat frozen  meals or frozen pizzas? Here are some examples of frozen meals and frozen  pizzas.', 'During the past 30 days how often did you {SP} eat frozen meals or frozen pizzas? Here are some examples of frozen meals and frozen pizzas.']",['Both males and females 1 YEARS - 150 YEARS'],[nan],,
490,DBD910,6666,More Than 90 Times In 30 Days,"['During the past 30 days how often did you {SP} eat frozen  meals or frozen pizzas? Here are some examples of frozen meals and frozen  pizzas.', 'During the past 30 days how often did you {SP} eat frozen meals or frozen pizzas? Here are some examples of frozen meals and frozen pizzas.']",['Both males and females 1 YEARS - 150 YEARS'],[nan],,
491,DBQ915,1,Yes,['{Do you/Does SP} consider {yourself/himself/herself} to be a  vegetarian?'],['Both males and females 1 YEARS - 150 YEARS'],[nan],,
492,DBQ915,2,No,['{Do you/Does SP} consider {yourself/himself/herself} to be a  vegetarian?'],['Both males and females 1 YEARS - 150 YEARS'],[nan],,
493,DBQ915,7,Refused,['{Do you/Does SP} consider {yourself/himself/herself} to be a  vegetarian?'],['Both males and females 1 YEARS - 150 YEARS'],[nan],,
494,DBQ915,9,Don'T Know,['{Do you/Does SP} consider {yourself/himself/herself} to be a  vegetarian?'],['Both males and females 1 YEARS - 150 YEARS'],[nan],,
495,DBQ915,.,Missing,['{Do you/Does SP} consider {yourself/himself/herself} to be a  vegetarian?'],['Both males and females 1 YEARS - 150 YEARS'],[nan],,
496,DBQ920,1,Yes,['{Do you/Does SP} have any food allergies?'],['Both males and females 1 YEARS - 150 YEARS'],[nan],,
497,DBQ920,2,No,['{Do you/Does SP} have any food allergies?'],['Both males and females 1 YEARS - 150 YEARS'],[nan],,
498,DBQ920,7,Refused,['{Do you/Does SP} have any food allergies?'],['Both males and females 1 YEARS - 150 YEARS'],[nan],,
499,DBQ920,9,Don'T Know,['{Do you/Does SP} have any food allergies?'],['Both males and females 1 YEARS - 150 YEARS'],[nan],,
500,DBQ920,.,Missing,['{Do you/Does SP} have any food allergies?'],['Both males and females 1 YEARS - 150 YEARS'],[nan],,
501,DBQ925a,10,Wheat,['What foods {are you/is SP} allergic to?'],['Both males and females 1 YEARS - 150 YEARS'],[nan],,
502,DBQ925a,77,Refused,['What foods {are you/is SP} allergic to?'],['Both males and females 1 YEARS - 150 YEARS'],[nan],,
503,DBQ925a,99,Don'T Know,['What foods {are you/is SP} allergic to?'],['Both males and females 1 YEARS - 150 YEARS'],[nan],,
504,DBQ925a,.,Missing,['What foods {are you/is SP} allergic to?'],['Both males and females 1 YEARS - 150 YEARS'],[nan],,
505,DBQ925b,11,Cow'S Milk,['What foods {are you/is SP} allergic to?'],['Both males and females 1 YEARS - 150 YEARS'],[nan],,
506,DBQ925b,.,Missing,['What foods {are you/is SP} allergic to?'],['Both males and females 1 YEARS - 150 YEARS'],[nan],,
507,DBQ925c,12,Eggs,['What foods {are you/is SP} allergic to?'],['Both males and females 1 YEARS - 150 YEARS'],[nan],,
508,DBQ925c,.,Missing,['What foods {are you/is SP} allergic to?'],['Both males and females 1 YEARS - 150 YEARS'],[nan],,
509,DBQ925d,13,Fish,['What foods {are you/is SP} allergic to?'],['Both males and females 1 YEARS - 150 YEARS'],[nan],,
510,DBQ925d,.,Missing,['What foods {are you/is SP} allergic to?'],['Both males and females 1 YEARS - 150 YEARS'],[nan],,
511,DBQ925e,14,"Shellfish (Shrimp, Crab, Or Lobster)",['What foods {are you/is SP} allergic to?'],['Both males and females 1 YEARS - 150 YEARS'],[nan],,
512,DBQ925e,.,Missing,['What foods {are you/is SP} allergic to?'],['Both males and females 1 YEARS - 150 YEARS'],[nan],,
513,DBQ925f,15,Corn,['What foods {are you/is SP} allergic to?'],['Both males and females 1 YEARS - 150 YEARS'],[nan],,
514,DBQ925f,.,Missing,['What foods {are you/is SP} allergic to?'],['Both males and females 1 YEARS - 150 YEARS'],[nan],,
515,DBQ925g,16,Peanut,['What foods {are you/is SP} allergic to?'],['Both males and females 1 YEARS - 150 YEARS'],[nan],,
516,DBQ925g,.,Missing,['What foods {are you/is SP} allergic to?'],['Both males and females 1 YEARS - 150 YEARS'],[nan],,
517,DBQ925h,17,Other Nuts,['What foods {are you/is SP} allergic to?'],['Both males and females 1 YEARS - 150 YEARS'],[nan],,
518,DBQ925h,.,Missing,['What foods {are you/is SP} allergic to?'],['Both males and females 1 YEARS - 150 YEARS'],[nan],,
519,DBQ925i,18,Soy Products,['What foods {are you/is SP} allergic to?'],['Both males and females 1 YEARS - 150 YEARS'],[nan],,
520,DBQ925i,.,Missing,['What foods {are you/is SP} allergic to?'],['Both males and females 1 YEARS - 150 YEARS'],[nan],,
521,DBQ925j,19,Other,['What foods {are you/is SP} allergic to?'],['Both males and females 1 YEARS - 150 YEARS'],[nan],,
522,DBQ925j,.,Missing,['What foods {are you/is SP} allergic to?'],['Both males and females 1 YEARS - 150 YEARS'],[nan],,
523,DBQ715a,,,[nan],['Both males and females 1 YEARS - 150 YEARS'],[nan],,
524,DBQ930,1,Yes,"['{Are you/Is SP} the person who does most of the planning or  preparing of meals in {your/SPs} family?', '{Are you/Is SP} the person who does most of the planning or preparing of meals in {your/SPs} family?']",['Both males and females 16 YEARS - 150 YEARS'],[nan],,
525,DBQ930,2,No,"['{Are you/Is SP} the person who does most of the planning or  preparing of meals in {your/SPs} family?', '{Are you/Is SP} the person who does most of the planning or preparing of meals in {your/SPs} family?']",['Both males and females 16 YEARS - 150 YEARS'],[nan],,
526,DBQ930,7,Refused,"['{Are you/Is SP} the person who does most of the planning or  preparing of meals in {your/SPs} family?', '{Are you/Is SP} the person who does most of the planning or preparing of meals in {your/SPs} family?']",['Both males and females 16 YEARS - 150 YEARS'],[nan],,
527,DBQ930,9,Don'T Know,"['{Are you/Is SP} the person who does most of the planning or  preparing of meals in {your/SPs} family?', '{Are you/Is SP} the person who does most of the planning or preparing of meals in {your/SPs} family?']",['Both males and females 16 YEARS - 150 YEARS'],[nan],,
528,DBQ930,.,Missing,"['{Are you/Is SP} the person who does most of the planning or  preparing of meals in {your/SPs} family?', '{Are you/Is SP} the person who does most of the planning or preparing of meals in {your/SPs} family?']",['Both males and females 16 YEARS - 150 YEARS'],[nan],,
529,DBQ935,1,Yes,"['{Do you/Does SP} share in the planning or preparing of meals  with someone else?', '{Do you/Does SP} share in the planning or preparing of meals with someone else?']",['Both males and females 16 YEARS - 150 YEARS'],[nan],,
530,DBQ935,2,No,"['{Do you/Does SP} share in the planning or preparing of meals  with someone else?', '{Do you/Does SP} share in the planning or preparing of meals with someone else?']",['Both males and females 16 YEARS - 150 YEARS'],[nan],,
531,DBQ935,7,Refused,"['{Do you/Does SP} share in the planning or preparing of meals  with someone else?', '{Do you/Does SP} share in the planning or preparing of meals with someone else?']",['Both males and females 16 YEARS - 150 YEARS'],[nan],,
532,DBQ935,9,Don'T Know,"['{Do you/Does SP} share in the planning or preparing of meals  with someone else?', '{Do you/Does SP} share in the planning or preparing of meals with someone else?']",['Both males and females 16 YEARS - 150 YEARS'],[nan],,
533,DBQ935,.,Missing,"['{Do you/Does SP} share in the planning or preparing of meals  with someone else?', '{Do you/Does SP} share in the planning or preparing of meals with someone else?']",['Both males and females 16 YEARS - 150 YEARS'],[nan],,
534,DBQ940,1,Yes,"['{Are you/Is SP} the person who does most of the shopping for  food in {your/SPs} family?', '{Are you/Is SP} the person who does most of the shopping for food in {your/SPs} family?']",['Both males and females 16 YEARS - 150 YEARS'],[nan],,
535,DBQ940,2,No,"['{Are you/Is SP} the person who does most of the shopping for  food in {your/SPs} family?', '{Are you/Is SP} the person who does most of the shopping for food in {your/SPs} family?']",['Both males and females 16 YEARS - 150 YEARS'],[nan],,
536,DBQ940,7,Refused,"['{Are you/Is SP} the person who does most of the shopping for  food in {your/SPs} family?', '{Are you/Is SP} the person who does most of the shopping for food in {your/SPs} family?']",['Both males and females 16 YEARS - 150 YEARS'],[nan],,
537,DBQ940,9,Don'T Know,"['{Are you/Is SP} the person who does most of the shopping for  food in {your/SPs} family?', '{Are you/Is SP} the person who does most of the shopping for food in {your/SPs} family?']",['Both males and females 16 YEARS - 150 YEARS'],[nan],,
538,DBQ940,.,Missing,"['{Are you/Is SP} the person who does most of the shopping for  food in {your/SPs} family?', '{Are you/Is SP} the person who does most of the shopping for food in {your/SPs} family?']",['Both males and females 16 YEARS - 150 YEARS'],[nan],,
539,DBQ945,1,Yes,"['{Do you/Does SP} share in the shopping for food with someone  else?', '{Do you/Does SP} share in the shopping for food with someone else?']",['Both males and females 16 YEARS - 150 YEARS'],[nan],,
540,DBQ945,2,No,"['{Do you/Does SP} share in the shopping for food with someone  else?', '{Do you/Does SP} share in the shopping for food with someone else?']",['Both males and females 16 YEARS - 150 YEARS'],[nan],,
541,DBQ945,7,Refused,"['{Do you/Does SP} share in the shopping for food with someone  else?', '{Do you/Does SP} share in the shopping for food with someone else?']",['Both males and females 16 YEARS - 150 YEARS'],[nan],,
542,DBQ945,9,Don'T Know,"['{Do you/Does SP} share in the shopping for food with someone  else?', '{Do you/Does SP} share in the shopping for food with someone else?']",['Both males and females 16 YEARS - 150 YEARS'],[nan],,
543,DBQ945,.,Missing,"['{Do you/Does SP} share in the shopping for food with someone  else?', '{Do you/Does SP} share in the shopping for food with someone else?']",['Both males and females 16 YEARS - 150 YEARS'],[nan],,
544,DBD041,1 To 730,Range Of Values,"['How old was {SP} when {he/she} was first fed formula?', 'How old was {SP} when {he/she} was first fed formula? (Days)']",['Both males and females 0 YEARS - 6 YEARS'],[nan],,
545,DBD041,0,Never,"['How old was {SP} when {he/she} was first fed formula?', 'How old was {SP} when {he/she} was first fed formula? (Days)']",['Both males and females 0 YEARS - 6 YEARS'],[nan],,
546,DBD041,777777,Refused,"['How old was {SP} when {he/she} was first fed formula?', 'How old was {SP} when {he/she} was first fed formula? (Days)']",['Both males and females 0 YEARS - 6 YEARS'],[nan],,
547,DBD041,999999,Don'T Know,"['How old was {SP} when {he/she} was first fed formula?', 'How old was {SP} when {he/she} was first fed formula? (Days)']",['Both males and females 0 YEARS - 6 YEARS'],[nan],,
548,DBD041,.,Missing,"['How old was {SP} when {he/she} was first fed formula?', 'How old was {SP} when {he/she} was first fed formula? (Days)']",['Both males and females 0 YEARS - 6 YEARS'],[nan],,
549,DBD041,1 To 760,Range Of Values,"['How old was {SP} when {he/she} was first fed formula?', 'How old was {SP} when {he/she} was first fed formula? (Days)']",['Both males and females 0 YEARS - 6 YEARS'],[nan],,
550,DBD041,1 To 365,Range Of Values,"['How old was {SP} when {he/she} was first fed formula?', 'How old was {SP} when {he/she} was first fed formula? (Days)']",['Both males and females 0 YEARS - 6 YEARS'],[nan],,
551,DBD041,666666,More Than 365 Days (1-Year) Old,"['How old was {SP} when {he/she} was first fed formula?', 'How old was {SP} when {he/she} was first fed formula? (Days)']",['Both males and females 0 YEARS - 6 YEARS'],[nan],,
552,DBD055,1 To 912,Range Of Values,"['This next question is about the first thing that {SP} was  given other than breast milk or formula. Please include juice cowï¿½s milk  sugar water baby food or anything else that {SP} might have been given even  water. How old was {SP} when {he/she} was first fed anything other than  breast milk or formula? (Days)', 'This next question is about the first thing that {SP} was  given other than breast milk or formula. Please include juice cows milk  sugar water baby food or anything else that {SP} might have been given even  water. How old was {SP} when {he/she} was first fed anything other than  breast milk or formula? (Days)', 'This next question is about the first thing that {SP} was given other than breast milk or formula. Please include juice cows milk sugar water baby food or anything else that {SP} might have been given even water. How old was {SP} when {he/she} was first fed anything other than breast milk or formula? (Days)']",['Both males and females 0 YEARS - 6 YEARS'],[nan],,
553,DBD055,0,Never,"['This next question is about the first thing that {SP} was  given other than breast milk or formula. Please include juice cowï¿½s milk  sugar water baby food or anything else that {SP} might have been given even  water. How old was {SP} when {he/she} was first fed anything other than  breast milk or formula? (Days)', 'This next question is about the first thing that {SP} was  given other than breast milk or formula. Please include juice cows milk  sugar water baby food or anything else that {SP} might have been given even  water. How old was {SP} when {he/she} was first fed anything other than  breast milk or formula? (Days)', 'This next question is about the first thing that {SP} was given other than breast milk or formula. Please include juice cows milk sugar water baby food or anything else that {SP} might have been given even water. How old was {SP} when {he/she} was first fed anything other than breast milk or formula? (Days)']",['Both males and females 0 YEARS - 6 YEARS'],[nan],,
554,DBD055,777777,Refused,"['This next question is about the first thing that {SP} was  given other than breast milk or formula. Please include juice cowï¿½s milk  sugar water baby food or anything else that {SP} might have been given even  water. How old was {SP} when {he/she} was first fed anything other than  breast milk or formula? (Days)', 'This next question is about the first thing that {SP} was  given other than breast milk or formula. Please include juice cows milk  sugar water baby food or anything else that {SP} might have been given even  water. How old was {SP} when {he/she} was first fed anything other than  breast milk or formula? (Days)', 'This next question is about the first thing that {SP} was given other than breast milk or formula. Please include juice cows milk sugar water baby food or anything else that {SP} might have been given even water. How old was {SP} when {he/she} was first fed anything other than breast milk or formula? (Days)']",['Both males and females 0 YEARS - 6 YEARS'],[nan],,
555,DBD055,999999,Don'T Know,"['This next question is about the first thing that {SP} was  given other than breast milk or formula. Please include juice cowï¿½s milk  sugar water baby food or anything else that {SP} might have been given even  water. How old was {SP} when {he/she} was first fed anything other than  breast milk or formula? (Days)', 'This next question is about the first thing that {SP} was  given other than breast milk or formula. Please include juice cows milk  sugar water baby food or anything else that {SP} might have been given even  water. How old was {SP} when {he/she} was first fed anything other than  breast milk or formula? (Days)', 'This next question is about the first thing that {SP} was given other than breast milk or formula. Please include juice cows milk sugar water baby food or anything else that {SP} might have been given even water. How old was {SP} when {he/she} was first fed anything other than breast milk or formula? (Days)']",['Both males and females 0 YEARS - 6 YEARS'],[nan],,
556,DBD055,.,Missing,"['This next question is about the first thing that {SP} was  given other than breast milk or formula. Please include juice cowï¿½s milk  sugar water baby food or anything else that {SP} might have been given even  water. How old was {SP} when {he/she} was first fed anything other than  breast milk or formula? (Days)', 'This next question is about the first thing that {SP} was  given other than breast milk or formula. Please include juice cows milk  sugar water baby food or anything else that {SP} might have been given even  water. How old was {SP} when {he/she} was first fed anything other than  breast milk or formula? (Days)', 'This next question is about the first thing that {SP} was given other than breast milk or formula. Please include juice cows milk sugar water baby food or anything else that {SP} might have been given even water. How old was {SP} when {he/she} was first fed anything other than breast milk or formula? (Days)']",['Both males and females 0 YEARS - 6 YEARS'],[nan],,
557,DBD055,1 To 2190,Range Of Values,"['This next question is about the first thing that {SP} was  given other than breast milk or formula. Please include juice cowï¿½s milk  sugar water baby food or anything else that {SP} might have been given even  water. How old was {SP} when {he/she} was first fed anything other than  breast milk or formula? (Days)', 'This next question is about the first thing that {SP} was  given other than breast milk or formula. Please include juice cows milk  sugar water baby food or anything else that {SP} might have been given even  water. How old was {SP} when {he/she} was first fed anything other than  breast milk or formula? (Days)', 'This next question is about the first thing that {SP} was given other than breast milk or formula. Please include juice cows milk sugar water baby food or anything else that {SP} might have been given even water. How old was {SP} when {he/she} was first fed anything other than breast milk or formula? (Days)']",['Both males and females 0 YEARS - 6 YEARS'],[nan],,
558,DBD055,1 To 1825,Range Of Values,"['This next question is about the first thing that {SP} was  given other than breast milk or formula. Please include juice cowï¿½s milk  sugar water baby food or anything else that {SP} might have been given even  water. How old was {SP} when {he/she} was first fed anything other than  breast milk or formula? (Days)', 'This next question is about the first thing that {SP} was  given other than breast milk or formula. Please include juice cows milk  sugar water baby food or anything else that {SP} might have been given even  water. How old was {SP} when {he/she} was first fed anything other than  breast milk or formula? (Days)', 'This next question is about the first thing that {SP} was given other than breast milk or formula. Please include juice cows milk sugar water baby food or anything else that {SP} might have been given even water. How old was {SP} when {he/she} was first fed anything other than breast milk or formula? (Days)']",['Both males and females 0 YEARS - 6 YEARS'],[nan],,
559,DBD055,1 To 730,Range Of Values,"['This next question is about the first thing that {SP} was  given other than breast milk or formula. Please include juice cowï¿½s milk  sugar water baby food or anything else that {SP} might have been given even  water. How old was {SP} when {he/she} was first fed anything other than  breast milk or formula? (Days)', 'This next question is about the first thing that {SP} was  given other than breast milk or formula. Please include juice cows milk  sugar water baby food or anything else that {SP} might have been given even  water. How old was {SP} when {he/she} was first fed anything other than  breast milk or formula? (Days)', 'This next question is about the first thing that {SP} was given other than breast milk or formula. Please include juice cows milk sugar water baby food or anything else that {SP} might have been given even water. How old was {SP} when {he/she} was first fed anything other than breast milk or formula? (Days)']",['Both males and females 0 YEARS - 6 YEARS'],[nan],,
560,DBD055,666666,More Than 730 Days (2-Year) Old,"['This next question is about the first thing that {SP} was  given other than breast milk or formula. Please include juice cowï¿½s milk  sugar water baby food or anything else that {SP} might have been given even  water. How old was {SP} when {he/she} was first fed anything other than  breast milk or formula? (Days)', 'This next question is about the first thing that {SP} was  given other than breast milk or formula. Please include juice cows milk  sugar water baby food or anything else that {SP} might have been given even  water. How old was {SP} when {he/she} was first fed anything other than  breast milk or formula? (Days)', 'This next question is about the first thing that {SP} was given other than breast milk or formula. Please include juice cows milk sugar water baby food or anything else that {SP} might have been given even water. How old was {SP} when {he/she} was first fed anything other than breast milk or formula? (Days)']",['Both males and females 0 YEARS - 6 YEARS'],[nan],,
561,DBD061,1 To 1825,Range Of Values,"['How old was {SP} when {he/she} was first fed milk?', 'How old was {SP} when {he/she} was first fed milk? (Days)']",['Both males and females 0 YEARS - 6 YEARS'],[nan],,
562,DBD061,0,Never,"['How old was {SP} when {he/she} was first fed milk?', 'How old was {SP} when {he/she} was first fed milk? (Days)']",['Both males and females 0 YEARS - 6 YEARS'],[nan],,
563,DBD061,777777,Refused,"['How old was {SP} when {he/she} was first fed milk?', 'How old was {SP} when {he/she} was first fed milk? (Days)']",['Both males and females 0 YEARS - 6 YEARS'],[nan],,
564,DBD061,999999,Don'T Know,"['How old was {SP} when {he/she} was first fed milk?', 'How old was {SP} when {he/she} was first fed milk? (Days)']",['Both males and females 0 YEARS - 6 YEARS'],[nan],,
565,DBD061,.,Missing,"['How old was {SP} when {he/she} was first fed milk?', 'How old was {SP} when {he/she} was first fed milk? (Days)']",['Both males and females 0 YEARS - 6 YEARS'],[nan],,
566,DBD061,1 To 1460,Range Of Values,"['How old was {SP} when {he/she} was first fed milk?', 'How old was {SP} when {he/she} was first fed milk? (Days)']",['Both males and females 0 YEARS - 6 YEARS'],[nan],,
567,DBD061,1 To 2190,Range Of Values,"['How old was {SP} when {he/she} was first fed milk?', 'How old was {SP} when {he/she} was first fed milk? (Days)']",['Both males and females 0 YEARS - 6 YEARS'],[nan],,
568,DBD061,1 To 1095,Range Of Values,"['How old was {SP} when {he/she} was first fed milk?', 'How old was {SP} when {he/she} was first fed milk? (Days)']",['Both males and females 0 YEARS - 6 YEARS'],[nan],,
569,DBD061,666666,More Than 1095 Days (3-Year) Old,"['How old was {SP} when {he/she} was first fed milk?', 'How old was {SP} when {he/she} was first fed milk? (Days)']",['Both males and females 0 YEARS - 6 YEARS'],[nan],,
570,DBQ073A,10,Whole Or Regular Milk,"['What type of milk was {SP} first fed? Was it . . .', 'What type of milk was {SP} first fed on a daily basis? Was it . . .']",['Both males and females 0 YEARS - 6 YEARS'],[nan],,
571,DBQ073A,77,Refused,"['What type of milk was {SP} first fed? Was it . . .', 'What type of milk was {SP} first fed on a daily basis? Was it . . .']",['Both males and females 0 YEARS - 6 YEARS'],[nan],,
572,DBQ073A,99,Don'T Know,"['What type of milk was {SP} first fed? Was it . . .', 'What type of milk was {SP} first fed on a daily basis? Was it . . .']",['Both males and females 0 YEARS - 6 YEARS'],[nan],,
573,DBQ073A,.,Missing,"['What type of milk was {SP} first fed? Was it . . .', 'What type of milk was {SP} first fed on a daily basis? Was it . . .']",['Both males and females 0 YEARS - 6 YEARS'],[nan],,
574,DBQ073B,11,2% Fat Or Reduced-Fat Milk,"['What type of milk was {SP} first fed? Was it . . .', 'What type of milk was {SP} first fed on a daily basis? Was it . . .']",['Both males and females 0 YEARS - 6 YEARS'],[nan],,
575,DBQ073B,.,Missing,"['What type of milk was {SP} first fed? Was it . . .', 'What type of milk was {SP} first fed on a daily basis? Was it . . .']",['Both males and females 0 YEARS - 6 YEARS'],[nan],,
576,DBQ073C,12,"1% Fat Or Low-Fat Milk (Includes 0.5% Fat Milk Or Low-Fat Milk Not Further Specified),","['What type of milk was {SP} first fed? Was it . . .', 'What type of milk was {SP} first fed on a daily basis? Was it . . .']",['Both males and females 0 YEARS - 6 YEARS'],[nan],,
577,DBQ073C,.,Missing,"['What type of milk was {SP} first fed? Was it . . .', 'What type of milk was {SP} first fed on a daily basis? Was it . . .']",['Both males and females 0 YEARS - 6 YEARS'],[nan],,
578,DBQ073D,13,"Fat-Free, Skim Or Nonfat Milk, Or","['What type of milk was {SP} first fed? Was it . . .', 'What type of milk was {SP} first fed on a daily basis? Was it . . .']",['Both males and females 0 YEARS - 6 YEARS'],[nan],,
579,DBQ073D,.,Missing,"['What type of milk was {SP} first fed? Was it . . .', 'What type of milk was {SP} first fed on a daily basis? Was it . . .']",['Both males and females 0 YEARS - 6 YEARS'],[nan],,
580,DBQ073D,13,"Fat-Free, Skim Or Nonfat Milk","['What type of milk was {SP} first fed? Was it . . .', 'What type of milk was {SP} first fed on a daily basis? Was it . . .']",['Both males and females 0 YEARS - 6 YEARS'],[nan],,
581,DBQ073E,14,"Soy Milk, Or","['What type of milk was {SP} first fed? Was it . . .', 'What type of milk was {SP} first fed on a daily basis? Was it . . .']",['Both males and females 0 YEARS - 6 YEARS'],[nan],,
582,DBQ073E,.,Missing,"['What type of milk was {SP} first fed? Was it . . .', 'What type of milk was {SP} first fed on a daily basis? Was it . . .']",['Both males and females 0 YEARS - 6 YEARS'],[nan],,
583,DBQ073E,14,Soy Milk,"['What type of milk was {SP} first fed? Was it . . .', 'What type of milk was {SP} first fed on a daily basis? Was it . . .']",['Both males and females 0 YEARS - 6 YEARS'],[nan],,
584,DBQ073U,30,Another Type?,"['What type of milk was {SP} first fed? Was it . . .', 'What type of milk was {SP} first fed on a daily basis? Was it . . .']",['Both males and females 0 YEARS - 6 YEARS'],[nan],,
585,DBQ073U,.,Missing,"['What type of milk was {SP} first fed? Was it . . .', 'What type of milk was {SP} first fed on a daily basis? Was it . . .']",['Both males and females 0 YEARS - 6 YEARS'],[nan],,
586,DBQ073U,30,Another Type,"['What type of milk was {SP} first fed? Was it . . .', 'What type of milk was {SP} first fed on a daily basis? Was it . . .']",['Both males and females 0 YEARS - 6 YEARS'],[nan],,
587,DBQ223A,.,Missing,['What type of milk was it? Was it usually . . .'],['Both males and females 1 YEARS - 150 YEARS'],[nan],,
588,DBQ223A,10,"Whole Or Regular,",['What type of milk was it? Was it usually . . .'],['Both males and females 1 YEARS - 150 YEARS'],[nan],,
589,DBQ223A,77,Refused,['What type of milk was it? Was it usually . . .'],['Both males and females 1 YEARS - 150 YEARS'],[nan],,
590,DBQ223A,99,Don'T Know,['What type of milk was it? Was it usually . . .'],['Both males and females 1 YEARS - 150 YEARS'],[nan],,
591,DBQ223A,10,Whole Or Regular,['What type of milk was it? Was it usually . . .'],['Both males and females 1 YEARS - 150 YEARS'],[nan],,
592,DBQ223B,11,"2% Fat Or Reduced-Fat Milk,",['What type of milk was it? Was it usually . . .'],['Both males and females 1 YEARS - 150 YEARS'],[nan],,
593,DBQ223B,.,Missing,['What type of milk was it? Was it usually . . .'],['Both males and females 1 YEARS - 150 YEARS'],[nan],,
594,DBQ223B,11,2% Fat Or Reduced-Fat Milk,['What type of milk was it? Was it usually . . .'],['Both males and females 1 YEARS - 150 YEARS'],[nan],,
595,DBQ223C,12,"1% Fat Or Low-Fat Milk (Includes 0.5% Fat Milk Or Low-Fat Milk Not Further Specified),",['What type of milk was it? Was it usually . . .'],['Both males and females 1 YEARS - 150 YEARS'],[nan],,
596,DBQ223C,.,Missing,['What type of milk was it? Was it usually . . .'],['Both males and females 1 YEARS - 150 YEARS'],[nan],,
597,DBQ223D,13,"Skim, Nonfat, Or 0.5% Fat Milk (Includes Liquid Or Reconstituted From Dry),",['What type of milk was it? Was it usually . . .'],['Both males and females 1 YEARS - 150 YEARS'],[nan],,
598,DBQ223D,.,Missing,['What type of milk was it? Was it usually . . .'],['Both males and females 1 YEARS - 150 YEARS'],[nan],,
599,DBQ223D,13,"Fat-Free, Skim Or Nonfat Milk",['What type of milk was it? Was it usually . . .'],['Both males and females 1 YEARS - 150 YEARS'],[nan],,
600,DBQ223E,14,"Soy Milk, Or",['What type of milk was it? Was it usually . . .'],"['Both males and females 0 YEARS - 150 YEARS', 'Both males and females 1 YEARS - 150 YEARS']",[nan],,
601,DBQ223E,.,Missing,['What type of milk was it? Was it usually . . .'],"['Both males and females 0 YEARS - 150 YEARS', 'Both males and females 1 YEARS - 150 YEARS']",[nan],,
602,DBQ223E,14,Soy Milk,['What type of milk was it? Was it usually . . .'],"['Both males and females 0 YEARS - 150 YEARS', 'Both males and females 1 YEARS - 150 YEARS']",[nan],,
603,DBQ223U,30,Another Type?,['What type of milk was it? Was it usually . . .'],['Both males and females 1 YEARS - 150 YEARS'],[nan],,
604,DBQ223U,.,Missing,['What type of milk was it? Was it usually . . .'],['Both males and females 1 YEARS - 150 YEARS'],[nan],,
605,DBQ223U,30,Another Type,['What type of milk was it? Was it usually . . .'],['Both males and females 1 YEARS - 150 YEARS'],[nan],,
606,DBD715,,,[nan],['Both males and females 1 YEARS - 150 YEARS'],[nan],,
607,CBQ595,1,Yes,['Next Im going to ask a few questions about the nutritional  guidelines recommended for Americans by the federal government. {Have you/Has  SP} heard of My Pyramid?'],['Both males and females 16 YEARS - 150 YEARS'],[nan],,
608,CBQ595,2,No,['Next Im going to ask a few questions about the nutritional  guidelines recommended for Americans by the federal government. {Have you/Has  SP} heard of My Pyramid?'],['Both males and females 16 YEARS - 150 YEARS'],[nan],,
609,CBQ595,7,Refused,['Next Im going to ask a few questions about the nutritional  guidelines recommended for Americans by the federal government. {Have you/Has  SP} heard of My Pyramid?'],['Both males and females 16 YEARS - 150 YEARS'],[nan],,
610,CBQ595,9,Don'T Know,['Next Im going to ask a few questions about the nutritional  guidelines recommended for Americans by the federal government. {Have you/Has  SP} heard of My Pyramid?'],['Both males and females 16 YEARS - 150 YEARS'],[nan],,
611,CBQ595,.,Missing,['Next Im going to ask a few questions about the nutritional  guidelines recommended for Americans by the federal government. {Have you/Has  SP} heard of My Pyramid?'],['Both males and females 16 YEARS - 150 YEARS'],[nan],,
612,CBQ600,1,Yes,['{Have you/Has SP} heard of the Food Pyramid or the Food Guide  Pyramid?'],['Both males and females 16 YEARS - 150 YEARS'],[nan],,
613,CBQ600,2,No,['{Have you/Has SP} heard of the Food Pyramid or the Food Guide  Pyramid?'],['Both males and females 16 YEARS - 150 YEARS'],[nan],,
614,CBQ600,7,Refused,['{Have you/Has SP} heard of the Food Pyramid or the Food Guide  Pyramid?'],['Both males and females 16 YEARS - 150 YEARS'],[nan],,
615,CBQ600,9,Don'T Know,['{Have you/Has SP} heard of the Food Pyramid or the Food Guide  Pyramid?'],['Both males and females 16 YEARS - 150 YEARS'],[nan],,
616,CBQ600,.,Missing,['{Have you/Has SP} heard of the Food Pyramid or the Food Guide  Pyramid?'],['Both males and females 16 YEARS - 150 YEARS'],[nan],,
617,CBQ605,1,Yes,['{Have you/Has SP} looked up the My Pyramid plan for a  {man/woman/person} {your/his/her} age on the internet?'],['Both males and females 16 YEARS - 150 YEARS'],[nan],,
618,CBQ605,2,No,['{Have you/Has SP} looked up the My Pyramid plan for a  {man/woman/person} {your/his/her} age on the internet?'],['Both males and females 16 YEARS - 150 YEARS'],[nan],,
619,CBQ605,7,Refused,['{Have you/Has SP} looked up the My Pyramid plan for a  {man/woman/person} {your/his/her} age on the internet?'],['Both males and females 16 YEARS - 150 YEARS'],[nan],,
620,CBQ605,9,Don'T Know,['{Have you/Has SP} looked up the My Pyramid plan for a  {man/woman/person} {your/his/her} age on the internet?'],['Both males and females 16 YEARS - 150 YEARS'],[nan],,
621,CBQ605,.,Missing,['{Have you/Has SP} looked up the My Pyramid plan for a  {man/woman/person} {your/his/her} age on the internet?'],['Both males and females 16 YEARS - 150 YEARS'],[nan],,
622,CBQ610,1,Yes,['{Have you/Has SP} tried to follow the {My Pyramid  Plan/Pyramid plan} recommended for {you/him/her}?'],['Both males and females 16 YEARS - 150 YEARS'],[nan],,
623,CBQ610,2,No,['{Have you/Has SP} tried to follow the {My Pyramid  Plan/Pyramid plan} recommended for {you/him/her}?'],['Both males and females 16 YEARS - 150 YEARS'],[nan],,
624,CBQ610,7,Refused,['{Have you/Has SP} tried to follow the {My Pyramid  Plan/Pyramid plan} recommended for {you/him/her}?'],['Both males and females 16 YEARS - 150 YEARS'],[nan],,
625,CBQ610,9,Don'T Know,['{Have you/Has SP} tried to follow the {My Pyramid  Plan/Pyramid plan} recommended for {you/him/her}?'],['Both males and females 16 YEARS - 150 YEARS'],[nan],,
626,CBQ610,.,Missing,['{Have you/Has SP} tried to follow the {My Pyramid  Plan/Pyramid plan} recommended for {you/him/her}?'],['Both males and females 16 YEARS - 150 YEARS'],[nan],,
627,CBQ596,1,Yes,"['Next Im going to ask a few questions about the nutritional  guidelines recommended for Americans by the federal government. {Have you/Has  SP} heard of My Plate?', 'Next Im going to ask a few questions about the nutritional guidelines recommended for Americans by the federal government. {Have you/Has SP} heard of My Plate?']",['Both males and females 16 YEARS - 150 YEARS'],[nan],,
628,CBQ596,2,No,"['Next Im going to ask a few questions about the nutritional  guidelines recommended for Americans by the federal government. {Have you/Has  SP} heard of My Plate?', 'Next Im going to ask a few questions about the nutritional guidelines recommended for Americans by the federal government. {Have you/Has SP} heard of My Plate?']",['Both males and females 16 YEARS - 150 YEARS'],[nan],,
629,CBQ596,7,Refused,"['Next Im going to ask a few questions about the nutritional  guidelines recommended for Americans by the federal government. {Have you/Has  SP} heard of My Plate?', 'Next Im going to ask a few questions about the nutritional guidelines recommended for Americans by the federal government. {Have you/Has SP} heard of My Plate?']",['Both males and females 16 YEARS - 150 YEARS'],[nan],,
630,CBQ596,9,Don'T Know,"['Next Im going to ask a few questions about the nutritional  guidelines recommended for Americans by the federal government. {Have you/Has  SP} heard of My Plate?', 'Next Im going to ask a few questions about the nutritional guidelines recommended for Americans by the federal government. {Have you/Has SP} heard of My Plate?']",['Both males and females 16 YEARS - 150 YEARS'],[nan],,
631,CBQ596,.,Missing,"['Next Im going to ask a few questions about the nutritional  guidelines recommended for Americans by the federal government. {Have you/Has  SP} heard of My Plate?', 'Next Im going to ask a few questions about the nutritional guidelines recommended for Americans by the federal government. {Have you/Has SP} heard of My Plate?']",['Both males and females 16 YEARS - 150 YEARS'],[nan],,
632,CBQ606,1,Yes,"['{Have you/Has SP} looked up the My Plate plan on the  internet?', '{Have you/Has SP} looked up the My Plate plan on the internet?']",['Both males and females 16 YEARS - 150 YEARS'],[nan],,
633,CBQ606,2,No,"['{Have you/Has SP} looked up the My Plate plan on the  internet?', '{Have you/Has SP} looked up the My Plate plan on the internet?']",['Both males and females 16 YEARS - 150 YEARS'],[nan],,
634,CBQ606,7,Refused,"['{Have you/Has SP} looked up the My Plate plan on the  internet?', '{Have you/Has SP} looked up the My Plate plan on the internet?']",['Both males and females 16 YEARS - 150 YEARS'],[nan],,
635,CBQ606,9,Don'T Know,"['{Have you/Has SP} looked up the My Plate plan on the  internet?', '{Have you/Has SP} looked up the My Plate plan on the internet?']",['Both males and females 16 YEARS - 150 YEARS'],[nan],,
636,CBQ606,.,Missing,"['{Have you/Has SP} looked up the My Plate plan on the  internet?', '{Have you/Has SP} looked up the My Plate plan on the internet?']",['Both males and females 16 YEARS - 150 YEARS'],[nan],,
637,CBQ611,1,Yes,"['{Have you/Has SP} tried to follow the recommendations in the  My Plate plan?', '{Have you/Has SP} tried to follow the recommendations in the My Plate plan?']",['Both males and females 16 YEARS - 150 YEARS'],[nan],,
638,CBQ611,2,No,"['{Have you/Has SP} tried to follow the recommendations in the  My Plate plan?', '{Have you/Has SP} tried to follow the recommendations in the My Plate plan?']",['Both males and females 16 YEARS - 150 YEARS'],[nan],,
639,CBQ611,7,Refused,"['{Have you/Has SP} tried to follow the recommendations in the  My Plate plan?', '{Have you/Has SP} tried to follow the recommendations in the My Plate plan?']",['Both males and females 16 YEARS - 150 YEARS'],[nan],,
640,CBQ611,9,Don'T Know,"['{Have you/Has SP} tried to follow the recommendations in the  My Plate plan?', '{Have you/Has SP} tried to follow the recommendations in the My Plate plan?']",['Both males and females 16 YEARS - 150 YEARS'],[nan],,
641,CBQ611,.,Missing,"['{Have you/Has SP} tried to follow the recommendations in the  My Plate plan?', '{Have you/Has SP} tried to follow the recommendations in the My Plate plan?']",['Both males and females 16 YEARS - 150 YEARS'],[nan],,
642,CBQ505,1,Yes,"['{Ill tell you when you will need it.} For the first few  questions please answer yes or no. In the past 12 months did you buy food  from fast food or pizza places? SP interview version: In the past 12 months  did {you/SP} buy food from fast food or pizza places?', '{Ill tell you when you will need it.} For the first few questions please answer yes or no. In the past 12 months did you buy food from fast food or pizza places? SP interview version: In the past 12 months did {you/SP} buy food from fast food or pizza places?']",['Both males and females 16 YEARS - 150 YEARS'],[nan],,
643,CBQ505,2,No,"['{Ill tell you when you will need it.} For the first few  questions please answer yes or no. In the past 12 months did you buy food  from fast food or pizza places? SP interview version: In the past 12 months  did {you/SP} buy food from fast food or pizza places?', '{Ill tell you when you will need it.} For the first few questions please answer yes or no. In the past 12 months did you buy food from fast food or pizza places? SP interview version: In the past 12 months did {you/SP} buy food from fast food or pizza places?']",['Both males and females 16 YEARS - 150 YEARS'],[nan],,
644,CBQ505,7,Refused,"['{Ill tell you when you will need it.} For the first few  questions please answer yes or no. In the past 12 months did you buy food  from fast food or pizza places? SP interview version: In the past 12 months  did {you/SP} buy food from fast food or pizza places?', '{Ill tell you when you will need it.} For the first few questions please answer yes or no. In the past 12 months did you buy food from fast food or pizza places? SP interview version: In the past 12 months did {you/SP} buy food from fast food or pizza places?']",['Both males and females 16 YEARS - 150 YEARS'],[nan],,
645,CBQ505,9,Don'T Know,"['{Ill tell you when you will need it.} For the first few  questions please answer yes or no. In the past 12 months did you buy food  from fast food or pizza places? SP interview version: In the past 12 months  did {you/SP} buy food from fast food or pizza places?', '{Ill tell you when you will need it.} For the first few questions please answer yes or no. In the past 12 months did you buy food from fast food or pizza places? SP interview version: In the past 12 months did {you/SP} buy food from fast food or pizza places?']",['Both males and females 16 YEARS - 150 YEARS'],[nan],,
646,CBQ505,.,Missing,"['{Ill tell you when you will need it.} For the first few  questions please answer yes or no. In the past 12 months did you buy food  from fast food or pizza places? SP interview version: In the past 12 months  did {you/SP} buy food from fast food or pizza places?', '{Ill tell you when you will need it.} For the first few questions please answer yes or no. In the past 12 months did you buy food from fast food or pizza places? SP interview version: In the past 12 months did {you/SP} buy food from fast food or pizza places?']",['Both males and females 16 YEARS - 150 YEARS'],[nan],,
647,CBQ535,1,Yes,"['The last time when you ate out or bought food at a fast-food  or pizza place did you see nutrition or health information about any foods on  the menu? SP interview version: The last time when {you/SP} ate out or bought  food at a fast-food or pizza place did {you/he/she} see nutrition or health  information about any foods on the menu?', 'The last time when you ate out or bought food at a fast-food or pizza place did you see nutrition or health information about any foods on the menu? SP interview version: The last time when {you/SP} ate out or bought food at a fast-food or pizza place did {you/he/she} see nutrition or health information about any foods on the menu?']",['Both males and females 16 YEARS - 150 YEARS'],[nan],,
648,CBQ535,2,No,"['The last time when you ate out or bought food at a fast-food  or pizza place did you see nutrition or health information about any foods on  the menu? SP interview version: The last time when {you/SP} ate out or bought  food at a fast-food or pizza place did {you/he/she} see nutrition or health  information about any foods on the menu?', 'The last time when you ate out or bought food at a fast-food or pizza place did you see nutrition or health information about any foods on the menu? SP interview version: The last time when {you/SP} ate out or bought food at a fast-food or pizza place did {you/he/she} see nutrition or health information about any foods on the menu?']",['Both males and females 16 YEARS - 150 YEARS'],[nan],,
649,CBQ535,7,Refused,"['The last time when you ate out or bought food at a fast-food  or pizza place did you see nutrition or health information about any foods on  the menu? SP interview version: The last time when {you/SP} ate out or bought  food at a fast-food or pizza place did {you/he/she} see nutrition or health  information about any foods on the menu?', 'The last time when you ate out or bought food at a fast-food or pizza place did you see nutrition or health information about any foods on the menu? SP interview version: The last time when {you/SP} ate out or bought food at a fast-food or pizza place did {you/he/she} see nutrition or health information about any foods on the menu?']",['Both males and females 16 YEARS - 150 YEARS'],[nan],,
650,CBQ535,9,Don'T Know,"['The last time when you ate out or bought food at a fast-food  or pizza place did you see nutrition or health information about any foods on  the menu? SP interview version: The last time when {you/SP} ate out or bought  food at a fast-food or pizza place did {you/he/she} see nutrition or health  information about any foods on the menu?', 'The last time when you ate out or bought food at a fast-food or pizza place did you see nutrition or health information about any foods on the menu? SP interview version: The last time when {you/SP} ate out or bought food at a fast-food or pizza place did {you/he/she} see nutrition or health information about any foods on the menu?']",['Both males and females 16 YEARS - 150 YEARS'],[nan],,
651,CBQ535,.,Missing,"['The last time when you ate out or bought food at a fast-food  or pizza place did you see nutrition or health information about any foods on  the menu? SP interview version: The last time when {you/SP} ate out or bought  food at a fast-food or pizza place did {you/he/she} see nutrition or health  information about any foods on the menu?', 'The last time when you ate out or bought food at a fast-food or pizza place did you see nutrition or health information about any foods on the menu? SP interview version: The last time when {you/SP} ate out or bought food at a fast-food or pizza place did {you/he/she} see nutrition or health information about any foods on the menu?']",['Both males and females 16 YEARS - 150 YEARS'],[nan],,
652,CBQ540,1,Yes,"['Did you use the information in deciding which foods to buy?  SP interview version: Did {you/SP} use the information in deciding which foods  to buy?', 'Did you use the information in deciding which foods to buy? SP interview version: Did {you/SP} use the information in deciding which foods to buy?']",['Both males and females 16 YEARS - 150 YEARS'],[nan],,
653,CBQ540,2,No,"['Did you use the information in deciding which foods to buy?  SP interview version: Did {you/SP} use the information in deciding which foods  to buy?', 'Did you use the information in deciding which foods to buy? SP interview version: Did {you/SP} use the information in deciding which foods to buy?']",['Both males and females 16 YEARS - 150 YEARS'],[nan],,
654,CBQ540,7,Refused,"['Did you use the information in deciding which foods to buy?  SP interview version: Did {you/SP} use the information in deciding which foods  to buy?', 'Did you use the information in deciding which foods to buy? SP interview version: Did {you/SP} use the information in deciding which foods to buy?']",['Both males and females 16 YEARS - 150 YEARS'],[nan],,
655,CBQ540,9,Don'T Know,"['Did you use the information in deciding which foods to buy?  SP interview version: Did {you/SP} use the information in deciding which foods  to buy?', 'Did you use the information in deciding which foods to buy? SP interview version: Did {you/SP} use the information in deciding which foods to buy?']",['Both males and females 16 YEARS - 150 YEARS'],[nan],,
656,CBQ540,.,Missing,"['Did you use the information in deciding which foods to buy?  SP interview version: Did {you/SP} use the information in deciding which foods  to buy?', 'Did you use the information in deciding which foods to buy? SP interview version: Did {you/SP} use the information in deciding which foods to buy?']",['Both males and females 16 YEARS - 150 YEARS'],[nan],,
657,CBQ545,1,Often,"['{Please open your hand card booklet and turn to hand card 1  to answer the next question.} If nutrition or health information were readily  available in fast food or pizza places would you use it often sometimes  rarely or never in deciding what to order? SP interview version: If  nutrition or health information were readily available in fast food or pizza  places would {you/SP} use it often sometimes rarely or never in deciding  what to order?', '{Please open your hand card booklet and turn to hand card 1 to answer the next question.} If nutrition or health information were readily available in fast food or pizza places would you use it often sometimes rarely or never in deciding what to order? SP interview version: If nutrition or health information were readily available in fast food or pizza places would {you/SP} use it often sometimes rarely or never in deciding what to order?']",['Both males and females 16 YEARS - 150 YEARS'],[nan],,
658,CBQ545,2,Sometimes,"['{Please open your hand card booklet and turn to hand card 1  to answer the next question.} If nutrition or health information were readily  available in fast food or pizza places would you use it often sometimes  rarely or never in deciding what to order? SP interview version: If  nutrition or health information were readily available in fast food or pizza  places would {you/SP} use it often sometimes rarely or never in deciding  what to order?', '{Please open your hand card booklet and turn to hand card 1 to answer the next question.} If nutrition or health information were readily available in fast food or pizza places would you use it often sometimes rarely or never in deciding what to order? SP interview version: If nutrition or health information were readily available in fast food or pizza places would {you/SP} use it often sometimes rarely or never in deciding what to order?']",['Both males and females 16 YEARS - 150 YEARS'],[nan],,
659,CBQ545,3,Rarely,"['{Please open your hand card booklet and turn to hand card 1  to answer the next question.} If nutrition or health information were readily  available in fast food or pizza places would you use it often sometimes  rarely or never in deciding what to order? SP interview version: If  nutrition or health information were readily available in fast food or pizza  places would {you/SP} use it often sometimes rarely or never in deciding  what to order?', '{Please open your hand card booklet and turn to hand card 1 to answer the next question.} If nutrition or health information were readily available in fast food or pizza places would you use it often sometimes rarely or never in deciding what to order? SP interview version: If nutrition or health information were readily available in fast food or pizza places would {you/SP} use it often sometimes rarely or never in deciding what to order?']",['Both males and females 16 YEARS - 150 YEARS'],[nan],,
660,CBQ545,4,Never,"['{Please open your hand card booklet and turn to hand card 1  to answer the next question.} If nutrition or health information were readily  available in fast food or pizza places would you use it often sometimes  rarely or never in deciding what to order? SP interview version: If  nutrition or health information were readily available in fast food or pizza  places would {you/SP} use it often sometimes rarely or never in deciding  what to order?', '{Please open your hand card booklet and turn to hand card 1 to answer the next question.} If nutrition or health information were readily available in fast food or pizza places would you use it often sometimes rarely or never in deciding what to order? SP interview version: If nutrition or health information were readily available in fast food or pizza places would {you/SP} use it often sometimes rarely or never in deciding what to order?']",['Both males and females 16 YEARS - 150 YEARS'],[nan],,
661,CBQ545,7,Refused,"['{Please open your hand card booklet and turn to hand card 1  to answer the next question.} If nutrition or health information were readily  available in fast food or pizza places would you use it often sometimes  rarely or never in deciding what to order? SP interview version: If  nutrition or health information were readily available in fast food or pizza  places would {you/SP} use it often sometimes rarely or never in deciding  what to order?', '{Please open your hand card booklet and turn to hand card 1 to answer the next question.} If nutrition or health information were readily available in fast food or pizza places would you use it often sometimes rarely or never in deciding what to order? SP interview version: If nutrition or health information were readily available in fast food or pizza places would {you/SP} use it often sometimes rarely or never in deciding what to order?']",['Both males and females 16 YEARS - 150 YEARS'],[nan],,
662,CBQ545,9,Don'T Know,"['{Please open your hand card booklet and turn to hand card 1  to answer the next question.} If nutrition or health information were readily  available in fast food or pizza places would you use it often sometimes  rarely or never in deciding what to order? SP interview version: If  nutrition or health information were readily available in fast food or pizza  places would {you/SP} use it often sometimes rarely or never in deciding  what to order?', '{Please open your hand card booklet and turn to hand card 1 to answer the next question.} If nutrition or health information were readily available in fast food or pizza places would you use it often sometimes rarely or never in deciding what to order? SP interview version: If nutrition or health information were readily available in fast food or pizza places would {you/SP} use it often sometimes rarely or never in deciding what to order?']",['Both males and females 16 YEARS - 150 YEARS'],[nan],,
663,CBQ545,.,Missing,"['{Please open your hand card booklet and turn to hand card 1  to answer the next question.} If nutrition or health information were readily  available in fast food or pizza places would you use it often sometimes  rarely or never in deciding what to order? SP interview version: If  nutrition or health information were readily available in fast food or pizza  places would {you/SP} use it often sometimes rarely or never in deciding  what to order?', '{Please open your hand card booklet and turn to hand card 1 to answer the next question.} If nutrition or health information were readily available in fast food or pizza places would you use it often sometimes rarely or never in deciding what to order? SP interview version: If nutrition or health information were readily available in fast food or pizza places would {you/SP} use it often sometimes rarely or never in deciding what to order?']",['Both males and females 16 YEARS - 150 YEARS'],[nan],,
664,CBQ550,1,Yes,"['[For the following questions please answer yes or no.] In  the past 12 months did you eat at a restaurant with waiter or waitress  service? SP interview version: In the past 12 months did {you/SP} eat at a  restaurant with waiter or waitress service?', '[For the following questions please answer yes or no.] In the past 12 months did you eat at a restaurant with waiter or waitress service? SP interview version: In the past 12 months did {you/SP} eat at a restaurant with waiter or waitress service?']",['Both males and females 16 YEARS - 150 YEARS'],[nan],,
665,CBQ550,2,No,"['[For the following questions please answer yes or no.] In  the past 12 months did you eat at a restaurant with waiter or waitress  service? SP interview version: In the past 12 months did {you/SP} eat at a  restaurant with waiter or waitress service?', '[For the following questions please answer yes or no.] In the past 12 months did you eat at a restaurant with waiter or waitress service? SP interview version: In the past 12 months did {you/SP} eat at a restaurant with waiter or waitress service?']",['Both males and females 16 YEARS - 150 YEARS'],[nan],,
666,CBQ550,7,Refused,"['[For the following questions please answer yes or no.] In  the past 12 months did you eat at a restaurant with waiter or waitress  service? SP interview version: In the past 12 months did {you/SP} eat at a  restaurant with waiter or waitress service?', '[For the following questions please answer yes or no.] In the past 12 months did you eat at a restaurant with waiter or waitress service? SP interview version: In the past 12 months did {you/SP} eat at a restaurant with waiter or waitress service?']",['Both males and females 16 YEARS - 150 YEARS'],[nan],,
667,CBQ550,9,Don'T Know,"['[For the following questions please answer yes or no.] In  the past 12 months did you eat at a restaurant with waiter or waitress  service? SP interview version: In the past 12 months did {you/SP} eat at a  restaurant with waiter or waitress service?', '[For the following questions please answer yes or no.] In the past 12 months did you eat at a restaurant with waiter or waitress service? SP interview version: In the past 12 months did {you/SP} eat at a restaurant with waiter or waitress service?']",['Both males and females 16 YEARS - 150 YEARS'],[nan],,
668,CBQ550,.,Missing,"['[For the following questions please answer yes or no.] In  the past 12 months did you eat at a restaurant with waiter or waitress  service? SP interview version: In the past 12 months did {you/SP} eat at a  restaurant with waiter or waitress service?', '[For the following questions please answer yes or no.] In the past 12 months did you eat at a restaurant with waiter or waitress service? SP interview version: In the past 12 months did {you/SP} eat at a restaurant with waiter or waitress service?']",['Both males and females 16 YEARS - 150 YEARS'],[nan],,
669,CBQ552,1,Yes,"['Think about the last time {you/SP} ate at a restaurant with a  waiter or waitress. Is it a chain-restaurant?', 'Think about the last time {you/SP} ate at a restaurant with a waiter or waitress. Is it a chain-restaurant?']",['Both males and females 16 YEARS - 150 YEARS'],[nan],,
670,CBQ552,2,No,"['Think about the last time {you/SP} ate at a restaurant with a  waiter or waitress. Is it a chain-restaurant?', 'Think about the last time {you/SP} ate at a restaurant with a waiter or waitress. Is it a chain-restaurant?']",['Both males and females 16 YEARS - 150 YEARS'],[nan],,
671,CBQ552,7,Refused,"['Think about the last time {you/SP} ate at a restaurant with a  waiter or waitress. Is it a chain-restaurant?', 'Think about the last time {you/SP} ate at a restaurant with a waiter or waitress. Is it a chain-restaurant?']",['Both males and females 16 YEARS - 150 YEARS'],[nan],,
672,CBQ552,9,Don'T Know,"['Think about the last time {you/SP} ate at a restaurant with a  waiter or waitress. Is it a chain-restaurant?', 'Think about the last time {you/SP} ate at a restaurant with a waiter or waitress. Is it a chain-restaurant?']",['Both males and females 16 YEARS - 150 YEARS'],[nan],,
673,CBQ552,.,Missing,"['Think about the last time {you/SP} ate at a restaurant with a  waiter or waitress. Is it a chain-restaurant?', 'Think about the last time {you/SP} ate at a restaurant with a waiter or waitress. Is it a chain-restaurant?']",['Both males and females 16 YEARS - 150 YEARS'],[nan],,
674,CBQ580,1,Yes,"['The last time you ate at a restaurant with a waiter or  waitress did you see nutrition or health information about any foods on the  menu? SP interview version: Did {you/SP} see nutrition or health information  about any foods on the menu?', 'The last time you ate at a restaurant with a waiter or waitress did you see nutrition or health information about any foods on the menu? SP interview version: Did {you/SP} see nutrition or health information about any foods on the menu?']",['Both males and females 16 YEARS - 150 YEARS'],[nan],,
675,CBQ580,2,No,"['The last time you ate at a restaurant with a waiter or  waitress did you see nutrition or health information about any foods on the  menu? SP interview version: Did {you/SP} see nutrition or health information  about any foods on the menu?', 'The last time you ate at a restaurant with a waiter or waitress did you see nutrition or health information about any foods on the menu? SP interview version: Did {you/SP} see nutrition or health information about any foods on the menu?']",['Both males and females 16 YEARS - 150 YEARS'],[nan],,
676,CBQ580,7,Refused,"['The last time you ate at a restaurant with a waiter or  waitress did you see nutrition or health information about any foods on the  menu? SP interview version: Did {you/SP} see nutrition or health information  about any foods on the menu?', 'The last time you ate at a restaurant with a waiter or waitress did you see nutrition or health information about any foods on the menu? SP interview version: Did {you/SP} see nutrition or health information about any foods on the menu?']",['Both males and females 16 YEARS - 150 YEARS'],[nan],,
677,CBQ580,9,Don'T Know,"['The last time you ate at a restaurant with a waiter or  waitress did you see nutrition or health information about any foods on the  menu? SP interview version: Did {you/SP} see nutrition or health information  about any foods on the menu?', 'The last time you ate at a restaurant with a waiter or waitress did you see nutrition or health information about any foods on the menu? SP interview version: Did {you/SP} see nutrition or health information about any foods on the menu?']",['Both males and females 16 YEARS - 150 YEARS'],[nan],,
678,CBQ580,.,Missing,"['The last time you ate at a restaurant with a waiter or  waitress did you see nutrition or health information about any foods on the  menu? SP interview version: Did {you/SP} see nutrition or health information  about any foods on the menu?', 'The last time you ate at a restaurant with a waiter or waitress did you see nutrition or health information about any foods on the menu? SP interview version: Did {you/SP} see nutrition or health information about any foods on the menu?']",['Both males and females 16 YEARS - 150 YEARS'],[nan],,
679,CBQ585,1,Yes,"['Did you use the information in deciding which foods to buy?  SP interview version: Did {you/SP} use the information in deciding which foods  to buy?', 'Did you use the information in deciding which foods to buy? SP interview version: Did {you/SP} use the information in deciding which foods to buy?']",['Both males and females 16 YEARS - 150 YEARS'],[nan],,
680,CBQ585,2,No,"['Did you use the information in deciding which foods to buy?  SP interview version: Did {you/SP} use the information in deciding which foods  to buy?', 'Did you use the information in deciding which foods to buy? SP interview version: Did {you/SP} use the information in deciding which foods to buy?']",['Both males and females 16 YEARS - 150 YEARS'],[nan],,
681,CBQ585,7,Refused,"['Did you use the information in deciding which foods to buy?  SP interview version: Did {you/SP} use the information in deciding which foods  to buy?', 'Did you use the information in deciding which foods to buy? SP interview version: Did {you/SP} use the information in deciding which foods to buy?']",['Both males and females 16 YEARS - 150 YEARS'],[nan],,
682,CBQ585,9,Don'T Know,"['Did you use the information in deciding which foods to buy?  SP interview version: Did {you/SP} use the information in deciding which foods  to buy?', 'Did you use the information in deciding which foods to buy? SP interview version: Did {you/SP} use the information in deciding which foods to buy?']",['Both males and females 16 YEARS - 150 YEARS'],[nan],,
683,CBQ585,.,Missing,"['Did you use the information in deciding which foods to buy?  SP interview version: Did {you/SP} use the information in deciding which foods  to buy?', 'Did you use the information in deciding which foods to buy? SP interview version: Did {you/SP} use the information in deciding which foods to buy?']",['Both males and females 16 YEARS - 150 YEARS'],[nan],,
684,CBQ590,1,Often,"['{Please look at hand card 1 [again].} If nutrition  information were readily available in restaurants with a waiter or waitress  would you use it often sometimes rarely or never in deciding what to  order? SP interview version: If nutrition or health information were readily  available in restaurants with a waiter or waitress would {you/SP} use it  often sometimes rarely or never in deciding what to order?', '{Please look at hand card 1 [again].} If nutrition information were readily available in restaurants with a waiter or waitress would you use it often sometimes rarely or never in deciding what to order? SP interview version: If nutrition or health information were readily available in restaurants with a waiter or waitress would {you/SP} use it often sometimes rarely or never in deciding what to order?']",['Both males and females 16 YEARS - 150 YEARS'],[nan],,
685,CBQ590,2,Sometimes,"['{Please look at hand card 1 [again].} If nutrition  information were readily available in restaurants with a waiter or waitress  would you use it often sometimes rarely or never in deciding what to  order? SP interview version: If nutrition or health information were readily  available in restaurants with a waiter or waitress would {you/SP} use it  often sometimes rarely or never in deciding what to order?', '{Please look at hand card 1 [again].} If nutrition information were readily available in restaurants with a waiter or waitress would you use it often sometimes rarely or never in deciding what to order? SP interview version: If nutrition or health information were readily available in restaurants with a waiter or waitress would {you/SP} use it often sometimes rarely or never in deciding what to order?']",['Both males and females 16 YEARS - 150 YEARS'],[nan],,
686,CBQ590,3,Rarely,"['{Please look at hand card 1 [again].} If nutrition  information were readily available in restaurants with a waiter or waitress  would you use it often sometimes rarely or never in deciding what to  order? SP interview version: If nutrition or health information were readily  available in restaurants with a waiter or waitress would {you/SP} use it  often sometimes rarely or never in deciding what to order?', '{Please look at hand card 1 [again].} If nutrition information were readily available in restaurants with a waiter or waitress would you use it often sometimes rarely or never in deciding what to order? SP interview version: If nutrition or health information were readily available in restaurants with a waiter or waitress would {you/SP} use it often sometimes rarely or never in deciding what to order?']",['Both males and females 16 YEARS - 150 YEARS'],[nan],,
687,CBQ590,4,Never,"['{Please look at hand card 1 [again].} If nutrition  information were readily available in restaurants with a waiter or waitress  would you use it often sometimes rarely or never in deciding what to  order? SP interview version: If nutrition or health information were readily  available in restaurants with a waiter or waitress would {you/SP} use it  often sometimes rarely or never in deciding what to order?', '{Please look at hand card 1 [again].} If nutrition information were readily available in restaurants with a waiter or waitress would you use it often sometimes rarely or never in deciding what to order? SP interview version: If nutrition or health information were readily available in restaurants with a waiter or waitress would {you/SP} use it often sometimes rarely or never in deciding what to order?']",['Both males and females 16 YEARS - 150 YEARS'],[nan],,
688,CBQ590,7,Refused,"['{Please look at hand card 1 [again].} If nutrition  information were readily available in restaurants with a waiter or waitress  would you use it often sometimes rarely or never in deciding what to  order? SP interview version: If nutrition or health information were readily  available in restaurants with a waiter or waitress would {you/SP} use it  often sometimes rarely or never in deciding what to order?', '{Please look at hand card 1 [again].} If nutrition information were readily available in restaurants with a waiter or waitress would you use it often sometimes rarely or never in deciding what to order? SP interview version: If nutrition or health information were readily available in restaurants with a waiter or waitress would {you/SP} use it often sometimes rarely or never in deciding what to order?']",['Both males and females 16 YEARS - 150 YEARS'],[nan],,
689,CBQ590,9,Don'T Know,"['{Please look at hand card 1 [again].} If nutrition  information were readily available in restaurants with a waiter or waitress  would you use it often sometimes rarely or never in deciding what to  order? SP interview version: If nutrition or health information were readily  available in restaurants with a waiter or waitress would {you/SP} use it  often sometimes rarely or never in deciding what to order?', '{Please look at hand card 1 [again].} If nutrition information were readily available in restaurants with a waiter or waitress would you use it often sometimes rarely or never in deciding what to order? SP interview version: If nutrition or health information were readily available in restaurants with a waiter or waitress would {you/SP} use it often sometimes rarely or never in deciding what to order?']",['Both males and females 16 YEARS - 150 YEARS'],[nan],,
690,CBQ590,.,Missing,"['{Please look at hand card 1 [again].} If nutrition  information were readily available in restaurants with a waiter or waitress  would you use it often sometimes rarely or never in deciding what to  order? SP interview version: If nutrition or health information were readily  available in restaurants with a waiter or waitress would {you/SP} use it  often sometimes rarely or never in deciding what to order?', '{Please look at hand card 1 [again].} If nutrition information were readily available in restaurants with a waiter or waitress would you use it often sometimes rarely or never in deciding what to order? SP interview version: If nutrition or health information were readily available in restaurants with a waiter or waitress would {you/SP} use it often sometimes rarely or never in deciding what to order?']",['Both males and females 16 YEARS - 150 YEARS'],[nan],,
691,DBD265A,,,[nan],['Both males and females 0 YEARS - 150 YEARS'],[nan],,
692,DBD710,,,[nan],['Both males and females 1 YEARS - 150 YEARS'],[nan],,
693,DBQ070a,10,"Whole Or Regular,",['What type of milk was {SP} first fed on a daily basis? Was it . . .'],['Both males and females 0 YEARS - 6 YEARS'],[nan],,
694,DBQ070a,77,Refused,['What type of milk was {SP} first fed on a daily basis? Was it . . .'],['Both males and females 0 YEARS - 6 YEARS'],[nan],,
695,DBQ070a,99,Don'T Know,['What type of milk was {SP} first fed on a daily basis? Was it . . .'],['Both males and females 0 YEARS - 6 YEARS'],[nan],,
696,DBQ070a,.,Missing,['What type of milk was {SP} first fed on a daily basis? Was it . . .'],['Both males and females 0 YEARS - 6 YEARS'],[nan],,
697,DBQ070c,12,"1% Fat Milk,",['What type of milk was {SP} first fed on a daily basis? Was it . . .'],['Both males and females 0 YEARS - 6 YEARS'],[nan],,
698,DBQ070c,.,Missing,['What type of milk was {SP} first fed on a daily basis? Was it . . .'],['Both males and females 0 YEARS - 6 YEARS'],[nan],,
699,DBQ070d,13,"Skim, Nonfat, Or 0.5% Fat Milk (Includes Liquid Or Reconstituted From Dry)",['What type of milk was {SP} first fed on a daily basis? Was it . . .'],['Both males and females 0 YEARS - 6 YEARS'],[nan],,
700,DBQ070d,.,Missing,['What type of milk was {SP} first fed on a daily basis? Was it . . .'],['Both males and females 0 YEARS - 6 YEARS'],[nan],,
701,DBD070j,19,Another Type?,['What type of milk was {SP} first fed on a daily basis? Was it . . .'],['Both males and females 0 YEARS - 6 YEARS'],[nan],,
702,DBD070j,.,Missing,['What type of milk was {SP} first fed on a daily basis? Was it . . .'],['Both males and females 0 YEARS - 6 YEARS'],[nan],,
703,DBQ095,1,"Ordinary Salt [Includes Regular Iodized Salt, Sea Salt And Seasoning Salts Made With Regular Salt],",['What type of slat {do you/does SP} usually add to {your/his/her/SPs} food at the table'],['Both males and females 1 YEARS - 120 YEARS'],[nan],,
704,DBQ095,2,"Lite Salt, Or",['What type of slat {do you/does SP} usually add to {your/his/her/SPs} food at the table'],['Both males and females 1 YEARS - 120 YEARS'],[nan],,
705,DBQ095,3,Salt Substitute,['What type of slat {do you/does SP} usually add to {your/his/her/SPs} food at the table'],['Both males and females 1 YEARS - 120 YEARS'],[nan],,
706,DBQ095,4,Doesn'T Use Or Add Salt Products At The Table,['What type of slat {do you/does SP} usually add to {your/his/her/SPs} food at the table'],['Both males and females 1 YEARS - 120 YEARS'],[nan],,
707,DBQ095,7,Refused,['What type of slat {do you/does SP} usually add to {your/his/her/SPs} food at the table'],['Both males and females 1 YEARS - 120 YEARS'],[nan],,
708,DBQ095,9,Don'T Know,['What type of slat {do you/does SP} usually add to {your/his/her/SPs} food at the table'],['Both males and females 1 YEARS - 120 YEARS'],[nan],,
709,DBQ095,.,Missing,['What type of slat {do you/does SP} usually add to {your/his/her/SPs} food at the table'],['Both males and females 1 YEARS - 120 YEARS'],[nan],,
710,DBQ100,1,"Rarely,",['How often {do you/does SP} add ordinary salt to {your/his/her/SPs} food at the table?'],['Both males and females 1 YEARS - 120 YEARS'],[nan],,
711,DBQ100,2,"Occasionaly, Or",['How often {do you/does SP} add ordinary salt to {your/his/her/SPs} food at the table?'],['Both males and females 1 YEARS - 120 YEARS'],[nan],,
712,DBQ100,3,Very Often?,['How often {do you/does SP} add ordinary salt to {your/his/her/SPs} food at the table?'],['Both males and females 1 YEARS - 120 YEARS'],[nan],,
713,DBQ100,7,Refused,['How often {do you/does SP} add ordinary salt to {your/his/her/SPs} food at the table?'],['Both males and females 1 YEARS - 120 YEARS'],[nan],,
714,DBQ100,9,Don'T Know,['How often {do you/does SP} add ordinary salt to {your/his/her/SPs} food at the table?'],['Both males and females 1 YEARS - 120 YEARS'],[nan],,
715,DBQ100,.,Missing,['How often {do you/does SP} add ordinary salt to {your/his/her/SPs} food at the table?'],['Both males and females 1 YEARS - 120 YEARS'],[nan],,
716,DBD105,,,[nan],['Both males and females 1 YEARS - 120 YEARS'],[nan],,
717,DBQ110,1,Yes,['{Do you/Does SP} ever eat poultry such as chicken and turkey? Please include foods that are made with poultry such as soups sandwiches stews and salads.'],['Both males and females 12 YEARS - 120 YEARS'],[nan],,
718,DBQ110,2,No,['{Do you/Does SP} ever eat poultry such as chicken and turkey? Please include foods that are made with poultry such as soups sandwiches stews and salads.'],['Both males and females 12 YEARS - 120 YEARS'],[nan],,
719,DBQ110,7,Refused,['{Do you/Does SP} ever eat poultry such as chicken and turkey? Please include foods that are made with poultry such as soups sandwiches stews and salads.'],['Both males and females 12 YEARS - 120 YEARS'],[nan],,
720,DBQ110,9,Don'T Know,['{Do you/Does SP} ever eat poultry such as chicken and turkey? Please include foods that are made with poultry such as soups sandwiches stews and salads.'],['Both males and females 12 YEARS - 120 YEARS'],[nan],,
721,DBQ110,.,Missing,['{Do you/Does SP} ever eat poultry such as chicken and turkey? Please include foods that are made with poultry such as soups sandwiches stews and salads.'],['Both males and females 12 YEARS - 120 YEARS'],[nan],,
722,DBQ120,0,Never,['When {you eat/SP eats} chicken or other types of poultry how often {do you/does s/he} eat the skin? Would you say...'],['Both males and females 0 YEARS - 150 YEARS'],[nan],,
723,DBQ120,1,Rarely Or Seldom,['When {you eat/SP eats} chicken or other types of poultry how often {do you/does s/he} eat the skin? Would you say...'],['Both males and females 0 YEARS - 150 YEARS'],[nan],,
724,DBQ120,2,"Sometimes Or Occasionally,",['When {you eat/SP eats} chicken or other types of poultry how often {do you/does s/he} eat the skin? Would you say...'],['Both males and females 0 YEARS - 150 YEARS'],[nan],,
725,DBQ120,3,"Often Or Very Often,Or",['When {you eat/SP eats} chicken or other types of poultry how often {do you/does s/he} eat the skin? Would you say...'],['Both males and females 0 YEARS - 150 YEARS'],[nan],,
726,DBQ120,4,Always?,['When {you eat/SP eats} chicken or other types of poultry how often {do you/does s/he} eat the skin? Would you say...'],['Both males and females 0 YEARS - 150 YEARS'],[nan],,
727,DBQ120,7,Refused,['When {you eat/SP eats} chicken or other types of poultry how often {do you/does s/he} eat the skin? Would you say...'],['Both males and females 0 YEARS - 150 YEARS'],[nan],,
728,DBQ120,9,Don'T Know,['When {you eat/SP eats} chicken or other types of poultry how often {do you/does s/he} eat the skin? Would you say...'],['Both males and females 0 YEARS - 150 YEARS'],[nan],,
729,DBQ120,.,Missing,['When {you eat/SP eats} chicken or other types of poultry how often {do you/does s/he} eat the skin? Would you say...'],['Both males and females 0 YEARS - 150 YEARS'],[nan],,
730,DBQ130,1,Yes,['{Do you/Does SP} ever eat meat such as beef pork lamb or veal? Please include foods that are made with meat such as soups stews sandwiches lunch meatsand casseroles.'],['Both males and females 12 YEARS - 120 YEARS'],[nan],,
731,DBQ130,2,No,['{Do you/Does SP} ever eat meat such as beef pork lamb or veal? Please include foods that are made with meat such as soups stews sandwiches lunch meatsand casseroles.'],['Both males and females 12 YEARS - 120 YEARS'],[nan],,
732,DBQ130,7,Refused,['{Do you/Does SP} ever eat meat such as beef pork lamb or veal? Please include foods that are made with meat such as soups stews sandwiches lunch meatsand casseroles.'],['Both males and females 12 YEARS - 120 YEARS'],[nan],,
733,DBQ130,9,Don'T Know,['{Do you/Does SP} ever eat meat such as beef pork lamb or veal? Please include foods that are made with meat such as soups stews sandwiches lunch meatsand casseroles.'],['Both males and females 12 YEARS - 120 YEARS'],[nan],,
734,DBQ130,.,Missing,['{Do you/Does SP} ever eat meat such as beef pork lamb or veal? Please include foods that are made with meat such as soups stews sandwiches lunch meatsand casseroles.'],['Both males and females 12 YEARS - 120 YEARS'],[nan],,
735,DBQ140,0,Never,['When {you eat/SP eats} meat how often {do you/does s/he} eat the visible fat? [Visible fat is the fat tissue that you may see around the edge of a piece of meat.] Would you say...'],['Both males and females 12 YEARS - 120 YEARS'],[nan],,
736,DBQ140,1,"Rarely Or Seldom,",['When {you eat/SP eats} meat how often {do you/does s/he} eat the visible fat? [Visible fat is the fat tissue that you may see around the edge of a piece of meat.] Would you say...'],['Both males and females 12 YEARS - 120 YEARS'],[nan],,
737,DBQ140,2,"Sometimes Or Occasionally,",['When {you eat/SP eats} meat how often {do you/does s/he} eat the visible fat? [Visible fat is the fat tissue that you may see around the edge of a piece of meat.] Would you say...'],['Both males and females 12 YEARS - 120 YEARS'],[nan],,
738,DBQ140,3,"Often Or Very Often, Or",['When {you eat/SP eats} meat how often {do you/does s/he} eat the visible fat? [Visible fat is the fat tissue that you may see around the edge of a piece of meat.] Would you say...'],['Both males and females 12 YEARS - 120 YEARS'],[nan],,
739,DBQ140,4,Always?,['When {you eat/SP eats} meat how often {do you/does s/he} eat the visible fat? [Visible fat is the fat tissue that you may see around the edge of a piece of meat.] Would you say...'],['Both males and females 12 YEARS - 120 YEARS'],[nan],,
740,DBQ140,7,Refused,['When {you eat/SP eats} meat how often {do you/does s/he} eat the visible fat? [Visible fat is the fat tissue that you may see around the edge of a piece of meat.] Would you say...'],['Both males and females 12 YEARS - 120 YEARS'],[nan],,
741,DBQ140,9,Don'T Know,['When {you eat/SP eats} meat how often {do you/does s/he} eat the visible fat? [Visible fat is the fat tissue that you may see around the edge of a piece of meat.] Would you say...'],['Both males and females 12 YEARS - 120 YEARS'],[nan],,
742,DBQ140,.,Missing,['When {you eat/SP eats} meat how often {do you/does s/he} eat the visible fat? [Visible fat is the fat tissue that you may see around the edge of a piece of meat.] Would you say...'],['Both males and females 12 YEARS - 120 YEARS'],[nan],,
743,DBD195,0,Never,['Now Im going to ask a few questions about milk products. Do not include their use in cooking. In the past 30 days how often did {you/SP} have milk to drink or on {your/his/her} cereal? Please include chocolate and other flavored milks as well as hot cocoa made with milk. Do not count small amounts of milk added to coffee or tea. Would you say...'],['Both males and females 1 YEARS - 120 YEARS'],[nan],,
744,DBD195,1,Rarely-Less Than Once A Week,['Now Im going to ask a few questions about milk products. Do not include their use in cooking. In the past 30 days how often did {you/SP} have milk to drink or on {your/his/her} cereal? Please include chocolate and other flavored milks as well as hot cocoa made with milk. Do not count small amounts of milk added to coffee or tea. Would you say...'],['Both males and females 1 YEARS - 120 YEARS'],[nan],,
745,DBD195,2,"Sometimes-Once A Week Or More, But Less Than Once A Day, Or",['Now Im going to ask a few questions about milk products. Do not include their use in cooking. In the past 30 days how often did {you/SP} have milk to drink or on {your/his/her} cereal? Please include chocolate and other flavored milks as well as hot cocoa made with milk. Do not count small amounts of milk added to coffee or tea. Would you say...'],['Both males and females 1 YEARS - 120 YEARS'],[nan],,
746,DBD195,3,Often-Once A Day Or More?,['Now Im going to ask a few questions about milk products. Do not include their use in cooking. In the past 30 days how often did {you/SP} have milk to drink or on {your/his/her} cereal? Please include chocolate and other flavored milks as well as hot cocoa made with milk. Do not count small amounts of milk added to coffee or tea. Would you say...'],['Both males and females 1 YEARS - 120 YEARS'],[nan],,
747,DBD195,4,Varied,['Now Im going to ask a few questions about milk products. Do not include their use in cooking. In the past 30 days how often did {you/SP} have milk to drink or on {your/his/her} cereal? Please include chocolate and other flavored milks as well as hot cocoa made with milk. Do not count small amounts of milk added to coffee or tea. Would you say...'],['Both males and females 1 YEARS - 120 YEARS'],[nan],,
748,DBD195,7,Refused,['Now Im going to ask a few questions about milk products. Do not include their use in cooking. In the past 30 days how often did {you/SP} have milk to drink or on {your/his/her} cereal? Please include chocolate and other flavored milks as well as hot cocoa made with milk. Do not count small amounts of milk added to coffee or tea. Would you say...'],['Both males and females 1 YEARS - 120 YEARS'],[nan],,
749,DBD195,9,Don'T Know,['Now Im going to ask a few questions about milk products. Do not include their use in cooking. In the past 30 days how often did {you/SP} have milk to drink or on {your/his/her} cereal? Please include chocolate and other flavored milks as well as hot cocoa made with milk. Do not count small amounts of milk added to coffee or tea. Would you say...'],['Both males and females 1 YEARS - 120 YEARS'],[nan],,
750,DBD195,.,Missing,['Now Im going to ask a few questions about milk products. Do not include their use in cooking. In the past 30 days how often did {you/SP} have milk to drink or on {your/his/her} cereal? Please include chocolate and other flavored milks as well as hot cocoa made with milk. Do not count small amounts of milk added to coffee or tea. Would you say...'],['Both males and females 1 YEARS - 120 YEARS'],[nan],,
751,DBQ220a,10,"Whole Or Regular,",['What type of milk was it? Was it usually . . .'],['Both males and females 1 YEARS - 120 YEARS'],[nan],,
752,DBQ220a,77,Refused,['What type of milk was it? Was it usually . . .'],['Both males and females 1 YEARS - 120 YEARS'],[nan],,
753,DBQ220a,99,Don'T Know,['What type of milk was it? Was it usually . . .'],['Both males and females 1 YEARS - 120 YEARS'],[nan],,
754,DBQ220a,.,Missing,['What type of milk was it? Was it usually . . .'],['Both males and females 1 YEARS - 120 YEARS'],[nan],,
755,DBQ220c,12,"1% Fat Milk,",['What type of milk was it? Was it usually . . .'],['Both males and females 1 YEARS - 120 YEARS'],[nan],,
756,DBQ220c,.,Missing,['What type of milk was it? Was it usually . . .'],['Both males and females 1 YEARS - 120 YEARS'],[nan],,
757,DBQ220d,13,"Skim, Nonfat, Or 0.5% Fat Milk (Includes Liquid Or Reconstituted From Dry), Or",['What type of milk was it? Was it usually . . .'],['Both males and females 1 YEARS - 120 YEARS'],[nan],,
758,DBQ220d,.,Missing,['What type of milk was it? Was it usually . . .'],['Both males and females 1 YEARS - 120 YEARS'],[nan],,
759,DBD220j,19,Another Type?,['What type of milk was it? Was it usually . . .'],['Both males and females 1 YEARS - 120 YEARS'],[nan],,
760,DBD220j,.,Missing,['What type of milk was it? Was it usually . . .'],['Both males and females 1 YEARS - 120 YEARS'],[nan],,
761,DBD235a,0,Never,['Now Im going to ask you how often {you/SP} drank milk at different times in {your/his/her} life. How often did {you/SP} drink any type of milk including milk added to cereal when {you were/s/he was} a child between the ages of 5 and 12 years old? Would you say...'],['Both males and females 20 YEARS - 120 YEARS'],[nan],,
762,DBD235a,1,Rarely-Less Than Once A Week,['Now Im going to ask you how often {you/SP} drank milk at different times in {your/his/her} life. How often did {you/SP} drink any type of milk including milk added to cereal when {you were/s/he was} a child between the ages of 5 and 12 years old? Would you say...'],['Both males and females 20 YEARS - 120 YEARS'],[nan],,
763,DBD235a,2,"Sometimes-Once A Week Or More, But Less Than Once A Day",['Now Im going to ask you how often {you/SP} drank milk at different times in {your/his/her} life. How often did {you/SP} drink any type of milk including milk added to cereal when {you were/s/he was} a child between the ages of 5 and 12 years old? Would you say...'],['Both males and females 20 YEARS - 120 YEARS'],[nan],,
764,DBD235a,3,Often-Once A Day Or More,['Now Im going to ask you how often {you/SP} drank milk at different times in {your/his/her} life. How often did {you/SP} drink any type of milk including milk added to cereal when {you were/s/he was} a child between the ages of 5 and 12 years old? Would you say...'],['Both males and females 20 YEARS - 120 YEARS'],[nan],,
765,DBD235a,4,Varied,['Now Im going to ask you how often {you/SP} drank milk at different times in {your/his/her} life. How often did {you/SP} drink any type of milk including milk added to cereal when {you were/s/he was} a child between the ages of 5 and 12 years old? Would you say...'],['Both males and females 20 YEARS - 120 YEARS'],[nan],,
766,DBD235a,7,Refused,['Now Im going to ask you how often {you/SP} drank milk at different times in {your/his/her} life. How often did {you/SP} drink any type of milk including milk added to cereal when {you were/s/he was} a child between the ages of 5 and 12 years old? Would you say...'],['Both males and females 20 YEARS - 120 YEARS'],[nan],,
767,DBD235a,9,Don'T Know,['Now Im going to ask you how often {you/SP} drank milk at different times in {your/his/her} life. How often did {you/SP} drink any type of milk including milk added to cereal when {you were/s/he was} a child between the ages of 5 and 12 years old? Would you say...'],['Both males and females 20 YEARS - 120 YEARS'],[nan],,
768,DBD235a,.,Missing,['Now Im going to ask you how often {you/SP} drank milk at different times in {your/his/her} life. How often did {you/SP} drink any type of milk including milk added to cereal when {you were/s/he was} a child between the ages of 5 and 12 years old? Would you say...'],['Both males and females 20 YEARS - 120 YEARS'],[nan],,
769,DBD235b,0,Never,['Now Im going to ask you how often {you/SP} drank milk at different times in {your/his/her} life. How often did {you/SP} drink any type of milk including milk added to cereal when {you were/s/he was} a teenager between the ages of 13 and 17 years old? Would you say...'],['Both males and females 20 YEARS - 120 YEARS'],[nan],,
770,DBD235b,1,Rarely-Less Than Once A Week,['Now Im going to ask you how often {you/SP} drank milk at different times in {your/his/her} life. How often did {you/SP} drink any type of milk including milk added to cereal when {you were/s/he was} a teenager between the ages of 13 and 17 years old? Would you say...'],['Both males and females 20 YEARS - 120 YEARS'],[nan],,
771,DBD235b,2,"Sometimes-Once A Week Or More, But Less Than Once A Day",['Now Im going to ask you how often {you/SP} drank milk at different times in {your/his/her} life. How often did {you/SP} drink any type of milk including milk added to cereal when {you were/s/he was} a teenager between the ages of 13 and 17 years old? Would you say...'],['Both males and females 20 YEARS - 120 YEARS'],[nan],,
772,DBD235b,3,Often-Once A Day Or More,['Now Im going to ask you how often {you/SP} drank milk at different times in {your/his/her} life. How often did {you/SP} drink any type of milk including milk added to cereal when {you were/s/he was} a teenager between the ages of 13 and 17 years old? Would you say...'],['Both males and females 20 YEARS - 120 YEARS'],[nan],,
773,DBD235b,4,Varied,['Now Im going to ask you how often {you/SP} drank milk at different times in {your/his/her} life. How often did {you/SP} drink any type of milk including milk added to cereal when {you were/s/he was} a teenager between the ages of 13 and 17 years old? Would you say...'],['Both males and females 20 YEARS - 120 YEARS'],[nan],,
774,DBD235b,7,Refused,['Now Im going to ask you how often {you/SP} drank milk at different times in {your/his/her} life. How often did {you/SP} drink any type of milk including milk added to cereal when {you were/s/he was} a teenager between the ages of 13 and 17 years old? Would you say...'],['Both males and females 20 YEARS - 120 YEARS'],[nan],,
775,DBD235b,9,Don'T Know,['Now Im going to ask you how often {you/SP} drank milk at different times in {your/his/her} life. How often did {you/SP} drink any type of milk including milk added to cereal when {you were/s/he was} a teenager between the ages of 13 and 17 years old? Would you say...'],['Both males and females 20 YEARS - 120 YEARS'],[nan],,
776,DBD235b,.,Missing,['Now Im going to ask you how often {you/SP} drank milk at different times in {your/his/her} life. How often did {you/SP} drink any type of milk including milk added to cereal when {you were/s/he was} a teenager between the ages of 13 and 17 years old? Would you say...'],['Both males and females 20 YEARS - 120 YEARS'],[nan],,
777,DBD235c,0,Never,['Now Im going to ask you how often {you/SP} drank milk at different times in {your/his/her} life. How often did {you/SP} drink any type of milk including milk added to cereal when {you were/s/he was} a young adult between the ages of 18 and 35 years old? Would you say...'],['Both males and females 20 YEARS - 120 YEARS'],[nan],,
778,DBD235c,1,Rarely-Less Than Once A Week,['Now Im going to ask you how often {you/SP} drank milk at different times in {your/his/her} life. How often did {you/SP} drink any type of milk including milk added to cereal when {you were/s/he was} a young adult between the ages of 18 and 35 years old? Would you say...'],['Both males and females 20 YEARS - 120 YEARS'],[nan],,
779,DBD235c,2,"Sometimes-Once A Week Or More, But Less Than Once A Day",['Now Im going to ask you how often {you/SP} drank milk at different times in {your/his/her} life. How often did {you/SP} drink any type of milk including milk added to cereal when {you were/s/he was} a young adult between the ages of 18 and 35 years old? Would you say...'],['Both males and females 20 YEARS - 120 YEARS'],[nan],,
780,DBD235c,3,Often-Once A Day Or More,['Now Im going to ask you how often {you/SP} drank milk at different times in {your/his/her} life. How often did {you/SP} drink any type of milk including milk added to cereal when {you were/s/he was} a young adult between the ages of 18 and 35 years old? Would you say...'],['Both males and females 20 YEARS - 120 YEARS'],[nan],,
781,DBD235c,4,Varied,['Now Im going to ask you how often {you/SP} drank milk at different times in {your/his/her} life. How often did {you/SP} drink any type of milk including milk added to cereal when {you were/s/he was} a young adult between the ages of 18 and 35 years old? Would you say...'],['Both males and females 20 YEARS - 120 YEARS'],[nan],,
782,DBD235c,7,Refused,['Now Im going to ask you how often {you/SP} drank milk at different times in {your/his/her} life. How often did {you/SP} drink any type of milk including milk added to cereal when {you were/s/he was} a young adult between the ages of 18 and 35 years old? Would you say...'],['Both males and females 20 YEARS - 120 YEARS'],[nan],,
783,DBD235c,9,Don'T Know,['Now Im going to ask you how often {you/SP} drank milk at different times in {your/his/her} life. How often did {you/SP} drink any type of milk including milk added to cereal when {you were/s/he was} a young adult between the ages of 18 and 35 years old? Would you say...'],['Both males and females 20 YEARS - 120 YEARS'],[nan],,
784,DBD235c,.,Missing,['Now Im going to ask you how often {you/SP} drank milk at different times in {your/his/her} life. How often did {you/SP} drink any type of milk including milk added to cereal when {you were/s/he was} a young adult between the ages of 18 and 35 years old? Would you say...'],['Both males and females 20 YEARS - 120 YEARS'],[nan],,
785,ALD240,1 To 304,Range Of Values,['The next questions are about alcoholic beverages. When answering think about {your/SPs} use over the past 30 days. How often did {you/SP} drink beer or lite beer?'],['Both males and females 20 YEARS - 120 YEARS'],[nan],,
786,ALD240,0,Never,['The next questions are about alcoholic beverages. When answering think about {your/SPs} use over the past 30 days. How often did {you/SP} drink beer or lite beer?'],['Both males and females 20 YEARS - 120 YEARS'],[nan],,
787,ALD240,77777,Refused,['The next questions are about alcoholic beverages. When answering think about {your/SPs} use over the past 30 days. How often did {you/SP} drink beer or lite beer?'],['Both males and females 20 YEARS - 120 YEARS'],[nan],,
788,ALD240,99999,Don'T Know,['The next questions are about alcoholic beverages. When answering think about {your/SPs} use over the past 30 days. How often did {you/SP} drink beer or lite beer?'],['Both males and females 20 YEARS - 120 YEARS'],[nan],,
789,ALD240,.,Missing,['The next questions are about alcoholic beverages. When answering think about {your/SPs} use over the past 30 days. How often did {you/SP} drink beer or lite beer?'],['Both males and females 20 YEARS - 120 YEARS'],[nan],,
790,ALD250,1 To 91,Range Of Values,['[During the past 30 days] how often did {you/SP} drink wine wine coolers sangria or champagne?'],['Both males and females 20 YEARS - 120 YEARS'],[nan],,
791,ALD250,0,Never,['[During the past 30 days] how often did {you/SP} drink wine wine coolers sangria or champagne?'],['Both males and females 20 YEARS - 120 YEARS'],[nan],,
792,ALD250,77777,Refused,['[During the past 30 days] how often did {you/SP} drink wine wine coolers sangria or champagne?'],['Both males and females 20 YEARS - 120 YEARS'],[nan],,
793,ALD250,99999,Don'T Know,['[During the past 30 days] how often did {you/SP} drink wine wine coolers sangria or champagne?'],['Both males and females 20 YEARS - 120 YEARS'],[nan],,
794,ALD250,.,Missing,['[During the past 30 days] how often did {you/SP} drink wine wine coolers sangria or champagne?'],['Both males and females 20 YEARS - 120 YEARS'],[nan],,
795,ALD260,1 To 182,Range Of Values,['[During the past 30 days] how often did {you/SP} drink hard liquor such as tequila gin vodka scotch rum wiskey or liquers either alone or mixed?'],['Both males and females 20 YEARS - 120 YEARS'],[nan],,
796,ALD260,0,Never,['[During the past 30 days] how often did {you/SP} drink hard liquor such as tequila gin vodka scotch rum wiskey or liquers either alone or mixed?'],['Both males and females 20 YEARS - 120 YEARS'],[nan],,
797,ALD260,77777,Refused,['[During the past 30 days] how often did {you/SP} drink hard liquor such as tequila gin vodka scotch rum wiskey or liquers either alone or mixed?'],['Both males and females 20 YEARS - 120 YEARS'],[nan],,
798,ALD260,99999,Don'T Know,['[During the past 30 days] how often did {you/SP} drink hard liquor such as tequila gin vodka scotch rum wiskey or liquers either alone or mixed?'],['Both males and females 20 YEARS - 120 YEARS'],[nan],,
799,ALD260,.,Missing,['[During the past 30 days] how often did {you/SP} drink hard liquor such as tequila gin vodka scotch rum wiskey or liquers either alone or mixed?'],['Both males and females 20 YEARS - 120 YEARS'],[nan],,
800,DBD270a,1 To 17,Range Of Values,['The next question are about the amout of food {you/SP}eat{s}. On average day how many helpings of the following kinds of foods {do you/does SP} eat? Protein foods such as meat fish seafood chicken or turkey or eggs. Also include protein foods such as peanut butter or foods that are made from dried beans such as bean soup baked beans or refried beans meat substitutes and soy protein foods such as tofu'],['Both males and females 60 YEARS - 120 YEARS'],[nan],,
801,DBD270a,0,"None, Never, Or Rarely Eat These Foods",['The next question are about the amout of food {you/SP}eat{s}. On average day how many helpings of the following kinds of foods {do you/does SP} eat? Protein foods such as meat fish seafood chicken or turkey or eggs. Also include protein foods such as peanut butter or foods that are made from dried beans such as bean soup baked beans or refried beans meat substitutes and soy protein foods such as tofu'],['Both males and females 60 YEARS - 120 YEARS'],[nan],,
802,DBD270a,7777,Refused,['The next question are about the amout of food {you/SP}eat{s}. On average day how many helpings of the following kinds of foods {do you/does SP} eat? Protein foods such as meat fish seafood chicken or turkey or eggs. Also include protein foods such as peanut butter or foods that are made from dried beans such as bean soup baked beans or refried beans meat substitutes and soy protein foods such as tofu'],['Both males and females 60 YEARS - 120 YEARS'],[nan],,
803,DBD270a,9999,Don'T Know,['The next question are about the amout of food {you/SP}eat{s}. On average day how many helpings of the following kinds of foods {do you/does SP} eat? Protein foods such as meat fish seafood chicken or turkey or eggs. Also include protein foods such as peanut butter or foods that are made from dried beans such as bean soup baked beans or refried beans meat substitutes and soy protein foods such as tofu'],['Both males and females 60 YEARS - 120 YEARS'],[nan],,
804,DBD270a,.,Missing,['The next question are about the amout of food {you/SP}eat{s}. On average day how many helpings of the following kinds of foods {do you/does SP} eat? Protein foods such as meat fish seafood chicken or turkey or eggs. Also include protein foods such as peanut butter or foods that are made from dried beans such as bean soup baked beans or refried beans meat substitutes and soy protein foods such as tofu'],['Both males and females 60 YEARS - 120 YEARS'],[nan],,
805,DBD270b,1 To 10,Range Of Values,['On the average day how may helpings of the following kinds of foods {do you/does SP} eat? Milk or dairy foods that are made from milk such as cheese cottage cheese ice cream milk shakes or yogurt.'],['Both males and females 60 YEARS - 120 YEARS'],[nan],,
806,DBD270b,0,"None, Never, Or Rarely Eat These Foods",['On the average day how may helpings of the following kinds of foods {do you/does SP} eat? Milk or dairy foods that are made from milk such as cheese cottage cheese ice cream milk shakes or yogurt.'],['Both males and females 60 YEARS - 120 YEARS'],[nan],,
807,DBD270b,7777,Refused,['On the average day how may helpings of the following kinds of foods {do you/does SP} eat? Milk or dairy foods that are made from milk such as cheese cottage cheese ice cream milk shakes or yogurt.'],['Both males and females 60 YEARS - 120 YEARS'],[nan],,
808,DBD270b,9999,Don'T Know,['On the average day how may helpings of the following kinds of foods {do you/does SP} eat? Milk or dairy foods that are made from milk such as cheese cottage cheese ice cream milk shakes or yogurt.'],['Both males and females 60 YEARS - 120 YEARS'],[nan],,
809,DBD270b,.,Missing,['On the average day how may helpings of the following kinds of foods {do you/does SP} eat? Milk or dairy foods that are made from milk such as cheese cottage cheese ice cream milk shakes or yogurt.'],['Both males and females 60 YEARS - 120 YEARS'],[nan],,
810,DBD270c,1 To 10,Range Of Values,['On an average day how many helpings of the following kinds of foods {do you/does SP}eat? Fruis or fruit juices.'],['Both males and females 60 YEARS - 120 YEARS'],[nan],,
811,DBD270c,0,"None, Never, Or Rarely Eat These Foods",['On an average day how many helpings of the following kinds of foods {do you/does SP}eat? Fruis or fruit juices.'],['Both males and females 60 YEARS - 120 YEARS'],[nan],,
812,DBD270c,7777,Refused,['On an average day how many helpings of the following kinds of foods {do you/does SP}eat? Fruis or fruit juices.'],['Both males and females 60 YEARS - 120 YEARS'],[nan],,
813,DBD270c,9999,Don'T Know,['On an average day how many helpings of the following kinds of foods {do you/does SP}eat? Fruis or fruit juices.'],['Both males and females 60 YEARS - 120 YEARS'],[nan],,
814,DBD270c,.,Missing,['On an average day how many helpings of the following kinds of foods {do you/does SP}eat? Fruis or fruit juices.'],['Both males and females 60 YEARS - 120 YEARS'],[nan],,
815,DBD270d,1 To 7,Range Of Values,['On an average day how many helpings of the following kinds of foods {do you/does SP}eat? Vegetables including vegetable salads.'],['Both males and females 60 YEARS - 120 YEARS'],[nan],,
816,DBD270d,0,"None, Never, Or Rarely Eat These Foods",['On an average day how many helpings of the following kinds of foods {do you/does SP}eat? Vegetables including vegetable salads.'],['Both males and females 60 YEARS - 120 YEARS'],[nan],,
817,DBD270d,7777,Refused,['On an average day how many helpings of the following kinds of foods {do you/does SP}eat? Vegetables including vegetable salads.'],['Both males and females 60 YEARS - 120 YEARS'],[nan],,
818,DBD270d,9999,Don'T Know,['On an average day how many helpings of the following kinds of foods {do you/does SP}eat? Vegetables including vegetable salads.'],['Both males and females 60 YEARS - 120 YEARS'],[nan],,
819,DBD270d,.,Missing,['On an average day how many helpings of the following kinds of foods {do you/does SP}eat? Vegetables including vegetable salads.'],['Both males and females 60 YEARS - 120 YEARS'],[nan],,
820,DBD270e,1 To 12,Range Of Values,['On an average day how many helpings of the following kinds of foods {do you/does SP}eat? Breads and other foods that are made from grains such as cereals spagetti pasta rice or tortillas.'],['Both males and females 60 YEARS - 120 YEARS'],[nan],,
821,DBD270e,0,"None, Never, Or Rarely Eat These Foods",['On an average day how many helpings of the following kinds of foods {do you/does SP}eat? Breads and other foods that are made from grains such as cereals spagetti pasta rice or tortillas.'],['Both males and females 60 YEARS - 120 YEARS'],[nan],,
822,DBD270e,7777,Refused,['On an average day how many helpings of the following kinds of foods {do you/does SP}eat? Breads and other foods that are made from grains such as cereals spagetti pasta rice or tortillas.'],['Both males and females 60 YEARS - 120 YEARS'],[nan],,
823,DBD270e,9999,Don'T Know,['On an average day how many helpings of the following kinds of foods {do you/does SP}eat? Breads and other foods that are made from grains such as cereals spagetti pasta rice or tortillas.'],['Both males and females 60 YEARS - 120 YEARS'],[nan],,
824,DBD270e,.,Missing,['On an average day how many helpings of the following kinds of foods {do you/does SP}eat? Breads and other foods that are made from grains such as cereals spagetti pasta rice or tortillas.'],['Both males and females 60 YEARS - 120 YEARS'],[nan],,
825,DBQ300,1,Yes,['The next questions are about meals provided by community or government programs. In the past 12 months did {you/SP} receive any meals delivered to {your/his/her} home from community programs Meals on Wheels or any other programs?'],['Both males and females 60 YEARS - 120 YEARS'],[nan],,
826,DBQ300,2,No,['The next questions are about meals provided by community or government programs. In the past 12 months did {you/SP} receive any meals delivered to {your/his/her} home from community programs Meals on Wheels or any other programs?'],['Both males and females 60 YEARS - 120 YEARS'],[nan],,
827,DBQ300,7,Refused,['The next questions are about meals provided by community or government programs. In the past 12 months did {you/SP} receive any meals delivered to {your/his/her} home from community programs Meals on Wheels or any other programs?'],['Both males and females 60 YEARS - 120 YEARS'],[nan],,
828,DBQ300,9,Don'T Know,['The next questions are about meals provided by community or government programs. In the past 12 months did {you/SP} receive any meals delivered to {your/his/her} home from community programs Meals on Wheels or any other programs?'],['Both males and females 60 YEARS - 120 YEARS'],[nan],,
829,DBQ300,.,Missing,['The next questions are about meals provided by community or government programs. In the past 12 months did {you/SP} receive any meals delivered to {your/his/her} home from community programs Meals on Wheels or any other programs?'],['Both males and females 60 YEARS - 120 YEARS'],[nan],,
830,DBD360,1,Yes,['During the school year {do you/does SP} attend a kindergarten grade school junior or high school?'],['Both males and females 4 YEARS - 19 YEARS'],[nan],,
831,DBD360,2,No,['During the school year {do you/does SP} attend a kindergarten grade school junior or high school?'],['Both males and females 4 YEARS - 19 YEARS'],[nan],,
832,DBD360,7,Refused,['During the school year {do you/does SP} attend a kindergarten grade school junior or high school?'],['Both males and females 4 YEARS - 19 YEARS'],[nan],,
833,DBD360,9,Don'T Know,['During the school year {do you/does SP} attend a kindergarten grade school junior or high school?'],['Both males and females 4 YEARS - 19 YEARS'],[nan],,
834,DBD360,.,Missing,['During the school year {do you/does SP} attend a kindergarten grade school junior or high school?'],['Both males and females 4 YEARS - 19 YEARS'],[nan],,
835,DBD370,1,Yes,['Does {your/SPs} school serve school lunches? These are complete lunches that cost the same every day.'],['Both males and females 4 YEARS - 19 YEARS'],[nan],,
836,DBD370,2,No,['Does {your/SPs} school serve school lunches? These are complete lunches that cost the same every day.'],['Both males and females 4 YEARS - 19 YEARS'],[nan],,
837,DBD370,7,Refused,['Does {your/SPs} school serve school lunches? These are complete lunches that cost the same every day.'],['Both males and females 4 YEARS - 19 YEARS'],[nan],,
838,DBD370,9,Don'T Know,['Does {your/SPs} school serve school lunches? These are complete lunches that cost the same every day.'],['Both males and females 4 YEARS - 19 YEARS'],[nan],,
839,DBD370,.,Missing,['Does {your/SPs} school serve school lunches? These are complete lunches that cost the same every day.'],['Both males and females 4 YEARS - 19 YEARS'],[nan],,
840,DBD380,1 To 5,Range Of Values,['During the school year about how many times a week {do you/does SP} usually eat a complete school lunch?'],['Both males and females 4 YEARS - 19 YEARS'],[nan],,
841,DBD380,0,None,['During the school year about how many times a week {do you/does SP} usually eat a complete school lunch?'],['Both males and females 4 YEARS - 19 YEARS'],[nan],,
842,DBD380,7777,Refused,['During the school year about how many times a week {do you/does SP} usually eat a complete school lunch?'],['Both males and females 4 YEARS - 19 YEARS'],[nan],,
843,DBD380,9999,Don'T Know,['During the school year about how many times a week {do you/does SP} usually eat a complete school lunch?'],['Both males and females 4 YEARS - 19 YEARS'],[nan],,
844,DBD380,.,Missing,['During the school year about how many times a week {do you/does SP} usually eat a complete school lunch?'],['Both males and females 4 YEARS - 19 YEARS'],[nan],,
845,DBD400,1,Yes,['Does {your/SPs} school serve a complete breakfast that costs the same every day?'],['Both males and females 4 YEARS - 19 YEARS'],[nan],,
846,DBD400,2,No,['Does {your/SPs} school serve a complete breakfast that costs the same every day?'],['Both males and females 4 YEARS - 19 YEARS'],[nan],,
847,DBD400,7,Refused,['Does {your/SPs} school serve a complete breakfast that costs the same every day?'],['Both males and females 4 YEARS - 19 YEARS'],[nan],,
848,DBD400,9,Don'T Know,['Does {your/SPs} school serve a complete breakfast that costs the same every day?'],['Both males and females 4 YEARS - 19 YEARS'],[nan],,
849,DBD400,.,Missing,['Does {your/SPs} school serve a complete breakfast that costs the same every day?'],['Both males and females 4 YEARS - 19 YEARS'],[nan],,
850,DBD410,1 To 5,Range Of Values,['During the school year about how many times a week {do you/does SP} usually get a complete breakfast at school?'],['Both males and females 4 YEARS - 19 YEARS'],[nan],,
851,DBD410,0,None,['During the school year about how many times a week {do you/does SP} usually get a complete breakfast at school?'],['Both males and females 4 YEARS - 19 YEARS'],[nan],,
852,DBD410,7777,Refused,['During the school year about how many times a week {do you/does SP} usually get a complete breakfast at school?'],['Both males and females 4 YEARS - 19 YEARS'],[nan],,
853,DBD410,9999,Don'T Know,['During the school year about how many times a week {do you/does SP} usually get a complete breakfast at school?'],['Both males and females 4 YEARS - 19 YEARS'],[nan],,
854,DBD410,.,Missing,['During the school year about how many times a week {do you/does SP} usually get a complete breakfast at school?'],['Both males and females 4 YEARS - 19 YEARS'],[nan],,
855,DBQ420,1,Free,['{Do you/Does SP} get those breakfast free at a reduced price or {do you/does he/she} pay full price?'],['Both males and females 4 YEARS - 19 YEARS'],[nan],,
856,DBQ420,2,Reduced Price,['{Do you/Does SP} get those breakfast free at a reduced price or {do you/does he/she} pay full price?'],['Both males and females 4 YEARS - 19 YEARS'],[nan],,
857,DBQ420,3,Full Price,['{Do you/Does SP} get those breakfast free at a reduced price or {do you/does he/she} pay full price?'],['Both males and females 4 YEARS - 19 YEARS'],[nan],,
858,DBQ420,7,Refused,['{Do you/Does SP} get those breakfast free at a reduced price or {do you/does he/she} pay full price?'],['Both males and females 4 YEARS - 19 YEARS'],[nan],,
859,DBQ420,9,Don'T Know,['{Do you/Does SP} get those breakfast free at a reduced price or {do you/does he/she} pay full price?'],['Both males and females 4 YEARS - 19 YEARS'],[nan],,
860,DBQ420,.,Missing,['{Do you/Does SP} get those breakfast free at a reduced price or {do you/does he/she} pay full price?'],['Both males and females 4 YEARS - 19 YEARS'],[nan],,
