,Column,Code,Label,English_Text,Target,Class,Other For
0,SEQN,,,['Respondent sequence number.'],['Both males and females 0 YEARS - 150 YEARS'],,
12,SDDSRVYR,1,Nhanes 1999-2000 Public Release,"['Data Release Number.', 'Data release cycle']",['Both males and females 0 YEARS - 150 YEARS'],,
13,SDDSRVYR,.,Missing,"['Data Release Number.', 'Data release cycle']",['Both males and females 0 YEARS - 150 YEARS'],,
14,SDDSRVYR,2,Nhanes 2001-2002 Public Release,"['Data Release Number.', 'Data release cycle']",['Both males and females 0 YEARS - 150 YEARS'],,
16,SDDSRVYR,3,Nhanes 2003-2004 Public Release,"['Data Release Number.', 'Data release cycle']",['Both males and females 0 YEARS - 150 YEARS'],,
18,SDDSRVYR,4,Nhanes 2005-2006 Public Release,"['Data Release Number.', 'Data release cycle']",['Both males and females 0 YEARS - 150 YEARS'],,
20,SDDSRVYR,5,Nhanes 2007-2008 Public Release,"['Data Release Number.', 'Data release cycle']",['Both males and females 0 YEARS - 150 YEARS'],,
22,SDDSRVYR,6,Nhanes 2009-2010 Public Release,"['Data Release Number.', 'Data release cycle']",['Both males and females 0 YEARS - 150 YEARS'],,
24,SDDSRVYR,7,Nhanes 2011-2012 Public Release,"['Data Release Number.', 'Data release cycle']",['Both males and females 0 YEARS - 150 YEARS'],,
26,SDDSRVYR,8,Nhanes 2013-2014 Public Release,"['Data Release Number.', 'Data release cycle']",['Both males and females 0 YEARS - 150 YEARS'],,
28,SDDSRVYR,9,Nhanes 2015-2016 Public Release,"['Data Release Number.', 'Data release cycle']",['Both males and females 0 YEARS - 150 YEARS'],,
30,SDDSRVYR,10,Nhanes 2017-2018 Public Release,"['Data Release Number.', 'Data release cycle']",['Both males and females 0 YEARS - 150 YEARS'],,
32,SDDSRVYR,66,Nhanes 2017-2020 Public Release,"['Data Release Number.', 'Data release cycle']",['Both males and females 0 YEARS - 150 YEARS'],,
34,SDDSRVYR,12,Nhanes August 2021-August 2023 Public Release,"['Data Release Number.', 'Data release cycle']",['Both males and females 0 YEARS - 150 YEARS'],,
36,RIDSTATR,1,Interviewed Only,"['Interview and Examination Status of the Sample Person.', 'Interview and examination status of the participant.']",['Both males and females 0 YEARS - 150 YEARS'],,
37,RIDSTATR,2,Both Interviewed And Mec Examined,"['Interview and Examination Status of the Sample Person.', 'Interview and examination status of the participant.']",['Both males and females 0 YEARS - 150 YEARS'],,
38,RIDSTATR,.,Missing,"['Interview and Examination Status of the Sample Person.', 'Interview and examination status of the participant.']",['Both males and females 0 YEARS - 150 YEARS'],,
72,RIDEXMON,1,November 1 Through April 30,['Six month time period when the examination was performed - two categories: November 1 through April 30 May 1 through October 31.'],['Both males and females 0 YEARS - 150 YEARS'],,
73,RIDEXMON,2,May 1 Through October 31,['Six month time period when the examination was performed - two categories: November 1 through April 30 May 1 through October 31.'],['Both males and females 0 YEARS - 150 YEARS'],,
74,RIDEXMON,.,Missing,['Six month time period when the examination was performed - two categories: November 1 through April 30 May 1 through October 31.'],['Both males and females 0 YEARS - 150 YEARS'],,
108,RIAGENDR,1,Male,"['Gender of the sample person', 'Gender of the participant.']",['Both males and females 0 YEARS - 150 YEARS'],,
109,RIAGENDR,2,Female,"['Gender of the sample person', 'Gender of the participant.']",['Both males and females 0 YEARS - 150 YEARS'],,
110,RIAGENDR,.,Missing,"['Gender of the sample person', 'Gender of the participant.']",['Both males and females 0 YEARS - 150 YEARS'],,
144,RIDAGEYR,0 To 84,Range Of Values,"['Best age in years of the sample person at time of HH screening. Individuals 85 and over are topcoded at 85 years of age.', 'Best age in years of the sample person at time of HH screening. Individuals 80 and over are topcoded at 80 years of age.', 'Age in years of the participant at the time of screening. Individuals 80 and over are topcoded at 80 years of age.', 'Age in years of the participant at the time of screening. Individuals 80 and over are top-coded at 80 years of age.']",['Both males and females 0 YEARS - 150 YEARS'],,
145,RIDAGEYR,85,>: 85 Years Of Age,"['Best age in years of the sample person at time of HH screening. Individuals 85 and over are topcoded at 85 years of age.', 'Best age in years of the sample person at time of HH screening. Individuals 80 and over are topcoded at 80 years of age.', 'Age in years of the participant at the time of screening. Individuals 80 and over are topcoded at 80 years of age.', 'Age in years of the participant at the time of screening. Individuals 80 and over are top-coded at 80 years of age.']",['Both males and females 0 YEARS - 150 YEARS'],,
146,RIDAGEYR,.,Missing,"['Best age in years of the sample person at time of HH screening. Individuals 85 and over are topcoded at 85 years of age.', 'Best age in years of the sample person at time of HH screening. Individuals 80 and over are topcoded at 80 years of age.', 'Age in years of the participant at the time of screening. Individuals 80 and over are topcoded at 80 years of age.', 'Age in years of the participant at the time of screening. Individuals 80 and over are top-coded at 80 years of age.']",['Both males and females 0 YEARS - 150 YEARS'],,
156,RIDAGEYR,0 To 79,Range Of Values,"['Best age in years of the sample person at time of HH screening. Individuals 85 and over are topcoded at 85 years of age.', 'Best age in years of the sample person at time of HH screening. Individuals 80 and over are topcoded at 80 years of age.', 'Age in years of the participant at the time of screening. Individuals 80 and over are topcoded at 80 years of age.', 'Age in years of the participant at the time of screening. Individuals 80 and over are top-coded at 80 years of age.']",['Both males and females 0 YEARS - 150 YEARS'],,
157,RIDAGEYR,80,>: 80 Years Of Age,"['Best age in years of the sample person at time of HH screening. Individuals 85 and over are topcoded at 85 years of age.', 'Best age in years of the sample person at time of HH screening. Individuals 80 and over are topcoded at 80 years of age.', 'Age in years of the participant at the time of screening. Individuals 80 and over are topcoded at 80 years of age.', 'Age in years of the participant at the time of screening. Individuals 80 and over are top-coded at 80 years of age.']",['Both males and females 0 YEARS - 150 YEARS'],,
163,RIDAGEYR,80,80 Years Of Age And Over,"['Best age in years of the sample person at time of HH screening. Individuals 85 and over are topcoded at 85 years of age.', 'Best age in years of the sample person at time of HH screening. Individuals 80 and over are topcoded at 80 years of age.', 'Age in years of the participant at the time of screening. Individuals 80 and over are topcoded at 80 years of age.', 'Age in years of the participant at the time of screening. Individuals 80 and over are top-coded at 80 years of age.']",['Both males and females 0 YEARS - 150 YEARS'],,
180,RIDAGEMN,0 To 1019,Range Of Values,"['Best age in months at date of screening for individuals under 85 years of age.', 'Best age in months at date of screening for individuals under 80 years of age.', 'Age in months of the participant at the time of screening. Reported for persons aged 24 months or younger at the time of exam (or screening if not examined).']","['Both males and females 0 YEARS - 84 YEARS', 'Both males and females 0 YEARS - 79 YEARS', 'Both males and females 0 YEARS - 2 YEARS']",,
181,RIDAGEMN,.,Missing,"['Best age in months at date of screening for individuals under 85 years of age.', 'Best age in months at date of screening for individuals under 80 years of age.', 'Age in months of the participant at the time of screening. Reported for persons aged 24 months or younger at the time of exam (or screening if not examined).']","['Both males and females 0 YEARS - 84 YEARS', 'Both males and females 0 YEARS - 79 YEARS', 'Both males and females 0 YEARS - 2 YEARS']",,
188,RIDAGEMN,0 To 959,Range Of Values,"['Best age in months at date of screening for individuals under 85 years of age.', 'Best age in months at date of screening for individuals under 80 years of age.', 'Age in months of the participant at the time of screening. Reported for persons aged 24 months or younger at the time of exam (or screening if not examined).']","['Both males and females 0 YEARS - 84 YEARS', 'Both males and females 0 YEARS - 79 YEARS', 'Both males and females 0 YEARS - 2 YEARS']",,
192,RIDAGEMN,0 To 24,Range Of Values,"['Best age in months at date of screening for individuals under 85 years of age.', 'Best age in months at date of screening for individuals under 80 years of age.', 'Age in months of the participant at the time of screening. Reported for persons aged 24 months or younger at the time of exam (or screening if not examined).']","['Both males and females 0 YEARS - 84 YEARS', 'Both males and females 0 YEARS - 79 YEARS', 'Both males and females 0 YEARS - 2 YEARS']",,
204,RIDAGEEX,0 To 1019,Range Of Values,"['Best age in months at date of examination for individuals under 85 years of age at screening.', 'Best age in months at date of examination for individuals under 80 years of age at screening.', 'Best age in months at date of examination for individuals under 80 years of age at the time of MEC exam.']","['Both males and females 0 YEARS - 84 YEARS', 'Both males and females 0 YEARS - 79 YEARS']",,
205,RIDAGEEX,.,Missing,"['Best age in months at date of examination for individuals under 85 years of age at screening.', 'Best age in months at date of examination for individuals under 80 years of age at screening.', 'Best age in months at date of examination for individuals under 80 years of age at the time of MEC exam.']","['Both males and females 0 YEARS - 84 YEARS', 'Both males and females 0 YEARS - 79 YEARS']",,
212,RIDAGEEX,0 To 959,Range Of Values,"['Best age in months at date of examination for individuals under 85 years of age at screening.', 'Best age in months at date of examination for individuals under 80 years of age at screening.', 'Best age in months at date of examination for individuals under 80 years of age at the time of MEC exam.']","['Both males and females 0 YEARS - 84 YEARS', 'Both males and females 0 YEARS - 79 YEARS']",,
216,RIDRETH1,1,Mexican American,"['Recode of reported race and ethnicity information.', 'Recode of reported race and Hispanic origin information']",['Both males and females 0 YEARS - 150 YEARS'],,
217,RIDRETH1,2,Other Hispanic,"['Recode of reported race and ethnicity information.', 'Recode of reported race and Hispanic origin information']",['Both males and females 0 YEARS - 150 YEARS'],,
218,RIDRETH1,3,Non-Hispanic White,"['Recode of reported race and ethnicity information.', 'Recode of reported race and Hispanic origin information']",['Both males and females 0 YEARS - 150 YEARS'],,
219,RIDRETH1,4,Non-Hispanic Black,"['Recode of reported race and ethnicity information.', 'Recode of reported race and Hispanic origin information']",['Both males and females 0 YEARS - 150 YEARS'],,
220,RIDRETH1,5,Other Race - Including Multi-Racial,"['Recode of reported race and ethnicity information.', 'Recode of reported race and Hispanic origin information']",['Both males and females 0 YEARS - 150 YEARS'],,
221,RIDRETH1,.,Missing,"['Recode of reported race and ethnicity information.', 'Recode of reported race and Hispanic origin information']",['Both males and females 0 YEARS - 150 YEARS'],,
288,RIDRETH2,1,Non-Hispanic White,['Linked NH3 Race and Ethnicity Recode.'],['Both males and females 0 YEARS - 150 YEARS'],,
289,RIDRETH2,2,Non-Hispanic Black,['Linked NH3 Race and Ethnicity Recode.'],['Both males and females 0 YEARS - 150 YEARS'],,
290,RIDRETH2,3,Mexican American,['Linked NH3 Race and Ethnicity Recode.'],['Both males and females 0 YEARS - 150 YEARS'],,
291,RIDRETH2,4,Other Race - Including Multi-Racial,['Linked NH3 Race and Ethnicity Recode.'],['Both males and females 0 YEARS - 150 YEARS'],,
292,RIDRETH2,5,Other Hispanic,['Linked NH3 Race and Ethnicity Recode.'],['Both males and females 0 YEARS - 150 YEARS'],,
293,RIDRETH2,.,Missing,['Linked NH3 Race and Ethnicity Recode.'],['Both males and females 0 YEARS - 150 YEARS'],,
306,DMQMILIT,1,Yes,['Did {you/SP} ever serve in the Armed Forces of the United States?'],['Both males and females 17 YEARS - 150 YEARS'],,
307,DMQMILIT,2,No,['Did {you/SP} ever serve in the Armed Forces of the United States?'],['Both males and females 17 YEARS - 150 YEARS'],,
308,DMQMILIT,7,Refused,['Did {you/SP} ever serve in the Armed Forces of the United States?'],['Both males and females 17 YEARS - 150 YEARS'],,
309,DMQMILIT,9,Don'T Know,['Did {you/SP} ever serve in the Armed Forces of the United States?'],['Both males and females 17 YEARS - 150 YEARS'],,
310,DMQMILIT,.,Missing,['Did {you/SP} ever serve in the Armed Forces of the United States?'],['Both males and females 17 YEARS - 150 YEARS'],,
336,DMDBORN,1,"Born In 50 Us States Or Washington, Dc",['In what country {were you/was SP} born?'],['Both males and females 0 YEARS - 150 YEARS'],,
337,DMDBORN,2,Born In Mexico,['In what country {were you/was SP} born?'],['Both males and females 0 YEARS - 150 YEARS'],,
338,DMDBORN,3,Born Elsewhere,['In what country {were you/was SP} born?'],['Both males and females 0 YEARS - 150 YEARS'],,
339,DMDBORN,7,Refused,['In what country {were you/was SP} born?'],['Both males and females 0 YEARS - 150 YEARS'],,
340,DMDBORN,9,Don'T Know,['In what country {were you/was SP} born?'],['Both males and females 0 YEARS - 150 YEARS'],,
341,DMDBORN,.,Missing,['In what country {were you/was SP} born?'],['Both males and females 0 YEARS - 150 YEARS'],,
359,DMDCITZN,1,Citizen By Birth Or Naturalization,['{Are you/Is SP} a citizen of the United States? [Information about citizenship is being collected by the U.S. Public Health Service to perform health related research. Providing this information is voluntary and is collected under the authority of the Public Health Service Act. There will be no effect on pending immigration or citizenship petitions.]'],['Both males and females 0 YEARS - 150 YEARS'],,
360,DMDCITZN,2,Not A Citizen Of The Us,['{Are you/Is SP} a citizen of the United States? [Information about citizenship is being collected by the U.S. Public Health Service to perform health related research. Providing this information is voluntary and is collected under the authority of the Public Health Service Act. There will be no effect on pending immigration or citizenship petitions.]'],['Both males and females 0 YEARS - 150 YEARS'],,
361,DMDCITZN,7,Refused,['{Are you/Is SP} a citizen of the United States? [Information about citizenship is being collected by the U.S. Public Health Service to perform health related research. Providing this information is voluntary and is collected under the authority of the Public Health Service Act. There will be no effect on pending immigration or citizenship petitions.]'],['Both males and females 0 YEARS - 150 YEARS'],,
362,DMDCITZN,9,Don'T Know,['{Are you/Is SP} a citizen of the United States? [Information about citizenship is being collected by the U.S. Public Health Service to perform health related research. Providing this information is voluntary and is collected under the authority of the Public Health Service Act. There will be no effect on pending immigration or citizenship petitions.]'],['Both males and females 0 YEARS - 150 YEARS'],,
363,DMDCITZN,.,Missing,['{Are you/Is SP} a citizen of the United States? [Information about citizenship is being collected by the U.S. Public Health Service to perform health related research. Providing this information is voluntary and is collected under the authority of the Public Health Service Act. There will be no effect on pending immigration or citizenship petitions.]'],['Both males and females 0 YEARS - 150 YEARS'],,
409,DMDYRSUS,1,Less Than 1 Year,"['Length of time SP has been in the US.', 'Length of time the participant has been in the US.']",['Both males and females 0 YEARS - 150 YEARS'],,
410,DMDYRSUS,2,"1 Yr., Less Than 5 Yrs.","['Length of time SP has been in the US.', 'Length of time the participant has been in the US.']",['Both males and females 0 YEARS - 150 YEARS'],,
411,DMDYRSUS,3,"5 Yrs., Less Than 10 Yrs.","['Length of time SP has been in the US.', 'Length of time the participant has been in the US.']",['Both males and females 0 YEARS - 150 YEARS'],,
412,DMDYRSUS,4,"10 Yrs., Less Than 15 Yrs.","['Length of time SP has been in the US.', 'Length of time the participant has been in the US.']",['Both males and females 0 YEARS - 150 YEARS'],,
413,DMDYRSUS,5,"15 Yrs., Less Than 20 Yrs.","['Length of time SP has been in the US.', 'Length of time the participant has been in the US.']",['Both males and females 0 YEARS - 150 YEARS'],,
414,DMDYRSUS,6,"20 Yrs., Less Than 30 Yrs.","['Length of time SP has been in the US.', 'Length of time the participant has been in the US.']",['Both males and females 0 YEARS - 150 YEARS'],,
415,DMDYRSUS,7,"30 Yrs., Less Than 40 Yrs.","['Length of time SP has been in the US.', 'Length of time the participant has been in the US.']",['Both males and females 0 YEARS - 150 YEARS'],,
416,DMDYRSUS,8,"40 Yrs., Less Than 50 Yrs.","['Length of time SP has been in the US.', 'Length of time the participant has been in the US.']",['Both males and females 0 YEARS - 150 YEARS'],,
417,DMDYRSUS,9,50 Years Or More,"['Length of time SP has been in the US.', 'Length of time the participant has been in the US.']",['Both males and females 0 YEARS - 150 YEARS'],,
418,DMDYRSUS,77,Refused,"['Length of time SP has been in the US.', 'Length of time the participant has been in the US.']",['Both males and females 0 YEARS - 150 YEARS'],,
419,DMDYRSUS,88,Could Not Determine,"['Length of time SP has been in the US.', 'Length of time the participant has been in the US.']",['Both males and females 0 YEARS - 150 YEARS'],,
420,DMDYRSUS,99,Don'T Know,"['Length of time SP has been in the US.', 'Length of time the participant has been in the US.']",['Both males and females 0 YEARS - 150 YEARS'],,
421,DMDYRSUS,.,Missing,"['Length of time SP has been in the US.', 'Length of time the participant has been in the US.']",['Both males and females 0 YEARS - 150 YEARS'],,
485,DMDYRSUS,2,"1 Year Or More, But Less Than 5 Years","['Length of time SP has been in the US.', 'Length of time the participant has been in the US.']",['Both males and females 0 YEARS - 150 YEARS'],,
486,DMDYRSUS,3,"5 Year Or More, But Less Than 10 Years","['Length of time SP has been in the US.', 'Length of time the participant has been in the US.']",['Both males and females 0 YEARS - 150 YEARS'],,
487,DMDYRSUS,4,"10 Year Or More, But Less Than 15 Years","['Length of time SP has been in the US.', 'Length of time the participant has been in the US.']",['Both males and females 0 YEARS - 150 YEARS'],,
488,DMDYRSUS,5,"15 Year Or More, But Less Than 20 Years","['Length of time SP has been in the US.', 'Length of time the participant has been in the US.']",['Both males and females 0 YEARS - 150 YEARS'],,
489,DMDYRSUS,6,"20 Year Or More, But Less Than 30 Years","['Length of time SP has been in the US.', 'Length of time the participant has been in the US.']",['Both males and females 0 YEARS - 150 YEARS'],,
490,DMDYRSUS,7,"30 Year Or More, But Less Than 40 Years","['Length of time SP has been in the US.', 'Length of time the participant has been in the US.']",['Both males and females 0 YEARS - 150 YEARS'],,
491,DMDYRSUS,8,"40 Year Or More, But Less Than 50 Years","['Length of time SP has been in the US.', 'Length of time the participant has been in the US.']",['Both males and females 0 YEARS - 150 YEARS'],,
532,DMDEDUC3,0,Never Attended / Kindergarten Only,"['(SP Interview Version) What is the highest grade or level of school {you have/SP has} completed or the highest degree {you have/s/he has} received?', 'What is the highest grade or level of school {you have/SP has} completed or the highest degree {you have/s/he has} received?']",['Both males and females 6 YEARS - 19 YEARS'],,
533,DMDEDUC3,1,1St Grade,"['(SP Interview Version) What is the highest grade or level of school {you have/SP has} completed or the highest degree {you have/s/he has} received?', 'What is the highest grade or level of school {you have/SP has} completed or the highest degree {you have/s/he has} received?']",['Both males and females 6 YEARS - 19 YEARS'],,
534,DMDEDUC3,2,2Nd Grade,"['(SP Interview Version) What is the highest grade or level of school {you have/SP has} completed or the highest degree {you have/s/he has} received?', 'What is the highest grade or level of school {you have/SP has} completed or the highest degree {you have/s/he has} received?']",['Both males and females 6 YEARS - 19 YEARS'],,
535,DMDEDUC3,3,3Rd Grade,"['(SP Interview Version) What is the highest grade or level of school {you have/SP has} completed or the highest degree {you have/s/he has} received?', 'What is the highest grade or level of school {you have/SP has} completed or the highest degree {you have/s/he has} received?']",['Both males and females 6 YEARS - 19 YEARS'],,
536,DMDEDUC3,4,4Th Grade,"['(SP Interview Version) What is the highest grade or level of school {you have/SP has} completed or the highest degree {you have/s/he has} received?', 'What is the highest grade or level of school {you have/SP has} completed or the highest degree {you have/s/he has} received?']",['Both males and females 6 YEARS - 19 YEARS'],,
537,DMDEDUC3,5,5Th Grade,"['(SP Interview Version) What is the highest grade or level of school {you have/SP has} completed or the highest degree {you have/s/he has} received?', 'What is the highest grade or level of school {you have/SP has} completed or the highest degree {you have/s/he has} received?']",['Both males and females 6 YEARS - 19 YEARS'],,
538,DMDEDUC3,6,6Th Grade,"['(SP Interview Version) What is the highest grade or level of school {you have/SP has} completed or the highest degree {you have/s/he has} received?', 'What is the highest grade or level of school {you have/SP has} completed or the highest degree {you have/s/he has} received?']",['Both males and females 6 YEARS - 19 YEARS'],,
539,DMDEDUC3,7,7Th Grade,"['(SP Interview Version) What is the highest grade or level of school {you have/SP has} completed or the highest degree {you have/s/he has} received?', 'What is the highest grade or level of school {you have/SP has} completed or the highest degree {you have/s/he has} received?']",['Both males and females 6 YEARS - 19 YEARS'],,
540,DMDEDUC3,8,8Th Grade,"['(SP Interview Version) What is the highest grade or level of school {you have/SP has} completed or the highest degree {you have/s/he has} received?', 'What is the highest grade or level of school {you have/SP has} completed or the highest degree {you have/s/he has} received?']",['Both males and females 6 YEARS - 19 YEARS'],,
541,DMDEDUC3,9,9Th Grade,"['(SP Interview Version) What is the highest grade or level of school {you have/SP has} completed or the highest degree {you have/s/he has} received?', 'What is the highest grade or level of school {you have/SP has} completed or the highest degree {you have/s/he has} received?']",['Both males and females 6 YEARS - 19 YEARS'],,
542,DMDEDUC3,10,10Th Grade,"['(SP Interview Version) What is the highest grade or level of school {you have/SP has} completed or the highest degree {you have/s/he has} received?', 'What is the highest grade or level of school {you have/SP has} completed or the highest degree {you have/s/he has} received?']",['Both males and females 6 YEARS - 19 YEARS'],,
543,DMDEDUC3,11,11Th Grade,"['(SP Interview Version) What is the highest grade or level of school {you have/SP has} completed or the highest degree {you have/s/he has} received?', 'What is the highest grade or level of school {you have/SP has} completed or the highest degree {you have/s/he has} received?']",['Both males and females 6 YEARS - 19 YEARS'],,
544,DMDEDUC3,12,"12Th Grade, No Diploma","['(SP Interview Version) What is the highest grade or level of school {you have/SP has} completed or the highest degree {you have/s/he has} received?', 'What is the highest grade or level of school {you have/SP has} completed or the highest degree {you have/s/he has} received?']",['Both males and females 6 YEARS - 19 YEARS'],,
545,DMDEDUC3,13,High School Graduate,"['(SP Interview Version) What is the highest grade or level of school {you have/SP has} completed or the highest degree {you have/s/he has} received?', 'What is the highest grade or level of school {you have/SP has} completed or the highest degree {you have/s/he has} received?']",['Both males and females 6 YEARS - 19 YEARS'],,
546,DMDEDUC3,14,Ged Or Equivalent,"['(SP Interview Version) What is the highest grade or level of school {you have/SP has} completed or the highest degree {you have/s/he has} received?', 'What is the highest grade or level of school {you have/SP has} completed or the highest degree {you have/s/he has} received?']",['Both males and females 6 YEARS - 19 YEARS'],,
547,DMDEDUC3,15,More Than High School,"['(SP Interview Version) What is the highest grade or level of school {you have/SP has} completed or the highest degree {you have/s/he has} received?', 'What is the highest grade or level of school {you have/SP has} completed or the highest degree {you have/s/he has} received?']",['Both males and females 6 YEARS - 19 YEARS'],,
548,DMDEDUC3,55,Less Than 5Th Grade,"['(SP Interview Version) What is the highest grade or level of school {you have/SP has} completed or the highest degree {you have/s/he has} received?', 'What is the highest grade or level of school {you have/SP has} completed or the highest degree {you have/s/he has} received?']",['Both males and females 6 YEARS - 19 YEARS'],,
549,DMDEDUC3,66,Less Than 9Th Grade,"['(SP Interview Version) What is the highest grade or level of school {you have/SP has} completed or the highest degree {you have/s/he has} received?', 'What is the highest grade or level of school {you have/SP has} completed or the highest degree {you have/s/he has} received?']",['Both males and females 6 YEARS - 19 YEARS'],,
550,DMDEDUC3,77,Refused,"['(SP Interview Version) What is the highest grade or level of school {you have/SP has} completed or the highest degree {you have/s/he has} received?', 'What is the highest grade or level of school {you have/SP has} completed or the highest degree {you have/s/he has} received?']",['Both males and females 6 YEARS - 19 YEARS'],,
551,DMDEDUC3,99,Don'T Know,"['(SP Interview Version) What is the highest grade or level of school {you have/SP has} completed or the highest degree {you have/s/he has} received?', 'What is the highest grade or level of school {you have/SP has} completed or the highest degree {you have/s/he has} received?']",['Both males and females 6 YEARS - 19 YEARS'],,
552,DMDEDUC3,.,Missing,"['(SP Interview Version) What is the highest grade or level of school {you have/SP has} completed or the highest degree {you have/s/he has} received?', 'What is the highest grade or level of school {you have/SP has} completed or the highest degree {you have/s/he has} received?']",['Both males and females 6 YEARS - 19 YEARS'],,
742,DMDEDUC2,1,Less Than 9Th Grade,"['(SP Interview Version) What is the highest grade or level of school {you have/SP has} completed or the highest degree {you have/s/he has} received?', 'What is the highest grade or level of school {you have/SP has} completed or the highest degree {you have/s/he has} received?']",['Both males and females 20 YEARS - 150 YEARS'],,
743,DMDEDUC2,2,9-11Th Grade (Includes 12Th Grade With No Diploma),"['(SP Interview Version) What is the highest grade or level of school {you have/SP has} completed or the highest degree {you have/s/he has} received?', 'What is the highest grade or level of school {you have/SP has} completed or the highest degree {you have/s/he has} received?']",['Both males and females 20 YEARS - 150 YEARS'],,
744,DMDEDUC2,3,High School Grad/Ged Or Equivalent,"['(SP Interview Version) What is the highest grade or level of school {you have/SP has} completed or the highest degree {you have/s/he has} received?', 'What is the highest grade or level of school {you have/SP has} completed or the highest degree {you have/s/he has} received?']",['Both males and females 20 YEARS - 150 YEARS'],,
745,DMDEDUC2,4,Some College Or Aa Degree,"['(SP Interview Version) What is the highest grade or level of school {you have/SP has} completed or the highest degree {you have/s/he has} received?', 'What is the highest grade or level of school {you have/SP has} completed or the highest degree {you have/s/he has} received?']",['Both males and females 20 YEARS - 150 YEARS'],,
746,DMDEDUC2,5,College Graduate Or Above,"['(SP Interview Version) What is the highest grade or level of school {you have/SP has} completed or the highest degree {you have/s/he has} received?', 'What is the highest grade or level of school {you have/SP has} completed or the highest degree {you have/s/he has} received?']",['Both males and females 20 YEARS - 150 YEARS'],,
747,DMDEDUC2,7,Refused,"['(SP Interview Version) What is the highest grade or level of school {you have/SP has} completed or the highest degree {you have/s/he has} received?', 'What is the highest grade or level of school {you have/SP has} completed or the highest degree {you have/s/he has} received?']",['Both males and females 20 YEARS - 150 YEARS'],,
748,DMDEDUC2,9,Don'T Know,"['(SP Interview Version) What is the highest grade or level of school {you have/SP has} completed or the highest degree {you have/s/he has} received?', 'What is the highest grade or level of school {you have/SP has} completed or the highest degree {you have/s/he has} received?']",['Both males and females 20 YEARS - 150 YEARS'],,
749,DMDEDUC2,.,Missing,"['(SP Interview Version) What is the highest grade or level of school {you have/SP has} completed or the highest degree {you have/s/he has} received?', 'What is the highest grade or level of school {you have/SP has} completed or the highest degree {you have/s/he has} received?']",['Both males and females 20 YEARS - 150 YEARS'],,
795,DMDEDUC2,3,High School Graduate/Ged Or Equivalent,"['(SP Interview Version) What is the highest grade or level of school {you have/SP has} completed or the highest degree {you have/s/he has} received?', 'What is the highest grade or level of school {you have/SP has} completed or the highest degree {you have/s/he has} received?']",['Both males and females 20 YEARS - 150 YEARS'],,
838,DMDEDUC,1,Less Than High School,['(SP Interview Version) What is the highest grade or level of school {you have/SP has} completed or the highest degree {you have/s/he has} received?'],['Both males and females 6 YEARS - 150 YEARS'],,
839,DMDEDUC,2,High School Diploma (Including Ged),['(SP Interview Version) What is the highest grade or level of school {you have/SP has} completed or the highest degree {you have/s/he has} received?'],['Both males and females 6 YEARS - 150 YEARS'],,
840,DMDEDUC,3,More Than High School,['(SP Interview Version) What is the highest grade or level of school {you have/SP has} completed or the highest degree {you have/s/he has} received?'],['Both males and females 6 YEARS - 150 YEARS'],,
841,DMDEDUC,7,Refused,['(SP Interview Version) What is the highest grade or level of school {you have/SP has} completed or the highest degree {you have/s/he has} received?'],['Both males and females 6 YEARS - 150 YEARS'],,
842,DMDEDUC,9,Don'T Know,['(SP Interview Version) What is the highest grade or level of school {you have/SP has} completed or the highest degree {you have/s/he has} received?'],['Both males and females 6 YEARS - 150 YEARS'],,
843,DMDEDUC,.,Missing,['(SP Interview Version) What is the highest grade or level of school {you have/SP has} completed or the highest degree {you have/s/he has} received?'],['Both males and females 6 YEARS - 150 YEARS'],,
856,DMDSCHOL,1,In School,['{Are you/Is SP} now . . .'],['Both males and females 6 YEARS - 19 YEARS'],,
857,DMDSCHOL,2,On Vacation From School (Between Grades),['{Are you/Is SP} now . . .'],['Both males and females 6 YEARS - 19 YEARS'],,
858,DMDSCHOL,3,Neither In School Or On Vacation From School (Between Grades),['{Are you/Is SP} now . . .'],['Both males and females 6 YEARS - 19 YEARS'],,
859,DMDSCHOL,7,Refused,['{Are you/Is SP} now . . .'],['Both males and females 6 YEARS - 19 YEARS'],,
860,DMDSCHOL,9,Don'T Know,['{Are you/Is SP} now . . .'],['Both males and females 6 YEARS - 19 YEARS'],,
861,DMDSCHOL,.,Missing,['{Are you/Is SP} now . . .'],['Both males and females 6 YEARS - 19 YEARS'],,
892,DMDMARTL,1,Married,"['Marital Status', 'Marital status']","['Both males and females 14 YEARS - 150 YEARS', 'Both males and females 20 YEARS - 150 YEARS']",,
893,DMDMARTL,2,Widowed,"['Marital Status', 'Marital status']","['Both males and females 14 YEARS - 150 YEARS', 'Both males and females 20 YEARS - 150 YEARS']",,
894,DMDMARTL,3,Divorced,"['Marital Status', 'Marital status']","['Both males and females 14 YEARS - 150 YEARS', 'Both males and females 20 YEARS - 150 YEARS']",,
895,DMDMARTL,4,Separated,"['Marital Status', 'Marital status']","['Both males and females 14 YEARS - 150 YEARS', 'Both males and females 20 YEARS - 150 YEARS']",,
896,DMDMARTL,5,Never Married,"['Marital Status', 'Marital status']","['Both males and females 14 YEARS - 150 YEARS', 'Both males and females 20 YEARS - 150 YEARS']",,
897,DMDMARTL,6,Living With Partner,"['Marital Status', 'Marital status']","['Both males and females 14 YEARS - 150 YEARS', 'Both males and females 20 YEARS - 150 YEARS']",,
898,DMDMARTL,77,Refused,"['Marital Status', 'Marital status']","['Both males and females 14 YEARS - 150 YEARS', 'Both males and females 20 YEARS - 150 YEARS']",,
899,DMDMARTL,99,Don'T Know,"['Marital Status', 'Marital status']","['Both males and females 14 YEARS - 150 YEARS', 'Both males and females 20 YEARS - 150 YEARS']",,
900,DMDMARTL,.,Missing,"['Marital Status', 'Marital status']","['Both males and females 14 YEARS - 150 YEARS', 'Both males and females 20 YEARS - 150 YEARS']",,
982,DMDHHSIZ,1 To 6,Range Of Values,['Total number of people in the Household'],['Both males and females 0 YEARS - 150 YEARS'],,
983,DMDHHSIZ,7,7 Or More People In The Household,['Total number of people in the Household'],['Both males and females 0 YEARS - 150 YEARS'],,
984,DMDHHSIZ,.,Missing,['Total number of people in the Household'],['Both males and females 0 YEARS - 150 YEARS'],,
1003,DMDHHSIZ,1,1,['Total number of people in the Household'],['Both males and females 0 YEARS - 150 YEARS'],,
1004,DMDHHSIZ,2,2,['Total number of people in the Household'],['Both males and females 0 YEARS - 150 YEARS'],,
1005,DMDHHSIZ,3,3,['Total number of people in the Household'],['Both males and females 0 YEARS - 150 YEARS'],,
1006,DMDHHSIZ,4,4,['Total number of people in the Household'],['Both males and females 0 YEARS - 150 YEARS'],,
1007,DMDHHSIZ,5,5,['Total number of people in the Household'],['Both males and females 0 YEARS - 150 YEARS'],,
1008,DMDHHSIZ,6,6,['Total number of people in the Household'],['Both males and females 0 YEARS - 150 YEARS'],,
1030,INDHHINC,1,"$     0 To $ 4,999",['Total household income (reported as a range value in dollars)'],['Both males and females 0 YEARS - 150 YEARS'],,
1031,INDHHINC,2,"$ 5,000 To $ 9,999",['Total household income (reported as a range value in dollars)'],['Both males and females 0 YEARS - 150 YEARS'],,
1032,INDHHINC,3,"$10,000 To $14,999",['Total household income (reported as a range value in dollars)'],['Both males and females 0 YEARS - 150 YEARS'],,
1033,INDHHINC,4,"$15,000 To $19,999",['Total household income (reported as a range value in dollars)'],['Both males and females 0 YEARS - 150 YEARS'],,
1034,INDHHINC,5,"$20,000 To $24,999",['Total household income (reported as a range value in dollars)'],['Both males and females 0 YEARS - 150 YEARS'],,
1035,INDHHINC,6,"$25,000 To $34,999",['Total household income (reported as a range value in dollars)'],['Both males and females 0 YEARS - 150 YEARS'],,
1036,INDHHINC,7,"$35,000 To $44,999",['Total household income (reported as a range value in dollars)'],['Both males and females 0 YEARS - 150 YEARS'],,
1037,INDHHINC,8,"$45,000 To $54,999",['Total household income (reported as a range value in dollars)'],['Both males and females 0 YEARS - 150 YEARS'],,
1038,INDHHINC,9,"$55,000 To $64,999",['Total household income (reported as a range value in dollars)'],['Both males and females 0 YEARS - 150 YEARS'],,
1039,INDHHINC,10,"$65,000 To $74,999",['Total household income (reported as a range value in dollars)'],['Both males and females 0 YEARS - 150 YEARS'],,
1040,INDHHINC,11,"$75,000 And Over",['Total household income (reported as a range value in dollars)'],['Both males and females 0 YEARS - 150 YEARS'],,
1041,INDHHINC,12,"Over $20,000",['Total household income (reported as a range value in dollars)'],['Both males and females 0 YEARS - 150 YEARS'],,
1042,INDHHINC,13,"Under $20,000",['Total household income (reported as a range value in dollars)'],['Both males and females 0 YEARS - 150 YEARS'],,
1043,INDHHINC,77,Refused,['Total household income (reported as a range value in dollars)'],['Both males and females 0 YEARS - 150 YEARS'],,
1044,INDHHINC,99,Don'T Know,['Total household income (reported as a range value in dollars)'],['Both males and females 0 YEARS - 150 YEARS'],,
1045,INDHHINC,.,Missing,['Total household income (reported as a range value in dollars)'],['Both males and females 0 YEARS - 150 YEARS'],,
1094,INDFMINC,1,"$     0 To $ 4,999",['Total family income (reported as a range value in dollars)'],['Both males and females 0 YEARS - 150 YEARS'],,
1095,INDFMINC,2,"$ 5,000 To $ 9,999",['Total family income (reported as a range value in dollars)'],['Both males and females 0 YEARS - 150 YEARS'],,
1096,INDFMINC,3,"$10,000 To $14,999",['Total family income (reported as a range value in dollars)'],['Both males and females 0 YEARS - 150 YEARS'],,
1097,INDFMINC,4,"$15,000 To $19,999",['Total family income (reported as a range value in dollars)'],['Both males and females 0 YEARS - 150 YEARS'],,
1098,INDFMINC,5,"$20,000 To $24,999",['Total family income (reported as a range value in dollars)'],['Both males and females 0 YEARS - 150 YEARS'],,
1099,INDFMINC,6,"$25,000 To $34,999",['Total family income (reported as a range value in dollars)'],['Both males and females 0 YEARS - 150 YEARS'],,
1100,INDFMINC,7,"$35,000 To $44,999",['Total family income (reported as a range value in dollars)'],['Both males and females 0 YEARS - 150 YEARS'],,
1101,INDFMINC,8,"$45,000 To $54,999",['Total family income (reported as a range value in dollars)'],['Both males and females 0 YEARS - 150 YEARS'],,
1102,INDFMINC,9,"$55,000 To $64,999",['Total family income (reported as a range value in dollars)'],['Both males and females 0 YEARS - 150 YEARS'],,
1103,INDFMINC,10,"$65,000 To $74,999",['Total family income (reported as a range value in dollars)'],['Both males and females 0 YEARS - 150 YEARS'],,
1104,INDFMINC,11,"$75,000 And Over",['Total family income (reported as a range value in dollars)'],['Both males and females 0 YEARS - 150 YEARS'],,
1105,INDFMINC,12,"Over $20,000",['Total family income (reported as a range value in dollars)'],['Both males and females 0 YEARS - 150 YEARS'],,
1106,INDFMINC,13,"Under $20,000",['Total family income (reported as a range value in dollars)'],['Both males and females 0 YEARS - 150 YEARS'],,
1107,INDFMINC,77,Refused,['Total family income (reported as a range value in dollars)'],['Both males and females 0 YEARS - 150 YEARS'],,
1108,INDFMINC,99,Don'T Know,['Total family income (reported as a range value in dollars)'],['Both males and females 0 YEARS - 150 YEARS'],,
1109,INDFMINC,.,Missing,['Total family income (reported as a range value in dollars)'],['Both males and females 0 YEARS - 150 YEARS'],,
1158,INDFMPIR,0 To 4.99,Range Of Values,"['Poverty income ratio (PIR) - a ratio of family income to poverty threshold', 'A ratio of family income to poverty threshold', 'A ratio of family income to poverty guidelines.', 'Ratio of family income to poverty']",['Both males and females 0 YEARS - 150 YEARS'],,
1159,INDFMPIR,5,Pir Value Greater Than Or Equal To 5.00,"['Poverty income ratio (PIR) - a ratio of family income to poverty threshold', 'A ratio of family income to poverty threshold', 'A ratio of family income to poverty guidelines.', 'Ratio of family income to poverty']",['Both males and females 0 YEARS - 150 YEARS'],,
1160,INDFMPIR,.,Missing,"['Poverty income ratio (PIR) - a ratio of family income to poverty threshold', 'A ratio of family income to poverty threshold', 'A ratio of family income to poverty guidelines.', 'Ratio of family income to poverty']",['Both males and females 0 YEARS - 150 YEARS'],,
1171,INDFMPIR,5,Value Greater Than Or Equal To 5.00,"['Poverty income ratio (PIR) - a ratio of family income to poverty threshold', 'A ratio of family income to poverty threshold', 'A ratio of family income to poverty guidelines.', 'Ratio of family income to poverty']",['Both males and females 0 YEARS - 150 YEARS'],,
1185,INDFMPIR,0 To 4.98,Range Of Values,"['Poverty income ratio (PIR) - a ratio of family income to poverty threshold', 'A ratio of family income to poverty threshold', 'A ratio of family income to poverty guidelines.', 'Ratio of family income to poverty']",['Both males and females 0 YEARS - 150 YEARS'],,
1194,RIDEXPRG,1,"Yes, Positive Lab Pregnancy Test Or Self-Reported Pregnant At Exam","['Pregnancy status at the time of MEC exam.', 'Pregnancy status for females between 20 and 44 years of age at the time of MEC exam.']","['Females only 8 YEARS - 59 YEARS', 'Females only 20 YEARS - 44 YEARS']",,
1195,RIDEXPRG,2,Sp Not Pregnant At Exam,"['Pregnancy status at the time of MEC exam.', 'Pregnancy status for females between 20 and 44 years of age at the time of MEC exam.']","['Females only 8 YEARS - 59 YEARS', 'Females only 20 YEARS - 44 YEARS']",,
1196,RIDEXPRG,3,Cannot Ascertain If Sp Is Pregnant At Exam,"['Pregnancy status at the time of MEC exam.', 'Pregnancy status for females between 20 and 44 years of age at the time of MEC exam.']","['Females only 8 YEARS - 59 YEARS', 'Females only 20 YEARS - 44 YEARS']",,
1197,RIDEXPRG,.,Missing,"['Pregnancy status at the time of MEC exam.', 'Pregnancy status for females between 20 and 44 years of age at the time of MEC exam.']","['Females only 8 YEARS - 59 YEARS', 'Females only 20 YEARS - 44 YEARS']",,
1219,RIDEXPRG,2,The Participant Was Not Pregnant At Exam,"['Pregnancy status at the time of MEC exam.', 'Pregnancy status for females between 20 and 44 years of age at the time of MEC exam.']","['Females only 8 YEARS - 59 YEARS', 'Females only 20 YEARS - 44 YEARS']",,
1220,RIDEXPRG,3,Cannot Ascertain If The Participant Is Pregnant At Exam,"['Pregnancy status at the time of MEC exam.', 'Pregnancy status for females between 20 and 44 years of age at the time of MEC exam.']","['Females only 8 YEARS - 59 YEARS', 'Females only 20 YEARS - 44 YEARS']",,
1242,RIDPREG,1,"Yes, Based On Positive Lab Pregnancy Test, Self-Reported Pregnancy Status, Screener Interview Data Or Menstrual Period History",['Pregnancy status variable based on all source data. NOTE: This is the previous pregnancy status recode variable. RIDPREG is a more conservative pregnancy status variable. Please review the file documentation.'],['Females only 8 YEARS - 59 YEARS'],,
1243,RIDPREG,2,Sp Not Pregnant,['Pregnancy status variable based on all source data. NOTE: This is the previous pregnancy status recode variable. RIDPREG is a more conservative pregnancy status variable. Please review the file documentation.'],['Females only 8 YEARS - 59 YEARS'],,
1244,RIDPREG,9,Cannot Ascertain If Sp Is Pregnant,['Pregnancy status variable based on all source data. NOTE: This is the previous pregnancy status recode variable. RIDPREG is a more conservative pregnancy status variable. Please review the file documentation.'],['Females only 8 YEARS - 59 YEARS'],,
1245,RIDPREG,.,Missing,['Pregnancy status variable based on all source data. NOTE: This is the previous pregnancy status recode variable. RIDPREG is a more conservative pregnancy status variable. Please review the file documentation.'],['Females only 8 YEARS - 59 YEARS'],,
1250,DMDHRGND,1,Male,"['Gender of the household reference person', 'HH reference persons gender', 'HH ref person’s gender']","['Both males and females 0 YEARS - 150 YEARS', 'Both males and females 0 YEARS - 19 YEARS']",,
1251,DMDHRGND,2,Female,"['Gender of the household reference person', 'HH reference persons gender', 'HH ref person’s gender']","['Both males and females 0 YEARS - 150 YEARS', 'Both males and females 0 YEARS - 19 YEARS']",,
1252,DMDHRGND,.,Missing,"['Gender of the household reference person', 'HH reference persons gender', 'HH ref person’s gender']","['Both males and females 0 YEARS - 150 YEARS', 'Both males and females 0 YEARS - 19 YEARS']",,
1283,DMDHRAGE,17 To 84,Range Of Values,"['Age in years of the household reference person at the time of HH screening. Individuals 85 and over are topcoded at 85 years of age.', 'Age in years of the household reference person at the time of HH screening. Individuals 80 and over are topcoded at 80 years of age.', 'HH reference persons age in years']",['Both males and females 0 YEARS - 150 YEARS'],,
1284,DMDHRAGE,85,>: 85 Years Of Age,"['Age in years of the household reference person at the time of HH screening. Individuals 85 and over are topcoded at 85 years of age.', 'Age in years of the household reference person at the time of HH screening. Individuals 80 and over are topcoded at 80 years of age.', 'HH reference persons age in years']",['Both males and females 0 YEARS - 150 YEARS'],,
1285,DMDHRAGE,.,Missing,"['Age in years of the household reference person at the time of HH screening. Individuals 85 and over are topcoded at 85 years of age.', 'Age in years of the household reference person at the time of HH screening. Individuals 80 and over are topcoded at 80 years of age.', 'HH reference persons age in years']",['Both males and females 0 YEARS - 150 YEARS'],,
1286,DMDHRAGE,15 To 84,Range Of Values,"['Age in years of the household reference person at the time of HH screening. Individuals 85 and over are topcoded at 85 years of age.', 'Age in years of the household reference person at the time of HH screening. Individuals 80 and over are topcoded at 80 years of age.', 'HH reference persons age in years']",['Both males and females 0 YEARS - 150 YEARS'],,
1289,DMDHRAGE,16 To 84,Range Of Values,"['Age in years of the household reference person at the time of HH screening. Individuals 85 and over are topcoded at 85 years of age.', 'Age in years of the household reference person at the time of HH screening. Individuals 80 and over are topcoded at 80 years of age.', 'HH reference persons age in years']",['Both males and females 0 YEARS - 150 YEARS'],,
1295,DMDHRAGE,18 To 79,Range Of Values,"['Age in years of the household reference person at the time of HH screening. Individuals 85 and over are topcoded at 85 years of age.', 'Age in years of the household reference person at the time of HH screening. Individuals 80 and over are topcoded at 80 years of age.', 'HH reference persons age in years']",['Both males and females 0 YEARS - 150 YEARS'],,
1296,DMDHRAGE,80,>: 80 Years Of Age,"['Age in years of the household reference person at the time of HH screening. Individuals 85 and over are topcoded at 85 years of age.', 'Age in years of the household reference person at the time of HH screening. Individuals 80 and over are topcoded at 80 years of age.', 'HH reference persons age in years']",['Both males and females 0 YEARS - 150 YEARS'],,
1302,DMDHRAGE,80,80 Years Of Age And Over,"['Age in years of the household reference person at the time of HH screening. Individuals 85 and over are topcoded at 85 years of age.', 'Age in years of the household reference person at the time of HH screening. Individuals 80 and over are topcoded at 80 years of age.', 'HH reference persons age in years']",['Both males and females 0 YEARS - 150 YEARS'],,
1310,DMDHRBRN,1,"Born In 50 Us States Or Washington, Dc",['In what country {were you/was NON-SP Head} born?'],['Both males and females 0 YEARS - 150 YEARS'],,
1311,DMDHRBRN,2,Born In Mexico,['In what country {were you/was NON-SP Head} born?'],['Both males and females 0 YEARS - 150 YEARS'],,
1312,DMDHRBRN,3,Born Elsewhere,['In what country {were you/was NON-SP Head} born?'],['Both males and females 0 YEARS - 150 YEARS'],,
1313,DMDHRBRN,7,Refused,['In what country {were you/was NON-SP Head} born?'],['Both males and females 0 YEARS - 150 YEARS'],,
1314,DMDHRBRN,9,Don'T Know,['In what country {were you/was NON-SP Head} born?'],['Both males and females 0 YEARS - 150 YEARS'],,
1315,DMDHRBRN,.,Missing,['In what country {were you/was NON-SP Head} born?'],['Both males and females 0 YEARS - 150 YEARS'],,
1334,DMDHREDU,1,Less Than 9Th Grade,"['What is the highest grade or level of school {you have/NON_SP HEAD has} received?', 'HH reference persons education level']",['Both males and females 0 YEARS - 150 YEARS'],,
1335,DMDHREDU,2,9-11Th Grade (Includes 12Th Grade With No Diploma),"['What is the highest grade or level of school {you have/NON_SP HEAD has} received?', 'HH reference persons education level']",['Both males and females 0 YEARS - 150 YEARS'],,
1336,DMDHREDU,3,High School Grad/Ged Or Equivalent,"['What is the highest grade or level of school {you have/NON_SP HEAD has} received?', 'HH reference persons education level']",['Both males and females 0 YEARS - 150 YEARS'],,
1337,DMDHREDU,4,Some College Or Aa Degree,"['What is the highest grade or level of school {you have/NON_SP HEAD has} received?', 'HH reference persons education level']",['Both males and females 0 YEARS - 150 YEARS'],,
1338,DMDHREDU,5,College Graduate Or Above,"['What is the highest grade or level of school {you have/NON_SP HEAD has} received?', 'HH reference persons education level']",['Both males and females 0 YEARS - 150 YEARS'],,
1339,DMDHREDU,7,Refused,"['What is the highest grade or level of school {you have/NON_SP HEAD has} received?', 'HH reference persons education level']",['Both males and females 0 YEARS - 150 YEARS'],,
1340,DMDHREDU,9,Don'T Know,"['What is the highest grade or level of school {you have/NON_SP HEAD has} received?', 'HH reference persons education level']",['Both males and females 0 YEARS - 150 YEARS'],,
1341,DMDHREDU,.,Missing,"['What is the highest grade or level of school {you have/NON_SP HEAD has} received?', 'HH reference persons education level']",['Both males and females 0 YEARS - 150 YEARS'],,
1406,DMDHRMAR,1,Married,"['Marital Status of household reference person', 'HH reference persons marital status']",['Both males and females 0 YEARS - 150 YEARS'],,
1407,DMDHRMAR,2,Widowed,"['Marital Status of household reference person', 'HH reference persons marital status']",['Both males and females 0 YEARS - 150 YEARS'],,
1408,DMDHRMAR,3,Divorced,"['Marital Status of household reference person', 'HH reference persons marital status']",['Both males and females 0 YEARS - 150 YEARS'],,
1409,DMDHRMAR,4,Separated,"['Marital Status of household reference person', 'HH reference persons marital status']",['Both males and females 0 YEARS - 150 YEARS'],,
1410,DMDHRMAR,5,Never Married,"['Marital Status of household reference person', 'HH reference persons marital status']",['Both males and females 0 YEARS - 150 YEARS'],,
1411,DMDHRMAR,6,Living With Partner,"['Marital Status of household reference person', 'HH reference persons marital status']",['Both males and females 0 YEARS - 150 YEARS'],,
1412,DMDHRMAR,77,Refused,"['Marital Status of household reference person', 'HH reference persons marital status']",['Both males and females 0 YEARS - 150 YEARS'],,
1413,DMDHRMAR,99,Don'T Know,"['Marital Status of household reference person', 'HH reference persons marital status']",['Both males and females 0 YEARS - 150 YEARS'],,
1414,DMDHRMAR,.,Missing,"['Marital Status of household reference person', 'HH reference persons marital status']",['Both males and females 0 YEARS - 150 YEARS'],,
1487,DMDHSEDU,1,Less Than 9Th Grade,"['What is the highest grade or level of school {you have/NON-SP SPOUSE has completed or the highest degree {you have/he/she has} received', 'HH reference persons spouses education level']",['Both males and females 0 YEARS - 150 YEARS'],,
1488,DMDHSEDU,2,9-11Th Grade (Includes 12Th Grade With No Diploma),"['What is the highest grade or level of school {you have/NON-SP SPOUSE has completed or the highest degree {you have/he/she has} received', 'HH reference persons spouses education level']",['Both males and females 0 YEARS - 150 YEARS'],,
1489,DMDHSEDU,3,High School Grad/Ged Or Equivalent,"['What is the highest grade or level of school {you have/NON-SP SPOUSE has completed or the highest degree {you have/he/she has} received', 'HH reference persons spouses education level']",['Both males and females 0 YEARS - 150 YEARS'],,
1490,DMDHSEDU,4,Some College Or Aa Degree,"['What is the highest grade or level of school {you have/NON-SP SPOUSE has completed or the highest degree {you have/he/she has} received', 'HH reference persons spouses education level']",['Both males and females 0 YEARS - 150 YEARS'],,
1491,DMDHSEDU,5,College Graduate Or Above,"['What is the highest grade or level of school {you have/NON-SP SPOUSE has completed or the highest degree {you have/he/she has} received', 'HH reference persons spouses education level']",['Both males and females 0 YEARS - 150 YEARS'],,
1492,DMDHSEDU,7,Refused,"['What is the highest grade or level of school {you have/NON-SP SPOUSE has completed or the highest degree {you have/he/she has} received', 'HH reference persons spouses education level']",['Both males and females 0 YEARS - 150 YEARS'],,
1493,DMDHSEDU,9,Don'T Know,"['What is the highest grade or level of school {you have/NON-SP SPOUSE has completed or the highest degree {you have/he/she has} received', 'HH reference persons spouses education level']",['Both males and females 0 YEARS - 150 YEARS'],,
1494,DMDHSEDU,.,Missing,"['What is the highest grade or level of school {you have/NON-SP SPOUSE has completed or the highest degree {you have/he/she has} received', 'HH reference persons spouses education level']",['Both males and females 0 YEARS - 150 YEARS'],,
1559,WTINT2YR,974.66525161 To 236864.13597,Range Of Values,"['Interviewed Sample Persons.', 'Interviewed participants.', 'Full sample 2 year interview weight.']",['Both males and females 0 YEARS - 150 YEARS'],,
1560,WTINT2YR,.,Missing,"['Interviewed Sample Persons.', 'Interviewed participants.', 'Full sample 2 year interview weight.']",['Both males and females 0 YEARS - 150 YEARS'],,
1561,WTINT2YR,1492.093618 To 201188.12151,Range Of Values,"['Interviewed Sample Persons.', 'Interviewed participants.', 'Full sample 2 year interview weight.']",['Both males and females 0 YEARS - 150 YEARS'],,
1563,WTINT2YR,1498.994197 To 156319.65778,Range Of Values,"['Interviewed Sample Persons.', 'Interviewed participants.', 'Full sample 2 year interview weight.']",['Both males and females 0 YEARS - 150 YEARS'],,
1565,WTINT2YR,1224.968032 To 152162.42158,Range Of Values,"['Interviewed Sample Persons.', 'Interviewed participants.', 'Full sample 2 year interview weight.']",['Both males and females 0 YEARS - 150 YEARS'],,
1567,WTINT2YR,2359.373828 To 186295.50665,Range Of Values,"['Interviewed Sample Persons.', 'Interviewed participants.', 'Full sample 2 year interview weight.']",['Both males and females 0 YEARS - 150 YEARS'],,
1569,WTINT2YR,3279.931789 To 153810.25883,Range Of Values,"['Interviewed Sample Persons.', 'Interviewed participants.', 'Full sample 2 year interview weight.']",['Both males and females 0 YEARS - 150 YEARS'],,
1571,WTINT2YR,3320.8855 To 220233.3152,Range Of Values,"['Interviewed Sample Persons.', 'Interviewed participants.', 'Full sample 2 year interview weight.']",['Both males and females 0 YEARS - 150 YEARS'],,
1573,WTINT2YR,3697.772098 To 167884.54371,Range Of Values,"['Interviewed Sample Persons.', 'Interviewed participants.', 'Full sample 2 year interview weight.']",['Both males and females 0 YEARS - 150 YEARS'],,
1575,WTINT2YR,3293.928267 To 233755.84185,Range Of Values,"['Interviewed Sample Persons.', 'Interviewed participants.', 'Full sample 2 year interview weight.']",['Both males and females 0 YEARS - 150 YEARS'],,
1577,WTINT2YR,2571.0687123 To 433085.00526,Range Of Values,"['Interviewed Sample Persons.', 'Interviewed participants.', 'Full sample 2 year interview weight.']",['Both males and females 0 YEARS - 150 YEARS'],,
1579,WTINT2YR,4584.463196 To 170968.343177,Range Of Values,"['Interviewed Sample Persons.', 'Interviewed participants.', 'Full sample 2 year interview weight.']",['Both males and females 0 YEARS - 150 YEARS'],,
1581,WTINT4YR,620.682382 To 100652.32964,Range Of Values,['Interviewed Sample Persons. Used for 1999-2002 data collection years only.'],['Both males and females 0 YEARS - 150 YEARS'],,
1582,WTINT4YR,.,Missing,['Interviewed Sample Persons. Used for 1999-2002 data collection years only.'],['Both males and females 0 YEARS - 150 YEARS'],,
1583,WTINT4YR,683.456211 To 94900.896398,Range Of Values,['Interviewed Sample Persons. Used for 1999-2002 data collection years only.'],['Both males and females 0 YEARS - 150 YEARS'],,
1585,WTMEC2YR,0 To 261361.33834,Range Of Values,"['Both Interviewed and MEC Examined Sample Persons.', 'Both interviewed and MEC examined participants.', 'Full sample 2 year MEC exam weight.']",['Both males and females 0 YEARS - 150 YEARS'],,
1586,WTMEC2YR,.,Missing,"['Both Interviewed and MEC Examined Sample Persons.', 'Both interviewed and MEC examined participants.', 'Full sample 2 year MEC exam weight.']",['Both males and females 0 YEARS - 150 YEARS'],,
1587,WTMEC2YR,0 To 211850.66405,Range Of Values,"['Both Interviewed and MEC Examined Sample Persons.', 'Both interviewed and MEC examined participants.', 'Full sample 2 year MEC exam weight.']",['Both males and females 0 YEARS - 150 YEARS'],,
1589,WTMEC2YR,0 To 159302.77518,Range Of Values,"['Both Interviewed and MEC Examined Sample Persons.', 'Both interviewed and MEC examined participants.', 'Full sample 2 year MEC exam weight.']",['Both males and females 0 YEARS - 150 YEARS'],,
1591,WTMEC2YR,0 To 156152.18069,Range Of Values,"['Both Interviewed and MEC Examined Sample Persons.', 'Both interviewed and MEC examined participants.', 'Full sample 2 year MEC exam weight.']",['Both males and females 0 YEARS - 150 YEARS'],,
1593,WTMEC2YR,0 To 192770.73006,Range Of Values,"['Both Interviewed and MEC Examined Sample Persons.', 'Both interviewed and MEC examined participants.', 'Full sample 2 year MEC exam weight.']",['Both males and females 0 YEARS - 150 YEARS'],,
1595,WTMEC2YR,0 To 158146.91752,Range Of Values,"['Both Interviewed and MEC Examined Sample Persons.', 'Both interviewed and MEC examined participants.', 'Full sample 2 year MEC exam weight.']",['Both males and females 0 YEARS - 150 YEARS'],,
1597,WTMEC2YR,0 To 222579.78343,Range Of Values,"['Both Interviewed and MEC Examined Sample Persons.', 'Both interviewed and MEC examined participants.', 'Full sample 2 year MEC exam weight.']",['Both males and females 0 YEARS - 150 YEARS'],,
1599,WTMEC2YR,3748.417657 To 171395.2649,Range Of Values,"['Both Interviewed and MEC Examined Sample Persons.', 'Both interviewed and MEC examined participants.', 'Full sample 2 year MEC exam weight.']",['Both males and females 0 YEARS - 150 YEARS'],,
1600,WTMEC2YR,0,Not Mec Examined,"['Both Interviewed and MEC Examined Sample Persons.', 'Both interviewed and MEC examined participants.', 'Full sample 2 year MEC exam weight.']",['Both males and females 0 YEARS - 150 YEARS'],,
1602,WTMEC2YR,3419.259085 To 242386.66077,Range Of Values,"['Both Interviewed and MEC Examined Sample Persons.', 'Both interviewed and MEC examined participants.', 'Full sample 2 year MEC exam weight.']",['Both males and females 0 YEARS - 150 YEARS'],,
1605,WTMEC2YR,2566.1838545 To 419762.83649,Range Of Values,"['Both Interviewed and MEC Examined Sample Persons.', 'Both interviewed and MEC examined participants.', 'Full sample 2 year MEC exam weight.']",['Both males and females 0 YEARS - 150 YEARS'],,
1608,WTMEC2YR,4581.595095 To 227108.296958,Range Of Values,"['Both Interviewed and MEC Examined Sample Persons.', 'Both interviewed and MEC examined participants.', 'Full sample 2 year MEC exam weight.']",['Both males and females 0 YEARS - 150 YEARS'],,
1611,WTMEC4YR,0 To 103831.17105,Range Of Values,['Both Interviewed and MEC Examined Sample Persons. Used for 1999-2002 data collection years only.'],['Both males and females 0 YEARS - 150 YEARS'],,
1612,WTMEC4YR,.,Missing,['Both Interviewed and MEC Examined Sample Persons. Used for 1999-2002 data collection years only.'],['Both males and females 0 YEARS - 150 YEARS'],,
1615,SDMVPSU,1 To 3,Range Of Values,"['Masked Variance Unit Pseudo-PSU variable for variance estimation', 'Masked variance unit pseudo-PSU variable for variance estimation']",['Both males and females 0 YEARS - 150 YEARS'],,
1616,SDMVPSU,.,Missing,"['Masked Variance Unit Pseudo-PSU variable for variance estimation', 'Masked variance unit pseudo-PSU variable for variance estimation']",['Both males and females 0 YEARS - 150 YEARS'],,
1617,SDMVPSU,1 To 2,Range Of Values,"['Masked Variance Unit Pseudo-PSU variable for variance estimation', 'Masked variance unit pseudo-PSU variable for variance estimation']",['Both males and females 0 YEARS - 150 YEARS'],,
1639,SDMVSTRA,1 To 13,Range Of Values,"['Masked Variance Unit Pseudo-Stratum variable for variance estimation', 'Masked variance unit pseudo-stratum variable for variance estimation']",['Both males and females 0 YEARS - 150 YEARS'],,
1640,SDMVSTRA,.,Missing,"['Masked Variance Unit Pseudo-Stratum variable for variance estimation', 'Masked variance unit pseudo-stratum variable for variance estimation']",['Both males and females 0 YEARS - 150 YEARS'],,
1641,SDMVSTRA,14 To 28,Range Of Values,"['Masked Variance Unit Pseudo-Stratum variable for variance estimation', 'Masked variance unit pseudo-stratum variable for variance estimation']",['Both males and females 0 YEARS - 150 YEARS'],,
1643,SDMVSTRA,29 To 43,Range Of Values,"['Masked Variance Unit Pseudo-Stratum variable for variance estimation', 'Masked variance unit pseudo-stratum variable for variance estimation']",['Both males and females 0 YEARS - 150 YEARS'],,
1645,SDMVSTRA,44 To 58,Range Of Values,"['Masked Variance Unit Pseudo-Stratum variable for variance estimation', 'Masked variance unit pseudo-stratum variable for variance estimation']",['Both males and females 0 YEARS - 150 YEARS'],,
1647,SDMVSTRA,59 To 74,Range Of Values,"['Masked Variance Unit Pseudo-Stratum variable for variance estimation', 'Masked variance unit pseudo-stratum variable for variance estimation']",['Both males and females 0 YEARS - 150 YEARS'],,
1649,SDMVSTRA,75 To 89,Range Of Values,"['Masked Variance Unit Pseudo-Stratum variable for variance estimation', 'Masked variance unit pseudo-stratum variable for variance estimation']",['Both males and females 0 YEARS - 150 YEARS'],,
1651,SDMVSTRA,90 To 103,Range Of Values,"['Masked Variance Unit Pseudo-Stratum variable for variance estimation', 'Masked variance unit pseudo-stratum variable for variance estimation']",['Both males and females 0 YEARS - 150 YEARS'],,
1653,SDMVSTRA,104 To 118,Range Of Values,"['Masked Variance Unit Pseudo-Stratum variable for variance estimation', 'Masked variance unit pseudo-stratum variable for variance estimation']",['Both males and females 0 YEARS - 150 YEARS'],,
1655,SDMVSTRA,119 To 133,Range Of Values,"['Masked Variance Unit Pseudo-Stratum variable for variance estimation', 'Masked variance unit pseudo-stratum variable for variance estimation']",['Both males and females 0 YEARS - 150 YEARS'],,
1657,SDMVSTRA,134 To 148,Range Of Values,"['Masked Variance Unit Pseudo-Stratum variable for variance estimation', 'Masked variance unit pseudo-stratum variable for variance estimation']",['Both males and females 0 YEARS - 150 YEARS'],,
1659,SDMVSTRA,149 To 172,Range Of Values,"['Masked Variance Unit Pseudo-Stratum variable for variance estimation', 'Masked variance unit pseudo-stratum variable for variance estimation']",['Both males and females 0 YEARS - 150 YEARS'],,
1661,SDMVSTRA,173 To 187,Range Of Values,"['Masked Variance Unit Pseudo-Stratum variable for variance estimation', 'Masked variance unit pseudo-stratum variable for variance estimation']",['Both males and females 0 YEARS - 150 YEARS'],,
1663,SDJ1REPN,1 To 52,Range Of Values,['Jack Knife Replicate Number'],['Both males and females 0 YEARS - 150 YEARS'],,
1664,SDJ1REPN,.,Missing,['Jack Knife Replicate Number'],['Both males and females 0 YEARS - 150 YEARS'],,
1665,DMAETHN,1,Value Imputed,['Logical Imputation Flag for Ethnicity'],['Both males and females 0 YEARS - 150 YEARS'],,
1666,DMAETHN,.,Missing,['Logical Imputation Flag for Ethnicity'],['Both males and females 0 YEARS - 150 YEARS'],,
1667,DMARACE,1,Value Imputed,['Logical Imputation Flag for Race Recode'],['Both males and females 0 YEARS - 150 YEARS'],,
1668,DMARACE,.,Missing,['Logical Imputation Flag for Race Recode'],['Both males and females 0 YEARS - 150 YEARS'],,
1669,WTMREP01,0 To 258536.54745,Range Of Values,['MEC Exam Weight Jack Knife Replicate 01'],['Both males and females 0 YEARS - 150 YEARS'],,
1670,WTMREP01,.,Missing,['MEC Exam Weight Jack Knife Replicate 01'],['Both males and females 0 YEARS - 150 YEARS'],,
1671,WTMREP02,0 To 260734.52777,Range Of Values,['MEC Exam Weight Jack Knife Replicate 02'],['Both males and females 0 YEARS - 150 YEARS'],,
1672,WTMREP02,.,Missing,['MEC Exam Weight Jack Knife Replicate 02'],['Both males and females 0 YEARS - 150 YEARS'],,
1673,WTMREP03,0 To 261389.69805,Range Of Values,['MEC Exam Weight Jack Knife Replicate 03'],['Both males and females 0 YEARS - 150 YEARS'],,
1674,WTMREP03,.,Missing,['MEC Exam Weight Jack Knife Replicate 03'],['Both males and females 0 YEARS - 150 YEARS'],,
1675,WTMREP04,0 To 261672.08293,Range Of Values,['MEC Exam Weight Jack Knife Replicate 04'],['Both males and females 0 YEARS - 150 YEARS'],,
1676,WTMREP04,.,Missing,['MEC Exam Weight Jack Knife Replicate 04'],['Both males and females 0 YEARS - 150 YEARS'],,
1677,WTMREP05,0 To 261039.26428,Range Of Values,['MEC Exam Weight Jack Knife Replicate 05'],['Both males and females 0 YEARS - 150 YEARS'],,
1678,WTMREP05,.,Missing,['MEC Exam Weight Jack Knife Replicate 05'],['Both males and females 0 YEARS - 150 YEARS'],,
1679,WTMREP06,0 To 262491.489,Range Of Values,['MEC Exam Weight Jack Knife Replicate 06'],['Both males and females 0 YEARS - 150 YEARS'],,
1680,WTMREP06,.,Missing,['MEC Exam Weight Jack Knife Replicate 06'],['Both males and females 0 YEARS - 150 YEARS'],,
1681,WTMREP07,0 To 258631.58327,Range Of Values,['MEC Exam Weight Jack Knife Replicate 07'],['Both males and females 0 YEARS - 150 YEARS'],,
1682,WTMREP07,.,Missing,['MEC Exam Weight Jack Knife Replicate 07'],['Both males and females 0 YEARS - 150 YEARS'],,
1683,WTMREP08,0 To 261427.86999,Range Of Values,['MEC Exam Weight Jack Knife Replicate 08'],['Both males and females 0 YEARS - 150 YEARS'],,
1684,WTMREP08,.,Missing,['MEC Exam Weight Jack Knife Replicate 08'],['Both males and females 0 YEARS - 150 YEARS'],,
1685,WTMREP09,0 To 263135.14291,Range Of Values,['MEC Exam Weight Jack Knife Replicate 09'],['Both males and females 0 YEARS - 150 YEARS'],,
1686,WTMREP09,.,Missing,['MEC Exam Weight Jack Knife Replicate 09'],['Both males and females 0 YEARS - 150 YEARS'],,
1687,WTMREP10,0 To 264325.82084,Range Of Values,['MEC Exam Weight Jack Knife Replicate 10'],['Both males and females 0 YEARS - 150 YEARS'],,
1688,WTMREP10,.,Missing,['MEC Exam Weight Jack Knife Replicate 10'],['Both males and females 0 YEARS - 150 YEARS'],,
1689,WTMREP11,0 To 265082.90502,Range Of Values,['MEC Exam Weight Jack Knife Replicate 11'],['Both males and females 0 YEARS - 150 YEARS'],,
1690,WTMREP11,.,Missing,['MEC Exam Weight Jack Knife Replicate 11'],['Both males and females 0 YEARS - 150 YEARS'],,
1691,WTMREP12,0 To 261045.28869,Range Of Values,['MEC Exam Weight Jack Knife Replicate 12'],['Both males and females 0 YEARS - 150 YEARS'],,
1692,WTMREP12,.,Missing,['MEC Exam Weight Jack Knife Replicate 12'],['Both males and females 0 YEARS - 150 YEARS'],,
1693,WTMREP13,0 To 259966.30733,Range Of Values,['MEC Exam Weight Jack Knife Replicate 13'],['Both males and females 0 YEARS - 150 YEARS'],,
1694,WTMREP13,.,Missing,['MEC Exam Weight Jack Knife Replicate 13'],['Both males and females 0 YEARS - 150 YEARS'],,
1695,WTMREP14,0 To 267824.09333,Range Of Values,['MEC Exam Weight Jack Knife Replicate 14'],['Both males and females 0 YEARS - 150 YEARS'],,
1696,WTMREP14,.,Missing,['MEC Exam Weight Jack Knife Replicate 14'],['Both males and females 0 YEARS - 150 YEARS'],,
1697,WTMREP15,0 To 264048.81824,Range Of Values,['MEC Exam Weight Jack Knife Replicate 15'],['Both males and females 0 YEARS - 150 YEARS'],,
1698,WTMREP15,.,Missing,['MEC Exam Weight Jack Knife Replicate 15'],['Both males and females 0 YEARS - 150 YEARS'],,
1699,WTMREP16,0 To 265140.60417,Range Of Values,['MEC Exam Weight Jack Knife Replicate 16'],['Both males and females 0 YEARS - 150 YEARS'],,
1700,WTMREP16,.,Missing,['MEC Exam Weight Jack Knife Replicate 16'],['Both males and females 0 YEARS - 150 YEARS'],,
1701,WTMREP17,0 To 260425.83848,Range Of Values,['MEC Exam Weight Jack Knife Replicate 17'],['Both males and females 0 YEARS - 150 YEARS'],,
1702,WTMREP17,.,Missing,['MEC Exam Weight Jack Knife Replicate 17'],['Both males and females 0 YEARS - 150 YEARS'],,
1703,WTMREP18,0 To 261367.45269,Range Of Values,['MEC Exam Weight Jack Knife Replicate 18'],['Both males and females 0 YEARS - 150 YEARS'],,
1704,WTMREP18,.,Missing,['MEC Exam Weight Jack Knife Replicate 18'],['Both males and females 0 YEARS - 150 YEARS'],,
1705,WTMREP19,0 To 265394.01408,Range Of Values,['MEC Exam Weight Jack Knife Replicate 19'],['Both males and females 0 YEARS - 150 YEARS'],,
1706,WTMREP19,.,Missing,['MEC Exam Weight Jack Knife Replicate 19'],['Both males and females 0 YEARS - 150 YEARS'],,
1707,WTMREP20,0 To 261809.66639,Range Of Values,['MEC Exam Weight Jack Knife Replicate 20'],['Both males and females 0 YEARS - 150 YEARS'],,
1708,WTMREP20,.,Missing,['MEC Exam Weight Jack Knife Replicate 20'],['Both males and females 0 YEARS - 150 YEARS'],,
1709,WTMREP21,0 To 261040.57842,Range Of Values,['MEC Exam Weight Jack Knife Replicate 21'],['Both males and females 0 YEARS - 150 YEARS'],,
1710,WTMREP21,.,Missing,['MEC Exam Weight Jack Knife Replicate 21'],['Both males and females 0 YEARS - 150 YEARS'],,
1711,WTMREP22,0 To 261410.98954,Range Of Values,['MEC Exam Weight Jack Knife Replicate 22'],['Both males and females 0 YEARS - 150 YEARS'],,
1712,WTMREP22,.,Missing,['MEC Exam Weight Jack Knife Replicate 22'],['Both males and females 0 YEARS - 150 YEARS'],,
1713,WTMREP23,0 To 261818.79012,Range Of Values,['MEC Exam Weight Jack Knife Replicate 23'],['Both males and females 0 YEARS - 150 YEARS'],,
1714,WTMREP23,.,Missing,['MEC Exam Weight Jack Knife Replicate 23'],['Both males and females 0 YEARS - 150 YEARS'],,
1715,WTMREP24,0 To 262433.25419,Range Of Values,['MEC Exam Weight Jack Knife Replicate 24'],['Both males and females 0 YEARS - 150 YEARS'],,
1716,WTMREP24,.,Missing,['MEC Exam Weight Jack Knife Replicate 24'],['Both males and females 0 YEARS - 150 YEARS'],,
1717,WTMREP25,0 To 261361.7708,Range Of Values,['MEC Exam Weight Jack Knife Replicate 25'],['Both males and females 0 YEARS - 150 YEARS'],,
1718,WTMREP25,.,Missing,['MEC Exam Weight Jack Knife Replicate 25'],['Both males and females 0 YEARS - 150 YEARS'],,
1719,WTMREP26,0 To 259973.96856,Range Of Values,['MEC Exam Weight Jack Knife Replicate 26'],['Both males and females 0 YEARS - 150 YEARS'],,
1720,WTMREP26,.,Missing,['MEC Exam Weight Jack Knife Replicate 26'],['Both males and females 0 YEARS - 150 YEARS'],,
1721,WTMREP27,0 To 260115.6662,Range Of Values,['MEC Exam Weight Jack Knife Replicate 27'],['Both males and females 0 YEARS - 150 YEARS'],,
1722,WTMREP27,.,Missing,['MEC Exam Weight Jack Knife Replicate 27'],['Both males and females 0 YEARS - 150 YEARS'],,
1723,WTMREP28,0 To 265884.08648,Range Of Values,['MEC Exam Weight Jack Knife Replicate 28'],['Both males and females 0 YEARS - 150 YEARS'],,
1724,WTMREP28,.,Missing,['MEC Exam Weight Jack Knife Replicate 28'],['Both males and females 0 YEARS - 150 YEARS'],,
1725,WTMREP29,0 To 263108.33395,Range Of Values,['MEC Exam Weight Jack Knife Replicate 29'],['Both males and females 0 YEARS - 150 YEARS'],,
1726,WTMREP29,.,Missing,['MEC Exam Weight Jack Knife Replicate 29'],['Both males and females 0 YEARS - 150 YEARS'],,
1727,WTMREP30,0 To 261761.84402,Range Of Values,['MEC Exam Weight Jack Knife Replicate 30'],['Both males and females 0 YEARS - 150 YEARS'],,
1728,WTMREP30,.,Missing,['MEC Exam Weight Jack Knife Replicate 30'],['Both males and females 0 YEARS - 150 YEARS'],,
1729,WTMREP31,0 To 262963.60939,Range Of Values,['MEC Exam Weight Jack Knife Replicate 31'],['Both males and females 0 YEARS - 150 YEARS'],,
1730,WTMREP31,.,Missing,['MEC Exam Weight Jack Knife Replicate 31'],['Both males and females 0 YEARS - 150 YEARS'],,
1731,WTMREP32,0 To 254090.86669,Range Of Values,['MEC Exam Weight Jack Knife Replicate 32'],['Both males and females 0 YEARS - 150 YEARS'],,
1732,WTMREP32,.,Missing,['MEC Exam Weight Jack Knife Replicate 32'],['Both males and females 0 YEARS - 150 YEARS'],,
1733,WTMREP33,0 To 259603.33498,Range Of Values,['MEC Exam Weight Jack Knife Replicate 33'],['Both males and females 0 YEARS - 150 YEARS'],,
1734,WTMREP33,.,Missing,['MEC Exam Weight Jack Knife Replicate 33'],['Both males and females 0 YEARS - 150 YEARS'],,
1735,WTMREP34,0 To 261548.40488,Range Of Values,['MEC Exam Weight Jack Knife Replicate 34'],['Both males and females 0 YEARS - 150 YEARS'],,
1736,WTMREP34,.,Missing,['MEC Exam Weight Jack Knife Replicate 34'],['Both males and females 0 YEARS - 150 YEARS'],,
1737,WTMREP35,0 To 253436.57188,Range Of Values,['MEC Exam Weight Jack Knife Replicate 35'],['Both males and females 0 YEARS - 150 YEARS'],,
1738,WTMREP35,.,Missing,['MEC Exam Weight Jack Knife Replicate 35'],['Both males and females 0 YEARS - 150 YEARS'],,
1739,WTMREP36,0 To 261427.09527,Range Of Values,['MEC Exam Weight Jack Knife Replicate 36'],['Both males and females 0 YEARS - 150 YEARS'],,
1740,WTMREP36,.,Missing,['MEC Exam Weight Jack Knife Replicate 36'],['Both males and females 0 YEARS - 150 YEARS'],,
1741,WTMREP37,0 To 262556.46962,Range Of Values,['MEC Exam Weight Jack Knife Replicate 37'],['Both males and females 0 YEARS - 150 YEARS'],,
1742,WTMREP37,.,Missing,['MEC Exam Weight Jack Knife Replicate 37'],['Both males and females 0 YEARS - 150 YEARS'],,
1743,WTMREP38,0 To 265965.07558,Range Of Values,['MEC Exam Weight Jack Knife Replicate 38'],['Both males and females 0 YEARS - 150 YEARS'],,
1744,WTMREP38,.,Missing,['MEC Exam Weight Jack Knife Replicate 38'],['Both males and females 0 YEARS - 150 YEARS'],,
1745,WTMREP39,0 To 263382.4133,Range Of Values,['MEC Exam Weight Jack Knife Replicate 39'],['Both males and females 0 YEARS - 150 YEARS'],,
1746,WTMREP39,.,Missing,['MEC Exam Weight Jack Knife Replicate 39'],['Both males and females 0 YEARS - 150 YEARS'],,
1747,WTMREP40,0 To 262655.33471,Range Of Values,['MEC Exam Weight Jack Knife Replicate 40'],['Both males and females 0 YEARS - 150 YEARS'],,
1748,WTMREP40,.,Missing,['MEC Exam Weight Jack Knife Replicate 40'],['Both males and females 0 YEARS - 150 YEARS'],,
1749,WTMREP41,0 To 263442.38982,Range Of Values,['MEC Exam Weight Jack Knife Replicate 41'],['Both males and females 0 YEARS - 150 YEARS'],,
1750,WTMREP41,.,Missing,['MEC Exam Weight Jack Knife Replicate 41'],['Both males and females 0 YEARS - 150 YEARS'],,
1751,WTMREP42,0 To 263487.73528,Range Of Values,['MEC Exam Weight Jack Knife Replicate 42'],['Both males and females 0 YEARS - 150 YEARS'],,
1752,WTMREP42,.,Missing,['MEC Exam Weight Jack Knife Replicate 42'],['Both males and females 0 YEARS - 150 YEARS'],,
1753,WTMREP43,0 To 263992.07035,Range Of Values,['MEC Exam Weight Jack Knife Replicate 43'],['Both males and females 0 YEARS - 150 YEARS'],,
1754,WTMREP43,.,Missing,['MEC Exam Weight Jack Knife Replicate 43'],['Both males and females 0 YEARS - 150 YEARS'],,
1755,WTMREP44,0 To 262043.77211,Range Of Values,['MEC Exam Weight Jack Knife Replicate 44'],['Both males and females 0 YEARS - 150 YEARS'],,
1756,WTMREP44,.,Missing,['MEC Exam Weight Jack Knife Replicate 44'],['Both males and females 0 YEARS - 150 YEARS'],,
1757,WTMREP45,0 To 257748.99083,Range Of Values,['MEC Exam Weight Jack Knife Replicate 45'],['Both males and females 0 YEARS - 150 YEARS'],,
1758,WTMREP45,.,Missing,['MEC Exam Weight Jack Knife Replicate 45'],['Both males and females 0 YEARS - 150 YEARS'],,
1759,WTMREP46,0 To 266060.30544,Range Of Values,['MEC Exam Weight Jack Knife Replicate 46'],['Both males and females 0 YEARS - 150 YEARS'],,
1760,WTMREP46,.,Missing,['MEC Exam Weight Jack Knife Replicate 46'],['Both males and females 0 YEARS - 150 YEARS'],,
1761,WTMREP47,0 To 252840.3993,Range Of Values,['MEC Exam Weight Jack Knife Replicate 47'],['Both males and females 0 YEARS - 150 YEARS'],,
1762,WTMREP47,.,Missing,['MEC Exam Weight Jack Knife Replicate 47'],['Both males and females 0 YEARS - 150 YEARS'],,
1763,WTMREP48,0 To 261674.57726,Range Of Values,['MEC Exam Weight Jack Knife Replicate 48'],['Both males and females 0 YEARS - 150 YEARS'],,
1764,WTMREP48,.,Missing,['MEC Exam Weight Jack Knife Replicate 48'],['Both males and females 0 YEARS - 150 YEARS'],,
1765,WTMREP49,0 To 261134.18335,Range Of Values,['MEC Exam Weight Jack Knife Replicate 49'],['Both males and females 0 YEARS - 150 YEARS'],,
1766,WTMREP49,.,Missing,['MEC Exam Weight Jack Knife Replicate 49'],['Both males and females 0 YEARS - 150 YEARS'],,
1767,WTMREP50,0 To 261980.54185,Range Of Values,['MEC Exam Weight Jack Knife Replicate 50'],['Both males and females 0 YEARS - 150 YEARS'],,
1768,WTMREP50,.,Missing,['MEC Exam Weight Jack Knife Replicate 50'],['Both males and females 0 YEARS - 150 YEARS'],,
1769,WTMREP51,0 To 259613.17584,Range Of Values,['MEC Exam Weight Jack Knife Replicate 51'],['Both males and females 0 YEARS - 150 YEARS'],,
1770,WTMREP51,.,Missing,['MEC Exam Weight Jack Knife Replicate 51'],['Both males and females 0 YEARS - 150 YEARS'],,
1771,WTMREP52,0 To 260463.01834,Range Of Values,['MEC Exam Weight Jack Knife Replicate 52'],['Both males and females 0 YEARS - 150 YEARS'],,
1772,WTMREP52,.,Missing,['MEC Exam Weight Jack Knife Replicate 52'],['Both males and females 0 YEARS - 150 YEARS'],,
1773,WTIREP01,0 To 238420.85936,Range Of Values,['Interview Weight Jack Knife Replicate 01'],['Both males and females 0 YEARS - 150 YEARS'],,
1774,WTIREP01,.,Missing,['Interview Weight Jack Knife Replicate 01'],['Both males and females 0 YEARS - 150 YEARS'],,
1775,WTIREP02,0 To 237013.9879,Range Of Values,['Interview Weight Jack Knife Replicate 02'],['Both males and females 0 YEARS - 150 YEARS'],,
1776,WTIREP02,.,Missing,['Interview Weight Jack Knife Replicate 02'],['Both males and females 0 YEARS - 150 YEARS'],,
1777,WTIREP03,0 To 236865.01184,Range Of Values,['Interview Weight Jack Knife Replicate 03'],['Both males and females 0 YEARS - 150 YEARS'],,
1778,WTIREP03,.,Missing,['Interview Weight Jack Knife Replicate 03'],['Both males and females 0 YEARS - 150 YEARS'],,
1779,WTIREP04,0 To 237416.49771,Range Of Values,['Interview Weight Jack Knife Replicate 04'],['Both males and females 0 YEARS - 150 YEARS'],,
1780,WTIREP04,.,Missing,['Interview Weight Jack Knife Replicate 04'],['Both males and females 0 YEARS - 150 YEARS'],,
1781,WTIREP05,0 To 237747.75605,Range Of Values,['Interview Weight Jack Knife Replicate 05'],['Both males and females 0 YEARS - 150 YEARS'],,
1782,WTIREP05,.,Missing,['Interview Weight Jack Knife Replicate 05'],['Both males and females 0 YEARS - 150 YEARS'],,
1783,WTIREP06,0 To 238188.48458,Range Of Values,['Interview Weight Jack Knife Replicate 06'],['Both males and females 0 YEARS - 150 YEARS'],,
1784,WTIREP06,.,Missing,['Interview Weight Jack Knife Replicate 06'],['Both males and females 0 YEARS - 150 YEARS'],,
1785,WTIREP07,0 To 235374.89521,Range Of Values,['Interview Weight Jack Knife Replicate 07'],['Both males and females 0 YEARS - 150 YEARS'],,
1786,WTIREP07,.,Missing,['Interview Weight Jack Knife Replicate 07'],['Both males and females 0 YEARS - 150 YEARS'],,
1787,WTIREP08,0 To 237535.86045,Range Of Values,['Interview Weight Jack Knife Replicate 08'],['Both males and females 0 YEARS - 150 YEARS'],,
1788,WTIREP08,.,Missing,['Interview Weight Jack Knife Replicate 08'],['Both males and females 0 YEARS - 150 YEARS'],,
1789,WTIREP09,0 To 238836.16707,Range Of Values,['Interview Weight Jack Knife Replicate 09'],['Both males and females 0 YEARS - 150 YEARS'],,
1790,WTIREP09,.,Missing,['Interview Weight Jack Knife Replicate 09'],['Both males and females 0 YEARS - 150 YEARS'],,
1791,WTIREP10,0 To 240731.79741,Range Of Values,['Interview Weight Jack Knife Replicate 10'],['Both males and females 0 YEARS - 150 YEARS'],,
1792,WTIREP10,.,Missing,['Interview Weight Jack Knife Replicate 10'],['Both males and females 0 YEARS - 150 YEARS'],,
1793,WTIREP11,0 To 240439.93322,Range Of Values,['Interview Weight Jack Knife Replicate 11'],['Both males and females 0 YEARS - 150 YEARS'],,
1794,WTIREP11,.,Missing,['Interview Weight Jack Knife Replicate 11'],['Both males and females 0 YEARS - 150 YEARS'],,
1795,WTIREP12,0 To 237833.53131,Range Of Values,['Interview Weight Jack Knife Replicate 12'],['Both males and females 0 YEARS - 150 YEARS'],,
1796,WTIREP12,.,Missing,['Interview Weight Jack Knife Replicate 12'],['Both males and females 0 YEARS - 150 YEARS'],,
1797,WTIREP13,0 To 236237.26884,Range Of Values,['Interview Weight Jack Knife Replicate 13'],['Both males and females 0 YEARS - 150 YEARS'],,
1798,WTIREP13,.,Missing,['Interview Weight Jack Knife Replicate 13'],['Both males and females 0 YEARS - 150 YEARS'],,
1799,WTIREP14,0 To 242715.02986,Range Of Values,['Interview Weight Jack Knife Replicate 14'],['Both males and females 0 YEARS - 150 YEARS'],,
1800,WTIREP14,.,Missing,['Interview Weight Jack Knife Replicate 14'],['Both males and females 0 YEARS - 150 YEARS'],,
1801,WTIREP15,0 To 241151.11465,Range Of Values,['Interview Weight Jack Knife Replicate 15'],['Both males and females 0 YEARS - 150 YEARS'],,
1802,WTIREP15,.,Missing,['Interview Weight Jack Knife Replicate 15'],['Both males and females 0 YEARS - 150 YEARS'],,
1803,WTIREP16,0 To 241051.95876,Range Of Values,['Interview Weight Jack Knife Replicate 16'],['Both males and females 0 YEARS - 150 YEARS'],,
1804,WTIREP16,.,Missing,['Interview Weight Jack Knife Replicate 16'],['Both males and females 0 YEARS - 150 YEARS'],,
1805,WTIREP17,0 To 237292.10154,Range Of Values,['Interview Weight Jack Knife Replicate 17'],['Both males and females 0 YEARS - 150 YEARS'],,
1806,WTIREP17,.,Missing,['Interview Weight Jack Knife Replicate 17'],['Both males and females 0 YEARS - 150 YEARS'],,
1807,WTIREP18,0 To 237121.73258,Range Of Values,['Interview Weight Jack Knife Replicate 18'],['Both males and females 0 YEARS - 150 YEARS'],,
1808,WTIREP18,.,Missing,['Interview Weight Jack Knife Replicate 18'],['Both males and females 0 YEARS - 150 YEARS'],,
1809,WTIREP19,0 To 240662.67747,Range Of Values,['Interview Weight Jack Knife Replicate 19'],['Both males and females 0 YEARS - 150 YEARS'],,
1810,WTIREP19,.,Missing,['Interview Weight Jack Knife Replicate 19'],['Both males and females 0 YEARS - 150 YEARS'],,
1811,WTIREP20,0 To 237367.40897,Range Of Values,['Interview Weight Jack Knife Replicate 20'],['Both males and females 0 YEARS - 150 YEARS'],,
1812,WTIREP20,.,Missing,['Interview Weight Jack Knife Replicate 20'],['Both males and females 0 YEARS - 150 YEARS'],,
1813,WTIREP21,0 To 238551.11865,Range Of Values,['Interview Weight Jack Knife Replicate 21'],['Both males and females 0 YEARS - 150 YEARS'],,
1814,WTIREP21,.,Missing,['Interview Weight Jack Knife Replicate 21'],['Both males and females 0 YEARS - 150 YEARS'],,
1815,WTIREP22,0 To 236978.52835,Range Of Values,['Interview Weight Jack Knife Replicate 22'],['Both males and females 0 YEARS - 150 YEARS'],,
1816,WTIREP22,.,Missing,['Interview Weight Jack Knife Replicate 22'],['Both males and females 0 YEARS - 150 YEARS'],,
1817,WTIREP23,0 To 237791.3281,Range Of Values,['Interview Weight Jack Knife Replicate 23'],['Both males and females 0 YEARS - 150 YEARS'],,
1818,WTIREP23,.,Missing,['Interview Weight Jack Knife Replicate 23'],['Both males and females 0 YEARS - 150 YEARS'],,
1819,WTIREP24,0 To 238519.14532,Range Of Values,['Interview Weight Jack Knife Replicate 24'],['Both males and females 0 YEARS - 150 YEARS'],,
1820,WTIREP24,.,Missing,['Interview Weight Jack Knife Replicate 24'],['Both males and females 0 YEARS - 150 YEARS'],,
1821,WTIREP25,0 To 236876.34057,Range Of Values,['Interview Weight Jack Knife Replicate 25'],['Both males and females 0 YEARS - 150 YEARS'],,
1822,WTIREP25,.,Missing,['Interview Weight Jack Knife Replicate 25'],['Both males and females 0 YEARS - 150 YEARS'],,
1823,WTIREP26,0 To 237924.50944,Range Of Values,['Interview Weight Jack Knife Replicate 26'],['Both males and females 0 YEARS - 150 YEARS'],,
1824,WTIREP26,.,Missing,['Interview Weight Jack Knife Replicate 26'],['Both males and females 0 YEARS - 150 YEARS'],,
1825,WTIREP27,0 To 238878.16902,Range Of Values,['Interview Weight Jack Knife Replicate 27'],['Both males and females 0 YEARS - 150 YEARS'],,
1826,WTIREP27,.,Missing,['Interview Weight Jack Knife Replicate 27'],['Both males and females 0 YEARS - 150 YEARS'],,
1827,WTIREP28,0 To 241459.37563,Range Of Values,['Interview Weight Jack Knife Replicate 28'],['Both males and females 0 YEARS - 150 YEARS'],,
1828,WTIREP28,.,Missing,['Interview Weight Jack Knife Replicate 28'],['Both males and females 0 YEARS - 150 YEARS'],,
1829,WTIREP29,0 To 237716.20458,Range Of Values,['Interview Weight Jack Knife Replicate 29'],['Both males and females 0 YEARS - 150 YEARS'],,
1830,WTIREP29,.,Missing,['Interview Weight Jack Knife Replicate 29'],['Both males and females 0 YEARS - 150 YEARS'],,
1831,WTIREP30,0 To 238268.46066,Range Of Values,['Interview Weight Jack Knife Replicate 30'],['Both males and females 0 YEARS - 150 YEARS'],,
1832,WTIREP30,.,Missing,['Interview Weight Jack Knife Replicate 30'],['Both males and females 0 YEARS - 150 YEARS'],,
1833,WTIREP31,0 To 238064.69158,Range Of Values,['Interview Weight Jack Knife Replicate 31'],['Both males and females 0 YEARS - 150 YEARS'],,
1834,WTIREP31,.,Missing,['Interview Weight Jack Knife Replicate 31'],['Both males and females 0 YEARS - 150 YEARS'],,
1835,WTIREP32,0 To 232851.32047,Range Of Values,['Interview Weight Jack Knife Replicate 32'],['Both males and females 0 YEARS - 150 YEARS'],,
1836,WTIREP32,.,Missing,['Interview Weight Jack Knife Replicate 32'],['Both males and females 0 YEARS - 150 YEARS'],,
1837,WTIREP33,0 To 237122.57994,Range Of Values,['Interview Weight Jack Knife Replicate 33'],['Both males and females 0 YEARS - 150 YEARS'],,
1838,WTIREP33,.,Missing,['Interview Weight Jack Knife Replicate 33'],['Both males and females 0 YEARS - 150 YEARS'],,
1839,WTIREP34,0 To 237636.68862,Range Of Values,['Interview Weight Jack Knife Replicate 34'],['Both males and females 0 YEARS - 150 YEARS'],,
1840,WTIREP34,.,Missing,['Interview Weight Jack Knife Replicate 34'],['Both males and females 0 YEARS - 150 YEARS'],,
1841,WTIREP35,0 To 232641.61455,Range Of Values,['Interview Weight Jack Knife Replicate 35'],['Both males and females 0 YEARS - 150 YEARS'],,
1842,WTIREP35,.,Missing,['Interview Weight Jack Knife Replicate 35'],['Both males and females 0 YEARS - 150 YEARS'],,
1843,WTIREP36,0 To 238207.79281,Range Of Values,['Interview Weight Jack Knife Replicate 36'],['Both males and females 0 YEARS - 150 YEARS'],,
1844,WTIREP36,.,Missing,['Interview Weight Jack Knife Replicate 36'],['Both males and females 0 YEARS - 150 YEARS'],,
1845,WTIREP37,0 To 237794.97698,Range Of Values,['Interview Weight Jack Knife Replicate 37'],['Both males and females 0 YEARS - 150 YEARS'],,
1846,WTIREP37,.,Missing,['Interview Weight Jack Knife Replicate 37'],['Both males and females 0 YEARS - 150 YEARS'],,
1847,WTIREP38,0 To 241173.68942,Range Of Values,['Interview Weight Jack Knife Replicate 38'],['Both males and females 0 YEARS - 150 YEARS'],,
1848,WTIREP38,.,Missing,['Interview Weight Jack Knife Replicate 38'],['Both males and females 0 YEARS - 150 YEARS'],,
1849,WTIREP39,0 To 239060.10369,Range Of Values,['Interview Weight Jack Knife Replicate 39'],['Both males and females 0 YEARS - 150 YEARS'],,
1850,WTIREP39,.,Missing,['Interview Weight Jack Knife Replicate 39'],['Both males and females 0 YEARS - 150 YEARS'],,
1851,WTIREP40,0 To 237986.39808,Range Of Values,['Interview Weight Jack Knife Replicate 40'],['Both males and females 0 YEARS - 150 YEARS'],,
1852,WTIREP40,.,Missing,['Interview Weight Jack Knife Replicate 40'],['Both males and females 0 YEARS - 150 YEARS'],,
1853,WTIREP41,0 To 239760.23487,Range Of Values,['Interview Weight Jack Knife Replicate 41'],['Both males and females 0 YEARS - 150 YEARS'],,
1854,WTIREP41,.,Missing,['Interview Weight Jack Knife Replicate 41'],['Both males and females 0 YEARS - 150 YEARS'],,
1855,WTIREP42,0 To 239610.85071,Range Of Values,['Interview Weight Jack Knife Replicate 42'],['Both males and females 0 YEARS - 150 YEARS'],,
1856,WTIREP42,.,Missing,['Interview Weight Jack Knife Replicate 42'],['Both males and females 0 YEARS - 150 YEARS'],,
1857,WTIREP43,0 To 239320.707,Range Of Values,['Interview Weight Jack Knife Replicate 43'],['Both males and females 0 YEARS - 150 YEARS'],,
1858,WTIREP43,.,Missing,['Interview Weight Jack Knife Replicate 43'],['Both males and females 0 YEARS - 150 YEARS'],,
1859,WTIREP44,0 To 237571.75151,Range Of Values,['Interview Weight Jack Knife Replicate 44'],['Both males and females 0 YEARS - 150 YEARS'],,
1860,WTIREP44,.,Missing,['Interview Weight Jack Knife Replicate 44'],['Both males and females 0 YEARS - 150 YEARS'],,
1861,WTIREP45,0 To 235750.38147,Range Of Values,['Interview Weight Jack Knife Replicate 45'],['Both males and females 0 YEARS - 150 YEARS'],,
1862,WTIREP45,.,Missing,['Interview Weight Jack Knife Replicate 45'],['Both males and females 0 YEARS - 150 YEARS'],,
1863,WTIREP46,0 To 241834.3272,Range Of Values,['Interview Weight Jack Knife Replicate 46'],['Both males and females 0 YEARS - 150 YEARS'],,
1864,WTIREP46,.,Missing,['Interview Weight Jack Knife Replicate 46'],['Both males and females 0 YEARS - 150 YEARS'],,
1865,WTIREP47,0 To 232738.99202,Range Of Values,['Interview Weight Jack Knife Replicate 47'],['Both males and females 0 YEARS - 150 YEARS'],,
1866,WTIREP47,.,Missing,['Interview Weight Jack Knife Replicate 47'],['Both males and females 0 YEARS - 150 YEARS'],,
1867,WTIREP48,0 To 237147.54679,Range Of Values,['Interview Weight Jack Knife Replicate 48'],['Both males and females 0 YEARS - 150 YEARS'],,
1868,WTIREP48,.,Missing,['Interview Weight Jack Knife Replicate 48'],['Both males and females 0 YEARS - 150 YEARS'],,
1869,WTIREP49,0 To 237076.10369,Range Of Values,['Interview Weight Jack Knife Replicate 49'],['Both males and females 0 YEARS - 150 YEARS'],,
1870,WTIREP49,.,Missing,['Interview Weight Jack Knife Replicate 49'],['Both males and females 0 YEARS - 150 YEARS'],,
1871,WTIREP50,0 To 238360.24085,Range Of Values,['Interview Weight Jack Knife Replicate 50'],['Both males and females 0 YEARS - 150 YEARS'],,
1872,WTIREP50,.,Missing,['Interview Weight Jack Knife Replicate 50'],['Both males and females 0 YEARS - 150 YEARS'],,
1873,WTIREP51,0 To 236648.97986,Range Of Values,['Interview Weight Jack Knife Replicate 51'],['Both males and females 0 YEARS - 150 YEARS'],,
1874,WTIREP51,.,Missing,['Interview Weight Jack Knife Replicate 51'],['Both males and females 0 YEARS - 150 YEARS'],,
1875,WTIREP52,0 To 236964.16066,Range Of Values,['Interview Weight Jack Knife Replicate 52'],['Both males and females 0 YEARS - 150 YEARS'],,
1876,WTIREP52,.,Missing,['Interview Weight Jack Knife Replicate 52'],['Both males and females 0 YEARS - 150 YEARS'],,
1877,SIALANG,1,English,['Language of the Sample Person Interview Instrument'],['Both males and females 0 YEARS - 150 YEARS'],,
1878,SIALANG,2,Spanish,['Language of the Sample Person Interview Instrument'],['Both males and females 0 YEARS - 150 YEARS'],,
1879,SIALANG,.,Missing,['Language of the Sample Person Interview Instrument'],['Both males and females 0 YEARS - 150 YEARS'],,
1904,SIAPROXY,1,Yes,['Was a Proxy respondent used in conducting the Sample Person (SP) interview?'],['Both males and females 0 YEARS - 150 YEARS'],,
1905,SIAPROXY,2,No,['Was a Proxy respondent used in conducting the Sample Person (SP) interview?'],['Both males and females 0 YEARS - 150 YEARS'],,
1906,SIAPROXY,.,Missing,['Was a Proxy respondent used in conducting the Sample Person (SP) interview?'],['Both males and females 0 YEARS - 150 YEARS'],,
1931,SIAINTRP,1,Yes,['Was an interpreter used to conduct the Sample Person (SP) interview?'],['Both males and females 0 YEARS - 150 YEARS'],,
1932,SIAINTRP,2,No,['Was an interpreter used to conduct the Sample Person (SP) interview?'],['Both males and females 0 YEARS - 150 YEARS'],,
1933,SIAINTRP,.,Missing,['Was an interpreter used to conduct the Sample Person (SP) interview?'],['Both males and females 0 YEARS - 150 YEARS'],,
1958,FIALANG,1,English,['Language of the Family Interview Instrument'],['Both males and females 0 YEARS - 150 YEARS'],,
1959,FIALANG,2,Spanish,['Language of the Family Interview Instrument'],['Both males and females 0 YEARS - 150 YEARS'],,
1960,FIALANG,.,Missing,['Language of the Family Interview Instrument'],['Both males and females 0 YEARS - 150 YEARS'],,
1985,FIAPROXY,1,Yes,['Was a Proxy respondent used in conducting the Family Interview?'],['Both males and females 0 YEARS - 150 YEARS'],,
1986,FIAPROXY,2,No,['Was a Proxy respondent used in conducting the Family Interview?'],['Both males and females 0 YEARS - 150 YEARS'],,
1987,FIAPROXY,.,Missing,['Was a Proxy respondent used in conducting the Family Interview?'],['Both males and females 0 YEARS - 150 YEARS'],,
2012,FIAINTRP,1,Yes,['Was an interpreter used to conduct the Family interview?'],['Both males and females 0 YEARS - 150 YEARS'],,
2013,FIAINTRP,2,No,['Was an interpreter used to conduct the Family interview?'],['Both males and females 0 YEARS - 150 YEARS'],,
2014,FIAINTRP,.,Missing,['Was an interpreter used to conduct the Family interview?'],['Both males and females 0 YEARS - 150 YEARS'],,
2039,MIALANG,1,English,"['Language of the CAPI MEC Interview Instrument', 'Language of the MEC CAPI Interview Instrument']","['Both males and females 12 YEARS - 150 YEARS', 'Both males and females 0 YEARS - 150 YEARS', 'Both males and females 8 YEARS - 150 YEARS']",,
2040,MIALANG,2,Spanish,"['Language of the CAPI MEC Interview Instrument', 'Language of the MEC CAPI Interview Instrument']","['Both males and females 12 YEARS - 150 YEARS', 'Both males and females 0 YEARS - 150 YEARS', 'Both males and females 8 YEARS - 150 YEARS']",,
2041,MIALANG,.,Missing,"['Language of the CAPI MEC Interview Instrument', 'Language of the MEC CAPI Interview Instrument']","['Both males and females 12 YEARS - 150 YEARS', 'Both males and females 0 YEARS - 150 YEARS', 'Both males and females 8 YEARS - 150 YEARS']",,
2066,MIAPROXY,1,Yes,['Was a Proxy respondent used in conducting the MEC CAPI Interview?'],"['Both males and females 12 YEARS - 150 YEARS', 'Both males and females 0 YEARS - 150 YEARS', 'Both males and females 8 YEARS - 150 YEARS']",,
2067,MIAPROXY,2,No,['Was a Proxy respondent used in conducting the MEC CAPI Interview?'],"['Both males and females 12 YEARS - 150 YEARS', 'Both males and females 0 YEARS - 150 YEARS', 'Both males and females 8 YEARS - 150 YEARS']",,
2068,MIAPROXY,.,Missing,['Was a Proxy respondent used in conducting the MEC CAPI Interview?'],"['Both males and females 12 YEARS - 150 YEARS', 'Both males and females 0 YEARS - 150 YEARS', 'Both males and females 8 YEARS - 150 YEARS']",,
2093,MIAINTRP,1,Yes,['Was an interpreter used to conduct the MEC CAPI interview?'],"['Both males and females 12 YEARS - 150 YEARS', 'Both males and females 0 YEARS - 150 YEARS', 'Both males and females 8 YEARS - 150 YEARS']",,
2094,MIAINTRP,2,No,['Was an interpreter used to conduct the MEC CAPI interview?'],"['Both males and females 12 YEARS - 150 YEARS', 'Both males and females 0 YEARS - 150 YEARS', 'Both males and females 8 YEARS - 150 YEARS']",,
2095,MIAINTRP,.,Missing,['Was an interpreter used to conduct the MEC CAPI interview?'],"['Both males and females 12 YEARS - 150 YEARS', 'Both males and females 0 YEARS - 150 YEARS', 'Both males and females 8 YEARS - 150 YEARS']",,
2120,AIALANG,1,English,['Language of the MEC ACASI Interview Instrument'],"['Both males and females 12 YEARS - 59 YEARS', 'Both males and females 0 YEARS - 150 YEARS']",,
2121,AIALANG,2,Spanish,['Language of the MEC ACASI Interview Instrument'],"['Both males and females 12 YEARS - 59 YEARS', 'Both males and females 0 YEARS - 150 YEARS']",,
2122,AIALANG,.,Missing,['Language of the MEC ACASI Interview Instrument'],"['Both males and females 12 YEARS - 59 YEARS', 'Both males and females 0 YEARS - 150 YEARS']",,
2132,DMDFMSIZ,1 To 6,Range Of Values,['Total number of people in the Family'],['Both males and females 0 YEARS - 150 YEARS'],,
2133,DMDFMSIZ,7,7 Or More People In The Family,['Total number of people in the Family'],['Both males and females 0 YEARS - 150 YEARS'],,
2134,DMDFMSIZ,.,Missing,['Total number of people in the Family'],['Both males and females 0 YEARS - 150 YEARS'],,
2144,DMDFMSIZ,1,1,['Total number of people in the Family'],['Both males and females 0 YEARS - 150 YEARS'],,
2145,DMDFMSIZ,2,2,['Total number of people in the Family'],['Both males and females 0 YEARS - 150 YEARS'],,
2146,DMDFMSIZ,3,3,['Total number of people in the Family'],['Both males and females 0 YEARS - 150 YEARS'],,
2147,DMDFMSIZ,4,4,['Total number of people in the Family'],['Both males and females 0 YEARS - 150 YEARS'],,
2148,DMDFMSIZ,5,5,['Total number of people in the Family'],['Both males and females 0 YEARS - 150 YEARS'],,
2149,DMDFMSIZ,6,6,['Total number of people in the Family'],['Both males and females 0 YEARS - 150 YEARS'],,
2168,DMDBORN2,1,"Born In 50 Us States Or Washington, Dc",['In what country {were you/was SP} born?'],['Both males and females 0 YEARS - 150 YEARS'],,
2169,DMDBORN2,2,Born In Mexico,['In what country {were you/was SP} born?'],['Both males and females 0 YEARS - 150 YEARS'],,
2170,DMDBORN2,4,Born In Other Spanish Speaking Country,['In what country {were you/was SP} born?'],['Both males and females 0 YEARS - 150 YEARS'],,
2171,DMDBORN2,5,Born In Other Non-Spanish Speaking Country,['In what country {were you/was SP} born?'],['Both males and females 0 YEARS - 150 YEARS'],,
2172,DMDBORN2,7,Refused,['In what country {were you/was SP} born?'],['Both males and females 0 YEARS - 150 YEARS'],,
2173,DMDBORN2,9,Don'T Know,['In what country {were you/was SP} born?'],['Both males and females 0 YEARS - 150 YEARS'],,
2174,DMDBORN2,.,Missing,['In what country {were you/was SP} born?'],['Both males and females 0 YEARS - 150 YEARS'],,
2182,INDHHIN2,1,"$     0 To $ 4,999",['Total household income (reported as a range value in dollars)'],['Both males and females 0 YEARS - 150 YEARS'],,
2183,INDHHIN2,2,"$ 5,000 To $ 9,999",['Total household income (reported as a range value in dollars)'],['Both males and females 0 YEARS - 150 YEARS'],,
2184,INDHHIN2,3,"$10,000 To $14,999",['Total household income (reported as a range value in dollars)'],['Both males and females 0 YEARS - 150 YEARS'],,
2185,INDHHIN2,4,"$15,000 To $19,999",['Total household income (reported as a range value in dollars)'],['Both males and females 0 YEARS - 150 YEARS'],,
2186,INDHHIN2,5,"$20,000 To $24,999",['Total household income (reported as a range value in dollars)'],['Both males and females 0 YEARS - 150 YEARS'],,
2187,INDHHIN2,6,"$25,000 To $34,999",['Total household income (reported as a range value in dollars)'],['Both males and females 0 YEARS - 150 YEARS'],,
2188,INDHHIN2,7,"$35,000 To $44,999",['Total household income (reported as a range value in dollars)'],['Both males and females 0 YEARS - 150 YEARS'],,
2189,INDHHIN2,8,"$45,000 To $54,999",['Total household income (reported as a range value in dollars)'],['Both males and females 0 YEARS - 150 YEARS'],,
2190,INDHHIN2,9,"$55,000 To $64,999",['Total household income (reported as a range value in dollars)'],['Both males and females 0 YEARS - 150 YEARS'],,
2191,INDHHIN2,10,"$65,000 To $74,999",['Total household income (reported as a range value in dollars)'],['Both males and females 0 YEARS - 150 YEARS'],,
2192,INDHHIN2,12,"Over $20,000",['Total household income (reported as a range value in dollars)'],['Both males and females 0 YEARS - 150 YEARS'],,
2193,INDHHIN2,13,"Under $20,000",['Total household income (reported as a range value in dollars)'],['Both males and females 0 YEARS - 150 YEARS'],,
2194,INDHHIN2,14,"$75,000 To $99,999",['Total household income (reported as a range value in dollars)'],['Both males and females 0 YEARS - 150 YEARS'],,
2195,INDHHIN2,15,"$100,000 And Over",['Total household income (reported as a range value in dollars)'],['Both males and females 0 YEARS - 150 YEARS'],,
2196,INDHHIN2,77,Refused,['Total household income (reported as a range value in dollars)'],['Both males and females 0 YEARS - 150 YEARS'],,
2197,INDHHIN2,99,Don'T Know,['Total household income (reported as a range value in dollars)'],['Both males and females 0 YEARS - 150 YEARS'],,
2198,INDHHIN2,.,Missing,['Total household income (reported as a range value in dollars)'],['Both males and females 0 YEARS - 150 YEARS'],,
2216,INDHHIN2,1,"$ 0 To $ 4,999",['Total household income (reported as a range value in dollars)'],['Both males and females 0 YEARS - 150 YEARS'],,
2226,INDHHIN2,12,"$20,000 And Over",['Total household income (reported as a range value in dollars)'],['Both males and females 0 YEARS - 150 YEARS'],,
2284,INDFMIN2,1,"$     0 To $ 4,999",['Total family income (reported as a range value in dollars)'],['Both males and females 0 YEARS - 150 YEARS'],,
2285,INDFMIN2,2,"$ 5,000 To $ 9,999",['Total family income (reported as a range value in dollars)'],['Both males and females 0 YEARS - 150 YEARS'],,
2286,INDFMIN2,3,"$10,000 To $14,999",['Total family income (reported as a range value in dollars)'],['Both males and females 0 YEARS - 150 YEARS'],,
2287,INDFMIN2,4,"$15,000 To $19,999",['Total family income (reported as a range value in dollars)'],['Both males and females 0 YEARS - 150 YEARS'],,
2288,INDFMIN2,5,"$20,000 To $24,999",['Total family income (reported as a range value in dollars)'],['Both males and females 0 YEARS - 150 YEARS'],,
2289,INDFMIN2,6,"$25,000 To $34,999",['Total family income (reported as a range value in dollars)'],['Both males and females 0 YEARS - 150 YEARS'],,
2290,INDFMIN2,7,"$35,000 To $44,999",['Total family income (reported as a range value in dollars)'],['Both males and females 0 YEARS - 150 YEARS'],,
2291,INDFMIN2,8,"$45,000 To $54,999",['Total family income (reported as a range value in dollars)'],['Both males and females 0 YEARS - 150 YEARS'],,
2292,INDFMIN2,9,"$55,000 To $64,999",['Total family income (reported as a range value in dollars)'],['Both males and females 0 YEARS - 150 YEARS'],,
2293,INDFMIN2,10,"$65,000 To $74,999",['Total family income (reported as a range value in dollars)'],['Both males and females 0 YEARS - 150 YEARS'],,
2294,INDFMIN2,12,"Over $20,000",['Total family income (reported as a range value in dollars)'],['Both males and females 0 YEARS - 150 YEARS'],,
2295,INDFMIN2,13,"Under $20,000",['Total family income (reported as a range value in dollars)'],['Both males and females 0 YEARS - 150 YEARS'],,
2296,INDFMIN2,14,"$75,000 To $99,999",['Total family income (reported as a range value in dollars)'],['Both males and females 0 YEARS - 150 YEARS'],,
2297,INDFMIN2,15,"$100,000 And Over",['Total family income (reported as a range value in dollars)'],['Both males and females 0 YEARS - 150 YEARS'],,
2298,INDFMIN2,77,Refused,['Total family income (reported as a range value in dollars)'],['Both males and females 0 YEARS - 150 YEARS'],,
2299,INDFMIN2,99,Don'T Know,['Total family income (reported as a range value in dollars)'],['Both males and females 0 YEARS - 150 YEARS'],,
2300,INDFMIN2,.,Missing,['Total family income (reported as a range value in dollars)'],['Both males and females 0 YEARS - 150 YEARS'],,
2318,INDFMIN2,1,"$ 0 To $ 4,999",['Total family income (reported as a range value in dollars)'],['Both males and females 0 YEARS - 150 YEARS'],,
2328,INDFMIN2,12,"$20,000 And Over",['Total family income (reported as a range value in dollars)'],['Both males and females 0 YEARS - 150 YEARS'],,
2386,DMDHRBR2,1,"Born In 50 Us States Or Washington, Dc",['In what country {were you/was NON-SP Head} born?'],['Both males and females 0 YEARS - 150 YEARS'],,
2387,DMDHRBR2,2,Born In Mexico,['In what country {were you/was NON-SP Head} born?'],['Both males and females 0 YEARS - 150 YEARS'],,
2388,DMDHRBR2,4,Born In Other Spanish Speaking Country,['In what country {were you/was NON-SP Head} born?'],['Both males and females 0 YEARS - 150 YEARS'],,
2389,DMDHRBR2,5,Born In Other Non-Spanish Speaking Country,['In what country {were you/was NON-SP Head} born?'],['Both males and females 0 YEARS - 150 YEARS'],,
2390,DMDHRBR2,7,Refused,['In what country {were you/was NON-SP Head} born?'],['Both males and females 0 YEARS - 150 YEARS'],,
2391,DMDHRBR2,9,Don'T Know,['In what country {were you/was NON-SP Head} born?'],['Both males and females 0 YEARS - 150 YEARS'],,
2392,DMDHRBR2,.,Missing,['In what country {were you/was NON-SP Head} born?'],['Both males and females 0 YEARS - 150 YEARS'],,
2400,RIDRETH3,1,Mexican American,['Recode of reported race and Hispanic origin information with Non-Hispanic Asian Category'],['Both males and females 0 YEARS - 150 YEARS'],,
2401,RIDRETH3,2,Other Hispanic,['Recode of reported race and Hispanic origin information with Non-Hispanic Asian Category'],['Both males and females 0 YEARS - 150 YEARS'],,
2402,RIDRETH3,3,Non-Hispanic White,['Recode of reported race and Hispanic origin information with Non-Hispanic Asian Category'],['Both males and females 0 YEARS - 150 YEARS'],,
2403,RIDRETH3,4,Non-Hispanic Black,['Recode of reported race and Hispanic origin information with Non-Hispanic Asian Category'],['Both males and females 0 YEARS - 150 YEARS'],,
2404,RIDRETH3,6,Non-Hispanic Asian,['Recode of reported race and Hispanic origin information with Non-Hispanic Asian Category'],['Both males and females 0 YEARS - 150 YEARS'],,
2405,RIDRETH3,7,Other Race - Including Multi-Racial,['Recode of reported race and Hispanic origin information with Non-Hispanic Asian Category'],['Both males and females 0 YEARS - 150 YEARS'],,
2406,RIDRETH3,.,Missing,['Recode of reported race and Hispanic origin information with Non-Hispanic Asian Category'],['Both males and females 0 YEARS - 150 YEARS'],,
2442,RIDEXAGY,2 To 20,Range Of Values,['Age in years of the participant at the time of examination. Reported for persons aged 2-19 years at the time of screening.'],['Both males and females 2 YEARS - 19 YEARS'],,
2443,RIDEXAGY,.,Missing,['Age in years of the participant at the time of examination. Reported for persons aged 2-19 years at the time of screening.'],['Both males and females 2 YEARS - 19 YEARS'],,
2444,RIDEXAGM,0 To 239,Range Of Values,['Age in months of the participant at the time of examination. Reported for persons aged 19 years or younger at the time of examination.'],['Both males and females 0 YEARS - 19 YEARS'],,
2445,RIDEXAGM,.,Missing,['Age in months of the participant at the time of examination. Reported for persons aged 19 years or younger at the time of examination.'],['Both males and females 0 YEARS - 19 YEARS'],,
2454,DMQMILIZ,1,Yes,['{Have you/Has SP} ever served on active duty in the U.S. Armed Forces military Reserves or National Guard? (Active duty does not include training for the Reserves or National Guard but does include activation for service in the U.S. or in a foreign country in support of military or humanitarian operations.)'],['Both males and females 17 YEARS - 150 YEARS'],,
2455,DMQMILIZ,2,No,['{Have you/Has SP} ever served on active duty in the U.S. Armed Forces military Reserves or National Guard? (Active duty does not include training for the Reserves or National Guard but does include activation for service in the U.S. or in a foreign country in support of military or humanitarian operations.)'],['Both males and females 17 YEARS - 150 YEARS'],,
2456,DMQMILIZ,7,Refused,['{Have you/Has SP} ever served on active duty in the U.S. Armed Forces military Reserves or National Guard? (Active duty does not include training for the Reserves or National Guard but does include activation for service in the U.S. or in a foreign country in support of military or humanitarian operations.)'],['Both males and females 17 YEARS - 150 YEARS'],,
2457,DMQMILIZ,9,Don'T Know,['{Have you/Has SP} ever served on active duty in the U.S. Armed Forces military Reserves or National Guard? (Active duty does not include training for the Reserves or National Guard but does include activation for service in the U.S. or in a foreign country in support of military or humanitarian operations.)'],['Both males and females 17 YEARS - 150 YEARS'],,
2458,DMQMILIZ,.,Missing,['{Have you/Has SP} ever served on active duty in the U.S. Armed Forces military Reserves or National Guard? (Active duty does not include training for the Reserves or National Guard but does include activation for service in the U.S. or in a foreign country in support of military or humanitarian operations.)'],['Both males and females 17 YEARS - 150 YEARS'],,
2479,DMQADFC,1,Yes,['Did {you/SP} ever serve in a foreign country during a time of armed conflict or on a humanitarian or peace-keeping mission? (This would include National Guard or reserve or active duty monitoring or conducting peace keeping operations in Bosnia and Kosovo in the Sinai between Egypt and Israel or in response to the 2004 tsunami or Haiti in 2010.)'],['Both males and females 17 YEARS - 150 YEARS'],,
2480,DMQADFC,2,No,['Did {you/SP} ever serve in a foreign country during a time of armed conflict or on a humanitarian or peace-keeping mission? (This would include National Guard or reserve or active duty monitoring or conducting peace keeping operations in Bosnia and Kosovo in the Sinai between Egypt and Israel or in response to the 2004 tsunami or Haiti in 2010.)'],['Both males and females 17 YEARS - 150 YEARS'],,
2481,DMQADFC,7,Refused,['Did {you/SP} ever serve in a foreign country during a time of armed conflict or on a humanitarian or peace-keeping mission? (This would include National Guard or reserve or active duty monitoring or conducting peace keeping operations in Bosnia and Kosovo in the Sinai between Egypt and Israel or in response to the 2004 tsunami or Haiti in 2010.)'],['Both males and females 17 YEARS - 150 YEARS'],,
2482,DMQADFC,9,Don'T Know,['Did {you/SP} ever serve in a foreign country during a time of armed conflict or on a humanitarian or peace-keeping mission? (This would include National Guard or reserve or active duty monitoring or conducting peace keeping operations in Bosnia and Kosovo in the Sinai between Egypt and Israel or in response to the 2004 tsunami or Haiti in 2010.)'],['Both males and females 17 YEARS - 150 YEARS'],,
2483,DMQADFC,.,Missing,['Did {you/SP} ever serve in a foreign country during a time of armed conflict or on a humanitarian or peace-keeping mission? (This would include National Guard or reserve or active duty monitoring or conducting peace keeping operations in Bosnia and Kosovo in the Sinai between Egypt and Israel or in response to the 2004 tsunami or Haiti in 2010.)'],['Both males and females 17 YEARS - 150 YEARS'],,
2499,DMDBORN4,1,"Born In 50 Us States Or Washington, Dc","['In what country {were you/was SP} born?', 'Country of birth']",['Both males and females 0 YEARS - 150 YEARS'],,
2500,DMDBORN4,2,Others,"['In what country {were you/was SP} born?', 'Country of birth']",['Both males and females 0 YEARS - 150 YEARS'],,
2501,DMDBORN4,77,Refused,"['In what country {were you/was SP} born?', 'Country of birth']",['Both males and females 0 YEARS - 150 YEARS'],,
2502,DMDBORN4,99,Don'T Know,"['In what country {were you/was SP} born?', 'Country of birth']",['Both males and females 0 YEARS - 150 YEARS'],,
2503,DMDBORN4,.,Missing,"['In what country {were you/was SP} born?', 'Country of birth']",['Both males and females 0 YEARS - 150 YEARS'],,
2524,DMDBORN4,1,"Born In 50 Us States Or Washington,","['In what country {were you/was SP} born?', 'Country of birth']",['Both males and females 0 YEARS - 150 YEARS'],,
2529,AIALANGA,1,English,['Language of the MEC ACASI Interview Instrument'],"['Both males and females 0 YEARS - 150 YEARS', 'Both males and females 8 YEARS - 69 YEARS']",,
2530,AIALANGA,2,Spanish,['Language of the MEC ACASI Interview Instrument'],"['Both males and females 0 YEARS - 150 YEARS', 'Both males and females 8 YEARS - 69 YEARS']",,
2531,AIALANGA,3,Asian Languages,['Language of the MEC ACASI Interview Instrument'],"['Both males and females 0 YEARS - 150 YEARS', 'Both males and females 8 YEARS - 69 YEARS']",,
2532,AIALANGA,.,Missing,['Language of the MEC ACASI Interview Instrument'],"['Both males and females 0 YEARS - 150 YEARS', 'Both males and females 8 YEARS - 69 YEARS']",,
2549,DMDHHSZA,0 To 2,Range Of Values,['Number of children aged 5 years or younger in the household'],['Both males and females 0 YEARS - 150 YEARS'],,
2550,DMDHHSZA,3,3 Or More,['Number of children aged 5 years or younger in the household'],['Both males and females 0 YEARS - 150 YEARS'],,
2551,DMDHHSZA,.,Missing,['Number of children aged 5 years or younger in the household'],['Both males and females 0 YEARS - 150 YEARS'],,
2552,DMDHHSZA,0,0,['Number of children aged 5 years or younger in the household'],['Both males and females 0 YEARS - 150 YEARS'],,
2553,DMDHHSZA,1,1,['Number of children aged 5 years or younger in the household'],['Both males and females 0 YEARS - 150 YEARS'],,
2554,DMDHHSZA,2,2,['Number of children aged 5 years or younger in the household'],['Both males and females 0 YEARS - 150 YEARS'],,
2567,DMDHHSZB,0 To 3,Range Of Values,['Number of children aged 6-17 years old in the household'],['Both males and females 0 YEARS - 150 YEARS'],,
2568,DMDHHSZB,4,4 Or More,['Number of children aged 6-17 years old in the household'],['Both males and females 0 YEARS - 150 YEARS'],,
2569,DMDHHSZB,.,Missing,['Number of children aged 6-17 years old in the household'],['Both males and females 0 YEARS - 150 YEARS'],,
2570,DMDHHSZB,0,0,['Number of children aged 6-17 years old in the household'],['Both males and females 0 YEARS - 150 YEARS'],,
2571,DMDHHSZB,1,1,['Number of children aged 6-17 years old in the household'],['Both males and females 0 YEARS - 150 YEARS'],,
2572,DMDHHSZB,2,2,['Number of children aged 6-17 years old in the household'],['Both males and females 0 YEARS - 150 YEARS'],,
2573,DMDHHSZB,3,3,['Number of children aged 6-17 years old in the household'],['Both males and females 0 YEARS - 150 YEARS'],,
2585,DMDHHSZB,3,3 Or More,['Number of children aged 6-17 years old in the household'],['Both males and females 0 YEARS - 150 YEARS'],,
2587,DMDHHSZE,0 To 2,Range Of Values,['Number of adults aged 60 years or older in the household'],['Both males and females 0 YEARS - 150 YEARS'],,
2588,DMDHHSZE,3,3 Or More,['Number of adults aged 60 years or older in the household'],['Both males and females 0 YEARS - 150 YEARS'],,
2589,DMDHHSZE,.,Missing,['Number of adults aged 60 years or older in the household'],['Both males and females 0 YEARS - 150 YEARS'],,
2590,DMDHHSZE,0,0,['Number of adults aged 60 years or older in the household'],['Both males and females 0 YEARS - 150 YEARS'],,
2591,DMDHHSZE,1,1,['Number of adults aged 60 years or older in the household'],['Both males and females 0 YEARS - 150 YEARS'],,
2592,DMDHHSZE,2,2,['Number of adults aged 60 years or older in the household'],['Both males and females 0 YEARS - 150 YEARS'],,
2605,DMDHRBR4,1,"Born In 50 Us States Or Washington, Dc",['HH reference persons country of birth'],['Both males and females 0 YEARS - 150 YEARS'],,
2606,DMDHRBR4,2,Others,['HH reference persons country of birth'],['Both males and females 0 YEARS - 150 YEARS'],,
2607,DMDHRBR4,77,Refused,['HH reference persons country of birth'],['Both males and females 0 YEARS - 150 YEARS'],,
2608,DMDHRBR4,99,Don'T Know,['HH reference persons country of birth'],['Both males and females 0 YEARS - 150 YEARS'],,
2609,DMDHRBR4,.,Missing,['HH reference persons country of birth'],['Both males and females 0 YEARS - 150 YEARS'],,
2620,DMDHRAGZ,1,<20 Years,"['HH reference persons age in years', 'HH ref person’s age in years']","['Both males and females 0 YEARS - 150 YEARS', 'Both males and females 0 YEARS - 19 YEARS']",,
2621,DMDHRAGZ,2,20-39 Years,"['HH reference persons age in years', 'HH ref person’s age in years']","['Both males and females 0 YEARS - 150 YEARS', 'Both males and females 0 YEARS - 19 YEARS']",,
2622,DMDHRAGZ,3,40-59 Years,"['HH reference persons age in years', 'HH ref person’s age in years']","['Both males and females 0 YEARS - 150 YEARS', 'Both males and females 0 YEARS - 19 YEARS']",,
2623,DMDHRAGZ,4,60+ Years,"['HH reference persons age in years', 'HH ref person’s age in years']","['Both males and females 0 YEARS - 150 YEARS', 'Both males and females 0 YEARS - 19 YEARS']",,
2624,DMDHRAGZ,.,Missing,"['HH reference persons age in years', 'HH ref person’s age in years']","['Both males and females 0 YEARS - 150 YEARS', 'Both males and females 0 YEARS - 19 YEARS']",,
2630,DMDHREDZ,1,Less Than High School Degree,"['HH reference persons education level', 'HH ref person’s education level']","['Both males and females 0 YEARS - 150 YEARS', 'Both males and females 0 YEARS - 19 YEARS']",,
2631,DMDHREDZ,2,High School Grad/Ged Or Some College/Aa Degree,"['HH reference persons education level', 'HH ref person’s education level']","['Both males and females 0 YEARS - 150 YEARS', 'Both males and females 0 YEARS - 19 YEARS']",,
2632,DMDHREDZ,3,College Graduate Or Above,"['HH reference persons education level', 'HH ref person’s education level']","['Both males and females 0 YEARS - 150 YEARS', 'Both males and females 0 YEARS - 19 YEARS']",,
2633,DMDHREDZ,7,Refused,"['HH reference persons education level', 'HH ref person’s education level']","['Both males and females 0 YEARS - 150 YEARS', 'Both males and females 0 YEARS - 19 YEARS']",,
2634,DMDHREDZ,9,Don'T Know,"['HH reference persons education level', 'HH ref person’s education level']","['Both males and females 0 YEARS - 150 YEARS', 'Both males and females 0 YEARS - 19 YEARS']",,
2635,DMDHREDZ,.,Missing,"['HH reference persons education level', 'HH ref person’s education level']","['Both males and females 0 YEARS - 150 YEARS', 'Both males and females 0 YEARS - 19 YEARS']",,
2640,DMDHRMAZ,1,Married/Living With Partner,"['HH reference persons marital status', 'HH ref person’s marital status']","['Both males and females 0 YEARS - 150 YEARS', 'Both males and females 0 YEARS - 19 YEARS']",,
2641,DMDHRMAZ,2,Widowed/Divorced/Separated,"['HH reference persons marital status', 'HH ref person’s marital status']","['Both males and females 0 YEARS - 150 YEARS', 'Both males and females 0 YEARS - 19 YEARS']",,
2642,DMDHRMAZ,3,Never Married,"['HH reference persons marital status', 'HH ref person’s marital status']","['Both males and females 0 YEARS - 150 YEARS', 'Both males and females 0 YEARS - 19 YEARS']",,
2643,DMDHRMAZ,77,Refused,"['HH reference persons marital status', 'HH ref person’s marital status']","['Both males and females 0 YEARS - 150 YEARS', 'Both males and females 0 YEARS - 19 YEARS']",,
2644,DMDHRMAZ,99,Don'T Know,"['HH reference persons marital status', 'HH ref person’s marital status']","['Both males and females 0 YEARS - 150 YEARS', 'Both males and females 0 YEARS - 19 YEARS']",,
2645,DMDHRMAZ,.,Missing,"['HH reference persons marital status', 'HH ref person’s marital status']","['Both males and females 0 YEARS - 150 YEARS', 'Both males and females 0 YEARS - 19 YEARS']",,
2650,DMDHSEDZ,1,Less Than High School Degree,"['HH reference persons spouses education level', 'HH ref person’s spouse’s education level']","['Both males and females 0 YEARS - 150 YEARS', 'Both males and females 0 YEARS - 19 YEARS']",,
2651,DMDHSEDZ,2,High School Grad/Ged Or Some College/Aa Degree,"['HH reference persons spouses education level', 'HH ref person’s spouse’s education level']","['Both males and females 0 YEARS - 150 YEARS', 'Both males and females 0 YEARS - 19 YEARS']",,
2652,DMDHSEDZ,3,College Graduate Or Above,"['HH reference persons spouses education level', 'HH ref person’s spouse’s education level']","['Both males and females 0 YEARS - 150 YEARS', 'Both males and females 0 YEARS - 19 YEARS']",,
2653,DMDHSEDZ,7,Refused,"['HH reference persons spouses education level', 'HH ref person’s spouse’s education level']","['Both males and females 0 YEARS - 150 YEARS', 'Both males and females 0 YEARS - 19 YEARS']",,
2654,DMDHSEDZ,9,Don'T Know,"['HH reference persons spouses education level', 'HH ref person’s spouse’s education level']","['Both males and females 0 YEARS - 150 YEARS', 'Both males and females 0 YEARS - 19 YEARS']",,
2655,DMDHSEDZ,.,Missing,"['HH reference persons spouses education level', 'HH ref person’s spouse’s education level']","['Both males and females 0 YEARS - 150 YEARS', 'Both males and females 0 YEARS - 19 YEARS']",,
2660,DMDMARTZ,1,Married/Living With Partner,['Marital status'],['Both males and females 20 YEARS - 150 YEARS'],,
2661,DMDMARTZ,2,Widowed/Divorced/Separated,['Marital status'],['Both males and females 20 YEARS - 150 YEARS'],,
2662,DMDMARTZ,3,Never Married,['Marital status'],['Both males and females 20 YEARS - 150 YEARS'],,
2663,DMDMARTZ,77,Refused,['Marital status'],['Both males and females 20 YEARS - 150 YEARS'],,
2664,DMDMARTZ,99,Don'T Know,['Marital status'],['Both males and females 20 YEARS - 150 YEARS'],,
2665,DMDMARTZ,.,Missing,['Marital status'],['Both males and females 20 YEARS - 150 YEARS'],,
2672,DMDYRUSZ,1,Less Than 5 Years,['Length of time the participant has been in the US.'],['Both males and females 0 YEARS - 150 YEARS'],,
2673,DMDYRUSZ,2,"5 Years Or More, But Less Than 15 Years",['Length of time the participant has been in the US.'],['Both males and females 0 YEARS - 150 YEARS'],,
2674,DMDYRUSZ,3,"15 Years Or More, But Less Than 30 Years",['Length of time the participant has been in the US.'],['Both males and females 0 YEARS - 150 YEARS'],,
2675,DMDYRUSZ,4,30 Years Or More,['Length of time the participant has been in the US.'],['Both males and females 0 YEARS - 150 YEARS'],,
2676,DMDYRUSZ,77,Refused,['Length of time the participant has been in the US.'],['Both males and females 0 YEARS - 150 YEARS'],,
2677,DMDYRUSZ,99,Don'T Know,['Length of time the participant has been in the US.'],['Both males and females 0 YEARS - 150 YEARS'],,
2678,DMDYRUSZ,.,Missing,['Length of time the participant has been in the US.'],['Both males and females 0 YEARS - 150 YEARS'],,
2679,WTINTPRP,1017.784203 To 338363.60019,Range Of Values,['Full sample interview weight'],['Both males and females 0 YEARS - 150 YEARS'],,
2680,WTINTPRP,.,Missing,['Full sample interview weight'],['Both males and females 0 YEARS - 150 YEARS'],,
2681,WTMECPRP,0 To 367555.74298,Range Of Values,['Full sample MEC exam weight'],['Both males and females 0 YEARS - 150 YEARS'],,
2682,WTMECPRP,.,Missing,['Full sample MEC exam weight'],['Both males and females 0 YEARS - 150 YEARS'],,
2683,DMDYRUSR,1,Less Than 1 Year,['Length of time the participant has been in the US.'],['Both males and females 0 YEARS - 150 YEARS'],,
2684,DMDYRUSR,2,1 To 4 Years,['Length of time the participant has been in the US.'],['Both males and females 0 YEARS - 150 YEARS'],,
2685,DMDYRUSR,3,5 To 9 Years,['Length of time the participant has been in the US.'],['Both males and females 0 YEARS - 150 YEARS'],,
2686,DMDYRUSR,4,10 To 14 Years,['Length of time the participant has been in the US.'],['Both males and females 0 YEARS - 150 YEARS'],,
2687,DMDYRUSR,5,15 To 19 Years,['Length of time the participant has been in the US.'],['Both males and females 0 YEARS - 150 YEARS'],,
2688,DMDYRUSR,6,20 Years Or More,['Length of time the participant has been in the US.'],['Both males and females 0 YEARS - 150 YEARS'],,
2689,DMDYRUSR,77,Refused,['Length of time the participant has been in the US.'],['Both males and females 0 YEARS - 150 YEARS'],,
2690,DMDYRUSR,99,Don'T Know,['Length of time the participant has been in the US.'],['Both males and females 0 YEARS - 150 YEARS'],,
2691,DMDYRUSR,.,Missing,['Length of time the participant has been in the US.'],['Both males and females 0 YEARS - 150 YEARS'],,
