"Tabela","Variavel","Variable_Name","SAS_Label","English_Text","Target","English_Instructions","Tabela_Valores"
"AUXWBR_I","SEQN","SEQN","Respondent sequence number","Respondent sequence number.","Both males and females 20 YEARS - 69 YEARS",NA,NA
"AUXWBR_I","WBXFEAR","WBXFEAR","Ear Tested","The ear which was tested.","Both males and females 20 YEARS - 69 YEARS",NA,"Code.or.Value=[""1"", ""2"", "".""]; Value.Description=[""Right Ear"", ""Left Ear"", ""Missing""]; Count=[""4284"", ""4270"", ""0""]; Cumulative=[""4284"", ""8554"", ""8554""]; Skip.to.Item=[""NA"", ""NA"", ""NA""]"
"AUXWBR_I","WBXF001","WBXF001","Frequency Array Data Point 001","Frequency Array Data Point 001","Both males and females 20 YEARS - 69 YEARS",NA,"Code.or.Value=[""226 to 226"", "".""]; Value.Description=[""Range of Values"", ""Missing""]; Count=[""8554"", ""0""]; Cumulative=[""8554"", ""8554""]; Skip.to.Item=[""NA"", ""NA""]"
"AUXWBR_I","WBXF002","WBXF002","Frequency Array Data Point 002","Frequency Array Data Point 002","Both males and females 20 YEARS - 69 YEARS",NA,"Code.or.Value=[""257.3256 to 257.3256"", "".""]; Value.Description=[""Range of Values"", ""Missing""]; Count=[""8554"", ""0""]; Cumulative=[""8554"", ""8554""]; Skip.to.Item=[""NA"", ""NA""]"
"AUXWBR_I","WBXF003","WBXF003","Frequency Array Data Point 003","Frequency Array Data Point 003","Both males and females 20 YEARS - 69 YEARS",NA,"Code.or.Value=[""280.6155 to 280.6155"", "".""]; Value.Description=[""Range of Values"", ""Missing""]; Count=[""8554"", ""0""]; Cumulative=[""8554"", ""8554""]; Skip.to.Item=[""NA"", ""NA""]"
"AUXWBR_I","WBXF004","WBXF004","Frequency Array Data Point 004","Frequency Array Data Point 004","Both males and females 20 YEARS - 69 YEARS",NA,"Code.or.Value=[""297.3018 to 297.3018"", "".""]; Value.Description=[""Range of Values"", ""Missing""]; Count=[""8554"", ""0""]; Cumulative=[""8554"", ""8554""]; Skip.to.Item=[""NA"", ""NA""]"
"AUXWBR_I","WBXF005","WBXF005","Frequency Array Data Point 005","Frequency Array Data Point 005","Both males and females 20 YEARS - 69 YEARS",NA,"Code.or.Value=[""324.2099 to 324.2099"", "".""]; Value.Description=[""Range of Values"", ""Missing""]; Count=[""8554"", ""0""]; Cumulative=[""8554"", ""8554""]; Skip.to.Item=[""NA"", ""NA""]"
"AUXWBR_I","WBXF006","WBXF006","Frequency Array Data Point 006","Frequency Array Data Point 006","Both males and females 20 YEARS - 69 YEARS",NA,"Code.or.Value=[""343.4884 to 343.4884"", "".""]; Value.Description=[""Range of Values"", ""Missing""]; Count=[""8554"", ""0""]; Cumulative=[""8554"", ""8554""]; Skip.to.Item=[""NA"", ""NA""]"
"AUXWBR_I","WBXF007","WBXF007","Frequency Array Data Point 007","Frequency Array Data Point 007","Both males and females 20 YEARS - 69 YEARS",NA,"Code.or.Value=[""363.9133 to 363.9133"", "".""]; Value.Description=[""Range of Values"", ""Missing""]; Count=[""8554"", ""0""]; Cumulative=[""8554"", ""8554""]; Skip.to.Item=[""NA"", ""NA""]"
"AUXWBR_I","WBXF008","WBXF008","Frequency Array Data Point 008","Frequency Array Data Point 008","Both males and females 20 YEARS - 69 YEARS",NA,"Code.or.Value=[""385.5527 to 385.5527"", "".""]; Value.Description=[""Range of Values"", ""Missing""]; Count=[""8554"", ""0""]; Cumulative=[""8554"", ""8554""]; Skip.to.Item=[""NA"", ""NA""]"
"AUXWBR_I","WBXF009","WBXF009","Frequency Array Data Point 009","Frequency Array Data Point 009","Both males and females 20 YEARS - 69 YEARS",NA,"Code.or.Value=[""408.4789 to 408.4789"", "".""]; Value.Description=[""Range of Values"", ""Missing""]; Count=[""8554"", ""0""]; Cumulative=[""8554"", ""8554""]; Skip.to.Item=[""NA"", ""NA""]"
"AUXWBR_I","WBXF010","WBXF010","Frequency Array Data Point 010","Frequency Array Data Point 010","Both males and females 20 YEARS - 69 YEARS",NA,"Code.or.Value=[""432.7683 to 432.7683"", "".""]; Value.Description=[""Range of Values"", ""Missing""]; Count=[""8554"", ""0""]; Cumulative=[""8554"", ""8554""]; Skip.to.Item=[""NA"", ""NA""]"
"AUXWBR_I","WBXF011","WBXF011","Frequency Array Data Point 011","Frequency Array Data Point 011","Both males and females 20 YEARS - 69 YEARS",NA,"Code.or.Value=[""458.502 to 458.502"", "".""]; Value.Description=[""Range of Values"", ""Missing""]; Count=[""8554"", ""0""]; Cumulative=[""8554"", ""8554""]; Skip.to.Item=[""NA"", ""NA""]"
"AUXWBR_I","WBXF012","WBXF012","Frequency Array Data Point 012","Frequency Array Data Point 012","Both males and females 20 YEARS - 69 YEARS",NA,"Code.or.Value=[""471.9372 to 471.9372"", "".""]; Value.Description=[""Range of Values"", ""Missing""]; Count=[""8554"", ""0""]; Cumulative=[""8554"", ""8554""]; Skip.to.Item=[""NA"", ""NA""]"
"AUXWBR_I","WBXF013","WBXF013","Frequency Array Data Point 013","Frequency Array Data Point 013","Both males and females 20 YEARS - 69 YEARS",NA,"Code.or.Value=[""500 to 500"", "".""]; Value.Description=[""Range of Values"", ""Missing""]; Count=[""8554"", ""0""]; Cumulative=[""8554"", ""8554""]; Skip.to.Item=[""NA"", ""NA""]"
"AUXWBR_I","WBXF014","WBXF014","Frequency Array Data Point 014","Frequency Array Data Point 014","Both males and females 20 YEARS - 69 YEARS",NA,"Code.or.Value=[""514.6511 to 514.6511"", "".""]; Value.Description=[""Range of Values"", ""Missing""]; Count=[""8554"", ""0""]; Cumulative=[""8554"", ""8554""]; Skip.to.Item=[""NA"", ""NA""]"
"AUXWBR_I","WBXF015","WBXF015","Frequency Array Data Point 015","Frequency Array Data Point 015","Both males and females 20 YEARS - 69 YEARS",NA,"Code.or.Value=[""545.2539 to 545.2539"", "".""]; Value.Description=[""Range of Values"", ""Missing""]; Count=[""8554"", ""0""]; Cumulative=[""8554"", ""8554""]; Skip.to.Item=[""NA"", ""NA""]"
"AUXWBR_I","WBXF016","WBXF016","Frequency Array Data Point 016","Frequency Array Data Point 016","Both males and females 20 YEARS - 69 YEARS",NA,"Code.or.Value=[""561.231 to 561.231"", "".""]; Value.Description=[""Range of Values"", ""Missing""]; Count=[""8554"", ""0""]; Cumulative=[""8554"", ""8554""]; Skip.to.Item=[""NA"", ""NA""]"
"AUXWBR_I","WBXF017","WBXF017","Frequency Array Data Point 017","Frequency Array Data Point 017","Both males and females 20 YEARS - 69 YEARS",NA,"Code.or.Value=[""577.6763 to 577.6763"", "".""]; Value.Description=[""Range of Values"", ""Missing""]; Count=[""8554"", ""0""]; Cumulative=[""8554"", ""8554""]; Skip.to.Item=[""NA"", ""NA""]"
"AUXWBR_I","WBXF018","WBXF018","Frequency Array Data Point 018","Frequency Array Data Point 018","Both males and females 20 YEARS - 69 YEARS",NA,"Code.or.Value=[""594.6036 to 594.6036"", "".""]; Value.Description=[""Range of Values"", ""Missing""]; Count=[""8554"", ""0""]; Cumulative=[""8554"", ""8554""]; Skip.to.Item=[""NA"", ""NA""]"
"AUXWBR_I","WBXF019","WBXF019","Frequency Array Data Point 019","Frequency Array Data Point 019","Both males and females 20 YEARS - 69 YEARS",NA,"Code.or.Value=[""629.9605 to 629.9605"", "".""]; Value.Description=[""Range of Values"", ""Missing""]; Count=[""8554"", ""0""]; Cumulative=[""8554"", ""8554""]; Skip.to.Item=[""NA"", ""NA""]"
"AUXWBR_I","WBXF020","WBXF020","Frequency Array Data Point 020","Frequency Array Data Point 020","Both males and females 20 YEARS - 69 YEARS",NA,"Code.or.Value=[""648.4198 to 648.4198"", "".""]; Value.Description=[""Range of Values"", ""Missing""]; Count=[""8554"", ""0""]; Cumulative=[""8554"", ""8554""]; Skip.to.Item=[""NA"", ""NA""]"
"AUXWBR_I","WBXF021","WBXF021","Frequency Array Data Point 021","Frequency Array Data Point 021","Both males and females 20 YEARS - 69 YEARS",NA,"Code.or.Value=[""667.4199 to 667.4199"", "".""]; Value.Description=[""Range of Values"", ""Missing""]; Count=[""8554"", ""0""]; Cumulative=[""8554"", ""8554""]; Skip.to.Item=[""NA"", ""NA""]"
"AUXWBR_I","WBXF022","WBXF022","Frequency Array Data Point 022","Frequency Array Data Point 022","Both males and females 20 YEARS - 69 YEARS",NA,"Code.or.Value=[""686.9768 to 686.9768"", "".""]; Value.Description=[""Range of Values"", ""Missing""]; Count=[""8554"", ""0""]; Cumulative=[""8554"", ""8554""]; Skip.to.Item=[""NA"", ""NA""]"
"AUXWBR_I","WBXF023","WBXF023","Frequency Array Data Point 023","Frequency Array Data Point 023","Both males and females 20 YEARS - 69 YEARS",NA,"Code.or.Value=[""707.1068 to 707.1068"", "".""]; Value.Description=[""Range of Values"", ""Missing""]; Count=[""8554"", ""0""]; Cumulative=[""8554"", ""8554""]; Skip.to.Item=[""NA"", ""NA""]"
"AUXWBR_I","WBXF024","WBXF024","Frequency Array Data Point 024","Frequency Array Data Point 024","Both males and females 20 YEARS - 69 YEARS",NA,"Code.or.Value=[""727.8266 to 727.8266"", "".""]; Value.Description=[""Range of Values"", ""Missing""]; Count=[""8554"", ""0""]; Cumulative=[""8554"", ""8554""]; Skip.to.Item=[""NA"", ""NA""]"
"AUXWBR_I","WBXF025","WBXF025","Frequency Array Data Point 025","Frequency Array Data Point 025","Both males and females 20 YEARS - 69 YEARS",NA,"Code.or.Value=[""749.1535 to 749.1535"", "".""]; Value.Description=[""Range of Values"", ""Missing""]; Count=[""8554"", ""0""]; Cumulative=[""8554"", ""8554""]; Skip.to.Item=[""NA"", ""NA""]"
"AUXWBR_I","WBXF026","WBXF026","Frequency Array Data Point 026","Frequency Array Data Point 026","Both males and females 20 YEARS - 69 YEARS",NA,"Code.or.Value=[""771.1054 to 771.1054"", "".""]; Value.Description=[""Range of Values"", ""Missing""]; Count=[""8554"", ""0""]; Cumulative=[""8554"", ""8554""]; Skip.to.Item=[""NA"", ""NA""]"
"AUXWBR_I","WBXF027","WBXF027","Frequency Array Data Point 027","Frequency Array Data Point 027","Both males and females 20 YEARS - 69 YEARS",NA,"Code.or.Value=[""793.7005 to 793.7005"", "".""]; Value.Description=[""Range of Values"", ""Missing""]; Count=[""8554"", ""0""]; Cumulative=[""8554"", ""8554""]; Skip.to.Item=[""NA"", ""NA""]"
"AUXWBR_I","WBXF028","WBXF028","Frequency Array Data Point 028","Frequency Array Data Point 028","Both males and females 20 YEARS - 69 YEARS",NA,"Code.or.Value=[""816.9577 to 816.9577"", "".""]; Value.Description=[""Range of Values"", ""Missing""]; Count=[""8554"", ""0""]; Cumulative=[""8554"", ""8554""]; Skip.to.Item=[""NA"", ""NA""]"
"AUXWBR_I","WBXF029","WBXF029","Frequency Array Data Point 029","Frequency Array Data Point 029","Both males and females 20 YEARS - 69 YEARS",NA,"Code.or.Value=[""840.8964 to 840.8964"", "".""]; Value.Description=[""Range of Values"", ""Missing""]; Count=[""8554"", ""0""]; Cumulative=[""8554"", ""8554""]; Skip.to.Item=[""NA"", ""NA""]"
"AUXWBR_I","WBXF030","WBXF030","Frequency Array Data Point 030","Frequency Array Data Point 030","Both males and females 20 YEARS - 69 YEARS",NA,"Code.or.Value=[""865.5366 to 865.5366"", "".""]; Value.Description=[""Range of Values"", ""Missing""]; Count=[""8554"", ""0""]; Cumulative=[""8554"", ""8554""]; Skip.to.Item=[""NA"", ""NA""]"
"AUXWBR_I","WBXF031","WBXF031","Frequency Array Data Point 031","Frequency Array Data Point 031","Both males and females 20 YEARS - 69 YEARS",NA,"Code.or.Value=[""890.8987 to 890.8987"", "".""]; Value.Description=[""Range of Values"", ""Missing""]; Count=[""8554"", ""0""]; Cumulative=[""8554"", ""8554""]; Skip.to.Item=[""NA"", ""NA""]"
"AUXWBR_I","WBXF032","WBXF032","Frequency Array Data Point 032","Frequency Array Data Point 032","Both males and females 20 YEARS - 69 YEARS",NA,"Code.or.Value=[""917.004 to 917.004"", "".""]; Value.Description=[""Range of Values"", ""Missing""]; Count=[""8554"", ""0""]; Cumulative=[""8554"", ""8554""]; Skip.to.Item=[""NA"", ""NA""]"
"AUXWBR_I","WBXF033","WBXF033","Frequency Array Data Point 033","Frequency Array Data Point 033","Both males and females 20 YEARS - 69 YEARS",NA,"Code.or.Value=[""943.8743 to 943.8743"", "".""]; Value.Description=[""Range of Values"", ""Missing""]; Count=[""8554"", ""0""]; Cumulative=[""8554"", ""8554""]; Skip.to.Item=[""NA"", ""NA""]"
"AUXWBR_I","WBXF034","WBXF034","Frequency Array Data Point 034","Frequency Array Data Point 034","Both males and females 20 YEARS - 69 YEARS",NA,"Code.or.Value=[""971.5319 to 971.5319"", "".""]; Value.Description=[""Range of Values"", ""Missing""]; Count=[""8554"", ""0""]; Cumulative=[""8554"", ""8554""]; Skip.to.Item=[""NA"", ""NA""]"
"AUXWBR_I","WBXF035","WBXF035","Frequency Array Data Point 035","Frequency Array Data Point 035","Both males and females 20 YEARS - 69 YEARS",NA,"Code.or.Value=[""1000 to 1000"", "".""]; Value.Description=[""Range of Values"", ""Missing""]; Count=[""8554"", ""0""]; Cumulative=[""8554"", ""8554""]; Skip.to.Item=[""NA"", ""NA""]"
"AUXWBR_I","WBXF036","WBXF036","Frequency Array Data Point 036","Frequency Array Data Point 036","Both males and females 20 YEARS - 69 YEARS",NA,"Code.or.Value=[""1029.3022 to 1029.3022"", "".""]; Value.Description=[""Range of Values"", ""Missing""]; Count=[""8554"", ""0""]; Cumulative=[""8554"", ""8554""]; Skip.to.Item=[""NA"", ""NA""]"
"AUXWBR_I","WBXF037","WBXF037","Frequency Array Data Point 037","Frequency Array Data Point 037","Both males and females 20 YEARS - 69 YEARS",NA,"Code.or.Value=[""1059.4631 to 1059.4631"", "".""]; Value.Description=[""Range of Values"", ""Missing""]; Count=[""8554"", ""0""]; Cumulative=[""8554"", ""8554""]; Skip.to.Item=[""NA"", ""NA""]"
"AUXWBR_I","WBXF038","WBXF038","Frequency Array Data Point 038","Frequency Array Data Point 038","Both males and females 20 YEARS - 69 YEARS",NA,"Code.or.Value=[""1090.5077 to 1090.5077"", "".""]; Value.Description=[""Range of Values"", ""Missing""]; Count=[""8554"", ""0""]; Cumulative=[""8554"", ""8554""]; Skip.to.Item=[""NA"", ""NA""]"
"AUXWBR_I","WBXF039","WBXF039","Frequency Array Data Point 039","Frequency Array Data Point 039","Both males and females 20 YEARS - 69 YEARS",NA,"Code.or.Value=[""1122.462 to 1122.462"", "".""]; Value.Description=[""Range of Values"", ""Missing""]; Count=[""8554"", ""0""]; Cumulative=[""8554"", ""8554""]; Skip.to.Item=[""NA"", ""NA""]"
"AUXWBR_I","WBXF040","WBXF040","Frequency Array Data Point 040","Frequency Array Data Point 040","Both males and females 20 YEARS - 69 YEARS",NA,"Code.or.Value=[""1155.3527 to 1155.3527"", "".""]; Value.Description=[""Range of Values"", ""Missing""]; Count=[""8554"", ""0""]; Cumulative=[""8554"", ""8554""]; Skip.to.Item=[""NA"", ""NA""]"
"AUXWBR_I","WBXF041","WBXF041","Frequency Array Data Point 041","Frequency Array Data Point 041","Both males and females 20 YEARS - 69 YEARS",NA,"Code.or.Value=[""1189.2071 to 1189.2071"", "".""]; Value.Description=[""Range of Values"", ""Missing""]; Count=[""8554"", ""0""]; Cumulative=[""8554"", ""8554""]; Skip.to.Item=[""NA"", ""NA""]"
"AUXWBR_I","WBXF042","WBXF042","Frequency Array Data Point 042","Frequency Array Data Point 042","Both males and females 20 YEARS - 69 YEARS",NA,"Code.or.Value=[""1224.0535 to 1224.0535"", "".""]; Value.Description=[""Range of Values"", ""Missing""]; Count=[""8554"", ""0""]; Cumulative=[""8554"", ""8554""]; Skip.to.Item=[""NA"", ""NA""]"
"AUXWBR_I","WBXF043","WBXF043","Frequency Array Data Point 043","Frequency Array Data Point 043","Both males and females 20 YEARS - 69 YEARS",NA,"Code.or.Value=[""1259.921 to 1259.921"", "".""]; Value.Description=[""Range of Values"", ""Missing""]; Count=[""8554"", ""0""]; Cumulative=[""8554"", ""8554""]; Skip.to.Item=[""NA"", ""NA""]"
"AUXWBR_I","WBXF044","WBXF044","Frequency Array Data Point 044","Frequency Array Data Point 044","Both males and females 20 YEARS - 69 YEARS",NA,"Code.or.Value=[""1296.8396 to 1296.8396"", "".""]; Value.Description=[""Range of Values"", ""Missing""]; Count=[""8554"", ""0""]; Cumulative=[""8554"", ""8554""]; Skip.to.Item=[""NA"", ""NA""]"
"AUXWBR_I","WBXF045","WBXF045","Frequency Array Data Point 045","Frequency Array Data Point 045","Both males and females 20 YEARS - 69 YEARS",NA,"Code.or.Value=[""1334.8399 to 1334.8399"", "".""]; Value.Description=[""Range of Values"", ""Missing""]; Count=[""8554"", ""0""]; Cumulative=[""8554"", ""8554""]; Skip.to.Item=[""NA"", ""NA""]"
"AUXWBR_I","WBXF046","WBXF046","Frequency Array Data Point 046","Frequency Array Data Point 046","Both males and females 20 YEARS - 69 YEARS",NA,"Code.or.Value=[""1373.9536 to 1373.9536"", "".""]; Value.Description=[""Range of Values"", ""Missing""]; Count=[""8554"", ""0""]; Cumulative=[""8554"", ""8554""]; Skip.to.Item=[""NA"", ""NA""]"
"AUXWBR_I","WBXF047","WBXF047","Frequency Array Data Point 047","Frequency Array Data Point 047","Both males and females 20 YEARS - 69 YEARS",NA,"Code.or.Value=[""1414.2136 to 1414.2136"", "".""]; Value.Description=[""Range of Values"", ""Missing""]; Count=[""8554"", ""0""]; Cumulative=[""8554"", ""8554""]; Skip.to.Item=[""NA"", ""NA""]"
"AUXWBR_I","WBXF048","WBXF048","Frequency Array Data Point 048","Frequency Array Data Point 048","Both males and females 20 YEARS - 69 YEARS",NA,"Code.or.Value=[""1455.6532 to 1455.6532"", "".""]; Value.Description=[""Range of Values"", ""Missing""]; Count=[""8554"", ""0""]; Cumulative=[""8554"", ""8554""]; Skip.to.Item=[""NA"", ""NA""]"
"AUXWBR_I","WBXF049","WBXF049","Frequency Array Data Point 049","Frequency Array Data Point 049","Both males and females 20 YEARS - 69 YEARS",NA,"Code.or.Value=[""1498.3071 to 1498.3071"", "".""]; Value.Description=[""Range of Values"", ""Missing""]; Count=[""8554"", ""0""]; Cumulative=[""8554"", ""8554""]; Skip.to.Item=[""NA"", ""NA""]"
"AUXWBR_I","WBXF050","WBXF050","Frequency Array Data Point 050","Frequency Array Data Point 050","Both males and females 20 YEARS - 69 YEARS",NA,"Code.or.Value=[""1542.2108 to 1542.2108"", "".""]; Value.Description=[""Range of Values"", ""Missing""]; Count=[""8554"", ""0""]; Cumulative=[""8554"", ""8554""]; Skip.to.Item=[""NA"", ""NA""]"
"AUXWBR_I","WBXF051","WBXF051","Frequency Array Data Point 051","Frequency Array Data Point 051","Both males and females 20 YEARS - 69 YEARS",NA,"Code.or.Value=[""1587.4011 to 1587.4011"", "".""]; Value.Description=[""Range of Values"", ""Missing""]; Count=[""8554"", ""0""]; Cumulative=[""8554"", ""8554""]; Skip.to.Item=[""NA"", ""NA""]"
"AUXWBR_I","WBXF052","WBXF052","Frequency Array Data Point 052","Frequency Array Data Point 052","Both males and females 20 YEARS - 69 YEARS",NA,"Code.or.Value=[""1633.9155 to 1633.9155"", "".""]; Value.Description=[""Range of Values"", ""Missing""]; Count=[""8554"", ""0""]; Cumulative=[""8554"", ""8554""]; Skip.to.Item=[""NA"", ""NA""]"
"AUXWBR_I","WBXF053","WBXF053","Frequency Array Data Point 053","Frequency Array Data Point 053","Both males and females 20 YEARS - 69 YEARS",NA,"Code.or.Value=[""1681.7928 to 1681.7928"", "".""]; Value.Description=[""Range of Values"", ""Missing""]; Count=[""8554"", ""0""]; Cumulative=[""8554"", ""8554""]; Skip.to.Item=[""NA"", ""NA""]"
"AUXWBR_I","WBXF054","WBXF054","Frequency Array Data Point 054","Frequency Array Data Point 054","Both males and females 20 YEARS - 69 YEARS",NA,"Code.or.Value=[""1731.0731 to 1731.0731"", "".""]; Value.Description=[""Range of Values"", ""Missing""]; Count=[""8554"", ""0""]; Cumulative=[""8554"", ""8554""]; Skip.to.Item=[""NA"", ""NA""]"
"AUXWBR_I","WBXF055","WBXF055","Frequency Array Data Point 055","Frequency Array Data Point 055","Both males and females 20 YEARS - 69 YEARS",NA,"Code.or.Value=[""1781.7974 to 1781.7974"", "".""]; Value.Description=[""Range of Values"", ""Missing""]; Count=[""8554"", ""0""]; Cumulative=[""8554"", ""8554""]; Skip.to.Item=[""NA"", ""NA""]"
"AUXWBR_I","WBXF056","WBXF056","Frequency Array Data Point 056","Frequency Array Data Point 056","Both males and females 20 YEARS - 69 YEARS",NA,"Code.or.Value=[""1834.0081 to 1834.0081"", "".""]; Value.Description=[""Range of Values"", ""Missing""]; Count=[""8554"", ""0""]; Cumulative=[""8554"", ""8554""]; Skip.to.Item=[""NA"", ""NA""]"
"AUXWBR_I","WBXF057","WBXF057","Frequency Array Data Point 057","Frequency Array Data Point 057","Both males and females 20 YEARS - 69 YEARS",NA,"Code.or.Value=[""1887.7486 to 1887.7486"", "".""]; Value.Description=[""Range of Values"", ""Missing""]; Count=[""8554"", ""0""]; Cumulative=[""8554"", ""8554""]; Skip.to.Item=[""NA"", ""NA""]"
"AUXWBR_I","WBXF058","WBXF058","Frequency Array Data Point 058","Frequency Array Data Point 058","Both males and females 20 YEARS - 69 YEARS",NA,"Code.or.Value=[""1943.0639 to 1943.0639"", "".""]; Value.Description=[""Range of Values"", ""Missing""]; Count=[""8554"", ""0""]; Cumulative=[""8554"", ""8554""]; Skip.to.Item=[""NA"", ""NA""]"
"AUXWBR_I","WBXF059","WBXF059","Frequency Array Data Point 059","Frequency Array Data Point 059","Both males and females 20 YEARS - 69 YEARS",NA,"Code.or.Value=[""2000 to 2000"", "".""]; Value.Description=[""Range of Values"", ""Missing""]; Count=[""8554"", ""0""]; Cumulative=[""8554"", ""8554""]; Skip.to.Item=[""NA"", ""NA""]"
"AUXWBR_I","WBXF060","WBXF060","Frequency Array Data Point 060","Frequency Array Data Point 060","Both males and females 20 YEARS - 69 YEARS",NA,"Code.or.Value=[""2058.6045 to 2058.6045"", "".""]; Value.Description=[""Range of Values"", ""Missing""]; Count=[""8554"", ""0""]; Cumulative=[""8554"", ""8554""]; Skip.to.Item=[""NA"", ""NA""]"
"AUXWBR_I","WBXF061","WBXF061","Frequency Array Data Point 061","Frequency Array Data Point 061","Both males and females 20 YEARS - 69 YEARS",NA,"Code.or.Value=[""2118.9262 to 2118.9262"", "".""]; Value.Description=[""Range of Values"", ""Missing""]; Count=[""8554"", ""0""]; Cumulative=[""8554"", ""8554""]; Skip.to.Item=[""NA"", ""NA""]"
"AUXWBR_I","WBXF062","WBXF062","Frequency Array Data Point 062","Frequency Array Data Point 062","Both males and females 20 YEARS - 69 YEARS",NA,"Code.or.Value=[""2181.0155 to 2181.0155"", "".""]; Value.Description=[""Range of Values"", ""Missing""]; Count=[""8554"", ""0""]; Cumulative=[""8554"", ""8554""]; Skip.to.Item=[""NA"", ""NA""]"
"AUXWBR_I","WBXF063","WBXF063","Frequency Array Data Point 063","Frequency Array Data Point 063","Both males and females 20 YEARS - 69 YEARS",NA,"Code.or.Value=[""2244.9241 to 2244.9241"", "".""]; Value.Description=[""Range of Values"", ""Missing""]; Count=[""8554"", ""0""]; Cumulative=[""8554"", ""8554""]; Skip.to.Item=[""NA"", ""NA""]"
"AUXWBR_I","WBXF064","WBXF064","Frequency Array Data Point 064","Frequency Array Data Point 064","Both males and females 20 YEARS - 69 YEARS",NA,"Code.or.Value=[""2310.7054 to 2310.7054"", "".""]; Value.Description=[""Range of Values"", ""Missing""]; Count=[""8554"", ""0""]; Cumulative=[""8554"", ""8554""]; Skip.to.Item=[""NA"", ""NA""]"
"AUXWBR_I","WBXF065","WBXF065","Frequency Array Data Point 065","Frequency Array Data Point 065","Both males and females 20 YEARS - 69 YEARS",NA,"Code.or.Value=[""2378.4142 to 2378.4142"", "".""]; Value.Description=[""Range of Values"", ""Missing""]; Count=[""8554"", ""0""]; Cumulative=[""8554"", ""8554""]; Skip.to.Item=[""NA"", ""NA""]"
"AUXWBR_I","WBXF066","WBXF066","Frequency Array Data Point 066","Frequency Array Data Point 066","Both males and females 20 YEARS - 69 YEARS",NA,"Code.or.Value=[""2448.1071 to 2448.1071"", "".""]; Value.Description=[""Range of Values"", ""Missing""]; Count=[""8554"", ""0""]; Cumulative=[""8554"", ""8554""]; Skip.to.Item=[""NA"", ""NA""]"
"AUXWBR_I","WBXF067","WBXF067","Frequency Array Data Point 067","Frequency Array Data Point 067","Both males and females 20 YEARS - 69 YEARS",NA,"Code.or.Value=[""2519.8421 to 2519.8421"", "".""]; Value.Description=[""Range of Values"", ""Missing""]; Count=[""8554"", ""0""]; Cumulative=[""8554"", ""8554""]; Skip.to.Item=[""NA"", ""NA""]"
"AUXWBR_I","WBXF068","WBXF068","Frequency Array Data Point 068","Frequency Array Data Point 068","Both males and females 20 YEARS - 69 YEARS",NA,"Code.or.Value=[""2593.6791 to 2593.6791"", "".""]; Value.Description=[""Range of Values"", ""Missing""]; Count=[""8554"", ""0""]; Cumulative=[""8554"", ""8554""]; Skip.to.Item=[""NA"", ""NA""]"
"AUXWBR_I","WBXF069","WBXF069","Frequency Array Data Point 069","Frequency Array Data Point 069","Both males and females 20 YEARS - 69 YEARS",NA,"Code.or.Value=[""2669.6797 to 2669.6797"", "".""]; Value.Description=[""Range of Values"", ""Missing""]; Count=[""8554"", ""0""]; Cumulative=[""8554"", ""8554""]; Skip.to.Item=[""NA"", ""NA""]"
"AUXWBR_I","WBXF070","WBXF070","Frequency Array Data Point 070","Frequency Array Data Point 070","Both males and females 20 YEARS - 69 YEARS",NA,"Code.or.Value=[""2747.9073 to 2747.9073"", "".""]; Value.Description=[""Range of Values"", ""Missing""]; Count=[""8554"", ""0""]; Cumulative=[""8554"", ""8554""]; Skip.to.Item=[""NA"", ""NA""]"
"AUXWBR_I","WBXF071","WBXF071","Frequency Array Data Point 071","Frequency Array Data Point 071","Both males and females 20 YEARS - 69 YEARS",NA,"Code.or.Value=[""2828.4271 to 2828.4271"", "".""]; Value.Description=[""Range of Values"", ""Missing""]; Count=[""8554"", ""0""]; Cumulative=[""8554"", ""8554""]; Skip.to.Item=[""NA"", ""NA""]"
"AUXWBR_I","WBXF072","WBXF072","Frequency Array Data Point 072","Frequency Array Data Point 072","Both males and females 20 YEARS - 69 YEARS",NA,"Code.or.Value=[""."", ""2911.3064 to 2911.3064""]; Value.Description=[""Missing"", ""Range of Values""]; Count=[""0"", ""8554""]; Cumulative=[""8554"", ""8554""]; Skip.to.Item=[""NA"", ""NA""]"
"AUXWBR_I","WBXF073","WBXF073","Frequency Array Data Point 073","Frequency Array Data Point 073","Both males and females 20 YEARS - 69 YEARS",NA,"Code.or.Value=[""2996.6142 to 2996.6142"", "".""]; Value.Description=[""Range of Values"", ""Missing""]; Count=[""8554"", ""0""]; Cumulative=[""8554"", ""8554""]; Skip.to.Item=[""NA"", ""NA""]"
"AUXWBR_I","WBXF074","WBXF074","Frequency Array Data Point 074","Frequency Array Data Point 074","Both males and females 20 YEARS - 69 YEARS",NA,"Code.or.Value=[""3084.4217 to 3084.4217"", "".""]; Value.Description=[""Range of Values"", ""Missing""]; Count=[""8554"", ""0""]; Cumulative=[""8554"", ""8554""]; Skip.to.Item=[""NA"", ""NA""]"
"AUXWBR_I","WBXF075","WBXF075","Frequency Array Data Point 075","Frequency Array Data Point 075","Both males and females 20 YEARS - 69 YEARS",NA,"Code.or.Value=[""3174.8021 to 3174.8021"", "".""]; Value.Description=[""Range of Values"", ""Missing""]; Count=[""8554"", ""0""]; Cumulative=[""8554"", ""8554""]; Skip.to.Item=[""NA"", ""NA""]"
"AUXWBR_I","WBXF076","WBXF076","Frequency Array Data Point 076","Frequency Array Data Point 076","Both males and females 20 YEARS - 69 YEARS",NA,"Code.or.Value=[""3267.8309 to 3267.8309"", "".""]; Value.Description=[""Range of Values"", ""Missing""]; Count=[""8554"", ""0""]; Cumulative=[""8554"", ""8554""]; Skip.to.Item=[""NA"", ""NA""]"
"AUXWBR_I","WBXF077","WBXF077","Frequency Array Data Point 077","Frequency Array Data Point 077","Both males and females 20 YEARS - 69 YEARS",NA,"Code.or.Value=[""3363.5857 to 3363.5857"", "".""]; Value.Description=[""Range of Values"", ""Missing""]; Count=[""8554"", ""0""]; Cumulative=[""8554"", ""8554""]; Skip.to.Item=[""NA"", ""NA""]"
"AUXWBR_I","WBXF078","WBXF078","Frequency Array Data Point 078","Frequency Array Data Point 078","Both males and females 20 YEARS - 69 YEARS",NA,"Code.or.Value=[""3462.1462 to 3462.1462"", "".""]; Value.Description=[""Range of Values"", ""Missing""]; Count=[""8554"", ""0""]; Cumulative=[""8554"", ""8554""]; Skip.to.Item=[""NA"", ""NA""]"
"AUXWBR_I","WBXF079","WBXF079","Frequency Array Data Point 079","Frequency Array Data Point 079","Both males and females 20 YEARS - 69 YEARS",NA,"Code.or.Value=[""3563.5949 to 3563.5949"", "".""]; Value.Description=[""Range of Values"", ""Missing""]; Count=[""8554"", ""0""]; Cumulative=[""8554"", ""8554""]; Skip.to.Item=[""NA"", ""NA""]"
"AUXWBR_I","WBXF080","WBXF080","Frequency Array Data Point 080","Frequency Array Data Point 080","Both males and females 20 YEARS - 69 YEARS",NA,"Code.or.Value=[""3668.0162 to 3668.0162"", "".""]; Value.Description=[""Range of Values"", ""Missing""]; Count=[""8554"", ""0""]; Cumulative=[""8554"", ""8554""]; Skip.to.Item=[""NA"", ""NA""]"
"AUXWBR_I","WBXF081","WBXF081","Frequency Array Data Point 081","Frequency Array Data Point 081","Both males and females 20 YEARS - 69 YEARS",NA,"Code.or.Value=[""3775.4973 to 3775.4973"", "".""]; Value.Description=[""Range of Values"", ""Missing""]; Count=[""8554"", ""0""]; Cumulative=[""8554"", ""8554""]; Skip.to.Item=[""NA"", ""NA""]"
"AUXWBR_I","WBXF082","WBXF082","Frequency Array Data Point 082","Frequency Array Data Point 082","Both males and females 20 YEARS - 69 YEARS",NA,"Code.or.Value=[""3886.1278 to 3886.1278"", "".""]; Value.Description=[""Range of Values"", ""Missing""]; Count=[""8554"", ""0""]; Cumulative=[""8554"", ""8554""]; Skip.to.Item=[""NA"", ""NA""]"
"AUXWBR_I","WBXF083","WBXF083","Frequency Array Data Point 083","Frequency Array Data Point 083","Both males and females 20 YEARS - 69 YEARS",NA,"Code.or.Value=[""4000 to 4000"", "".""]; Value.Description=[""Range of Values"", ""Missing""]; Count=[""8554"", ""0""]; Cumulative=[""8554"", ""8554""]; Skip.to.Item=[""NA"", ""NA""]"
"AUXWBR_I","WBXF084","WBXF084","Frequency Array Data Point 084","Frequency Array Data Point 084","Both males and females 20 YEARS - 69 YEARS",NA,"Code.or.Value=[""4117.2089 to 4117.2089"", "".""]; Value.Description=[""Range of Values"", ""Missing""]; Count=[""8554"", ""0""]; Cumulative=[""8554"", ""8554""]; Skip.to.Item=[""NA"", ""NA""]"
"AUXWBR_I","WBXF085","WBXF085","Frequency Array Data Point 085","Frequency Array Data Point 085","Both males and females 20 YEARS - 69 YEARS",NA,"Code.or.Value=[""4237.8524 to 4237.8524"", "".""]; Value.Description=[""Range of Values"", ""Missing""]; Count=[""8554"", ""0""]; Cumulative=[""8554"", ""8554""]; Skip.to.Item=[""NA"", ""NA""]"
"AUXWBR_I","WBXF086","WBXF086","Frequency Array Data Point 086","Frequency Array Data Point 086","Both males and females 20 YEARS - 69 YEARS",NA,"Code.or.Value=[""4362.0309 to 4362.0309"", "".""]; Value.Description=[""Range of Values"", ""Missing""]; Count=[""8554"", ""0""]; Cumulative=[""8554"", ""8554""]; Skip.to.Item=[""NA"", ""NA""]"
"AUXWBR_I","WBXF087","WBXF087","Frequency Array Data Point 087","Frequency Array Data Point 087","Both males and females 20 YEARS - 69 YEARS",NA,"Code.or.Value=[""4489.8482 to 4489.8482"", "".""]; Value.Description=[""Range of Values"", ""Missing""]; Count=[""8554"", ""0""]; Cumulative=[""8554"", ""8554""]; Skip.to.Item=[""NA"", ""NA""]"
"AUXWBR_I","WBXF088","WBXF088","Frequency Array Data Point 088","Frequency Array Data Point 088","Both males and females 20 YEARS - 69 YEARS",NA,"Code.or.Value=[""4621.4108 to 4621.4108"", "".""]; Value.Description=[""Range of Values"", ""Missing""]; Count=[""8554"", ""0""]; Cumulative=[""8554"", ""8554""]; Skip.to.Item=[""NA"", ""NA""]"
"AUXWBR_I","WBXF089","WBXF089","Frequency Array Data Point 089","Frequency Array Data Point 089","Both males and females 20 YEARS - 69 YEARS",NA,"Code.or.Value=[""4756.8285 to 4756.8285"", "".""]; Value.Description=[""Range of Values"", ""Missing""]; Count=[""8554"", ""0""]; Cumulative=[""8554"", ""8554""]; Skip.to.Item=[""NA"", ""NA""]"
"AUXWBR_I","WBXF090","WBXF090","Frequency Array Data Point 090","Frequency Array Data Point 090","Both males and females 20 YEARS - 69 YEARS",NA,"Code.or.Value=[""4896.2142 to 4896.2142"", "".""]; Value.Description=[""Range of Values"", ""Missing""]; Count=[""8554"", ""0""]; Cumulative=[""8554"", ""8554""]; Skip.to.Item=[""NA"", ""NA""]"
"AUXWBR_I","WBXF091","WBXF091","Frequency Array Data Point 091","Frequency Array Data Point 091","Both males and females 20 YEARS - 69 YEARS",NA,"Code.or.Value=[""5039.6842 to 5039.6842"", "".""]; Value.Description=[""Range of Values"", ""Missing""]; Count=[""8554"", ""0""]; Cumulative=[""8554"", ""8554""]; Skip.to.Item=[""NA"", ""NA""]"
"AUXWBR_I","WBXF092","WBXF092","Frequency Array Data Point 092","Frequency Array Data Point 092","Both males and females 20 YEARS - 69 YEARS",NA,"Code.or.Value=[""5187.3582 to 5187.3582"", "".""]; Value.Description=[""Range of Values"", ""Missing""]; Count=[""8554"", ""0""]; Cumulative=[""8554"", ""8554""]; Skip.to.Item=[""NA"", ""NA""]"
"AUXWBR_I","WBXF093","WBXF093","Frequency Array Data Point 093","Frequency Array Data Point 093","Both males and females 20 YEARS - 69 YEARS",NA,"Code.or.Value=[""5339.3594 to 5339.3594"", "".""]; Value.Description=[""Range of Values"", ""Missing""]; Count=[""8554"", ""0""]; Cumulative=[""8554"", ""8554""]; Skip.to.Item=[""NA"", ""NA""]"
"AUXWBR_I","WBXF094","WBXF094","Frequency Array Data Point 094","Frequency Array Data Point 094","Both males and females 20 YEARS - 69 YEARS",NA,"Code.or.Value=[""5495.8146 to 5495.8146"", "".""]; Value.Description=[""Range of Values"", ""Missing""]; Count=[""8554"", ""0""]; Cumulative=[""8554"", ""8554""]; Skip.to.Item=[""NA"", ""NA""]"
"AUXWBR_I","WBXF095","WBXF095","Frequency Array Data Point 095","Frequency Array Data Point 095","Both males and females 20 YEARS - 69 YEARS",NA,"Code.or.Value=[""5656.8542 to 5656.8542"", "".""]; Value.Description=[""Range of Values"", ""Missing""]; Count=[""8554"", ""0""]; Cumulative=[""8554"", ""8554""]; Skip.to.Item=[""NA"", ""NA""]"
"AUXWBR_I","WBXF096","WBXF096","Frequency Array Data Point 096","Frequency Array Data Point 096","Both males and females 20 YEARS - 69 YEARS",NA,"Code.or.Value=[""5822.6127 to 5822.6127"", "".""]; Value.Description=[""Range of Values"", ""Missing""]; Count=[""8554"", ""0""]; Cumulative=[""8554"", ""8554""]; Skip.to.Item=[""NA"", ""NA""]"
"AUXWBR_I","WBXF097","WBXF097","Frequency Array Data Point 097","Frequency Array Data Point 097","Both males and females 20 YEARS - 69 YEARS",NA,"Code.or.Value=[""5993.2283 to 5993.2283"", "".""]; Value.Description=[""Range of Values"", ""Missing""]; Count=[""8554"", ""0""]; Cumulative=[""8554"", ""8554""]; Skip.to.Item=[""NA"", ""NA""]"
"AUXWBR_I","WBXF098","WBXF098","Frequency Array Data Point 098","Frequency Array Data Point 098","Both males and females 20 YEARS - 69 YEARS",NA,"Code.or.Value=[""6168.8433 to 6168.8433"", "".""]; Value.Description=[""Range of Values"", ""Missing""]; Count=[""8554"", ""0""]; Cumulative=[""8554"", ""8554""]; Skip.to.Item=[""NA"", ""NA""]"
"AUXWBR_I","WBXF099","WBXF099","Frequency Array Data Point 099","Frequency Array Data Point 099","Both males and females 20 YEARS - 69 YEARS",NA,"Code.or.Value=[""6349.6042 to 6349.6042"", "".""]; Value.Description=[""Range of Values"", ""Missing""]; Count=[""8554"", ""0""]; Cumulative=[""8554"", ""8554""]; Skip.to.Item=[""NA"", ""NA""]"
"AUXWBR_I","WBXF100","WBXF100","Frequency Array Data Point 100","Frequency Array Data Point 100","Both males and females 20 YEARS - 69 YEARS",NA,"Code.or.Value=[""6535.6618 to 6535.6618"", "".""]; Value.Description=[""Range of Values"", ""Missing""]; Count=[""8554"", ""0""]; Cumulative=[""8554"", ""8554""]; Skip.to.Item=[""NA"", ""NA""]"
"AUXWBR_I","WBXF101","WBXF101","Frequency Array Data Point 101","Frequency Array Data Point 101","Both males and females 20 YEARS - 69 YEARS",NA,"Code.or.Value=[""6727.1713 to 6727.1713"", "".""]; Value.Description=[""Range of Values"", ""Missing""]; Count=[""8554"", ""0""]; Cumulative=[""8554"", ""8554""]; Skip.to.Item=[""NA"", ""NA""]"
"AUXWBR_I","WBXF102","WBXF102","Frequency Array Data Point 102","Frequency Array Data Point 102","Both males and females 20 YEARS - 69 YEARS",NA,"Code.or.Value=[""6924.2925 to 6924.2925"", "".""]; Value.Description=[""Range of Values"", ""Missing""]; Count=[""8554"", ""0""]; Cumulative=[""8554"", ""8554""]; Skip.to.Item=[""NA"", ""NA""]"
"AUXWBR_I","WBXF103","WBXF103","Frequency Array Data Point 103","Frequency Array Data Point 103","Both males and females 20 YEARS - 69 YEARS",NA,"Code.or.Value=[""7127.1897 to 7127.1897"", "".""]; Value.Description=[""Range of Values"", ""Missing""]; Count=[""8554"", ""0""]; Cumulative=[""8554"", ""8554""]; Skip.to.Item=[""NA"", ""NA""]"
"AUXWBR_I","WBXF104","WBXF104","Frequency Array Data Point 104","Frequency Array Data Point 104","Both males and females 20 YEARS - 69 YEARS",NA,"Code.or.Value=[""7336.0323 to 7336.0323"", "".""]; Value.Description=[""Range of Values"", ""Missing""]; Count=[""8554"", ""0""]; Cumulative=[""8554"", ""8554""]; Skip.to.Item=[""NA"", ""NA""]"
"AUXWBR_I","WBXF105","WBXF105","Frequency Array Data Point 105","Frequency Array Data Point 105","Both males and females 20 YEARS - 69 YEARS",NA,"Code.or.Value=[""7550.9945 to 7550.9945"", "".""]; Value.Description=[""Range of Values"", ""Missing""]; Count=[""8554"", ""0""]; Cumulative=[""8554"", ""8554""]; Skip.to.Item=[""NA"", ""NA""]"
"AUXWBR_I","WBXF106","WBXF106","Frequency Array Data Point 106","Frequency Array Data Point 106","Both males and females 20 YEARS - 69 YEARS",NA,"Code.or.Value=[""7772.2555 to 7772.2555"", "".""]; Value.Description=[""Range of Values"", ""Missing""]; Count=[""8554"", ""0""]; Cumulative=[""8554"", ""8554""]; Skip.to.Item=[""NA"", ""NA""]"
"AUXWBR_I","WBXF107","WBXF107","Frequency Array Data Point 107","Frequency Array Data Point 107","Both males and females 20 YEARS - 69 YEARS",NA,"Code.or.Value=[""8000 to 8000"", "".""]; Value.Description=[""Range of Values"", ""Missing""]; Count=[""8554"", ""0""]; Cumulative=[""8554"", ""8554""]; Skip.to.Item=[""NA"", ""NA""]"
"AUXWBR_I","WBXA001","WBXA001","Absorbance Array Data Point 001","Absorbance Array Data Point 001","Both males and females 20 YEARS - 69 YEARS",NA,"Code.or.Value=[""-2.6894 to 0.957"", "".""]; Value.Description=[""Range of Values"", ""Missing""]; Count=[""8554"", ""0""]; Cumulative=[""8554"", ""8554""]; Skip.to.Item=[""NA"", ""NA""]"
"AUXWBR_I","WBXA002","WBXA002","Absorbance Array Data Point 002","Absorbance Array Data Point 002","Both males and females 20 YEARS - 69 YEARS",NA,"Code.or.Value=[""-2.7903 to 0.9532"", "".""]; Value.Description=[""Range of Values"", ""Missing""]; Count=[""8554"", ""0""]; Cumulative=[""8554"", ""8554""]; Skip.to.Item=[""NA"", ""NA""]"
"AUXWBR_I","WBXA003","WBXA003","Absorbance Array Data Point 003","Absorbance Array Data Point 003","Both males and females 20 YEARS - 69 YEARS",NA,"Code.or.Value=[""-3.8089 to 0.9566"", "".""]; Value.Description=[""Range of Values"", ""Missing""]; Count=[""8554"", ""0""]; Cumulative=[""8554"", ""8554""]; Skip.to.Item=[""NA"", ""NA""]"
"AUXWBR_I","WBXA004","WBXA004","Absorbance Array Data Point 004","Absorbance Array Data Point 004","Both males and females 20 YEARS - 69 YEARS",NA,"Code.or.Value=[""-5.3039 to 0.9569"", "".""]; Value.Description=[""Range of Values"", ""Missing""]; Count=[""8554"", ""0""]; Cumulative=[""8554"", ""8554""]; Skip.to.Item=[""NA"", ""NA""]"
"AUXWBR_I","WBXA005","WBXA005","Absorbance Array Data Point 005","Absorbance Array Data Point 005","Both males and females 20 YEARS - 69 YEARS",NA,"Code.or.Value=[""-7.1239 to 0.9516"", "".""]; Value.Description=[""Range of Values"", ""Missing""]; Count=[""8554"", ""0""]; Cumulative=[""8554"", ""8554""]; Skip.to.Item=[""NA"", ""NA""]"
"AUXWBR_I","WBXA006","WBXA006","Absorbance Array Data Point 006","Absorbance Array Data Point 006","Both males and females 20 YEARS - 69 YEARS",NA,"Code.or.Value=[""-9.0331 to 0.9835"", "".""]; Value.Description=[""Range of Values"", ""Missing""]; Count=[""8554"", ""0""]; Cumulative=[""8554"", ""8554""]; Skip.to.Item=[""NA"", ""NA""]"
"AUXWBR_I","WBXA007","WBXA007","Absorbance Array Data Point 007","Absorbance Array Data Point 007","Both males and females 20 YEARS - 69 YEARS",NA,"Code.or.Value=[""-10.2346 to 0.9999"", "".""]; Value.Description=[""Range of Values"", ""Missing""]; Count=[""8554"", ""0""]; Cumulative=[""8554"", ""8554""]; Skip.to.Item=[""NA"", ""NA""]"
"AUXWBR_I","WBXA008","WBXA008","Absorbance Array Data Point 008","Absorbance Array Data Point 008","Both males and females 20 YEARS - 69 YEARS",NA,"Code.or.Value=[""-10.9214 to 0.9871"", "".""]; Value.Description=[""Range of Values"", ""Missing""]; Count=[""8554"", ""0""]; Cumulative=[""8554"", ""8554""]; Skip.to.Item=[""NA"", ""NA""]"
"AUXWBR_I","WBXA009","WBXA009","Absorbance Array Data Point 009","Absorbance Array Data Point 009","Both males and females 20 YEARS - 69 YEARS",NA,"Code.or.Value=[""-12.764 to 0.9995"", "".""]; Value.Description=[""Range of Values"", ""Missing""]; Count=[""8554"", ""0""]; Cumulative=[""8554"", ""8554""]; Skip.to.Item=[""NA"", ""NA""]"
"AUXWBR_I","WBXA010","WBXA010","Absorbance Array Data Point 010","Absorbance Array Data Point 010","Both males and females 20 YEARS - 69 YEARS",NA,"Code.or.Value=[""-16.6379 to 0.9972"", "".""]; Value.Description=[""Range of Values"", ""Missing""]; Count=[""8554"", ""0""]; Cumulative=[""8554"", ""8554""]; Skip.to.Item=[""NA"", ""NA""]"
"AUXWBR_I","WBXA011","WBXA011","Absorbance Array Data Point 011","Absorbance Array Data Point 011","Both males and females 20 YEARS - 69 YEARS",NA,"Code.or.Value=[""-20.4315 to 0.9984"", "".""]; Value.Description=[""Range of Values"", ""Missing""]; Count=[""8554"", ""0""]; Cumulative=[""8554"", ""8554""]; Skip.to.Item=[""NA"", ""NA""]"
"AUXWBR_I","WBXA012","WBXA012","Absorbance Array Data Point 012","Absorbance Array Data Point 012","Both males and females 20 YEARS - 69 YEARS",NA,"Code.or.Value=[""-18.7681 to 0.9978"", "".""]; Value.Description=[""Range of Values"", ""Missing""]; Count=[""8554"", ""0""]; Cumulative=[""8554"", ""8554""]; Skip.to.Item=[""NA"", ""NA""]"
"AUXWBR_I","WBXA013","WBXA013","Absorbance Array Data Point 013","Absorbance Array Data Point 013","Both males and females 20 YEARS - 69 YEARS",NA,"Code.or.Value=[""-15.1064 to 0.9982"", "".""]; Value.Description=[""Range of Values"", ""Missing""]; Count=[""8554"", ""0""]; Cumulative=[""8554"", ""8554""]; Skip.to.Item=[""NA"", ""NA""]"
"AUXWBR_I","WBXA014","WBXA014","Absorbance Array Data Point 014","Absorbance Array Data Point 014","Both males and females 20 YEARS - 69 YEARS",NA,"Code.or.Value=[""-12.2169 to 0.9936"", "".""]; Value.Description=[""Range of Values"", ""Missing""]; Count=[""8554"", ""0""]; Cumulative=[""8554"", ""8554""]; Skip.to.Item=[""NA"", ""NA""]"
"AUXWBR_I","WBXA015","WBXA015","Absorbance Array Data Point 015","Absorbance Array Data Point 015","Both males and females 20 YEARS - 69 YEARS",NA,"Code.or.Value=[""-11.6763 to 0.9981"", "".""]; Value.Description=[""Range of Values"", ""Missing""]; Count=[""8554"", ""0""]; Cumulative=[""8554"", ""8554""]; Skip.to.Item=[""NA"", ""NA""]"
"AUXWBR_I","WBXA016","WBXA016","Absorbance Array Data Point 016","Absorbance Array Data Point 016","Both males and females 20 YEARS - 69 YEARS",NA,"Code.or.Value=[""-13.56 to 1"", "".""]; Value.Description=[""Range of Values"", ""Missing""]; Count=[""8554"", ""0""]; Cumulative=[""8554"", ""8554""]; Skip.to.Item=[""NA"", ""NA""]"
"AUXWBR_I","WBXA017","WBXA017","Absorbance Array Data Point 017","Absorbance Array Data Point 017","Both males and females 20 YEARS - 69 YEARS",NA,"Code.or.Value=[""-14.1448 to 0.9992"", "".""]; Value.Description=[""Range of Values"", ""Missing""]; Count=[""8554"", ""0""]; Cumulative=[""8554"", ""8554""]; Skip.to.Item=[""NA"", ""NA""]"
"AUXWBR_I","WBXA018","WBXA018","Absorbance Array Data Point 018","Absorbance Array Data Point 018","Both males and females 20 YEARS - 69 YEARS",NA,"Code.or.Value=[""-13.2025 to 0.9994"", "".""]; Value.Description=[""Range of Values"", ""Missing""]; Count=[""8554"", ""0""]; Cumulative=[""8554"", ""8554""]; Skip.to.Item=[""NA"", ""NA""]"
"AUXWBR_I","WBXA019","WBXA019","Absorbance Array Data Point 019","Absorbance Array Data Point 019","Both males and females 20 YEARS - 69 YEARS",NA,"Code.or.Value=[""-13.0628 to 0.9994"", "".""]; Value.Description=[""Range of Values"", ""Missing""]; Count=[""8554"", ""0""]; Cumulative=[""8554"", ""8554""]; Skip.to.Item=[""NA"", ""NA""]"
"AUXWBR_I","WBXA020","WBXA020","Absorbance Array Data Point 020","Absorbance Array Data Point 020","Both males and females 20 YEARS - 69 YEARS",NA,"Code.or.Value=[""-14.2008 to 0.9997"", "".""]; Value.Description=[""Range of Values"", ""Missing""]; Count=[""8554"", ""0""]; Cumulative=[""8554"", ""8554""]; Skip.to.Item=[""NA"", ""NA""]"
"AUXWBR_I","WBXA021","WBXA021","Absorbance Array Data Point 021","Absorbance Array Data Point 021","Both males and females 20 YEARS - 69 YEARS",NA,"Code.or.Value=[""-16.4276 to 0.9984"", "".""]; Value.Description=[""Range of Values"", ""Missing""]; Count=[""8554"", ""0""]; Cumulative=[""8554"", ""8554""]; Skip.to.Item=[""NA"", ""NA""]"
"AUXWBR_I","WBXA022","WBXA022","Absorbance Array Data Point 022","Absorbance Array Data Point 022","Both males and females 20 YEARS - 69 YEARS",NA,"Code.or.Value=[""-17.6678 to 0.9991"", "".""]; Value.Description=[""Range of Values"", ""Missing""]; Count=[""8554"", ""0""]; Cumulative=[""8554"", ""8554""]; Skip.to.Item=[""NA"", ""NA""]"
"AUXWBR_I","WBXA023","WBXA023","Absorbance Array Data Point 023","Absorbance Array Data Point 023","Both males and females 20 YEARS - 69 YEARS",NA,"Code.or.Value=[""-15.8088 to 0.9998"", "".""]; Value.Description=[""Range of Values"", ""Missing""]; Count=[""8554"", ""0""]; Cumulative=[""8554"", ""8554""]; Skip.to.Item=[""NA"", ""NA""]"
"AUXWBR_I","WBXA024","WBXA024","Absorbance Array Data Point 024","Absorbance Array Data Point 024","Both males and females 20 YEARS - 69 YEARS",NA,"Code.or.Value=[""-13.8008 to 0.9995"", "".""]; Value.Description=[""Range of Values"", ""Missing""]; Count=[""8554"", ""0""]; Cumulative=[""8554"", ""8554""]; Skip.to.Item=[""NA"", ""NA""]"
"AUXWBR_I","WBXA025","WBXA025","Absorbance Array Data Point 025","Absorbance Array Data Point 025","Both males and females 20 YEARS - 69 YEARS",NA,"Code.or.Value=[""-11.2401 to 0.9992"", "".""]; Value.Description=[""Range of Values"", ""Missing""]; Count=[""8554"", ""0""]; Cumulative=[""8554"", ""8554""]; Skip.to.Item=[""NA"", ""NA""]"
"AUXWBR_I","WBXA026","WBXA026","Absorbance Array Data Point 026","Absorbance Array Data Point 026","Both males and females 20 YEARS - 69 YEARS",NA,"Code.or.Value=[""-9.2263 to 0.9999"", "".""]; Value.Description=[""Range of Values"", ""Missing""]; Count=[""8554"", ""0""]; Cumulative=[""8554"", ""8554""]; Skip.to.Item=[""NA"", ""NA""]"
"AUXWBR_I","WBXA027","WBXA027","Absorbance Array Data Point 027","Absorbance Array Data Point 027","Both males and females 20 YEARS - 69 YEARS",NA,"Code.or.Value=[""-7.3658 to 0.9998"", "".""]; Value.Description=[""Range of Values"", ""Missing""]; Count=[""8554"", ""0""]; Cumulative=[""8554"", ""8554""]; Skip.to.Item=[""NA"", ""NA""]"
"AUXWBR_I","WBXA028","WBXA028","Absorbance Array Data Point 028","Absorbance Array Data Point 028","Both males and females 20 YEARS - 69 YEARS",NA,"Code.or.Value=[""-6.367 to 0.9995"", "".""]; Value.Description=[""Range of Values"", ""Missing""]; Count=[""8554"", ""0""]; Cumulative=[""8554"", ""8554""]; Skip.to.Item=[""NA"", ""NA""]"
"AUXWBR_I","WBXA029","WBXA029","Absorbance Array Data Point 029","Absorbance Array Data Point 029","Both males and females 20 YEARS - 69 YEARS",NA,"Code.or.Value=[""-5.8863 to 0.9996"", "".""]; Value.Description=[""Range of Values"", ""Missing""]; Count=[""8554"", ""0""]; Cumulative=[""8554"", ""8554""]; Skip.to.Item=[""NA"", ""NA""]"
"AUXWBR_I","WBXA030","WBXA030","Absorbance Array Data Point 030","Absorbance Array Data Point 030","Both males and females 20 YEARS - 69 YEARS",NA,"Code.or.Value=[""-5.8039 to 0.9999"", "".""]; Value.Description=[""Range of Values"", ""Missing""]; Count=[""8554"", ""0""]; Cumulative=[""8554"", ""8554""]; Skip.to.Item=[""NA"", ""NA""]"
"AUXWBR_I","WBXA031","WBXA031","Absorbance Array Data Point 031","Absorbance Array Data Point 031","Both males and females 20 YEARS - 69 YEARS",NA,"Code.or.Value=[""-5.4763 to 0.9999"", "".""]; Value.Description=[""Range of Values"", ""Missing""]; Count=[""8554"", ""0""]; Cumulative=[""8554"", ""8554""]; Skip.to.Item=[""NA"", ""NA""]"
"AUXWBR_I","WBXA032","WBXA032","Absorbance Array Data Point 032","Absorbance Array Data Point 032","Both males and females 20 YEARS - 69 YEARS",NA,"Code.or.Value=[""-4.283 to 0.9994"", "".""]; Value.Description=[""Range of Values"", ""Missing""]; Count=[""8554"", ""0""]; Cumulative=[""8554"", ""8554""]; Skip.to.Item=[""NA"", ""NA""]"
"AUXWBR_I","WBXA033","WBXA033","Absorbance Array Data Point 033","Absorbance Array Data Point 033","Both males and females 20 YEARS - 69 YEARS",NA,"Code.or.Value=[""-3.3234 to 0.9998"", "".""]; Value.Description=[""Range of Values"", ""Missing""]; Count=[""8554"", ""0""]; Cumulative=[""8554"", ""8554""]; Skip.to.Item=[""NA"", ""NA""]"
"AUXWBR_I","WBXA034","WBXA034","Absorbance Array Data Point 034","Absorbance Array Data Point 034","Both males and females 20 YEARS - 69 YEARS",NA,"Code.or.Value=[""-3.0963 to 1"", "".""]; Value.Description=[""Range of Values"", ""Missing""]; Count=[""8554"", ""0""]; Cumulative=[""8554"", ""8554""]; Skip.to.Item=[""NA"", ""NA""]"
"AUXWBR_I","WBXA035","WBXA035","Absorbance Array Data Point 035","Absorbance Array Data Point 035","Both males and females 20 YEARS - 69 YEARS",NA,"Code.or.Value=[""-2.995 to 0.9997"", "".""]; Value.Description=[""Range of Values"", ""Missing""]; Count=[""8554"", ""0""]; Cumulative=[""8554"", ""8554""]; Skip.to.Item=[""NA"", ""NA""]"
"AUXWBR_I","WBXA036","WBXA036","Absorbance Array Data Point 036","Absorbance Array Data Point 036","Both males and females 20 YEARS - 69 YEARS",NA,"Code.or.Value=[""-2.6682 to 0.9999"", "".""]; Value.Description=[""Range of Values"", ""Missing""]; Count=[""8554"", ""0""]; Cumulative=[""8554"", ""8554""]; Skip.to.Item=[""NA"", ""NA""]"
"AUXWBR_I","WBXA037","WBXA037","Absorbance Array Data Point 037","Absorbance Array Data Point 037","Both males and females 20 YEARS - 69 YEARS",NA,"Code.or.Value=[""-2.294 to 0.9997"", "".""]; Value.Description=[""Range of Values"", ""Missing""]; Count=[""8554"", ""0""]; Cumulative=[""8554"", ""8554""]; Skip.to.Item=[""NA"", ""NA""]"
"AUXWBR_I","WBXA038","WBXA038","Absorbance Array Data Point 038","Absorbance Array Data Point 038","Both males and females 20 YEARS - 69 YEARS",NA,"Code.or.Value=[""-2.2078 to 0.9991"", "".""]; Value.Description=[""Range of Values"", ""Missing""]; Count=[""8554"", ""0""]; Cumulative=[""8554"", ""8554""]; Skip.to.Item=[""NA"", ""NA""]"
"AUXWBR_I","WBXA039","WBXA039","Absorbance Array Data Point 039","Absorbance Array Data Point 039","Both males and females 20 YEARS - 69 YEARS",NA,"Code.or.Value=[""-1.6913 to 1"", "".""]; Value.Description=[""Range of Values"", ""Missing""]; Count=[""8554"", ""0""]; Cumulative=[""8554"", ""8554""]; Skip.to.Item=[""NA"", ""NA""]"
"AUXWBR_I","WBXA040","WBXA040","Absorbance Array Data Point 040","Absorbance Array Data Point 040","Both males and females 20 YEARS - 69 YEARS",NA,"Code.or.Value=[""-1.5756 to 0.9998"", "".""]; Value.Description=[""Range of Values"", ""Missing""]; Count=[""8554"", ""0""]; Cumulative=[""8554"", ""8554""]; Skip.to.Item=[""NA"", ""NA""]"
"AUXWBR_I","WBXA041","WBXA041","Absorbance Array Data Point 041","Absorbance Array Data Point 041","Both males and females 20 YEARS - 69 YEARS",NA,"Code.or.Value=[""-1.5089 to 0.9999"", "".""]; Value.Description=[""Range of Values"", ""Missing""]; Count=[""8554"", ""0""]; Cumulative=[""8554"", ""8554""]; Skip.to.Item=[""NA"", ""NA""]"
"AUXWBR_I","WBXA042","WBXA042","Absorbance Array Data Point 042","Absorbance Array Data Point 042","Both males and females 20 YEARS - 69 YEARS",NA,"Code.or.Value=[""-1.4915 to 0.9999"", "".""]; Value.Description=[""Range of Values"", ""Missing""]; Count=[""8554"", ""0""]; Cumulative=[""8554"", ""8554""]; Skip.to.Item=[""NA"", ""NA""]"
"AUXWBR_I","WBXA043","WBXA043","Absorbance Array Data Point 043","Absorbance Array Data Point 043","Both males and females 20 YEARS - 69 YEARS",NA,"Code.or.Value=[""-1.5323 to 0.9994"", "".""]; Value.Description=[""Range of Values"", ""Missing""]; Count=[""8554"", ""0""]; Cumulative=[""8554"", ""8554""]; Skip.to.Item=[""NA"", ""NA""]"
"AUXWBR_I","WBXA044","WBXA044","Absorbance Array Data Point 044","Absorbance Array Data Point 044","Both males and females 20 YEARS - 69 YEARS",NA,"Code.or.Value=[""-1.6455 to 0.9992"", "".""]; Value.Description=[""Range of Values"", ""Missing""]; Count=[""8554"", ""0""]; Cumulative=[""8554"", ""8554""]; Skip.to.Item=[""NA"", ""NA""]"
"AUXWBR_I","WBXA045","WBXA045","Absorbance Array Data Point 045","Absorbance Array Data Point 045","Both males and females 20 YEARS - 69 YEARS",NA,"Code.or.Value=[""-1.8662 to 1"", "".""]; Value.Description=[""Range of Values"", ""Missing""]; Count=[""8554"", ""0""]; Cumulative=[""8554"", ""8554""]; Skip.to.Item=[""NA"", ""NA""]"
"AUXWBR_I","WBXA046","WBXA046","Absorbance Array Data Point 046","Absorbance Array Data Point 046","Both males and females 20 YEARS - 69 YEARS",NA,"Code.or.Value=[""-1.9715 to 0.9999"", "".""]; Value.Description=[""Range of Values"", ""Missing""]; Count=[""8554"", ""0""]; Cumulative=[""8554"", ""8554""]; Skip.to.Item=[""NA"", ""NA""]"
"AUXWBR_I","WBXA047","WBXA047","Absorbance Array Data Point 047","Absorbance Array Data Point 047","Both males and females 20 YEARS - 69 YEARS",NA,"Code.or.Value=[""-1.8975 to 0.9997"", "".""]; Value.Description=[""Range of Values"", ""Missing""]; Count=[""8554"", ""0""]; Cumulative=[""8554"", ""8554""]; Skip.to.Item=[""NA"", ""NA""]"
"AUXWBR_I","WBXA048","WBXA048","Absorbance Array Data Point 048","Absorbance Array Data Point 048","Both males and females 20 YEARS - 69 YEARS",NA,"Code.or.Value=[""-2.0594 to 0.9999"", "".""]; Value.Description=[""Range of Values"", ""Missing""]; Count=[""8554"", ""0""]; Cumulative=[""8554"", ""8554""]; Skip.to.Item=[""NA"", ""NA""]"
"AUXWBR_I","WBXA049","WBXA049","Absorbance Array Data Point 049","Absorbance Array Data Point 049","Both males and females 20 YEARS - 69 YEARS",NA,"Code.or.Value=[""-2.6547 to 0.9999"", "".""]; Value.Description=[""Range of Values"", ""Missing""]; Count=[""8554"", ""0""]; Cumulative=[""8554"", ""8554""]; Skip.to.Item=[""NA"", ""NA""]"
"AUXWBR_I","WBXA050","WBXA050","Absorbance Array Data Point 050","Absorbance Array Data Point 050","Both males and females 20 YEARS - 69 YEARS",NA,"Code.or.Value=[""-3.1151 to 0.9999"", "".""]; Value.Description=[""Range of Values"", ""Missing""]; Count=[""8554"", ""0""]; Cumulative=[""8554"", ""8554""]; Skip.to.Item=[""NA"", ""NA""]"
"AUXWBR_I","WBXA051","WBXA051","Absorbance Array Data Point 051","Absorbance Array Data Point 051","Both males and females 20 YEARS - 69 YEARS",NA,"Code.or.Value=[""-3.0747 to 0.9999"", "".""]; Value.Description=[""Range of Values"", ""Missing""]; Count=[""8554"", ""0""]; Cumulative=[""8554"", ""8554""]; Skip.to.Item=[""NA"", ""NA""]"
"AUXWBR_I","WBXA052","WBXA052","Absorbance Array Data Point 052","Absorbance Array Data Point 052","Both males and females 20 YEARS - 69 YEARS",NA,"Code.or.Value=[""-2.9635 to 0.9996"", "".""]; Value.Description=[""Range of Values"", ""Missing""]; Count=[""8554"", ""0""]; Cumulative=[""8554"", ""8554""]; Skip.to.Item=[""NA"", ""NA""]"
"AUXWBR_I","WBXA053","WBXA053","Absorbance Array Data Point 053","Absorbance Array Data Point 053","Both males and females 20 YEARS - 69 YEARS",NA,"Code.or.Value=[""-3.7095 to 0.9997"", "".""]; Value.Description=[""Range of Values"", ""Missing""]; Count=[""8554"", ""0""]; Cumulative=[""8554"", ""8554""]; Skip.to.Item=[""NA"", ""NA""]"
"AUXWBR_I","WBXA054","WBXA054","Absorbance Array Data Point 054","Absorbance Array Data Point 054","Both males and females 20 YEARS - 69 YEARS",NA,"Code.or.Value=[""-4.5765 to 0.9998"", "".""]; Value.Description=[""Range of Values"", ""Missing""]; Count=[""8554"", ""0""]; Cumulative=[""8554"", ""8554""]; Skip.to.Item=[""NA"", ""NA""]"
"AUXWBR_I","WBXA055","WBXA055","Absorbance Array Data Point 055","Absorbance Array Data Point 055","Both males and females 20 YEARS - 69 YEARS",NA,"Code.or.Value=[""-5.3039 to 1"", "".""]; Value.Description=[""Range of Values"", ""Missing""]; Count=[""8554"", ""0""]; Cumulative=[""8554"", ""8554""]; Skip.to.Item=[""NA"", ""NA""]"
"AUXWBR_I","WBXA056","WBXA056","Absorbance Array Data Point 056","Absorbance Array Data Point 056","Both males and females 20 YEARS - 69 YEARS",NA,"Code.or.Value=[""-6.0333 to 0.9999"", "".""]; Value.Description=[""Range of Values"", ""Missing""]; Count=[""8554"", ""0""]; Cumulative=[""8554"", ""8554""]; Skip.to.Item=[""NA"", ""NA""]"
"AUXWBR_I","WBXA057","WBXA057","Absorbance Array Data Point 057","Absorbance Array Data Point 057","Both males and females 20 YEARS - 69 YEARS",NA,"Code.or.Value=[""-5.6685 to 0.9999"", "".""]; Value.Description=[""Range of Values"", ""Missing""]; Count=[""8554"", ""0""]; Cumulative=[""8554"", ""8554""]; Skip.to.Item=[""NA"", ""NA""]"
"AUXWBR_I","WBXA058","WBXA058","Absorbance Array Data Point 058","Absorbance Array Data Point 058","Both males and females 20 YEARS - 69 YEARS",NA,"Code.or.Value=[""-5.7405 to 0.9998"", "".""]; Value.Description=[""Range of Values"", ""Missing""]; Count=[""8554"", ""0""]; Cumulative=[""8554"", ""8554""]; Skip.to.Item=[""NA"", ""NA""]"
"AUXWBR_I","WBXA059","WBXA059","Absorbance Array Data Point 059","Absorbance Array Data Point 059","Both males and females 20 YEARS - 69 YEARS",NA,"Code.or.Value=[""-5.6741 to 0.9997"", "".""]; Value.Description=[""Range of Values"", ""Missing""]; Count=[""8554"", ""0""]; Cumulative=[""8554"", ""8554""]; Skip.to.Item=[""NA"", ""NA""]"
"AUXWBR_I","WBXA060","WBXA060","Absorbance Array Data Point 060","Absorbance Array Data Point 060","Both males and females 20 YEARS - 69 YEARS",NA,"Code.or.Value=[""-5.1735 to 0.9997"", "".""]; Value.Description=[""Range of Values"", ""Missing""]; Count=[""8554"", ""0""]; Cumulative=[""8554"", ""8554""]; Skip.to.Item=[""NA"", ""NA""]"
"AUXWBR_I","WBXA061","WBXA061","Absorbance Array Data Point 061","Absorbance Array Data Point 061","Both males and females 20 YEARS - 69 YEARS",NA,"Code.or.Value=[""-4.1606 to 0.9996"", "".""]; Value.Description=[""Range of Values"", ""Missing""]; Count=[""8554"", ""0""]; Cumulative=[""8554"", ""8554""]; Skip.to.Item=[""NA"", ""NA""]"
"AUXWBR_I","WBXA062","WBXA062","Absorbance Array Data Point 062","Absorbance Array Data Point 062","Both males and females 20 YEARS - 69 YEARS",NA,"Code.or.Value=[""-3.5307 to 0.9995"", "".""]; Value.Description=[""Range of Values"", ""Missing""]; Count=[""8554"", ""0""]; Cumulative=[""8554"", ""8554""]; Skip.to.Item=[""NA"", ""NA""]"
"AUXWBR_I","WBXA063","WBXA063","Absorbance Array Data Point 063","Absorbance Array Data Point 063","Both males and females 20 YEARS - 69 YEARS",NA,"Code.or.Value=[""-2.6904 to 0.9999"", "".""]; Value.Description=[""Range of Values"", ""Missing""]; Count=[""8554"", ""0""]; Cumulative=[""8554"", ""8554""]; Skip.to.Item=[""NA"", ""NA""]"
"AUXWBR_I","WBXA064","WBXA064","Absorbance Array Data Point 064","Absorbance Array Data Point 064","Both males and females 20 YEARS - 69 YEARS",NA,"Code.or.Value=[""-2.2849 to 0.9999"", "".""]; Value.Description=[""Range of Values"", ""Missing""]; Count=[""8554"", ""0""]; Cumulative=[""8554"", ""8554""]; Skip.to.Item=[""NA"", ""NA""]"
"AUXWBR_I","WBXA065","WBXA065","Absorbance Array Data Point 065","Absorbance Array Data Point 065","Both males and females 20 YEARS - 69 YEARS",NA,"Code.or.Value=[""-1.7226 to 0.9999"", "".""]; Value.Description=[""Range of Values"", ""Missing""]; Count=[""8554"", ""0""]; Cumulative=[""8554"", ""8554""]; Skip.to.Item=[""NA"", ""NA""]"
"AUXWBR_I","WBXA066","WBXA066","Absorbance Array Data Point 066","Absorbance Array Data Point 066","Both males and females 20 YEARS - 69 YEARS",NA,"Code.or.Value=[""-1.3804 to 0.9998"", "".""]; Value.Description=[""Range of Values"", ""Missing""]; Count=[""8554"", ""0""]; Cumulative=[""8554"", ""8554""]; Skip.to.Item=[""NA"", ""NA""]"
"AUXWBR_I","WBXA067","WBXA067","Absorbance Array Data Point 067","Absorbance Array Data Point 067","Both males and females 20 YEARS - 69 YEARS",NA,"Code.or.Value=[""."", ""-1.1958 to 0.9999""]; Value.Description=[""Missing"", ""Range of Values""]; Count=[""0"", ""8554""]; Cumulative=[""8554"", ""8554""]; Skip.to.Item=[""NA"", ""NA""]"
"AUXWBR_I","WBXA068","WBXA068","Absorbance Array Data Point 068","Absorbance Array Data Point 068","Both males and females 20 YEARS - 69 YEARS",NA,"Code.or.Value=[""-1.0608 to 0.9996"", "".""]; Value.Description=[""Range of Values"", ""Missing""]; Count=[""8554"", ""0""]; Cumulative=[""8554"", ""8554""]; Skip.to.Item=[""NA"", ""NA""]"
"AUXWBR_I","WBXA069","WBXA069","Absorbance Array Data Point 069","Absorbance Array Data Point 069","Both males and females 20 YEARS - 69 YEARS",NA,"Code.or.Value=[""-1.2112 to 0.9996"", "".""]; Value.Description=[""Range of Values"", ""Missing""]; Count=[""8554"", ""0""]; Cumulative=[""8554"", ""8554""]; Skip.to.Item=[""NA"", ""NA""]"
"AUXWBR_I","WBXA070","WBXA070","Absorbance Array Data Point 070","Absorbance Array Data Point 070","Both males and females 20 YEARS - 69 YEARS",NA,"Code.or.Value=[""-1.2234 to 0.9996"", "".""]; Value.Description=[""Range of Values"", ""Missing""]; Count=[""8554"", ""0""]; Cumulative=[""8554"", ""8554""]; Skip.to.Item=[""NA"", ""NA""]"
"AUXWBR_I","WBXA071","WBXA071","Absorbance Array Data Point 071","Absorbance Array Data Point 071","Both males and females 20 YEARS - 69 YEARS",NA,"Code.or.Value=[""-1.246 to 0.9999"", "".""]; Value.Description=[""Range of Values"", ""Missing""]; Count=[""8554"", ""0""]; Cumulative=[""8554"", ""8554""]; Skip.to.Item=[""NA"", ""NA""]"
"AUXWBR_I","WBXA072","WBXA072","Absorbance Array Data Point 072","Absorbance Array Data Point 072","Both males and females 20 YEARS - 69 YEARS",NA,"Code.or.Value=[""-1.1079 to 0.9994"", "".""]; Value.Description=[""Range of Values"", ""Missing""]; Count=[""8554"", ""0""]; Cumulative=[""8554"", ""8554""]; Skip.to.Item=[""NA"", ""NA""]"
"AUXWBR_I","WBXA073","WBXA073","Absorbance Array Data Point 073","Absorbance Array Data Point 073","Both males and females 20 YEARS - 69 YEARS",NA,"Code.or.Value=[""-1.1225 to 0.9998"", "".""]; Value.Description=[""Range of Values"", ""Missing""]; Count=[""8554"", ""0""]; Cumulative=[""8554"", ""8554""]; Skip.to.Item=[""NA"", ""NA""]"
"AUXWBR_I","WBXA074","WBXA074","Absorbance Array Data Point 074","Absorbance Array Data Point 074","Both males and females 20 YEARS - 69 YEARS",NA,"Code.or.Value=[""-0.8555 to 0.9987"", "".""]; Value.Description=[""Range of Values"", ""Missing""]; Count=[""8554"", ""0""]; Cumulative=[""8554"", ""8554""]; Skip.to.Item=[""NA"", ""NA""]"
"AUXWBR_I","WBXA075","WBXA075","Absorbance Array Data Point 075","Absorbance Array Data Point 075","Both males and females 20 YEARS - 69 YEARS",NA,"Code.or.Value=[""-0.8587 to 0.9998"", "".""]; Value.Description=[""Range of Values"", ""Missing""]; Count=[""8554"", ""0""]; Cumulative=[""8554"", ""8554""]; Skip.to.Item=[""NA"", ""NA""]"
"AUXWBR_I","WBXA076","WBXA076","Absorbance Array Data Point 076","Absorbance Array Data Point 076","Both males and females 20 YEARS - 69 YEARS",NA,"Code.or.Value=[""-0.6539 to 0.9997"", "".""]; Value.Description=[""Range of Values"", ""Missing""]; Count=[""8554"", ""0""]; Cumulative=[""8554"", ""8554""]; Skip.to.Item=[""NA"", ""NA""]"
"AUXWBR_I","WBXA077","WBXA077","Absorbance Array Data Point 077","Absorbance Array Data Point 077","Both males and females 20 YEARS - 69 YEARS",NA,"Code.or.Value=[""-0.774 to 0.9992"", "".""]; Value.Description=[""Range of Values"", ""Missing""]; Count=[""8554"", ""0""]; Cumulative=[""8554"", ""8554""]; Skip.to.Item=[""NA"", ""NA""]"
"AUXWBR_I","WBXA078","WBXA078","Absorbance Array Data Point 078","Absorbance Array Data Point 078","Both males and females 20 YEARS - 69 YEARS",NA,"Code.or.Value=[""-1.2565 to 0.9995"", "".""]; Value.Description=[""Range of Values"", ""Missing""]; Count=[""8554"", ""0""]; Cumulative=[""8554"", ""8554""]; Skip.to.Item=[""NA"", ""NA""]"
"AUXWBR_I","WBXA079","WBXA079","Absorbance Array Data Point 079","Absorbance Array Data Point 079","Both males and females 20 YEARS - 69 YEARS",NA,"Code.or.Value=[""-2.225 to 0.9992"", "".""]; Value.Description=[""Range of Values"", ""Missing""]; Count=[""8554"", ""0""]; Cumulative=[""8554"", ""8554""]; Skip.to.Item=[""NA"", ""NA""]"
"AUXWBR_I","WBXA080","WBXA080","Absorbance Array Data Point 080","Absorbance Array Data Point 080","Both males and females 20 YEARS - 69 YEARS",NA,"Code.or.Value=[""-2.9495 to 0.9997"", "".""]; Value.Description=[""Range of Values"", ""Missing""]; Count=[""8554"", ""0""]; Cumulative=[""8554"", ""8554""]; Skip.to.Item=[""NA"", ""NA""]"
"AUXWBR_I","WBXA081","WBXA081","Absorbance Array Data Point 081","Absorbance Array Data Point 081","Both males and females 20 YEARS - 69 YEARS",NA,"Code.or.Value=[""-3.8267 to 0.9999"", "".""]; Value.Description=[""Range of Values"", ""Missing""]; Count=[""8554"", ""0""]; Cumulative=[""8554"", ""8554""]; Skip.to.Item=[""NA"", ""NA""]"
"AUXWBR_I","WBXA082","WBXA082","Absorbance Array Data Point 082","Absorbance Array Data Point 082","Both males and females 20 YEARS - 69 YEARS",NA,"Code.or.Value=[""-4.9808 to 0.9998"", "".""]; Value.Description=[""Range of Values"", ""Missing""]; Count=[""8554"", ""0""]; Cumulative=[""8554"", ""8554""]; Skip.to.Item=[""NA"", ""NA""]"
"AUXWBR_I","WBXA083","WBXA083","Absorbance Array Data Point 083","Absorbance Array Data Point 083","Both males and females 20 YEARS - 69 YEARS",NA,"Code.or.Value=[""-6.6558 to 0.9987"", "".""]; Value.Description=[""Range of Values"", ""Missing""]; Count=[""8554"", ""0""]; Cumulative=[""8554"", ""8554""]; Skip.to.Item=[""NA"", ""NA""]"
"AUXWBR_I","WBXA084","WBXA084","Absorbance Array Data Point 084","Absorbance Array Data Point 084","Both males and females 20 YEARS - 69 YEARS",NA,"Code.or.Value=[""-6.8659 to 0.9985"", "".""]; Value.Description=[""Range of Values"", ""Missing""]; Count=[""8554"", ""0""]; Cumulative=[""8554"", ""8554""]; Skip.to.Item=[""NA"", ""NA""]"
"AUXWBR_I","WBXA085","WBXA085","Absorbance Array Data Point 085","Absorbance Array Data Point 085","Both males and females 20 YEARS - 69 YEARS",NA,"Code.or.Value=[""-8.9269 to 0.9987"", "".""]; Value.Description=[""Range of Values"", ""Missing""]; Count=[""8554"", ""0""]; Cumulative=[""8554"", ""8554""]; Skip.to.Item=[""NA"", ""NA""]"
"AUXWBR_I","WBXA086","WBXA086","Absorbance Array Data Point 086","Absorbance Array Data Point 086","Both males and females 20 YEARS - 69 YEARS",NA,"Code.or.Value=[""-11.6708 to 0.9988"", "".""]; Value.Description=[""Range of Values"", ""Missing""]; Count=[""8554"", ""0""]; Cumulative=[""8554"", ""8554""]; Skip.to.Item=[""NA"", ""NA""]"
"AUXWBR_I","WBXA087","WBXA087","Absorbance Array Data Point 087","Absorbance Array Data Point 087","Both males and females 20 YEARS - 69 YEARS",NA,"Code.or.Value=[""-13.1801 to 0.9988"", "".""]; Value.Description=[""Range of Values"", ""Missing""]; Count=[""8554"", ""0""]; Cumulative=[""8554"", ""8554""]; Skip.to.Item=[""NA"", ""NA""]"
"AUXWBR_I","WBXA088","WBXA088","Absorbance Array Data Point 088","Absorbance Array Data Point 088","Both males and females 20 YEARS - 69 YEARS",NA,"Code.or.Value=[""-12.3676 to 0.9985"", "".""]; Value.Description=[""Range of Values"", ""Missing""]; Count=[""8554"", ""0""]; Cumulative=[""8554"", ""8554""]; Skip.to.Item=[""NA"", ""NA""]"
"AUXWBR_I","WBXA089","WBXA089","Absorbance Array Data Point 089","Absorbance Array Data Point 089","Both males and females 20 YEARS - 69 YEARS",NA,"Code.or.Value=[""-12.9005 to 0.9988"", "".""]; Value.Description=[""Range of Values"", ""Missing""]; Count=[""8554"", ""0""]; Cumulative=[""8554"", ""8554""]; Skip.to.Item=[""NA"", ""NA""]"
"AUXWBR_I","WBXA090","WBXA090","Absorbance Array Data Point 090","Absorbance Array Data Point 090","Both males and females 20 YEARS - 69 YEARS",NA,"Code.or.Value=[""-15.4917 to 0.9997"", "".""]; Value.Description=[""Range of Values"", ""Missing""]; Count=[""8554"", ""0""]; Cumulative=[""8554"", ""8554""]; Skip.to.Item=[""NA"", ""NA""]"
"AUXWBR_I","WBXA091","WBXA091","Absorbance Array Data Point 091","Absorbance Array Data Point 091","Both males and females 20 YEARS - 69 YEARS",NA,"Code.or.Value=[""-26.7764 to 0.9987"", "".""]; Value.Description=[""Range of Values"", ""Missing""]; Count=[""8554"", ""0""]; Cumulative=[""8554"", ""8554""]; Skip.to.Item=[""NA"", ""NA""]"
"AUXWBR_I","WBXA092","WBXA092","Absorbance Array Data Point 092","Absorbance Array Data Point 092","Both males and females 20 YEARS - 69 YEARS",NA,"Code.or.Value=[""-80.1168 to 0.9949"", "".""]; Value.Description=[""Range of Values"", ""Missing""]; Count=[""8554"", ""0""]; Cumulative=[""8554"", ""8554""]; Skip.to.Item=[""NA"", ""NA""]"
"AUXWBR_I","WBXA093","WBXA093","Absorbance Array Data Point 093","Absorbance Array Data Point 093","Both males and females 20 YEARS - 69 YEARS",NA,"Code.or.Value=[""-508.2109 to 0.993"", "".""]; Value.Description=[""Range of Values"", ""Missing""]; Count=[""8554"", ""0""]; Cumulative=[""8554"", ""8554""]; Skip.to.Item=[""NA"", ""NA""]"
"AUXWBR_I","WBXA094","WBXA094","Absorbance Array Data Point 094","Absorbance Array Data Point 094","Both males and females 20 YEARS - 69 YEARS",NA,"Code.or.Value=[""-379.9274 to 0.9949"", "".""]; Value.Description=[""Range of Values"", ""Missing""]; Count=[""8554"", ""0""]; Cumulative=[""8554"", ""8554""]; Skip.to.Item=[""NA"", ""NA""]"
"AUXWBR_I","WBXA095","WBXA095","Absorbance Array Data Point 095","Absorbance Array Data Point 095","Both males and females 20 YEARS - 69 YEARS",NA,"Code.or.Value=[""-127.3724 to 0.9981"", "".""]; Value.Description=[""Range of Values"", ""Missing""]; Count=[""8554"", ""0""]; Cumulative=[""8554"", ""8554""]; Skip.to.Item=[""NA"", ""NA""]"
"AUXWBR_I","WBXA096","WBXA096","Absorbance Array Data Point 096","Absorbance Array Data Point 096","Both males and females 20 YEARS - 69 YEARS",NA,"Code.or.Value=[""-309.3639 to 0.9996"", "".""]; Value.Description=[""Range of Values"", ""Missing""]; Count=[""8554"", ""0""]; Cumulative=[""8554"", ""8554""]; Skip.to.Item=[""NA"", ""NA""]"
"AUXWBR_I","WBXA097","WBXA097","Absorbance Array Data Point 097","Absorbance Array Data Point 097","Both males and females 20 YEARS - 69 YEARS",NA,"Code.or.Value=[""-211.7155 to 0.9968"", "".""]; Value.Description=[""Range of Values"", ""Missing""]; Count=[""8554"", ""0""]; Cumulative=[""8554"", ""8554""]; Skip.to.Item=[""NA"", ""NA""]"
"AUXWBR_I","WBXA098","WBXA098","Absorbance Array Data Point 098","Absorbance Array Data Point 098","Both males and females 20 YEARS - 69 YEARS",NA,"Code.or.Value=[""-99.42 to 0.9989"", "".""]; Value.Description=[""Range of Values"", ""Missing""]; Count=[""8554"", ""0""]; Cumulative=[""8554"", ""8554""]; Skip.to.Item=[""NA"", ""NA""]"
"AUXWBR_I","WBXA099","WBXA099","Absorbance Array Data Point 099","Absorbance Array Data Point 099","Both males and females 20 YEARS - 69 YEARS",NA,"Code.or.Value=[""-56.2723 to 0.9958"", "".""]; Value.Description=[""Range of Values"", ""Missing""]; Count=[""8554"", ""0""]; Cumulative=[""8554"", ""8554""]; Skip.to.Item=[""NA"", ""NA""]"
"AUXWBR_I","WBXA100","WBXA100","Absorbance Array Data Point 100","Absorbance Array Data Point 100","Both males and females 20 YEARS - 69 YEARS",NA,"Code.or.Value=[""-37.3245 to 0.9947"", "".""]; Value.Description=[""Range of Values"", ""Missing""]; Count=[""8554"", ""0""]; Cumulative=[""8554"", ""8554""]; Skip.to.Item=[""NA"", ""NA""]"
"AUXWBR_I","WBXA101","WBXA101","Absorbance Array Data Point 101","Absorbance Array Data Point 101","Both males and females 20 YEARS - 69 YEARS",NA,"Code.or.Value=[""-20.628 to 0.9982"", "".""]; Value.Description=[""Range of Values"", ""Missing""]; Count=[""8554"", ""0""]; Cumulative=[""8554"", ""8554""]; Skip.to.Item=[""NA"", ""NA""]"
"AUXWBR_I","WBXA102","WBXA102","Absorbance Array Data Point 102","Absorbance Array Data Point 102","Both males and females 20 YEARS - 69 YEARS",NA,"Code.or.Value=[""-13.2639 to 0.9981"", "".""]; Value.Description=[""Range of Values"", ""Missing""]; Count=[""8554"", ""0""]; Cumulative=[""8554"", ""8554""]; Skip.to.Item=[""NA"", ""NA""]"
"AUXWBR_I","WBXA103","WBXA103","Absorbance Array Data Point 103","Absorbance Array Data Point 103","Both males and females 20 YEARS - 69 YEARS",NA,"Code.or.Value=[""-9.865 to 0.9977"", "".""]; Value.Description=[""Range of Values"", ""Missing""]; Count=[""8554"", ""0""]; Cumulative=[""8554"", ""8554""]; Skip.to.Item=[""NA"", ""NA""]"
"AUXWBR_I","WBXA104","WBXA104","Absorbance Array Data Point 104","Absorbance Array Data Point 104","Both males and females 20 YEARS - 69 YEARS",NA,"Code.or.Value=[""-7.6111 to 0.9933"", "".""]; Value.Description=[""Range of Values"", ""Missing""]; Count=[""8554"", ""0""]; Cumulative=[""8554"", ""8554""]; Skip.to.Item=[""NA"", ""NA""]"
"AUXWBR_I","WBXA105","WBXA105","Absorbance Array Data Point 105","Absorbance Array Data Point 105","Both males and females 20 YEARS - 69 YEARS",NA,"Code.or.Value=[""-6.7106 to 0.9968"", "".""]; Value.Description=[""Range of Values"", ""Missing""]; Count=[""8554"", ""0""]; Cumulative=[""8554"", ""8554""]; Skip.to.Item=[""NA"", ""NA""]"
"AUXWBR_I","WBXA106","WBXA106","Absorbance Array Data Point 106","Absorbance Array Data Point 106","Both males and females 20 YEARS - 69 YEARS",NA,"Code.or.Value=[""-5.8403 to 0.9988"", "".""]; Value.Description=[""Range of Values"", ""Missing""]; Count=[""8554"", ""0""]; Cumulative=[""8554"", ""8554""]; Skip.to.Item=[""NA"", ""NA""]"
"AUXWBR_I","WBXA107","WBXA107","Absorbance Array Data Point 107","Absorbance Array Data Point 107","Both males and females 20 YEARS - 69 YEARS",NA,"Code.or.Value=[""-5.1633 to 0.9999"", "".""]; Value.Description=[""Range of Values"", ""Missing""]; Count=[""8554"", ""0""]; Cumulative=[""8554"", ""8554""]; Skip.to.Item=[""NA"", ""NA""]"
"AUXWBR_I","WBXP001","WBXP001","Phase Array Data Point 001","Phase Array Data Point 001","Both males and females 20 YEARS - 69 YEARS",NA,"Code.or.Value=[""-161.4187 to 146.7616"", "".""]; Value.Description=[""Range of Values"", ""Missing""]; Count=[""8551"", ""3""]; Cumulative=[""8551"", ""8554""]; Skip.to.Item=[""NA"", ""NA""]"
"AUXWBR_I","WBXP002","WBXP002","Phase Array Data Point 002","Phase Array Data Point 002","Both males and females 20 YEARS - 69 YEARS",NA,"Code.or.Value=[""-153.0872 to 145.5096"", "".""]; Value.Description=[""Range of Values"", ""Missing""]; Count=[""8551"", ""3""]; Cumulative=[""8551"", ""8554""]; Skip.to.Item=[""NA"", ""NA""]"
"AUXWBR_I","WBXP003","WBXP003","Phase Array Data Point 003","Phase Array Data Point 003","Both males and females 20 YEARS - 69 YEARS",NA,"Code.or.Value=[""-167.8819 to 146.3112"", "".""]; Value.Description=[""Range of Values"", ""Missing""]; Count=[""8551"", ""3""]; Cumulative=[""8551"", ""8554""]; Skip.to.Item=[""NA"", ""NA""]"
"AUXWBR_I","WBXP004","WBXP004","Phase Array Data Point 004","Phase Array Data Point 004","Both males and females 20 YEARS - 69 YEARS",NA,"Code.or.Value=[""-134.8175 to 148.887"", "".""]; Value.Description=[""Range of Values"", ""Missing""]; Count=[""8551"", ""3""]; Cumulative=[""8551"", ""8554""]; Skip.to.Item=[""NA"", ""NA""]"
"AUXWBR_I","WBXP005","WBXP005","Phase Array Data Point 005","Phase Array Data Point 005","Both males and females 20 YEARS - 69 YEARS",NA,"Code.or.Value=[""-56.6965 to 176.6393"", "".""]; Value.Description=[""Range of Values"", ""Missing""]; Count=[""8551"", ""3""]; Cumulative=[""8551"", ""8554""]; Skip.to.Item=[""NA"", ""NA""]"
"AUXWBR_I","WBXP006","WBXP006","Phase Array Data Point 006","Phase Array Data Point 006","Both males and females 20 YEARS - 69 YEARS",NA,"Code.or.Value=[""-163.4463 to 170.966"", "".""]; Value.Description=[""Range of Values"", ""Missing""]; Count=[""8551"", ""3""]; Cumulative=[""8551"", ""8554""]; Skip.to.Item=[""NA"", ""NA""]"
"AUXWBR_I","WBXP007","WBXP007","Phase Array Data Point 007","Phase Array Data Point 007","Both males and females 20 YEARS - 69 YEARS",NA,"Code.or.Value=[""-113.8482 to 151.2211"", "".""]; Value.Description=[""Range of Values"", ""Missing""]; Count=[""8551"", ""3""]; Cumulative=[""8551"", ""8554""]; Skip.to.Item=[""NA"", ""NA""]"
"AUXWBR_I","WBXP008","WBXP008","Phase Array Data Point 008","Phase Array Data Point 008","Both males and females 20 YEARS - 69 YEARS",NA,"Code.or.Value=[""-102.7933 to 150.0474"", "".""]; Value.Description=[""Range of Values"", ""Missing""]; Count=[""8551"", ""3""]; Cumulative=[""8551"", ""8554""]; Skip.to.Item=[""NA"", ""NA""]"
"AUXWBR_I","WBXP009","WBXP009","Phase Array Data Point 009","Phase Array Data Point 009","Both males and females 20 YEARS - 69 YEARS",NA,"Code.or.Value=[""-49.4989 to 174.4808"", "".""]; Value.Description=[""Range of Values"", ""Missing""]; Count=[""8551"", ""3""]; Cumulative=[""8551"", ""8554""]; Skip.to.Item=[""NA"", ""NA""]"
"AUXWBR_I","WBXP010","WBXP010","Phase Array Data Point 010","Phase Array Data Point 010","Both males and females 20 YEARS - 69 YEARS",NA,"Code.or.Value=[""-170.5722 to 153.7311"", "".""]; Value.Description=[""Range of Values"", ""Missing""]; Count=[""8551"", ""3""]; Cumulative=[""8551"", ""8554""]; Skip.to.Item=[""NA"", ""NA""]"
"AUXWBR_I","WBXP011","WBXP011","Phase Array Data Point 011","Phase Array Data Point 011","Both males and females 20 YEARS - 69 YEARS",NA,"Code.or.Value=[""."", ""-138.7303 to 156.319""]; Value.Description=[""Missing"", ""Range of Values""]; Count=[""3"", ""8551""]; Cumulative=[""8554"", ""8551""]; Skip.to.Item=[""NA"", ""NA""]"
"AUXWBR_I","WBXP012","WBXP012","Phase Array Data Point 012","Phase Array Data Point 012","Both males and females 20 YEARS - 69 YEARS",NA,"Code.or.Value=[""-32.7893 to 173.239"", "".""]; Value.Description=[""Range of Values"", ""Missing""]; Count=[""8551"", ""3""]; Cumulative=[""8551"", ""8554""]; Skip.to.Item=[""NA"", ""NA""]"
"AUXWBR_I","WBXP013","WBXP013","Phase Array Data Point 013","Phase Array Data Point 013","Both males and females 20 YEARS - 69 YEARS",NA,"Code.or.Value=[""-51.1833 to 173.069"", "".""]; Value.Description=[""Range of Values"", ""Missing""]; Count=[""8551"", ""3""]; Cumulative=[""8551"", ""8554""]; Skip.to.Item=[""NA"", ""NA""]"
"AUXWBR_I","WBXP014","WBXP014","Phase Array Data Point 014","Phase Array Data Point 014","Both males and females 20 YEARS - 69 YEARS",NA,"Code.or.Value=[""-164.938 to 155.8216"", "".""]; Value.Description=[""Range of Values"", ""Missing""]; Count=[""8551"", ""3""]; Cumulative=[""8551"", ""8554""]; Skip.to.Item=[""NA"", ""NA""]"
"AUXWBR_I","WBXP015","WBXP015","Phase Array Data Point 015","Phase Array Data Point 015","Both males and females 20 YEARS - 69 YEARS",NA,"Code.or.Value=[""-23.2242 to 156.5482"", "".""]; Value.Description=[""Range of Values"", ""Missing""]; Count=[""8551"", ""3""]; Cumulative=[""8551"", ""8554""]; Skip.to.Item=[""NA"", ""NA""]"
"AUXWBR_I","WBXP016","WBXP016","Phase Array Data Point 016","Phase Array Data Point 016","Both males and females 20 YEARS - 69 YEARS",NA,"Code.or.Value=[""-179.9524 to 157.3479"", "".""]; Value.Description=[""Range of Values"", ""Missing""]; Count=[""8551"", ""3""]; Cumulative=[""8551"", ""8554""]; Skip.to.Item=[""NA"", ""NA""]"
"AUXWBR_I","WBXP017","WBXP017","Phase Array Data Point 017","Phase Array Data Point 017","Both males and females 20 YEARS - 69 YEARS",NA,"Code.or.Value=[""-16.2815 to 157.1853"", "".""]; Value.Description=[""Range of Values"", ""Missing""]; Count=[""8551"", ""3""]; Cumulative=[""8551"", ""8554""]; Skip.to.Item=[""NA"", ""NA""]"
"AUXWBR_I","WBXP018","WBXP018","Phase Array Data Point 018","Phase Array Data Point 018","Both males and females 20 YEARS - 69 YEARS",NA,"Code.or.Value=[""-17.1423 to 156.675"", "".""]; Value.Description=[""Range of Values"", ""Missing""]; Count=[""8551"", ""3""]; Cumulative=[""8551"", ""8554""]; Skip.to.Item=[""NA"", ""NA""]"
"AUXWBR_I","WBXP019","WBXP019","Phase Array Data Point 019","Phase Array Data Point 019","Both males and females 20 YEARS - 69 YEARS",NA,"Code.or.Value=[""-18.2111 to 177.1114"", "".""]; Value.Description=[""Range of Values"", ""Missing""]; Count=[""8551"", ""3""]; Cumulative=[""8551"", ""8554""]; Skip.to.Item=[""NA"", ""NA""]"
"AUXWBR_I","WBXP020","WBXP020","Phase Array Data Point 020","Phase Array Data Point 020","Both males and females 20 YEARS - 69 YEARS",NA,"Code.or.Value=[""-19.8689 to 157.4546"", "".""]; Value.Description=[""Range of Values"", ""Missing""]; Count=[""8551"", ""3""]; Cumulative=[""8551"", ""8554""]; Skip.to.Item=[""NA"", ""NA""]"
"AUXWBR_I","WBXP021","WBXP021","Phase Array Data Point 021","Phase Array Data Point 021","Both males and females 20 YEARS - 69 YEARS",NA,"Code.or.Value=[""-24.8781 to 159.2326"", "".""]; Value.Description=[""Range of Values"", ""Missing""]; Count=[""8551"", ""3""]; Cumulative=[""8551"", ""8554""]; Skip.to.Item=[""NA"", ""NA""]"
"AUXWBR_I","WBXP022","WBXP022","Phase Array Data Point 022","Phase Array Data Point 022","Both males and females 20 YEARS - 69 YEARS",NA,"Code.or.Value=[""-28.0214 to 161.3082"", "".""]; Value.Description=[""Range of Values"", ""Missing""]; Count=[""8551"", ""3""]; Cumulative=[""8551"", ""8554""]; Skip.to.Item=[""NA"", ""NA""]"
"AUXWBR_I","WBXP023","WBXP023","Phase Array Data Point 023","Phase Array Data Point 023","Both males and females 20 YEARS - 69 YEARS",NA,"Code.or.Value=[""-30.4168 to 164.3543"", "".""]; Value.Description=[""Range of Values"", ""Missing""]; Count=[""8551"", ""3""]; Cumulative=[""8551"", ""8554""]; Skip.to.Item=[""NA"", ""NA""]"
"AUXWBR_I","WBXP024","WBXP024","Phase Array Data Point 024","Phase Array Data Point 024","Both males and females 20 YEARS - 69 YEARS",NA,"Code.or.Value=[""-36.5376 to 163.6875"", "".""]; Value.Description=[""Range of Values"", ""Missing""]; Count=[""8551"", ""3""]; Cumulative=[""8551"", ""8554""]; Skip.to.Item=[""NA"", ""NA""]"
"AUXWBR_I","WBXP025","WBXP025","Phase Array Data Point 025","Phase Array Data Point 025","Both males and females 20 YEARS - 69 YEARS",NA,"Code.or.Value=[""-44.1333 to 163.5168"", "".""]; Value.Description=[""Range of Values"", ""Missing""]; Count=[""8551"", ""3""]; Cumulative=[""8551"", ""8554""]; Skip.to.Item=[""NA"", ""NA""]"
"AUXWBR_I","WBXP026","WBXP026","Phase Array Data Point 026","Phase Array Data Point 026","Both males and females 20 YEARS - 69 YEARS",NA,"Code.or.Value=[""-49.9945 to 161.8007"", "".""]; Value.Description=[""Range of Values"", ""Missing""]; Count=[""8551"", ""3""]; Cumulative=[""8551"", ""8554""]; Skip.to.Item=[""NA"", ""NA""]"
"AUXWBR_I","WBXP027","WBXP027","Phase Array Data Point 027","Phase Array Data Point 027","Both males and females 20 YEARS - 69 YEARS",NA,"Code.or.Value=[""-55.0591 to 161.596"", "".""]; Value.Description=[""Range of Values"", ""Missing""]; Count=[""8551"", ""3""]; Cumulative=[""8551"", ""8554""]; Skip.to.Item=[""NA"", ""NA""]"
"AUXWBR_I","WBXP028","WBXP028","Phase Array Data Point 028","Phase Array Data Point 028","Both males and females 20 YEARS - 69 YEARS",NA,"Code.or.Value=[""-59.9298 to 157.9474"", "".""]; Value.Description=[""Range of Values"", ""Missing""]; Count=[""8551"", ""3""]; Cumulative=[""8551"", ""8554""]; Skip.to.Item=[""NA"", ""NA""]"
"AUXWBR_I","WBXP029","WBXP029","Phase Array Data Point 029","Phase Array Data Point 029","Both males and females 20 YEARS - 69 YEARS",NA,"Code.or.Value=[""-63.3183 to 156.882"", "".""]; Value.Description=[""Range of Values"", ""Missing""]; Count=[""8551"", ""3""]; Cumulative=[""8551"", ""8554""]; Skip.to.Item=[""NA"", ""NA""]"
"AUXWBR_I","WBXP030","WBXP030","Phase Array Data Point 030","Phase Array Data Point 030","Both males and females 20 YEARS - 69 YEARS",NA,"Code.or.Value=[""-64.0132 to 157.9994"", "".""]; Value.Description=[""Range of Values"", ""Missing""]; Count=[""8551"", ""3""]; Cumulative=[""8551"", ""8554""]; Skip.to.Item=[""NA"", ""NA""]"
"AUXWBR_I","WBXP031","WBXP031","Phase Array Data Point 031","Phase Array Data Point 031","Both males and females 20 YEARS - 69 YEARS",NA,"Code.or.Value=[""-63.4306 to 160.4155"", "".""]; Value.Description=[""Range of Values"", ""Missing""]; Count=[""8551"", ""3""]; Cumulative=[""8551"", ""8554""]; Skip.to.Item=[""NA"", ""NA""]"
"AUXWBR_I","WBXP032","WBXP032","Phase Array Data Point 032","Phase Array Data Point 032","Both males and females 20 YEARS - 69 YEARS",NA,"Code.or.Value=[""-63.6693 to 166.4263"", "".""]; Value.Description=[""Range of Values"", ""Missing""]; Count=[""8551"", ""3""]; Cumulative=[""8551"", ""8554""]; Skip.to.Item=[""NA"", ""NA""]"
"AUXWBR_I","WBXP033","WBXP033","Phase Array Data Point 033","Phase Array Data Point 033","Both males and females 20 YEARS - 69 YEARS",NA,"Code.or.Value=[""-179.3282 to 162.053"", "".""]; Value.Description=[""Range of Values"", ""Missing""]; Count=[""8551"", ""3""]; Cumulative=[""8551"", ""8554""]; Skip.to.Item=[""NA"", ""NA""]"
"AUXWBR_I","WBXP034","WBXP034","Phase Array Data Point 034","Phase Array Data Point 034","Both males and females 20 YEARS - 69 YEARS",NA,"Code.or.Value=[""-67.7835 to 173.5347"", "".""]; Value.Description=[""Range of Values"", ""Missing""]; Count=[""8551"", ""3""]; Cumulative=[""8551"", ""8554""]; Skip.to.Item=[""NA"", ""NA""]"
"AUXWBR_I","WBXP035","WBXP035","Phase Array Data Point 035","Phase Array Data Point 035","Both males and females 20 YEARS - 69 YEARS",NA,"Code.or.Value=[""-172.2171 to 162.8714"", "".""]; Value.Description=[""Range of Values"", ""Missing""]; Count=[""8551"", ""3""]; Cumulative=[""8551"", ""8554""]; Skip.to.Item=[""NA"", ""NA""]"
"AUXWBR_I","WBXP036","WBXP036","Phase Array Data Point 036","Phase Array Data Point 036","Both males and females 20 YEARS - 69 YEARS",NA,"Code.or.Value=[""-167.1804 to 168.5391"", "".""]; Value.Description=[""Range of Values"", ""Missing""]; Count=[""8551"", ""3""]; Cumulative=[""8551"", ""8554""]; Skip.to.Item=[""NA"", ""NA""]"
"AUXWBR_I","WBXP037","WBXP037","Phase Array Data Point 037","Phase Array Data Point 037","Both males and females 20 YEARS - 69 YEARS",NA,"Code.or.Value=[""-155.6917 to 170.0989"", "".""]; Value.Description=[""Range of Values"", ""Missing""]; Count=[""8551"", ""3""]; Cumulative=[""8551"", ""8554""]; Skip.to.Item=[""NA"", ""NA""]"
"AUXWBR_I","WBXP038","WBXP038","Phase Array Data Point 038","Phase Array Data Point 038","Both males and females 20 YEARS - 69 YEARS",NA,"Code.or.Value=[""-162.5675 to 170.714"", "".""]; Value.Description=[""Range of Values"", ""Missing""]; Count=[""8551"", ""3""]; Cumulative=[""8551"", ""8554""]; Skip.to.Item=[""NA"", ""NA""]"
"AUXWBR_I","WBXP039","WBXP039","Phase Array Data Point 039","Phase Array Data Point 039","Both males and females 20 YEARS - 69 YEARS",NA,"Code.or.Value=[""-147.6729 to 174.7629"", "".""]; Value.Description=[""Range of Values"", ""Missing""]; Count=[""8551"", ""3""]; Cumulative=[""8551"", ""8554""]; Skip.to.Item=[""NA"", ""NA""]"
"AUXWBR_I","WBXP040","WBXP040","Phase Array Data Point 040","Phase Array Data Point 040","Both males and females 20 YEARS - 69 YEARS",NA,"Code.or.Value=[""-175.6948 to 167.9201"", "".""]; Value.Description=[""Range of Values"", ""Missing""]; Count=[""8551"", ""3""]; Cumulative=[""8551"", ""8554""]; Skip.to.Item=[""NA"", ""NA""]"
"AUXWBR_I","WBXP041","WBXP041","Phase Array Data Point 041","Phase Array Data Point 041","Both males and females 20 YEARS - 69 YEARS",NA,"Code.or.Value=[""-165.9452 to 167.6578"", "".""]; Value.Description=[""Range of Values"", ""Missing""]; Count=[""8551"", ""3""]; Cumulative=[""8551"", ""8554""]; Skip.to.Item=[""NA"", ""NA""]"
"AUXWBR_I","WBXP042","WBXP042","Phase Array Data Point 042","Phase Array Data Point 042","Both males and females 20 YEARS - 69 YEARS",NA,"Code.or.Value=[""-164.7941 to 167.706"", "".""]; Value.Description=[""Range of Values"", ""Missing""]; Count=[""8551"", ""3""]; Cumulative=[""8551"", ""8554""]; Skip.to.Item=[""NA"", ""NA""]"
"AUXWBR_I","WBXP043","WBXP043","Phase Array Data Point 043","Phase Array Data Point 043","Both males and females 20 YEARS - 69 YEARS",NA,"Code.or.Value=[""-153.4255 to 168.0954"", "".""]; Value.Description=[""Range of Values"", ""Missing""]; Count=[""8551"", ""3""]; Cumulative=[""8551"", ""8554""]; Skip.to.Item=[""NA"", ""NA""]"
"AUXWBR_I","WBXP044","WBXP044","Phase Array Data Point 044","Phase Array Data Point 044","Both males and females 20 YEARS - 69 YEARS",NA,"Code.or.Value=[""-145.4623 to 169.018"", "".""]; Value.Description=[""Range of Values"", ""Missing""]; Count=[""8551"", ""3""]; Cumulative=[""8551"", ""8554""]; Skip.to.Item=[""NA"", ""NA""]"
"AUXWBR_I","WBXP045","WBXP045","Phase Array Data Point 045","Phase Array Data Point 045","Both males and females 20 YEARS - 69 YEARS",NA,"Code.or.Value=[""-130.7603 to 170.4665"", "".""]; Value.Description=[""Range of Values"", ""Missing""]; Count=[""8551"", ""3""]; Cumulative=[""8551"", ""8554""]; Skip.to.Item=[""NA"", ""NA""]"
"AUXWBR_I","WBXP046","WBXP046","Phase Array Data Point 046","Phase Array Data Point 046","Both males and females 20 YEARS - 69 YEARS",NA,"Code.or.Value=[""-129.5401 to 169.9017"", "".""]; Value.Description=[""Range of Values"", ""Missing""]; Count=[""8551"", ""3""]; Cumulative=[""8551"", ""8554""]; Skip.to.Item=[""NA"", ""NA""]"
"AUXWBR_I","WBXP047","WBXP047","Phase Array Data Point 047","Phase Array Data Point 047","Both males and females 20 YEARS - 69 YEARS",NA,"Code.or.Value=[""-124.9254 to 168.0051"", "".""]; Value.Description=[""Range of Values"", ""Missing""]; Count=[""8551"", ""3""]; Cumulative=[""8551"", ""8554""]; Skip.to.Item=[""NA"", ""NA""]"
"AUXWBR_I","WBXP048","WBXP048","Phase Array Data Point 048","Phase Array Data Point 048","Both males and females 20 YEARS - 69 YEARS",NA,"Code.or.Value=[""-122.5018 to 166.6183"", "".""]; Value.Description=[""Range of Values"", ""Missing""]; Count=[""8551"", ""3""]; Cumulative=[""8551"", ""8554""]; Skip.to.Item=[""NA"", ""NA""]"
"AUXWBR_I","WBXP049","WBXP049","Phase Array Data Point 049","Phase Array Data Point 049","Both males and females 20 YEARS - 69 YEARS",NA,"Code.or.Value=[""-114.6385 to 167.5315"", "".""]; Value.Description=[""Range of Values"", ""Missing""]; Count=[""8551"", ""3""]; Cumulative=[""8551"", ""8554""]; Skip.to.Item=[""NA"", ""NA""]"
"AUXWBR_I","WBXP050","WBXP050","Phase Array Data Point 050","Phase Array Data Point 050","Both males and females 20 YEARS - 69 YEARS",NA,"Code.or.Value=[""-107.4244 to 167.3178"", "".""]; Value.Description=[""Range of Values"", ""Missing""]; Count=[""8551"", ""3""]; Cumulative=[""8551"", ""8554""]; Skip.to.Item=[""NA"", ""NA""]"
"AUXWBR_I","WBXP051","WBXP051","Phase Array Data Point 051","Phase Array Data Point 051","Both males and females 20 YEARS - 69 YEARS",NA,"Code.or.Value=[""-104.8042 to 163.1169"", "".""]; Value.Description=[""Range of Values"", ""Missing""]; Count=[""8551"", ""3""]; Cumulative=[""8551"", ""8554""]; Skip.to.Item=[""NA"", ""NA""]"
"AUXWBR_I","WBXP052","WBXP052","Phase Array Data Point 052","Phase Array Data Point 052","Both males and females 20 YEARS - 69 YEARS",NA,"Code.or.Value=[""-105.4545 to 158.6092"", "".""]; Value.Description=[""Range of Values"", ""Missing""]; Count=[""8551"", ""3""]; Cumulative=[""8551"", ""8554""]; Skip.to.Item=[""NA"", ""NA""]"
"AUXWBR_I","WBXP053","WBXP053","Phase Array Data Point 053","Phase Array Data Point 053","Both males and females 20 YEARS - 69 YEARS",NA,"Code.or.Value=[""-99.465 to 152.6091"", "".""]; Value.Description=[""Range of Values"", ""Missing""]; Count=[""8551"", ""3""]; Cumulative=[""8551"", ""8554""]; Skip.to.Item=[""NA"", ""NA""]"
"AUXWBR_I","WBXP054","WBXP054","Phase Array Data Point 054","Phase Array Data Point 054","Both males and females 20 YEARS - 69 YEARS",NA,"Code.or.Value=[""-97.1368 to 150.2616"", "".""]; Value.Description=[""Range of Values"", ""Missing""]; Count=[""8551"", ""3""]; Cumulative=[""8551"", ""8554""]; Skip.to.Item=[""NA"", ""NA""]"
"AUXWBR_I","WBXP055","WBXP055","Phase Array Data Point 055","Phase Array Data Point 055","Both males and females 20 YEARS - 69 YEARS",NA,"Code.or.Value=[""-94.5019 to 149.2723"", "".""]; Value.Description=[""Range of Values"", ""Missing""]; Count=[""8551"", ""3""]; Cumulative=[""8551"", ""8554""]; Skip.to.Item=[""NA"", ""NA""]"
"AUXWBR_I","WBXP056","WBXP056","Phase Array Data Point 056","Phase Array Data Point 056","Both males and females 20 YEARS - 69 YEARS",NA,"Code.or.Value=[""-91.3957 to 147.1066"", "".""]; Value.Description=[""Range of Values"", ""Missing""]; Count=[""8551"", ""3""]; Cumulative=[""8551"", ""8554""]; Skip.to.Item=[""NA"", ""NA""]"
"AUXWBR_I","WBXP057","WBXP057","Phase Array Data Point 057","Phase Array Data Point 057","Both males and females 20 YEARS - 69 YEARS",NA,"Code.or.Value=[""-92.685 to 144.1883"", "".""]; Value.Description=[""Range of Values"", ""Missing""]; Count=[""8551"", ""3""]; Cumulative=[""8551"", ""8554""]; Skip.to.Item=[""NA"", ""NA""]"
"AUXWBR_I","WBXP058","WBXP058","Phase Array Data Point 058","Phase Array Data Point 058","Both males and females 20 YEARS - 69 YEARS",NA,"Code.or.Value=[""-92.495 to 144.3687"", "".""]; Value.Description=[""Range of Values"", ""Missing""]; Count=[""8551"", ""3""]; Cumulative=[""8551"", ""8554""]; Skip.to.Item=[""NA"", ""NA""]"
"AUXWBR_I","WBXP059","WBXP059","Phase Array Data Point 059","Phase Array Data Point 059","Both males and females 20 YEARS - 69 YEARS",NA,"Code.or.Value=[""-94.255 to 147.8799"", "".""]; Value.Description=[""Range of Values"", ""Missing""]; Count=[""8551"", ""3""]; Cumulative=[""8551"", ""8554""]; Skip.to.Item=[""NA"", ""NA""]"
"AUXWBR_I","WBXP060","WBXP060","Phase Array Data Point 060","Phase Array Data Point 060","Both males and females 20 YEARS - 69 YEARS",NA,"Code.or.Value=[""-86.4837 to 151.1652"", "".""]; Value.Description=[""Range of Values"", ""Missing""]; Count=[""8551"", ""3""]; Cumulative=[""8551"", ""8554""]; Skip.to.Item=[""NA"", ""NA""]"
"AUXWBR_I","WBXP061","WBXP061","Phase Array Data Point 061","Phase Array Data Point 061","Both males and females 20 YEARS - 69 YEARS",NA,"Code.or.Value=[""-86.4373 to 151.3404"", "".""]; Value.Description=[""Range of Values"", ""Missing""]; Count=[""8551"", ""3""]; Cumulative=[""8551"", ""8554""]; Skip.to.Item=[""NA"", ""NA""]"
"AUXWBR_I","WBXP062","WBXP062","Phase Array Data Point 062","Phase Array Data Point 062","Both males and females 20 YEARS - 69 YEARS",NA,"Code.or.Value=[""-85.6264 to 153.7517"", "".""]; Value.Description=[""Range of Values"", ""Missing""]; Count=[""8551"", ""3""]; Cumulative=[""8551"", ""8554""]; Skip.to.Item=[""NA"", ""NA""]"
"AUXWBR_I","WBXP063","WBXP063","Phase Array Data Point 063","Phase Array Data Point 063","Both males and females 20 YEARS - 69 YEARS",NA,"Code.or.Value=[""-88.4249 to 152.9924"", "".""]; Value.Description=[""Range of Values"", ""Missing""]; Count=[""8551"", ""3""]; Cumulative=[""8551"", ""8554""]; Skip.to.Item=[""NA"", ""NA""]"
"AUXWBR_I","WBXP064","WBXP064","Phase Array Data Point 064","Phase Array Data Point 064","Both males and females 20 YEARS - 69 YEARS",NA,"Code.or.Value=[""-89.0992 to 154.4696"", "".""]; Value.Description=[""Range of Values"", ""Missing""]; Count=[""8551"", ""3""]; Cumulative=[""8551"", ""8554""]; Skip.to.Item=[""NA"", ""NA""]"
"AUXWBR_I","WBXP065","WBXP065","Phase Array Data Point 065","Phase Array Data Point 065","Both males and females 20 YEARS - 69 YEARS",NA,"Code.or.Value=[""-92.3197 to 153.2336"", "".""]; Value.Description=[""Range of Values"", ""Missing""]; Count=[""8551"", ""3""]; Cumulative=[""8551"", ""8554""]; Skip.to.Item=[""NA"", ""NA""]"
"AUXWBR_I","WBXP066","WBXP066","Phase Array Data Point 066","Phase Array Data Point 066","Both males and females 20 YEARS - 69 YEARS",NA,"Code.or.Value=[""-96.2086 to 151.9632"", "".""]; Value.Description=[""Range of Values"", ""Missing""]; Count=[""8551"", ""3""]; Cumulative=[""8551"", ""8554""]; Skip.to.Item=[""NA"", ""NA""]"
"AUXWBR_I","WBXP067","WBXP067","Phase Array Data Point 067","Phase Array Data Point 067","Both males and females 20 YEARS - 69 YEARS",NA,"Code.or.Value=[""-98.4995 to 152.0282"", "".""]; Value.Description=[""Range of Values"", ""Missing""]; Count=[""8551"", ""3""]; Cumulative=[""8551"", ""8554""]; Skip.to.Item=[""NA"", ""NA""]"
"AUXWBR_I","WBXP068","WBXP068","Phase Array Data Point 068","Phase Array Data Point 068","Both males and females 20 YEARS - 69 YEARS",NA,"Code.or.Value=[""-101.2467 to 152.1808"", "".""]; Value.Description=[""Range of Values"", ""Missing""]; Count=[""8551"", ""3""]; Cumulative=[""8551"", ""8554""]; Skip.to.Item=[""NA"", ""NA""]"
"AUXWBR_I","WBXP069","WBXP069","Phase Array Data Point 069","Phase Array Data Point 069","Both males and females 20 YEARS - 69 YEARS",NA,"Code.or.Value=[""-105.766 to 152.1114"", "".""]; Value.Description=[""Range of Values"", ""Missing""]; Count=[""8551"", ""3""]; Cumulative=[""8551"", ""8554""]; Skip.to.Item=[""NA"", ""NA""]"
"AUXWBR_I","WBXP070","WBXP070","Phase Array Data Point 070","Phase Array Data Point 070","Both males and females 20 YEARS - 69 YEARS",NA,"Code.or.Value=[""-109.0052 to 149.0856"", "".""]; Value.Description=[""Range of Values"", ""Missing""]; Count=[""8551"", ""3""]; Cumulative=[""8551"", ""8554""]; Skip.to.Item=[""NA"", ""NA""]"
"AUXWBR_I","WBXP071","WBXP071","Phase Array Data Point 071","Phase Array Data Point 071","Both males and females 20 YEARS - 69 YEARS",NA,"Code.or.Value=[""-112.0581 to 144.355"", "".""]; Value.Description=[""Range of Values"", ""Missing""]; Count=[""8551"", ""3""]; Cumulative=[""8551"", ""8554""]; Skip.to.Item=[""NA"", ""NA""]"
"AUXWBR_I","WBXP072","WBXP072","Phase Array Data Point 072","Phase Array Data Point 072","Both males and females 20 YEARS - 69 YEARS",NA,"Code.or.Value=[""-115.8292 to 133.9815"", "".""]; Value.Description=[""Range of Values"", ""Missing""]; Count=[""8551"", ""3""]; Cumulative=[""8551"", ""8554""]; Skip.to.Item=[""NA"", ""NA""]"
"AUXWBR_I","WBXP073","WBXP073","Phase Array Data Point 073","Phase Array Data Point 073","Both males and females 20 YEARS - 69 YEARS",NA,"Code.or.Value=[""-116.7321 to 125.9648"", "".""]; Value.Description=[""Range of Values"", ""Missing""]; Count=[""8551"", ""3""]; Cumulative=[""8551"", ""8554""]; Skip.to.Item=[""NA"", ""NA""]"
"AUXWBR_I","WBXP074","WBXP074","Phase Array Data Point 074","Phase Array Data Point 074","Both males and females 20 YEARS - 69 YEARS",NA,"Code.or.Value=[""-121.1802 to 124.8976"", "".""]; Value.Description=[""Range of Values"", ""Missing""]; Count=[""8551"", ""3""]; Cumulative=[""8551"", ""8554""]; Skip.to.Item=[""NA"", ""NA""]"
"AUXWBR_I","WBXP075","WBXP075","Phase Array Data Point 075","Phase Array Data Point 075","Both males and females 20 YEARS - 69 YEARS",NA,"Code.or.Value=[""-147.3163 to 160.5601"", "".""]; Value.Description=[""Range of Values"", ""Missing""]; Count=[""8551"", ""3""]; Cumulative=[""8551"", ""8554""]; Skip.to.Item=[""NA"", ""NA""]"
"AUXWBR_I","WBXP076","WBXP076","Phase Array Data Point 076","Phase Array Data Point 076","Both males and females 20 YEARS - 69 YEARS",NA,"Code.or.Value=[""-171.6272 to 163.2697"", "".""]; Value.Description=[""Range of Values"", ""Missing""]; Count=[""8551"", ""3""]; Cumulative=[""8551"", ""8554""]; Skip.to.Item=[""NA"", ""NA""]"
"AUXWBR_I","WBXP077","WBXP077","Phase Array Data Point 077","Phase Array Data Point 077","Both males and females 20 YEARS - 69 YEARS",NA,"Code.or.Value=[""-162.5006 to 172.7441"", "".""]; Value.Description=[""Range of Values"", ""Missing""]; Count=[""8551"", ""3""]; Cumulative=[""8551"", ""8554""]; Skip.to.Item=[""NA"", ""NA""]"
"AUXWBR_I","WBXP078","WBXP078","Phase Array Data Point 078","Phase Array Data Point 078","Both males and females 20 YEARS - 69 YEARS",NA,"Code.or.Value=[""-167.1805 to 166.4378"", "".""]; Value.Description=[""Range of Values"", ""Missing""]; Count=[""8551"", ""3""]; Cumulative=[""8551"", ""8554""]; Skip.to.Item=[""NA"", ""NA""]"
"AUXWBR_I","WBXP079","WBXP079","Phase Array Data Point 079","Phase Array Data Point 079","Both males and females 20 YEARS - 69 YEARS",NA,"Code.or.Value=[""-169.4564 to 166.1521"", "".""]; Value.Description=[""Range of Values"", ""Missing""]; Count=[""8551"", ""3""]; Cumulative=[""8551"", ""8554""]; Skip.to.Item=[""NA"", ""NA""]"
"AUXWBR_I","WBXP080","WBXP080","Phase Array Data Point 080","Phase Array Data Point 080","Both males and females 20 YEARS - 69 YEARS",NA,"Code.or.Value=[""-171.4419 to 171.1699"", "".""]; Value.Description=[""Range of Values"", ""Missing""]; Count=[""8551"", ""3""]; Cumulative=[""8551"", ""8554""]; Skip.to.Item=[""NA"", ""NA""]"
"AUXWBR_I","WBXP081","WBXP081","Phase Array Data Point 081","Phase Array Data Point 081","Both males and females 20 YEARS - 69 YEARS",NA,"Code.or.Value=[""-167.8347 to 172.9496"", "".""]; Value.Description=[""Range of Values"", ""Missing""]; Count=[""8551"", ""3""]; Cumulative=[""8551"", ""8554""]; Skip.to.Item=[""NA"", ""NA""]"
"AUXWBR_I","WBXP082","WBXP082","Phase Array Data Point 082","Phase Array Data Point 082","Both males and females 20 YEARS - 69 YEARS",NA,"Code.or.Value=[""-170.3394 to 173.781"", "".""]; Value.Description=[""Range of Values"", ""Missing""]; Count=[""8551"", ""3""]; Cumulative=[""8551"", ""8554""]; Skip.to.Item=[""NA"", ""NA""]"
"AUXWBR_I","WBXP083","WBXP083","Phase Array Data Point 083","Phase Array Data Point 083","Both males and females 20 YEARS - 69 YEARS",NA,"Code.or.Value=[""-172.8619 to 167.3392"", "".""]; Value.Description=[""Range of Values"", ""Missing""]; Count=[""8551"", ""3""]; Cumulative=[""8551"", ""8554""]; Skip.to.Item=[""NA"", ""NA""]"
"AUXWBR_I","WBXP084","WBXP084","Phase Array Data Point 084","Phase Array Data Point 084","Both males and females 20 YEARS - 69 YEARS",NA,"Code.or.Value=[""-177.8537 to 169.2826"", "".""]; Value.Description=[""Range of Values"", ""Missing""]; Count=[""8551"", ""3""]; Cumulative=[""8551"", ""8554""]; Skip.to.Item=[""NA"", ""NA""]"
"AUXWBR_I","WBXP085","WBXP085","Phase Array Data Point 085","Phase Array Data Point 085","Both males and females 20 YEARS - 69 YEARS",NA,"Code.or.Value=[""-171.1988 to 170.0339"", "".""]; Value.Description=[""Range of Values"", ""Missing""]; Count=[""8551"", ""3""]; Cumulative=[""8551"", ""8554""]; Skip.to.Item=[""NA"", ""NA""]"
"AUXWBR_I","WBXP086","WBXP086","Phase Array Data Point 086","Phase Array Data Point 086","Both males and females 20 YEARS - 69 YEARS",NA,"Code.or.Value=[""-174.4963 to 173.2027"", "".""]; Value.Description=[""Range of Values"", ""Missing""]; Count=[""8551"", ""3""]; Cumulative=[""8551"", ""8554""]; Skip.to.Item=[""NA"", ""NA""]"
"AUXWBR_I","WBXP087","WBXP087","Phase Array Data Point 087","Phase Array Data Point 087","Both males and females 20 YEARS - 69 YEARS",NA,"Code.or.Value=[""-169.3476 to 162.6608"", "".""]; Value.Description=[""Range of Values"", ""Missing""]; Count=[""8551"", ""3""]; Cumulative=[""8551"", ""8554""]; Skip.to.Item=[""NA"", ""NA""]"
"AUXWBR_I","WBXP088","WBXP088","Phase Array Data Point 088","Phase Array Data Point 088","Both males and females 20 YEARS - 69 YEARS",NA,"Code.or.Value=[""-175.4171 to 160.387"", "".""]; Value.Description=[""Range of Values"", ""Missing""]; Count=[""8551"", ""3""]; Cumulative=[""8551"", ""8554""]; Skip.to.Item=[""NA"", ""NA""]"
"AUXWBR_I","WBXP089","WBXP089","Phase Array Data Point 089","Phase Array Data Point 089","Both males and females 20 YEARS - 69 YEARS",NA,"Code.or.Value=[""-159.0877 to 177.3262"", "".""]; Value.Description=[""Range of Values"", ""Missing""]; Count=[""8551"", ""3""]; Cumulative=[""8551"", ""8554""]; Skip.to.Item=[""NA"", ""NA""]"
"AUXWBR_I","WBXP090","WBXP090","Phase Array Data Point 090","Phase Array Data Point 090","Both males and females 20 YEARS - 69 YEARS",NA,"Code.or.Value=[""-165.2222 to 170.625"", "".""]; Value.Description=[""Range of Values"", ""Missing""]; Count=[""8551"", ""3""]; Cumulative=[""8551"", ""8554""]; Skip.to.Item=[""NA"", ""NA""]"
"AUXWBR_I","WBXP091","WBXP091","Phase Array Data Point 091","Phase Array Data Point 091","Both males and females 20 YEARS - 69 YEARS",NA,"Code.or.Value=[""-170.0759 to 165.3545"", "".""]; Value.Description=[""Range of Values"", ""Missing""]; Count=[""8551"", ""3""]; Cumulative=[""8551"", ""8554""]; Skip.to.Item=[""NA"", ""NA""]"
"AUXWBR_I","WBXP092","WBXP092","Phase Array Data Point 092","Phase Array Data Point 092","Both males and females 20 YEARS - 69 YEARS",NA,"Code.or.Value=[""-175.1892 to 157.8945"", "".""]; Value.Description=[""Range of Values"", ""Missing""]; Count=[""8551"", ""3""]; Cumulative=[""8551"", ""8554""]; Skip.to.Item=[""NA"", ""NA""]"
"AUXWBR_I","WBXP093","WBXP093","Phase Array Data Point 093","Phase Array Data Point 093","Both males and females 20 YEARS - 69 YEARS",NA,"Code.or.Value=[""-178.9378 to 158.0662"", "".""]; Value.Description=[""Range of Values"", ""Missing""]; Count=[""8551"", ""3""]; Cumulative=[""8551"", ""8554""]; Skip.to.Item=[""NA"", ""NA""]"
"AUXWBR_I","WBXP094","WBXP094","Phase Array Data Point 094","Phase Array Data Point 094","Both males and females 20 YEARS - 69 YEARS",NA,"Code.or.Value=[""-176.5367 to 146.3411"", "".""]; Value.Description=[""Range of Values"", ""Missing""]; Count=[""8551"", ""3""]; Cumulative=[""8551"", ""8554""]; Skip.to.Item=[""NA"", ""NA""]"
"AUXWBR_I","WBXP095","WBXP095","Phase Array Data Point 095","Phase Array Data Point 095","Both males and females 20 YEARS - 69 YEARS",NA,"Code.or.Value=[""-172.0111 to 179.1997"", "".""]; Value.Description=[""Range of Values"", ""Missing""]; Count=[""8551"", ""3""]; Cumulative=[""8551"", ""8554""]; Skip.to.Item=[""NA"", ""NA""]"
"AUXWBR_I","WBXP096","WBXP096","Phase Array Data Point 096","Phase Array Data Point 096","Both males and females 20 YEARS - 69 YEARS",NA,"Code.or.Value=[""-175.0124 to 178.1499"", "".""]; Value.Description=[""Range of Values"", ""Missing""]; Count=[""8551"", ""3""]; Cumulative=[""8551"", ""8554""]; Skip.to.Item=[""NA"", ""NA""]"
"AUXWBR_I","WBXP097","WBXP097","Phase Array Data Point 097","Phase Array Data Point 097","Both males and females 20 YEARS - 69 YEARS",NA,"Code.or.Value=[""-174.8517 to 175.8744"", "".""]; Value.Description=[""Range of Values"", ""Missing""]; Count=[""8551"", ""3""]; Cumulative=[""8551"", ""8554""]; Skip.to.Item=[""NA"", ""NA""]"
"AUXWBR_I","WBXP098","WBXP098","Phase Array Data Point 098","Phase Array Data Point 098","Both males and females 20 YEARS - 69 YEARS",NA,"Code.or.Value=[""-177.2509 to 176.4463"", "".""]; Value.Description=[""Range of Values"", ""Missing""]; Count=[""8551"", ""3""]; Cumulative=[""8551"", ""8554""]; Skip.to.Item=[""NA"", ""NA""]"
"AUXWBR_I","WBXP099","WBXP099","Phase Array Data Point 099","Phase Array Data Point 099","Both males and females 20 YEARS - 69 YEARS",NA,"Code.or.Value=[""-176.6161 to 175.9392"", "".""]; Value.Description=[""Range of Values"", ""Missing""]; Count=[""8551"", ""3""]; Cumulative=[""8551"", ""8554""]; Skip.to.Item=[""NA"", ""NA""]"
"AUXWBR_I","WBXP100","WBXP100","Phase Array Data Point 100","Phase Array Data Point 100","Both males and females 20 YEARS - 69 YEARS",NA,"Code.or.Value=[""-144.4597 to 173.9546"", "".""]; Value.Description=[""Range of Values"", ""Missing""]; Count=[""8551"", ""3""]; Cumulative=[""8551"", ""8554""]; Skip.to.Item=[""NA"", ""NA""]"
"AUXWBR_I","WBXP101","WBXP101","Phase Array Data Point 101","Phase Array Data Point 101","Both males and females 20 YEARS - 69 YEARS",NA,"Code.or.Value=[""-134.5183 to 177.3408"", "".""]; Value.Description=[""Range of Values"", ""Missing""]; Count=[""8551"", ""3""]; Cumulative=[""8551"", ""8554""]; Skip.to.Item=[""NA"", ""NA""]"
"AUXWBR_I","WBXP102","WBXP102","Phase Array Data Point 102","Phase Array Data Point 102","Both males and females 20 YEARS - 69 YEARS",NA,"Code.or.Value=[""-174.7313 to 175.7366"", "".""]; Value.Description=[""Range of Values"", ""Missing""]; Count=[""8551"", ""3""]; Cumulative=[""8551"", ""8554""]; Skip.to.Item=[""NA"", ""NA""]"
"AUXWBR_I","WBXP103","WBXP103","Phase Array Data Point 103","Phase Array Data Point 103","Both males and females 20 YEARS - 69 YEARS",NA,"Code.or.Value=[""-162.1215 to 176.8134"", "".""]; Value.Description=[""Range of Values"", ""Missing""]; Count=[""8551"", ""3""]; Cumulative=[""8551"", ""8554""]; Skip.to.Item=[""NA"", ""NA""]"
"AUXWBR_I","WBXP104","WBXP104","Phase Array Data Point 104","Phase Array Data Point 104","Both males and females 20 YEARS - 69 YEARS",NA,"Code.or.Value=[""-164.9023 to 176.8238"", "".""]; Value.Description=[""Range of Values"", ""Missing""]; Count=[""8551"", ""3""]; Cumulative=[""8551"", ""8554""]; Skip.to.Item=[""NA"", ""NA""]"
"AUXWBR_I","WBXP105","WBXP105","Phase Array Data Point 105","Phase Array Data Point 105","Both males and females 20 YEARS - 69 YEARS",NA,"Code.or.Value=[""-170.6558 to 178.1547"", "".""]; Value.Description=[""Range of Values"", ""Missing""]; Count=[""8551"", ""3""]; Cumulative=[""8551"", ""8554""]; Skip.to.Item=[""NA"", ""NA""]"
"AUXWBR_I","WBXP106","WBXP106","Phase Array Data Point 106","Phase Array Data Point 106","Both males and females 20 YEARS - 69 YEARS",NA,"Code.or.Value=[""-159.3991 to 175.9518"", "".""]; Value.Description=[""Range of Values"", ""Missing""]; Count=[""8551"", ""3""]; Cumulative=[""8551"", ""8554""]; Skip.to.Item=[""NA"", ""NA""]"
"AUXWBR_I","WBXP107","WBXP107","Phase Array Data Point 107","Phase Array Data Point 107","Both males and females 20 YEARS - 69 YEARS",NA,"Code.or.Value=[""-176.4537 to 174.8211"", "".""]; Value.Description=[""Range of Values"", ""Missing""]; Count=[""8551"", ""3""]; Cumulative=[""8551"", ""8554""]; Skip.to.Item=[""NA"", ""NA""]"
