"Tabela","Variavel","Variable_Name","SAS_Label","English_Text","Target","English_Instructions","Tabela_Valores"
"OHXDEN_J","SEQN","SEQN","Respondent sequence number","Respondent sequence number.","Both males and females 1 YEARS - 150 YEARS",NA,NA
"OHXDEN_J","OHDEXSTS","OHDEXSTS","Overall Oral Health Exam Status","Overall Oral Health Exam Status","Both males and females 1 YEARS - 150 YEARS",NA,"Code.or.Value=[""1"", ""2"", ""3"", "".""]; Value.Description=[""Complete"", ""Partial"", ""Not Done"", ""Missing""]; Count=[""8099"", ""1"", ""266"", ""0""]; Cumulative=[""8099"", ""8100"", ""8366"", ""8366""]; Skip.to.Item=[""NA"", ""NA"", ""NA"", ""NA""]"
"OHXDEN_J","OHDDESTS","OHDDESTS","Dentition Status Code","Dentition Status Code","Both males and females 1 YEARS - 150 YEARS",NA,"Code.or.Value=[""1"", ""2"", ""3"", "".""]; Value.Description=[""Complete"", ""Partial"", ""Not Done"", ""Missing""]; Count=[""8100"", ""0"", ""266"", ""0""]; Cumulative=[""8100"", ""8100"", ""8366"", ""8366""]; Skip.to.Item=[""NA"", ""NA"", ""NA"", ""NA""]"
"OHXDEN_J","OHXIMP","OHXIMP","Dental Implant: yes / no?","Tooth Count: Ever had a tooth replaced with a surgical implant?","Both males and females 1 YEARS - 150 YEARS",NA,"Code.or.Value=[""1"", ""2"", "".""]; Value.Description=[""Yes"", ""No"", ""Missing""]; Count=[""237"", ""5788"", ""2341""]; Cumulative=[""237"", ""6025"", ""8366""]; Skip.to.Item=[""NA"", ""NA"", ""NA""]"
"OHXDEN_J","OHX01TC","OHX01TC","Tooth Count: #1","Tooth Count: Upper right 3rd molar (3M)","Both males and females 1 YEARS - 150 YEARS",NA,"Code.or.Value=[""1"", ""2"", ""3"", ""4"", ""5"", ""9"", "".""]; Value.Description=[""Primary tooth (deciduous) present"", ""Permanent tooth present"", ""Dental implant"", ""Tooth not present"", ""Permanent dental root fragment present"", ""Could not assess"", ""Missing""]; Count=[""0"", ""1141"", ""0"", ""6909"", ""50"", ""0"", ""266""]; Cumulative=[""0"", ""1141"", ""1141"", ""8050"", ""8100"", ""8100"", ""8366""]; Skip.to.Item=[""NA"", ""NA"", ""NA"", ""NA"", ""NA"", ""NA"", ""NA""]"
"OHXDEN_J","OHX02TC","OHX02TC","Tooth Count: #2","Tooth Count: Upper right 2nd molar (2M)","Both males and females 1 YEARS - 150 YEARS",NA,"Code.or.Value=[""1"", ""2"", ""3"", ""4"", ""5"", ""9"", "".""]; Value.Description=[""Primary tooth (deciduous) present"", ""Permanent tooth present"", ""Dental implant"", ""Tooth not present"", ""Permanent dental root fragment present"", ""Could not assess"", ""Missing""]; Count=[""0"", ""4581"", ""2"", ""3440"", ""77"", ""0"", ""266""]; Cumulative=[""0"", ""4581"", ""4583"", ""8023"", ""8100"", ""8100"", ""8366""]; Skip.to.Item=[""NA"", ""NA"", ""NA"", ""NA"", ""NA"", ""NA"", ""NA""]"
"OHXDEN_J","OHX03TC","OHX03TC","Tooth Count: #3","Tooth Count: Upper right 1st molar (1M)","Both males and females 1 YEARS - 150 YEARS",NA,"Code.or.Value=[""1"", ""2"", ""3"", ""4"", ""5"", ""9"", "".""]; Value.Description=[""Primary tooth (deciduous) present"", ""Permanent tooth present"", ""Dental implant"", ""Tooth not present"", ""Permanent dental root fragment present"", ""Could not assess"", ""Missing""]; Count=[""0"", ""5554"", ""22"", ""2440"", ""84"", ""0"", ""266""]; Cumulative=[""0"", ""5554"", ""5576"", ""8016"", ""8100"", ""8100"", ""8366""]; Skip.to.Item=[""NA"", ""NA"", ""NA"", ""NA"", ""NA"", ""NA"", ""NA""]"
"OHXDEN_J","OHX04TC","OHX04TC","Tooth Count: #4","Tooth Count: Upper right 2nd bicuspid/2nd primary molar (2B)","Both males and females 1 YEARS - 150 YEARS",NA,"Code.or.Value=[""1"", ""2"", ""3"", ""4"", ""5"", ""9"", "".""]; Value.Description=[""Primary tooth (deciduous) present"", ""Permanent tooth present"", ""Dental implant"", ""Tooth not present"", ""Permanent dental root fragment present"", ""Could not assess"", ""Missing""]; Count=[""1542"", ""4959"", ""26"", ""1491"", ""82"", ""0"", ""266""]; Cumulative=[""1542"", ""6501"", ""6527"", ""8018"", ""8100"", ""8100"", ""8366""]; Skip.to.Item=[""NA"", ""NA"", ""NA"", ""NA"", ""NA"", ""NA"", ""NA""]"
"OHXDEN_J","OHX05TC","OHX05TC","Tooth Count: #5","Tooth Count: Upper right 1st bicuspid/1st primary molar (1B)","Both males and females 1 YEARS - 150 YEARS",NA,"Code.or.Value=[""2"", ""3"", ""4"", ""5"", ""9"", ""."", ""1""]; Value.Description=[""Permanent tooth present"", ""Dental implant"", ""Tooth not present"", ""Permanent dental root fragment present"", ""Could not assess"", ""Missing"", ""Primary tooth (deciduous) present""]; Count=[""5053"", ""17"", ""1456"", ""91"", ""0"", ""266"", ""1483""]; Cumulative=[""6536"", ""6553"", ""8009"", ""8100"", ""8100"", ""8366"", ""1483""]; Skip.to.Item=[""NA"", ""NA"", ""NA"", ""NA"", ""NA"", ""NA"", ""NA""]"
"OHXDEN_J","OHX06TC","OHX06TC","Tooth Count: #6","Tooth Count: Upper right cuspid (C)","Both males and females 1 YEARS - 150 YEARS",NA,"Code.or.Value=[""1"", ""2"", ""3"", ""4"", ""5"", ""9"", "".""]; Value.Description=[""Primary tooth (deciduous) present"", ""Permanent tooth present"", ""Dental implant"", ""Tooth not present"", ""Permanent dental root fragment present"", ""Could not assess"", ""Missing""]; Count=[""1588"", ""5455"", ""13"", ""1000"", ""44"", ""0"", ""266""]; Cumulative=[""1588"", ""7043"", ""7056"", ""8056"", ""8100"", ""8100"", ""8366""]; Skip.to.Item=[""NA"", ""NA"", ""NA"", ""NA"", ""NA"", ""NA"", ""NA""]"
"OHXDEN_J","OHX07TC","OHX07TC","Tooth Count: #7","Tooth Count: Upper right lateral incisor (LI)","Both males and females 1 YEARS - 150 YEARS",NA,"Code.or.Value=[""1"", ""2"", ""3"", ""4"", ""5"", ""9"", "".""]; Value.Description=[""Primary tooth (deciduous) present"", ""Permanent tooth present"", ""Dental implant"", ""Tooth not present"", ""Permanent dental root fragment present"", ""Could not assess"", ""Missing""]; Count=[""1121"", ""5815"", ""18"", ""1099"", ""47"", ""0"", ""266""]; Cumulative=[""1121"", ""6936"", ""6954"", ""8053"", ""8100"", ""8100"", ""8366""]; Skip.to.Item=[""NA"", ""NA"", ""NA"", ""NA"", ""NA"", ""NA"", ""NA""]"
"OHXDEN_J","OHX08TC","OHX08TC","Tooth Count: #8","Tooth Count: Upper right central incisor (CI)","Both males and females 1 YEARS - 150 YEARS",NA,"Code.or.Value=[""1"", ""2"", ""3"", ""4"", ""5"", ""9"", "".""]; Value.Description=[""Primary tooth (deciduous) present"", ""Permanent tooth present"", ""Dental implant"", ""Tooth not present"", ""Permanent dental root fragment present"", ""Could not assess"", ""Missing""]; Count=[""994"", ""6060"", ""26"", ""988"", ""32"", ""0"", ""266""]; Cumulative=[""994"", ""7054"", ""7080"", ""8068"", ""8100"", ""8100"", ""8366""]; Skip.to.Item=[""NA"", ""NA"", ""NA"", ""NA"", ""NA"", ""NA"", ""NA""]"
"OHXDEN_J","OHX09TC","OHX09TC","Tooth Count: #9","Tooth Count: Upper left central incisor (CI)","Both males and females 1 YEARS - 150 YEARS",NA,"Code.or.Value=[""1"", ""2"", ""3"", ""4"", ""5"", ""9"", "".""]; Value.Description=[""Primary tooth (deciduous) present"", ""Permanent tooth present"", ""Dental implant"", ""Tooth not present"", ""Permanent dental root fragment present"", ""Could not assess"", ""Missing""]; Count=[""994"", ""6052"", ""28"", ""991"", ""35"", ""0"", ""266""]; Cumulative=[""994"", ""7046"", ""7074"", ""8065"", ""8100"", ""8100"", ""8366""]; Skip.to.Item=[""NA"", ""NA"", ""NA"", ""NA"", ""NA"", ""NA"", ""NA""]"
"OHXDEN_J","OHX10TC","OHX10TC","Tooth Count: #10","Tooth Count: Upper left lateral incisor (LI)","Both males and females 1 YEARS - 150 YEARS",NA,"Code.or.Value=[""1"", ""2"", ""3"", ""4"", ""5"", ""9"", "".""]; Value.Description=[""Primary tooth (deciduous) present"", ""Permanent tooth present"", ""Dental implant"", ""Tooth not present"", ""Permanent dental root fragment present"", ""Could not assess"", ""Missing""]; Count=[""1132"", ""5820"", ""16"", ""1082"", ""50"", ""0"", ""266""]; Cumulative=[""1132"", ""6952"", ""6968"", ""8050"", ""8100"", ""8100"", ""8366""]; Skip.to.Item=[""NA"", ""NA"", ""NA"", ""NA"", ""NA"", ""NA"", ""NA""]"
"OHXDEN_J","OHX11TC","OHX11TC","Tooth Count: #11","Tooth Count: Upper left cuspid (C)","Both males and females 1 YEARS - 150 YEARS",NA,"Code.or.Value=[""1"", ""2"", ""3"", ""4"", ""5"", ""9"", "".""]; Value.Description=[""Primary tooth (deciduous) present"", ""Permanent tooth present"", ""Dental implant"", ""Tooth not present"", ""Permanent dental root fragment present"", ""Could not assess"", ""Missing""]; Count=[""1589"", ""5447"", ""13"", ""1001"", ""50"", ""0"", ""266""]; Cumulative=[""1589"", ""7036"", ""7049"", ""8050"", ""8100"", ""8100"", ""8366""]; Skip.to.Item=[""NA"", ""NA"", ""NA"", ""NA"", ""NA"", ""NA"", ""NA""]"
"OHXDEN_J","OHX12TC","OHX12TC","Tooth Count: #12","Tooth Count: Upper left 1st bicuspid/1st primary molar (1B)","Both males and females 1 YEARS - 150 YEARS",NA,"Code.or.Value=[""1"", ""2"", ""3"", ""4"", ""5"", ""9"", "".""]; Value.Description=[""Primary tooth (deciduous) present"", ""Permanent tooth present"", ""Dental implant"", ""Tooth not present"", ""Permanent dental root fragment present"", ""Could not assess"", ""Missing""]; Count=[""1506"", ""5045"", ""16"", ""1445"", ""88"", ""0"", ""266""]; Cumulative=[""1506"", ""6551"", ""6567"", ""8012"", ""8100"", ""8100"", ""8366""]; Skip.to.Item=[""NA"", ""NA"", ""NA"", ""NA"", ""NA"", ""NA"", ""NA""]"
"OHXDEN_J","OHX13TC","OHX13TC","Tooth Count: #13","Tooth Count: Upper left 2nd bicuspid/2nd primary molar (2B)","Both males and females 1 YEARS - 150 YEARS",NA,"Code.or.Value=[""1"", ""2"", ""3"", ""4"", ""5"", ""9"", "".""]; Value.Description=[""Primary tooth (deciduous) present"", ""Permanent tooth present"", ""Dental implant"", ""Tooth not present"", ""Permanent dental root fragment present"", ""Could not assess"", ""Missing""]; Count=[""1531"", ""4969"", ""20"", ""1491"", ""89"", ""0"", ""266""]; Cumulative=[""1531"", ""6500"", ""6520"", ""8011"", ""8100"", ""8100"", ""8366""]; Skip.to.Item=[""NA"", ""NA"", ""NA"", ""NA"", ""NA"", ""NA"", ""NA""]"
"OHXDEN_J","OHX14TC","OHX14TC","Tooth Count: #14","Tooth Count: Upper left 1st molar (1M)","Both males and females 1 YEARS - 150 YEARS",NA,"Code.or.Value=[""1"", ""2"", ""3"", ""4"", ""5"", ""9"", "".""]; Value.Description=[""Primary tooth (deciduous) present"", ""Permanent tooth present"", ""Dental implant"", ""Tooth not present"", ""Permanent dental root fragment present"", ""Could not assess"", ""Missing""]; Count=[""0"", ""5581"", ""16"", ""2415"", ""88"", ""0"", ""266""]; Cumulative=[""0"", ""5581"", ""5597"", ""8012"", ""8100"", ""8100"", ""8366""]; Skip.to.Item=[""NA"", ""NA"", ""NA"", ""NA"", ""NA"", ""NA"", ""NA""]"
"OHXDEN_J","OHX15TC","OHX15TC","Tooth Count: #15","Tooth Count: Upper left 2nd molar (2M)","Both males and females 1 YEARS - 150 YEARS",NA,"Code.or.Value=[""1"", ""2"", ""3"", ""4"", ""5"", ""9"", "".""]; Value.Description=[""Primary tooth (deciduous) present"", ""Permanent tooth present"", ""Dental implant"", ""Tooth not present"", ""Permanent dental root fragment present"", ""Could not assess"", ""Missing""]; Count=[""0"", ""4538"", ""3"", ""3479"", ""80"", ""0"", ""266""]; Cumulative=[""0"", ""4538"", ""4541"", ""8020"", ""8100"", ""8100"", ""8366""]; Skip.to.Item=[""NA"", ""NA"", ""NA"", ""NA"", ""NA"", ""NA"", ""NA""]"
"OHXDEN_J","OHX16TC","OHX16TC","Tooth Count: #16","Tooth Count: Upper left 3rd molar (3M)","Both males and females 1 YEARS - 150 YEARS",NA,"Code.or.Value=[""1"", ""2"", ""3"", ""4"", ""5"", ""9"", "".""]; Value.Description=[""Primary tooth (deciduous) present"", ""Permanent tooth present"", ""Dental implant"", ""Tooth not present"", ""Permanent dental root fragment present"", ""Could not assess"", ""Missing""]; Count=[""0"", ""1217"", ""0"", ""6842"", ""41"", ""0"", ""266""]; Cumulative=[""0"", ""1217"", ""1217"", ""8059"", ""8100"", ""8100"", ""8366""]; Skip.to.Item=[""NA"", ""NA"", ""NA"", ""NA"", ""NA"", ""NA"", ""NA""]"
"OHXDEN_J","OHX17TC","OHX17TC","Tooth Count: #17","Tooth Count: Lower left 3rd molar (3M)","Both males and females 1 YEARS - 150 YEARS",NA,"Code.or.Value=[""1"", ""2"", ""3"", ""4"", ""5"", ""9"", "".""]; Value.Description=[""Primary tooth (deciduous) present"", ""Permanent tooth present"", ""Dental implant"", ""Tooth not present"", ""Permanent dental root fragment present"", ""Could not assess"", ""Missing""]; Count=[""0"", ""1404"", ""0"", ""6648"", ""48"", ""0"", ""266""]; Cumulative=[""0"", ""1404"", ""1404"", ""8052"", ""8100"", ""8100"", ""8366""]; Skip.to.Item=[""NA"", ""NA"", ""NA"", ""NA"", ""NA"", ""NA"", ""NA""]"
"OHXDEN_J","OHX18TC","OHX18TC","Tooth Count: #18","Tooth Count: Lower left 2nd molar (2M)","Both males and females 1 YEARS - 150 YEARS",NA,"Code.or.Value=[""1"", ""2"", ""3"", ""4"", ""5"", ""9"", "".""]; Value.Description=[""Primary tooth (deciduous) present"", ""Permanent tooth present"", ""Dental implant"", ""Tooth not present"", ""Permanent dental root fragment present"", ""Could not assess"", ""Missing""]; Count=[""0"", ""4563"", ""15"", ""3447"", ""75"", ""0"", ""266""]; Cumulative=[""0"", ""4563"", ""4578"", ""8025"", ""8100"", ""8100"", ""8366""]; Skip.to.Item=[""NA"", ""NA"", ""NA"", ""NA"", ""NA"", ""NA"", ""NA""]"
"OHXDEN_J","OHX19TC","OHX19TC","Tooth Count: #19","Tooth Count: Lower left 1st molar (1M)","Both males and females 1 YEARS - 150 YEARS",NA,"Code.or.Value=[""1"", ""2"", ""3"", ""4"", ""5"", ""9"", "".""]; Value.Description=[""Primary tooth (deciduous) present"", ""Permanent tooth present"", ""Dental implant"", ""Tooth not present"", ""Permanent dental root fragment present"", ""Could not assess"", ""Missing""]; Count=[""0"", ""5233"", ""43"", ""2742"", ""82"", ""0"", ""266""]; Cumulative=[""0"", ""5233"", ""5276"", ""8018"", ""8100"", ""8100"", ""8366""]; Skip.to.Item=[""NA"", ""NA"", ""NA"", ""NA"", ""NA"", ""NA"", ""NA""]"
"OHXDEN_J","OHX20TC","OHX20TC","Tooth Count: #20","Tooth Count: Lower left 2nd bicuspid/2nd primary molar (2B)","Both males and females 1 YEARS - 150 YEARS",NA,"Code.or.Value=[""1"", ""2"", ""3"", ""4"", ""5"", ""9"", "".""]; Value.Description=[""Primary tooth (deciduous) present"", ""Permanent tooth present"", ""Dental implant"", ""Tooth not present"", ""Permanent dental root fragment present"", ""Could not assess"", ""Missing""]; Count=[""1517"", ""5251"", ""14"", ""1250"", ""68"", ""0"", ""266""]; Cumulative=[""1517"", ""6768"", ""6782"", ""8032"", ""8100"", ""8100"", ""8366""]; Skip.to.Item=[""NA"", ""NA"", ""NA"", ""NA"", ""NA"", ""NA"", ""NA""]"
"OHXDEN_J","OHX21TC","OHX21TC","Tooth Count: #21","Tooth Count: Lower left 1st bicuspid/1st primary molar (1B)","Both males and females 1 YEARS - 150 YEARS",NA,"Code.or.Value=[""1"", ""2"", ""3"", ""4"", ""5"", ""9"", "".""]; Value.Description=[""Primary tooth (deciduous) present"", ""Permanent tooth present"", ""Dental implant"", ""Tooth not present"", ""Permanent dental root fragment present"", ""Could not assess"", ""Missing""]; Count=[""1500"", ""5587"", ""12"", ""948"", ""53"", ""0"", ""266""]; Cumulative=[""1500"", ""7087"", ""7099"", ""8047"", ""8100"", ""8100"", ""8366""]; Skip.to.Item=[""NA"", ""NA"", ""NA"", ""NA"", ""NA"", ""NA"", ""NA""]"
"OHXDEN_J","OHX22TC","OHX22TC","Tooth Count: #22","Tooth Count: Lower left cuspid (C)","Both males and females 1 YEARS - 150 YEARS",NA,"Code.or.Value=[""1"", ""2"", ""3"", ""4"", ""5"", ""9"", "".""]; Value.Description=[""Primary tooth (deciduous) present"", ""Permanent tooth present"", ""Dental implant"", ""Tooth not present"", ""Permanent dental root fragment present"", ""Could not assess"", ""Missing""]; Count=[""1452"", ""5966"", ""21"", ""631"", ""30"", ""0"", ""266""]; Cumulative=[""1452"", ""7418"", ""7439"", ""8070"", ""8100"", ""8100"", ""8366""]; Skip.to.Item=[""NA"", ""NA"", ""NA"", ""NA"", ""NA"", ""NA"", ""NA""]"
"OHXDEN_J","OHX23TC","OHX23TC","Tooth Count: #23","Tooth Count: Lower left lateral incisor (LI)","Both males and females 1 YEARS - 150 YEARS",NA,"Code.or.Value=[""1"", ""2"", ""3"", ""4"", ""5"", ""9"", "".""]; Value.Description=[""Primary tooth (deciduous) present"", ""Permanent tooth present"", ""Dental implant"", ""Tooth not present"", ""Permanent dental root fragment present"", ""Could not assess"", ""Missing""]; Count=[""1025"", ""6380"", ""8"", ""671"", ""16"", ""0"", ""266""]; Cumulative=[""1025"", ""7405"", ""7413"", ""8084"", ""8100"", ""8100"", ""8366""]; Skip.to.Item=[""NA"", ""NA"", ""NA"", ""NA"", ""NA"", ""NA"", ""NA""]"
"OHXDEN_J","OHX24TC","OHX24TC","Tooth Count: #24","Tooth Count: Lower left central incisor (CI)","Both males and females 1 YEARS - 150 YEARS",NA,"Code.or.Value=[""1"", ""2"", ""3"", ""4"", ""5"", ""9"", "".""]; Value.Description=[""Primary tooth (deciduous) present"", ""Permanent tooth present"", ""Dental implant"", ""Tooth not present"", ""Permanent dental root fragment present"", ""Could not assess"", ""Missing""]; Count=[""898"", ""6488"", ""7"", ""688"", ""19"", ""0"", ""266""]; Cumulative=[""898"", ""7386"", ""7393"", ""8081"", ""8100"", ""8100"", ""8366""]; Skip.to.Item=[""NA"", ""NA"", ""NA"", ""NA"", ""NA"", ""NA"", ""NA""]"
"OHXDEN_J","OHX25TC","OHX25TC","Tooth Count: #25","Tooth Count: Lower right central incisor (CI)","Both males and females 1 YEARS - 150 YEARS",NA,"Code.or.Value=[""1"", ""2"", ""3"", ""4"", ""5"", ""9"", "".""]; Value.Description=[""Primary tooth (deciduous) present"", ""Permanent tooth present"", ""Dental implant"", ""Tooth not present"", ""Permanent dental root fragment present"", ""Could not assess"", ""Missing""]; Count=[""900"", ""6495"", ""6"", ""684"", ""15"", ""0"", ""266""]; Cumulative=[""900"", ""7395"", ""7401"", ""8085"", ""8100"", ""8100"", ""8366""]; Skip.to.Item=[""NA"", ""NA"", ""NA"", ""NA"", ""NA"", ""NA"", ""NA""]"
"OHXDEN_J","OHX26TC","OHX26TC","Tooth Count: #26","Tooth Count: Lower right lateral incisor (LI)","Both males and females 1 YEARS - 150 YEARS",NA,"Code.or.Value=[""1"", ""2"", ""3"", ""4"", ""5"", ""9"", "".""]; Value.Description=[""Primary tooth (deciduous) present"", ""Permanent tooth present"", ""Dental implant"", ""Tooth not present"", ""Permanent dental root fragment present"", ""Could not assess"", ""Missing""]; Count=[""1013"", ""6396"", ""9"", ""661"", ""21"", ""0"", ""266""]; Cumulative=[""1013"", ""7409"", ""7418"", ""8079"", ""8100"", ""8100"", ""8366""]; Skip.to.Item=[""NA"", ""NA"", ""NA"", ""NA"", ""NA"", ""NA"", ""NA""]"
"OHXDEN_J","OHX27TC","OHX27TC","Tooth Count: #27","Tooth Count: Lower right cuspid (C)","Both males and females 1 YEARS - 150 YEARS",NA,"Code.or.Value=[""1"", ""2"", ""3"", ""4"", ""5"", ""9"", "".""]; Value.Description=[""Primary tooth (deciduous) present"", ""Permanent tooth present"", ""Dental implant"", ""Tooth not present"", ""Permanent dental root fragment present"", ""Could not assess"", ""Missing""]; Count=[""1453"", ""5972"", ""17"", ""635"", ""23"", ""0"", ""266""]; Cumulative=[""1453"", ""7425"", ""7442"", ""8077"", ""8100"", ""8100"", ""8366""]; Skip.to.Item=[""NA"", ""NA"", ""NA"", ""NA"", ""NA"", ""NA"", ""NA""]"
"OHXDEN_J","OHX28TC","OHX28TC","Tooth Count: #28","Tooth Count: Lower right 1st bicuspid/1st primary molar (1B)","Both males and females 1 YEARS - 150 YEARS",NA,"Code.or.Value=[""1"", ""2"", ""3"", ""4"", ""5"", ""9"", "".""]; Value.Description=[""Primary tooth (deciduous) present"", ""Permanent tooth present"", ""Dental implant"", ""Tooth not present"", ""Permanent dental root fragment present"", ""Could not assess"", ""Missing""]; Count=[""1489"", ""5560"", ""9"", ""1000"", ""42"", ""0"", ""266""]; Cumulative=[""1489"", ""7049"", ""7058"", ""8058"", ""8100"", ""8100"", ""8366""]; Skip.to.Item=[""NA"", ""NA"", ""NA"", ""NA"", ""NA"", ""NA"", ""NA""]"
"OHXDEN_J","OHX29TC","OHX29TC","Tooth Count: #29","Tooth Count: Lower right 2nd bicuspid/2nd primary molar (2B)","Both males and females 1 YEARS - 150 YEARS",NA,"Code.or.Value=[""1"", ""2"", ""3"", ""4"", ""5"", ""9"", "".""]; Value.Description=[""Primary tooth (deciduous) present"", ""Permanent tooth present"", ""Dental implant"", ""Tooth not present"", ""Permanent dental root fragment present"", ""Could not assess"", ""Missing""]; Count=[""1505"", ""5245"", ""11"", ""1271"", ""68"", ""0"", ""266""]; Cumulative=[""1505"", ""6750"", ""6761"", ""8032"", ""8100"", ""8100"", ""8366""]; Skip.to.Item=[""NA"", ""NA"", ""NA"", ""NA"", ""NA"", ""NA"", ""NA""]"
"OHXDEN_J","OHX30TC","OHX30TC","Tooth Count: #30","Tooth Count: Lower right 1st molar (1M)","Both males and females 1 YEARS - 150 YEARS",NA,"Code.or.Value=[""1"", ""2"", ""3"", ""4"", ""5"", ""9"", "".""]; Value.Description=[""Primary tooth (deciduous) present"", ""Permanent tooth present"", ""Dental implant"", ""Tooth not present"", ""Permanent dental root fragment present"", ""Could not assess"", ""Missing""]; Count=[""0"", ""5259"", ""33"", ""2712"", ""96"", ""0"", ""266""]; Cumulative=[""0"", ""5259"", ""5292"", ""8004"", ""8100"", ""8100"", ""8366""]; Skip.to.Item=[""NA"", ""NA"", ""NA"", ""NA"", ""NA"", ""NA"", ""NA""]"
"OHXDEN_J","OHX31TC","OHX31TC","Tooth Count: #31","Tooth Count: Lower right 2nd molar (2M)","Both males and females 1 YEARS - 150 YEARS",NA,"Code.or.Value=[""1"", ""2"", ""3"", ""4"", ""5"", ""9"", "".""]; Value.Description=[""Primary tooth (deciduous) present"", ""Permanent tooth present"", ""Dental implant"", ""Tooth not present"", ""Permanent dental root fragment present"", ""Could not assess"", ""Missing""]; Count=[""0"", ""4575"", ""18"", ""3427"", ""80"", ""0"", ""266""]; Cumulative=[""0"", ""4575"", ""4593"", ""8020"", ""8100"", ""8100"", ""8366""]; Skip.to.Item=[""NA"", ""NA"", ""NA"", ""NA"", ""NA"", ""NA"", ""NA""]"
"OHXDEN_J","OHX32TC","OHX32TC","Tooth Count: #32","Tooth Count: Lower right 3rd molar (3M)","Both males and females 1 YEARS - 150 YEARS",NA,"Code.or.Value=[""1"", ""2"", ""3"", ""4"", ""5"", ""9"", "".""]; Value.Description=[""Primary tooth (deciduous) present"", ""Permanent tooth present"", ""Dental implant"", ""Tooth not present"", ""Permanent dental root fragment present"", ""Could not assess"", ""Missing""]; Count=[""0"", ""1462"", ""0"", ""6574"", ""64"", ""0"", ""266""]; Cumulative=[""0"", ""1462"", ""1462"", ""8036"", ""8100"", ""8100"", ""8366""]; Skip.to.Item=[""NA"", ""NA"", ""NA"", ""NA"", ""NA"", ""NA"", ""NA""]"
"OHXDEN_J","OHX02CTC","OHX02CTC","Coronal Caries: Tooth Count #2","Coronal Caries: Upper right 2nd molar (2M) tooth code","Both males and females 1 YEARS - 150 YEARS",NA,"Code.or.Value=[""A"", ""D"", ""E"", ""F"", ""J"", ""K"", ""M"", ""P"", ""Q"", ""R"", ""S"", ""T"", ""U"", ""X"", ""Y"", ""Z"", ""< blank >""]; Value.Description=[""Primary tooth with a restored surface condition"", ""Sound primary tooth"", ""Missing due to dental disease"", ""Permanent tooth with a restored surface condition"", ""Permanent root tip is present but no restorative replacement is present"", ""Primary tooth with a dental carious surface condition"", ""Missing due to other causes"", ""Missing due to dental disease but replaced by a removable restoration"", ""Missing due to other causes but replaced by a removable restoration"", ""Missing due to dental disease but replaced by a fixed restoration"", ""Sound permanent tooth"", ""Permanent root tip is present but a restorative replacement is present"", ""Unerupted"", ""Missing due to other causes but replaced by a fixed restoration"", ""Tooth present, condition cannot be assessed"", ""Permanent tooth with a dental carious surface condition"", ""Missing""]; Count=[""0"", ""0"", ""758"", ""1747"", ""77"", ""0"", ""23"", ""677"", ""30"", ""9"", ""2701"", ""0"", ""1945"", ""0"", ""6"", ""127"", ""266""]; Cumulative=[""0"", ""0"", ""758"", ""2505"", ""2582"", ""2582"", ""2605"", ""3282"", ""3312"", ""3321"", ""6022"", ""6022"", ""7967"", ""7967"", ""7973"", ""8100"", ""8366""]; Skip.to.Item=[""NA"", ""NA"", ""NA"", ""NA"", ""NA"", ""NA"", ""NA"", ""NA"", ""NA"", ""NA"", ""NA"", ""NA"", ""NA"", ""NA"", ""NA"", ""NA"", ""NA""]"
"OHXDEN_J","OHX03CTC","OHX03CTC","Coronal Caries: Tooth Count #3","Coronal Caries: Upper right 1st molar (1M) tooth code","Both males and females 1 YEARS - 150 YEARS",NA,"Code.or.Value=[""A"", ""D"", ""E"", ""F"", ""J"", ""K"", ""M"", ""P"", ""Q"", ""R"", ""S"", ""T"", ""U"", ""X"", ""Y"", ""Z"", ""< blank >""]; Value.Description=[""Primary tooth with a restored surface condition"", ""Sound primary tooth"", ""Missing due to dental disease"", ""Permanent tooth with a restored surface condition"", ""Permanent root tip is present but no restorative replacement is present"", ""Primary tooth with a dental carious surface condition"", ""Missing due to other causes"", ""Missing due to dental disease but replaced by a removable restoration"", ""Missing due to other causes but replaced by a removable restoration"", ""Missing due to dental disease but replaced by a fixed restoration"", ""Sound permanent tooth"", ""Permanent root tip is present but a restorative replacement is present"", ""Unerupted"", ""Missing due to other causes but replaced by a fixed restoration"", ""Tooth present, condition cannot be assessed"", ""Permanent tooth with a dental carious surface condition"", ""Missing""]; Count=[""0"", ""0"", ""645"", ""2283"", ""84"", ""0"", ""16"", ""733"", ""31"", ""78"", ""3143"", ""0"", ""957"", ""2"", ""3"", ""125"", ""266""]; Cumulative=[""0"", ""0"", ""645"", ""2928"", ""3012"", ""3012"", ""3028"", ""3761"", ""3792"", ""3870"", ""7013"", ""7013"", ""7970"", ""7972"", ""7975"", ""8100"", ""8366""]; Skip.to.Item=[""NA"", ""NA"", ""NA"", ""NA"", ""NA"", ""NA"", ""NA"", ""NA"", ""NA"", ""NA"", ""NA"", ""NA"", ""NA"", ""NA"", ""NA"", ""NA"", ""NA""]"
"OHXDEN_J","OHX04CTC","OHX04CTC","Coronal Caries: Tooth Count #4","Coronal Caries: Upper right 2nd bicuspid/2nd primary molar (2B) tooth code","Both males and females 1 YEARS - 150 YEARS",NA,"Code.or.Value=[""A"", ""D"", ""E"", ""F"", ""J"", ""K"", ""M"", ""P"", ""Q"", ""R"", ""S"", ""T"", ""U"", ""X"", ""Y"", ""Z"", ""< blank >""]; Value.Description=[""Primary tooth with a restored surface condition"", ""Sound primary tooth"", ""Missing due to dental disease"", ""Permanent tooth with a restored surface condition"", ""Permanent root tip is present but no restorative replacement is present"", ""Primary tooth with a dental carious surface condition"", ""Missing due to other causes"", ""Missing due to dental disease but replaced by a removable restoration"", ""Missing due to other causes but replaced by a removable restoration"", ""Missing due to dental disease but replaced by a fixed restoration"", ""Sound permanent tooth"", ""Permanent root tip is present but a restorative replacement is present"", ""Unerupted"", ""Missing due to other causes but replaced by a fixed restoration"", ""Tooth present, condition cannot be assessed"", ""Permanent tooth with a dental carious surface condition"", ""Missing""]; Count=[""245"", ""1249"", ""440"", ""1369"", ""82"", ""47"", ""21"", ""703"", ""27"", ""89"", ""3493"", ""0"", ""236"", ""1"", ""2"", ""96"", ""266""]; Cumulative=[""245"", ""1494"", ""1934"", ""3303"", ""3385"", ""3432"", ""3453"", ""4156"", ""4183"", ""4272"", ""7765"", ""7765"", ""8001"", ""8002"", ""8004"", ""8100"", ""8366""]; Skip.to.Item=[""NA"", ""NA"", ""NA"", ""NA"", ""NA"", ""NA"", ""NA"", ""NA"", ""NA"", ""NA"", ""NA"", ""NA"", ""NA"", ""NA"", ""NA"", ""NA"", ""NA""]"
"OHXDEN_J","OHX05CTC","OHX05CTC","Coronal Caries: Tooth Count #5","Coronal Caries: Upper right 1st bicuspid/1st primary molar (1B) tooth code","Both males and females 1 YEARS - 150 YEARS",NA,"Code.or.Value=[""A"", ""D"", ""E"", ""F"", ""J"", ""K"", ""M"", ""P"", ""Q"", ""R"", ""S"", ""T"", ""U"", ""X"", ""Y"", ""Z"", ""< blank >""]; Value.Description=[""Primary tooth with a restored surface condition"", ""Sound primary tooth"", ""Missing due to dental disease"", ""Permanent tooth with a restored surface condition"", ""Permanent root tip is present but no restorative replacement is present"", ""Primary tooth with a dental carious surface condition"", ""Missing due to other causes"", ""Missing due to dental disease but replaced by a removable restoration"", ""Missing due to other causes but replaced by a removable restoration"", ""Missing due to dental disease but replaced by a fixed restoration"", ""Sound permanent tooth"", ""Permanent root tip is present but a restorative replacement is present"", ""Unerupted"", ""Missing due to other causes but replaced by a fixed restoration"", ""Tooth present, condition cannot be assessed"", ""Permanent tooth with a dental carious surface condition"", ""Missing""]; Count=[""168"", ""1273"", ""347"", ""1155"", ""91"", ""41"", ""242"", ""676"", ""30"", ""63"", ""3807"", ""0"", ""114"", ""1"", ""3"", ""89"", ""266""]; Cumulative=[""168"", ""1441"", ""1788"", ""2943"", ""3034"", ""3075"", ""3317"", ""3993"", ""4023"", ""4086"", ""7893"", ""7893"", ""8007"", ""8008"", ""8011"", ""8100"", ""8366""]; Skip.to.Item=[""NA"", ""NA"", ""NA"", ""NA"", ""NA"", ""NA"", ""NA"", ""NA"", ""NA"", ""NA"", ""NA"", ""NA"", ""NA"", ""NA"", ""NA"", ""NA"", ""NA""]"
"OHXDEN_J","OHX06CTC","OHX06CTC","Coronal Caries: Tooth Count #6","Coronal Caries: Upper right cuspid (C) tooth code","Both males and females 1 YEARS - 150 YEARS",NA,"Code.or.Value=[""U"", ""X"", ""Y"", ""Z"", ""< blank >"", ""A"", ""D"", ""E"", ""F"", ""J"", ""K"", ""M"", ""P"", ""Q"", ""R"", ""S"", ""T""]; Value.Description=[""Unerupted"", ""Missing due to other causes but replaced by a fixed restoration"", ""Tooth present, condition cannot be assessed"", ""Permanent tooth with a dental carious surface condition"", ""Missing"", ""Primary tooth with a restored surface condition"", ""Sound primary tooth"", ""Missing due to dental disease"", ""Permanent tooth with a restored surface condition"", ""Permanent root tip is present but no restorative replacement is present"", ""Primary tooth with a dental carious surface condition"", ""Missing due to other causes"", ""Missing due to dental disease but replaced by a removable restoration"", ""Missing due to other causes but replaced by a removable restoration"", ""Missing due to dental disease but replaced by a fixed restoration"", ""Sound permanent tooth"", ""Permanent root tip is present but a restorative replacement is present""]; Count=[""167"", ""6"", ""78"", ""87"", ""266"", ""19"", ""1559"", ""125"", ""378"", ""44"", ""10"", ""25"", ""617"", ""40"", ""33"", ""4912"", ""0""]; Cumulative=[""7929"", ""7935"", ""8013"", ""8100"", ""8366"", ""19"", ""1578"", ""1703"", ""2081"", ""2125"", ""2135"", ""2160"", ""2777"", ""2817"", ""2850"", ""7762"", ""7762""]; Skip.to.Item=[""NA"", ""NA"", ""NA"", ""NA"", ""NA"", ""NA"", ""NA"", ""NA"", ""NA"", ""NA"", ""NA"", ""NA"", ""NA"", ""NA"", ""NA"", ""NA"", ""NA""]"
"OHXDEN_J","OHX07CTC","OHX07CTC","Coronal Caries: Tooth Count #7","Coronal Caries: Upper right lateral incisor (LI) tooth code","Both males and females 1 YEARS - 150 YEARS",NA,"Code.or.Value=[""A"", ""D"", ""E"", ""F"", ""J"", ""K"", ""M"", ""P"", ""Q"", ""R"", ""S"", ""T"", ""U"", ""X"", ""Y"", ""Z"", ""< blank >""]; Value.Description=[""Primary tooth with a restored surface condition"", ""Sound primary tooth"", ""Missing due to dental disease"", ""Permanent tooth with a restored surface condition"", ""Permanent root tip is present but no restorative replacement is present"", ""Primary tooth with a dental carious surface condition"", ""Missing due to other causes"", ""Missing due to dental disease but replaced by a removable restoration"", ""Missing due to other causes but replaced by a removable restoration"", ""Missing due to dental disease but replaced by a fixed restoration"", ""Sound permanent tooth"", ""Permanent root tip is present but a restorative replacement is present"", ""Unerupted"", ""Missing due to other causes but replaced by a fixed restoration"", ""Tooth present, condition cannot be assessed"", ""Permanent tooth with a dental carious surface condition"", ""Missing""]; Count=[""26"", ""1070"", ""158"", ""527"", ""47"", ""25"", ""32"", ""659"", ""52"", ""78"", ""5039"", ""0"", ""124"", ""13"", ""120"", ""130"", ""266""]; Cumulative=[""26"", ""1096"", ""1254"", ""1781"", ""1828"", ""1853"", ""1885"", ""2544"", ""2596"", ""2674"", ""7713"", ""7713"", ""7837"", ""7850"", ""7970"", ""8100"", ""8366""]; Skip.to.Item=[""NA"", ""NA"", ""NA"", ""NA"", ""NA"", ""NA"", ""NA"", ""NA"", ""NA"", ""NA"", ""NA"", ""NA"", ""NA"", ""NA"", ""NA"", ""NA"", ""NA""]"
"OHXDEN_J","OHX08CTC","OHX08CTC","Coronal Caries: Tooth Count #8","Coronal Caries: Upper right central incisor (CI) tooth code","Both males and females 1 YEARS - 150 YEARS",NA,"Code.or.Value=[""A"", ""D"", ""E"", ""F"", ""J"", ""K"", ""M"", ""P"", ""Q"", ""R"", ""S"", ""T"", ""U"", ""X"", ""Y"", ""Z"", ""< blank >""]; Value.Description=[""Primary tooth with a restored surface condition"", ""Sound primary tooth"", ""Missing due to dental disease"", ""Permanent tooth with a restored surface condition"", ""Permanent root tip is present but no restorative replacement is present"", ""Primary tooth with a dental carious surface condition"", ""Missing due to other causes"", ""Missing due to dental disease but replaced by a removable restoration"", ""Missing due to other causes but replaced by a removable restoration"", ""Missing due to dental disease but replaced by a fixed restoration"", ""Sound permanent tooth"", ""Permanent root tip is present but a restorative replacement is present"", ""Unerupted"", ""Missing due to other causes but replaced by a fixed restoration"", ""Tooth present, condition cannot be assessed"", ""Permanent tooth with a dental carious surface condition"", ""Missing""]; Count=[""31"", ""929"", ""127"", ""625"", ""32"", ""34"", ""17"", ""661"", ""64"", ""61"", ""5061"", ""0"", ""62"", ""20"", ""206"", ""170"", ""266""]; Cumulative=[""31"", ""960"", ""1087"", ""1712"", ""1744"", ""1778"", ""1795"", ""2456"", ""2520"", ""2581"", ""7642"", ""7642"", ""7704"", ""7724"", ""7930"", ""8100"", ""8366""]; Skip.to.Item=[""NA"", ""NA"", ""NA"", ""NA"", ""NA"", ""NA"", ""NA"", ""NA"", ""NA"", ""NA"", ""NA"", ""NA"", ""NA"", ""NA"", ""NA"", ""NA"", ""NA""]"
"OHXDEN_J","OHX09CTC","OHX09CTC","Coronal Caries: Tooth Count #9","Coronal Caries: Upper left central incisor (CI) tooth code","Both males and females 1 YEARS - 150 YEARS",NA,"Code.or.Value=[""A"", ""D"", ""E"", ""F"", ""J"", ""K"", ""M"", ""P"", ""Q"", ""R"", ""S"", ""T"", ""U"", ""X"", ""Y"", ""Z"", ""< blank >""]; Value.Description=[""Primary tooth with a restored surface condition"", ""Sound primary tooth"", ""Missing due to dental disease"", ""Permanent tooth with a restored surface condition"", ""Permanent root tip is present but no restorative replacement is present"", ""Primary tooth with a dental carious surface condition"", ""Missing due to other causes"", ""Missing due to dental disease but replaced by a removable restoration"", ""Missing due to other causes but replaced by a removable restoration"", ""Missing due to dental disease but replaced by a fixed restoration"", ""Sound permanent tooth"", ""Permanent root tip is present but a restorative replacement is present"", ""Unerupted"", ""Missing due to other causes but replaced by a fixed restoration"", ""Tooth present, condition cannot be assessed"", ""Permanent tooth with a dental carious surface condition"", ""Missing""]; Count=[""32"", ""922"", ""135"", ""646"", ""34"", ""40"", ""23"", ""649"", ""67"", ""65"", ""5063"", ""1"", ""58"", ""22"", ""195"", ""148"", ""266""]; Cumulative=[""32"", ""954"", ""1089"", ""1735"", ""1769"", ""1809"", ""1832"", ""2481"", ""2548"", ""2613"", ""7676"", ""7677"", ""7735"", ""7757"", ""7952"", ""8100"", ""8366""]; Skip.to.Item=[""NA"", ""NA"", ""NA"", ""NA"", ""NA"", ""NA"", ""NA"", ""NA"", ""NA"", ""NA"", ""NA"", ""NA"", ""NA"", ""NA"", ""NA"", ""NA"", ""NA""]"
"OHXDEN_J","OHX10CTC","OHX10CTC","Coronal Caries: Tooth Count #10","Coronal Caries: Upper left lateral incisor (LI) tooth code","Both males and females 1 YEARS - 150 YEARS",NA,"Code.or.Value=[""A"", ""D"", ""E"", ""F"", ""J"", ""K"", ""M"", ""P"", ""Q"", ""R"", ""S"", ""T"", ""U"", ""X"", ""Y"", ""Z"", ""< blank >""]; Value.Description=[""Primary tooth with a restored surface condition"", ""Sound primary tooth"", ""Missing due to dental disease"", ""Permanent tooth with a restored surface condition"", ""Permanent root tip is present but no restorative replacement is present"", ""Primary tooth with a dental carious surface condition"", ""Missing due to other causes"", ""Missing due to dental disease but replaced by a removable restoration"", ""Missing due to other causes but replaced by a removable restoration"", ""Missing due to dental disease but replaced by a fixed restoration"", ""Sound permanent tooth"", ""Permanent root tip is present but a restorative replacement is present"", ""Unerupted"", ""Missing due to other causes but replaced by a fixed restoration"", ""Tooth present, condition cannot be assessed"", ""Permanent tooth with a dental carious surface condition"", ""Missing""]; Count=[""23"", ""1088"", ""153"", ""570"", ""49"", ""21"", ""31"", ""658"", ""56"", ""81"", ""5002"", ""1"", ""103"", ""15"", ""115"", ""134"", ""266""]; Cumulative=[""23"", ""1111"", ""1264"", ""1834"", ""1883"", ""1904"", ""1935"", ""2593"", ""2649"", ""2730"", ""7732"", ""7733"", ""7836"", ""7851"", ""7966"", ""8100"", ""8366""]; Skip.to.Item=[""NA"", ""NA"", ""NA"", ""NA"", ""NA"", ""NA"", ""NA"", ""NA"", ""NA"", ""NA"", ""NA"", ""NA"", ""NA"", ""NA"", ""NA"", ""NA"", ""NA""]"
"OHXDEN_J","OHX11CTC","OHX11CTC","Coronal Caries: Tooth Count #11","Coronal Caries: Upper left cuspid (C) tooth code","Both males and females 1 YEARS - 150 YEARS",NA,"Code.or.Value=[""A"", ""D"", ""E"", ""F"", ""J"", ""K"", ""M"", ""P"", ""Q"", ""R"", ""S"", ""T"", ""U"", ""X"", ""Y"", ""Z"", ""< blank >""]; Value.Description=[""Primary tooth with a restored surface condition"", ""Sound primary tooth"", ""Missing due to dental disease"", ""Permanent tooth with a restored surface condition"", ""Permanent root tip is present but no restorative replacement is present"", ""Primary tooth with a dental carious surface condition"", ""Missing due to other causes"", ""Missing due to dental disease but replaced by a removable restoration"", ""Missing due to other causes but replaced by a removable restoration"", ""Missing due to dental disease but replaced by a fixed restoration"", ""Sound permanent tooth"", ""Permanent root tip is present but a restorative replacement is present"", ""Unerupted"", ""Missing due to other causes but replaced by a fixed restoration"", ""Tooth present, condition cannot be assessed"", ""Permanent tooth with a dental carious surface condition"", ""Missing""]; Count=[""24"", ""1544"", ""146"", ""412"", ""50"", ""21"", ""19"", ""617"", ""36"", ""28"", ""4842"", ""0"", ""163"", ""5"", ""93"", ""100"", ""266""]; Cumulative=[""24"", ""1568"", ""1714"", ""2126"", ""2176"", ""2197"", ""2216"", ""2833"", ""2869"", ""2897"", ""7739"", ""7739"", ""7902"", ""7907"", ""8000"", ""8100"", ""8366""]; Skip.to.Item=[""NA"", ""NA"", ""NA"", ""NA"", ""NA"", ""NA"", ""NA"", ""NA"", ""NA"", ""NA"", ""NA"", ""NA"", ""NA"", ""NA"", ""NA"", ""NA"", ""NA""]"
"OHXDEN_J","OHX12CTC","OHX12CTC","Coronal Caries: Tooth Count #12","Coronal Caries: Upper left 1st bicuspid/1st primary molar (1B) tooth code","Both males and females 1 YEARS - 150 YEARS",NA,"Code.or.Value=[""A"", ""D"", ""E"", ""F"", ""J"", ""K"", ""M"", ""P"", ""Q"", ""R"", ""S"", ""T"", ""U"", ""X"", ""Y"", ""Z"", ""< blank >""]; Value.Description=[""Primary tooth with a restored surface condition"", ""Sound primary tooth"", ""Missing due to dental disease"", ""Permanent tooth with a restored surface condition"", ""Permanent root tip is present but no restorative replacement is present"", ""Primary tooth with a dental carious surface condition"", ""Missing due to other causes"", ""Missing due to dental disease but replaced by a removable restoration"", ""Missing due to other causes but replaced by a removable restoration"", ""Missing due to dental disease but replaced by a fixed restoration"", ""Sound permanent tooth"", ""Permanent root tip is present but a restorative replacement is present"", ""Unerupted"", ""Missing due to other causes but replaced by a fixed restoration"", ""Tooth present, condition cannot be assessed"", ""Permanent tooth with a dental carious surface condition"", ""Missing""]; Count=[""175"", ""1280"", ""332"", ""1184"", ""88"", ""50"", ""245"", ""689"", ""30"", ""62"", ""3771"", ""0"", ""100"", ""2"", ""4"", ""88"", ""266""]; Cumulative=[""175"", ""1455"", ""1787"", ""2971"", ""3059"", ""3109"", ""3354"", ""4043"", ""4073"", ""4135"", ""7906"", ""7906"", ""8006"", ""8008"", ""8012"", ""8100"", ""8366""]; Skip.to.Item=[""NA"", ""NA"", ""NA"", ""NA"", ""NA"", ""NA"", ""NA"", ""NA"", ""NA"", ""NA"", ""NA"", ""NA"", ""NA"", ""NA"", ""NA"", ""NA"", ""NA""]"
"OHXDEN_J","OHX13CTC","OHX13CTC","Coronal Caries: Tooth Count #13","Coronal Caries: Upper left 2nd bicuspid/2nd primary molar (2B) tooth code","Both males and females 1 YEARS - 150 YEARS",NA,"Code.or.Value=[""A"", ""D"", ""E"", ""F"", ""J"", ""K"", ""M"", ""P"", ""Q"", ""R"", ""S"", ""T"", ""U"", ""X"", ""Y"", ""Z"", ""< blank >""]; Value.Description=[""Primary tooth with a restored surface condition"", ""Sound primary tooth"", ""Missing due to dental disease"", ""Permanent tooth with a restored surface condition"", ""Permanent root tip is present but no restorative replacement is present"", ""Primary tooth with a dental carious surface condition"", ""Missing due to other causes"", ""Missing due to dental disease but replaced by a removable restoration"", ""Missing due to other causes but replaced by a removable restoration"", ""Missing due to dental disease but replaced by a fixed restoration"", ""Sound permanent tooth"", ""Permanent root tip is present but a restorative replacement is present"", ""Unerupted"", ""Missing due to other causes but replaced by a fixed restoration"", ""Tooth present, condition cannot be assessed"", ""Permanent tooth with a dental carious surface condition"", ""Missing""]; Count=[""207"", ""1271"", ""437"", ""1376"", ""89"", ""51"", ""27"", ""706"", ""30"", ""76"", ""3505"", ""0"", ""234"", ""0"", ""6"", ""85"", ""266""]; Cumulative=[""207"", ""1478"", ""1915"", ""3291"", ""3380"", ""3431"", ""3458"", ""4164"", ""4194"", ""4270"", ""7775"", ""7775"", ""8009"", ""8009"", ""8015"", ""8100"", ""8366""]; Skip.to.Item=[""NA"", ""NA"", ""NA"", ""NA"", ""NA"", ""NA"", ""NA"", ""NA"", ""NA"", ""NA"", ""NA"", ""NA"", ""NA"", ""NA"", ""NA"", ""NA"", ""NA""]"
"OHXDEN_J","OHX14CTC","OHX14CTC","Coronal Caries: Tooth Count #14","Coronal Caries: Upper left 1st molar (1M) tooth code","Both males and females 1 YEARS - 150 YEARS",NA,"Code.or.Value=[""A"", ""D"", ""E"", ""F"", ""J"", ""K"", ""M"", ""P"", ""Q"", ""R"", ""S"", ""T"", ""U"", ""X"", ""Y"", ""Z"", ""< blank >""]; Value.Description=[""Primary tooth with a restored surface condition"", ""Sound primary tooth"", ""Missing due to dental disease"", ""Permanent tooth with a restored surface condition"", ""Permanent root tip is present but no restorative replacement is present"", ""Primary tooth with a dental carious surface condition"", ""Missing due to other causes"", ""Missing due to dental disease but replaced by a removable restoration"", ""Missing due to other causes but replaced by a removable restoration"", ""Missing due to dental disease but replaced by a fixed restoration"", ""Sound permanent tooth"", ""Permanent root tip is present but a restorative replacement is present"", ""Unerupted"", ""Missing due to other causes but replaced by a fixed restoration"", ""Tooth present, condition cannot be assessed"", ""Permanent tooth with a dental carious surface condition"", ""Missing""]; Count=[""0"", ""0"", ""642"", ""2298"", ""88"", ""0"", ""16"", ""723"", ""31"", ""68"", ""3164"", ""0"", ""949"", ""2"", ""3"", ""116"", ""266""]; Cumulative=[""0"", ""0"", ""642"", ""2940"", ""3028"", ""3028"", ""3044"", ""3767"", ""3798"", ""3866"", ""7030"", ""7030"", ""7979"", ""7981"", ""7984"", ""8100"", ""8366""]; Skip.to.Item=[""NA"", ""NA"", ""NA"", ""NA"", ""NA"", ""NA"", ""NA"", ""NA"", ""NA"", ""NA"", ""NA"", ""NA"", ""NA"", ""NA"", ""NA"", ""NA"", ""NA""]"
"OHXDEN_J","OHX15CTC","OHX15CTC","Coronal Caries: Tooth Count #15","Coronal Caries: Upper left 2nd molar (2M) tooth code","Both males and females 1 YEARS - 150 YEARS",NA,"Code.or.Value=[""U"", ""X"", ""Y"", ""Z"", ""< blank >"", ""A"", ""D"", ""E"", ""F"", ""J"", ""K"", ""M"", ""P"", ""Q"", ""R"", ""S"", ""T""]; Value.Description=[""Unerupted"", ""Missing due to other causes but replaced by a fixed restoration"", ""Tooth present, condition cannot be assessed"", ""Permanent tooth with a dental carious surface condition"", ""Missing"", ""Primary tooth with a restored surface condition"", ""Sound primary tooth"", ""Missing due to dental disease"", ""Permanent tooth with a restored surface condition"", ""Permanent root tip is present but no restorative replacement is present"", ""Primary tooth with a dental carious surface condition"", ""Missing due to other causes"", ""Missing due to dental disease but replaced by a removable restoration"", ""Missing due to other causes but replaced by a removable restoration"", ""Missing due to dental disease but replaced by a fixed restoration"", ""Sound permanent tooth"", ""Permanent root tip is present but a restorative replacement is present""]; Count=[""1936"", ""0"", ""4"", ""128"", ""266"", ""0"", ""0"", ""815"", ""1750"", ""80"", ""0"", ""14"", ""679"", ""30"", ""8"", ""2656"", ""0""]; Cumulative=[""7968"", ""7968"", ""7972"", ""8100"", ""8366"", ""0"", ""0"", ""815"", ""2565"", ""2645"", ""2645"", ""2659"", ""3338"", ""3368"", ""3376"", ""6032"", ""6032""]; Skip.to.Item=[""NA"", ""NA"", ""NA"", ""NA"", ""NA"", ""NA"", ""NA"", ""NA"", ""NA"", ""NA"", ""NA"", ""NA"", ""NA"", ""NA"", ""NA"", ""NA"", ""NA""]"
"OHXDEN_J","OHX18CTC","OHX18CTC","Coronal Caries: Tooth Count #18","Coronal Caries: Lower left 2nd molar (2M) tooth code","Both males and females 1 YEARS - 150 YEARS",NA,"Code.or.Value=[""A"", ""D"", ""E"", ""F"", ""J"", ""K"", ""M"", ""P"", ""Q"", ""R"", ""S"", ""T"", ""U"", ""X"", ""Y"", ""Z"", ""< blank >""]; Value.Description=[""Primary tooth with a restored surface condition"", ""Sound primary tooth"", ""Missing due to dental disease"", ""Permanent tooth with a restored surface condition"", ""Permanent root tip is present but no restorative replacement is present"", ""Primary tooth with a dental carious surface condition"", ""Missing due to other causes"", ""Missing due to dental disease but replaced by a removable restoration"", ""Missing due to other causes but replaced by a removable restoration"", ""Missing due to dental disease but replaced by a fixed restoration"", ""Sound permanent tooth"", ""Permanent root tip is present but a restorative replacement is present"", ""Unerupted"", ""Missing due to other causes but replaced by a fixed restoration"", ""Tooth present, condition cannot be assessed"", ""Permanent tooth with a dental carious surface condition"", ""Missing""]; Count=[""0"", ""0"", ""1003"", ""2006"", ""75"", ""0"", ""21"", ""558"", ""21"", ""27"", ""2386"", ""0"", ""1830"", ""1"", ""3"", ""169"", ""266""]; Cumulative=[""0"", ""0"", ""1003"", ""3009"", ""3084"", ""3084"", ""3105"", ""3663"", ""3684"", ""3711"", ""6097"", ""6097"", ""7927"", ""7928"", ""7931"", ""8100"", ""8366""]; Skip.to.Item=[""NA"", ""NA"", ""NA"", ""NA"", ""NA"", ""NA"", ""NA"", ""NA"", ""NA"", ""NA"", ""NA"", ""NA"", ""NA"", ""NA"", ""NA"", ""NA"", ""NA""]"
"OHXDEN_J","OHX19CTC","OHX19CTC","Coronal Caries: Tooth Count #19","Coronal Caries: Lower left 1st molar (1M) tooth code","Both males and females 1 YEARS - 150 YEARS",NA,"Code.or.Value=[""A"", ""D"", ""E"", ""F"", ""J"", ""K"", ""M"", ""P"", ""Q"", ""R"", ""S"", ""T"", ""U"", ""X"", ""Y"", ""Z"", ""< blank >""]; Value.Description=[""Primary tooth with a restored surface condition"", ""Sound primary tooth"", ""Missing due to dental disease"", ""Permanent tooth with a restored surface condition"", ""Permanent root tip is present but no restorative replacement is present"", ""Primary tooth with a dental carious surface condition"", ""Missing due to other causes"", ""Missing due to dental disease but replaced by a removable restoration"", ""Missing due to other causes but replaced by a removable restoration"", ""Missing due to dental disease but replaced by a fixed restoration"", ""Sound permanent tooth"", ""Permanent root tip is present but a restorative replacement is present"", ""Unerupted"", ""Missing due to other causes but replaced by a fixed restoration"", ""Tooth present, condition cannot be assessed"", ""Permanent tooth with a dental carious surface condition"", ""Missing""]; Count=[""0"", ""0"", ""1087"", ""2253"", ""81"", ""0"", ""15"", ""594"", ""21"", ""140"", ""2818"", ""1"", ""926"", ""2"", ""2"", ""160"", ""266""]; Cumulative=[""0"", ""0"", ""1087"", ""3340"", ""3421"", ""3421"", ""3436"", ""4030"", ""4051"", ""4191"", ""7009"", ""7010"", ""7936"", ""7938"", ""7940"", ""8100"", ""8366""]; Skip.to.Item=[""NA"", ""NA"", ""NA"", ""NA"", ""NA"", ""NA"", ""NA"", ""NA"", ""NA"", ""NA"", ""NA"", ""NA"", ""NA"", ""NA"", ""NA"", ""NA"", ""NA""]"
"OHXDEN_J","OHX20CTC","OHX20CTC","Coronal Caries: Tooth Count #20","Coronal Caries: Lower left 2nd bicuspid/2nd primary molar (2B) tooth code","Both males and females 1 YEARS - 150 YEARS",NA,"Code.or.Value=[""A"", ""D"", ""E"", ""F"", ""J"", ""K"", ""M"", ""P"", ""Q"", ""R"", ""S"", ""T"", ""U"", ""X"", ""Y"", ""Z"", ""< blank >""]; Value.Description=[""Primary tooth with a restored surface condition"", ""Sound primary tooth"", ""Missing due to dental disease"", ""Permanent tooth with a restored surface condition"", ""Permanent root tip is present but no restorative replacement is present"", ""Primary tooth with a dental carious surface condition"", ""Missing due to other causes"", ""Missing due to dental disease but replaced by a removable restoration"", ""Missing due to other causes but replaced by a removable restoration"", ""Missing due to dental disease but replaced by a fixed restoration"", ""Sound permanent tooth"", ""Permanent root tip is present but a restorative replacement is present"", ""Unerupted"", ""Missing due to other causes but replaced by a fixed restoration"", ""Tooth present, condition cannot be assessed"", ""Permanent tooth with a dental carious surface condition"", ""Missing""]; Count=[""270"", ""1188"", ""411"", ""1203"", ""66"", ""58"", ""20"", ""514"", ""19"", ""54"", ""3961"", ""2"", ""244"", ""2"", ""2"", ""86"", ""266""]; Cumulative=[""270"", ""1458"", ""1869"", ""3072"", ""3138"", ""3196"", ""3216"", ""3730"", ""3749"", ""3803"", ""7764"", ""7766"", ""8010"", ""8012"", ""8014"", ""8100"", ""8366""]; Skip.to.Item=[""NA"", ""NA"", ""NA"", ""NA"", ""NA"", ""NA"", ""NA"", ""NA"", ""NA"", ""NA"", ""NA"", ""NA"", ""NA"", ""NA"", ""NA"", ""NA"", ""NA""]"
"OHXDEN_J","OHX21CTC","OHX21CTC","Coronal Caries: Tooth Count #21","Coronal Caries: Lower left 1st bicuspid/1st primary molar (1B) tooth code","Both males and females 1 YEARS - 150 YEARS",NA,"Code.or.Value=[""A"", ""D"", ""E"", ""F"", ""J"", ""K"", ""M"", ""P"", ""Q"", ""R"", ""S"", ""T"", ""U"", ""X"", ""Y"", ""Z"", ""< blank >""]; Value.Description=[""Primary tooth with a restored surface condition"", ""Sound primary tooth"", ""Missing due to dental disease"", ""Permanent tooth with a restored surface condition"", ""Permanent root tip is present but no restorative replacement is present"", ""Primary tooth with a dental carious surface condition"", ""Missing due to other causes"", ""Missing due to dental disease but replaced by a removable restoration"", ""Missing due to other causes but replaced by a removable restoration"", ""Missing due to dental disease but replaced by a fixed restoration"", ""Sound permanent tooth"", ""Permanent root tip is present but a restorative replacement is present"", ""Unerupted"", ""Missing due to other causes but replaced by a fixed restoration"", ""Tooth present, condition cannot be assessed"", ""Permanent tooth with a dental carious surface condition"", ""Missing""]; Count=[""219"", ""1220"", ""212"", ""644"", ""51"", ""60"", ""169"", ""440"", ""17"", ""19"", ""4875"", ""2"", ""103"", ""0"", ""2"", ""67"", ""266""]; Cumulative=[""219"", ""1439"", ""1651"", ""2295"", ""2346"", ""2406"", ""2575"", ""3015"", ""3032"", ""3051"", ""7926"", ""7928"", ""8031"", ""8031"", ""8033"", ""8100"", ""8366""]; Skip.to.Item=[""NA"", ""NA"", ""NA"", ""NA"", ""NA"", ""NA"", ""NA"", ""NA"", ""NA"", ""NA"", ""NA"", ""NA"", ""NA"", ""NA"", ""NA"", ""NA"", ""NA""]"
"OHXDEN_J","OHX22CTC","OHX22CTC","Coronal Caries: Tooth Count #22","Coronal Caries: Lower left cuspid (C) tooth code","Both males and females 1 YEARS - 150 YEARS",NA,"Code.or.Value=[""A"", ""D"", ""E"", ""F"", ""J"", ""K"", ""M"", ""P"", ""Q"", ""R"", ""S"", ""T"", ""U"", ""X"", ""Y"", ""Z"", ""< blank >""]; Value.Description=[""Primary tooth with a restored surface condition"", ""Sound primary tooth"", ""Missing due to dental disease"", ""Permanent tooth with a restored surface condition"", ""Permanent root tip is present but no restorative replacement is present"", ""Primary tooth with a dental carious surface condition"", ""Missing due to other causes"", ""Missing due to dental disease but replaced by a removable restoration"", ""Missing due to other causes but replaced by a removable restoration"", ""Missing due to dental disease but replaced by a fixed restoration"", ""Sound permanent tooth"", ""Permanent root tip is present but a restorative replacement is present"", ""Unerupted"", ""Missing due to other causes but replaced by a fixed restoration"", ""Tooth present, condition cannot be assessed"", ""Permanent tooth with a dental carious surface condition"", ""Missing""]; Count=[""16"", ""1427"", ""97"", ""150"", ""27"", ""9"", ""6"", ""367"", ""17"", ""14"", ""5736"", ""3"", ""151"", ""0"", ""21"", ""59"", ""266""]; Cumulative=[""16"", ""1443"", ""1540"", ""1690"", ""1717"", ""1726"", ""1732"", ""2099"", ""2116"", ""2130"", ""7866"", ""7869"", ""8020"", ""8020"", ""8041"", ""8100"", ""8366""]; Skip.to.Item=[""NA"", ""NA"", ""NA"", ""NA"", ""NA"", ""NA"", ""NA"", ""NA"", ""NA"", ""NA"", ""NA"", ""NA"", ""NA"", ""NA"", ""NA"", ""NA"", ""NA""]"
"OHXDEN_J","OHX23CTC","OHX23CTC","Coronal Caries: Tooth Count #23","Coronal Caries: Lower left lateral incisor (LI) tooth code","Both males and females 1 YEARS - 150 YEARS",NA,"Code.or.Value=[""A"", ""D"", ""E"", ""F"", ""J"", ""K"", ""M"", ""P"", ""Q"", ""R"", ""S"", ""T"", ""U"", ""X"", ""Y"", ""Z"", ""< blank >""]; Value.Description=[""Primary tooth with a restored surface condition"", ""Sound primary tooth"", ""Missing due to dental disease"", ""Permanent tooth with a restored surface condition"", ""Permanent root tip is present but no restorative replacement is present"", ""Primary tooth with a dental carious surface condition"", ""Missing due to other causes"", ""Missing due to dental disease but replaced by a removable restoration"", ""Missing due to other causes but replaced by a removable restoration"", ""Missing due to dental disease but replaced by a fixed restoration"", ""Sound permanent tooth"", ""Permanent root tip is present but a restorative replacement is present"", ""Unerupted"", ""Missing due to other causes but replaced by a fixed restoration"", ""Tooth present, condition cannot be assessed"", ""Permanent tooth with a dental carious surface condition"", ""Missing""]; Count=[""4"", ""1019"", ""118"", ""74"", ""15"", ""2"", ""12"", ""430"", ""28"", ""27"", ""6240"", ""1"", ""62"", ""2"", ""18"", ""48"", ""266""]; Cumulative=[""4"", ""1023"", ""1141"", ""1215"", ""1230"", ""1232"", ""1244"", ""1674"", ""1702"", ""1729"", ""7969"", ""7970"", ""8032"", ""8034"", ""8052"", ""8100"", ""8366""]; Skip.to.Item=[""NA"", ""NA"", ""NA"", ""NA"", ""NA"", ""NA"", ""NA"", ""NA"", ""NA"", ""NA"", ""NA"", ""NA"", ""NA"", ""NA"", ""NA"", ""NA"", ""NA""]"
"OHXDEN_J","OHX24CTC","OHX24CTC","Coronal Caries: Tooth Count #24","Coronal Caries: Lower left central incisor (CI) tooth code","Both males and females 1 YEARS - 150 YEARS",NA,"Code.or.Value=[""A"", ""D"", ""E"", ""F"", ""J"", ""K"", ""M"", ""P"", ""Q"", ""R"", ""S"", ""T"", ""U"", ""X"", ""Y"", ""Z"", ""< blank >""]; Value.Description=[""Primary tooth with a restored surface condition"", ""Sound primary tooth"", ""Missing due to dental disease"", ""Permanent tooth with a restored surface condition"", ""Permanent root tip is present but no restorative replacement is present"", ""Primary tooth with a dental carious surface condition"", ""Missing due to other causes"", ""Missing due to dental disease but replaced by a removable restoration"", ""Missing due to other causes but replaced by a removable restoration"", ""Missing due to dental disease but replaced by a fixed restoration"", ""Sound permanent tooth"", ""Permanent root tip is present but a restorative replacement is present"", ""Unerupted"", ""Missing due to other causes but replaced by a fixed restoration"", ""Tooth present, condition cannot be assessed"", ""Permanent tooth with a dental carious surface condition"", ""Missing""]; Count=[""3"", ""893"", ""147"", ""76"", ""19"", ""2"", ""24"", ""449"", ""27"", ""32"", ""6364"", ""0"", ""13"", ""3"", ""20"", ""28"", ""266""]; Cumulative=[""3"", ""896"", ""1043"", ""1119"", ""1138"", ""1140"", ""1164"", ""1613"", ""1640"", ""1672"", ""8036"", ""8036"", ""8049"", ""8052"", ""8072"", ""8100"", ""8366""]; Skip.to.Item=[""NA"", ""NA"", ""NA"", ""NA"", ""NA"", ""NA"", ""NA"", ""NA"", ""NA"", ""NA"", ""NA"", ""NA"", ""NA"", ""NA"", ""NA"", ""NA"", ""NA""]"
"OHXDEN_J","OHX25CTC","OHX25CTC","Coronal Caries: Tooth Count #25","Coronal Caries: Lower right central incisor (CI) tooth code","Both males and females 1 YEARS - 150 YEARS",NA,"Code.or.Value=[""A"", ""D"", ""E"", ""F"", ""J"", ""K"", ""M"", ""P"", ""Q"", ""R"", ""S"", ""T"", ""U"", ""X"", ""Y"", ""Z"", ""< blank >""]; Value.Description=[""Primary tooth with a restored surface condition"", ""Sound primary tooth"", ""Missing due to dental disease"", ""Permanent tooth with a restored surface condition"", ""Permanent root tip is present but no restorative replacement is present"", ""Primary tooth with a dental carious surface condition"", ""Missing due to other causes"", ""Missing due to dental disease but replaced by a removable restoration"", ""Missing due to other causes but replaced by a removable restoration"", ""Missing due to dental disease but replaced by a fixed restoration"", ""Sound permanent tooth"", ""Permanent root tip is present but a restorative replacement is present"", ""Unerupted"", ""Missing due to other causes but replaced by a fixed restoration"", ""Tooth present, condition cannot be assessed"", ""Permanent tooth with a dental carious surface condition"", ""Missing""]; Count=[""3"", ""897"", ""145"", ""67"", ""15"", ""0"", ""19"", ""448"", ""28"", ""31"", ""6374"", ""0"", ""14"", ""5"", ""21"", ""33"", ""266""]; Cumulative=[""3"", ""900"", ""1045"", ""1112"", ""1127"", ""1127"", ""1146"", ""1594"", ""1622"", ""1653"", ""8027"", ""8027"", ""8041"", ""8046"", ""8067"", ""8100"", ""8366""]; Skip.to.Item=[""NA"", ""NA"", ""NA"", ""NA"", ""NA"", ""NA"", ""NA"", ""NA"", ""NA"", ""NA"", ""NA"", ""NA"", ""NA"", ""NA"", ""NA"", ""NA"", ""NA""]"
"OHXDEN_J","OHX26CTC","OHX26CTC","Coronal Caries: Tooth Count #26","Coronal Caries: Lower right lateral incisor (LI) tooth code","Both males and females 1 YEARS - 150 YEARS",NA,"Code.or.Value=[""A"", ""D"", ""E"", ""F"", ""J"", ""K"", ""M"", ""P"", ""Q"", ""R"", ""S"", ""T"", ""U"", ""X"", ""Y"", ""Z"", ""< blank >""]; Value.Description=[""Primary tooth with a restored surface condition"", ""Sound primary tooth"", ""Missing due to dental disease"", ""Permanent tooth with a restored surface condition"", ""Permanent root tip is present but no restorative replacement is present"", ""Primary tooth with a dental carious surface condition"", ""Missing due to other causes"", ""Missing due to dental disease but replaced by a removable restoration"", ""Missing due to other causes but replaced by a removable restoration"", ""Missing due to dental disease but replaced by a fixed restoration"", ""Sound permanent tooth"", ""Permanent root tip is present but a restorative replacement is present"", ""Unerupted"", ""Missing due to other causes but replaced by a fixed restoration"", ""Tooth present, condition cannot be assessed"", ""Permanent tooth with a dental carious surface condition"", ""Missing""]; Count=[""5"", ""1007"", ""121"", ""79"", ""21"", ""1"", ""14"", ""424"", ""27"", ""21"", ""6247"", ""0"", ""58"", ""5"", ""22"", ""48"", ""266""]; Cumulative=[""5"", ""1012"", ""1133"", ""1212"", ""1233"", ""1234"", ""1248"", ""1672"", ""1699"", ""1720"", ""7967"", ""7967"", ""8025"", ""8030"", ""8052"", ""8100"", ""8366""]; Skip.to.Item=[""NA"", ""NA"", ""NA"", ""NA"", ""NA"", ""NA"", ""NA"", ""NA"", ""NA"", ""NA"", ""NA"", ""NA"", ""NA"", ""NA"", ""NA"", ""NA"", ""NA""]"
"OHXDEN_J","OHX27CTC","OHX27CTC","Coronal Caries: Tooth Count #27","Coronal Caries: Lower right cuspid (C) tooth code","Both males and females 1 YEARS - 150 YEARS",NA,"Code.or.Value=[""A"", ""D"", ""E"", ""F"", ""J"", ""K"", ""M"", ""P"", ""Q"", ""R"", ""S"", ""T"", ""U"", ""X"", ""Y"", ""Z"", ""< blank >""]; Value.Description=[""Primary tooth with a restored surface condition"", ""Sound primary tooth"", ""Missing due to dental disease"", ""Permanent tooth with a restored surface condition"", ""Permanent root tip is present but no restorative replacement is present"", ""Primary tooth with a dental carious surface condition"", ""Missing due to other causes"", ""Missing due to dental disease but replaced by a removable restoration"", ""Missing due to other causes but replaced by a removable restoration"", ""Missing due to dental disease but replaced by a fixed restoration"", ""Sound permanent tooth"", ""Permanent root tip is present but a restorative replacement is present"", ""Unerupted"", ""Missing due to other causes but replaced by a fixed restoration"", ""Tooth present, condition cannot be assessed"", ""Permanent tooth with a dental carious surface condition"", ""Missing""]; Count=[""16"", ""1434"", ""92"", ""149"", ""21"", ""3"", ""10"", ""373"", ""20"", ""11"", ""5734"", ""2"", ""146"", ""0"", ""24"", ""65"", ""266""]; Cumulative=[""16"", ""1450"", ""1542"", ""1691"", ""1712"", ""1715"", ""1725"", ""2098"", ""2118"", ""2129"", ""7863"", ""7865"", ""8011"", ""8011"", ""8035"", ""8100"", ""8366""]; Skip.to.Item=[""NA"", ""NA"", ""NA"", ""NA"", ""NA"", ""NA"", ""NA"", ""NA"", ""NA"", ""NA"", ""NA"", ""NA"", ""NA"", ""NA"", ""NA"", ""NA"", ""NA""]"
"OHXDEN_J","OHX28CTC","OHX28CTC","Coronal Caries: Tooth Count #28","Coronal Caries: Lower right 1st bicuspid/1st primary molar (1B) tooth code","Both males and females 1 YEARS - 150 YEARS",NA,"Code.or.Value=[""A"", ""D"", ""E"", ""F"", ""J"", ""K"", ""M"", ""P"", ""Q"", ""R"", ""S"", ""T"", ""U"", ""X"", ""Y"", ""Z"", ""< blank >""]; Value.Description=[""Primary tooth with a restored surface condition"", ""Sound primary tooth"", ""Missing due to dental disease"", ""Permanent tooth with a restored surface condition"", ""Permanent root tip is present but no restorative replacement is present"", ""Primary tooth with a dental carious surface condition"", ""Missing due to other causes"", ""Missing due to dental disease but replaced by a removable restoration"", ""Missing due to other causes but replaced by a removable restoration"", ""Missing due to dental disease but replaced by a fixed restoration"", ""Sound permanent tooth"", ""Permanent root tip is present but a restorative replacement is present"", ""Unerupted"", ""Missing due to other causes but replaced by a fixed restoration"", ""Tooth present, condition cannot be assessed"", ""Permanent tooth with a dental carious surface condition"", ""Missing""]; Count=[""214"", ""1208"", ""224"", ""636"", ""40"", ""66"", ""169"", ""452"", ""18"", ""22"", ""4852"", ""2"", ""124"", ""0"", ""2"", ""71"", ""266""]; Cumulative=[""214"", ""1422"", ""1646"", ""2282"", ""2322"", ""2388"", ""2557"", ""3009"", ""3027"", ""3049"", ""7901"", ""7903"", ""8027"", ""8027"", ""8029"", ""8100"", ""8366""]; Skip.to.Item=[""NA"", ""NA"", ""NA"", ""NA"", ""NA"", ""NA"", ""NA"", ""NA"", ""NA"", ""NA"", ""NA"", ""NA"", ""NA"", ""NA"", ""NA"", ""NA"", ""NA""]"
"OHXDEN_J","OHX29CTC","OHX29CTC","Coronal Caries: Tooth Count #29","Coronal Caries: Lower right 2nd bicuspid/2nd primary molar (2B) tooth code","Both males and females 1 YEARS - 150 YEARS",NA,"Code.or.Value=[""A"", ""D"", ""E"", ""F"", ""J"", ""K"", ""M"", ""P"", ""Q"", ""R"", ""S"", ""T"", ""U"", ""X"", ""Y"", ""Z"", ""< blank >""]; Value.Description=[""Primary tooth with a restored surface condition"", ""Sound primary tooth"", ""Missing due to dental disease"", ""Permanent tooth with a restored surface condition"", ""Permanent root tip is present but no restorative replacement is present"", ""Primary tooth with a dental carious surface condition"", ""Missing due to other causes"", ""Missing due to dental disease but replaced by a removable restoration"", ""Missing due to other causes but replaced by a removable restoration"", ""Missing due to dental disease but replaced by a fixed restoration"", ""Sound permanent tooth"", ""Permanent root tip is present but a restorative replacement is present"", ""Unerupted"", ""Missing due to other causes but replaced by a fixed restoration"", ""Tooth present, condition cannot be assessed"", ""Permanent tooth with a dental carious surface condition"", ""Missing""]; Count=[""263"", ""1187"", ""425"", ""1244"", ""68"", ""54"", ""15"", ""524"", ""19"", ""56"", ""3905"", ""0"", ""242"", ""1"", ""3"", ""94"", ""266""]; Cumulative=[""263"", ""1450"", ""1875"", ""3119"", ""3187"", ""3241"", ""3256"", ""3780"", ""3799"", ""3855"", ""7760"", ""7760"", ""8002"", ""8003"", ""8006"", ""8100"", ""8366""]; Skip.to.Item=[""NA"", ""NA"", ""NA"", ""NA"", ""NA"", ""NA"", ""NA"", ""NA"", ""NA"", ""NA"", ""NA"", ""NA"", ""NA"", ""NA"", ""NA"", ""NA"", ""NA""]"
"OHXDEN_J","OHX30CTC","OHX30CTC","Coronal Caries: Tooth Count #30","Coronal Caries: Lower right 1st molar (1M) tooth code","Both males and females 1 YEARS - 150 YEARS",NA,"Code.or.Value=[""A"", ""D"", ""E"", ""F"", ""J"", ""K"", ""M"", ""P"", ""Q"", ""R"", ""S"", ""T"", ""U"", ""X"", ""Y"", ""Z"", ""< blank >""]; Value.Description=[""Primary tooth with a restored surface condition"", ""Sound primary tooth"", ""Missing due to dental disease"", ""Permanent tooth with a restored surface condition"", ""Permanent root tip is present but no restorative replacement is present"", ""Primary tooth with a dental carious surface condition"", ""Missing due to other causes"", ""Missing due to dental disease but replaced by a removable restoration"", ""Missing due to other causes but replaced by a removable restoration"", ""Missing due to dental disease but replaced by a fixed restoration"", ""Sound permanent tooth"", ""Permanent root tip is present but a restorative replacement is present"", ""Unerupted"", ""Missing due to other causes but replaced by a fixed restoration"", ""Tooth present, condition cannot be assessed"", ""Permanent tooth with a dental carious surface condition"", ""Missing""]; Count=[""0"", ""0"", ""1061"", ""2312"", ""96"", ""0"", ""15"", ""589"", ""21"", ""137"", ""2789"", ""0"", ""920"", ""2"", ""3"", ""155"", ""266""]; Cumulative=[""0"", ""0"", ""1061"", ""3373"", ""3469"", ""3469"", ""3484"", ""4073"", ""4094"", ""4231"", ""7020"", ""7020"", ""7940"", ""7942"", ""7945"", ""8100"", ""8366""]; Skip.to.Item=[""NA"", ""NA"", ""NA"", ""NA"", ""NA"", ""NA"", ""NA"", ""NA"", ""NA"", ""NA"", ""NA"", ""NA"", ""NA"", ""NA"", ""NA"", ""NA"", ""NA""]"
"OHXDEN_J","OHX31CTC","OHX31CTC","Coronal Caries: Tooth Count #31","Coronal Caries: Lower right 2nd molar (2M) tooth code","Both males and females 1 YEARS - 150 YEARS",NA,"Code.or.Value=[""A"", ""D"", ""E"", ""F"", ""J"", ""K"", ""M"", ""P"", ""Q"", ""R"", ""S"", ""T"", ""U"", ""X"", ""Y"", ""Z"", ""< blank >""]; Value.Description=[""Primary tooth with a restored surface condition"", ""Sound primary tooth"", ""Missing due to dental disease"", ""Permanent tooth with a restored surface condition"", ""Permanent root tip is present but no restorative replacement is present"", ""Primary tooth with a dental carious surface condition"", ""Missing due to other causes"", ""Missing due to dental disease but replaced by a removable restoration"", ""Missing due to other causes but replaced by a removable restoration"", ""Missing due to dental disease but replaced by a fixed restoration"", ""Sound permanent tooth"", ""Permanent root tip is present but a restorative replacement is present"", ""Unerupted"", ""Missing due to other causes but replaced by a fixed restoration"", ""Tooth present, condition cannot be assessed"", ""Permanent tooth with a dental carious surface condition"", ""Missing""]; Count=[""0"", ""0"", ""990"", ""2051"", ""80"", ""0"", ""17"", ""553"", ""20"", ""33"", ""2346"", ""0"", ""1832"", ""0"", ""1"", ""176"", ""267""]; Cumulative=[""0"", ""0"", ""990"", ""3041"", ""3121"", ""3121"", ""3138"", ""3691"", ""3711"", ""3744"", ""6090"", ""6090"", ""7922"", ""7922"", ""7923"", ""8099"", ""8366""]; Skip.to.Item=[""NA"", ""NA"", ""NA"", ""NA"", ""NA"", ""NA"", ""NA"", ""NA"", ""NA"", ""NA"", ""NA"", ""NA"", ""NA"", ""NA"", ""NA"", ""NA"", ""NA""]"
"OHXDEN_J","OHX02CSC","OHX02CSC","Coronal Caries: Surface condition #2","Coronal Caries: Upper right 2nd molar (2M) surface calls. These values can be recorded as a string variable for example:0 13 468.","Both males and females 1 YEARS - 150 YEARS",NA,"Code.or.Value=[""Coronal Caries:  Surface condition #2"", ""0"", ""1"", ""2"", ""3"", ""4"", ""5"", ""6"", ""7"", ""8"", ""9"", ""-1"", ""-4"", ""-5"", ""-6"", ""-7"", ""-8"", ""< blank >""]; Value.Description=[""Value was recorded"", ""Lingual AMALGAM restoration"", ""Occlusal AMALGAM restoration"", ""Facial AMALGAM restoration"", ""Mesial AMALGAM restoration"", ""Distal AMALGAM restoration"", ""Lingual OTHER restoration"", ""Occlusal OTHER restoration"", ""Facial OTHER restoration"", ""Mesial OTHER restoration"", ""Distal OTHER restoration"", ""Crown (non-specific full-coverage restoration)"", ""Lingual caries"", ""Occlusal caries"", ""Facial caries"", ""Mesial caries"", ""Distal caries"", ""Missing""]; Count=[""638"", ""6"", ""558"", ""1"", ""1"", ""0"", ""3"", ""306"", ""0"", ""0"", ""0"", ""289"", ""2"", ""48"", ""12"", ""7"", ""3"", ""6492""]; Cumulative=[""638"", ""644"", ""1202"", ""1203"", ""1204"", ""1204"", ""1207"", ""1513"", ""1513"", ""1513"", ""1513"", ""1802"", ""1804"", ""1852"", ""1864"", ""1871"", ""1874"", ""8366""]; Skip.to.Item=[""NA"", ""NA"", ""NA"", ""NA"", ""NA"", ""NA"", ""NA"", ""NA"", ""NA"", ""NA"", ""NA"", ""NA"", ""NA"", ""NA"", ""NA"", ""NA"", ""NA"", ""NA""]"
"OHXDEN_J","OHX03CSC","OHX03CSC","Coronal Caries: Surface condition #3","Coronal Caries: Upper right 1st molar (1M) surface calls.These values can be recorded as a string variable for example:0 13 468.","Both males and females 1 YEARS - 150 YEARS",NA,"Code.or.Value=[""Coronal Caries:  Surface condition #3"", ""0"", ""1"", ""2"", ""3"", ""4"", ""5"", ""6"", ""7"", ""8"", ""9"", ""-1"", ""-4"", ""-5"", ""-6"", ""-7"", ""-8"", ""< blank >""]; Value.Description=[""Value was recorded"", ""Lingual AMALGAM restoration"", ""Occlusal AMALGAM restoration"", ""Facial AMALGAM restoration"", ""Mesial AMALGAM restoration"", ""Distal AMALGAM restoration"", ""Lingual OTHER restoration"", ""Occlusal OTHER restoration"", ""Facial OTHER restoration"", ""Mesial OTHER restoration"", ""Distal OTHER restoration"", ""Crown (non-specific full-coverage restoration)"", ""Lingual caries"", ""Occlusal caries"", ""Facial caries"", ""Mesial caries"", ""Distal caries"", ""Missing""]; Count=[""1173"", ""19"", ""358"", ""1"", ""3"", ""0"", ""4"", ""264"", ""1"", ""2"", ""0"", ""514"", ""7"", ""36"", ""3"", ""16"", ""7"", ""5958""]; Cumulative=[""1173"", ""1192"", ""1550"", ""1551"", ""1554"", ""1554"", ""1558"", ""1822"", ""1823"", ""1825"", ""1825"", ""2339"", ""2346"", ""2382"", ""2385"", ""2401"", ""2408"", ""8366""]; Skip.to.Item=[""NA"", ""NA"", ""NA"", ""NA"", ""NA"", ""NA"", ""NA"", ""NA"", ""NA"", ""NA"", ""NA"", ""NA"", ""NA"", ""NA"", ""NA"", ""NA"", ""NA"", ""NA""]"
"OHXDEN_J","OHX04CSC","OHX04CSC","Coronal Caries: Surface condition #4","Coronal Caries: Upper right 2nd bicuspid/2nd primary molar (2B) surface calls.These values can be recorded as a string variable for example:0 13 468.","Both males and females 1 YEARS - 150 YEARS",NA,"Code.or.Value=[""Coronal Caries:  Surface condition #4"", ""0"", ""1"", ""2"", ""3"", ""4"", ""5"", ""6"", ""7"", ""8"", ""9"", ""-1"", ""-4"", ""-5"", ""-6"", ""-7"", ""-8"", ""< blank >""]; Value.Description=[""Value was recorded"", ""Lingual AMALGAM restoration"", ""Occlusal AMALGAM restoration"", ""Facial AMALGAM restoration"", ""Mesial AMALGAM restoration"", ""Distal AMALGAM restoration"", ""Lingual OTHER restoration"", ""Occlusal OTHER restoration"", ""Facial OTHER restoration"", ""Mesial OTHER restoration"", ""Distal OTHER restoration"", ""Crown (non-specific full-coverage restoration)"", ""Lingual caries"", ""Occlusal caries"", ""Facial caries"", ""Mesial caries"", ""Distal caries"", ""Missing""]; Count=[""884"", ""2"", ""134"", ""1"", ""0"", ""2"", ""0"", ""142"", ""2"", ""3"", ""4"", ""513"", ""5"", ""19"", ""1"", ""28"", ""17"", ""6609""]; Cumulative=[""884"", ""886"", ""1020"", ""1021"", ""1021"", ""1023"", ""1023"", ""1165"", ""1167"", ""1170"", ""1174"", ""1687"", ""1692"", ""1711"", ""1712"", ""1740"", ""1757"", ""8366""]; Skip.to.Item=[""NA"", ""NA"", ""NA"", ""NA"", ""NA"", ""NA"", ""NA"", ""NA"", ""NA"", ""NA"", ""NA"", ""NA"", ""NA"", ""NA"", ""NA"", ""NA"", ""NA"", ""NA""]"
"OHXDEN_J","OHX05CSC","OHX05CSC","Coronal Caries: Surface condition #5","Coronal Caries: Upper right 1st biscuspid/1st primary molar (1B) surface calls.These values can be recorded as a string variable for example:0 13 468.","Both males and females 1 YEARS - 150 YEARS",NA,"Code.or.Value=[""Coronal Caries:  Surface condition #5"", ""0"", ""1"", ""2"", ""3"", ""4"", ""5"", ""6"", ""7"", ""8"", ""9"", ""-1"", ""-4"", ""-5"", ""-6"", ""-7"", ""-8"", ""< blank >""]; Value.Description=[""Value was recorded"", ""Lingual AMALGAM restoration"", ""Occlusal AMALGAM restoration"", ""Facial AMALGAM restoration"", ""Mesial AMALGAM restoration"", ""Distal AMALGAM restoration"", ""Lingual OTHER restoration"", ""Occlusal OTHER restoration"", ""Facial OTHER restoration"", ""Mesial OTHER restoration"", ""Distal OTHER restoration"", ""Crown (non-specific full-coverage restoration)"", ""Lingual caries"", ""Occlusal caries"", ""Facial caries"", ""Mesial caries"", ""Distal caries"", ""Missing""]; Count=[""653"", ""0"", ""130"", ""3"", ""0"", ""3"", ""0"", ""124"", ""5"", ""2"", ""3"", ""465"", ""4"", ""13"", ""5"", ""11"", ""32"", ""6913""]; Cumulative=[""653"", ""653"", ""783"", ""786"", ""786"", ""789"", ""789"", ""913"", ""918"", ""920"", ""923"", ""1388"", ""1392"", ""1405"", ""1410"", ""1421"", ""1453"", ""8366""]; Skip.to.Item=[""NA"", ""NA"", ""NA"", ""NA"", ""NA"", ""NA"", ""NA"", ""NA"", ""NA"", ""NA"", ""NA"", ""NA"", ""NA"", ""NA"", ""NA"", ""NA"", ""NA"", ""NA""]"
"OHXDEN_J","OHX06CSC","OHX06CSC","Coronal Caries: Surface condition #6","Coronal Caries: Upper right cuspid (C) surface calls.These values can be recorded as a string variable for example:0 13 468.","Both males and females 1 YEARS - 150 YEARS",NA,"Code.or.Value=[""6"", ""7"", ""8"", ""9"", ""-1"", ""-4"", ""-5"", ""-6"", ""-7"", ""-8"", ""< blank >"", ""Coronal Caries:  Surface condition #6"", ""0"", ""1"", ""2"", ""3"", ""4"", ""5""]; Value.Description=[""Occlusal OTHER restoration"", ""Facial OTHER restoration"", ""Mesial OTHER restoration"", ""Distal OTHER restoration"", ""Crown (non-specific full-coverage restoration)"", ""Lingual caries"", ""Occlusal caries"", ""Facial caries"", ""Mesial caries"", ""Distal caries"", ""Missing"", ""Value was recorded"", ""Lingual AMALGAM restoration"", ""Occlusal AMALGAM restoration"", ""Facial AMALGAM restoration"", ""Mesial AMALGAM restoration"", ""Distal AMALGAM restoration"", ""Lingual OTHER restoration""]; Count=[""0"", ""25"", ""49"", ""60"", ""163"", ""1"", ""0"", ""17"", ""25"", ""20"", ""7872"", ""104"", ""3"", ""0"", ""8"", ""2"", ""12"", ""5""]; Cumulative=[""134"", ""159"", ""208"", ""268"", ""431"", ""432"", ""432"", ""449"", ""474"", ""494"", ""8366"", ""104"", ""107"", ""107"", ""115"", ""117"", ""129"", ""134""]; Skip.to.Item=[""NA"", ""NA"", ""NA"", ""NA"", ""NA"", ""NA"", ""NA"", ""NA"", ""NA"", ""NA"", ""NA"", ""NA"", ""NA"", ""NA"", ""NA"", ""NA"", ""NA"", ""NA""]"
"OHXDEN_J","OHX07CSC","OHX07CSC","Coronal Caries: Surface condition #7","Coronal Caries: Upper right lateral incisor (LI) surface calls.These values can be recorded as a string variable for example:0 13 468.","Both males and females 1 YEARS - 150 YEARS",NA,"Code.or.Value=[""Coronal Caries:  Surface condition #7"", ""0"", ""1"", ""2"", ""3"", ""4"", ""5"", ""6"", ""7"", ""8"", ""9"", ""-1"", ""-4"", ""-5"", ""-6"", ""-7"", ""-8"", ""< blank >""]; Value.Description=[""Value was recorded"", ""Lingual AMALGAM restoration"", ""Occlusal AMALGAM restoration"", ""Facial AMALGAM restoration"", ""Mesial AMALGAM restoration"", ""Distal AMALGAM restoration"", ""Lingual OTHER restoration"", ""Occlusal OTHER restoration"", ""Facial OTHER restoration"", ""Mesial OTHER restoration"", ""Distal OTHER restoration"", ""Crown (non-specific full-coverage restoration)"", ""Lingual caries"", ""Occlusal caries"", ""Facial caries"", ""Mesial caries"", ""Distal caries"", ""Missing""]; Count=[""160"", ""27"", ""0"", ""2"", ""0"", ""0"", ""22"", ""0"", ""18"", ""151"", ""42"", ""188"", ""4"", ""0"", ""16"", ""50"", ""28"", ""7658""]; Cumulative=[""160"", ""187"", ""187"", ""189"", ""189"", ""189"", ""211"", ""211"", ""229"", ""380"", ""422"", ""610"", ""614"", ""614"", ""630"", ""680"", ""708"", ""8366""]; Skip.to.Item=[""NA"", ""NA"", ""NA"", ""NA"", ""NA"", ""NA"", ""NA"", ""NA"", ""NA"", ""NA"", ""NA"", ""NA"", ""NA"", ""NA"", ""NA"", ""NA"", ""NA"", ""NA""]"
"OHXDEN_J","OHX08CSC","OHX08CSC","Coronal Caries: Surface condition #8","Coronal Caries: Upper right central incisor (CI) surface calls.These values can be recorded as a string variable for example:0 13 468.","Both males and females 1 YEARS - 150 YEARS",NA,"Code.or.Value=[""Coronal Caries:  Surface condition #8"", ""0"", ""1"", ""2"", ""3"", ""4"", ""5"", ""6"", ""7"", ""8"", ""9"", ""-1"", ""-4"", ""-5"", ""-6"", ""-7"", ""-8"", ""< blank >""]; Value.Description=[""Value was recorded"", ""Lingual AMALGAM restoration"", ""Occlusal AMALGAM restoration"", ""Facial AMALGAM restoration"", ""Mesial AMALGAM restoration"", ""Distal AMALGAM restoration"", ""Lingual OTHER restoration"", ""Occlusal OTHER restoration"", ""Facial OTHER restoration"", ""Mesial OTHER restoration"", ""Distal OTHER restoration"", ""Crown (non-specific full-coverage restoration)"", ""Lingual caries"", ""Occlusal caries"", ""Facial caries"", ""Mesial caries"", ""Distal caries"", ""Missing""]; Count=[""224"", ""1"", ""0"", ""1"", ""0"", ""1"", ""1"", ""0"", ""10"", ""131"", ""126"", ""235"", ""5"", ""0"", ""26"", ""52"", ""47"", ""7506""]; Cumulative=[""224"", ""225"", ""225"", ""226"", ""226"", ""227"", ""228"", ""228"", ""238"", ""369"", ""495"", ""730"", ""735"", ""735"", ""761"", ""813"", ""860"", ""8366""]; Skip.to.Item=[""NA"", ""NA"", ""NA"", ""NA"", ""NA"", ""NA"", ""NA"", ""NA"", ""NA"", ""NA"", ""NA"", ""NA"", ""NA"", ""NA"", ""NA"", ""NA"", ""NA"", ""NA""]"
"OHXDEN_J","OHX09CSC","OHX09CSC","Coronal Caries: Surface condition #9","Coronal Caries: Upper left central incisor (CI) surface calls.These values can be recorded as a string variable for example:0 13 468.","Both males and females 1 YEARS - 150 YEARS",NA,"Code.or.Value=[""Coronal Caries:  Surface condition #9"", ""0"", ""1"", ""2"", ""3"", ""4"", ""5"", ""6"", ""7"", ""8"", ""9"", ""-1"", ""-4"", ""-5"", ""-6"", ""-7"", ""-8"", ""< blank >""]; Value.Description=[""Value was recorded"", ""Lingual AMALGAM restoration"", ""Occlusal AMALGAM restoration"", ""Facial AMALGAM restoration"", ""Mesial AMALGAM restoration"", ""Distal AMALGAM restoration"", ""Lingual OTHER restoration"", ""Occlusal OTHER restoration"", ""Facial OTHER restoration"", ""Mesial OTHER restoration"", ""Distal OTHER restoration"", ""Crown (non-specific full-coverage restoration)"", ""Lingual caries"", ""Occlusal caries"", ""Facial caries"", ""Mesial caries"", ""Distal caries"", ""Missing""]; Count=[""228"", ""1"", ""0"", ""3"", ""0"", ""1"", ""3"", ""0"", ""8"", ""141"", ""122"", ""242"", ""5"", ""0"", ""19"", ""60"", ""33"", ""7500""]; Cumulative=[""228"", ""229"", ""229"", ""232"", ""232"", ""233"", ""236"", ""236"", ""244"", ""385"", ""507"", ""749"", ""754"", ""754"", ""773"", ""833"", ""866"", ""8366""]; Skip.to.Item=[""NA"", ""NA"", ""NA"", ""NA"", ""NA"", ""NA"", ""NA"", ""NA"", ""NA"", ""NA"", ""NA"", ""NA"", ""NA"", ""NA"", ""NA"", ""NA"", ""NA"", ""NA""]"
"OHXDEN_J","OHX10CSC","OHX10CSC","Coronal Caries: Surface condition #10","Coronal Caries: Upper left lateral incisor (LI) surface calls.These values can be recorded as a string variable for example:0 13 468.","Both males and females 1 YEARS - 150 YEARS",NA,"Code.or.Value=[""Coronal Caries:  Surface condition #10"", ""0"", ""1"", ""2"", ""3"", ""4"", ""5"", ""6"", ""7"", ""8"", ""9"", ""-1"", ""-4"", ""-5"", ""-6"", ""-7"", ""-8"", ""< blank >""]; Value.Description=[""Value was recorded"", ""Lingual AMALGAM restoration"", ""Occlusal AMALGAM restoration"", ""Facial AMALGAM restoration"", ""Mesial AMALGAM restoration"", ""Distal AMALGAM restoration"", ""Lingual OTHER restoration"", ""Occlusal OTHER restoration"", ""Facial OTHER restoration"", ""Mesial OTHER restoration"", ""Distal OTHER restoration"", ""Crown (non-specific full-coverage restoration)"", ""Lingual caries"", ""Occlusal caries"", ""Facial caries"", ""Mesial caries"", ""Distal caries"", ""Missing""]; Count=[""182"", ""28"", ""0"", ""0"", ""0"", ""0"", ""21"", ""0"", ""14"", ""177"", ""51"", ""177"", ""5"", ""0"", ""23"", ""45"", ""25"", ""7618""]; Cumulative=[""182"", ""210"", ""210"", ""210"", ""210"", ""210"", ""231"", ""231"", ""245"", ""422"", ""473"", ""650"", ""655"", ""655"", ""678"", ""723"", ""748"", ""8366""]; Skip.to.Item=[""NA"", ""NA"", ""NA"", ""NA"", ""NA"", ""NA"", ""NA"", ""NA"", ""NA"", ""NA"", ""NA"", ""NA"", ""NA"", ""NA"", ""NA"", ""NA"", ""NA"", ""NA""]"
"OHXDEN_J","OHX11CSC","OHX11CSC","Coronal Caries: Surface condition #11","Coronal Caries: Upper left cuspid (C) surface calls.These values can be recorded as a string variable for example:0 13 468.","Both males and females 1 YEARS - 150 YEARS",NA,"Code.or.Value=[""Coronal Caries:  Surface condition #11"", ""0"", ""1"", ""2"", ""3"", ""4"", ""5"", ""6"", ""7"", ""8"", ""9"", ""-1"", ""-4"", ""-5"", ""-6"", ""-7"", ""-8"", ""< blank >""]; Value.Description=[""Value was recorded"", ""Lingual AMALGAM restoration"", ""Occlusal AMALGAM restoration"", ""Facial AMALGAM restoration"", ""Mesial AMALGAM restoration"", ""Distal AMALGAM restoration"", ""Lingual OTHER restoration"", ""Occlusal OTHER restoration"", ""Facial OTHER restoration"", ""Mesial OTHER restoration"", ""Distal OTHER restoration"", ""Crown (non-specific full-coverage restoration)"", ""Lingual caries"", ""Occlusal caries"", ""Facial caries"", ""Mesial caries"", ""Distal caries"", ""Missing""]; Count=[""113"", ""1"", ""0"", ""2"", ""0"", ""18"", ""4"", ""0"", ""28"", ""64"", ""78"", ""166"", ""3"", ""0"", ""23"", ""17"", ""40"", ""7809""]; Cumulative=[""113"", ""114"", ""114"", ""116"", ""116"", ""134"", ""138"", ""138"", ""166"", ""230"", ""308"", ""474"", ""477"", ""477"", ""500"", ""517"", ""557"", ""8366""]; Skip.to.Item=[""NA"", ""NA"", ""NA"", ""NA"", ""NA"", ""NA"", ""NA"", ""NA"", ""NA"", ""NA"", ""NA"", ""NA"", ""NA"", ""NA"", ""NA"", ""NA"", ""NA"", ""NA""]"
"OHXDEN_J","OHX12CSC","OHX12CSC","Coronal Caries: Surface condition #12","Coronal Caries: Upper left 1st bicuspid/1st primary molar (1B) surface calls.These values can be recorded as a string variable for example:0 13 468.","Both males and females 1 YEARS - 150 YEARS",NA,"Code.or.Value=[""Coronal Caries:  Surface condition #12"", ""0"", ""1"", ""2"", ""3"", ""4"", ""5"", ""6"", ""7"", ""8"", ""9"", ""-1"", ""-4"", ""-5"", ""-6"", ""-7"", ""-8"", ""< blank >""]; Value.Description=[""Value was recorded"", ""Lingual AMALGAM restoration"", ""Occlusal AMALGAM restoration"", ""Facial AMALGAM restoration"", ""Mesial AMALGAM restoration"", ""Distal AMALGAM restoration"", ""Lingual OTHER restoration"", ""Occlusal OTHER restoration"", ""Facial OTHER restoration"", ""Mesial OTHER restoration"", ""Distal OTHER restoration"", ""Crown (non-specific full-coverage restoration)"", ""Lingual caries"", ""Occlusal caries"", ""Facial caries"", ""Mesial caries"", ""Distal caries"", ""Missing""]; Count=[""713"", ""0"", ""124"", ""2"", ""0"", ""4"", ""0"", ""129"", ""6"", ""0"", ""3"", ""440"", ""3"", ""17"", ""5"", ""9"", ""42"", ""6869""]; Cumulative=[""713"", ""713"", ""837"", ""839"", ""839"", ""843"", ""843"", ""972"", ""978"", ""978"", ""981"", ""1421"", ""1424"", ""1441"", ""1446"", ""1455"", ""1497"", ""8366""]; Skip.to.Item=[""NA"", ""NA"", ""NA"", ""NA"", ""NA"", ""NA"", ""NA"", ""NA"", ""NA"", ""NA"", ""NA"", ""NA"", ""NA"", ""NA"", ""NA"", ""NA"", ""NA"", ""NA""]"
"OHXDEN_J","OHX13CSC","OHX13CSC","Coronal Caries: Surface condition #13","Coronal Caries: Upper left 2nd bicuspid/2nd primary molar (2B) surface calls.These values can be recorded as a string variable for example:0 13 468.","Both males and females 1 YEARS - 150 YEARS",NA,"Code.or.Value=[""Coronal Caries:  Surface condition #13"", ""0"", ""1"", ""2"", ""3"", ""4"", ""5"", ""6"", ""7"", ""8"", ""9"", ""-1"", ""-4"", ""-5"", ""-6"", ""-7"", ""-8"", ""< blank >""]; Value.Description=[""Value was recorded"", ""Lingual AMALGAM restoration"", ""Occlusal AMALGAM restoration"", ""Facial AMALGAM restoration"", ""Mesial AMALGAM restoration"", ""Distal AMALGAM restoration"", ""Lingual OTHER restoration"", ""Occlusal OTHER restoration"", ""Facial OTHER restoration"", ""Mesial OTHER restoration"", ""Distal OTHER restoration"", ""Crown (non-specific full-coverage restoration)"", ""Lingual caries"", ""Occlusal caries"", ""Facial caries"", ""Mesial caries"", ""Distal caries"", ""Missing""]; Count=[""864"", ""1"", ""113"", ""0"", ""1"", ""2"", ""0"", ""139"", ""1"", ""3"", ""2"", ""526"", ""2"", ""18"", ""1"", ""25"", ""21"", ""6647""]; Cumulative=[""864"", ""865"", ""978"", ""978"", ""979"", ""981"", ""981"", ""1120"", ""1121"", ""1124"", ""1126"", ""1652"", ""1654"", ""1672"", ""1673"", ""1698"", ""1719"", ""8366""]; Skip.to.Item=[""NA"", ""NA"", ""NA"", ""NA"", ""NA"", ""NA"", ""NA"", ""NA"", ""NA"", ""NA"", ""NA"", ""NA"", ""NA"", ""NA"", ""NA"", ""NA"", ""NA"", ""NA""]"
"OHXDEN_J","OHX14CSC","OHX14CSC","Coronal Caries: Surface condition #14","Coronal Caries: Upper left 1st molar (1M) surface calls.These values can be recorded as a string variable for example:0 13 468.","Both males and females 1 YEARS - 150 YEARS",NA,"Code.or.Value=[""Coronal Caries:  Surface condition #14"", ""0"", ""1"", ""2"", ""3"", ""4"", ""5"", ""6"", ""7"", ""8"", ""9"", ""-1"", ""-4"", ""-5"", ""-6"", ""-7"", ""-8"", ""< blank >""]; Value.Description=[""Value was recorded"", ""Lingual AMALGAM restoration"", ""Occlusal AMALGAM restoration"", ""Facial AMALGAM restoration"", ""Mesial AMALGAM restoration"", ""Distal AMALGAM restoration"", ""Lingual OTHER restoration"", ""Occlusal OTHER restoration"", ""Facial OTHER restoration"", ""Mesial OTHER restoration"", ""Distal OTHER restoration"", ""Crown (non-specific full-coverage restoration)"", ""Lingual caries"", ""Occlusal caries"", ""Facial caries"", ""Mesial caries"", ""Distal caries"", ""Missing""]; Count=[""1144"", ""14"", ""344"", ""0"", ""2"", ""0"", ""2"", ""299"", ""0"", ""0"", ""0"", ""548"", ""4"", ""39"", ""0"", ""11"", ""7"", ""5952""]; Cumulative=[""1144"", ""1158"", ""1502"", ""1502"", ""1504"", ""1504"", ""1506"", ""1805"", ""1805"", ""1805"", ""1805"", ""2353"", ""2357"", ""2396"", ""2396"", ""2407"", ""2414"", ""8366""]; Skip.to.Item=[""NA"", ""NA"", ""NA"", ""NA"", ""NA"", ""NA"", ""NA"", ""NA"", ""NA"", ""NA"", ""NA"", ""NA"", ""NA"", ""NA"", ""NA"", ""NA"", ""NA"", ""NA""]"
"OHXDEN_J","OHX15CSC","OHX15CSC","Coronal Caries: Surface condition #15","Coronal Caries: Upper left 2nd molar (2M) surface calls.These values can be recorded as a string variable for example:0 13 468.","Both males and females 1 YEARS - 150 YEARS",NA,"Code.or.Value=[""Coronal Caries:  Surface condition #15"", ""0"", ""1"", ""2"", ""3"", ""4"", ""5"", ""6"", ""7"", ""8"", ""9"", ""-1"", ""-4"", ""-5"", ""-6"", ""-7"", ""-8"", ""< blank >""]; Value.Description=[""Value was recorded"", ""Lingual AMALGAM restoration"", ""Occlusal AMALGAM restoration"", ""Facial AMALGAM restoration"", ""Mesial AMALGAM restoration"", ""Distal AMALGAM restoration"", ""Lingual OTHER restoration"", ""Occlusal OTHER restoration"", ""Facial OTHER restoration"", ""Mesial OTHER restoration"", ""Distal OTHER restoration"", ""Crown (non-specific full-coverage restoration)"", ""Lingual caries"", ""Occlusal caries"", ""Facial caries"", ""Mesial caries"", ""Distal caries"", ""Missing""]; Count=[""662"", ""3"", ""539"", ""1"", ""1"", ""0"", ""0"", ""277"", ""0"", ""0"", ""0"", ""317"", ""3"", ""50"", ""11"", ""10"", ""4"", ""6488""]; Cumulative=[""662"", ""665"", ""1204"", ""1205"", ""1206"", ""1206"", ""1206"", ""1483"", ""1483"", ""1483"", ""1483"", ""1800"", ""1803"", ""1853"", ""1864"", ""1874"", ""1878"", ""8366""]; Skip.to.Item=[""NA"", ""NA"", ""NA"", ""NA"", ""NA"", ""NA"", ""NA"", ""NA"", ""NA"", ""NA"", ""NA"", ""NA"", ""NA"", ""NA"", ""NA"", ""NA"", ""NA"", ""NA""]"
"OHXDEN_J","OHX18CSC","OHX18CSC","Coronal Caries: Surface condition #18","Coronal Caries: Lower left 2nd molar (2M) surface calls.These values can be recorded as a string variable for example:0 13 468.","Both males and females 1 YEARS - 150 YEARS",NA,"Code.or.Value=[""Coronal Caries:  Surface condition #18"", ""0"", ""1"", ""2"", ""3"", ""4"", ""5"", ""6"", ""7"", ""8"", ""9"", ""-1"", ""-4"", ""-5"", ""-6"", ""-7"", ""-8"", ""< blank >""]; Value.Description=[""Value was recorded"", ""Lingual AMALGAM restoration"", ""Occlusal AMALGAM restoration"", ""Facial AMALGAM restoration"", ""Mesial AMALGAM restoration"", ""Distal AMALGAM restoration"", ""Lingual OTHER restoration"", ""Occlusal OTHER restoration"", ""Facial OTHER restoration"", ""Mesial OTHER restoration"", ""Distal OTHER restoration"", ""Crown (non-specific full-coverage restoration)"", ""Lingual caries"", ""Occlusal caries"", ""Facial caries"", ""Mesial caries"", ""Distal caries"", ""Missing""]; Count=[""698"", ""0"", ""490"", ""40"", ""0"", ""1"", ""0"", ""400"", ""11"", ""1"", ""0"", ""435"", ""2"", ""68"", ""14"", ""9"", ""6"", ""6191""]; Cumulative=[""698"", ""698"", ""1188"", ""1228"", ""1228"", ""1229"", ""1229"", ""1629"", ""1640"", ""1641"", ""1641"", ""2076"", ""2078"", ""2146"", ""2160"", ""2169"", ""2175"", ""8366""]; Skip.to.Item=[""NA"", ""NA"", ""NA"", ""NA"", ""NA"", ""NA"", ""NA"", ""NA"", ""NA"", ""NA"", ""NA"", ""NA"", ""NA"", ""NA"", ""NA"", ""NA"", ""NA"", ""NA""]"
"OHXDEN_J","OHX19CSC","OHX19CSC","Coronal Caries: Surface condition #19","Coronal Caries: Lower left 1st molar (1M) surface calls.These values can be recorded as a string variable for example:0 13 468.","Both males and females 1 YEARS - 150 YEARS",NA,"Code.or.Value=[""0"", ""1"", ""2"", ""3"", ""4"", ""5"", ""6"", ""7"", ""8"", ""9"", ""-1"", ""-4"", ""-5"", ""-6"", ""-7"", ""-8"", ""< blank >"", ""Coronal Caries:  Surface condition #19""]; Value.Description=[""Lingual AMALGAM restoration"", ""Occlusal AMALGAM restoration"", ""Facial AMALGAM restoration"", ""Mesial AMALGAM restoration"", ""Distal AMALGAM restoration"", ""Lingual OTHER restoration"", ""Occlusal OTHER restoration"", ""Facial OTHER restoration"", ""Mesial OTHER restoration"", ""Distal OTHER restoration"", ""Crown (non-specific full-coverage restoration)"", ""Lingual caries"", ""Occlusal caries"", ""Facial caries"", ""Mesial caries"", ""Distal caries"", ""Missing"", ""Value was recorded""]; Count=[""0"", ""307"", ""82"", ""0"", ""0"", ""0"", ""392"", ""31"", ""2"", ""0"", ""619"", ""3"", ""49"", ""9"", ""1"", ""13"", ""5953"", ""905""]; Cumulative=[""905"", ""1212"", ""1294"", ""1294"", ""1294"", ""1294"", ""1686"", ""1717"", ""1719"", ""1719"", ""2338"", ""2341"", ""2390"", ""2399"", ""2400"", ""2413"", ""8366"", ""905""]; Skip.to.Item=[""NA"", ""NA"", ""NA"", ""NA"", ""NA"", ""NA"", ""NA"", ""NA"", ""NA"", ""NA"", ""NA"", ""NA"", ""NA"", ""NA"", ""NA"", ""NA"", ""NA"", ""NA""]"
"OHXDEN_J","OHX20CSC","OHX20CSC","Coronal Caries: Surface condition #20","Coronal Caries: Lower left 2nd bicuspid/2nd primary molar (2B) surface calls.These values can be recorded as a string variable for example:0 13 468.","Both males and females 1 YEARS - 150 YEARS",NA,"Code.or.Value=[""Coronal Caries:  Surface condition #20"", ""0"", ""1"", ""2"", ""3"", ""4"", ""5"", ""6"", ""7"", ""8"", ""9"", ""-1"", ""-4"", ""-5"", ""-6"", ""-7"", ""-8"", ""< blank >""]; Value.Description=[""Value was recorded"", ""Lingual AMALGAM restoration"", ""Occlusal AMALGAM restoration"", ""Facial AMALGAM restoration"", ""Mesial AMALGAM restoration"", ""Distal AMALGAM restoration"", ""Lingual OTHER restoration"", ""Occlusal OTHER restoration"", ""Facial OTHER restoration"", ""Mesial OTHER restoration"", ""Distal OTHER restoration"", ""Crown (non-specific full-coverage restoration)"", ""Lingual caries"", ""Occlusal caries"", ""Facial caries"", ""Mesial caries"", ""Distal caries"", ""Missing""]; Count=[""648"", ""0"", ""257"", ""7"", ""1"", ""0"", ""0"", ""174"", ""4"", ""0"", ""1"", ""456"", ""2"", ""29"", ""9"", ""10"", ""19"", ""6749""]; Cumulative=[""648"", ""648"", ""905"", ""912"", ""913"", ""913"", ""913"", ""1087"", ""1091"", ""1091"", ""1092"", ""1548"", ""1550"", ""1579"", ""1588"", ""1598"", ""1617"", ""8366""]; Skip.to.Item=[""NA"", ""NA"", ""NA"", ""NA"", ""NA"", ""NA"", ""NA"", ""NA"", ""NA"", ""NA"", ""NA"", ""NA"", ""NA"", ""NA"", ""NA"", ""NA"", ""NA"", ""NA""]"
"OHXDEN_J","OHX21CSC","OHX21CSC","Coronal Caries: Surface condition #21","Coronal Caries: Lower left 1st bicuspid/1st primary molar (1B) surface calls.These values can be recorded as a string variable for example:0 13 468.","Both males and females 1 YEARS - 150 YEARS",NA,"Code.or.Value=[""Coronal Caries:  Surface condition #21"", ""0"", ""1"", ""2"", ""3"", ""4"", ""5"", ""6"", ""7"", ""8"", ""9"", ""-1"", ""-4"", ""-5"", ""-6"", ""-7"", ""-8"", ""< blank >""]; Value.Description=[""Value was recorded"", ""Lingual AMALGAM restoration"", ""Occlusal AMALGAM restoration"", ""Facial AMALGAM restoration"", ""Mesial AMALGAM restoration"", ""Distal AMALGAM restoration"", ""Lingual OTHER restoration"", ""Occlusal OTHER restoration"", ""Facial OTHER restoration"", ""Mesial OTHER restoration"", ""Distal OTHER restoration"", ""Crown (non-specific full-coverage restoration)"", ""Lingual caries"", ""Occlusal caries"", ""Facial caries"", ""Mesial caries"", ""Distal caries"", ""Missing""]; Count=[""363"", ""0"", ""160"", ""9"", ""0"", ""2"", ""0"", ""93"", ""13"", ""0"", ""3"", ""286"", ""4"", ""13"", ""18"", ""4"", ""22"", ""7376""]; Cumulative=[""363"", ""363"", ""523"", ""532"", ""532"", ""534"", ""534"", ""627"", ""640"", ""640"", ""643"", ""929"", ""933"", ""946"", ""964"", ""968"", ""990"", ""8366""]; Skip.to.Item=[""NA"", ""NA"", ""NA"", ""NA"", ""NA"", ""NA"", ""NA"", ""NA"", ""NA"", ""NA"", ""NA"", ""NA"", ""NA"", ""NA"", ""NA"", ""NA"", ""NA"", ""NA""]"
"OHXDEN_J","OHX22CSC","OHX22CSC","Coronal Caries: Surface condition #22","Coronal Caries: Lower left cuspid (C) surface calls.These values can be recorded as a string variable for example:0 13 468.","Both males and females 1 YEARS - 150 YEARS",NA,"Code.or.Value=[""Coronal Caries:  Surface condition #22"", ""0"", ""1"", ""2"", ""3"", ""4"", ""5"", ""6"", ""7"", ""8"", ""9"", ""-1"", ""-4"", ""-5"", ""-6"", ""-7"", ""-8"", ""< blank >""]; Value.Description=[""Value was recorded"", ""Lingual AMALGAM restoration"", ""Occlusal AMALGAM restoration"", ""Facial AMALGAM restoration"", ""Mesial AMALGAM restoration"", ""Distal AMALGAM restoration"", ""Lingual OTHER restoration"", ""Occlusal OTHER restoration"", ""Facial OTHER restoration"", ""Mesial OTHER restoration"", ""Distal OTHER restoration"", ""Crown (non-specific full-coverage restoration)"", ""Lingual caries"", ""Occlusal caries"", ""Facial caries"", ""Mesial caries"", ""Distal caries"", ""Missing""]; Count=[""46"", ""0"", ""0"", ""16"", ""1"", ""3"", ""1"", ""0"", ""23"", ""6"", ""11"", ""80"", ""3"", ""0"", ""20"", ""8"", ""16"", ""8132""]; Cumulative=[""46"", ""46"", ""46"", ""62"", ""63"", ""66"", ""67"", ""67"", ""90"", ""96"", ""107"", ""187"", ""190"", ""190"", ""210"", ""218"", ""234"", ""8366""]; Skip.to.Item=[""NA"", ""NA"", ""NA"", ""NA"", ""NA"", ""NA"", ""NA"", ""NA"", ""NA"", ""NA"", ""NA"", ""NA"", ""NA"", ""NA"", ""NA"", ""NA"", ""NA"", ""NA""]"
"OHXDEN_J","OHX23CSC","OHX23CSC","Coronal Caries: Surface condition #23","Coronal Caries: Lower left lateral incisor (LI) surface calls.These values can be recorded as a string variable for example:0 13 468.","Both males and females 1 YEARS - 150 YEARS",NA,"Code.or.Value=[""Coronal Caries:  Surface condition #23"", ""0"", ""1"", ""2"", ""3"", ""4"", ""5"", ""6"", ""7"", ""8"", ""9"", ""-1"", ""-4"", ""-5"", ""-6"", ""-7"", ""-8"", ""< blank >""]; Value.Description=[""Value was recorded"", ""Lingual AMALGAM restoration"", ""Occlusal AMALGAM restoration"", ""Facial AMALGAM restoration"", ""Mesial AMALGAM restoration"", ""Distal AMALGAM restoration"", ""Lingual OTHER restoration"", ""Occlusal OTHER restoration"", ""Facial OTHER restoration"", ""Mesial OTHER restoration"", ""Distal OTHER restoration"", ""Crown (non-specific full-coverage restoration)"", ""Lingual caries"", ""Occlusal caries"", ""Facial caries"", ""Mesial caries"", ""Distal caries"", ""Missing""]; Count=[""28"", ""0"", ""0"", ""3"", ""0"", ""1"", ""0"", ""0"", ""4"", ""13"", ""10"", ""41"", ""1"", ""0"", ""10"", ""3"", ""14"", ""8238""]; Cumulative=[""28"", ""28"", ""28"", ""31"", ""31"", ""32"", ""32"", ""32"", ""36"", ""49"", ""59"", ""100"", ""101"", ""101"", ""111"", ""114"", ""128"", ""8366""]; Skip.to.Item=[""NA"", ""NA"", ""NA"", ""NA"", ""NA"", ""NA"", ""NA"", ""NA"", ""NA"", ""NA"", ""NA"", ""NA"", ""NA"", ""NA"", ""NA"", ""NA"", ""NA"", ""NA""]"
"OHXDEN_J","OHX24CSC","OHX24CSC","Coronal Caries: Surface condition #24","Coronal Caries: Lower left central incisor (CI) surface calls.These values can be recorded as a string variable for example:0 13 468.","Both males and females 1 YEARS - 150 YEARS",NA,"Code.or.Value=[""Coronal Caries:  Surface condition #24"", ""0"", ""1"", ""2"", ""3"", ""4"", ""5"", ""6"", ""7"", ""8"", ""9"", ""-1"", ""-4"", ""-5"", ""-6"", ""-7"", ""-8"", ""< blank >""]; Value.Description=[""Value was recorded"", ""Lingual AMALGAM restoration"", ""Occlusal AMALGAM restoration"", ""Facial AMALGAM restoration"", ""Mesial AMALGAM restoration"", ""Distal AMALGAM restoration"", ""Lingual OTHER restoration"", ""Occlusal OTHER restoration"", ""Facial OTHER restoration"", ""Mesial OTHER restoration"", ""Distal OTHER restoration"", ""Crown (non-specific full-coverage restoration)"", ""Lingual caries"", ""Occlusal caries"", ""Facial caries"", ""Mesial caries"", ""Distal caries"", ""Missing""]; Count=[""18"", ""0"", ""0"", ""2"", ""0"", ""0"", ""1"", ""0"", ""4"", ""7"", ""15"", ""40"", ""0"", ""0"", ""10"", ""5"", ""7"", ""8257""]; Cumulative=[""18"", ""18"", ""18"", ""20"", ""20"", ""20"", ""21"", ""21"", ""25"", ""32"", ""47"", ""87"", ""87"", ""87"", ""97"", ""102"", ""109"", ""8366""]; Skip.to.Item=[""NA"", ""NA"", ""NA"", ""NA"", ""NA"", ""NA"", ""NA"", ""NA"", ""NA"", ""NA"", ""NA"", ""NA"", ""NA"", ""NA"", ""NA"", ""NA"", ""NA"", ""NA""]"
"OHXDEN_J","OHX25CSC","OHX25CSC","Coronal Caries: Surface condition #25","Coronal Caries: Lower right central incisor (CI) surface calls.These values can be recorded as a string variable for example:0 13 468.","Both males and females 1 YEARS - 150 YEARS",NA,"Code.or.Value=[""Coronal Caries:  Surface condition #25"", ""0"", ""1"", ""2"", ""3"", ""4"", ""5"", ""6"", ""7"", ""8"", ""9"", ""-1"", ""-4"", ""-5"", ""-6"", ""-7"", ""-8"", ""< blank >""]; Value.Description=[""Value was recorded"", ""Lingual AMALGAM restoration"", ""Occlusal AMALGAM restoration"", ""Facial AMALGAM restoration"", ""Mesial AMALGAM restoration"", ""Distal AMALGAM restoration"", ""Lingual OTHER restoration"", ""Occlusal OTHER restoration"", ""Facial OTHER restoration"", ""Mesial OTHER restoration"", ""Distal OTHER restoration"", ""Crown (non-specific full-coverage restoration)"", ""Lingual caries"", ""Occlusal caries"", ""Facial caries"", ""Mesial caries"", ""Distal caries"", ""Missing""]; Count=[""25"", ""0"", ""0"", ""1"", ""0"", ""0"", ""2"", ""0"", ""3"", ""6"", ""3"", ""46"", ""0"", ""0"", ""3"", ""4"", ""9"", ""8264""]; Cumulative=[""25"", ""25"", ""25"", ""26"", ""26"", ""26"", ""28"", ""28"", ""31"", ""37"", ""40"", ""86"", ""86"", ""86"", ""89"", ""93"", ""102"", ""8366""]; Skip.to.Item=[""NA"", ""NA"", ""NA"", ""NA"", ""NA"", ""NA"", ""NA"", ""NA"", ""NA"", ""NA"", ""NA"", ""NA"", ""NA"", ""NA"", ""NA"", ""NA"", ""NA"", ""NA""]"
"OHXDEN_J","OHX26CSC","OHX26CSC","Coronal Caries: Surface condition #26","Coronal Caries: Lower right lateral incisor (LI) surface calls.These values can be recorded as a string variable for example:0 13 468.","Both males and females 1 YEARS - 150 YEARS",NA,"Code.or.Value=[""Coronal Caries:  Surface condition #26"", ""0"", ""1"", ""2"", ""3"", ""4"", ""5"", ""6"", ""7"", ""8"", ""9"", ""-1"", ""-4"", ""-5"", ""-6"", ""-7"", ""-8"", ""< blank >""]; Value.Description=[""Value was recorded"", ""Lingual AMALGAM restoration"", ""Occlusal AMALGAM restoration"", ""Facial AMALGAM restoration"", ""Mesial AMALGAM restoration"", ""Distal AMALGAM restoration"", ""Lingual OTHER restoration"", ""Occlusal OTHER restoration"", ""Facial OTHER restoration"", ""Mesial OTHER restoration"", ""Distal OTHER restoration"", ""Crown (non-specific full-coverage restoration)"", ""Lingual caries"", ""Occlusal caries"", ""Facial caries"", ""Mesial caries"", ""Distal caries"", ""Missing""]; Count=[""38"", ""0"", ""0"", ""3"", ""0"", ""0"", ""1"", ""0"", ""3"", ""7"", ""7"", ""46"", ""0"", ""0"", ""9"", ""1"", ""17"", ""8234""]; Cumulative=[""38"", ""38"", ""38"", ""41"", ""41"", ""41"", ""42"", ""42"", ""45"", ""52"", ""59"", ""105"", ""105"", ""105"", ""114"", ""115"", ""132"", ""8366""]; Skip.to.Item=[""NA"", ""NA"", ""NA"", ""NA"", ""NA"", ""NA"", ""NA"", ""NA"", ""NA"", ""NA"", ""NA"", ""NA"", ""NA"", ""NA"", ""NA"", ""NA"", ""NA"", ""NA""]"
"OHXDEN_J","OHX27CSC","OHX27CSC","Coronal Caries: Surface condition #27","Coronal Caries: Lower right cuspid (C) surface calls.These values can be recorded as a string variable for example:0 13 468.","Both males and females 1 YEARS - 150 YEARS",NA,"Code.or.Value=[""Coronal Caries:  Surface condition #27"", ""0"", ""1"", ""2"", ""3"", ""4"", ""5"", ""6"", ""7"", ""8"", ""9"", ""-1"", ""-4"", ""-5"", ""-6"", ""-7"", ""-8"", ""< blank >""]; Value.Description=[""Value was recorded"", ""Lingual AMALGAM restoration"", ""Occlusal AMALGAM restoration"", ""Facial AMALGAM restoration"", ""Mesial AMALGAM restoration"", ""Distal AMALGAM restoration"", ""Lingual OTHER restoration"", ""Occlusal OTHER restoration"", ""Facial OTHER restoration"", ""Mesial OTHER restoration"", ""Distal OTHER restoration"", ""Crown (non-specific full-coverage restoration)"", ""Lingual caries"", ""Occlusal caries"", ""Facial caries"", ""Mesial caries"", ""Distal caries"", ""Missing""]; Count=[""48"", ""0"", ""0"", ""9"", ""1"", ""7"", ""1"", ""0"", ""19"", ""8"", ""8"", ""88"", ""1"", ""0"", ""22"", ""10"", ""11"", ""8133""]; Cumulative=[""48"", ""48"", ""48"", ""57"", ""58"", ""65"", ""66"", ""66"", ""85"", ""93"", ""101"", ""189"", ""190"", ""190"", ""212"", ""222"", ""233"", ""8366""]; Skip.to.Item=[""NA"", ""NA"", ""NA"", ""NA"", ""NA"", ""NA"", ""NA"", ""NA"", ""NA"", ""NA"", ""NA"", ""NA"", ""NA"", ""NA"", ""NA"", ""NA"", ""NA"", ""NA""]"
"OHXDEN_J","OHX28CSC","OHX28CSC","Coronal Caries: Surface condition #28","Coronal Caries: Lower right 1st bicuspid/1st primary molar (1B) surface calls.These values can be recorded as a string variable for example:0 13 468.","Both males and females 1 YEARS - 150 YEARS",NA,"Code.or.Value=[""Coronal Caries:  Surface condition #28"", ""0"", ""1"", ""2"", ""3"", ""4"", ""5"", ""6"", ""7"", ""8"", ""9"", ""-1"", ""-4"", ""-5"", ""-6"", ""-7"", ""-8"", ""< blank >""]; Value.Description=[""Value was recorded"", ""Lingual AMALGAM restoration"", ""Occlusal AMALGAM restoration"", ""Facial AMALGAM restoration"", ""Mesial AMALGAM restoration"", ""Distal AMALGAM restoration"", ""Lingual OTHER restoration"", ""Occlusal OTHER restoration"", ""Facial OTHER restoration"", ""Mesial OTHER restoration"", ""Distal OTHER restoration"", ""Crown (non-specific full-coverage restoration)"", ""Lingual caries"", ""Occlusal caries"", ""Facial caries"", ""Mesial caries"", ""Distal caries"", ""Missing""]; Count=[""372"", ""0"", ""137"", ""9"", ""0"", ""2"", ""0"", ""85"", ""20"", ""2"", ""5"", ""288"", ""0"", ""10"", ""23"", ""8"", ""26"", ""7379""]; Cumulative=[""372"", ""372"", ""509"", ""518"", ""518"", ""520"", ""520"", ""605"", ""625"", ""627"", ""632"", ""920"", ""920"", ""930"", ""953"", ""961"", ""987"", ""8366""]; Skip.to.Item=[""NA"", ""NA"", ""NA"", ""NA"", ""NA"", ""NA"", ""NA"", ""NA"", ""NA"", ""NA"", ""NA"", ""NA"", ""NA"", ""NA"", ""NA"", ""NA"", ""NA"", ""NA""]"
"OHXDEN_J","OHX29CSC","OHX29CSC","Coronal Caries: Surface condition #29","Coronal Caries: Lower right 2nd bicuspid/2nd primary molar (2B) surface calls.These values can be recorded as a string variable for example:0 13 468.","Both males and females 1 YEARS - 150 YEARS",NA,"Code.or.Value=[""Coronal Caries:  Surface condition #29"", ""0"", ""1"", ""2"", ""3"", ""4"", ""5"", ""6"", ""7"", ""8"", ""9"", ""-1"", ""-4"", ""-5"", ""-6"", ""-7"", ""-8"", ""< blank >""]; Value.Description=[""Value was recorded"", ""Lingual AMALGAM restoration"", ""Occlusal AMALGAM restoration"", ""Facial AMALGAM restoration"", ""Mesial AMALGAM restoration"", ""Distal AMALGAM restoration"", ""Lingual OTHER restoration"", ""Occlusal OTHER restoration"", ""Facial OTHER restoration"", ""Mesial OTHER restoration"", ""Distal OTHER restoration"", ""Crown (non-specific full-coverage restoration)"", ""Lingual caries"", ""Occlusal caries"", ""Facial caries"", ""Mesial caries"", ""Distal caries"", ""Missing""]; Count=[""706"", ""0"", ""216"", ""1"", ""1"", ""0"", ""0"", ""155"", ""7"", ""1"", ""1"", ""495"", ""1"", ""28"", ""7"", ""17"", ""19"", ""6711""]; Cumulative=[""706"", ""706"", ""922"", ""923"", ""924"", ""924"", ""924"", ""1079"", ""1086"", ""1087"", ""1088"", ""1583"", ""1584"", ""1612"", ""1619"", ""1636"", ""1655"", ""8366""]; Skip.to.Item=[""NA"", ""NA"", ""NA"", ""NA"", ""NA"", ""NA"", ""NA"", ""NA"", ""NA"", ""NA"", ""NA"", ""NA"", ""NA"", ""NA"", ""NA"", ""NA"", ""NA"", ""NA""]"
"OHXDEN_J","OHX30CSC","OHX30CSC","Coronal Caries: Surface condition #30","Coronal Caries: Lower right 1st molar (1M) surface calls.These values can be recorded as a string variable for example:0 13 468.","Both males and females 1 YEARS - 150 YEARS",NA,"Code.or.Value=[""Coronal Caries:  Surface condition #30"", ""0"", ""1"", ""2"", ""3"", ""4"", ""5"", ""6"", ""7"", ""8"", ""9"", ""-1"", ""-4"", ""-5"", ""-6"", ""-7"", ""-8"", ""< blank >""]; Value.Description=[""Value was recorded"", ""Lingual AMALGAM restoration"", ""Occlusal AMALGAM restoration"", ""Facial AMALGAM restoration"", ""Mesial AMALGAM restoration"", ""Distal AMALGAM restoration"", ""Lingual OTHER restoration"", ""Occlusal OTHER restoration"", ""Facial OTHER restoration"", ""Mesial OTHER restoration"", ""Distal OTHER restoration"", ""Crown (non-specific full-coverage restoration)"", ""Lingual caries"", ""Occlusal caries"", ""Facial caries"", ""Mesial caries"", ""Distal caries"", ""Missing""]; Count=[""1002"", ""0"", ""261"", ""94"", ""0"", ""0"", ""1"", ""410"", ""25"", ""0"", ""0"", ""588"", ""3"", ""48"", ""21"", ""10"", ""4"", ""5899""]; Cumulative=[""1002"", ""1002"", ""1263"", ""1357"", ""1357"", ""1357"", ""1358"", ""1768"", ""1793"", ""1793"", ""1793"", ""2381"", ""2384"", ""2432"", ""2453"", ""2463"", ""2467"", ""8366""]; Skip.to.Item=[""NA"", ""NA"", ""NA"", ""NA"", ""NA"", ""NA"", ""NA"", ""NA"", ""NA"", ""NA"", ""NA"", ""NA"", ""NA"", ""NA"", ""NA"", ""NA"", ""NA"", ""NA""]"
"OHXDEN_J","OHX31CSC","OHX31CSC","Coronal Caries: Surface condition #31","Coronal Caries: Lower right 2nd molar (2M) surface calls.These values can be recorded as a string variable for example:0 13 468.","Both males and females 1 YEARS - 150 YEARS",NA,"Code.or.Value=[""Coronal Caries:  Surface condition #31"", ""0"", ""1"", ""2"", ""3"", ""4"", ""5"", ""6"", ""7"", ""8"", ""9"", ""-1"", ""-4"", ""-5"", ""-6"", ""-7"", ""-8"", ""< blank >""]; Value.Description=[""Value was recorded"", ""Lingual AMALGAM restoration"", ""Occlusal AMALGAM restoration"", ""Facial AMALGAM restoration"", ""Mesial AMALGAM restoration"", ""Distal AMALGAM restoration"", ""Lingual OTHER restoration"", ""Occlusal OTHER restoration"", ""Facial OTHER restoration"", ""Mesial OTHER restoration"", ""Distal OTHER restoration"", ""Crown (non-specific full-coverage restoration)"", ""Lingual caries"", ""Occlusal caries"", ""Facial caries"", ""Mesial caries"", ""Distal caries"", ""Missing""]; Count=[""694"", ""0"", ""464"", ""45"", ""0"", ""0"", ""0"", ""423"", ""9"", ""0"", ""0"", ""466"", ""1"", ""86"", ""25"", ""10"", ""3"", ""6140""]; Cumulative=[""694"", ""694"", ""1158"", ""1203"", ""1203"", ""1203"", ""1203"", ""1626"", ""1635"", ""1635"", ""1635"", ""2101"", ""2102"", ""2188"", ""2213"", ""2223"", ""2226"", ""8366""]; Skip.to.Item=[""NA"", ""NA"", ""NA"", ""NA"", ""NA"", ""NA"", ""NA"", ""NA"", ""NA"", ""NA"", ""NA"", ""NA"", ""NA"", ""NA"", ""NA"", ""NA"", ""NA"", ""NA""]"
"OHXDEN_J","OHX02RTC","OHX02RTC","Coronal Caries: Second restoration #2","Coronal Caries: Second restoration present - Upper right 2nd molar (2M)","Both males and females 1 YEARS - 150 YEARS",NA,"Code.or.Value=[""A"", ""F"", ""< blank >""]; Value.Description=[""Primary tooth with secondary dental restoration present"", ""Permanent tooth with secondary dental restoration present"", ""Missing""]; Count=[""0"", ""17"", ""8349""]; Cumulative=[""0"", ""17"", ""8366""]; Skip.to.Item=[""NA"", ""NA"", ""NA""]"
"OHXDEN_J","OHX03RTC","OHX03RTC","Coronal Caries: Second restoration #3","Coronal Caries: Second restoration present - Upper right 1st molar (1M)","Both males and females 1 YEARS - 150 YEARS",NA,"Code.or.Value=[""A"", ""F"", ""< blank >""]; Value.Description=[""Primary tooth with secondary dental restoration present"", ""Permanent tooth with secondary dental restoration present"", ""Missing""]; Count=[""0"", ""27"", ""8339""]; Cumulative=[""0"", ""27"", ""8366""]; Skip.to.Item=[""NA"", ""NA"", ""NA""]"
"OHXDEN_J","OHX04RTC","OHX04RTC","Coronal Caries: Second restoration #4","Coronal Caries: Second restoration present - Upper right 2nd bicuspid/2nd primary molar (2B)","Both males and females 1 YEARS - 150 YEARS",NA,"Code.or.Value=[""A"", ""F"", ""< blank >""]; Value.Description=[""Primary tooth with secondary dental restoration present"", ""Permanent tooth with secondary dental restoration present"", ""Missing""]; Count=[""6"", ""14"", ""8346""]; Cumulative=[""6"", ""20"", ""8366""]; Skip.to.Item=[""NA"", ""NA"", ""NA""]"
"OHXDEN_J","OHX05RTC","OHX05RTC","Coronal Caries: Second restoration #5","Coronal Caries: Second restoration present - Upper right 1st bicuspid/1st primary molar (1B)","Both males and females 1 YEARS - 150 YEARS",NA,"Code.or.Value=[""A"", ""F"", ""< blank >""]; Value.Description=[""Primary tooth with secondary dental restoration present"", ""Permanent tooth with secondary dental restoration present"", ""Missing""]; Count=[""3"", ""10"", ""8353""]; Cumulative=[""3"", ""13"", ""8366""]; Skip.to.Item=[""NA"", ""NA"", ""NA""]"
"OHXDEN_J","OHX06RTC","OHX06RTC","Coronal Caries: Second restoration #6","Coronal Caries: Second restoration present - Upper right cuspid (C)","Both males and females 1 YEARS - 150 YEARS",NA,"Code.or.Value=[""A"", ""F"", ""< blank >""]; Value.Description=[""Primary tooth with secondary dental restoration present"", ""Permanent tooth with secondary dental restoration present"", ""Missing""]; Count=[""1"", ""4"", ""8361""]; Cumulative=[""1"", ""5"", ""8366""]; Skip.to.Item=[""NA"", ""NA"", ""NA""]"
"OHXDEN_J","OHX07RTC","OHX07RTC","Coronal Caries: Second restoration #7","Coronal Caries: Second restoration present - Upper right lateral incisor (LI)","Both males and females 1 YEARS - 150 YEARS",NA,"Code.or.Value=[""A"", ""F"", ""< blank >""]; Value.Description=[""Primary tooth with secondary dental restoration present"", ""Permanent tooth with secondary dental restoration present"", ""Missing""]; Count=[""0"", ""11"", ""8355""]; Cumulative=[""0"", ""11"", ""8366""]; Skip.to.Item=[""NA"", ""NA"", ""NA""]"
"OHXDEN_J","OHX08RTC","OHX08RTC","Coronal Caries: Second restoration #8","Coronal Caries: Second restoration present - Upper right central incisor (CI)","Both males and females 1 YEARS - 150 YEARS",NA,"Code.or.Value=[""A"", ""F"", ""< blank >""]; Value.Description=[""Primary tooth with secondary dental restoration present"", ""Permanent tooth with secondary dental restoration present"", ""Missing""]; Count=[""0"", ""12"", ""8354""]; Cumulative=[""0"", ""12"", ""8366""]; Skip.to.Item=[""NA"", ""NA"", ""NA""]"
"OHXDEN_J","OHX09RTC","OHX09RTC","Coronal Caries: Second restoration #9","Coronal Caries: Second restoration present - Upper left central incisor (CI)","Both males and females 1 YEARS - 150 YEARS",NA,"Code.or.Value=[""A"", ""F"", ""< blank >""]; Value.Description=[""Primary tooth with secondary dental restoration present"", ""Permanent tooth with secondary dental restoration present"", ""Missing""]; Count=[""0"", ""13"", ""8353""]; Cumulative=[""0"", ""13"", ""8366""]; Skip.to.Item=[""NA"", ""NA"", ""NA""]"
"OHXDEN_J","OHX10RTC","OHX10RTC","Coronal Caries: Second restoration #10","Coronal Caries: Second restoration present - Upper left lateral incisor (LI)","Both males and females 1 YEARS - 150 YEARS",NA,"Code.or.Value=[""A"", ""F"", ""< blank >""]; Value.Description=[""Primary tooth with secondary dental restoration present"", ""Permanent tooth with secondary dental restoration present"", ""Missing""]; Count=[""0"", ""8"", ""8358""]; Cumulative=[""0"", ""8"", ""8366""]; Skip.to.Item=[""NA"", ""NA"", ""NA""]"
"OHXDEN_J","OHX11RTC","OHX11RTC","Coronal Caries: Second restoration #11","Coronal Caries: Second restoration present - Upper left cuspid (C)","Both males and females 1 YEARS - 150 YEARS",NA,"Code.or.Value=[""A"", ""F"", ""< blank >""]; Value.Description=[""Primary tooth with secondary dental restoration present"", ""Permanent tooth with secondary dental restoration present"", ""Missing""]; Count=[""0"", ""9"", ""8357""]; Cumulative=[""0"", ""9"", ""8366""]; Skip.to.Item=[""NA"", ""NA"", ""NA""]"
"OHXDEN_J","OHX12RTC","OHX12RTC","Coronal Caries: Second restoration #12","Coronal Caries: Second restoration present - Upper left 1st bicuspid/1st primary molar (1B)","Both males and females 1 YEARS - 150 YEARS",NA,"Code.or.Value=[""A"", ""F"", ""< blank >""]; Value.Description=[""Primary tooth with secondary dental restoration present"", ""Permanent tooth with secondary dental restoration present"", ""Missing""]; Count=[""3"", ""13"", ""8350""]; Cumulative=[""3"", ""16"", ""8366""]; Skip.to.Item=[""NA"", ""NA"", ""NA""]"
"OHXDEN_J","OHX13RTC","OHX13RTC","Coronal Caries: Second restoration #13","Coronal Caries: Second restoration present - Upper left 2nd bicuspid/1st primary molar (2B)","Both males and females 1 YEARS - 150 YEARS",NA,"Code.or.Value=[""A"", ""F"", ""< blank >""]; Value.Description=[""Primary tooth with secondary dental restoration present"", ""Permanent tooth with secondary dental restoration present"", ""Missing""]; Count=[""4"", ""11"", ""8351""]; Cumulative=[""4"", ""15"", ""8366""]; Skip.to.Item=[""NA"", ""NA"", ""NA""]"
"OHXDEN_J","OHX14RTC","OHX14RTC","Coronal Caries: Second restoration #14","Coronal Caries: Second restoration present - Upper left 1st molar (1M)","Both males and females 1 YEARS - 150 YEARS",NA,"Code.or.Value=[""A"", ""F"", ""< blank >""]; Value.Description=[""Primary tooth with secondary dental restoration present"", ""Permanent tooth with secondary dental restoration present"", ""Missing""]; Count=[""0"", ""22"", ""8344""]; Cumulative=[""0"", ""22"", ""8366""]; Skip.to.Item=[""NA"", ""NA"", ""NA""]"
"OHXDEN_J","OHX15RTC","OHX15RTC","Coronal Caries: Second restoration #15","Coronal Caries: Second restoration present - Upper left 2nd molar (2M)","Both males and females 1 YEARS - 150 YEARS",NA,"Code.or.Value=[""A"", ""F"", ""< blank >""]; Value.Description=[""Primary tooth with secondary dental restoration present"", ""Permanent tooth with secondary dental restoration present"", ""Missing""]; Count=[""0"", ""15"", ""8351""]; Cumulative=[""0"", ""15"", ""8366""]; Skip.to.Item=[""NA"", ""NA"", ""NA""]"
"OHXDEN_J","OHX18RTC","OHX18RTC","Coronal Caries: Second restoration #18","Coronal Caries: Second restoration present - Lower left 2nd molar (2M)","Both males and females 1 YEARS - 150 YEARS",NA,"Code.or.Value=[""A"", ""F"", ""< blank >""]; Value.Description=[""Primary tooth with secondary dental restoration present"", ""Permanent tooth with secondary dental restoration present"", ""Missing""]; Count=[""0"", ""26"", ""8340""]; Cumulative=[""0"", ""26"", ""8366""]; Skip.to.Item=[""NA"", ""NA"", ""NA""]"
"OHXDEN_J","OHX19RTC","OHX19RTC","Coronal Caries: Second restoration #19","Coronal Caries: Second restoration present - Lower left 1st molar (1M)","Both males and females 1 YEARS - 150 YEARS",NA,"Code.or.Value=[""A"", ""F"", ""< blank >""]; Value.Description=[""Primary tooth with secondary dental restoration present"", ""Permanent tooth with secondary dental restoration present"", ""Missing""]; Count=[""0"", ""24"", ""8342""]; Cumulative=[""0"", ""24"", ""8366""]; Skip.to.Item=[""NA"", ""NA"", ""NA""]"
"OHXDEN_J","OHX20RTC","OHX20RTC","Coronal Caries: Second restoration #20","Coronal Caries: Second restoration present - Lower left 2nd bicuspid/2nd primary molar (2B)","Both males and females 1 YEARS - 150 YEARS",NA,"Code.or.Value=[""A"", ""F"", ""< blank >""]; Value.Description=[""Primary tooth with secondary dental restoration present"", ""Permanent tooth with secondary dental restoration present"", ""Missing""]; Count=[""4"", ""13"", ""8349""]; Cumulative=[""4"", ""17"", ""8366""]; Skip.to.Item=[""NA"", ""NA"", ""NA""]"
"OHXDEN_J","OHX21RTC","OHX21RTC","Coronal Caries: Second restoration #21","Coronal Caries: Second restoration present - Lower left 1st bicuspid/2nd primary molar (1B)","Both males and females 1 YEARS - 150 YEARS",NA,"Code.or.Value=[""A"", ""F"", ""< blank >""]; Value.Description=[""Primary tooth with secondary dental restoration present"", ""Permanent tooth with secondary dental restoration present"", ""Missing""]; Count=[""1"", ""7"", ""8358""]; Cumulative=[""1"", ""8"", ""8366""]; Skip.to.Item=[""NA"", ""NA"", ""NA""]"
"OHXDEN_J","OHX22RTC","OHX22RTC","Coronal Caries: Second restoration #22","Coronal Caries: Second restoration present - Lower left cuspid (C)","Both males and females 1 YEARS - 150 YEARS",NA,"Code.or.Value=[""A"", ""F"", ""< blank >""]; Value.Description=[""Primary tooth with secondary dental restoration present"", ""Permanent tooth with secondary dental restoration present"", ""Missing""]; Count=[""0"", ""5"", ""8361""]; Cumulative=[""0"", ""5"", ""8366""]; Skip.to.Item=[""NA"", ""NA"", ""NA""]"
"OHXDEN_J","OHX23RTC","OHX23RTC","Coronal Caries: Second restoration #23","Coronal Caries: Second restoration present - Lower left lateral incisor (LI)","Both males and females 1 YEARS - 150 YEARS",NA,"Code.or.Value=[""A"", ""F"", ""< blank >""]; Value.Description=[""Primary tooth with secondary dental restoration present"", ""Permanent tooth with secondary dental restoration present"", ""Missing""]; Count=[""0"", ""6"", ""8360""]; Cumulative=[""0"", ""6"", ""8366""]; Skip.to.Item=[""NA"", ""NA"", ""NA""]"
"OHXDEN_J","OHX24RTC","OHX24RTC","Coronal Caries: Second restoration #24","Coronal Caries: Second restoration present - Lower left central incisor (CI)","Both males and females 1 YEARS - 150 YEARS",NA,"Code.or.Value=[""A"", ""F"", ""< blank >""]; Value.Description=[""Primary tooth with secondary dental restoration present"", ""Permanent tooth with secondary dental restoration present"", ""Missing""]; Count=[""0"", ""1"", ""8365""]; Cumulative=[""0"", ""1"", ""8366""]; Skip.to.Item=[""NA"", ""NA"", ""NA""]"
"OHXDEN_J","OHX25RTC","OHX25RTC","Coronal Caries: Second restoration #25","Coronal Caries: Second restoration present - Lower right central incisor (CI)","Both males and females 1 YEARS - 150 YEARS",NA,"Code.or.Value=[""A"", ""F"", ""< blank >""]; Value.Description=[""Primary tooth with secondary dental restoration present"", ""Permanent tooth with secondary dental restoration present"", ""Missing""]; Count=[""0"", ""3"", ""8363""]; Cumulative=[""0"", ""3"", ""8366""]; Skip.to.Item=[""NA"", ""NA"", ""NA""]"
"OHXDEN_J","OHX26RTC","OHX26RTC","Coronal Caries: Second restoration #26","Coronal Caries: Second restoration present - Lower right lateral incisor (LI)","Both males and females 1 YEARS - 150 YEARS",NA,"Code.or.Value=[""A"", ""F"", ""< blank >""]; Value.Description=[""Primary tooth with secondary dental restoration present"", ""Permanent tooth with secondary dental restoration present"", ""Missing""]; Count=[""0"", ""0"", ""8366""]; Cumulative=[""0"", ""0"", ""8366""]; Skip.to.Item=[""NA"", ""NA"", ""NA""]"
"OHXDEN_J","OHX27RTC","OHX27RTC","Coronal Caries: Second restoration #27","Coronal Caries: Second restoration present - Lower right cuspid (C)","Both males and females 1 YEARS - 150 YEARS",NA,"Code.or.Value=[""A"", ""F"", ""< blank >""]; Value.Description=[""Primary tooth with secondary dental restoration present"", ""Permanent tooth with secondary dental restoration present"", ""Missing""]; Count=[""0"", ""3"", ""8363""]; Cumulative=[""0"", ""3"", ""8366""]; Skip.to.Item=[""NA"", ""NA"", ""NA""]"
"OHXDEN_J","OHX28RTC","OHX28RTC","Coronal Caries: Second restoration #28","Coronal Caries: Second restoration present - Lower right1st bicuspid/2nd primary molar (1B)","Both males and females 1 YEARS - 150 YEARS",NA,"Code.or.Value=[""A"", ""F"", ""< blank >""]; Value.Description=[""Primary tooth with secondary dental restoration present"", ""Permanent tooth with secondary dental restoration present"", ""Missing""]; Count=[""3"", ""10"", ""8353""]; Cumulative=[""3"", ""13"", ""8366""]; Skip.to.Item=[""NA"", ""NA"", ""NA""]"
"OHXDEN_J","OHX29RTC","OHX29RTC","Coronal Caries: Second restoration #29","Coronal Caries: Second restoration present - Lower right 2nd bicuspid/2nd primary molar (2B)","Both males and females 1 YEARS - 150 YEARS",NA,"Code.or.Value=[""A"", ""F"", ""< blank >""]; Value.Description=[""Primary tooth with secondary dental restoration present"", ""Permanent tooth with secondary dental restoration present"", ""Missing""]; Count=[""2"", ""22"", ""8342""]; Cumulative=[""2"", ""24"", ""8366""]; Skip.to.Item=[""NA"", ""NA"", ""NA""]"
"OHXDEN_J","OHX30RTC","OHX30RTC","Coronal Caries: Second restoration #30","Coronal Caries: Second restoration present - Lower right 1st molar (1M)","Both males and females 1 YEARS - 150 YEARS",NA,"Code.or.Value=[""A"", ""F"", ""< blank >""]; Value.Description=[""Primary tooth with secondary dental restoration present"", ""Permanent tooth with secondary dental restoration present"", ""Missing""]; Count=[""0"", ""31"", ""8335""]; Cumulative=[""0"", ""31"", ""8366""]; Skip.to.Item=[""NA"", ""NA"", ""NA""]"
"OHXDEN_J","OHX31RTC","OHX31RTC","Coronal Caries: Second restoration #31","Coronal Caries: Second restoration present - Lower right 2nd molar (2M)","Both males and females 1 YEARS - 150 YEARS",NA,"Code.or.Value=[""A"", ""F"", ""< blank >""]; Value.Description=[""Primary tooth with secondary dental restoration present"", ""Permanent tooth with secondary dental restoration present"", ""Missing""]; Count=[""0"", ""34"", ""8332""]; Cumulative=[""0"", ""34"", ""8366""]; Skip.to.Item=[""NA"", ""NA"", ""NA""]"
"OHXDEN_J","OHX02RSC","OHX02RSC","Coronal Caries: 2nd restoration code #2","Coronal Caries: Secondary restoration surface call - Upper right 2nd molar (2M). These values can be recorded as a string variable for example:0 13 468.","Both males and females 1 YEARS - 150 YEARS",NA,"Code.or.Value=[""Coronal Caries: 2nd restoration code #2"", ""0"", ""1"", ""2"", ""3"", ""4"", ""5"", ""6"", ""7"", ""8"", ""9"", ""-1"", ""< blank >""]; Value.Description=[""Value was recorded"", ""lingual AMALGAM restoration"", ""occlusal AMALGAM restoration"", ""facial AMALGAM restoration"", ""mesial AMALGAM restoration"", ""distal AMALGAM restoration"", ""lingual OTHER restoration"", ""occlusal OTHER restoration"", ""facial OTHER restoration"", ""mesial OTHER restoration"", ""distal OTHER restoration"", ""Crown (non-specific full-coverage restoration)"", ""Missing""]; Count=[""8"", ""1"", ""4"", ""1"", ""0"", ""1"", ""1"", ""1"", ""0"", ""0"", ""0"", ""0"", ""8349""]; Cumulative=[""8"", ""9"", ""13"", ""14"", ""14"", ""15"", ""16"", ""17"", ""17"", ""17"", ""17"", ""17"", ""8366""]; Skip.to.Item=[""NA"", ""NA"", ""NA"", ""NA"", ""NA"", ""NA"", ""NA"", ""NA"", ""NA"", ""NA"", ""NA"", ""NA"", ""NA""]"
"OHXDEN_J","OHX03RSC","OHX03RSC","Coronal Caries: 2nd restoration code #3","Coronal Caries: Secondary restoration surface call - Upper right 1st molar (1M). These values can be recorded as a string variable for example:0 13 468.","Both males and females 1 YEARS - 150 YEARS",NA,"Code.or.Value=[""Coronal Caries: 2nd restoration code #3"", ""0"", ""1"", ""2"", ""3"", ""4"", ""5"", ""6"", ""7"", ""8"", ""9"", ""-1"", ""< blank >""]; Value.Description=[""Value was recorded"", ""lingual AMALGAM restoration"", ""occlusal AMALGAM restoration"", ""facial AMALGAM restoration"", ""mesial AMALGAM restoration"", ""distal AMALGAM restoration"", ""lingual OTHER restoration"", ""occlusal OTHER restoration"", ""facial OTHER restoration"", ""mesial OTHER restoration"", ""distal OTHER restoration"", ""Crown (non-specific full-coverage restoration)"", ""Missing""]; Count=[""12"", ""4"", ""5"", ""0"", ""1"", ""1"", ""1"", ""2"", ""0"", ""0"", ""1"", ""0"", ""8339""]; Cumulative=[""12"", ""16"", ""21"", ""21"", ""22"", ""23"", ""24"", ""26"", ""26"", ""26"", ""27"", ""27"", ""8366""]; Skip.to.Item=[""NA"", ""NA"", ""NA"", ""NA"", ""NA"", ""NA"", ""NA"", ""NA"", ""NA"", ""NA"", ""NA"", ""NA"", ""NA""]"
"OHXDEN_J","OHX04RSC","OHX04RSC","Coronal Caries: 2nd restoration code #4","Coronal Caries: Secondary restoration surface call - Upper right 2nd bicuspid/2nd primary molar (2B). These values can be recorded as a string variable for example:0 13 468.","Both males and females 1 YEARS - 150 YEARS",NA,"Code.or.Value=[""Coronal Caries: 2nd restoration code #4"", ""0"", ""1"", ""2"", ""3"", ""4"", ""5"", ""6"", ""7"", ""8"", ""9"", ""-1"", ""< blank >""]; Value.Description=[""Value was recorded"", ""lingual AMALGAM restoration"", ""occlusal AMALGAM restoration"", ""facial AMALGAM restoration"", ""mesial AMALGAM restoration"", ""distal AMALGAM restoration"", ""lingual OTHER restoration"", ""occlusal OTHER restoration"", ""facial OTHER restoration"", ""mesial OTHER restoration"", ""distal OTHER restoration"", ""Crown (non-specific full-coverage restoration)"", ""Missing""]; Count=[""7"", ""2"", ""3"", ""0"", ""1"", ""1"", ""0"", ""5"", ""0"", ""0"", ""0"", ""1"", ""8346""]; Cumulative=[""7"", ""9"", ""12"", ""12"", ""13"", ""14"", ""14"", ""19"", ""19"", ""19"", ""19"", ""20"", ""8366""]; Skip.to.Item=[""NA"", ""NA"", ""NA"", ""NA"", ""NA"", ""NA"", ""NA"", ""NA"", ""NA"", ""NA"", ""NA"", ""NA"", ""NA""]"
"OHXDEN_J","OHX05RSC","OHX05RSC","Coronal Caries: 2nd restoration code #5","Coronal Caries: Secondary restoration surface call - Upper right 1st bicuspid/1st primary molar (1B). These values can be recorded as a string variable for example:0 13 468.","Both males and females 1 YEARS - 150 YEARS",NA,"Code.or.Value=[""Coronal Caries: 2nd restoration code #5"", ""0"", ""1"", ""2"", ""3"", ""4"", ""5"", ""6"", ""7"", ""8"", ""9"", ""-1"", ""< blank >""]; Value.Description=[""Value was recorded"", ""lingual AMALGAM restoration"", ""occlusal AMALGAM restoration"", ""facial AMALGAM restoration"", ""mesial AMALGAM restoration"", ""distal AMALGAM restoration"", ""lingual OTHER restoration"", ""occlusal OTHER restoration"", ""facial OTHER restoration"", ""mesial OTHER restoration"", ""distal OTHER restoration"", ""Crown (non-specific full-coverage restoration)"", ""Missing""]; Count=[""3"", ""0"", ""4"", ""1"", ""0"", ""0"", ""0"", ""5"", ""0"", ""0"", ""0"", ""0"", ""8353""]; Cumulative=[""3"", ""3"", ""7"", ""8"", ""8"", ""8"", ""8"", ""13"", ""13"", ""13"", ""13"", ""13"", ""8366""]; Skip.to.Item=[""NA"", ""NA"", ""NA"", ""NA"", ""NA"", ""NA"", ""NA"", ""NA"", ""NA"", ""NA"", ""NA"", ""NA"", ""NA""]"
"OHXDEN_J","OHX06RSC","OHX06RSC","Coronal Caries: 2nd restoration code #6","Coronal Caries: Secondary restoration surface call - Upper right cuspid (C). These values can be recorded as a string variable for example:0 13 468.","Both males and females 1 YEARS - 150 YEARS",NA,"Code.or.Value=[""0"", ""1"", ""2"", ""3"", ""4"", ""5"", ""6"", ""7"", ""8"", ""9"", ""-1"", ""< blank >""]; Value.Description=[""lingual AMALGAM restoration"", ""occlusal AMALGAM restoration"", ""facial AMALGAM restoration"", ""mesial AMALGAM restoration"", ""distal AMALGAM restoration"", ""lingual OTHER restoration"", ""occlusal OTHER restoration"", ""facial OTHER restoration"", ""mesial OTHER restoration"", ""distal OTHER restoration"", ""Crown (non-specific full-coverage restoration)"", ""Missing""]; Count=[""0"", ""0"", ""0"", ""0"", ""1"", ""0"", ""0"", ""1"", ""1"", ""1"", ""1"", ""8361""]; Cumulative=[""0"", ""0"", ""0"", ""0"", ""1"", ""1"", ""1"", ""2"", ""3"", ""4"", ""5"", ""8366""]; Skip.to.Item=[""NA"", ""NA"", ""NA"", ""NA"", ""NA"", ""NA"", ""NA"", ""NA"", ""NA"", ""NA"", ""NA"", ""NA""]"
"OHXDEN_J","OHX07RSC","OHX07RSC","Coronal Caries: 2nd restoration code #7","Coronal Caries: Secondary restoration surface call - Upper right lateral incisor (LI). These values can be recorded as a string variable for example:0 13 468.","Both males and females 1 YEARS - 150 YEARS",NA,"Code.or.Value=[""Coronal Caries: 2nd restoration code #7"", ""0"", ""1"", ""2"", ""3"", ""4"", ""5"", ""6"", ""7"", ""8"", ""9"", ""-1"", ""< blank >""]; Value.Description=[""Value was recorded"", ""lingual AMALGAM restoration"", ""occlusal AMALGAM restoration"", ""facial AMALGAM restoration"", ""mesial AMALGAM restoration"", ""distal AMALGAM restoration"", ""lingual OTHER restoration"", ""occlusal OTHER restoration"", ""facial OTHER restoration"", ""mesial OTHER restoration"", ""distal OTHER restoration"", ""Crown (non-specific full-coverage restoration)"", ""Missing""]; Count=[""2"", ""0"", ""0"", ""1"", ""0"", ""0"", ""0"", ""0"", ""2"", ""4"", ""2"", ""0"", ""8355""]; Cumulative=[""2"", ""2"", ""2"", ""3"", ""3"", ""3"", ""3"", ""3"", ""5"", ""9"", ""11"", ""11"", ""8366""]; Skip.to.Item=[""NA"", ""NA"", ""NA"", ""NA"", ""NA"", ""NA"", ""NA"", ""NA"", ""NA"", ""NA"", ""NA"", ""NA"", ""NA""]"
"OHXDEN_J","OHX08RSC","OHX08RSC","Coronal Caries: 2nd restoration code #8","Coronal Caries: Secondary restoration surface call - Upper right central incisor (CI). These values can be recorded as a string variable for example:0 13 468.","Both males and females 1 YEARS - 150 YEARS",NA,"Code.or.Value=[""Coronal Caries: 2nd restoration code #8"", ""0"", ""1"", ""2"", ""3"", ""4"", ""5"", ""6"", ""7"", ""8"", ""9"", ""-1"", ""< blank >""]; Value.Description=[""Value was recorded"", ""lingual AMALGAM restoration"", ""occlusal AMALGAM restoration"", ""facial AMALGAM restoration"", ""mesial AMALGAM restoration"", ""distal AMALGAM restoration"", ""lingual OTHER restoration"", ""occlusal OTHER restoration"", ""facial OTHER restoration"", ""mesial OTHER restoration"", ""distal OTHER restoration"", ""Crown (non-specific full-coverage restoration)"", ""Missing""]; Count=[""4"", ""0"", ""0"", ""0"", ""0"", ""0"", ""0"", ""0"", ""3"", ""4"", ""1"", ""0"", ""8354""]; Cumulative=[""4"", ""4"", ""4"", ""4"", ""4"", ""4"", ""4"", ""4"", ""7"", ""11"", ""12"", ""12"", ""8366""]; Skip.to.Item=[""NA"", ""NA"", ""NA"", ""NA"", ""NA"", ""NA"", ""NA"", ""NA"", ""NA"", ""NA"", ""NA"", ""NA"", ""NA""]"
"OHXDEN_J","OHX09RSC","OHX09RSC","Coronal Caries: 2nd restoration code #9","Coronal Caries: Secondary restoration surface call - Upper left central incisor (CI). These values can be recorded as a string variable for example:0 13 468.","Both males and females 1 YEARS - 150 YEARS",NA,"Code.or.Value=[""Coronal Caries: 2nd restoration code #9"", ""0"", ""1"", ""2"", ""3"", ""4"", ""5"", ""6"", ""7"", ""8"", ""9"", ""-1"", ""< blank >""]; Value.Description=[""Value was recorded"", ""lingual AMALGAM restoration"", ""occlusal AMALGAM restoration"", ""facial AMALGAM restoration"", ""mesial AMALGAM restoration"", ""distal AMALGAM restoration"", ""lingual OTHER restoration"", ""occlusal OTHER restoration"", ""facial OTHER restoration"", ""mesial OTHER restoration"", ""distal OTHER restoration"", ""Crown (non-specific full-coverage restoration)"", ""Missing""]; Count=[""5"", ""1"", ""0"", ""0"", ""1"", ""0"", ""0"", ""0"", ""0"", ""4"", ""2"", ""0"", ""8353""]; Cumulative=[""5"", ""6"", ""6"", ""6"", ""7"", ""7"", ""7"", ""7"", ""7"", ""11"", ""13"", ""13"", ""8366""]; Skip.to.Item=[""NA"", ""NA"", ""NA"", ""NA"", ""NA"", ""NA"", ""NA"", ""NA"", ""NA"", ""NA"", ""NA"", ""NA"", ""NA""]"
"OHXDEN_J","OHX10RSC","OHX10RSC","Coronal Caries: 2nd restoration code #10","Coronal Caries: Secondary restoration surface call - Upper left lateral incisor (LI). These values can be recorded as a string variable for example:0 13 468.","Both males and females 1 YEARS - 150 YEARS",NA,"Code.or.Value=[""Coronal Caries: 2nd restoration code #10"", ""0"", ""1"", ""2"", ""3"", ""4"", ""5"", ""6"", ""7"", ""8"", ""9"", ""-1"", ""< blank >""]; Value.Description=[""Value was recorded"", ""lingual AMALGAM restoration"", ""occlusal AMALGAM restoration"", ""facial AMALGAM restoration"", ""mesial AMALGAM restoration"", ""distal AMALGAM restoration"", ""lingual OTHER restoration"", ""occlusal OTHER restoration"", ""facial OTHER restoration"", ""mesial OTHER restoration"", ""distal OTHER restoration"", ""Crown (non-specific full-coverage restoration)"", ""Missing""]; Count=[""1"", ""0"", ""0"", ""0"", ""0"", ""0"", ""0"", ""0"", ""0"", ""4"", ""3"", ""0"", ""8358""]; Cumulative=[""1"", ""1"", ""1"", ""1"", ""1"", ""1"", ""1"", ""1"", ""1"", ""5"", ""8"", ""8"", ""8366""]; Skip.to.Item=[""NA"", ""NA"", ""NA"", ""NA"", ""NA"", ""NA"", ""NA"", ""NA"", ""NA"", ""NA"", ""NA"", ""NA"", ""NA""]"
"OHXDEN_J","OHX11RSC","OHX11RSC","Coronal Caries: 2nd restoration code #11","Coronal Caries: Secondary restoration surface call - Upper left cuspid (C). These values can be recorded as a string variable for example:0 13 468.","Both males and females 1 YEARS - 150 YEARS",NA,"Code.or.Value=[""Coronal Caries: 2nd restoration code #11"", ""0"", ""1"", ""2"", ""3"", ""4"", ""5"", ""6"", ""7"", ""8"", ""9"", ""-1"", ""< blank >""]; Value.Description=[""Value was recorded"", ""lingual AMALGAM restoration"", ""occlusal AMALGAM restoration"", ""facial AMALGAM restoration"", ""mesial AMALGAM restoration"", ""distal AMALGAM restoration"", ""lingual OTHER restoration"", ""occlusal OTHER restoration"", ""facial OTHER restoration"", ""mesial OTHER restoration"", ""distal OTHER restoration"", ""Crown (non-specific full-coverage restoration)"", ""Missing""]; Count=[""5"", ""0"", ""0"", ""1"", ""0"", ""0"", ""0"", ""0"", ""1"", ""2"", ""0"", ""0"", ""8357""]; Cumulative=[""5"", ""5"", ""5"", ""6"", ""6"", ""6"", ""6"", ""6"", ""7"", ""9"", ""9"", ""9"", ""8366""]; Skip.to.Item=[""NA"", ""NA"", ""NA"", ""NA"", ""NA"", ""NA"", ""NA"", ""NA"", ""NA"", ""NA"", ""NA"", ""NA"", ""NA""]"
"OHXDEN_J","OHX12RSC","OHX12RSC","Coronal Caries: 2nd restoration code #12","Coronal Caries: Secondary restoration surface call - Upper left 1st bicuspid/1st primary molar (1B). These values can be recorded as a string variable for example:0 13 468.","Both males and females 1 YEARS - 150 YEARS",NA,"Code.or.Value=[""9"", ""-1"", ""< blank >"", ""Coronal Caries: 2nd restoration code #12"", ""0"", ""1"", ""2"", ""3"", ""4"", ""5"", ""6"", ""7"", ""8""]; Value.Description=[""distal OTHER restoration"", ""Crown (non-specific full-coverage restoration)"", ""Missing"", ""Value was recorded"", ""lingual AMALGAM restoration"", ""occlusal AMALGAM restoration"", ""facial AMALGAM restoration"", ""mesial AMALGAM restoration"", ""distal AMALGAM restoration"", ""lingual OTHER restoration"", ""occlusal OTHER restoration"", ""facial OTHER restoration"", ""mesial OTHER restoration""]; Count=[""0"", ""0"", ""8350"", ""7"", ""0"", ""2"", ""0"", ""0"", ""1"", ""0"", ""4"", ""2"", ""0""]; Cumulative=[""16"", ""16"", ""8366"", ""7"", ""7"", ""9"", ""9"", ""9"", ""10"", ""10"", ""14"", ""16"", ""16""]; Skip.to.Item=[""NA"", ""NA"", ""NA"", ""NA"", ""NA"", ""NA"", ""NA"", ""NA"", ""NA"", ""NA"", ""NA"", ""NA"", ""NA""]"
"OHXDEN_J","OHX13RSC","OHX13RSC","Coronal Caries: 2nd restoration code #13","Coronal Caries: Secondary restoration surface call - Upper left 2nd bicuspid/1st primary molar (2B). These values can be recorded as a string variable for example:0 13 468.","Both males and females 1 YEARS - 150 YEARS",NA,"Code.or.Value=[""Coronal Caries: 2nd restoration code #13"", ""0"", ""1"", ""2"", ""3"", ""4"", ""5"", ""6"", ""7"", ""8"", ""9"", ""-1"", ""< blank >""]; Value.Description=[""Value was recorded"", ""lingual AMALGAM restoration"", ""occlusal AMALGAM restoration"", ""facial AMALGAM restoration"", ""mesial AMALGAM restoration"", ""distal AMALGAM restoration"", ""lingual OTHER restoration"", ""occlusal OTHER restoration"", ""facial OTHER restoration"", ""mesial OTHER restoration"", ""distal OTHER restoration"", ""Crown (non-specific full-coverage restoration)"", ""Missing""]; Count=[""4"", ""2"", ""4"", ""0"", ""0"", ""1"", ""0"", ""2"", ""0"", ""2"", ""0"", ""0"", ""8351""]; Cumulative=[""4"", ""6"", ""10"", ""10"", ""10"", ""11"", ""11"", ""13"", ""13"", ""15"", ""15"", ""15"", ""8366""]; Skip.to.Item=[""NA"", ""NA"", ""NA"", ""NA"", ""NA"", ""NA"", ""NA"", ""NA"", ""NA"", ""NA"", ""NA"", ""NA"", ""NA""]"
"OHXDEN_J","OHX14RSC","OHX14RSC","Coronal Caries: 2nd restoration code #14","Coronal Caries: Secondary restoration surface call - Upper left 1st molar (1M). These values can be recorded as a string variable for example:0 13 468.","Both males and females 1 YEARS - 150 YEARS",NA,"Code.or.Value=[""Coronal Caries: 2nd restoration code #14"", ""0"", ""1"", ""2"", ""3"", ""4"", ""5"", ""6"", ""7"", ""8"", ""9"", ""-1"", ""< blank >""]; Value.Description=[""Value was recorded"", ""lingual AMALGAM restoration"", ""occlusal AMALGAM restoration"", ""facial AMALGAM restoration"", ""mesial AMALGAM restoration"", ""distal AMALGAM restoration"", ""lingual OTHER restoration"", ""occlusal OTHER restoration"", ""facial OTHER restoration"", ""mesial OTHER restoration"", ""distal OTHER restoration"", ""Crown (non-specific full-coverage restoration)"", ""Missing""]; Count=[""13"", ""3"", ""3"", ""0"", ""0"", ""1"", ""0"", ""1"", ""0"", ""0"", ""1"", ""0"", ""8344""]; Cumulative=[""13"", ""16"", ""19"", ""19"", ""19"", ""20"", ""20"", ""21"", ""21"", ""21"", ""22"", ""22"", ""8366""]; Skip.to.Item=[""NA"", ""NA"", ""NA"", ""NA"", ""NA"", ""NA"", ""NA"", ""NA"", ""NA"", ""NA"", ""NA"", ""NA"", ""NA""]"
"OHXDEN_J","OHX15RSC","OHX15RSC","Coronal Caries: 2nd restoration code #15","Coronal Caries: Secondary restoration surface call - Upper left 2nd molar (2M). These values can be recorded as a string variable for example:0 13 468.","Both males and females 1 YEARS - 150 YEARS",NA,"Code.or.Value=[""Coronal Caries: 2nd restoration code #15"", ""0"", ""1"", ""2"", ""3"", ""4"", ""5"", ""6"", ""7"", ""8"", ""9"", ""-1"", ""< blank >""]; Value.Description=[""Value was recorded"", ""lingual AMALGAM restoration"", ""occlusal AMALGAM restoration"", ""facial AMALGAM restoration"", ""mesial AMALGAM restoration"", ""distal AMALGAM restoration"", ""lingual OTHER restoration"", ""occlusal OTHER restoration"", ""facial OTHER restoration"", ""mesial OTHER restoration"", ""distal OTHER restoration"", ""Crown (non-specific full-coverage restoration)"", ""Missing""]; Count=[""3"", ""1"", ""7"", ""1"", ""0"", ""0"", ""0"", ""2"", ""0"", ""0"", ""1"", ""0"", ""8351""]; Cumulative=[""3"", ""4"", ""11"", ""12"", ""12"", ""12"", ""12"", ""14"", ""14"", ""14"", ""15"", ""15"", ""8366""]; Skip.to.Item=[""NA"", ""NA"", ""NA"", ""NA"", ""NA"", ""NA"", ""NA"", ""NA"", ""NA"", ""NA"", ""NA"", ""NA"", ""NA""]"
"OHXDEN_J","OHX18RSC","OHX18RSC","Coronal Caries: 2nd restoration code #18","Coronal Caries: Secondary restoration surface call - Lower left 2nd molar (2M). These values can be recorded as a string variable for example:0 13 468.","Both males and females 1 YEARS - 150 YEARS",NA,"Code.or.Value=[""Coronal Caries: 2nd restoration code #18"", ""0"", ""1"", ""2"", ""3"", ""4"", ""5"", ""6"", ""7"", ""8"", ""9"", ""-1"", ""< blank >""]; Value.Description=[""Value was recorded"", ""lingual AMALGAM restoration"", ""occlusal AMALGAM restoration"", ""facial AMALGAM restoration"", ""mesial AMALGAM restoration"", ""distal AMALGAM restoration"", ""lingual OTHER restoration"", ""occlusal OTHER restoration"", ""facial OTHER restoration"", ""mesial OTHER restoration"", ""distal OTHER restoration"", ""Crown (non-specific full-coverage restoration)"", ""Missing""]; Count=[""9"", ""0"", ""6"", ""3"", ""2"", ""1"", ""0"", ""2"", ""3"", ""0"", ""0"", ""0"", ""8340""]; Cumulative=[""9"", ""9"", ""15"", ""18"", ""20"", ""21"", ""21"", ""23"", ""26"", ""26"", ""26"", ""26"", ""8366""]; Skip.to.Item=[""NA"", ""NA"", ""NA"", ""NA"", ""NA"", ""NA"", ""NA"", ""NA"", ""NA"", ""NA"", ""NA"", ""NA"", ""NA""]"
"OHXDEN_J","OHX19RSC","OHX19RSC","Coronal Caries: 2nd restoration code #19","Coronal Caries: Secondary restoration surface call - Lower left 1st molar (1M). These values can be recorded as a string variable for example:0 13 468.","Both males and females 1 YEARS - 150 YEARS",NA,"Code.or.Value=[""Coronal Caries: 2nd restoration code #19"", ""0"", ""1"", ""2"", ""3"", ""4"", ""5"", ""6"", ""7"", ""8"", ""9"", ""-1"", ""< blank >""]; Value.Description=[""Value was recorded"", ""lingual AMALGAM restoration"", ""occlusal AMALGAM restoration"", ""facial AMALGAM restoration"", ""mesial AMALGAM restoration"", ""distal AMALGAM restoration"", ""lingual OTHER restoration"", ""occlusal OTHER restoration"", ""facial OTHER restoration"", ""mesial OTHER restoration"", ""distal OTHER restoration"", ""Crown (non-specific full-coverage restoration)"", ""Missing""]; Count=[""12"", ""0"", ""3"", ""5"", ""0"", ""1"", ""0"", ""1"", ""2"", ""0"", ""0"", ""0"", ""8342""]; Cumulative=[""12"", ""12"", ""15"", ""20"", ""20"", ""21"", ""21"", ""22"", ""24"", ""24"", ""24"", ""24"", ""8366""]; Skip.to.Item=[""NA"", ""NA"", ""NA"", ""NA"", ""NA"", ""NA"", ""NA"", ""NA"", ""NA"", ""NA"", ""NA"", ""NA"", ""NA""]"
"OHXDEN_J","OHX20RSC","OHX20RSC","Coronal Caries: 2nd restoration code #20","Coronal Caries: Secondary restoration surface call - Lower left 2nd bicuspid/2nd primary molar (2B). These values can be recorded as a string variable for example:0 13 468.","Both males and females 1 YEARS - 150 YEARS",NA,"Code.or.Value=[""Coronal Caries: 2nd restoration code #20"", ""0"", ""1"", ""2"", ""3"", ""4"", ""5"", ""6"", ""7"", ""8"", ""9"", ""-1"", ""< blank >""]; Value.Description=[""Value was recorded"", ""lingual AMALGAM restoration"", ""occlusal AMALGAM restoration"", ""facial AMALGAM restoration"", ""mesial AMALGAM restoration"", ""distal AMALGAM restoration"", ""lingual OTHER restoration"", ""occlusal OTHER restoration"", ""facial OTHER restoration"", ""mesial OTHER restoration"", ""distal OTHER restoration"", ""Crown (non-specific full-coverage restoration)"", ""Missing""]; Count=[""8"", ""0"", ""3"", ""0"", ""2"", ""0"", ""0"", ""2"", ""2"", ""0"", ""0"", ""0"", ""8349""]; Cumulative=[""8"", ""8"", ""11"", ""11"", ""13"", ""13"", ""13"", ""15"", ""17"", ""17"", ""17"", ""17"", ""8366""]; Skip.to.Item=[""NA"", ""NA"", ""NA"", ""NA"", ""NA"", ""NA"", ""NA"", ""NA"", ""NA"", ""NA"", ""NA"", ""NA"", ""NA""]"
"OHXDEN_J","OHX21RSC","OHX21RSC","Coronal Caries: 2nd restoration code #21","Coronal Caries: Secondary restoration surface call - Lower left 1st bicuspid/2nd primary molar (1B). These values can be recorded as a string variable for example:0 13 468.","Both males and females 1 YEARS - 150 YEARS",NA,"Code.or.Value=[""Coronal Caries: 2nd restoration code #21"", ""0"", ""1"", ""2"", ""3"", ""4"", ""5"", ""6"", ""7"", ""8"", ""9"", ""-1"", ""< blank >""]; Value.Description=[""Value was recorded"", ""lingual AMALGAM restoration"", ""occlusal AMALGAM restoration"", ""facial AMALGAM restoration"", ""mesial AMALGAM restoration"", ""distal AMALGAM restoration"", ""lingual OTHER restoration"", ""occlusal OTHER restoration"", ""facial OTHER restoration"", ""mesial OTHER restoration"", ""distal OTHER restoration"", ""Crown (non-specific full-coverage restoration)"", ""Missing""]; Count=[""1"", ""0"", ""4"", ""0"", ""0"", ""1"", ""0"", ""1"", ""0"", ""0"", ""1"", ""0"", ""8358""]; Cumulative=[""1"", ""1"", ""5"", ""5"", ""5"", ""6"", ""6"", ""7"", ""7"", ""7"", ""8"", ""8"", ""8366""]; Skip.to.Item=[""NA"", ""NA"", ""NA"", ""NA"", ""NA"", ""NA"", ""NA"", ""NA"", ""NA"", ""NA"", ""NA"", ""NA"", ""NA""]"
"OHXDEN_J","OHX22RSC","OHX22RSC","Coronal Caries: 2nd restoration code #22","Coronal Caries: Secondary restoration surface call - Lower left cuspid (C). These values can be recorded as a string variable for example:0 13 468.","Both males and females 1 YEARS - 150 YEARS",NA,"Code.or.Value=[""0"", ""1"", ""2"", ""3"", ""4"", ""5"", ""6"", ""7"", ""8"", ""9"", ""-1"", ""< blank >""]; Value.Description=[""lingual AMALGAM restoration"", ""occlusal AMALGAM restoration"", ""facial AMALGAM restoration"", ""mesial AMALGAM restoration"", ""distal AMALGAM restoration"", ""lingual OTHER restoration"", ""occlusal OTHER restoration"", ""facial OTHER restoration"", ""mesial OTHER restoration"", ""distal OTHER restoration"", ""Crown (non-specific full-coverage restoration)"", ""Missing""]; Count=[""0"", ""0"", ""0"", ""0"", ""1"", ""0"", ""0"", ""1"", ""0"", ""0"", ""3"", ""8361""]; Cumulative=[""0"", ""0"", ""0"", ""0"", ""1"", ""1"", ""1"", ""2"", ""2"", ""2"", ""5"", ""8366""]; Skip.to.Item=[""NA"", ""NA"", ""NA"", ""NA"", ""NA"", ""NA"", ""NA"", ""NA"", ""NA"", ""NA"", ""NA"", ""NA""]"
"OHXDEN_J","OHX23RSC","OHX23RSC","Coronal Caries: 2nd restoration code #23","Coronal Caries: Secondary restoration surface call - Lower left lateral incisor (LI). These values can be recorded as a string variable for example:0 13 468.","Both males and females 1 YEARS - 150 YEARS",NA,"Code.or.Value=[""Coronal Caries: 2nd restoration code #23"", ""0"", ""1"", ""2"", ""3"", ""4"", ""5"", ""6"", ""7"", ""8"", ""9"", ""-1"", ""< blank >""]; Value.Description=[""Value was recorded"", ""lingual AMALGAM restoration"", ""occlusal AMALGAM restoration"", ""facial AMALGAM restoration"", ""mesial AMALGAM restoration"", ""distal AMALGAM restoration"", ""lingual OTHER restoration"", ""occlusal OTHER restoration"", ""facial OTHER restoration"", ""mesial OTHER restoration"", ""distal OTHER restoration"", ""Crown (non-specific full-coverage restoration)"", ""Missing""]; Count=[""2"", ""0"", ""0"", ""0"", ""0"", ""0"", ""0"", ""0"", ""1"", ""2"", ""0"", ""1"", ""8360""]; Cumulative=[""2"", ""2"", ""2"", ""2"", ""2"", ""2"", ""2"", ""2"", ""3"", ""5"", ""5"", ""6"", ""8366""]; Skip.to.Item=[""NA"", ""NA"", ""NA"", ""NA"", ""NA"", ""NA"", ""NA"", ""NA"", ""NA"", ""NA"", ""NA"", ""NA"", ""NA""]"
"OHXDEN_J","OHX24RSC","OHX24RSC","Coronal Caries: 2nd restoration code #24","Coronal Caries: Secondary restoration surface call - Lower left central incisor (CI). These values can be recorded as a string variable for example:0 13 468.","Both males and females 1 YEARS - 150 YEARS",NA,"Code.or.Value=[""0"", ""1"", ""2"", ""3"", ""4"", ""5"", ""6"", ""7"", ""8"", ""9"", ""-1"", ""< blank >""]; Value.Description=[""lingual AMALGAM restoration"", ""occlusal AMALGAM restoration"", ""facial AMALGAM restoration"", ""mesial AMALGAM restoration"", ""distal AMALGAM restoration"", ""lingual OTHER restoration"", ""occlusal OTHER restoration"", ""facial OTHER restoration"", ""mesial OTHER restoration"", ""distal OTHER restoration"", ""Crown (non-specific full-coverage restoration)"", ""Missing""]; Count=[""0"", ""0"", ""0"", ""0"", ""0"", ""0"", ""0"", ""0"", ""1"", ""0"", ""0"", ""8365""]; Cumulative=[""0"", ""0"", ""0"", ""0"", ""0"", ""0"", ""0"", ""0"", ""1"", ""1"", ""1"", ""8366""]; Skip.to.Item=[""NA"", ""NA"", ""NA"", ""NA"", ""NA"", ""NA"", ""NA"", ""NA"", ""NA"", ""NA"", ""NA"", ""NA""]"
"OHXDEN_J","OHX25RSC","OHX25RSC","Coronal Caries: 2nd restoration code #25","Coronal Caries: Secondary restoration surface call - Lower right central incisor (CI). These values can be recorded as a string variable for example:0 13 468.","Both males and females 1 YEARS - 150 YEARS",NA,"Code.or.Value=[""0"", ""1"", ""2"", ""3"", ""4"", ""5"", ""6"", ""7"", ""8"", ""9"", ""-1"", ""< blank >""]; Value.Description=[""lingual AMALGAM restoration"", ""occlusal AMALGAM restoration"", ""facial AMALGAM restoration"", ""mesial AMALGAM restoration"", ""distal AMALGAM restoration"", ""lingual OTHER restoration"", ""occlusal OTHER restoration"", ""facial OTHER restoration"", ""mesial OTHER restoration"", ""distal OTHER restoration"", ""Crown (non-specific full-coverage restoration)"", ""Missing""]; Count=[""0"", ""0"", ""0"", ""0"", ""1"", ""0"", ""0"", ""1"", ""1"", ""0"", ""0"", ""8363""]; Cumulative=[""0"", ""0"", ""0"", ""0"", ""1"", ""1"", ""1"", ""2"", ""3"", ""3"", ""3"", ""8366""]; Skip.to.Item=[""NA"", ""NA"", ""NA"", ""NA"", ""NA"", ""NA"", ""NA"", ""NA"", ""NA"", ""NA"", ""NA"", ""NA""]"
"OHXDEN_J","OHX26RSC","OHX26RSC","Coronal Caries: 2nd restoration code #26","Coronal Caries: Secondary restoration surface call - Lower right lateral incisor (LI). These values can be recorded as a string variable for example:0 13 468.","Both males and females 1 YEARS - 150 YEARS",NA,"Code.or.Value=[""0"", ""1"", ""2"", ""3"", ""4"", ""5"", ""6"", ""7"", ""8"", ""9"", ""-1"", ""< blank >""]; Value.Description=[""lingual AMALGAM restoration"", ""occlusal AMALGAM restoration"", ""facial AMALGAM restoration"", ""mesial AMALGAM restoration"", ""distal AMALGAM restoration"", ""lingual OTHER restoration"", ""occlusal OTHER restoration"", ""facial OTHER restoration"", ""mesial OTHER restoration"", ""distal OTHER restoration"", ""Crown (non-specific full-coverage restoration)"", ""Missing""]; Count=[""0"", ""0"", ""0"", ""0"", ""0"", ""0"", ""0"", ""0"", ""0"", ""0"", ""0"", ""8366""]; Cumulative=[""0"", ""0"", ""0"", ""0"", ""0"", ""0"", ""0"", ""0"", ""0"", ""0"", ""0"", ""8366""]; Skip.to.Item=[""NA"", ""NA"", ""NA"", ""NA"", ""NA"", ""NA"", ""NA"", ""NA"", ""NA"", ""NA"", ""NA"", ""NA""]"
"OHXDEN_J","OHX27RSC","OHX27RSC","Coronal Caries: 2nd restoration code #27","Coronal Caries: Secondary restoration surface call - Lower right cuspid (C). These values can be recorded as a string variable for example:0 13 468.","Both males and females 1 YEARS - 150 YEARS",NA,"Code.or.Value=[""0"", ""1"", ""2"", ""3"", ""4"", ""5"", ""6"", ""7"", ""8"", ""9"", ""-1"", ""< blank >""]; Value.Description=[""lingual AMALGAM restoration"", ""occlusal AMALGAM restoration"", ""facial AMALGAM restoration"", ""mesial AMALGAM restoration"", ""distal AMALGAM restoration"", ""lingual OTHER restoration"", ""occlusal OTHER restoration"", ""facial OTHER restoration"", ""mesial OTHER restoration"", ""distal OTHER restoration"", ""Crown (non-specific full-coverage restoration)"", ""Missing""]; Count=[""0"", ""0"", ""0"", ""0"", ""0"", ""0"", ""0"", ""1"", ""0"", ""1"", ""1"", ""8363""]; Cumulative=[""0"", ""0"", ""0"", ""0"", ""0"", ""0"", ""0"", ""1"", ""1"", ""2"", ""3"", ""8366""]; Skip.to.Item=[""NA"", ""NA"", ""NA"", ""NA"", ""NA"", ""NA"", ""NA"", ""NA"", ""NA"", ""NA"", ""NA"", ""NA""]"
"OHXDEN_J","OHX28RSC","OHX28RSC","Coronal Caries: 2nd restoration code #28","Coronal Caries: Secondary restoration surface call - Lower right 1st bicuspid/2nd primary molar (1B). These values can be recorded as a string variable for example:0 13 468.","Both males and females 1 YEARS - 150 YEARS",NA,"Code.or.Value=[""Coronal Caries: 2nd restoration code #28"", ""0"", ""1"", ""2"", ""3"", ""4"", ""5"", ""6"", ""7"", ""8"", ""9"", ""-1"", ""< blank >""]; Value.Description=[""Value was recorded"", ""lingual AMALGAM restoration"", ""occlusal AMALGAM restoration"", ""facial AMALGAM restoration"", ""mesial AMALGAM restoration"", ""distal AMALGAM restoration"", ""lingual OTHER restoration"", ""occlusal OTHER restoration"", ""facial OTHER restoration"", ""mesial OTHER restoration"", ""distal OTHER restoration"", ""Crown (non-specific full-coverage restoration)"", ""Missing""]; Count=[""2"", ""0"", ""4"", ""0"", ""0"", ""0"", ""0"", ""4"", ""1"", ""0"", ""0"", ""2"", ""8353""]; Cumulative=[""2"", ""2"", ""6"", ""6"", ""6"", ""6"", ""6"", ""10"", ""11"", ""11"", ""11"", ""13"", ""8366""]; Skip.to.Item=[""NA"", ""NA"", ""NA"", ""NA"", ""NA"", ""NA"", ""NA"", ""NA"", ""NA"", ""NA"", ""NA"", ""NA"", ""NA""]"
"OHXDEN_J","OHX29RSC","OHX29RSC","Coronal Caries: 2nd restoration code #29","Coronal Caries: Secondary restoration surface call - Lower right 2nd bicuspid/2nd primary molar (2B). These values can be recorded as a string variable for example:0 13 468.","Both males and females 1 YEARS - 150 YEARS",NA,"Code.or.Value=[""4"", ""5"", ""6"", ""7"", ""8"", ""9"", ""-1"", ""< blank >"", ""Coronal Caries: 2nd restoration code #29"", ""0"", ""1"", ""2"", ""3""]; Value.Description=[""distal AMALGAM restoration"", ""lingual OTHER restoration"", ""occlusal OTHER restoration"", ""facial OTHER restoration"", ""mesial OTHER restoration"", ""distal OTHER restoration"", ""Crown (non-specific full-coverage restoration)"", ""Missing"", ""Value was recorded"", ""lingual AMALGAM restoration"", ""occlusal AMALGAM restoration"", ""facial AMALGAM restoration"", ""mesial AMALGAM restoration""]; Count=[""0"", ""0"", ""6"", ""0"", ""0"", ""0"", ""1"", ""8342"", ""8"", ""0"", ""8"", ""0"", ""1""]; Cumulative=[""17"", ""17"", ""23"", ""23"", ""23"", ""23"", ""24"", ""8366"", ""8"", ""8"", ""16"", ""16"", ""17""]; Skip.to.Item=[""NA"", ""NA"", ""NA"", ""NA"", ""NA"", ""NA"", ""NA"", ""NA"", ""NA"", ""NA"", ""NA"", ""NA"", ""NA""]"
"OHXDEN_J","OHX30RSC","OHX30RSC","Coronal Caries: 2nd restoration code #30","Coronal Caries: Secondary restoration surface call - Lower right 1st molar (1M). These values can be recorded as a string variable for example:0 13 468.","Both males and females 1 YEARS - 150 YEARS",NA,"Code.or.Value=[""Coronal Caries: 2nd restoration code #30"", ""0"", ""1"", ""2"", ""3"", ""4"", ""5"", ""6"", ""7"", ""8"", ""9"", ""-1"", ""< blank >""]; Value.Description=[""Value was recorded"", ""lingual AMALGAM restoration"", ""occlusal AMALGAM restoration"", ""facial AMALGAM restoration"", ""mesial AMALGAM restoration"", ""distal AMALGAM restoration"", ""lingual OTHER restoration"", ""occlusal OTHER restoration"", ""facial OTHER restoration"", ""mesial OTHER restoration"", ""distal OTHER restoration"", ""Crown (non-specific full-coverage restoration)"", ""Missing""]; Count=[""14"", ""0"", ""5"", ""5"", ""1"", ""0"", ""0"", ""3"", ""2"", ""0"", ""0"", ""1"", ""8335""]; Cumulative=[""14"", ""14"", ""19"", ""24"", ""25"", ""25"", ""25"", ""28"", ""30"", ""30"", ""30"", ""31"", ""8366""]; Skip.to.Item=[""NA"", ""NA"", ""NA"", ""NA"", ""NA"", ""NA"", ""NA"", ""NA"", ""NA"", ""NA"", ""NA"", ""NA"", ""NA""]"
"OHXDEN_J","OHX31RSC","OHX31RSC","Coronal Caries: 2nd restoration code #31","Coronal Caries: Secondary restoration surface call - Lower right 2nd molar (2M). These values can be recorded as a string variable for example:0 13 468.","Both males and females 1 YEARS - 150 YEARS",NA,"Code.or.Value=[""Coronal Caries: 2nd restoration code #31"", ""0"", ""1"", ""2"", ""3"", ""4"", ""5"", ""6"", ""7"", ""8"", ""9"", ""-1"", ""< blank >""]; Value.Description=[""Value was recorded"", ""lingual AMALGAM restoration"", ""occlusal AMALGAM restoration"", ""facial AMALGAM restoration"", ""mesial AMALGAM restoration"", ""distal AMALGAM restoration"", ""lingual OTHER restoration"", ""occlusal OTHER restoration"", ""facial OTHER restoration"", ""mesial OTHER restoration"", ""distal OTHER restoration"", ""Crown (non-specific full-coverage restoration)"", ""Missing""]; Count=[""9"", ""0"", ""9"", ""3"", ""1"", ""0"", ""0"", ""5"", ""3"", ""3"", ""0"", ""0"", ""8333""]; Cumulative=[""9"", ""9"", ""18"", ""21"", ""22"", ""22"", ""22"", ""27"", ""30"", ""33"", ""33"", ""33"", ""8366""]; Skip.to.Item=[""NA"", ""NA"", ""NA"", ""NA"", ""NA"", ""NA"", ""NA"", ""NA"", ""NA"", ""NA"", ""NA"", ""NA"", ""NA""]"
"OHXDEN_J","OHXRCAR","OHXRCAR","Root caries","Root Caries: Whole mouth","Both males and females 18 YEARS - 150 YEARS",NA,"Code.or.Value=[""1"", ""2"", ""9"", "".""]; Value.Description=[""Yes"", ""No"", ""Cannot be accessed"", ""Missing""]; Count=[""729"", ""4186"", ""1"", ""3450""]; Cumulative=[""729"", ""4915"", ""4916"", ""8366""]; Skip.to.Item=[""NA"", ""NA"", ""NA"", ""NA""]"
"OHXDEN_J","OHXRCARO","OHXRCARO","Other non-carious root lesion","Other non-carious root lesions (erosions/abrasions): Whole mouth","Both males and females 18 YEARS - 150 YEARS",NA,"Code.or.Value=[""1"", ""2"", ""9"", "".""]; Value.Description=[""Root caries detected"", ""Root caries not detected"", ""Cannot be accessed"", ""Missing""]; Count=[""884"", ""4031"", ""1"", ""3450""]; Cumulative=[""884"", ""4915"", ""4916"", ""8366""]; Skip.to.Item=[""NA"", ""NA"", ""NA"", ""NA""]"
"OHXDEN_J","OHXRRES","OHXRRES","Root caries restoration","Root restorations for caries: Whole mouth","Both males and females 18 YEARS - 150 YEARS",NA,"Code.or.Value=[""1"", ""2"", ""9"", "".""]; Value.Description=[""Root restoration detected"", ""Root restoration not detected"", ""Cannot be accessed"", ""Missing""]; Count=[""233"", ""4682"", ""1"", ""3450""]; Cumulative=[""233"", ""4915"", ""4916"", ""8366""]; Skip.to.Item=[""NA"", ""NA"", ""NA"", ""NA""]"
"OHXDEN_J","OHXRRESO","OHXRRESO","Other non-carious root restoration","Root restoration for reasons other than caries: Whole mouth","Both males and females 18 YEARS - 150 YEARS",NA,"Code.or.Value=[""1"", ""2"", ""9"", "".""]; Value.Description=[""Root restoration detected"", ""Root restoration not detected"", ""Cannot be accessed"", ""Missing""]; Count=[""192"", ""4723"", ""1"", ""3450""]; Cumulative=[""192"", ""4915"", ""4916"", ""8366""]; Skip.to.Item=[""NA"", ""NA"", ""NA"", ""NA""]"
"OHXDEN_J","OHX02SE","OHX02SE","Dental Sealants: #2","Dental Sealants: Upper right 2nd molar (2M) sealant codes. These values can be recorded as a string variable for example:0 12 13.","Both males and females 3 YEARS - 19 YEARS",NA,"Code.or.Value=[""0"", ""1"", ""2"", ""3"", ""4"", ""9"", ""12"", ""13"", ""< blank >""]; Value.Description=[""Sealant not present"", ""Occlusal sealant on permanent tooth"", ""Facial sealant on permanent tooth"", ""Lingual sealant on permanent tooth"", ""Occlusal sealant on primary tooth"", ""Cannot be assessed"", ""Occlusal-facial sealant on permanent tooth"", ""Occlusal-lingual sealant on permanent tooth"", ""Missing""]; Count=[""964"", ""128"", ""0"", ""0"", ""0"", ""1526"", ""0"", ""3"", ""5745""]; Cumulative=[""964"", ""1092"", ""1092"", ""1092"", ""1092"", ""2618"", ""2618"", ""2621"", ""8366""]; Skip.to.Item=[""NA"", ""NA"", ""NA"", ""NA"", ""NA"", ""NA"", ""NA"", ""NA"", ""NA""]"
"OHXDEN_J","OHX03SE","OHX03SE","Dental Sealants: #3","Dental Sealants: Upper right 1st molar (1M) sealant codes. These values can be recorded as a string variable for example:0 12 13.","Both males and females 3 YEARS - 19 YEARS",NA,"Code.or.Value=[""0"", ""1"", ""2"", ""3"", ""4"", ""9"", ""12"", ""13"", ""< blank >""]; Value.Description=[""Sealant not present"", ""Occlusal sealant on permanent tooth"", ""Facial sealant on permanent tooth"", ""Lingual sealant on permanent tooth"", ""Occlusal sealant on primary tooth"", ""Cannot be assessed"", ""Occlusal-facial sealant on permanent tooth"", ""Occlusal-lingual sealant on permanent tooth"", ""Missing""]; Count=[""1698"", ""361"", ""0"", ""1"", ""0"", ""537"", ""0"", ""24"", ""5745""]; Cumulative=[""1698"", ""2059"", ""2059"", ""2060"", ""2060"", ""2597"", ""2597"", ""2621"", ""8366""]; Skip.to.Item=[""NA"", ""NA"", ""NA"", ""NA"", ""NA"", ""NA"", ""NA"", ""NA"", ""NA""]"
"OHXDEN_J","OHX04SE","OHX04SE","Dental Sealants: #4","Dental Sealants: Upper right 2nd biscuspid/2nd primary molar (2B) sealant codes. These values can be recorded as a string variable for example:0 12 13.","Both males and females 3 YEARS - 19 YEARS",NA,"Code.or.Value=[""0"", ""1"", ""2"", ""3"", ""4"", ""9"", ""12"", ""13"", ""< blank >""]; Value.Description=[""Sealant not present"", ""Occlusal sealant on permanent tooth"", ""Facial sealant on permanent tooth"", ""Lingual sealant on permanent tooth"", ""Occlusal sealant on primary tooth"", ""Cannot be assessed"", ""Occlusal-facial sealant on permanent tooth"", ""Occlusal-lingual sealant on permanent tooth"", ""Missing""]; Count=[""2510"", ""57"", ""0"", ""0"", ""28"", ""26"", ""0"", ""0"", ""5745""]; Cumulative=[""2510"", ""2567"", ""2567"", ""2567"", ""2595"", ""2621"", ""2621"", ""2621"", ""8366""]; Skip.to.Item=[""NA"", ""NA"", ""NA"", ""NA"", ""NA"", ""NA"", ""NA"", ""NA"", ""NA""]"
"OHXDEN_J","OHX05SE","OHX05SE","Dental Sealants: #5","Dental Sealants: Upper right 1st biscuspid/1st primary molar (1B) sealant codes. These values can be recorded as a string variable for example:0 12 13.","Both males and females 3 YEARS - 19 YEARS",NA,"Code.or.Value=[""0"", ""1"", ""2"", ""3"", ""4"", ""9"", ""12"", ""13"", ""< blank >""]; Value.Description=[""Sealant not present"", ""Occlusal sealant on permanent tooth"", ""Facial sealant on permanent tooth"", ""Lingual sealant on permanent tooth"", ""Occlusal sealant on primary tooth"", ""Cannot be assessed"", ""Occlusal-facial sealant on permanent tooth"", ""Occlusal-lingual sealant on permanent tooth"", ""Missing""]; Count=[""2465"", ""64"", ""0"", ""0"", ""14"", ""78"", ""0"", ""0"", ""5745""]; Cumulative=[""2465"", ""2529"", ""2529"", ""2529"", ""2543"", ""2621"", ""2621"", ""2621"", ""8366""]; Skip.to.Item=[""NA"", ""NA"", ""NA"", ""NA"", ""NA"", ""NA"", ""NA"", ""NA"", ""NA""]"
"OHXDEN_J","OHX07SE","OHX07SE","Dental Sealants: #7","Dental Sealants: Upper right lateral incisor (LI) sealant codes. These values can be recorded as a string variable for example:0 12 13.","Both males and females 3 YEARS - 19 YEARS",NA,"Code.or.Value=[""0"", ""1"", ""2"", ""3"", ""4"", ""9"", ""12"", ""13"", ""< blank >""]; Value.Description=[""Sealant not present"", ""Occlusal sealant on permanent tooth"", ""Facial sealant on permanent tooth"", ""Lingual sealant on permanent tooth"", ""Occlusal sealant on primary tooth"", ""Cannot be assessed"", ""Occlusal-facial sealant on permanent tooth"", ""Occlusal-lingual sealant on permanent tooth"", ""Missing""]; Count=[""1805"", ""0"", ""0"", ""2"", ""0"", ""814"", ""0"", ""0"", ""5745""]; Cumulative=[""1805"", ""1805"", ""1805"", ""1807"", ""1807"", ""2621"", ""2621"", ""2621"", ""8366""]; Skip.to.Item=[""NA"", ""NA"", ""NA"", ""NA"", ""NA"", ""NA"", ""NA"", ""NA"", ""NA""]"
"OHXDEN_J","OHX10SE","OHX10SE","Dental Sealants: #10","Dental Sealants: Upper left lateral incisor (LI) sealant codes. These values can be recorded as a string variable for example:0 12 13.","Both males and females 3 YEARS - 19 YEARS",NA,"Code.or.Value=[""0"", ""1"", ""2"", ""3"", ""4"", ""9"", ""12"", ""13"", ""< blank >""]; Value.Description=[""Sealant not present"", ""Occlusal sealant on permanent tooth"", ""Facial sealant on permanent tooth"", ""Lingual sealant on permanent tooth"", ""Occlusal sealant on primary tooth"", ""Cannot be assessed"", ""Occlusal-facial sealant on permanent tooth"", ""Occlusal-lingual sealant on permanent tooth"", ""Missing""]; Count=[""1808"", ""0"", ""0"", ""4"", ""0"", ""809"", ""0"", ""0"", ""5745""]; Cumulative=[""1808"", ""1808"", ""1808"", ""1812"", ""1812"", ""2621"", ""2621"", ""2621"", ""8366""]; Skip.to.Item=[""NA"", ""NA"", ""NA"", ""NA"", ""NA"", ""NA"", ""NA"", ""NA"", ""NA""]"
"OHXDEN_J","OHX12SE","OHX12SE","Dental Sealants: #12","Dental Sealants: Upper left 1st biscuspid/1st primary molar (1B) sealant codes. These values can be recorded as a string variable for example:0 12 13.","Both males and females 3 YEARS - 19 YEARS",NA,"Code.or.Value=[""0"", ""1"", ""2"", ""3"", ""4"", ""9"", ""12"", ""13"", ""< blank >""]; Value.Description=[""Sealant not present"", ""Occlusal sealant on permanent tooth"", ""Facial sealant on permanent tooth"", ""Lingual sealant on permanent tooth"", ""Occlusal sealant on primary tooth"", ""Cannot be assessed"", ""Occlusal-facial sealant on permanent tooth"", ""Occlusal-lingual sealant on permanent tooth"", ""Missing""]; Count=[""2477"", ""59"", ""0"", ""0"", ""17"", ""68"", ""0"", ""0"", ""5745""]; Cumulative=[""2477"", ""2536"", ""2536"", ""2536"", ""2553"", ""2621"", ""2621"", ""2621"", ""8366""]; Skip.to.Item=[""NA"", ""NA"", ""NA"", ""NA"", ""NA"", ""NA"", ""NA"", ""NA"", ""NA""]"
"OHXDEN_J","OHX13SE","OHX13SE","Dental Sealants: #13","Dental Sealants: Upper left 2nd bicuspid/2nd primary molar (2B) sealant codes. These values can be recorded as a string variable for example:0 12 13.","Both males and females 3 YEARS - 19 YEARS",NA,"Code.or.Value=[""0"", ""1"", ""2"", ""3"", ""4"", ""9"", ""12"", ""13"", ""< blank >""]; Value.Description=[""Sealant not present"", ""Occlusal sealant on permanent tooth"", ""Facial sealant on permanent tooth"", ""Lingual sealant on permanent tooth"", ""Occlusal sealant on primary tooth"", ""Cannot be assessed"", ""Occlusal-facial sealant on permanent tooth"", ""Occlusal-lingual sealant on permanent tooth"", ""Missing""]; Count=[""2504"", ""65"", ""0"", ""0"", ""29"", ""23"", ""0"", ""0"", ""5745""]; Cumulative=[""2504"", ""2569"", ""2569"", ""2569"", ""2598"", ""2621"", ""2621"", ""2621"", ""8366""]; Skip.to.Item=[""NA"", ""NA"", ""NA"", ""NA"", ""NA"", ""NA"", ""NA"", ""NA"", ""NA""]"
"OHXDEN_J","OHX14SE","OHX14SE","Dental Sealants: #14","Dental Sealants: Upper left 1st molar (1M) sealant codes. These values can be recorded as a string variable for example:0 12 13.","Both males and females 3 YEARS - 19 YEARS",NA,"Code.or.Value=[""0"", ""1"", ""2"", ""3"", ""4"", ""9"", ""12"", ""13"", ""< blank >""]; Value.Description=[""Sealant not present"", ""Occlusal sealant on permanent tooth"", ""Facial sealant on permanent tooth"", ""Lingual sealant on permanent tooth"", ""Occlusal sealant on primary tooth"", ""Cannot be assessed"", ""Occlusal-facial sealant on permanent tooth"", ""Occlusal-lingual sealant on permanent tooth"", ""Missing""]; Count=[""1730"", ""333"", ""0"", ""1"", ""0"", ""534"", ""0"", ""23"", ""5745""]; Cumulative=[""1730"", ""2063"", ""2063"", ""2064"", ""2064"", ""2598"", ""2598"", ""2621"", ""8366""]; Skip.to.Item=[""NA"", ""NA"", ""NA"", ""NA"", ""NA"", ""NA"", ""NA"", ""NA"", ""NA""]"
"OHXDEN_J","OHX15SE","OHX15SE","Dental Sealants: #15","Dental Sealants: Upper left 2nd molar (2M) sealant codes. These values can be recorded as a string variable for example:0 12 13.","Both males and females 3 YEARS - 19 YEARS",NA,"Code.or.Value=[""0"", ""1"", ""2"", ""3"", ""4"", ""9"", ""12"", ""13"", ""< blank >""]; Value.Description=[""Sealant not present"", ""Occlusal sealant on permanent tooth"", ""Facial sealant on permanent tooth"", ""Lingual sealant on permanent tooth"", ""Occlusal sealant on primary tooth"", ""Cannot be assessed"", ""Occlusal-facial sealant on permanent tooth"", ""Occlusal-lingual sealant on permanent tooth"", ""Missing""]; Count=[""978"", ""123"", ""0"", ""0"", ""0"", ""1516"", ""0"", ""4"", ""5745""]; Cumulative=[""978"", ""1101"", ""1101"", ""1101"", ""1101"", ""2617"", ""2617"", ""2621"", ""8366""]; Skip.to.Item=[""NA"", ""NA"", ""NA"", ""NA"", ""NA"", ""NA"", ""NA"", ""NA"", ""NA""]"
"OHXDEN_J","OHX18SE","OHX18SE","Dental Sealants: #18","Dental Sealants: Lower left 2nd molar (2M) sealant codes. These values can be recorded as a string variable for example:0 12 13.","Both males and females 3 YEARS - 19 YEARS",NA,"Code.or.Value=[""0"", ""1"", ""2"", ""3"", ""4"", ""9"", ""12"", ""13"", ""< blank >""]; Value.Description=[""Sealant not present"", ""Occlusal sealant on permanent tooth"", ""Facial sealant on permanent tooth"", ""Lingual sealant on permanent tooth"", ""Occlusal sealant on primary tooth"", ""Cannot be assessed"", ""Occlusal-facial sealant on permanent tooth"", ""Occlusal-lingual sealant on permanent tooth"", ""Missing""]; Count=[""1080"", ""130"", ""0"", ""0"", ""0"", ""1409"", ""2"", ""0"", ""5745""]; Cumulative=[""1080"", ""1210"", ""1210"", ""1210"", ""1210"", ""2619"", ""2621"", ""2621"", ""8366""]; Skip.to.Item=[""NA"", ""NA"", ""NA"", ""NA"", ""NA"", ""NA"", ""NA"", ""NA"", ""NA""]"
"OHXDEN_J","OHX19SE","OHX19SE","Dental Sealants: #19","Dental Sealants: Lower left 1st molar (1M) sealant codes. These values can be recorded as a string variable for example:0 12 13.","Both males and females 3 YEARS - 19 YEARS",NA,"Code.or.Value=[""0"", ""1"", ""2"", ""3"", ""4"", ""9"", ""12"", ""13"", ""< blank >""]; Value.Description=[""Sealant not present"", ""Occlusal sealant on permanent tooth"", ""Facial sealant on permanent tooth"", ""Lingual sealant on permanent tooth"", ""Occlusal sealant on primary tooth"", ""Cannot be assessed"", ""Occlusal-facial sealant on permanent tooth"", ""Occlusal-lingual sealant on permanent tooth"", ""Missing""]; Count=[""1751"", ""316"", ""1"", ""0"", ""0"", ""518"", ""35"", ""0"", ""5745""]; Cumulative=[""1751"", ""2067"", ""2068"", ""2068"", ""2068"", ""2586"", ""2621"", ""2621"", ""8366""]; Skip.to.Item=[""NA"", ""NA"", ""NA"", ""NA"", ""NA"", ""NA"", ""NA"", ""NA"", ""NA""]"
"OHXDEN_J","OHX20SE","OHX20SE","Dental Sealants: #20","Dental Sealants: Lower left 2nd bicuspid/2nd primary molar (2B) sealant codes. These values can be recorded as a string variable for example:0 12 13.","Both males and females 3 YEARS - 19 YEARS",NA,"Code.or.Value=[""0"", ""1"", ""2"", ""3"", ""4"", ""9"", ""12"", ""13"", ""< blank >""]; Value.Description=[""Sealant not present"", ""Occlusal sealant on permanent tooth"", ""Facial sealant on permanent tooth"", ""Lingual sealant on permanent tooth"", ""Occlusal sealant on primary tooth"", ""Cannot be assessed"", ""Occlusal-facial sealant on permanent tooth"", ""Occlusal-lingual sealant on permanent tooth"", ""Missing""]; Count=[""2503"", ""56"", ""0"", ""0"", ""19"", ""43"", ""0"", ""0"", ""5745""]; Cumulative=[""2503"", ""2559"", ""2559"", ""2559"", ""2578"", ""2621"", ""2621"", ""2621"", ""8366""]; Skip.to.Item=[""NA"", ""NA"", ""NA"", ""NA"", ""NA"", ""NA"", ""NA"", ""NA"", ""NA""]"
"OHXDEN_J","OHX21SE","OHX21SE","Dental Sealants: #21","Dental Sealants: Lower left 1st bicuspid/1st primary molar (1B) sealant codes. These values can be recorded as a string variable for example:0 12 13.","Both males and females 3 YEARS - 19 YEARS",NA,"Code.or.Value=[""0"", ""1"", ""2"", ""3"", ""4"", ""9"", ""12"", ""13"", ""< blank >""]; Value.Description=[""Sealant not present"", ""Occlusal sealant on permanent tooth"", ""Facial sealant on permanent tooth"", ""Lingual sealant on permanent tooth"", ""Occlusal sealant on primary tooth"", ""Cannot be assessed"", ""Occlusal-facial sealant on permanent tooth"", ""Occlusal-lingual sealant on permanent tooth"", ""Missing""]; Count=[""2500"", ""49"", ""0"", ""0"", ""13"", ""59"", ""0"", ""0"", ""5745""]; Cumulative=[""2500"", ""2549"", ""2549"", ""2549"", ""2562"", ""2621"", ""2621"", ""2621"", ""8366""]; Skip.to.Item=[""NA"", ""NA"", ""NA"", ""NA"", ""NA"", ""NA"", ""NA"", ""NA"", ""NA""]"
"OHXDEN_J","OHX28SE","OHX28SE","Dental Sealants: #28","Dental Sealants: Lower right 1st bicuspid/1st primary molar (1B) sealant codes. These values can be recorded as a string variable for example:0 12 13.","Both males and females 3 YEARS - 19 YEARS",NA,"Code.or.Value=[""0"", ""1"", ""2"", ""3"", ""4"", ""9"", ""12"", ""13"", ""< blank >""]; Value.Description=[""Sealant not present"", ""Occlusal sealant on permanent tooth"", ""Facial sealant on permanent tooth"", ""Lingual sealant on permanent tooth"", ""Occlusal sealant on primary tooth"", ""Cannot be assessed"", ""Occlusal-facial sealant on permanent tooth"", ""Occlusal-lingual sealant on permanent tooth"", ""Missing""]; Count=[""2475"", ""54"", ""0"", ""0"", ""15"", ""77"", ""0"", ""0"", ""5745""]; Cumulative=[""2475"", ""2529"", ""2529"", ""2529"", ""2544"", ""2621"", ""2621"", ""2621"", ""8366""]; Skip.to.Item=[""NA"", ""NA"", ""NA"", ""NA"", ""NA"", ""NA"", ""NA"", ""NA"", ""NA""]"
"OHXDEN_J","OHX29SE","OHX29SE","Dental Sealants: #29","Dental Sealants: Lower right 2nd bicuspid/2nd primary molar (2B) sealant codes. These values can be recorded as a string variable for example:0 12 13.","Both males and females 3 YEARS - 19 YEARS",NA,"Code.or.Value=[""1"", ""2"", ""3"", ""4"", ""9"", ""12"", ""13"", ""< blank >"", ""0""]; Value.Description=[""Occlusal sealant on permanent tooth"", ""Facial sealant on permanent tooth"", ""Lingual sealant on permanent tooth"", ""Occlusal sealant on primary tooth"", ""Cannot be assessed"", ""Occlusal-facial sealant on permanent tooth"", ""Occlusal-lingual sealant on permanent tooth"", ""Missing"", ""Sealant not present""]; Count=[""58"", ""0"", ""0"", ""27"", ""41"", ""0"", ""0"", ""5745"", ""2495""]; Cumulative=[""2553"", ""2553"", ""2553"", ""2580"", ""2621"", ""2621"", ""2621"", ""8366"", ""2495""]; Skip.to.Item=[""NA"", ""NA"", ""NA"", ""NA"", ""NA"", ""NA"", ""NA"", ""NA"", ""NA""]"
"OHXDEN_J","OHX30SE","OHX30SE","Dental Sealants: #30","Dental Sealants: Lower right 1st molar (1M) sealant codes. These values can be recorded as a string variable for example:0 12 13.","Both males and females 3 YEARS - 19 YEARS",NA,"Code.or.Value=[""0"", ""1"", ""2"", ""3"", ""4"", ""9"", ""12"", ""13"", ""< blank >""]; Value.Description=[""Sealant not present"", ""Occlusal sealant on permanent tooth"", ""Facial sealant on permanent tooth"", ""Lingual sealant on permanent tooth"", ""Occlusal sealant on primary tooth"", ""Cannot be assessed"", ""Occlusal-facial sealant on permanent tooth"", ""Occlusal-lingual sealant on permanent tooth"", ""Missing""]; Count=[""1744"", ""332"", ""2"", ""0"", ""0"", ""512"", ""31"", ""0"", ""5745""]; Cumulative=[""1744"", ""2076"", ""2078"", ""2078"", ""2078"", ""2590"", ""2621"", ""2621"", ""8366""]; Skip.to.Item=[""NA"", ""NA"", ""NA"", ""NA"", ""NA"", ""NA"", ""NA"", ""NA"", ""NA""]"
"OHXDEN_J","OHX31SE","OHX31SE","Dental Sealants: #31","Dental Sealants: Lower right 2nd molar (2M) sealant codes. These values can be recorded as a string variable for example:0 12 13.","Both males and females 3 YEARS - 19 YEARS",NA,"Code.or.Value=[""0"", ""1"", ""2"", ""3"", ""4"", ""9"", ""12"", ""13"", ""< blank >""]; Value.Description=[""Sealant not present"", ""Occlusal sealant on permanent tooth"", ""Facial sealant on permanent tooth"", ""Lingual sealant on permanent tooth"", ""Occlusal sealant on primary tooth"", ""Cannot be assessed"", ""Occlusal-facial sealant on permanent tooth"", ""Occlusal-lingual sealant on permanent tooth"", ""Missing""]; Count=[""1066"", ""132"", ""0"", ""0"", ""0"", ""1417"", ""6"", ""0"", ""5745""]; Cumulative=[""1066"", ""1198"", ""1198"", ""1198"", ""1198"", ""2615"", ""2621"", ""2621"", ""8366""]; Skip.to.Item=[""NA"", ""NA"", ""NA"", ""NA"", ""NA"", ""NA"", ""NA"", ""NA"", ""NA""]"
