"Tabela","Variavel","Variable_Name","SAS_Label","English_Text","Target","English_Instructions","Tabela_Valores"
"OHXDEN_C","SEQN","SEQN","Respondent sequence number","Respondent sequence number.","Both males and females 2 YEARS - 150 YEARS",NA,NA
"OHXDEN_C","OHAEXSTS","OHAEXSTS","Overall Oral Health Exam Status","Overall Oral Health Exam Status","Both males and females 2 YEARS - 150 YEARS",NA,"Code.or.Value=[""1"", ""2"", ""3"", "".""]; Value.Description=[""Completed"", ""Partial"", ""Not Done"", ""Missing""]; Count=[""7072"", ""1200"", ""575"", ""0""]; Cumulative=[""7072"", ""8272"", ""8847"", ""8847""]; Skip.to.Item=[""NA"", ""NA"", ""NA"", ""NA""]"
"OHXDEN_C","OHASCST3","OHASCST3","Dentition Status Code","Dentition Status Code","Both males and females 2 YEARS - 150 YEARS",NA,"Code.or.Value=[""1"", ""2"", ""3"", "".""]; Value.Description=[""Complete"", ""Partial"", ""Not done"", ""Missing""]; Count=[""7525"", ""744"", ""578"", ""0""]; Cumulative=[""7525"", ""8269"", ""8847"", ""8847""]; Skip.to.Item=[""NA"", ""NA"", ""NA"", ""NA""]"
"OHXDEN_C","OHX08TC","OHX08TC","Tooth Count: #8","Tooth Count: Upper right central incisor (CI)","Both males and females 2 YEARS - 150 YEARS",NA,"Code.or.Value=[""1"", ""2"", ""3"", ""4"", ""5"", "".""]; Value.Description=[""Primary tooth (deciduous)"", ""Permanent tooth (succedaneous)"", ""Implant"", ""Not present"", ""Permanent root tip present"", ""Missing""]; Count=[""870"", ""6248"", ""3"", ""1108"", ""28"", ""590""]; Cumulative=[""870"", ""7118"", ""7121"", ""8229"", ""8257"", ""8847""]; Skip.to.Item=[""NA"", ""NA"", ""NA"", ""NA"", ""NA"", ""NA""]"
"OHXDEN_C","OHX07TC","OHX07TC","Tooth Count: #7","Tooth Count: Upper right lateral incisor (LI)","Both males and females 2 YEARS - 150 YEARS",NA,"Code.or.Value=[""1"", ""2"", ""3"", ""4"", ""5"", "".""]; Value.Description=[""Primary tooth (deciduous)"", ""Permanent tooth (succedaneous)"", ""Implant"", ""Not present"", ""Permanent root tip is present"", ""Missing""]; Count=[""1030"", ""6025"", ""3"", ""1164"", ""35"", ""590""]; Cumulative=[""1030"", ""7055"", ""7058"", ""8222"", ""8257"", ""8847""]; Skip.to.Item=[""NA"", ""NA"", ""NA"", ""NA"", ""NA"", ""NA""]"
"OHXDEN_C","OHX06TC","OHX06TC","Tooth Count: #6","Tooth Count: Upper right cuspid (C)","Both males and females 2 YEARS - 150 YEARS",NA,"Code.or.Value=[""1"", ""2"", ""3"", ""4"", ""5"", "".""]; Value.Description=[""Primary tooth (deciduous)"", ""Permanent tooth (succedaneous)"", ""Implant"", ""Not present"", ""Permanent root tip is present"", ""Missing""]; Count=[""1556"", ""5660"", ""3"", ""1002"", ""36"", ""590""]; Cumulative=[""1556"", ""7216"", ""7219"", ""8221"", ""8257"", ""8847""]; Skip.to.Item=[""NA"", ""NA"", ""NA"", ""NA"", ""NA"", ""NA""]"
"OHXDEN_C","OHX05TC","OHX05TC","Tooth Count: #5","Tooth Count: Upper right 1st bicuspid/1st primary molar (1B)","Both males and females 2 YEARS - 150 YEARS",NA,"Code.or.Value=[""1"", ""2"", ""3"", ""4"", ""5"", "".""]; Value.Description=[""Primary tooth (deciduous)"", ""Permanent tooth (succedaneous)"", ""Implant"", ""Not present"", ""Permanent root tip is present"", ""Missing""]; Count=[""1432"", ""5288"", ""3"", ""1476"", ""58"", ""590""]; Cumulative=[""1432"", ""6720"", ""6723"", ""8199"", ""8257"", ""8847""]; Skip.to.Item=[""NA"", ""NA"", ""NA"", ""NA"", ""NA"", ""NA""]"
"OHXDEN_C","OHX04TC","OHX04TC","Tooth Count: #4","Tooth Count: Upper right 2nd bicuspid/2nd primary molar (2B)","Both males and females 2 YEARS - 150 YEARS",NA,"Code.or.Value=[""1"", ""2"", ""3"", ""4"", ""5"", "".""]; Value.Description=[""Primary tooth (deciduous)"", ""Permanent tooth (succedaneous)"", ""Implant"", ""Not present"", ""Permanent root tip is present"", ""Missing""]; Count=[""1543"", ""5274"", ""5"", ""1390"", ""45"", ""590""]; Cumulative=[""1543"", ""6817"", ""6822"", ""8212"", ""8257"", ""8847""]; Skip.to.Item=[""NA"", ""NA"", ""NA"", ""NA"", ""NA"", ""NA""]"
"OHXDEN_C","OHX03TC","OHX03TC","Tooth Count: #3","Tooth Count: Upper right 1st molar (1M)","Both males and females 2 YEARS - 150 YEARS",NA,"Code.or.Value=[""2"", ""3"", ""4"", ""5"", "".""]; Value.Description=[""Permanent tooth (succedaneous)"", ""Implant"", ""Not present"", ""Permanent root tip is present"", ""Missing""]; Count=[""5866"", ""5"", ""2323"", ""63"", ""590""]; Cumulative=[""5866"", ""5871"", ""8194"", ""8257"", ""8847""]; Skip.to.Item=[""NA"", ""NA"", ""NA"", ""NA"", ""NA""]"
"OHXDEN_C","OHX02TC","OHX02TC","Tooth Count: #2","Tooth Count: Upper right 2nd molar (2M)","Both males and females 2 YEARS - 150 YEARS",NA,"Code.or.Value=[""2"", ""3"", ""4"", ""5"", "".""]; Value.Description=[""Permanent tooth (succedaneous)"", ""Implant"", ""Not present"", ""Permanent root tip is present"", ""Missing""]; Count=[""4918"", ""1"", ""3290"", ""48"", ""590""]; Cumulative=[""4918"", ""4919"", ""8209"", ""8257"", ""8847""]; Skip.to.Item=[""NA"", ""NA"", ""NA"", ""NA"", ""NA""]"
"OHXDEN_C","OHX01TC","OHX01TC","Tooth Count: #1","Tooth Count: Upper right 3rd molar (3M)","Both males and females 2 YEARS - 150 YEARS",NA,"Code.or.Value=[""2"", ""3"", ""4"", ""5"", "".""]; Value.Description=[""Permanent tooth (succedaneous)"", ""Implant"", ""Not present"", ""Permanent root tip is present"", ""Missing""]; Count=[""1324"", ""0"", ""6907"", ""26"", ""590""]; Cumulative=[""1324"", ""1324"", ""8231"", ""8257"", ""8847""]; Skip.to.Item=[""NA"", ""NA"", ""NA"", ""NA"", ""NA""]"
"OHXDEN_C","OHX09TC","OHX09TC","Tooth Count: #9","Tooth Count: Upper left central incisor (CI)","Both males and females 2 YEARS - 150 YEARS",NA,"Code.or.Value=[""1"", ""2"", ""3"", ""4"", ""5"", "".""]; Value.Description=[""Primary tooth (deciduous)"", ""Permanent tooth (succedaneous)"", ""Implant"", ""Not present"", ""Permanent root tip is present"", ""Missing""]; Count=[""862"", ""6274"", ""3"", ""1090"", ""28"", ""590""]; Cumulative=[""862"", ""7136"", ""7139"", ""8229"", ""8257"", ""8847""]; Skip.to.Item=[""NA"", ""NA"", ""NA"", ""NA"", ""NA"", ""NA""]"
"OHXDEN_C","OHX10TC","OHX10TC","Tooth Count: #10","Tooth Count: Upper left lateral incisor (LI)","Both males and females 2 YEARS - 150 YEARS",NA,"Code.or.Value=[""1"", ""2"", ""3"", ""4"", ""5"", "".""]; Value.Description=[""Primary tooth (deciduous)"", ""Permanent tooth (succedaneous)"", ""Implant"", ""Not present"", ""Permanent root tip is present"", ""Missing""]; Count=[""1028"", ""6018"", ""4"", ""1173"", ""34"", ""590""]; Cumulative=[""1028"", ""7046"", ""7050"", ""8223"", ""8257"", ""8847""]; Skip.to.Item=[""NA"", ""NA"", ""NA"", ""NA"", ""NA"", ""NA""]"
"OHXDEN_C","OHX11TC","OHX11TC","Tooth Count: #11","Tooth Count: Upper left cuspid (C)","Both males and females 2 YEARS - 150 YEARS",NA,"Code.or.Value=[""1"", ""2"", ""3"", ""4"", ""5"", "".""]; Value.Description=[""Primary tooth (deciduous)"", ""Permanent tooth (succedaneous)"", ""Implant"", ""Not present"", ""Permanent root tip is present"", ""Missing""]; Count=[""1573"", ""5636"", ""6"", ""999"", ""43"", ""590""]; Cumulative=[""1573"", ""7209"", ""7215"", ""8214"", ""8257"", ""8847""]; Skip.to.Item=[""NA"", ""NA"", ""NA"", ""NA"", ""NA"", ""NA""]"
"OHXDEN_C","OHX12TC","OHX12TC","Tooth Count: #12","Tooth Count: Upper left 1st bicuspid/1st primary molar (1B)","Both males and females 2 YEARS - 150 YEARS",NA,"Code.or.Value=[""1"", ""2"", ""3"", ""4"", ""5"", "".""]; Value.Description=[""Primary tooth (deciduous)"", ""Permanent tooth (succedaneous)"", ""Implant"", ""Not present"", ""Permanent root tip is present"", ""Missing""]; Count=[""1429"", ""5298"", ""3"", ""1469"", ""58"", ""590""]; Cumulative=[""1429"", ""6727"", ""6730"", ""8199"", ""8257"", ""8847""]; Skip.to.Item=[""NA"", ""NA"", ""NA"", ""NA"", ""NA"", ""NA""]"
"OHXDEN_C","OHX13TC","OHX13TC","Tooth Count: #13","Tooth Count: Upper left 2nd bicuspid/2nd primary molar (2B)","Both males and females 2 YEARS - 150 YEARS",NA,"Code.or.Value=[""1"", ""2"", ""3"", ""4"", ""5"", "".""]; Value.Description=[""Primary tooth (deciduous)"", ""Permanent tooth (succedaneous)"", ""Implant"", ""Not present"", ""Permanent root tip is present"", ""Missing""]; Count=[""1542"", ""5238"", ""2"", ""1415"", ""60"", ""590""]; Cumulative=[""1542"", ""6780"", ""6782"", ""8197"", ""8257"", ""8847""]; Skip.to.Item=[""NA"", ""NA"", ""NA"", ""NA"", ""NA"", ""NA""]"
"OHXDEN_C","OHX14TC","OHX14TC","Tooth Count: #14","Tooth Count: Upper left 1st molar (1M)","Both males and females 2 YEARS - 150 YEARS",NA,"Code.or.Value=[""2"", ""3"", ""4"", ""5"", "".""]; Value.Description=[""Permanent tooth (succedaneous)"", ""Implant"", ""Not present"", ""Permanent root tip is present"", ""Missing""]; Count=[""5864"", ""2"", ""2348"", ""43"", ""590""]; Cumulative=[""5864"", ""5866"", ""8214"", ""8257"", ""8847""]; Skip.to.Item=[""NA"", ""NA"", ""NA"", ""NA"", ""NA""]"
"OHXDEN_C","OHX15TC","OHX15TC","Tooth Count: #15","Tooth Count: Upper left 2nd molar (2M)","Both males and females 2 YEARS - 150 YEARS",NA,"Code.or.Value=[""2"", ""3"", ""4"", ""5"", "".""]; Value.Description=[""Permanent tooth (succedaneous)"", ""Implant"", ""Not present"", ""Permanent root tip is present"", ""Missing""]; Count=[""4917"", ""1"", ""3298"", ""41"", ""590""]; Cumulative=[""4917"", ""4918"", ""8216"", ""8257"", ""8847""]; Skip.to.Item=[""NA"", ""NA"", ""NA"", ""NA"", ""NA""]"
"OHXDEN_C","OHX16TC","OHX16TC","Tooth Count: #16","Tooth Count: Upper left 3rd molar (3M)","Both males and females 2 YEARS - 150 YEARS",NA,"Code.or.Value=[""2"", ""3"", ""4"", ""5"", "".""]; Value.Description=[""Permanent tooth (succedaneous)"", ""Implant"", ""Not present"", ""Permanent root tip is present"", ""Missing""]; Count=[""1279"", ""0"", ""6938"", ""40"", ""590""]; Cumulative=[""1279"", ""1279"", ""8217"", ""8257"", ""8847""]; Skip.to.Item=[""NA"", ""NA"", ""NA"", ""NA"", ""NA""]"
"OHXDEN_C","OHX24TC","OHX24TC","Tooth Count: #24","Tooth Count: Lower left central incisor (CI)","Both males and females 2 YEARS - 150 YEARS",NA,"Code.or.Value=[""1"", ""2"", ""3"", ""4"", ""5"", "".""]; Value.Description=[""Primary tooth (deciduous)"", ""Permanent tooth (succedaneous)"", ""Implant"", ""Not present"", ""Permanent root tip is present"", ""Missing""]; Count=[""771"", ""6708"", ""0"", ""769"", ""9"", ""590""]; Cumulative=[""771"", ""7479"", ""7479"", ""8248"", ""8257"", ""8847""]; Skip.to.Item=[""NA"", ""NA"", ""NA"", ""NA"", ""NA"", ""NA""]"
"OHXDEN_C","OHX23TC","OHX23TC","Tooth Count: #23","Tooth Count: Lower left lateral incisor (LI)","Both males and females 2 YEARS - 150 YEARS",NA,"Code.or.Value=[""1"", ""2"", ""3"", ""4"", ""5"", "".""]; Value.Description=[""Primary tooth (deciduous)"", ""Permanent tooth (succedaneous)"", ""Implant"", ""Not present"", ""Permanent root tip is present"", ""Missing""]; Count=[""925"", ""6569"", ""1"", ""751"", ""11"", ""590""]; Cumulative=[""925"", ""7494"", ""7495"", ""8246"", ""8257"", ""8847""]; Skip.to.Item=[""NA"", ""NA"", ""NA"", ""NA"", ""NA"", ""NA""]"
"OHXDEN_C","OHX22TC","OHX22TC","Tooth Count: #22","Tooth Count: Lower left cuspid (C)","Both males and females 2 YEARS - 150 YEARS",NA,"Code.or.Value=[""1"", ""2"", ""3"", ""4"", ""5"", "".""]; Value.Description=[""Primary tooth (deciduous)"", ""Permanent tooth (succedaneous)"", ""Implant"", ""Not present"", ""Permanent root tip is present"", ""Missing""]; Count=[""1391"", ""6205"", ""3"", ""635"", ""23"", ""590""]; Cumulative=[""1391"", ""7596"", ""7599"", ""8234"", ""8257"", ""8847""]; Skip.to.Item=[""NA"", ""NA"", ""NA"", ""NA"", ""NA"", ""NA""]"
"OHXDEN_C","OHX21TC","OHX21TC","Tooth Count: #21","Tooth Count: Lower left 1st bicuspid/1st primary molar (1B)","Both males and females 2 YEARS - 150 YEARS",NA,"Code.or.Value=[""1"", ""2"", ""3"", ""4"", ""5"", "".""]; Value.Description=[""Primary tooth (deciduous)"", ""Permanent tooth (succedaneous)"", ""Implant"", ""Not present"", ""Permanent root tip is present"", ""Missing""]; Count=[""1425"", ""5778"", ""4"", ""1025"", ""25"", ""590""]; Cumulative=[""1425"", ""7203"", ""7207"", ""8232"", ""8257"", ""8847""]; Skip.to.Item=[""NA"", ""NA"", ""NA"", ""NA"", ""NA"", ""NA""]"
"OHXDEN_C","OHX20TC","OHX20TC","Tooth Count: #20","Tooth Count: Lower left 2nd bicuspid/2nd primary molar (2B)","Both males and females 2 YEARS - 150 YEARS",NA,"Code.or.Value=[""1"", ""2"", ""3"", ""4"", ""5"", "".""]; Value.Description=[""Primary tooth (deciduous)"", ""Permanent tooth (succedaneous)"", ""Implant"", ""Not present"", ""Permanent root tip is present"", ""Missing""]; Count=[""1579"", ""5488"", ""1"", ""1157"", ""32"", ""590""]; Cumulative=[""1579"", ""7067"", ""7068"", ""8225"", ""8257"", ""8847""]; Skip.to.Item=[""NA"", ""NA"", ""NA"", ""NA"", ""NA"", ""NA""]"
"OHXDEN_C","OHX19TC","OHX19TC","Tooth Count: #19","Tooth Count: Lower left 1st molar (1M)","Both males and females 2 YEARS - 150 YEARS",NA,"Code.or.Value=[""2"", ""3"", ""4"", ""5"", "".""]; Value.Description=[""Permanent tooth (succedaneous)"", ""Implant"", ""Not present"", ""Permanent root tip is present"", ""Missing""]; Count=[""5619"", ""6"", ""2568"", ""64"", ""590""]; Cumulative=[""5619"", ""5625"", ""8193"", ""8257"", ""8847""]; Skip.to.Item=[""NA"", ""NA"", ""NA"", ""NA"", ""NA""]"
"OHXDEN_C","OHX18TC","OHX18TC","Tooth Count: #18","Tooth Count: Lower left 2nd molar (2M)","Both males and females 2 YEARS - 150 YEARS",NA,"Code.or.Value=[""2"", ""3"", ""4"", ""5"", "".""]; Value.Description=[""Permanent tooth (succedaneous)"", ""Implant"", ""Not present"", ""Permanent root tip is present"", ""Missing""]; Count=[""4956"", ""2"", ""3266"", ""33"", ""590""]; Cumulative=[""4956"", ""4958"", ""8224"", ""8257"", ""8847""]; Skip.to.Item=[""NA"", ""NA"", ""NA"", ""NA"", ""NA""]"
"OHXDEN_C","OHX17TC","OHX17TC","Tooth Count: #17","Tooth Count: Lower left 3rd molar (3M)","Both males and females 2 YEARS - 150 YEARS",NA,"Code.or.Value=[""2"", ""3"", ""4"", ""5"", "".""]; Value.Description=[""Permanent tooth (succedaneous)"", ""Implant"", ""Not present"", ""Permanent root tip is present"", ""Missing""]; Count=[""1497"", ""1"", ""6731"", ""28"", ""590""]; Cumulative=[""1497"", ""1498"", ""8229"", ""8257"", ""8847""]; Skip.to.Item=[""NA"", ""NA"", ""NA"", ""NA"", ""NA""]"
"OHXDEN_C","OHX25TC","OHX25TC","Tooth Count: #25","Tooth Count: Lower right central incisor (CI)","Both males and females 2 YEARS - 150 YEARS",NA,"Code.or.Value=[""1"", ""2"", ""3"", ""4"", ""5"", "".""]; Value.Description=[""Primary tooth (deciduous)"", ""Permanent tooth (succedaneous)"", ""Implant"", ""Not present"", ""Permanent root tip is present"", ""Missing""]; Count=[""766"", ""6709"", ""0"", ""769"", ""13"", ""590""]; Cumulative=[""766"", ""7475"", ""7475"", ""8244"", ""8257"", ""8847""]; Skip.to.Item=[""NA"", ""NA"", ""NA"", ""NA"", ""NA"", ""NA""]"
"OHXDEN_C","OHX26TC","OHX26TC","Tooth Count: #26","Tooth Count: Lower right lateral incisor (LI)","Both males and females 2 YEARS - 150 YEARS",NA,"Code.or.Value=[""1"", ""2"", ""3"", ""4"", ""5"", "".""]; Value.Description=[""Primary tooth (deciduous)"", ""Permanent tooth (succedaneous)"", ""Implant"", ""Not present"", ""Permanent root tip is present"", ""Missing""]; Count=[""925"", ""6569"", ""0"", ""751"", ""12"", ""590""]; Cumulative=[""925"", ""7494"", ""7494"", ""8245"", ""8257"", ""8847""]; Skip.to.Item=[""NA"", ""NA"", ""NA"", ""NA"", ""NA"", ""NA""]"
"OHXDEN_C","OHX27TC","OHX27TC","Tooth Count: #27","Tooth Count: Lower right cuspid (C)","Both males and females 2 YEARS - 150 YEARS",NA,"Code.or.Value=[""1"", ""2"", ""3"", ""4"", ""5"", "".""]; Value.Description=[""Primary tooth (deciduous)"", ""Permanent tooth (succedaneous)"", ""Implant"", ""Not present"", ""Permanent root tip is present"", ""Missing""]; Count=[""1388"", ""6211"", ""3"", ""631"", ""24"", ""590""]; Cumulative=[""1388"", ""7599"", ""7602"", ""8233"", ""8257"", ""8847""]; Skip.to.Item=[""NA"", ""NA"", ""NA"", ""NA"", ""NA"", ""NA""]"
"OHXDEN_C","OHX28TC","OHX28TC","Tooth Count: #28","Tooth Count: Lower right 1st bicuspid/1st primary molar (1B)","Both males and females 2 YEARS - 150 YEARS",NA,"Code.or.Value=[""1"", ""2"", ""3"", ""4"", ""5"", "".""]; Value.Description=[""Primary tooth (deciduous)"", ""Permanent tooth (succedaneous)"", ""Implant"", ""Not present"", ""Permanent root tip is present"", ""Missing""]; Count=[""1410"", ""5801"", ""0"", ""1008"", ""38"", ""590""]; Cumulative=[""1410"", ""7211"", ""7211"", ""8219"", ""8257"", ""8847""]; Skip.to.Item=[""NA"", ""NA"", ""NA"", ""NA"", ""NA"", ""NA""]"
"OHXDEN_C","OHX29TC","OHX29TC","Tooth Count: #29","Tooth Count: Lower right 2nd bicuspid/2nd primary molar (2B)","Both males and females 2 YEARS - 150 YEARS",NA,"Code.or.Value=[""1"", ""2"", ""3"", ""4"", ""5"", "".""]; Value.Description=[""Primary tooth (deciduous)"", ""Permanent tooth (succedaneous)"", ""Implant"", ""Not present"", ""Permanent root tip is present"", ""Missing""]; Count=[""1565"", ""5519"", ""3"", ""1133"", ""37"", ""590""]; Cumulative=[""1565"", ""7084"", ""7087"", ""8220"", ""8257"", ""8847""]; Skip.to.Item=[""NA"", ""NA"", ""NA"", ""NA"", ""NA"", ""NA""]"
"OHXDEN_C","OHX30TC","OHX30TC","Tooth Count: #30","Tooth Count: Lower right 1st molar (1M)","Both males and females 2 YEARS - 150 YEARS",NA,"Code.or.Value=[""2"", ""3"", ""4"", ""5"", "".""]; Value.Description=[""Permanent tooth (succedaneous)"", ""Implant"", ""Not present"", ""Permanent root tip is present"", ""Missing""]; Count=[""5673"", ""4"", ""2538"", ""42"", ""590""]; Cumulative=[""5673"", ""5677"", ""8215"", ""8257"", ""8847""]; Skip.to.Item=[""NA"", ""NA"", ""NA"", ""NA"", ""NA""]"
"OHXDEN_C","OHX31TC","OHX31TC","Tooth Count: #31","Tooth Count: Lower right 2nd molar (2M)","Both males and females 2 YEARS - 150 YEARS",NA,"Code.or.Value=[""2"", ""3"", ""4"", ""5"", "".""]; Value.Description=[""Permanent tooth (succedaneous)"", ""Implant"", ""Not present"", ""Permanent root tip is present"", ""Missing""]; Count=[""4967"", ""4"", ""3243"", ""43"", ""590""]; Cumulative=[""4967"", ""4971"", ""8214"", ""8257"", ""8847""]; Skip.to.Item=[""NA"", ""NA"", ""NA"", ""NA"", ""NA""]"
"OHXDEN_C","OHX32TC","OHX32TC","Tooth Count: #32","Tooth Count: Lower right 3rd molar (3M)","Both males and females 2 YEARS - 150 YEARS",NA,"Code.or.Value=[""2"", ""3"", ""4"", ""5"", "".""]; Value.Description=[""Permanent tooth (succedaneous)"", ""Implant"", ""Not present"", ""Permanent root tip is present"", ""Missing""]; Count=[""1517"", ""2"", ""6716"", ""22"", ""590""]; Cumulative=[""1517"", ""1519"", ""8235"", ""8257"", ""8847""]; Skip.to.Item=[""NA"", ""NA"", ""NA"", ""NA"", ""NA""]"
"OHXDEN_C","OHXIMP","OHXIMP","Dental Implant: yes / no?","Tooth Count: Ever had a tooth replaced with a surgical implant?","Both males and females 2 YEARS - 150 YEARS",NA,"Code.or.Value=[""1"", ""2"", "".""]; Value.Description=[""Yes"", ""Missing"", ""Missing""]; Count=[""30"", ""0"", ""8817""]; Cumulative=[""30"", ""30"", ""8847""]; Skip.to.Item=[""NA"", ""NA"", ""NA""]"
"OHXDEN_C","OHXEDEN","OHXEDEN","Edentulous-yes","Tooth Count: Edentulous","Both males and females 2 YEARS - 150 YEARS",NA,"Code.or.Value=[""1"", ""2"", "".""]; Value.Description=[""Yes"", ""2"", ""Missing""]; Count=[""482"", ""12"", ""8353""]; Cumulative=[""482"", ""494"", ""8847""]; Skip.to.Item=[""NA"", ""NA"", ""NA""]"
"OHXDEN_C","OHX08CTC","OHX08CTC","Coronal Caries: Tooth count #8","Coronal Caries: Upper right central incisor (CI) tooth code","Both males and females 2 YEARS - 150 YEARS",NA,"Code.or.Value=[""D"", ""E"", ""J"", ""K"", ""M"", ""P"", ""Q"", ""R"", ""S"", ""T"", ""U"", ""X"", ""Y"", ""Z"", ""< blank >""]; Value.Description=[""Sound primary tooth"", ""Missing due to dental disease"", ""Permanent root tip is present but no restorative replacement is present"", ""Primary tooth with surface condition (s)"", ""Missing due to other causes"", ""Missing  due to dental disease but replaced by a removable restoration"", ""Missing due to other causes but replaced by a removable restoration"", ""Missing due to dental disease but replaced by a fixed restoration"", ""Sound permanent tooth"", ""Permanent root tip is present but a restorative replacement is present"", ""Unerupted"", ""Missing due to other causes, but replaced by a fixed restoration"", ""Tooth present, condition cannot be assessed"", ""Permanent tooth with surface condition (s)"", ""Missing""]; Count=[""745"", ""107"", ""27"", ""118"", ""15"", ""803"", ""43"", ""40"", ""5275"", ""1"", ""72"", ""31"", ""191"", ""777"", ""602""]; Cumulative=[""745"", ""852"", ""879"", ""997"", ""1012"", ""1815"", ""1858"", ""1898"", ""7173"", ""7174"", ""7246"", ""7277"", ""7468"", ""8245"", ""8847""]; Skip.to.Item=[""NA"", ""NA"", ""NA"", ""NA"", ""NA"", ""NA"", ""NA"", ""NA"", ""NA"", ""NA"", ""NA"", ""NA"", ""NA"", ""NA"", ""NA""]"
"OHXDEN_C","OHX08CSC","OHX08CSC","Coronal Caries: Surface condition #8","Coronal Caries: Upper right central incisor (CI) surface calls","Both males and females 2 YEARS - 150 YEARS",NA,"Code.or.Value=[""Multiple surface conditions found"", ""0"", ""2"", ""3"", ""4"", ""5"", ""7"", ""8"", ""9"", ""< blank >""]; Value.Description=[""Value was recorded"", ""Lingual surface caries"", ""Facial surface caries"", ""Mesial caries"", ""Distal caries"", ""Lingual surface restoration"", ""Facial surface restoration"", ""Mesial restoration"", ""Distal restoration"", ""Missing""]; Count=[""465"", ""12"", ""22"", ""111"", ""68"", ""20"", ""20"", ""83"", ""94"", ""7952""]; Cumulative=[""465"", ""477"", ""499"", ""610"", ""678"", ""698"", ""718"", ""801"", ""895"", ""8847""]; Skip.to.Item=[""NA"", ""NA"", ""NA"", ""NA"", ""NA"", ""NA"", ""NA"", ""NA"", ""NA"", ""NA""]"
"OHXDEN_C","OHX07CTC","OHX07CTC","Coronal Caries: Tooth count #7","Coronal Caries: Upper right lateral incisor (LI) tooth code","Both males and females 2 YEARS - 150 YEARS",NA,"Code.or.Value=[""D"", ""E"", ""J"", ""K"", ""M"", ""P"", ""Q"", ""R"", ""S"", ""T"", ""U"", ""X"", ""Y"", ""Z"", ""< blank >""]; Value.Description=[""Sound primary tooth"", ""Missing due to dental disease"", ""Permanent root tip is present but no restorative replacement is present"", ""Primary tooth with surface condition (s)"", ""Missing due to other causes"", ""Missing due to dental disease but replaced by a removable restoration"", ""Missing due to other causes but replaced by a removable restoration"", ""Missing due to dental disease, but replaced by a fixed restoration"", ""Sound permanent tooth"", ""Permanent root tip is present but a restorative replacement is present"", ""Unerupted"", ""Missing due to other causes, but replaced but replaced by a fixed restoration"", ""Tooth present, condition cannot be assessed"", ""Permanent tooth with surface condition (s)"", ""Missing""]; Count=[""937"", ""110"", ""31"", ""87"", ""21"", ""798"", ""32"", ""41"", ""5091"", ""4"", ""145"", ""20"", ""110"", ""818"", ""602""]; Cumulative=[""937"", ""1047"", ""1078"", ""1165"", ""1186"", ""1984"", ""2016"", ""2057"", ""7148"", ""7152"", ""7297"", ""7317"", ""7427"", ""8245"", ""8847""]; Skip.to.Item=[""NA"", ""NA"", ""NA"", ""NA"", ""NA"", ""NA"", ""NA"", ""NA"", ""NA"", ""NA"", ""NA"", ""NA"", ""NA"", ""NA"", ""NA""]"
"OHXDEN_C","OHX07CSC","OHX07CSC","Coronal Caries: Surface condition #7","Coronal Caries: Upper right lateral incisor (LI) surface calls","Both males and females 2 YEARS - 150 YEARS",NA,"Code.or.Value=[""Multiple surface conditions found"", ""0"", ""2"", ""3"", ""4"", ""5"", ""7"", ""8"", ""9"", ""< blank >""]; Value.Description=[""Value was recorded"", ""Lingual surface caries"", ""Facial surface caries"", ""Mesial caries"", ""Distal caries"", ""Lingual surface restoration"", ""Facial surface restoration"", ""Mesial restoration"", ""Distal restoration"", ""Missing""]; Count=[""403"", ""34"", ""18"", ""98"", ""43"", ""105"", ""25"", ""130"", ""49"", ""7942""]; Cumulative=[""403"", ""437"", ""455"", ""553"", ""596"", ""701"", ""726"", ""856"", ""905"", ""8847""]; Skip.to.Item=[""NA"", ""NA"", ""NA"", ""NA"", ""NA"", ""NA"", ""NA"", ""NA"", ""NA"", ""NA""]"
"OHXDEN_C","OHX06CTC","OHX06CTC","Coronal Caries: Tooth count #6","Coronal Caries: Upper right cuspid (C) tooth code","Both males and females 2 YEARS - 150 YEARS",NA,"Code.or.Value=[""D"", ""E"", ""J"", ""K"", ""M"", ""P"", ""Q"", ""R"", ""S"", ""T"", ""U"", ""X"", ""Y"", ""Z"", ""< blank >""]; Value.Description=[""Sound primary tooth"", ""Missing due to dental disease"", ""Permanent root tip is present but no restorative replacement is present"", ""Primary tooth with surface condition (s)"", ""Missing due to other causes"", ""Missing due to dental disease but replaced by a removable restoration"", ""Missing due to other causes but replaced by a removable restoration"", ""Missing due to dental disease,  but replaced by a fixed restoration"", ""Sound permanent tooth"", ""Permanent root tip is present but a restorative replacement is present"", ""Unerupted"", ""Missing due to other causes, but replaced by a fixed restoration"", ""Tooth present, condition cannot be assessed"", ""Permanent tooth with surface condition (s)"", ""Missing""]; Count=[""1493"", ""96"", ""32"", ""57"", ""23"", ""774"", ""14"", ""7"", ""5018"", ""4"", ""87"", ""4"", ""86"", ""550"", ""602""]; Cumulative=[""1493"", ""1589"", ""1621"", ""1678"", ""1701"", ""2475"", ""2489"", ""2496"", ""7514"", ""7518"", ""7605"", ""7609"", ""7695"", ""8245"", ""8847""]; Skip.to.Item=[""NA"", ""NA"", ""NA"", ""NA"", ""NA"", ""NA"", ""NA"", ""NA"", ""NA"", ""NA"", ""NA"", ""NA"", ""NA"", ""NA"", ""NA""]"
"OHXDEN_C","OHX06CSC","OHX06CSC","Coronal Caries: Surface condition #6","Coronal Caries: Upper right cuspid (C) surface calls","Both males and females 2 YEARS - 150 YEARS",NA,"Code.or.Value=[""Multiple surface conditions found"", ""0"", ""2"", ""3"", ""4"", ""5"", ""7"", ""8"", ""9"", ""< blank >""]; Value.Description=[""Value was recorded"", ""Lingual surface caries"", ""Facial surface caries"", ""Mesial caries"", ""Distal caries"", ""Lingual surface restoration"", ""Facial surface restoration"", ""Mesial restoration"", ""Distal restoration"", ""Missing""]; Count=[""295"", ""9"", ""40"", ""30"", ""34"", ""20"", ""52"", ""51"", ""77"", ""8239""]; Cumulative=[""295"", ""304"", ""344"", ""374"", ""408"", ""428"", ""480"", ""531"", ""608"", ""8847""]; Skip.to.Item=[""NA"", ""NA"", ""NA"", ""NA"", ""NA"", ""NA"", ""NA"", ""NA"", ""NA"", ""NA""]"
"OHXDEN_C","OHX05CTC","OHX05CTC","Coronal Caries: Tooth count #5","Coronal Caries: Upper right 1st bicuspid/1st primary molar (1B) tooth code","Both males and females 2 YEARS - 150 YEARS",NA,"Code.or.Value=[""D"", ""E"", ""J"", ""K"", ""M"", ""P"", ""Q"", ""R"", ""S"", ""T"", ""U"", ""X"", ""Y"", ""Z"", ""< blank >""]; Value.Description=[""Sound primary tooth"", ""Missing due to dental disease"", ""Permanent root tip is present but no restorative replacement is present"", ""Primary tooth with surface condition (s)"", ""Missing due to other causes"", ""Missing due to dental disease but replaced by a removable restoration"", ""Missing due to other causes but replaced by a removable restoration"", ""Missing due to dental disease,  but replaced by a fixed restoration"", ""Sound permanent tooth"", ""Permanent root tip is present but a restorative replacement is present"", ""Unerupted"", ""Missing due to other causes, but replaced by a fixed restoration"", ""Tooth present, condition cannot be assessed"", ""Permanent tooth with surface condition (s)"", ""Missing""]; Count=[""1187"", ""272"", ""57"", ""239"", ""279"", ""838"", ""6"", ""62"", ""4132"", ""1"", ""20"", ""0"", ""1"", ""1151"", ""602""]; Cumulative=[""1187"", ""1459"", ""1516"", ""1755"", ""2034"", ""2872"", ""2878"", ""2940"", ""7072"", ""7073"", ""7093"", ""7093"", ""7094"", ""8245"", ""8847""]; Skip.to.Item=[""NA"", ""NA"", ""NA"", ""NA"", ""NA"", ""NA"", ""NA"", ""NA"", ""NA"", ""NA"", ""NA"", ""NA"", ""NA"", ""NA"", ""NA""]"
"OHXDEN_C","OHX05CSC","OHX05CSC","Coronal Caries: Surface condition #5","Coronal Caries: Upper right 1st biscuspid/1st primary molar (1B) surface calls","Both males and females 2 YEARS - 150 YEARS",NA,"Code.or.Value=[""Multiple surface conditions found"", ""0"", ""1"", ""2"", ""3"", ""4"", ""5"", ""6"", ""7"", ""8"", ""9"", ""< blank >""]; Value.Description=[""Value was recorded"", ""Lingual surface caries"", ""Occlusal/incisal caries"", ""Facial surface caries"", ""Mesial caries"", ""Distal caries"", ""Lingual surface restoration"", ""Occlusal/incisal restoration"", ""Facial surface restoration"", ""Mesial restoration"", ""Distal restoration"", ""Missing""]; Count=[""1011"", ""4"", ""36"", ""4"", ""7"", ""47"", ""0"", ""261"", ""15"", ""1"", ""4"", ""7457""]; Cumulative=[""1011"", ""1015"", ""1051"", ""1055"", ""1062"", ""1109"", ""1109"", ""1370"", ""1385"", ""1386"", ""1390"", ""8847""]; Skip.to.Item=[""NA"", ""NA"", ""NA"", ""NA"", ""NA"", ""NA"", ""NA"", ""NA"", ""NA"", ""NA"", ""NA"", ""NA""]"
"OHXDEN_C","OHX04CTC","OHX04CTC","Coronal Caries: Tooth count #4","Coronal Caries: Upper right 2nd bicuspid/2nd primary molar (2B) tooth code","Both males and females 2 YEARS - 150 YEARS",NA,"Code.or.Value=[""D"", ""E"", ""J"", ""K"", ""M"", ""P"", ""Q"", ""R"", ""S"", ""T"", ""U"", ""X"", ""Y"", ""Z"", ""< blank >""]; Value.Description=[""Sound primary tooth"", ""Missing due to dental disease"", ""Permanent root tip is present but no restorative replacement is present"", ""Primary tooth with surface condition (s)"", ""Missing due to other causes"", ""Missing due to dental disease but replaced by a removable restoration"", ""Missing due to other causes but replaced by a removable restoration"", ""Missing due to dental disease, but replaced by a fixed restoration"", ""Sound permanent tooth"", ""Permanent root tip is present but a restorative replacement is present"", ""Unerupted"", ""Missing due to other causes, but replaced by a fixed restoration"", ""Tooth present, condition cannot be assessed"", ""Permanent tooth with surface condition (s)"", ""Missing""]; Count=[""1187"", ""357"", ""44"", ""351"", ""9"", ""859"", ""4"", ""57"", ""3970"", ""1"", ""107"", ""1"", ""0"", ""1298"", ""602""]; Cumulative=[""1187"", ""1544"", ""1588"", ""1939"", ""1948"", ""2807"", ""2811"", ""2868"", ""6838"", ""6839"", ""6946"", ""6947"", ""6947"", ""8245"", ""8847""]; Skip.to.Item=[""NA"", ""NA"", ""NA"", ""NA"", ""NA"", ""NA"", ""NA"", ""NA"", ""NA"", ""NA"", ""NA"", ""NA"", ""NA"", ""NA"", ""NA""]"
"OHXDEN_C","OHX04CSC","OHX04CSC","Coronal Caries: Surface condition #4","Coronal Caries: Upper right 2nd bicuspid/2nd primary molar (2B) surface calls","Both males and females 2 YEARS - 150 YEARS",NA,"Code.or.Value=[""Multiple surface conditions found"", ""0"", ""1"", ""2"", ""3"", ""4"", ""5"", ""6"", ""7"", ""8"", ""9"", ""< blank >""]; Value.Description=[""Value was recorded"", ""Lingual surface caries"", ""Occlusal/incisal caries"", ""Facial surface caries"", ""Mesial caries"", ""Distal caries"", ""Lingual surface restoration"", ""Occlusal/incisal restoration"", ""Facial surface restoration"", ""Mesial restoration"", ""Distal restoration"", ""Missing""]; Count=[""1251"", ""16"", ""60"", ""5"", ""27"", ""10"", ""6"", ""267"", ""3"", ""3"", ""1"", ""7198""]; Cumulative=[""1251"", ""1267"", ""1327"", ""1332"", ""1359"", ""1369"", ""1375"", ""1642"", ""1645"", ""1648"", ""1649"", ""8847""]; Skip.to.Item=[""NA"", ""NA"", ""NA"", ""NA"", ""NA"", ""NA"", ""NA"", ""NA"", ""NA"", ""NA"", ""NA"", ""NA""]"
"OHXDEN_C","OHX03CTC","OHX03CTC","Coronal Caries: Tooth count #3","Coronal Caries: Upper right 1st molar (1M) tooth code","Both males and females 2 YEARS - 150 YEARS",NA,"Code.or.Value=[""Y"", ""Z"", ""< blank >"", ""E"", ""J"", ""M"", ""P"", ""Q"", ""R"", ""S"", ""T"", ""U"", ""X""]; Value.Description=[""Tooth present, condition cannot be assessed"", ""Permanent tooth with surface condition (s)"", ""Missing"", ""Missing due to dental disease"", ""Permanent root tip is present but no restorative replacement is present"", ""Missing due to other causes"", ""Missing due to dental disease but replaced by a removable restoration"", ""Missing due to other causes but replaced by a removable restoration"", ""Missing due to dental disease, but replaced by a fixed restoration"", ""Sound permanent tooth"", ""Permanent root tip is present but a restorative replacement is present"", ""Unerupted"", ""Missing due to other causes, but replaced by a fixed restoration""]; Count=[""1"", ""2668"", ""602"", ""553"", ""62"", ""6"", ""875"", ""4"", ""72"", ""3192"", ""1"", ""810"", ""1""]; Cumulative=[""5577"", ""8245"", ""8847"", ""553"", ""615"", ""621"", ""1496"", ""1500"", ""1572"", ""4764"", ""4765"", ""5575"", ""5576""]; Skip.to.Item=[""NA"", ""NA"", ""NA"", ""NA"", ""NA"", ""NA"", ""NA"", ""NA"", ""NA"", ""NA"", ""NA"", ""NA"", ""NA""]"
"OHXDEN_C","OHX03CSC","OHX03CSC","Coronal Caries: Surface condition #3","Coronal Caries: Upper right 1st molar (1M) surface calls","Both males and females 2 YEARS - 150 YEARS",NA,"Code.or.Value=[""Multiple surface conditions found"", ""0"", ""1"", ""2"", ""3"", ""4"", ""5"", ""6"", ""7"", ""8"", ""9"", ""< blank >""]; Value.Description=[""Value was recorded"", ""Lingual surface caries"", ""Occlusal/incisal caries"", ""Facial surface caries"", ""Mesial caries"", ""Distal caries"", ""Lingual surface restoration"", ""Occlusal/incisal restoration"", ""Facial surface restoration"", ""Mesial restoration"", ""Distal restoration"", ""Missing""]; Count=[""1836"", ""17"", ""142"", ""1"", ""10"", ""3"", ""49"", ""606"", ""2"", ""2"", ""0"", ""6179""]; Cumulative=[""1836"", ""1853"", ""1995"", ""1996"", ""2006"", ""2009"", ""2058"", ""2664"", ""2666"", ""2668"", ""2668"", ""8847""]; Skip.to.Item=[""NA"", ""NA"", ""NA"", ""NA"", ""NA"", ""NA"", ""NA"", ""NA"", ""NA"", ""NA"", ""NA"", ""NA""]"
"OHXDEN_C","OHX02CTC","OHX02CTC","Coronal Caries: Tooth count #2","Coronal Caries: Upper right 2nd molar (2M) tooth code","Both males and females 2 YEARS - 150 YEARS",NA,"Code.or.Value=[""E"", ""J"", ""M"", ""P"", ""Q"", ""R"", ""S"", ""T"", ""U"", ""X"", ""Y"", ""Z"", ""< blank >""]; Value.Description=[""Missing due to dental disease"", ""Permanent root tip is present but no restorative replacement is present"", ""Missing due to other causes"", ""Missing due to dental disease but replaced by a removable restoration"", ""Missing due to other causes but replaced by a removable restoration"", ""Missing due to dental disease, but replaced by a fixed restoration"", ""Sound permanent tooth"", ""Permanent root tip is present but a restorative replacement is present"", ""Unerupted"", ""Missing due to other causes, but replaced  by a fixed restoration"", ""Tooth present, condition cannot be assessed"", ""Permanent tooth with surface condition (s)"", ""Missing""]; Count=[""692"", ""48"", ""4"", ""759"", ""3"", ""10"", ""2945"", ""0"", ""1817"", ""0"", ""0"", ""1967"", ""602""]; Cumulative=[""692"", ""740"", ""744"", ""1503"", ""1506"", ""1516"", ""4461"", ""4461"", ""6278"", ""6278"", ""6278"", ""8245"", ""8847""]; Skip.to.Item=[""NA"", ""NA"", ""NA"", ""NA"", ""NA"", ""NA"", ""NA"", ""NA"", ""NA"", ""NA"", ""NA"", ""NA"", ""NA""]"
"OHXDEN_C","OHX02CSC","OHX02CSC","Coronal Caries: Surface condition #2","Coronal Caries: Upper right 2nd molar (2M) surface calls","Both males and females 2 YEARS - 150 YEARS",NA,"Code.or.Value=[""Multiple surface conditions found"", ""0"", ""1"", ""2"", ""3"", ""4"", ""5"", ""6"", ""7"", ""8"", ""9"", ""< blank >""]; Value.Description=[""Value was recorded"", ""Lingual surface caries"", ""Occlusal/incisal caries"", ""Facial surface caries"", ""Mesial caries"", ""Distal caries"", ""Lingual surface restoration"", ""Occlusal/incisal restoration"", ""Facial surface restoration"", ""Mesial restoration"", ""Distal restoration"", ""Missing""]; Count=[""999"", ""10"", ""134"", ""9"", ""0"", ""2"", ""12"", ""789"", ""9"", ""1"", ""2"", ""6880""]; Cumulative=[""999"", ""1009"", ""1143"", ""1152"", ""1152"", ""1154"", ""1166"", ""1955"", ""1964"", ""1965"", ""1967"", ""8847""]; Skip.to.Item=[""NA"", ""NA"", ""NA"", ""NA"", ""NA"", ""NA"", ""NA"", ""NA"", ""NA"", ""NA"", ""NA"", ""NA""]"
"OHXDEN_C","OHX09CTC","OHX09CTC","Coronal Caries: Tooth count #9","Coronal Caries: Upper left central incisor (CI) tooth code","Both males and females 2 YEARS - 150 YEARS",NA,"Code.or.Value=[""D"", ""E"", ""J"", ""K"", ""M"", ""P"", ""Q"", ""R"", ""S"", ""T"", ""U"", ""X"", ""Y"", ""Z"", ""< blank >""]; Value.Description=[""Sound primary tooth"", ""Missing due to dental disease"", ""Permanent root tip is present but no restorative replacement is present"", ""Primary tooth with surface condition (s)"", ""Missing due to other causes"", ""Missing due to dental disease but replaced by a removable restoration"", ""Missing due to other causes but replaced by a removable restoration"", ""Missing due to dental disease, but replaced by a fixed restoration"", ""Sound permanent tooth"", ""Permanent root tip is present but a restorative replacement is present"", ""Unerupted"", ""Missing due to other causes, but replaced by a fixed restoration"", ""Tooth present, condition cannot be assessed"", ""Permanent tooth with surface condition (s)"", ""Missing""]; Count=[""746"", ""107"", ""26"", ""109"", ""7"", ""802"", ""39"", ""43"", ""5250"", ""2"", ""68"", ""26"", ""189"", ""831"", ""602""]; Cumulative=[""746"", ""853"", ""879"", ""988"", ""995"", ""1797"", ""1836"", ""1879"", ""7129"", ""7131"", ""7199"", ""7225"", ""7414"", ""8245"", ""8847""]; Skip.to.Item=[""NA"", ""NA"", ""NA"", ""NA"", ""NA"", ""NA"", ""NA"", ""NA"", ""NA"", ""NA"", ""NA"", ""NA"", ""NA"", ""NA"", ""NA""]"
"OHXDEN_C","OHX09CSC","OHX09CSC","Coronal Caries: Surface condition #9","Coronal Caries: Upper left central incisor (CI) surface calls","Both males and females 2 YEARS - 150 YEARS",NA,"Code.or.Value=[""Multiple surface conditions found"", ""0"", ""2"", ""3"", ""4"", ""5"", ""7"", ""8"", ""9"", ""< blank >""]; Value.Description=[""Value was recorded"", ""Lingual surface caries"", ""Facial surface caries"", ""Mesial caries"", ""Distal caries"", ""Lingual surface restoration"", ""Facial surface restoration"", ""Mesial restoration"", ""Distal restoration"", ""Missing""]; Count=[""476"", ""8"", ""25"", ""121"", ""69"", ""13"", ""31"", ""93"", ""104"", ""7907""]; Cumulative=[""476"", ""484"", ""509"", ""630"", ""699"", ""712"", ""743"", ""836"", ""940"", ""8847""]; Skip.to.Item=[""NA"", ""NA"", ""NA"", ""NA"", ""NA"", ""NA"", ""NA"", ""NA"", ""NA"", ""NA""]"
"OHXDEN_C","OHX10CTC","OHX10CTC","Coronal Caries: Tooth count #10","Coronal Caries: Upper left lateral incisor (LI) tooth code","Both males and females 2 YEARS - 150 YEARS",NA,"Code.or.Value=[""D"", ""E"", ""J"", ""K"", ""M"", ""P"", ""Q"", ""R"", ""S"", ""T"", ""U"", ""X"", ""Y"", ""Z"", ""< blank >""]; Value.Description=[""Sound primary tooth"", ""Missing due to dental disease"", ""Permanent root tip is present but no restorative replacement is present"", ""Primary tooth with surface condition (s)"", ""Missing due to other causes"", ""Missing due to dental disease but replaced by a removable restoration"", ""Missing due to other causes but replaced by a removable restoration"", ""Missing due to dental disease, but replaced by a fixed restoration"", ""Sound permanent tooth"", ""Permanent root tip is present but a restorative replacement is present"", ""Unerupted"", ""Missing due to other causes, but replaced by a fixed restoration"", ""Tooth present, condition cannot be assessed"", ""Permanent tooth with surface condition (s)"", ""Missing""]; Count=[""935"", ""110"", ""31"", ""87"", ""16"", ""817"", ""27"", ""46"", ""5059"", ""3"", ""134"", ""27"", ""107"", ""846"", ""602""]; Cumulative=[""935"", ""1045"", ""1076"", ""1163"", ""1179"", ""1996"", ""2023"", ""2069"", ""7128"", ""7131"", ""7265"", ""7292"", ""7399"", ""8245"", ""8847""]; Skip.to.Item=[""NA"", ""NA"", ""NA"", ""NA"", ""NA"", ""NA"", ""NA"", ""NA"", ""NA"", ""NA"", ""NA"", ""NA"", ""NA"", ""NA"", ""NA""]"
"OHXDEN_C","OHX10CSC","OHX10CSC","Coronal Caries: Surface condition #10","Coronal Caries: Upper left lateral incisor (LI) surface calls","Both males and females 2 YEARS - 150 YEARS",NA,"Code.or.Value=[""Multiple surface conditions found"", ""0"", ""2"", ""3"", ""4"", ""5"", ""7"", ""8"", ""9"", ""< blank >""]; Value.Description=[""Value was recorded"", ""Lingual surface caries"", ""Facial surface caries"", ""Mesial caries"", ""Distal caries"", ""Lingual surface restoration"", ""Facial surface restoration"", ""Mesial restoration"", ""Distal restoration"", ""Missing""]; Count=[""435"", ""37"", ""24"", ""92"", ""32"", ""101"", ""40"", ""132"", ""40"", ""7914""]; Cumulative=[""435"", ""472"", ""496"", ""588"", ""620"", ""721"", ""761"", ""893"", ""933"", ""8847""]; Skip.to.Item=[""NA"", ""NA"", ""NA"", ""NA"", ""NA"", ""NA"", ""NA"", ""NA"", ""NA"", ""NA""]"
"OHXDEN_C","OHX11CTC","OHX11CTC","Coronal Caries: Tooth Count #11","Coronal Caries: Upper left cuspid (C) tooth code","Both males and females 2 YEARS - 150 YEARS",NA,"Code.or.Value=[""D"", ""E"", ""J"", ""K"", ""M"", ""P"", ""Q"", ""R"", ""S"", ""T"", ""U"", ""X"", ""Y"", ""Z"", ""< blank >""]; Value.Description=[""Sound primary tooth"", ""Missing due to dental disease"", ""Permanent root tip is present but no restorative replacement is present"", ""Primary tooth with surface condition (s)"", ""Missing due to other causes"", ""Missing due to dental disease but replaced by a removable restoration"", ""Missing due to other causes but replaced by a removable restoration"", ""Missing due to dental disease, but replaced by a fixed restoration"", ""Sound permanent tooth"", ""Permanent root tip is present but a restorative replacement is present"", ""Unerupted"", ""Missing due to other causes, but replaced by a fixed restoration"", ""Tooth present, condition cannot be assessed"", ""Permanent tooth with surface condition (s)"", ""Missing""]; Count=[""1504"", ""107"", ""40"", ""63"", ""12"", ""771"", ""13"", ""15"", ""4964"", ""3"", ""79"", ""8"", ""90"", ""576"", ""602""]; Cumulative=[""1504"", ""1611"", ""1651"", ""1714"", ""1726"", ""2497"", ""2510"", ""2525"", ""7489"", ""7492"", ""7571"", ""7579"", ""7669"", ""8245"", ""8847""]; Skip.to.Item=[""NA"", ""NA"", ""NA"", ""NA"", ""NA"", ""NA"", ""NA"", ""NA"", ""NA"", ""NA"", ""NA"", ""NA"", ""NA"", ""NA"", ""NA""]"
"OHXDEN_C","OHX11CSC","OHX11CSC","Coronal Caries: Surface condition #11","Coronal Caries: Upper left cuspid (C) surface calls","Both males and females 2 YEARS - 150 YEARS",NA,"Code.or.Value=[""Multiple surface conditions found"", ""0"", ""2"", ""3"", ""4"", ""5"", ""7"", ""8"", ""9"", ""< blank >""]; Value.Description=[""Value was recorded"", ""Lingual surface caries"", ""Facial surface caries"", ""Mesial caries"", ""Distal caries"", ""Lingual surface restoration"", ""Facial surface restoration"", ""Mesial restoration"", ""Distal restoration"", ""Missing""]; Count=[""304"", ""7"", ""47"", ""21"", ""40"", ""22"", ""70"", ""47"", ""82"", ""8207""]; Cumulative=[""304"", ""311"", ""358"", ""379"", ""419"", ""441"", ""511"", ""558"", ""640"", ""8847""]; Skip.to.Item=[""NA"", ""NA"", ""NA"", ""NA"", ""NA"", ""NA"", ""NA"", ""NA"", ""NA"", ""NA""]"
"OHXDEN_C","OHX12CTC","OHX12CTC","Coronal Caries: Tooth count #12","Coronal Caries: Upper left 1st bicuspid/1st primary molar (1B) tooth code","Both males and females 2 YEARS - 150 YEARS",NA,"Code.or.Value=[""D"", ""E"", ""J"", ""K"", ""M"", ""P"", ""Q"", ""R"", ""S"", ""T"", ""U"", ""X"", ""Y"", ""Z"", ""< blank >""]; Value.Description=[""Sound primary tooth"", ""Missing due to dental disease"", ""Permanent root tip is present but no restorative replacement is present"", ""Primary tooth with surface condition (s)"", ""Missing due to other causes"", ""Missing due to dental disease but replaced by a removable restoration"", ""Missing due to other causes but replaced by a removable restoration"", ""Missing due to dental disease, but replaced by a fixed restoration"", ""Sound permanent tooth"", ""Permanent root tip is present but a restorative replacement is present"", ""Unerupted"", ""Missing due to other causes, but replaced by a fixed restoration"", ""Tooth present, condition cannot be assessed"", ""Permanent tooth with surface condition (s)"", ""Missing""]; Count=[""1180"", ""280"", ""57"", ""243"", ""267"", ""840"", ""7"", ""55"", ""4140"", ""1"", ""23"", ""0"", ""2"", ""1150"", ""602""]; Cumulative=[""1180"", ""1460"", ""1517"", ""1760"", ""2027"", ""2867"", ""2874"", ""2929"", ""7069"", ""7070"", ""7093"", ""7093"", ""7095"", ""8245"", ""8847""]; Skip.to.Item=[""NA"", ""NA"", ""NA"", ""NA"", ""NA"", ""NA"", ""NA"", ""NA"", ""NA"", ""NA"", ""NA"", ""NA"", ""NA"", ""NA"", ""NA""]"
"OHXDEN_C","OHX12CSC","OHX12CSC","Coronal Caries: Surface condition #12","Coronal Caries: Upper left 1st bicuspid/1st primary molar (1B) surface calls","Both males and females 2 YEARS - 150 YEARS",NA,"Code.or.Value=[""Multiple surface conditions found"", ""0"", ""1"", ""2"", ""3"", ""4"", ""5"", ""6"", ""7"", ""8"", ""9"", ""< blank >""]; Value.Description=[""Value was recorded"", ""Lingual surface caries"", ""Occlusal/incisal caries"", ""Facial surface caries"", ""Mesial caries"", ""Distal caries"", ""Lingual surface restoration"", ""Occlusal/incisal restoration"", ""Facial surface restoration"", ""Mesial restoration"", ""Distal restoration"", ""Missing""]; Count=[""1011"", ""2"", ""44"", ""8"", ""13"", ""54"", ""3"", ""240"", ""11"", ""0"", ""7"", ""7454""]; Cumulative=[""1011"", ""1013"", ""1057"", ""1065"", ""1078"", ""1132"", ""1135"", ""1375"", ""1386"", ""1386"", ""1393"", ""8847""]; Skip.to.Item=[""NA"", ""NA"", ""NA"", ""NA"", ""NA"", ""NA"", ""NA"", ""NA"", ""NA"", ""NA"", ""NA"", ""NA""]"
"OHXDEN_C","OHX13CTC","OHX13CTC","Coronal Caries: Tooth count #13","Coronal Caries: Upper left 2nd bicuspid/2nd primary molar (2B) tooth code","Both males and females 2 YEARS - 150 YEARS",NA,"Code.or.Value=[""D"", ""E"", ""J"", ""K"", ""M"", ""P"", ""Q"", ""R"", ""S"", ""T"", ""U"", ""X"", ""Y"", ""Z"", ""< blank >""]; Value.Description=[""Sound primary tooth"", ""Missing due to dental disease"", ""Permanent root tip is present but no restorative replacement is present"", ""Primary tooth with surface condition (s)"", ""Missing due to other causes"", ""Missing due to dental disease but replaced by a removable restoration"", ""Missing due to other causes but replaced by a removable restoration"", ""Missing due to dental disease, but replaced by a fixed restoration"", ""Sound permanent tooth"", ""Permanent root tip is present but a restorative replacement is present"", ""Unerupted"", ""Missing due to other causes, but replaced by a fixed restoration"", ""Tooth present, condition cannot be assessed"", ""Permanent tooth with surface condition (s)"", ""Missing""]; Count=[""1186"", ""363"", ""60"", ""351"", ""9"", ""866"", ""8"", ""65"", ""3982"", ""0"", ""103"", ""1"", ""0"", ""1251"", ""602""]; Cumulative=[""1186"", ""1549"", ""1609"", ""1960"", ""1969"", ""2835"", ""2843"", ""2908"", ""6890"", ""6890"", ""6993"", ""6994"", ""6994"", ""8245"", ""8847""]; Skip.to.Item=[""NA"", ""NA"", ""NA"", ""NA"", ""NA"", ""NA"", ""NA"", ""NA"", ""NA"", ""NA"", ""NA"", ""NA"", ""NA"", ""NA"", ""NA""]"
"OHXDEN_C","OHX13CSC","OHX13CSC","Coronal Caries: Surface condition #13","Coronal Caries: Upper left 2nd bicuspid/2nd primary molar (2B) surface calls","Both males and females 2 YEARS - 150 YEARS",NA,"Code.or.Value=[""Multiple surface conditions found"", ""0"", ""1"", ""2"", ""3"", ""4"", ""5"", ""6"", ""7"", ""8"", ""9"", ""< blank >""]; Value.Description=[""Value was recorded"", ""Lingual surface caries"", ""Occlusal/incisal caries"", ""Facial surface caries"", ""Mesial caries"", ""Distal caries"", ""Lingual surface restoration"", ""Occlusal/incisal restoration"", ""Facial surface restoration"", ""Mesial restoration"", ""Distal restoration"", ""Missing""]; Count=[""1206"", ""18"", ""65"", ""4"", ""31"", ""14"", ""8"", ""248"", ""4"", ""2"", ""2"", ""7245""]; Cumulative=[""1206"", ""1224"", ""1289"", ""1293"", ""1324"", ""1338"", ""1346"", ""1594"", ""1598"", ""1600"", ""1602"", ""8847""]; Skip.to.Item=[""NA"", ""NA"", ""NA"", ""NA"", ""NA"", ""NA"", ""NA"", ""NA"", ""NA"", ""NA"", ""NA"", ""NA""]"
"OHXDEN_C","OHX14CTC","OHX14CTC","Coronal Caries: Tooth count #14","Coronal Caries: Upper left 1st molar (1M) tooth code","Both males and females 2 YEARS - 150 YEARS",NA,"Code.or.Value=[""E"", ""J"", ""M"", ""P"", ""Q"", ""R"", ""S"", ""T"", ""U"", ""X"", ""Y"", ""Z"", ""< blank >""]; Value.Description=[""Missing due to dental disease"", ""Permanent root tip is present but no restorative replacement is present"", ""Missing due to other causes"", ""Missing due to dental disease but replaced by a removable restoration"", ""Missing due to other causes but replaced by a removable restoration"", ""Missing due to dental disease, but replaced by a fixed restoration"", ""Sound permanent tooth"", ""Permanent root tip is present but a restorative replacement is present"", ""Unerupted"", ""Missing due to other causes, but replaced by a fixed restoration"", ""Tooth present, condition cannot be assessed"", ""Permanent tooth with surface condition (s)"", ""Missing""]; Count=[""586"", ""42"", ""3"", ""876"", ""5"", ""57"", ""3235"", ""1"", ""813"", ""1"", ""2"", ""2624"", ""602""]; Cumulative=[""586"", ""628"", ""631"", ""1507"", ""1512"", ""1569"", ""4804"", ""4805"", ""5618"", ""5619"", ""5621"", ""8245"", ""8847""]; Skip.to.Item=[""NA"", ""NA"", ""NA"", ""NA"", ""NA"", ""NA"", ""NA"", ""NA"", ""NA"", ""NA"", ""NA"", ""NA"", ""NA""]"
"OHXDEN_C","OHX14CSC","OHX14CSC","Coronal Caries: Surface condition #14","Coronal Caries: Upper left 1st molar (1M) surface calls","Both males and females 2 YEARS - 150 YEARS",NA,"Code.or.Value=[""Multiple surface conditions found"", ""0"", ""1"", ""2"", ""3"", ""4"", ""5"", ""6"", ""7"", ""8"", ""9"", ""< blank >""]; Value.Description=[""Value was recorded"", ""Lingual surface caries"", ""Occlusal/incisal caries"", ""Facial surface caries"", ""Mesial caries"", ""Distal caries"", ""Lingual surface restoration"", ""Occlusal/incisal restoration"", ""Facial surface restoration"", ""Mesial restoration"", ""Distal restoration"", ""Missing""]; Count=[""1825"", ""15"", ""144"", ""2"", ""6"", ""0"", ""31"", ""599"", ""2"", ""0"", ""0"", ""6223""]; Cumulative=[""1825"", ""1840"", ""1984"", ""1986"", ""1992"", ""1992"", ""2023"", ""2622"", ""2624"", ""2624"", ""2624"", ""8847""]; Skip.to.Item=[""NA"", ""NA"", ""NA"", ""NA"", ""NA"", ""NA"", ""NA"", ""NA"", ""NA"", ""NA"", ""NA"", ""NA""]"
"OHXDEN_C","OHX15CTC","OHX15CTC","Coronal Caries: Tooth count #15","Coronal Caries: Upper left 2nd molar (2M) tooth code","Both males and females 2 YEARS - 150 YEARS",NA,"Code.or.Value=[""E"", ""J"", ""M"", ""P"", ""Q"", ""R"", ""S"", ""T"", ""U"", ""X"", ""Y"", ""Z"", ""< blank >""]; Value.Description=[""Missing due to dental disease"", ""Permanent root tip is present but no restorative replacement is present"", ""Missing due to other causes"", ""Missing due to dental disease but replaced by a removable restoration"", ""Missing due to other causes but replaced by a removable restoration"", ""Missing due to dental disease, but replaced by a fixed restoration"", ""Sound permanent tooth"", ""Permanent root tip is present but a restorative replacement is present"", ""Unerupted"", ""Missing due to other causes, but replaced by a fixed restoration"", ""Tooth present, condition cannot be assessed"", ""Permanent tooth with surface condition (s)"", ""Missing""]; Count=[""703"", ""41"", ""2"", ""770"", ""3"", ""6"", ""2933"", ""0"", ""1806"", ""1"", ""0"", ""1980"", ""602""]; Cumulative=[""703"", ""744"", ""746"", ""1516"", ""1519"", ""1525"", ""4458"", ""4458"", ""6264"", ""6265"", ""6265"", ""8245"", ""8847""]; Skip.to.Item=[""NA"", ""NA"", ""NA"", ""NA"", ""NA"", ""NA"", ""NA"", ""NA"", ""NA"", ""NA"", ""NA"", ""NA"", ""NA""]"
"OHXDEN_C","OHX15CSC","OHX15CSC","Coronal Caries: Surface condition #15","Coronal Caries: Upper left 2nd molar (2M) surface calls","Both males and females 2 YEARS - 150 YEARS",NA,"Code.or.Value=[""Multiple surface conditions found"", ""0"", ""1"", ""2"", ""3"", ""4"", ""5"", ""6"", ""7"", ""8"", ""9"", ""< blank >""]; Value.Description=[""Value was recorded"", ""Lingual surface caries"", ""Occlusal/incisal caries"", ""Facial surface caries"", ""Mesial caries"", ""Distal caries"", ""Lingual surface restoration"", ""Occlusal/incisal restoration"", ""Facial surface restoration"", ""Mesial restoration"", ""Distal restoration"", ""Missing""]; Count=[""1062"", ""10"", ""123"", ""15"", ""4"", ""2"", ""8"", ""750"", ""3"", ""3"", ""0"", ""6867""]; Cumulative=[""1062"", ""1072"", ""1195"", ""1210"", ""1214"", ""1216"", ""1224"", ""1974"", ""1977"", ""1980"", ""1980"", ""8847""]; Skip.to.Item=[""NA"", ""NA"", ""NA"", ""NA"", ""NA"", ""NA"", ""NA"", ""NA"", ""NA"", ""NA"", ""NA"", ""NA""]"
"OHXDEN_C","OHX24CTC","OHX24CTC","Coronal Caries: Tooth count #24","Coronal Caries: Lower left central incisor (CI) tooth code","Both males and females 2 YEARS - 150 YEARS",NA,"Code.or.Value=[""D"", ""E"", ""J"", ""K"", ""M"", ""P"", ""Q"", ""R"", ""S"", ""T"", ""U"", ""X"", ""Y"", ""Z"", ""< blank >""]; Value.Description=[""Sound primary tooth"", ""Missing due to dental disease"", ""Permanent root tip is present but no restorative replacement is present"", ""Primary tooth with surface condition (s)"", ""Missing due to other causes"", ""Missing due to dental disease but replaced by a removable restoration"", ""Missing due to other causes but replaced by a removable restoration"", ""Missing due to dental disease, but replaced by a fixed restoration"", ""Sound permanent tooth"", ""Permanent root tip is present but a restorative replacement is present"", ""Unerupted"", ""Missing due to other causes, but replaced by a fixed restoration"", ""Tooth present, condition cannot be assessed"", ""Permanent tooth with surface condition (s)"", ""Missing""]; Count=[""760"", ""137"", ""9"", ""5"", ""12"", ""567"", ""10"", ""20"", ""6534"", ""0"", ""15"", ""8"", ""26"", ""142"", ""602""]; Cumulative=[""760"", ""897"", ""906"", ""911"", ""923"", ""1490"", ""1500"", ""1520"", ""8054"", ""8054"", ""8069"", ""8077"", ""8103"", ""8245"", ""8847""]; Skip.to.Item=[""NA"", ""NA"", ""NA"", ""NA"", ""NA"", ""NA"", ""NA"", ""NA"", ""NA"", ""NA"", ""NA"", ""NA"", ""NA"", ""NA"", ""NA""]"
"OHXDEN_C","OHX24CSC","OHX24CSC","Coronal Caries: Surface condition #24","Coronal Caries: Lower left central incisor (CI) surface calls","Both males and females 2 YEARS - 150 YEARS",NA,"Code.or.Value=[""Multiple surface conditions found"", ""0"", ""2"", ""3"", ""4"", ""5"", ""7"", ""8"", ""9"", ""< blank >""]; Value.Description=[""Value was recorded"", ""Lingual surface caries"", ""Facial surface caries"", ""Mesial caries"", ""Distal caries"", ""Lingual surface restoration"", ""Facial surface restoration"", ""Mesial restoration"", ""Distal restoration"", ""Missing""]; Count=[""73"", ""0"", ""6"", ""17"", ""9"", ""3"", ""13"", ""14"", ""12"", ""8700""]; Cumulative=[""73"", ""73"", ""79"", ""96"", ""105"", ""108"", ""121"", ""135"", ""147"", ""8847""]; Skip.to.Item=[""NA"", ""NA"", ""NA"", ""NA"", ""NA"", ""NA"", ""NA"", ""NA"", ""NA"", ""NA""]"
"OHXDEN_C","OHX23CTC","OHX23CTC","Coronal Caries: Tooth count #23","Coronal Caries: Lower left lateral incisor (LI) tooth code","Both males and females 2 YEARS - 150 YEARS",NA,"Code.or.Value=[""D"", ""E"", ""J"", ""K"", ""M"", ""P"", ""Q"", ""R"", ""S"", ""T"", ""U"", ""X"", ""Y"", ""Z"", ""< blank >""]; Value.Description=[""Sound primary tooth"", ""Missing due to dental disease"", ""Permanent root tip is present but no restorative replacement is present"", ""Primary tooth with surface condition (s)"", ""Missing due to other causes"", ""Missing due to dental disease but replaced by a removable restoration"", ""Missing due to other causes but replaced by a removable restoration"", ""Missing due to dental disease, but replaced by a fixed restoration"", ""Sound permanent tooth"", ""Permanent root tip is present but a restorative replacement is present"", ""Unerupted"", ""Missing due to other causes, but replaced by a fixed restoration"", ""Tooth present, condition cannot be assessed"", ""Permanent tooth with surface condition (s)"", ""Missing""]; Count=[""915"", ""111"", ""9"", ""4"", ""6"", ""546"", ""8"", ""17"", ""6364"", ""2"", ""61"", ""3"", ""27"", ""172"", ""602""]; Cumulative=[""915"", ""1026"", ""1035"", ""1039"", ""1045"", ""1591"", ""1599"", ""1616"", ""7980"", ""7982"", ""8043"", ""8046"", ""8073"", ""8245"", ""8847""]; Skip.to.Item=[""NA"", ""NA"", ""NA"", ""NA"", ""NA"", ""NA"", ""NA"", ""NA"", ""NA"", ""NA"", ""NA"", ""NA"", ""NA"", ""NA"", ""NA""]"
"OHXDEN_C","OHX23CSC","OHX23CSC","Coronal Caries: Surface condition #23","Coronal Caries: Lower left lateral incisor (LI) surface calls","Both males and females 2 YEARS - 150 YEARS",NA,"Code.or.Value=[""Multiple surface conditions found"", ""0"", ""2"", ""3"", ""4"", ""5"", ""7"", ""8"", ""9"", ""< blank >""]; Value.Description=[""Value was recorded"", ""Lingual surface caries"", ""Facial surface caries"", ""Mesial caries"", ""Distal caries"", ""Lingual surface restoration"", ""Facial surface restoration"", ""Mesial restoration"", ""Distal restoration"", ""Missing""]; Count=[""81"", ""2"", ""5"", ""7"", ""32"", ""1"", ""10"", ""14"", ""24"", ""8671""]; Cumulative=[""81"", ""83"", ""88"", ""95"", ""127"", ""128"", ""138"", ""152"", ""176"", ""8847""]; Skip.to.Item=[""NA"", ""NA"", ""NA"", ""NA"", ""NA"", ""NA"", ""NA"", ""NA"", ""NA"", ""NA""]"
"OHXDEN_C","OHX22CTC","OHX22CTC","Coronal Caries: Tooth count #22","Coronal Caries: Lower left cuspid (C) tooth code","Both males and females 2 YEARS - 150 YEARS",NA,"Code.or.Value=[""D"", ""E"", ""J"", ""K"", ""M"", ""P"", ""Q"", ""R"", ""S"", ""T"", ""U"", ""X"", ""Y"", ""Z"", ""< blank >""]; Value.Description=[""Sound primary tooth"", ""Missing due to dental disease"", ""Permanent root tip is present but no restorative replacement is present"", ""Primary tooth with surface condition (s)"", ""Missing due to other causes"", ""Missing due to dental disease but replaced by a removable restoration"", ""Missing due to other causes but replaced by a removable restoration"", ""Missing due to dental disease, but replaced by a fixed restoration"", ""Sound permanent tooth"", ""Permanent root tip is present but a restorative replacement is present"", ""Unerupted"", ""Missing due to other causes, but replaced by a fixed restoration"", ""Tooth present, condition cannot be assessed"", ""Permanent tooth with surface condition (s)"", ""Missing""]; Count=[""1355"", ""98"", ""18"", ""30"", ""7"", ""472"", ""4"", ""4"", ""5886"", ""5"", ""52"", ""1"", ""44"", ""269"", ""602""]; Cumulative=[""1355"", ""1453"", ""1471"", ""1501"", ""1508"", ""1980"", ""1984"", ""1988"", ""7874"", ""7879"", ""7931"", ""7932"", ""7976"", ""8245"", ""8847""]; Skip.to.Item=[""NA"", ""NA"", ""NA"", ""NA"", ""NA"", ""NA"", ""NA"", ""NA"", ""NA"", ""NA"", ""NA"", ""NA"", ""NA"", ""NA"", ""NA""]"
"OHXDEN_C","OHX22CSC","OHX22CSC","Coronal Caries: Surface condition #22","Coronal Caries: Lower left cuspid (C) surface calls","Both males and females 2 YEARS - 150 YEARS",NA,"Code.or.Value=[""Multiple surface conditions found"", ""0"", ""2"", ""3"", ""4"", ""5"", ""7"", ""8"", ""9"", ""< blank >""]; Value.Description=[""Value was recorded"", ""Lingual surface caries"", ""Facial surface caries"", ""Mesial caries"", ""Distal caries"", ""Lingual surface restoration"", ""Facial surface restoration"", ""Mesial restoration"", ""Distal restoration"", ""Missing""]; Count=[""131"", ""2"", ""32"", ""9"", ""26"", ""3"", ""48"", ""14"", ""34"", ""8548""]; Cumulative=[""131"", ""133"", ""165"", ""174"", ""200"", ""203"", ""251"", ""265"", ""299"", ""8847""]; Skip.to.Item=[""NA"", ""NA"", ""NA"", ""NA"", ""NA"", ""NA"", ""NA"", ""NA"", ""NA"", ""NA""]"
"OHXDEN_C","OHX21CTC","OHX21CTC","Coronal Caries: Tooth count #21","Coronal Caries: Lower left 1st bicuspid/1st primary molar (1B) tooth code","Both males and females 2 YEARS - 150 YEARS",NA,"Code.or.Value=[""D"", ""E"", ""J"", ""K"", ""M"", ""P"", ""Q"", ""R"", ""S"", ""T"", ""U"", ""X"", ""Y"", ""Z"", ""< blank >""]; Value.Description=[""Sound primary tooth"", ""Missing due to dental disease"", ""Permanent root tip is present but no restorative replacement is present"", ""Primary tooth with surface condition (s)"", ""Missing due to other causes"", ""Missing due to dental disease but replaced by a removable restoration"", ""Missing due to other causes but replaced by a removable restoration"", ""Missing due to dental disease, but replaced by a fixed restoration"", ""Sound permanent tooth"", ""Permanent root tip is present but a restorative replacement is present"", ""Unerupted"", ""Missing due to other causes, but replaced by a fixed restoration"", ""Tooth present, condition cannot be assessed"", ""Permanent tooth with surface condition (s)"", ""Missing""]; Count=[""1119"", ""208"", ""25"", ""300"", ""214"", ""548"", ""3"", ""20"", ""4974"", ""0"", ""35"", ""1"", ""0"", ""798"", ""602""]; Cumulative=[""1119"", ""1327"", ""1352"", ""1652"", ""1866"", ""2414"", ""2417"", ""2437"", ""7411"", ""7411"", ""7446"", ""7447"", ""7447"", ""8245"", ""8847""]; Skip.to.Item=[""NA"", ""NA"", ""NA"", ""NA"", ""NA"", ""NA"", ""NA"", ""NA"", ""NA"", ""NA"", ""NA"", ""NA"", ""NA"", ""NA"", ""NA""]"
"OHXDEN_C","OHX21CSC","OHX21CSC","Coronal Caries: Surface condition #21","Coronal Caries: Lower left 1st bicuspid/1st primary molar (1B) surface calls","Both males and females 2 YEARS - 150 YEARS",NA,"Code.or.Value=[""Multiple surface conditions found"", ""0"", ""1"", ""2"", ""3"", ""4"", ""5"", ""6"", ""7"", ""8"", ""9"", ""< blank >""]; Value.Description=[""Value was recorded"", ""Lingual surface caries"", ""Occlusal/incisal caries"", ""Facial surface caries"", ""Mesial caries"", ""Distal caries"", ""Lingual surface restoration"", ""Occlusal/incisal restoration"", ""Facial surface restoration"", ""Mesial restoration"", ""Distal restoration"", ""Missing""]; Count=[""654"", ""1"", ""52"", ""21"", ""6"", ""49"", ""1"", ""266"", ""41"", ""0"", ""7"", ""7749""]; Cumulative=[""654"", ""655"", ""707"", ""728"", ""734"", ""783"", ""784"", ""1050"", ""1091"", ""1091"", ""1098"", ""8847""]; Skip.to.Item=[""NA"", ""NA"", ""NA"", ""NA"", ""NA"", ""NA"", ""NA"", ""NA"", ""NA"", ""NA"", ""NA"", ""NA""]"
"OHXDEN_C","OHX20CTC","OHX20CTC","Coronal Caries: Tooth count #20","Coronal Caries: Lower left 2nd bicuspid/2nd primary molar (2B) tooth code","Both males and females 2 YEARS - 150 YEARS",NA,"Code.or.Value=[""D"", ""E"", ""J"", ""K"", ""M"", ""P"", ""Q"", ""R"", ""S"", ""T"", ""U"", ""X"", ""Y"", ""Z"", ""< blank >""]; Value.Description=[""Sound primary tooth"", ""Missing due to dental disease"", ""Permanent root tip is present but no restorative replacement is present"", ""Primary tooth with surface condition (s)"", ""Missing due to other causes"", ""Missing due to dental disease but replaced by a removable restoration"", ""Missing due to other causes but replaced by a removable restoration"", ""Missing due to dental disease, but replaced by a fixed restoration"", ""Sound permanent tooth"", ""Permanent root tip is present but a restorative replacement is present"", ""Unerupted"", ""Missing due to other causes, but replaced by a fixed restoration"", ""Tooth present, condition cannot be assessed"", ""Permanent tooth with surface condition (s)"", ""Missing""]; Count=[""1178"", ""371"", ""32"", ""395"", ""10"", ""620"", ""3"", ""46"", ""4165"", ""0"", ""107"", ""0"", ""0"", ""1318"", ""602""]; Cumulative=[""1178"", ""1549"", ""1581"", ""1976"", ""1986"", ""2606"", ""2609"", ""2655"", ""6820"", ""6820"", ""6927"", ""6927"", ""6927"", ""8245"", ""8847""]; Skip.to.Item=[""NA"", ""NA"", ""NA"", ""NA"", ""NA"", ""NA"", ""NA"", ""NA"", ""NA"", ""NA"", ""NA"", ""NA"", ""NA"", ""NA"", ""NA""]"
"OHXDEN_C","OHX20CSC","OHX20CSC","Coronal Caries: Surface condition #20","Coronal Caries: Lower left 2nd bicuspid/2nd primary molar (2B) surface calls","Both males and females 2 YEARS - 150 YEARS",NA,"Code.or.Value=[""Multiple surface conditions found"", ""0"", ""1"", ""2"", ""3"", ""4"", ""5"", ""6"", ""7"", ""8"", ""9"", ""< blank >""]; Value.Description=[""Value was recorded"", ""Lingual surface caries"", ""Occlusal/incisal caries"", ""Facial surface caries"", ""Mesial caries"", ""Distal caries"", ""Lingual surface restoration"", ""Occlusal/incisal restoration"", ""Facial surface restoration"", ""Mesial restoration"", ""Distal restoration"", ""Missing""]; Count=[""1114"", ""0"", ""107"", ""12"", ""12"", ""16"", ""2"", ""424"", ""22"", ""0"", ""4"", ""7134""]; Cumulative=[""1114"", ""1114"", ""1221"", ""1233"", ""1245"", ""1261"", ""1263"", ""1687"", ""1709"", ""1709"", ""1713"", ""8847""]; Skip.to.Item=[""NA"", ""NA"", ""NA"", ""NA"", ""NA"", ""NA"", ""NA"", ""NA"", ""NA"", ""NA"", ""NA"", ""NA""]"
"OHXDEN_C","OHX19CTC","OHX19CTC","Coronal Caries: Tooth count #19","Coronal Caries: Lower left 1st molar (1M) tooth code","Both males and females 2 YEARS - 150 YEARS",NA,"Code.or.Value=[""E"", ""J"", ""M"", ""P"", ""Q"", ""R"", ""S"", ""T"", ""U"", ""X"", ""Y"", ""Z"", ""< blank >""]; Value.Description=[""Missing due to dental disease"", ""Permanent root tip is present but no restorative replacement is present"", ""Missing due to other causes"", ""Missing due to dental disease but replaced by a removable restoration"", ""Missing due to other causes but replaced by a removable restoration"", ""Missing due to dental disease, but replaced by a fixed restoration"", ""Sound permanent tooth"", ""Permanent root tip is present but a restorative replacement is present"", ""Unerupted"", ""Missing due to other causes, but replaced by a fixed restoration"", ""Tooth present, condition cannot be assessed"", ""Permanent tooth with surface condition (s)"", ""Missing""]; Count=[""929"", ""64"", ""7"", ""731"", ""3"", ""109"", ""2850"", ""0"", ""788"", ""0"", ""1"", ""2763"", ""602""]; Cumulative=[""929"", ""993"", ""1000"", ""1731"", ""1734"", ""1843"", ""4693"", ""4693"", ""5481"", ""5481"", ""5482"", ""8245"", ""8847""]; Skip.to.Item=[""NA"", ""NA"", ""NA"", ""NA"", ""NA"", ""NA"", ""NA"", ""NA"", ""NA"", ""NA"", ""NA"", ""NA"", ""NA""]"
"OHXDEN_C","OHX19CSC","OHX19CSC","Coronal Caries: Surface condition #19","Coronal Caries: Lower left 1st molar (1M) surface calls","Both males and females 2 YEARS - 150 YEARS",NA,"Code.or.Value=[""Multiple surface conditions found"", ""0"", ""1"", ""2"", ""3"", ""4"", ""5"", ""6"", ""7"", ""8"", ""9"", ""< blank >""]; Value.Description=[""Value was recorded"", ""Lingual surface caries"", ""Occlusal/incisal caries"", ""Facial surface caries"", ""Mesial caries"", ""Distal caries"", ""Lingual surface restoration"", ""Occlusal/incisal restoration"", ""Facial surface restoration"", ""Mesial restoration"", ""Distal restoration"", ""Missing""]; Count=[""1794"", ""0"", ""141"", ""48"", ""3"", ""1"", ""1"", ""607"", ""166"", ""2"", ""0"", ""6084""]; Cumulative=[""1794"", ""1794"", ""1935"", ""1983"", ""1986"", ""1987"", ""1988"", ""2595"", ""2761"", ""2763"", ""2763"", ""8847""]; Skip.to.Item=[""NA"", ""NA"", ""NA"", ""NA"", ""NA"", ""NA"", ""NA"", ""NA"", ""NA"", ""NA"", ""NA"", ""NA""]"
"OHXDEN_C","OHX18CTC","OHX18CTC","Coronal Caries: Tooth count #18","Coronal Caries: Lower left 2nd molar (2M) tooth code","Both males and females 2 YEARS - 150 YEARS",NA,"Code.or.Value=[""E"", ""J"", ""M"", ""P"", ""Q"", ""R"", ""S"", ""T"", ""U"", ""X"", ""Y"", ""Z"", ""< blank >""]; Value.Description=[""Missing due to dental disease"", ""Permanent root tip is present but no restorative replacement is present"", ""Missing due to other causes"", ""Missing due to dental disease but replaced by a removable restoration"", ""Missing due to other causes but replaced by a removable restoration"", ""Missing due to dental disease, but replaced by a fixed restoration"", ""Sound permanent tooth"", ""Permanent root tip is present but a restorative replacement is present"", ""Unerupted"", ""Missing due to other causes, but replaced by a fixed restoration"", ""Tooth present, condition cannot be assessed"", ""Permanent tooth with surface condition (s)"", ""Missing""]; Count=[""904"", ""33"", ""7"", ""639"", ""1"", ""21"", ""2581"", ""0"", ""1690"", ""0"", ""0"", ""2369"", ""602""]; Cumulative=[""904"", ""937"", ""944"", ""1583"", ""1584"", ""1605"", ""4186"", ""4186"", ""5876"", ""5876"", ""5876"", ""8245"", ""8847""]; Skip.to.Item=[""NA"", ""NA"", ""NA"", ""NA"", ""NA"", ""NA"", ""NA"", ""NA"", ""NA"", ""NA"", ""NA"", ""NA"", ""NA""]"
"OHXDEN_C","OHX18CSC","OHX18CSC","Coronal Caries: Surface condition #18","Coronal Caries: Lower left 2nd molar (2M) surface calls","Both males and females 2 YEARS - 150 YEARS",NA,"Code.or.Value=[""Multiple surface conditions found"", ""0"", ""1"", ""2"", ""3"", ""4"", ""5"", ""6"", ""7"", ""8"", ""9"", ""< blank >""]; Value.Description=[""Value was recorded"", ""Lingual surface caries"", ""Occlusal/incisal caries"", ""Facial surface caries"", ""Mesial caries"", ""Distal caries"", ""Lingual surface restoration"", ""Occlusal/incisal restoration"", ""Facial surface restoration"", ""Mesial restoration"", ""Distal restoration"", ""Missing""]; Count=[""1213"", ""0"", ""172"", ""57"", ""2"", ""1"", ""2"", ""835"", ""86"", ""1"", ""0"", ""6478""]; Cumulative=[""1213"", ""1213"", ""1385"", ""1442"", ""1444"", ""1445"", ""1447"", ""2282"", ""2368"", ""2369"", ""2369"", ""8847""]; Skip.to.Item=[""NA"", ""NA"", ""NA"", ""NA"", ""NA"", ""NA"", ""NA"", ""NA"", ""NA"", ""NA"", ""NA"", ""NA""]"
"OHXDEN_C","OHX25CTC","OHX25CTC","Coronal Caries: Tooth count #25","Coronal Caries: Lower right central incisor (CI) tooth code","Both males and females 2 YEARS - 150 YEARS",NA,"Code.or.Value=[""D"", ""E"", ""J"", ""K"", ""M"", ""P"", ""Q"", ""R"", ""S"", ""T"", ""U"", ""X"", ""Y"", ""Z"", ""< blank >""]; Value.Description=[""Sound primary tooth"", ""Missing due to dental disease"", ""Permanent root tip is present but no restorative replacement is present"", ""Primary tooth with surface condition (s)"", ""Missing due to other causes"", ""Missing due to dental disease but replaced by a removable restoration"", ""Missing due to other causes but replaced by a removable restoration"", ""Missing due to dental disease, but replaced by a fixed restoration"", ""Sound permanent tooth"", ""Permanent root tip is present but a restorative replacement is present"", ""Unerupted"", ""Missing due to other causes, but replaced by a fixed restoration"", ""Tooth present, condition cannot be assessed"", ""Permanent tooth with surface condition (s)"", ""Missing""]; Count=[""755"", ""141"", ""13"", ""5"", ""13"", ""563"", ""10"", ""19"", ""6539"", ""0"", ""16"", ""7"", ""25"", ""139"", ""602""]; Cumulative=[""755"", ""896"", ""909"", ""914"", ""927"", ""1490"", ""1500"", ""1519"", ""8058"", ""8058"", ""8074"", ""8081"", ""8106"", ""8245"", ""8847""]; Skip.to.Item=[""NA"", ""NA"", ""NA"", ""NA"", ""NA"", ""NA"", ""NA"", ""NA"", ""NA"", ""NA"", ""NA"", ""NA"", ""NA"", ""NA"", ""NA""]"
"OHXDEN_C","OHX25CSC","OHX25CSC","Coronal Caries: Surface condition #25","Coronal Caries: Lower right central incisor (CI) surface calls","Both males and females 2 YEARS - 150 YEARS",NA,"Code.or.Value=[""Multiple surface conditions found"", ""0"", ""2"", ""3"", ""4"", ""5"", ""7"", ""8"", ""9"", ""< blank >""]; Value.Description=[""Value was recorded"", ""Lingual surface caries"", ""Facial surface caries"", ""Mesial caries"", ""Distal caries"", ""Lingual surface restoration"", ""Facial surface restoration"", ""Mesial restoration"", ""Distal restoration"", ""Missing""]; Count=[""78"", ""0"", ""3"", ""15"", ""11"", ""6"", ""5"", ""8"", ""19"", ""8702""]; Cumulative=[""78"", ""78"", ""81"", ""96"", ""107"", ""113"", ""118"", ""126"", ""145"", ""8847""]; Skip.to.Item=[""NA"", ""NA"", ""NA"", ""NA"", ""NA"", ""NA"", ""NA"", ""NA"", ""NA"", ""NA""]"
"OHXDEN_C","OHX26CTC","OHX26CTC","Coronal Caries: Tooth count #26","Coronal Caries: Lower right lateral incisor (LI) tooth code","Both males and females 2 YEARS - 150 YEARS",NA,"Code.or.Value=[""D"", ""E"", ""J"", ""K"", ""M"", ""P"", ""Q"", ""R"", ""S"", ""T"", ""U"", ""X"", ""Y"", ""Z"", ""< blank >""]; Value.Description=[""Sound primary tooth"", ""Missing due to dental disease"", ""Permanent root tip is present but no restorative replacement is present"", ""Primary tooth with surface condition (s)"", ""Missing due to other causes"", ""Missing due to dental disease, but replaced by a removable restoration"", ""Missing due to other causes, but replaced by a removable restoration"", ""Missing due to dental disease, but replaced by a fixed restoration"", ""Sound permanent tooth"", ""Permanent root tip is present but a restorative replacement is present"", ""Unerupted"", ""Missing due to other causes, but replaced by a fixed restoration"", ""Tooth present, condition cannot be assessed"", ""Permanent tooth with surface condition (s)"", ""Missing""]; Count=[""916"", ""113"", ""11"", ""3"", ""5"", ""550"", ""8"", ""12"", ""6343"", ""1"", ""60"", ""3"", ""30"", ""190"", ""602""]; Cumulative=[""916"", ""1029"", ""1040"", ""1043"", ""1048"", ""1598"", ""1606"", ""1618"", ""7961"", ""7962"", ""8022"", ""8025"", ""8055"", ""8245"", ""8847""]; Skip.to.Item=[""NA"", ""NA"", ""NA"", ""NA"", ""NA"", ""NA"", ""NA"", ""NA"", ""NA"", ""NA"", ""NA"", ""NA"", ""NA"", ""NA"", ""NA""]"
"OHXDEN_C","OHX26CSC","OHX26CSC","Coronal Caries: Surface condition #26","Coronal Caries: Lower right lateral incisor (LI) surface calls","Both males and females 2 YEARS - 150 YEARS",NA,"Code.or.Value=[""Multiple surface conditions found"", ""0"", ""2"", ""3"", ""4"", ""5"", ""7"", ""8"", ""9"", ""< blank >""]; Value.Description=[""Value was recorded"", ""Lingual surface caries"", ""Facial surface caries"", ""Mesial caries"", ""Distal caries"", ""Lingual surface restoration"", ""Facial surface restoration"", ""Mesial restoration"", ""Distal restoration"", ""Missing""]; Count=[""92"", ""2"", ""6"", ""7"", ""29"", ""1"", ""9"", ""21"", ""26"", ""8654""]; Cumulative=[""92"", ""94"", ""100"", ""107"", ""136"", ""137"", ""146"", ""167"", ""193"", ""8847""]; Skip.to.Item=[""NA"", ""NA"", ""NA"", ""NA"", ""NA"", ""NA"", ""NA"", ""NA"", ""NA"", ""NA""]"
"OHXDEN_C","OHX27CTC","OHX27CTC","Coronal Caries: Tooth count #27","Coronal Caries: Lower right cuspid (C) tooth code","Both males and females 2 YEARS - 150 YEARS",NA,"Code.or.Value=[""D"", ""E"", ""J"", ""K"", ""M"", ""P"", ""Q"", ""R"", ""S"", ""T"", ""U"", ""X"", ""Y"", ""Z"", ""< blank >""]; Value.Description=[""Sound primary tooth"", ""Missing due to dental disease"", ""Permanent root tip is present but no restorative replacement is present"", ""Primary tooth with surface condition (s)"", ""Missing due to other causes"", ""Missing due to dental disease, but replaced by a removable restoration"", ""Missing due to other causes, but replaced by a removable restoration"", ""Missing due to dental disease, but replaced by a fixed restoration"", ""Sound permanent tooth"", ""Permanent root tip is present but a restorative replacement is present"", ""Unerupted"", ""Missing due to other causes, but replaced by a fixed restoration"", ""Tooth present, condition cannot be assessed"", ""Permanent tooth with surface condition (s)"", ""Missing""]; Count=[""1349"", ""96"", ""20"", ""33"", ""11"", ""461"", ""6"", ""7"", ""5871"", ""4"", ""52"", ""1"", ""37"", ""297"", ""602""]; Cumulative=[""1349"", ""1445"", ""1465"", ""1498"", ""1509"", ""1970"", ""1976"", ""1983"", ""7854"", ""7858"", ""7910"", ""7911"", ""7948"", ""8245"", ""8847""]; Skip.to.Item=[""NA"", ""NA"", ""NA"", ""NA"", ""NA"", ""NA"", ""NA"", ""NA"", ""NA"", ""NA"", ""NA"", ""NA"", ""NA"", ""NA"", ""NA""]"
"OHXDEN_C","OHX27CSC","OHX27CSC","Coronal Caries: Surface condition #27","Coronal Caries: Lower right cuspid (C) surface calls","Both males and females 2 YEARS - 150 YEARS",NA,"Code.or.Value=[""Multiple surface conditions found"", ""0"", ""2"", ""3"", ""4"", ""5"", ""7"", ""8"", ""9"", ""< blank >""]; Value.Description=[""Value was recorded"", ""Lingual surface caries"", ""Facial surface caries"", ""Mesial caries"", ""Distal caries"", ""Lingual surface restoration"", ""Facial surface restoration"", ""Mesial restoration"", ""Distal restoration"", ""Missing""]; Count=[""145"", ""0"", ""33"", ""10"", ""20"", ""5"", ""66"", ""16"", ""35"", ""8517""]; Cumulative=[""145"", ""145"", ""178"", ""188"", ""208"", ""213"", ""279"", ""295"", ""330"", ""8847""]; Skip.to.Item=[""NA"", ""NA"", ""NA"", ""NA"", ""NA"", ""NA"", ""NA"", ""NA"", ""NA"", ""NA""]"
"OHXDEN_C","OHX28CTC","OHX28CTC","Coronal Caries: Tooth count #28","Coronal Caries: Lower right 1st bicuspid/1st primary molar (1B) tooth code","Both males and females 2 YEARS - 150 YEARS",NA,"Code.or.Value=[""D"", ""E"", ""J"", ""K"", ""M"", ""P"", ""Q"", ""R"", ""S"", ""T"", ""U"", ""X"", ""Y"", ""Z"", ""< blank >""]; Value.Description=[""Sound primary tooth"", ""Missing due to dental disease"", ""Permanent root tip is present but no restorative replacement is present"", ""Primary tooth with surface condition (s)"", ""Missing due to other causes"", ""Missing due to dental disease, but replaced by a removable restoration"", ""Missing due to other causes, but replaced by a removable restoration"", ""Missing due to dental disease, but replaced by a fixed restoration"", ""Sound permanent tooth"", ""Permanent root tip is present but a restorative replacement is present"", ""Unerupted"", ""Missing due to other causes, but replaced by a fixed restoration"", ""Tooth present, condition cannot be assessed"", ""Permanent tooth with surface condition (s)"", ""Missing""]; Count=[""1108"", ""204"", ""37"", ""296"", ""211"", ""535"", ""2"", ""16"", ""4995"", ""1"", ""39"", ""0"", ""1"", ""800"", ""602""]; Cumulative=[""1108"", ""1312"", ""1349"", ""1645"", ""1856"", ""2391"", ""2393"", ""2409"", ""7404"", ""7405"", ""7444"", ""7444"", ""7445"", ""8245"", ""8847""]; Skip.to.Item=[""NA"", ""NA"", ""NA"", ""NA"", ""NA"", ""NA"", ""NA"", ""NA"", ""NA"", ""NA"", ""NA"", ""NA"", ""NA"", ""NA"", ""NA""]"
"OHXDEN_C","OHX28CSC","OHX28CSC","Coronal Caries: Surface condition #28","Coronal Caries: Lower right 1st bicuspid/1st primary molar (1B) surface calls","Both males and females 2 YEARS - 150 YEARS",NA,"Code.or.Value=[""Multiple surface conditions found"", ""0"", ""1"", ""2"", ""3"", ""4"", ""5"", ""6"", ""7"", ""8"", ""9"", ""< blank >""]; Value.Description=[""Value was recorded"", ""Lingual surface caries"", ""Occlusal/incisal caries"", ""Facial surface caries"", ""Mesial caries"", ""Distal caries"", ""Lingual surface restoration"", ""Occlusal/incisal restoration"", ""Facial surface restoration"", ""Mesial restoration"", ""Distal restoration"", ""Missing""]; Count=[""680"", ""1"", ""47"", ""17"", ""7"", ""47"", ""0"", ""253"", ""41"", ""0"", ""3"", ""7751""]; Cumulative=[""680"", ""681"", ""728"", ""745"", ""752"", ""799"", ""799"", ""1052"", ""1093"", ""1093"", ""1096"", ""8847""]; Skip.to.Item=[""NA"", ""NA"", ""NA"", ""NA"", ""NA"", ""NA"", ""NA"", ""NA"", ""NA"", ""NA"", ""NA"", ""NA""]"
"OHXDEN_C","OHX29CTC","OHX29CTC","Coronal Caries: Tooth count #29","Coronal Caries: Lower right 2nd bicuspid/2nd primary molar (2B) tooth code","Both males and females 2 YEARS - 150 YEARS",NA,"Code.or.Value=[""D"", ""E"", ""J"", ""K"", ""M"", ""P"", ""Q"", ""R"", ""S"", ""T"", ""U"", ""X"", ""Y"", ""Z"", ""< blank >""]; Value.Description=[""Sound primary tooth"", ""Missing due to dental disease"", ""Permanent root tip is present but no restorative replacement is present"", ""Primary tooth with surface condition (s)"", ""Missing due to other causes"", ""Missing due to dental disease, but replaced by a removable restoration"", ""Missing due to other causes, but replaced by a removable restoration"", ""Missing due to dental disease, but replaced by a fixed restoration"", ""Sound permanent tooth"", ""Permanent root tip is present but a restorative replacement is present"", ""Unerupted"", ""Missing due to other causes, but replaced by a fixed restoration"", ""Tooth present, condition cannot be assessed"", ""Permanent tooth with surface condition (s)"", ""Missing""]; Count=[""1163"", ""374"", ""35"", ""397"", ""14"", ""608"", ""2"", ""37"", ""4196"", ""2"", ""99"", ""0"", ""2"", ""1316"", ""602""]; Cumulative=[""1163"", ""1537"", ""1572"", ""1969"", ""1983"", ""2591"", ""2593"", ""2630"", ""6826"", ""6828"", ""6927"", ""6927"", ""6929"", ""8245"", ""8847""]; Skip.to.Item=[""NA"", ""NA"", ""NA"", ""NA"", ""NA"", ""NA"", ""NA"", ""NA"", ""NA"", ""NA"", ""NA"", ""NA"", ""NA"", ""NA"", ""NA""]"
"OHXDEN_C","OHX29CSC","OHX29CSC","Coronal Caries: Surface condition #29","Coronal Caries: Lower right 2nd bicuspid/2nd primary molar (2B) surface calls","Both males and females 2 YEARS - 150 YEARS",NA,"Code.or.Value=[""Multiple surface conditions found"", ""0"", ""1"", ""2"", ""3"", ""4"", ""5"", ""6"", ""7"", ""8"", ""9"", ""< blank >""]; Value.Description=[""Value was recorded"", ""Lingual surface caries"", ""Occlusal/incisal caries"", ""Facial surface caries"", ""Mesial caries"", ""Distal caries"", ""Lingual surface restoration"", ""Occlusal/incisal restoration"", ""Facial surface restoration"", ""Mesial restoration"", ""Distal restoration"", ""Missing""]; Count=[""1144"", ""0"", ""97"", ""13"", ""9"", ""9"", ""0"", ""423"", ""13"", ""2"", ""3"", ""7134""]; Cumulative=[""1144"", ""1144"", ""1241"", ""1254"", ""1263"", ""1272"", ""1272"", ""1695"", ""1708"", ""1710"", ""1713"", ""8847""]; Skip.to.Item=[""NA"", ""NA"", ""NA"", ""NA"", ""NA"", ""NA"", ""NA"", ""NA"", ""NA"", ""NA"", ""NA"", ""NA""]"
"OHXDEN_C","OHX30CTC","OHX30CTC","Coronal Caries: Tooth count #30","Coronal Caries: Lower right 1st molar (1M) tooth code","Both males and females 2 YEARS - 150 YEARS",NA,"Code.or.Value=[""E"", ""J"", ""M"", ""P"", ""Q"", ""R"", ""S"", ""T"", ""U"", ""X"", ""Y"", ""Z"", ""< blank >""]; Value.Description=[""Missing due to dental disease"", ""Permanent root tip is present but no restorative replacement is present"", ""Missing due to other causes"", ""Missing due to dental disease, but replaced by a removable restoration"", ""Missing due to other causes, but replaced by a removable restoration"", ""Missing due to dental disease, but replaced by a fixed restoration"", ""Sound permanent tooth"", ""Permanent root tip is present but a restorative replacement is present"", ""Unerupted"", ""Missing due to other causes, but replaced  by a fixed restoration"", ""Tooth present, condition cannot be assessed"", ""Permanent tooth with surface condition (s)"", ""Missing""]; Count=[""921"", ""41"", ""5"", ""719"", ""1"", ""95"", ""2903"", ""1"", ""791"", ""0"", ""1"", ""2767"", ""602""]; Cumulative=[""921"", ""962"", ""967"", ""1686"", ""1687"", ""1782"", ""4685"", ""4686"", ""5477"", ""5477"", ""5478"", ""8245"", ""8847""]; Skip.to.Item=[""NA"", ""NA"", ""NA"", ""NA"", ""NA"", ""NA"", ""NA"", ""NA"", ""NA"", ""NA"", ""NA"", ""NA"", ""NA""]"
"OHXDEN_C","OHX30CSC","OHX30CSC","Coronal Caries: Surface condition #30","Coronal Caries: Lower right 1st molar (1M) surface calls","Both males and females 2 YEARS - 150 YEARS",NA,"Code.or.Value=[""Multiple surface conditions found"", ""0"", ""1"", ""2"", ""3"", ""4"", ""5"", ""6"", ""7"", ""8"", ""9"", ""< blank >""]; Value.Description=[""Value was recorded"", ""Lingual surface caries"", ""Occlusal/incisal caries"", ""Facial surface caries"", ""Mesial caries"", ""Distal caries"", ""Lingual surface restoration"", ""Occlusal/incisal restoration"", ""Facial surface restoration"", ""Mesial restoration"", ""Distal restoration"", ""Missing""]; Count=[""1785"", ""0"", ""138"", ""53"", ""1"", ""3"", ""0"", ""607"", ""178"", ""2"", ""0"", ""6080""]; Cumulative=[""1785"", ""1785"", ""1923"", ""1976"", ""1977"", ""1980"", ""1980"", ""2587"", ""2765"", ""2767"", ""2767"", ""8847""]; Skip.to.Item=[""NA"", ""NA"", ""NA"", ""NA"", ""NA"", ""NA"", ""NA"", ""NA"", ""NA"", ""NA"", ""NA"", ""NA""]"
"OHXDEN_C","OHX31CTC","OHX31CTC","Coronal Caries: Tooth count #31","Coronal Caries: Lower right 2nd molar (2M) tooth code","Both males and females 2 YEARS - 150 YEARS",NA,"Code.or.Value=[""E"", ""J"", ""M"", ""P"", ""Q"", ""R"", ""S"", ""T"", ""U"", ""X"", ""Y"", ""Z"", ""< blank >""]; Value.Description=[""Missing due to dental disease"", ""Permanent root tip is present but no restorative replacement is present"", ""Missing due to other causes"", ""Missing due to dental disease, but replaced by a removable restoration"", ""Missing due to other causes, but replaced by a removable restoration"", ""Missing due to dental disease, but replaced by a fixed restoration"", ""Sound permanent tooth"", ""Permanent root tip is present but a restorative replacement is present"", ""Unerupted"", ""Missing due to other causes, but replaced by a fixed restoration"", ""Tooth present, condition cannot be assessed"", ""Permanent tooth with surface condition (s)"", ""Missing""]; Count=[""886"", ""43"", ""2"", ""636"", ""1"", ""20"", ""2624"", ""0"", ""1695"", ""0"", ""1"", ""2337"", ""602""]; Cumulative=[""886"", ""929"", ""931"", ""1567"", ""1568"", ""1588"", ""4212"", ""4212"", ""5907"", ""5907"", ""5908"", ""8245"", ""8847""]; Skip.to.Item=[""NA"", ""NA"", ""NA"", ""NA"", ""NA"", ""NA"", ""NA"", ""NA"", ""NA"", ""NA"", ""NA"", ""NA"", ""NA""]"
"OHXDEN_C","OHX31CSC","OHX31CSC","Coronal Caries: Surface condition #31","Coronal Caries: Lower right 2nd molar (2M) surface calls","Both males and females 2 YEARS - 150 YEARS",NA,"Code.or.Value=[""Multiple surface conditions found"", ""0"", ""1"", ""2"", ""3"", ""4"", ""5"", ""6"", ""7"", ""8"", ""9"", ""< blank >""]; Value.Description=[""Value was recorded"", ""Lingual surface caries"", ""Occlusal/incisal caries"", ""Facial surface caries"", ""Mesial caries"", ""Distal caries"", ""Lingual surface restoration"", ""Occlusal/incisal restoration"", ""Facial surface restoration"", ""Mesial restoration"", ""Distal restoration"", ""Missing""]; Count=[""1208"", ""0"", ""166"", ""49"", ""2"", ""3"", ""0"", ""830"", ""78"", ""1"", ""0"", ""6510""]; Cumulative=[""1208"", ""1208"", ""1374"", ""1423"", ""1425"", ""1428"", ""1428"", ""2258"", ""2336"", ""2337"", ""2337"", ""8847""]; Skip.to.Item=[""NA"", ""NA"", ""NA"", ""NA"", ""NA"", ""NA"", ""NA"", ""NA"", ""NA"", ""NA"", ""NA"", ""NA""]"
"OHXDEN_C","OHXRCAR","OHXRCAR","Root Caries: yes / no","Root Caries: Whole mouth root caries","Both males and females 18 YEARS - 150 YEARS",NA,"Code.or.Value=[""1"", ""2"", ""9"", "".""]; Value.Description=[""Root caries detected"", ""No root caries detected"", ""Cannot be assessed"", ""Missing""]; Count=[""430"", ""3376"", ""0"", ""5041""]; Cumulative=[""430"", ""3806"", ""3806"", ""8847""]; Skip.to.Item=[""NA"", ""NA"", ""NA"", ""NA""]"
"OHXDEN_C","OHXRRES","OHXRRES","Root restorations: yes / no","Root Caries: Whole mouth root restorations","Both males and females 18 YEARS - 150 YEARS",NA,"Code.or.Value=[""1"", ""2"", ""9"", "".""]; Value.Description=[""Root restoration(s) detected"", ""No root restoration(s) detected"", ""Cannot be assessed"", ""Missing""]; Count=[""287"", ""3519"", ""0"", ""5041""]; Cumulative=[""287"", ""3806"", ""3806"", ""8847""]; Skip.to.Item=[""NA"", ""NA"", ""NA"", ""NA""]"
"OHXDEN_C","OHX07SE","OHX07SE","Dental Sealants: #7","Dental Sealants: Upper right lateral incisor (LI) sealant codes","Both males and females 2 YEARS - 34 YEARS",NA,"Code.or.Value=[""0"", ""1"", ""2"", ""3"", ""4"", ""9"", ""< blank >""]; Value.Description=[""Sealant not present"", ""Occlusal sealant on permanent tooth"", ""Facial sealant on permanent tooth"", ""Lingual sealant on permanent tooth"", ""Occlusal sealant on primary tooth"", ""Cannot be assessed"", ""Missing""]; Count=[""3883"", ""0"", ""0"", ""18"", ""0"", ""1184"", ""3762""]; Cumulative=[""3883"", ""3883"", ""3883"", ""3901"", ""3901"", ""5085"", ""8847""]; Skip.to.Item=[""NA"", ""NA"", ""NA"", ""NA"", ""NA"", ""NA"", ""NA""]"
"OHXDEN_C","OHX05SE","OHX05SE","Dental Sealants: #5","Dental Sealants: Upper right 1st biscuspid/1st primary molar (1B) sealant codes","Both males and females 2 YEARS - 34 YEARS",NA,"Code.or.Value=[""0"", ""1"", ""2"", ""3"", ""4"", ""9"", ""< blank >""]; Value.Description=[""Sealant not present"", ""Occlusal sealant on permanent tooth"", ""Facial sealant on permanent tooth"", ""Lingual sealant on permanent tooth"", ""Occlusal sealant on primary tooth"", ""Cannot be assessed"", ""Missing""]; Count=[""4654"", ""142"", ""0"", ""0"", ""9"", ""277"", ""3765""]; Cumulative=[""4654"", ""4796"", ""4796"", ""4796"", ""4805"", ""5082"", ""8847""]; Skip.to.Item=[""NA"", ""NA"", ""NA"", ""NA"", ""NA"", ""NA"", ""NA""]"
"OHXDEN_C","OHX04SE","OHX04SE","Dental Sealants: #4","Dental Sealants: Upper right 2nd biscuspid/2nd primary molar (2B) sealant codes","Both males and females 2 YEARS - 34 YEARS",NA,"Code.or.Value=[""< blank >"", ""0"", ""1"", ""2"", ""3"", ""4"", ""9""]; Value.Description=[""Missing"", ""Sealant not present"", ""Occlusal sealant on permanent tooth"", ""Facial sealant on permanent tooth"", ""Lingual sealant on permanent tooth"", ""Occlusal sealant on primary tooth"", ""Cannot be assessed""]; Count=[""3764"", ""4746"", ""119"", ""0"", ""0"", ""28"", ""190""]; Cumulative=[""8847"", ""4746"", ""4865"", ""4865"", ""4865"", ""4893"", ""5083""]; Skip.to.Item=[""NA"", ""NA"", ""NA"", ""NA"", ""NA"", ""NA"", ""NA""]"
"OHXDEN_C","OHX03SE","OHX03SE","Dental Sealants: #3","Dental Sealants: Upper right 1st molar (1M) sealant codes","Both males and females 2 YEARS - 34 YEARS",NA,"Code.or.Value=[""Multiple sealants found"", ""0"", ""1"", ""2"", ""3"", ""4"", ""9"", ""< blank >""]; Value.Description=[""Value was recorded"", ""Sealant not present"", ""Occlusal sealant on permanent tooth"", ""Facial sealant on permanent tooth"", ""Lingual sealant on permanent tooth"", ""Occlusal sealant on primary tooth"", ""Cannot be assessed"", ""Missing""]; Count=[""135"", ""3431"", ""578"", ""0"", ""3"", ""0"", ""938"", ""3762""]; Cumulative=[""135"", ""3566"", ""4144"", ""4144"", ""4147"", ""4147"", ""5085"", ""8847""]; Skip.to.Item=[""NA"", ""NA"", ""NA"", ""NA"", ""NA"", ""NA"", ""NA"", ""NA""]"
"OHXDEN_C","OHX02SE","OHX02SE","Dental Sealants: #2","Dental Sealants: Upper right 2nd molar (2M) sealant codes","Both males and females 2 YEARS - 34 YEARS",NA,"Code.or.Value=[""Multiple sealants found"", ""0"", ""1"", ""2"", ""3"", ""4"", ""9"", ""< blank >""]; Value.Description=[""Value was recorded"", ""Sealant not present"", ""Occlusal sealant on permanent tooth"", ""Facial sealant on permanent tooth"", ""Lingual sealant on permanent tooth"", ""Occlusal sealant on primary tooth"", ""Cannot be assessed"", ""Missing""]; Count=[""27"", ""2918"", ""252"", ""0"", ""0"", ""0"", ""1888"", ""3762""]; Cumulative=[""27"", ""2945"", ""3197"", ""3197"", ""3197"", ""3197"", ""5085"", ""8847""]; Skip.to.Item=[""NA"", ""NA"", ""NA"", ""NA"", ""NA"", ""NA"", ""NA"", ""NA""]"
"OHXDEN_C","OHX10SE","OHX10SE","Dental Sealants: #10","Dental Sealants: Upper left lateral incisor (LI) sealant codes","Both males and females 2 YEARS - 34 YEARS",NA,"Code.or.Value=[""0"", ""1"", ""2"", ""3"", ""4"", ""9"", ""< blank >""]; Value.Description=[""Sealant not present"", ""Occlusal sealant on permanent tooth"", ""Facial sealant on permanent tooth"", ""Lingual sealant on permanent tooth"", ""Occlusal sealant on primary tooth"", ""Cannot be assessed"", ""Missing""]; Count=[""3884"", ""0"", ""0"", ""15"", ""0"", ""1186"", ""3762""]; Cumulative=[""3884"", ""3884"", ""3884"", ""3899"", ""3899"", ""5085"", ""8847""]; Skip.to.Item=[""NA"", ""NA"", ""NA"", ""NA"", ""NA"", ""NA"", ""NA""]"
"OHXDEN_C","OHX12SE","OHX12SE","Dental Sealants: #12","Dental Sealants: Upper left 1st biscuspid/1st primary molar (1B) sealant codes","Both males and females 2 YEARS - 34 YEARS",NA,"Code.or.Value=[""0"", ""1"", ""2"", ""3"", ""4"", ""9"", ""< blank >""]; Value.Description=[""Sealant not present"", ""Occlusal sealant on permanent tooth"", ""Facial sealant on permanent tooth"", ""Lingual sealant on permanent tooth"", ""Occlusal sealant on primary tooth"", ""Cannot be assessed"", ""Missing""]; Count=[""4659"", ""132"", ""0"", ""0"", ""19"", ""272"", ""3765""]; Cumulative=[""4659"", ""4791"", ""4791"", ""4791"", ""4810"", ""5082"", ""8847""]; Skip.to.Item=[""NA"", ""NA"", ""NA"", ""NA"", ""NA"", ""NA"", ""NA""]"
"OHXDEN_C","OHX13SE","OHX13SE","Dental Sealants: #13","Dental Sealants: Upper left 2nd bicuspid/2nd primary molar (2B) sealant codes","Both males and females 2 YEARS - 34 YEARS",NA,"Code.or.Value=[""0"", ""1"", ""2"", ""3"", ""4"", ""9"", ""< blank >""]; Value.Description=[""Sealant not present"", ""Occlusal sealant on permanent tooth"", ""Facial sealant on permanent tooth"", ""Lingual sealant on permanent tooth"", ""Occlusal sealant on primary tooth"", ""Cannot be assessed"", ""Missing""]; Count=[""4749"", ""114"", ""0"", ""0"", ""35"", ""185"", ""3764""]; Cumulative=[""4749"", ""4863"", ""4863"", ""4863"", ""4898"", ""5083"", ""8847""]; Skip.to.Item=[""NA"", ""NA"", ""NA"", ""NA"", ""NA"", ""NA"", ""NA""]"
"OHXDEN_C","OHX14SE","OHX14SE","Dental Sealants: #14","Dental Sealants: Upper left 1st molar (1M) sealant codes","Both males and females 2 YEARS - 34 YEARS",NA,"Code.or.Value=[""Multiple sealants found"", ""0"", ""1"", ""2"", ""3"", ""4"", ""9"", ""< blank >""]; Value.Description=[""Value was recorded"", ""Sealant not present"", ""Occlusal sealant on permanent tooth"", ""Facial sealant on permanent tooth"", ""Lingual sealant on permanent tooth"", ""Occlusal sealant on primary tooth"", ""Cannot be assessed"", ""Missing""]; Count=[""136"", ""3451"", ""557"", ""0"", ""6"", ""0"", ""935"", ""3762""]; Cumulative=[""136"", ""3587"", ""4144"", ""4144"", ""4150"", ""4150"", ""5085"", ""8847""]; Skip.to.Item=[""NA"", ""NA"", ""NA"", ""NA"", ""NA"", ""NA"", ""NA"", ""NA""]"
"OHXDEN_C","OHX15SE","OHX15SE","Dental Sealants: #15","Dental Sealants: Upper left 2nd molar (2M) sealant codes","Both males and females 2 YEARS - 34 YEARS",NA,"Code.or.Value=[""Multiple sealants found"", ""0"", ""1"", ""2"", ""3"", ""4"", ""9"", ""< blank >""]; Value.Description=[""Value was recorded"", ""Sealant not present"", ""Occlusal sealant on permanent tooth"", ""Facial sealant on permanent tooth"", ""Lingual sealant on permanent tooth"", ""Occlusal sealant on primary tooth"", ""Cannot be assessed"", ""Missing""]; Count=[""29"", ""2935"", ""242"", ""0"", ""0"", ""0"", ""1879"", ""3762""]; Cumulative=[""29"", ""2964"", ""3206"", ""3206"", ""3206"", ""3206"", ""5085"", ""8847""]; Skip.to.Item=[""NA"", ""NA"", ""NA"", ""NA"", ""NA"", ""NA"", ""NA"", ""NA""]"
"OHXDEN_C","OHX21SE","OHX21SE","Dental Sealants: #21","Dental Sealants: Lower left 1st bicuspid/1st primary molar (1B) sealant codes","Both males and females 2 YEARS - 34 YEARS",NA,"Code.or.Value=[""0"", ""1"", ""2"", ""3"", ""4"", ""9"", ""< blank >""]; Value.Description=[""Sealant not present"", ""Occlusal sealant on permanent tooth"", ""Facial sealant on permanent tooth"", ""Lingual sealant on permanent tooth"", ""Occlusal sealant on primary tooth"", ""Cannot be assessed"", ""Missing""]; Count=[""4721"", ""107"", ""0"", ""0"", ""14"", ""240"", ""3765""]; Cumulative=[""4721"", ""4828"", ""4828"", ""4828"", ""4842"", ""5082"", ""8847""]; Skip.to.Item=[""NA"", ""NA"", ""NA"", ""NA"", ""NA"", ""NA"", ""NA""]"
"OHXDEN_C","OHX20SE","OHX20SE","Dental Sealants: #20","Dental Sealants: Lower left 2nd bicuspid/2nd primary molar (2B) sealant codes","Both males and females 2 YEARS - 34 YEARS",NA,"Code.or.Value=[""0"", ""1"", ""2"", ""3"", ""4"", ""9"", ""< blank >""]; Value.Description=[""Sealant not present"", ""Occlusal sealant on permanent tooth"", ""Facial sealant on permanent tooth"", ""Lingual sealant on permanent tooth"", ""Occlusal sealant on primary tooth"", ""Cannot be assessed"", ""Missing""]; Count=[""4748"", ""113"", ""0"", ""0"", ""28"", ""194"", ""3764""]; Cumulative=[""4748"", ""4861"", ""4861"", ""4861"", ""4889"", ""5083"", ""8847""]; Skip.to.Item=[""NA"", ""NA"", ""NA"", ""NA"", ""NA"", ""NA"", ""NA""]"
"OHXDEN_C","OHX19SE","OHX19SE","Dental Sealants: #19","Dental Sealants: Lower left 1st molar (1M) sealant codes","Both males and females 2 YEARS - 34 YEARS",NA,"Code.or.Value=[""Multiple sealants found"", ""0"", ""1"", ""2"", ""3"", ""4"", ""9"", ""< blank >""]; Value.Description=[""Value was recorded"", ""Sealant not present"", ""Occlusal sealant on permanent tooth"", ""Facial sealant on permanent tooth"", ""Lingual sealant on permanent tooth"", ""Occlusal sealant on primary tooth"", ""Cannot be assessed"", ""Missing""]; Count=[""88"", ""3350"", ""649"", ""6"", ""0"", ""0"", ""992"", ""3762""]; Cumulative=[""88"", ""3438"", ""4087"", ""4093"", ""4093"", ""4093"", ""5085"", ""8847""]; Skip.to.Item=[""NA"", ""NA"", ""NA"", ""NA"", ""NA"", ""NA"", ""NA"", ""NA""]"
"OHXDEN_C","OHX18SE","OHX18SE","Dental Sealants: #18","Dental Sealants: Lower left 2nd molar (2M) sealant codes","Both males and females 2 YEARS - 34 YEARS",NA,"Code.or.Value=[""Multiple sealants found"", ""0"", ""1"", ""2"", ""3"", ""4"", ""9"", ""< blank >""]; Value.Description=[""Value was recorded"", ""Sealant not present"", ""Occlusal sealant on permanent tooth"", ""Facial sealant on permanent tooth"", ""Lingual sealant on permanent tooth"", ""Occlusal sealant on primary tooth"", ""Cannot be assessed"", ""Missing""]; Count=[""24"", ""2944"", ""308"", ""0"", ""0"", ""0"", ""1809"", ""3762""]; Cumulative=[""24"", ""2968"", ""3276"", ""3276"", ""3276"", ""3276"", ""5085"", ""8847""]; Skip.to.Item=[""NA"", ""NA"", ""NA"", ""NA"", ""NA"", ""NA"", ""NA"", ""NA""]"
"OHXDEN_C","OHX28SE","OHX28SE","Dental Sealants: #28","Dental Sealants: Lower right 1st bicuspid/1st primary molar (1B) sealant codes","Both males and females 2 YEARS - 34 YEARS",NA,"Code.or.Value=[""0"", ""1"", ""2"", ""3"", ""4"", ""9"", ""< blank >""]; Value.Description=[""Sealant not present"", ""Occlusal sealant on permanent tooth"", ""Facial sealant on permanent tooth"", ""Lingual sealant on permanent tooth"", ""Occlusal sealant on primary tooth"", ""Cannot be assessed"", ""Missing""]; Count=[""4710"", ""118"", ""0"", ""0"", ""12"", ""242"", ""3765""]; Cumulative=[""4710"", ""4828"", ""4828"", ""4828"", ""4840"", ""5082"", ""8847""]; Skip.to.Item=[""NA"", ""NA"", ""NA"", ""NA"", ""NA"", ""NA"", ""NA""]"
"OHXDEN_C","OHX29SE","OHX29SE","Dental Sealants: #29","Dental Sealants: Lower right 2nd bicuspid/2nd primary molar (2B) sealant codes","Both males and females 2 YEARS - 34 YEARS",NA,"Code.or.Value=[""0"", ""1"", ""2"", ""3"", ""4"", ""9"", ""< blank >""]; Value.Description=[""Sealant not present"", ""Occlusal sealant on permanent tooth"", ""Facial sealant on permanent tooth"", ""Lingual sealant on permanent tooth"", ""Occlusal sealant on primary tooth"", ""Cannot be assessed"", ""Missing""]; Count=[""4731"", ""120"", ""0"", ""0"", ""30"", ""202"", ""3764""]; Cumulative=[""4731"", ""4851"", ""4851"", ""4851"", ""4881"", ""5083"", ""8847""]; Skip.to.Item=[""NA"", ""NA"", ""NA"", ""NA"", ""NA"", ""NA"", ""NA""]"
"OHXDEN_C","OHX30SE","OHX30SE","Dental Sealants: #30","Dental Sealants: Lower right 1st molar (1M) sealant codes","Both males and females 2 YEARS - 34 YEARS",NA,"Code.or.Value=[""Multiple sealants found"", ""0"", ""1"", ""2"", ""3"", ""4"", ""9"", ""< blank >""]; Value.Description=[""Value was recorded"", ""Sealant not present"", ""Occlusal sealant on permanent tooth"", ""Facial sealant on permanent tooth"", ""Lingual sealant on permanent tooth"", ""Occlusal sealant on primary tooth"", ""Cannot be assessed"", ""Missing""]; Count=[""98"", ""3331"", ""653"", ""17"", ""0"", ""0"", ""986"", ""3762""]; Cumulative=[""98"", ""3429"", ""4082"", ""4099"", ""4099"", ""4099"", ""5085"", ""8847""]; Skip.to.Item=[""NA"", ""NA"", ""NA"", ""NA"", ""NA"", ""NA"", ""NA"", ""NA""]"
"OHXDEN_C","OHX31SE","OHX31SE","Dental Sealants: #31","Dental Sealants: Lower right 2nd molar (2M) sealant codes","Both males and females 2 YEARS - 34 YEARS",NA,"Code.or.Value=[""Multiple sealants found"", ""0"", ""1"", ""2"", ""3"", ""4"", ""9"", ""< blank >""]; Value.Description=[""Value was recorded"", ""Sealant not present"", ""Occlusal sealant on permanent tooth"", ""Facial sealant on permanent tooth"", ""Lingual sealant on permanent tooth"", ""Occlusal sealant on primary tooth"", ""Cannot be assessed"", ""Missing""]; Count=[""26"", ""2914"", ""328"", ""3"", ""0"", ""0"", ""1814"", ""3762""]; Cumulative=[""26"", ""2940"", ""3268"", ""3271"", ""3271"", ""3271"", ""5085"", ""8847""]; Skip.to.Item=[""NA"", ""NA"", ""NA"", ""NA"", ""NA"", ""NA"", ""NA"", ""NA""]"
"OHXDEN_C","OHX08DI","OHX08DI","Fluorosis DI: #8","Fluorosis Deans Index: Upper right central incisor (CI)","Both males and females 6 YEARS - 49 YEARS",NA,"Code.or.Value=[""0"", ""1"", ""2"", ""3"", ""4"", ""5"", ""8"", ""9"", "".""]; Value.Description=[""Normal"", ""Very mild"", ""Mild"", ""Moderate"", ""Severe"", ""Questionable"", ""Non-fluoride opacities"", ""Cannot be assessed"", ""Missing""]; Count=[""3102"", ""515"", ""110"", ""30"", ""4"", ""753"", ""84"", ""677"", ""3572""]; Cumulative=[""3102"", ""3617"", ""3727"", ""3757"", ""3761"", ""4514"", ""4598"", ""5275"", ""8847""]; Skip.to.Item=[""NA"", ""NA"", ""NA"", ""NA"", ""NA"", ""NA"", ""NA"", ""NA"", ""NA""]"
"OHXDEN_C","OHX07DI","OHX07DI","Fluorosis DI: #7","Fluorosis Deans Index: Upper right lateral incisor (LI)","Both males and females 6 YEARS - 49 YEARS",NA,"Code.or.Value=[""0"", ""1"", ""2"", ""3"", ""4"", ""5"", ""8"", ""9"", "".""]; Value.Description=[""Normal"", ""Very mild"", ""Mild"", ""Moderate"", ""Severe"", ""Questionable"", ""Non-fluoride opacities"", ""Cannot be assessed"", ""Missing""]; Count=[""2814"", ""540"", ""94"", ""18"", ""0"", ""940"", ""30"", ""839"", ""3572""]; Cumulative=[""2814"", ""3354"", ""3448"", ""3466"", ""3466"", ""4406"", ""4436"", ""5275"", ""8847""]; Skip.to.Item=[""NA"", ""NA"", ""NA"", ""NA"", ""NA"", ""NA"", ""NA"", ""NA"", ""NA""]"
"OHXDEN_C","OHX06DI","OHX06DI","Fluorosis DI: #6","Fluorosis Deans Index: Upper right cuspid (C)","Both males and females 6 YEARS - 49 YEARS",NA,"Code.or.Value=[""0"", ""1"", ""2"", ""3"", ""4"", ""5"", ""8"", ""9"", "".""]; Value.Description=[""Normal"", ""Very mild"", ""Mild"", ""Moderate"", ""Severe"", ""Questionable"", ""Non-fluoride opacities"", ""Cannot be assessed"", ""Missing""]; Count=[""2341"", ""587"", ""90"", ""26"", ""3"", ""895"", ""16"", ""1317"", ""3572""]; Cumulative=[""2341"", ""2928"", ""3018"", ""3044"", ""3047"", ""3942"", ""3958"", ""5275"", ""8847""]; Skip.to.Item=[""NA"", ""NA"", ""NA"", ""NA"", ""NA"", ""NA"", ""NA"", ""NA"", ""NA""]"
"OHXDEN_C","OHX05DI","OHX05DI","Fluorosis DI: #5","Fluorosis Deans Index: Upper right 1st bicuspid/1st primary molar (1B)","Both males and females 6 YEARS - 49 YEARS",NA,"Code.or.Value=[""0"", ""1"", ""2"", ""3"", ""4"", ""5"", ""8"", ""9"", "".""]; Value.Description=[""Normal"", ""Very mild"", ""Mild"", ""Moderate"", ""Severe"", ""Questionable"", ""Non-fluoride opacities"", ""Cannot be assessed"", ""Missing""]; Count=[""1775"", ""756"", ""209"", ""67"", ""5"", ""1024"", ""3"", ""1436"", ""3572""]; Cumulative=[""1775"", ""2531"", ""2740"", ""2807"", ""2812"", ""3836"", ""3839"", ""5275"", ""8847""]; Skip.to.Item=[""NA"", ""NA"", ""NA"", ""NA"", ""NA"", ""NA"", ""NA"", ""NA"", ""NA""]"
"OHXDEN_C","OHX04DI","OHX04DI","Fluorosis DI: #4","Fluorosis Deans Index: Upper right 2nd bicuspid/2nd primary molar (2B)","Both males and females 6 YEARS - 49 YEARS",NA,"Code.or.Value=[""0"", ""1"", ""2"", ""3"", ""4"", ""5"", ""8"", ""9"", "".""]; Value.Description=[""Normal"", ""Very mild"", ""Mild"", ""Moderate"", ""Severe"", ""Questionable"", ""Non-fluoride opacities"", ""Cannot be assessed"", ""Missing""]; Count=[""1647"", ""786"", ""232"", ""74"", ""4"", ""1111"", ""1"", ""1420"", ""3572""]; Cumulative=[""1647"", ""2433"", ""2665"", ""2739"", ""2743"", ""3854"", ""3855"", ""5275"", ""8847""]; Skip.to.Item=[""NA"", ""NA"", ""NA"", ""NA"", ""NA"", ""NA"", ""NA"", ""NA"", ""NA""]"
"OHXDEN_C","OHX03DI","OHX03DI","Fluorosis DI: #3","Fluorosis Deans Index: Upper right 1st molar (1M)","Both males and females 6 YEARS - 49 YEARS",NA,"Code.or.Value=[""0"", ""1"", ""2"", ""3"", ""4"", ""5"", ""8"", ""9"", "".""]; Value.Description=[""Normal"", ""Very mild"", ""Mild"", ""Moderate"", ""Severe"", ""Questionable"", ""Non-fluoride opacities"", ""Cannot be assessed"", ""Missing""]; Count=[""1880"", ""817"", ""234"", ""67"", ""8"", ""1227"", ""5"", ""1037"", ""3572""]; Cumulative=[""1880"", ""2697"", ""2931"", ""2998"", ""3006"", ""4233"", ""4238"", ""5275"", ""8847""]; Skip.to.Item=[""NA"", ""NA"", ""NA"", ""NA"", ""NA"", ""NA"", ""NA"", ""NA"", ""NA""]"
"OHXDEN_C","OHX02DI","OHX02DI","Fluorosis DI: #2","Fluorosis Deans Index: Upper right 2nd molar (2M)","Both males and females 6 YEARS - 49 YEARS",NA,"Code.or.Value=[""0"", ""1"", ""2"", ""3"", ""4"", ""5"", ""8"", ""9"", "".""]; Value.Description=[""Normal"", ""Very mild"", ""Mild"", ""Moderate"", ""Severe"", ""Questionable"", ""Non-fluoride opacities"", ""Cannot be assessed"", ""Missing""]; Count=[""1313"", ""644"", ""209"", ""57"", ""6"", ""1171"", ""0"", ""1875"", ""3572""]; Cumulative=[""1313"", ""1957"", ""2166"", ""2223"", ""2229"", ""3400"", ""3400"", ""5275"", ""8847""]; Skip.to.Item=[""NA"", ""NA"", ""NA"", ""NA"", ""NA"", ""NA"", ""NA"", ""NA"", ""NA""]"
"OHXDEN_C","OHX09DI","OHX09DI","Fluorosis DI: #9","Fluorosis Deans Index: Upper left central incisor (CI)","Both males and females 6 YEARS - 49 YEARS",NA,"Code.or.Value=[""0"", ""1"", ""2"", ""3"", ""4"", ""5"", ""8"", ""9"", "".""]; Value.Description=[""Normal"", ""Very mild"", ""Mild"", ""Moderate"", ""Severe"", ""Questionable"", ""Non-fluoride opacities"", ""Cannot be assessed"", ""Missing""]; Count=[""3120"", ""522"", ""110"", ""29"", ""4"", ""749"", ""68"", ""673"", ""3572""]; Cumulative=[""3120"", ""3642"", ""3752"", ""3781"", ""3785"", ""4534"", ""4602"", ""5275"", ""8847""]; Skip.to.Item=[""NA"", ""NA"", ""NA"", ""NA"", ""NA"", ""NA"", ""NA"", ""NA"", ""NA""]"
"OHXDEN_C","OHX10DI","OHX10DI","Fluorosis DI: #10","Fluorosis Deans Index: Upper left lateral incisor (LI)","Both males and females 6 YEARS - 49 YEARS",NA,"Code.or.Value=[""0"", ""1"", ""2"", ""3"", ""4"", ""5"", ""8"", ""9"", "".""]; Value.Description=[""Normal"", ""Very mild"", ""Mild"", ""Moderate"", ""Severe"", ""Questionable"", ""Non-fluoride opacities"", ""Cannot be assessed"", ""Missing""]; Count=[""2822"", ""536"", ""95"", ""18"", ""0"", ""943"", ""22"", ""839"", ""3572""]; Cumulative=[""2822"", ""3358"", ""3453"", ""3471"", ""3471"", ""4414"", ""4436"", ""5275"", ""8847""]; Skip.to.Item=[""NA"", ""NA"", ""NA"", ""NA"", ""NA"", ""NA"", ""NA"", ""NA"", ""NA""]"
"OHXDEN_C","OHX11DI","OHX11DI","Fluorosis DI: #11","Fluorosis Deans Index: Upper left cuspid (C)","Both males and females 6 YEARS - 49 YEARS",NA,"Code.or.Value=[""0"", ""1"", ""2"", ""3"", ""4"", ""5"", ""8"", ""9"", "".""]; Value.Description=[""Normal"", ""Very mild"", ""Mild"", ""Moderate"", ""Severe"", ""Questionable"", ""Non-fluoride opacities"", ""Cannot be assessed"", ""Missing""]; Count=[""2355"", ""588"", ""89"", ""26"", ""3"", ""888"", ""8"", ""1318"", ""3572""]; Cumulative=[""2355"", ""2943"", ""3032"", ""3058"", ""3061"", ""3949"", ""3957"", ""5275"", ""8847""]; Skip.to.Item=[""NA"", ""NA"", ""NA"", ""NA"", ""NA"", ""NA"", ""NA"", ""NA"", ""NA""]"
"OHXDEN_C","OHX12DI","OHX12DI","Fluorosis DI: #12","Fluorosis Deans Index: Upper left 1st bicuspid/1st primary molar (1B)","Both males and females 6 YEARS - 49 YEARS",NA,"Code.or.Value=[""2"", ""3"", ""4"", ""5"", ""8"", ""9"", ""."", ""0"", ""1""]; Value.Description=[""Mild"", ""Moderate"", ""Severe"", ""Questionable"", ""Non-fluoride opacities"", ""Cannot be assessed"", ""Missing"", ""Normal"", ""Very mild""]; Count=[""214"", ""65"", ""6"", ""1021"", ""4"", ""1436"", ""3572"", ""1763"", ""766""]; Cumulative=[""2743"", ""2808"", ""2814"", ""3835"", ""3839"", ""5275"", ""8847"", ""1763"", ""2529""]; Skip.to.Item=[""NA"", ""NA"", ""NA"", ""NA"", ""NA"", ""NA"", ""NA"", ""NA"", ""NA""]"
"OHXDEN_C","OHX13DI","OHX13DI","Fluorosis DI: #13","Fluorosis Deans Index: Upper left 2nd bicuspid/2nd primary molar (2B)","Both males and females 6 YEARS - 49 YEARS",NA,"Code.or.Value=[""0"", ""1"", ""2"", ""3"", ""4"", ""5"", ""8"", ""9"", "".""]; Value.Description=[""Normal"", ""Very mild"", ""Mild"", ""Moderate"", ""Severe"", ""Questionable"", ""Non-fluoride opacities"", ""Cannot be assessed"", ""Missing""]; Count=[""1642"", ""792"", ""237"", ""73"", ""4"", ""1105"", ""0"", ""1422"", ""3572""]; Cumulative=[""1642"", ""2434"", ""2671"", ""2744"", ""2748"", ""3853"", ""3853"", ""5275"", ""8847""]; Skip.to.Item=[""NA"", ""NA"", ""NA"", ""NA"", ""NA"", ""NA"", ""NA"", ""NA"", ""NA""]"
"OHXDEN_C","OHX14DI","OHX14DI","Fluorosis DI: #14","Fluorosis Deans Index: Upper left 1st molar (1M)","Both males and females 6 YEARS - 49 YEARS",NA,"Code.or.Value=[""0"", ""1"", ""2"", ""3"", ""4"", ""5"", ""8"", ""9"", "".""]; Value.Description=[""Normal"", ""Very mild"", ""Mild"", ""Moderate"", ""Severe"", ""Questionable"", ""Non-fluoride opacities"", ""Cannot be assessed"", ""Missing""]; Count=[""1874"", ""832"", ""245"", ""66"", ""8"", ""1214"", ""3"", ""1033"", ""3572""]; Cumulative=[""1874"", ""2706"", ""2951"", ""3017"", ""3025"", ""4239"", ""4242"", ""5275"", ""8847""]; Skip.to.Item=[""NA"", ""NA"", ""NA"", ""NA"", ""NA"", ""NA"", ""NA"", ""NA"", ""NA""]"
"OHXDEN_C","OHX15DI","OHX15DI","Fluorosis DI: #15","Fluorosis Deans Index: Upper left 2nd molar (2M)","Both males and females 6 YEARS - 49 YEARS",NA,"Code.or.Value=[""0"", ""1"", ""2"", ""3"", ""4"", ""5"", ""8"", ""9"", "".""]; Value.Description=[""Normal"", ""Very mild"", ""Mild"", ""Moderate"", ""Severe"", ""Questionable"", ""Non-fluoride opacities"", ""Cannot be assessed"", ""Missing""]; Count=[""1302"", ""665"", ""216"", ""55"", ""6"", ""1148"", ""2"", ""1881"", ""3572""]; Cumulative=[""1302"", ""1967"", ""2183"", ""2238"", ""2244"", ""3392"", ""3394"", ""5275"", ""8847""]; Skip.to.Item=[""NA"", ""NA"", ""NA"", ""NA"", ""NA"", ""NA"", ""NA"", ""NA"", ""NA""]"
"OHXDEN_C","OHX24DI","OHX24DI","Fluorosis DI: #24","Fluorosis Deans Index: Lower left central incisor (CI)","Both males and females 6 YEARS - 49 YEARS",NA,"Code.or.Value=[""0"", ""1"", ""2"", ""3"", ""4"", ""5"", ""8"", ""9"", "".""]; Value.Description=[""Normal"", ""Very mild"", ""Mild"", ""Moderate"", ""Severe"", ""Questionable"", ""Non-fluoride opacities"", ""Cannot be assessed"", ""Missing""]; Count=[""4053"", ""273"", ""45"", ""12"", ""1"", ""553"", ""24"", ""314"", ""3572""]; Cumulative=[""4053"", ""4326"", ""4371"", ""4383"", ""4384"", ""4937"", ""4961"", ""5275"", ""8847""]; Skip.to.Item=[""NA"", ""NA"", ""NA"", ""NA"", ""NA"", ""NA"", ""NA"", ""NA"", ""NA""]"
"OHXDEN_C","OHX23DI","OHX23DI","Fluorosis DI: #23","Fluorosis Deans Index: Lower left lateral incisor (LI)","Both males and females 6 YEARS - 49 YEARS",NA,"Code.or.Value=[""0"", ""1"", ""2"", ""3"", ""4"", ""5"", ""8"", ""9"", "".""]; Value.Description=[""Normal"", ""Very mild"", ""Mild"", ""Moderate"", ""Severe"", ""Questionable"", ""Non-fluoride opacities"", ""Cannot be assessed"", ""Missing""]; Count=[""3799"", ""318"", ""42"", ""12"", ""1"", ""611"", ""14"", ""478"", ""3572""]; Cumulative=[""3799"", ""4117"", ""4159"", ""4171"", ""4172"", ""4783"", ""4797"", ""5275"", ""8847""]; Skip.to.Item=[""NA"", ""NA"", ""NA"", ""NA"", ""NA"", ""NA"", ""NA"", ""NA"", ""NA""]"
"OHXDEN_C","OHX22DI","OHX22DI","Fluorosis DI: #22","Fluorosis Deans Index: Lower left cuspid (C)","Both males and females 6 YEARS - 49 YEARS",NA,"Code.or.Value=[""0"", ""1"", ""2"", ""3"", ""4"", ""5"", ""8"", ""9"", "".""]; Value.Description=[""Normal"", ""Very mild"", ""Mild"", ""Moderate"", ""Severe"", ""Questionable"", ""Non-fluoride opacities"", ""Cannot be assessed"", ""Missing""]; Count=[""2918"", ""545"", ""73"", ""12"", ""3"", ""771"", ""12"", ""941"", ""3572""]; Cumulative=[""2918"", ""3463"", ""3536"", ""3548"", ""3551"", ""4322"", ""4334"", ""5275"", ""8847""]; Skip.to.Item=[""NA"", ""NA"", ""NA"", ""NA"", ""NA"", ""NA"", ""NA"", ""NA"", ""NA""]"
"OHXDEN_C","OHX21DI","OHX21DI","Fluorosis DI: #21","Fluorosis Deans Index: Lower left 1st bicuspid/1st primary molar (1B)","Both males and females 6 YEARS - 49 YEARS",NA,"Code.or.Value=[""0"", ""1"", ""2"", ""3"", ""4"", ""5"", ""8"", ""9"", "".""]; Value.Description=[""Normal"", ""Very mild"", ""Mild"", ""Moderate"", ""Severe"", ""Questionable"", ""Non-fluoride opacities"", ""Cannot be assessed"", ""Missing""]; Count=[""1943"", ""839"", ""205"", ""46"", ""3"", ""1059"", ""6"", ""1174"", ""3572""]; Cumulative=[""1943"", ""2782"", ""2987"", ""3033"", ""3036"", ""4095"", ""4101"", ""5275"", ""8847""]; Skip.to.Item=[""NA"", ""NA"", ""NA"", ""NA"", ""NA"", ""NA"", ""NA"", ""NA"", ""NA""]"
"OHXDEN_C","OHX20DI","OHX20DI","Fluorosis DI: #20","Fluorosis Deans Index: Lower left 2nd bicuspid/2nd primary molar (2B)","Both males and females 6 YEARS - 49 YEARS",NA,"Code.or.Value=[""0"", ""1"", ""2"", ""3"", ""4"", ""5"", ""8"", ""9"", "".""]; Value.Description=[""Normal"", ""Very mild"", ""Mild"", ""Moderate"", ""Severe"", ""Questionable"", ""Non-fluoride opacities"", ""Cannot be assessed"", ""Missing""]; Count=[""1850"", ""750"", ""219"", ""53"", ""1"", ""1064"", ""3"", ""1335"", ""3572""]; Cumulative=[""1850"", ""2600"", ""2819"", ""2872"", ""2873"", ""3937"", ""3940"", ""5275"", ""8847""]; Skip.to.Item=[""NA"", ""NA"", ""NA"", ""NA"", ""NA"", ""NA"", ""NA"", ""NA"", ""NA""]"
"OHXDEN_C","OHX19DI","OHX19DI","Fluorosis DI: #19","Fluorosis Deans Index: Lower left 1st molar (1M)","Both males and females 6 YEARS - 49 YEARS",NA,"Code.or.Value=[""0"", ""1"", ""2"", ""3"", ""4"", ""5"", ""8"", ""9"", "".""]; Value.Description=[""Normal"", ""Very mild"", ""Mild"", ""Moderate"", ""Severe"", ""Questionable"", ""Non-fluoride opacities"", ""Cannot be assessed"", ""Missing""]; Count=[""2012"", ""645"", ""184"", ""50"", ""3"", ""1049"", ""6"", ""1326"", ""3572""]; Cumulative=[""2012"", ""2657"", ""2841"", ""2891"", ""2894"", ""3943"", ""3949"", ""5275"", ""8847""]; Skip.to.Item=[""NA"", ""NA"", ""NA"", ""NA"", ""NA"", ""NA"", ""NA"", ""NA"", ""NA""]"
"OHXDEN_C","OHX18DI","OHX18DI","Fluorosis DI: #18","Fluorosis Deans Index: Lower left 2nd molar (2M)","Both males and females 6 YEARS - 49 YEARS",NA,"Code.or.Value=[""0"", ""1"", ""2"", ""3"", ""4"", ""5"", ""8"", ""9"", "".""]; Value.Description=[""Normal"", ""Very mild"", ""Mild"", ""Moderate"", ""Severe"", ""Questionable"", ""Non-fluoride opacities"", ""Cannot be assessed"", ""Missing""]; Count=[""1363"", ""580"", ""167"", ""50"", ""3"", ""1070"", ""1"", ""2041"", ""3572""]; Cumulative=[""1363"", ""1943"", ""2110"", ""2160"", ""2163"", ""3233"", ""3234"", ""5275"", ""8847""]; Skip.to.Item=[""NA"", ""NA"", ""NA"", ""NA"", ""NA"", ""NA"", ""NA"", ""NA"", ""NA""]"
"OHXDEN_C","OHX25DI","OHX25DI","Fluorosis DI: #25","Fluorosis Deans Index: Lower right central incisor (CI)","Both males and females 6 YEARS - 49 YEARS",NA,"Code.or.Value=[""0"", ""1"", ""2"", ""3"", ""4"", ""5"", ""8"", ""9"", "".""]; Value.Description=[""Normal"", ""Very mild"", ""Mild"", ""Moderate"", ""Severe"", ""Questionable"", ""Non-fluoride opacities"", ""Cannot be assessed"", ""Missing""]; Count=[""4051"", ""271"", ""47"", ""12"", ""0"", ""558"", ""22"", ""314"", ""3572""]; Cumulative=[""4051"", ""4322"", ""4369"", ""4381"", ""4381"", ""4939"", ""4961"", ""5275"", ""8847""]; Skip.to.Item=[""NA"", ""NA"", ""NA"", ""NA"", ""NA"", ""NA"", ""NA"", ""NA"", ""NA""]"
"OHXDEN_C","OHX26DI","OHX26DI","Fluorosis DI: #26","Fluorosis Deans Index: Lower right lateral incisor (LI)","Both males and females 6 YEARS - 49 YEARS",NA,"Code.or.Value=[""0"", ""1"", ""2"", ""3"", ""4"", ""5"", ""8"", ""9"", "".""]; Value.Description=[""Normal"", ""Very mild"", ""Mild"", ""Moderate"", ""Severe"", ""Questionable"", ""Non-fluoride opacities"", ""Cannot be assessed"", ""Missing""]; Count=[""3803"", ""316"", ""44"", ""12"", ""0"", ""610"", ""11"", ""479"", ""3572""]; Cumulative=[""3803"", ""4119"", ""4163"", ""4175"", ""4175"", ""4785"", ""4796"", ""5275"", ""8847""]; Skip.to.Item=[""NA"", ""NA"", ""NA"", ""NA"", ""NA"", ""NA"", ""NA"", ""NA"", ""NA""]"
"OHXDEN_C","OHX27DI","OHX27DI","Fluorosis DI: #27","Fluorosis Deans Index: Lower right cuspid (C)","Both males and females 6 YEARS - 49 YEARS",NA,"Code.or.Value=[""2"", ""3"", ""4"", ""5"", ""8"", ""9"", ""."", ""0"", ""1""]; Value.Description=[""Mild"", ""Moderate"", ""Severe"", ""Questionable"", ""Non-fluoride opacities"", ""Cannot be assessed"", ""Missing"", ""Normal"", ""Very mild""]; Count=[""70"", ""12"", ""3"", ""763"", ""5"", ""942"", ""3572"", ""2941"", ""539""]; Cumulative=[""3550"", ""3562"", ""3565"", ""4328"", ""4333"", ""5275"", ""8847"", ""2941"", ""3480""]; Skip.to.Item=[""NA"", ""NA"", ""NA"", ""NA"", ""NA"", ""NA"", ""NA"", ""NA"", ""NA""]"
"OHXDEN_C","OHX28DI","OHX28DI","Fluorosis DI: #28","Fluorosis Deans Index: Lower right 1st bicuspid/1st primary molar (1B)","Both males and females 6 YEARS - 49 YEARS",NA,"Code.or.Value=[""0"", ""1"", ""2"", ""3"", ""4"", ""5"", ""8"", ""9"", "".""]; Value.Description=[""Normal"", ""Very mild"", ""Mild"", ""Moderate"", ""Severe"", ""Questionable"", ""Non-fluoride opacities"", ""Cannot be assessed"", ""Missing""]; Count=[""1960"", ""845"", ""202"", ""48"", ""1"", ""1043"", ""5"", ""1171"", ""3572""]; Cumulative=[""1960"", ""2805"", ""3007"", ""3055"", ""3056"", ""4099"", ""4104"", ""5275"", ""8847""]; Skip.to.Item=[""NA"", ""NA"", ""NA"", ""NA"", ""NA"", ""NA"", ""NA"", ""NA"", ""NA""]"
"OHXDEN_C","OHX29DI","OHX29DI","Fluorosis DI: #29","Fluorosis Deans Index: Lower right 2nd bicuspid/2nd primary molar (2B)","Both males and females 6 YEARS - 49 YEARS",NA,"Code.or.Value=[""0"", ""1"", ""2"", ""3"", ""4"", ""5"", ""8"", ""9"", "".""]; Value.Description=[""Normal"", ""Very mild"", ""Mild"", ""Moderate"", ""Severe"", ""Questionable"", ""Non-fluoride opacities"", ""Cannot be assessed"", ""Missing""]; Count=[""1855"", ""751"", ""219"", ""53"", ""1"", ""1058"", ""2"", ""1336"", ""3572""]; Cumulative=[""1855"", ""2606"", ""2825"", ""2878"", ""2879"", ""3937"", ""3939"", ""5275"", ""8847""]; Skip.to.Item=[""NA"", ""NA"", ""NA"", ""NA"", ""NA"", ""NA"", ""NA"", ""NA"", ""NA""]"
"OHXDEN_C","OHX30DI","OHX30DI","Fluorosis DI: #30","Fluorosis Deans Index: Lower right 1st molar (1M)","Both males and females 6 YEARS - 49 YEARS",NA,"Code.or.Value=[""0"", ""1"", ""2"", ""3"", ""4"", ""5"", ""8"", ""9"", "".""]; Value.Description=[""Normal"", ""Very mild"", ""Mild"", ""Moderate"", ""Severe"", ""Questionable"", ""Non-fluoride opacities"", ""Cannot be assessed"", ""Missing""]; Count=[""2007"", ""638"", ""182"", ""50"", ""3"", ""1068"", ""4"", ""1323"", ""3572""]; Cumulative=[""2007"", ""2645"", ""2827"", ""2877"", ""2880"", ""3948"", ""3952"", ""5275"", ""8847""]; Skip.to.Item=[""NA"", ""NA"", ""NA"", ""NA"", ""NA"", ""NA"", ""NA"", ""NA"", ""NA""]"
"OHXDEN_C","OHX31DI","OHX31DI","Fluorosis DI: #31","Fluorosis Deans Index: Lower right 2nd molar (2M)","Both males and females 6 YEARS - 49 YEARS",NA,"Code.or.Value=[""0"", ""1"", ""2"", ""3"", ""4"", ""5"", ""8"", ""9"", "".""]; Value.Description=[""Normal"", ""Very mild"", ""Mild"", ""Moderate"", ""Severe"", ""Questionable"", ""Non-fluoride opacities"", ""Cannot be assessed"", ""Missing""]; Count=[""1360"", ""587"", ""159"", ""52"", ""3"", ""1073"", ""1"", ""2040"", ""3572""]; Cumulative=[""1360"", ""1947"", ""2106"", ""2158"", ""2161"", ""3234"", ""3235"", ""5275"", ""8847""]; Skip.to.Item=[""NA"", ""NA"", ""NA"", ""NA"", ""NA"", ""NA"", ""NA"", ""NA"", ""NA""]"
"OHXDEN_C","OHX08TR","OHX08TR","Incisor Trauma: #8","Incisor Trauma: Upper right central incisor (CI) traumatic injury code","Both males and females 6 YEARS - 29 YEARS",NA,"Code.or.Value=[""0"", ""1"", ""2"", ""3"", ""4"", ""5"", ""6"", ""9"", "".""]; Value.Description=[""No evidence of traumatic injury"", ""Unrestored enamel fracture present that does not involve the dentine"", ""Unrestored enamel fracture which involves the dentine"", ""Untreated damage (indicative of pulpal involvement)"", ""Fracture restored, either with full crown or less extensive restoration"", ""Lingual restoration as a sign of endontic therapy, and a positive history of root"", ""Tooth is missing due to trauma"", ""Cannot be assessed"", ""Missing""]; Count=[""3425"", ""186"", ""23"", ""8"", ""87"", ""11"", ""6"", ""169"", ""4932""]; Cumulative=[""3425"", ""3611"", ""3634"", ""3642"", ""3729"", ""3740"", ""3746"", ""3915"", ""8847""]; Skip.to.Item=[""NA"", ""NA"", ""NA"", ""NA"", ""NA"", ""NA"", ""NA"", ""NA"", ""NA""]"
"OHXDEN_C","OHX07TR","OHX07TR","Incisor Trauma: #7","Incisor Trauma: Upper right lateral incisor (LI) traumatic injury code","Both males and females 6 YEARS - 29 YEARS",NA,"Code.or.Value=[""0"", ""1"", ""2"", ""3"", ""4"", ""5"", ""6"", ""9"", "".""]; Value.Description=[""No evidence of traumatic injury"", ""Unrestored enamel fracture present that does not involve the dentine"", ""Unrestored enamel fracture which involves the dentine"", ""Untreated damage (indicative of pulpal involvement)"", ""Fracture restored, either with full crown or less extensive restoration"", ""Lingual restoration as a sign of endontic therapy, and a positive history of root"", ""Tooth is missing due to trauma"", ""Cannot be assessed"", ""Missing""]; Count=[""3497"", ""40"", ""11"", ""1"", ""2"", ""1"", ""3"", ""360"", ""4932""]; Cumulative=[""3497"", ""3537"", ""3548"", ""3549"", ""3551"", ""3552"", ""3555"", ""3915"", ""8847""]; Skip.to.Item=[""NA"", ""NA"", ""NA"", ""NA"", ""NA"", ""NA"", ""NA"", ""NA"", ""NA""]"
"OHXDEN_C","OHX09TR","OHX09TR","Incisor Trauma: #9","Incisor Trauma: Upper left central incisor (CI) traumatic injury code","Both males and females 6 YEARS - 29 YEARS",NA,"Code.or.Value=[""0"", ""1"", ""2"", ""3"", ""4"", ""5"", ""6"", ""9"", "".""]; Value.Description=[""No evidence of traumatic injury"", ""Unrestored enamel fracture present that does not involve the dentine"", ""Unrestored enamel fracture which involves the dentine"", ""Untreated damage (indicative of pulpal involvement)"", ""Fracture restored, either with full crown or less extensive restoration"", ""Lingual restoration as a sign of endontic therapy, and a positive history of root"", ""Tooth is missing due to trauma"", ""Cannot be assessed"", ""Missing""]; Count=[""3411"", ""195"", ""30"", ""3"", ""89"", ""21"", ""9"", ""157"", ""4932""]; Cumulative=[""3411"", ""3606"", ""3636"", ""3639"", ""3728"", ""3749"", ""3758"", ""3915"", ""8847""]; Skip.to.Item=[""NA"", ""NA"", ""NA"", ""NA"", ""NA"", ""NA"", ""NA"", ""NA"", ""NA""]"
"OHXDEN_C","OHX10TR","OHX10TR","Incisor Trauma: #10","Incisor Trauma: Upper left lateral incisor (LI) traumatic injury code","Both males and females 6 YEARS - 29 YEARS",NA,"Code.or.Value=[""0"", ""1"", ""2"", ""3"", ""4"", ""5"", ""6"", ""9"", "".""]; Value.Description=[""No evidence of traumatic injury"", ""Unrestored enamel fracture present that does not involve the dentine"", ""Unrestored enamel fracture which involves the dentine"", ""Untreated damage (indicative of pulpal involvement)"", ""Fracture restored, either with full crown or less extensive restoration"", ""Lingual restoration as a sign of endontic therapy, and a positive history of root"", ""Tooth is missing due to trauma"", ""Cannot be assessed"", ""Missing""]; Count=[""3494"", ""36"", ""7"", ""1"", ""7"", ""4"", ""6"", ""360"", ""4932""]; Cumulative=[""3494"", ""3530"", ""3537"", ""3538"", ""3545"", ""3549"", ""3555"", ""3915"", ""8847""]; Skip.to.Item=[""NA"", ""NA"", ""NA"", ""NA"", ""NA"", ""NA"", ""NA"", ""NA"", ""NA""]"
"OHXDEN_C","OHX24TR","OHX24TR","Incisor Trauma: #24","Incisor Trauma: Lower left central incisor (CI) traumatic injury code","Both males and females 6 YEARS - 29 YEARS",NA,"Code.or.Value=[""0"", ""1"", ""2"", ""3"", ""4"", ""5"", ""6"", ""9"", "".""]; Value.Description=[""No evidence of traumatic injury"", ""Unrestored enamel fracture present that does not involve the dentine"", ""Unrestored enamel fracture which involves the dentine"", ""Untreated damage (indicative of pulpal involvement)"", ""Fracture restored, either with full crown or less extensive restoration"", ""Lingual restoration as a sign of endontic therapy, and a positive history of root"", ""Tooth is missing due to trauma"", ""Cannot be assessed"", ""Missing""]; Count=[""3796"", ""48"", ""5"", ""0"", ""7"", ""0"", ""0"", ""59"", ""4932""]; Cumulative=[""3796"", ""3844"", ""3849"", ""3849"", ""3856"", ""3856"", ""3856"", ""3915"", ""8847""]; Skip.to.Item=[""NA"", ""NA"", ""NA"", ""NA"", ""NA"", ""NA"", ""NA"", ""NA"", ""NA""]"
"OHXDEN_C","OHX23TR","OHX23TR","Incisor Trauma: #23","Incisor Trauma: Lower left lateral incisor (LI) traumatic injury code","Both males and females 6 YEARS - 29 YEARS",NA,"Code.or.Value=[""3"", ""4"", ""5"", ""6"", ""9"", ""."", ""0"", ""1"", ""2""]; Value.Description=[""Untreated damage (indicative of pulpal involvement)"", ""Fracture restored, either with full crown or less extensive restoration"", ""Lingual restoration as a sign of endontic therapy, and a positive history of root"", ""Tooth is missing due to trauma"", ""Cannot be assessed"", ""Missing"", ""No evidence of traumatic injury"", ""Unrestored enamel fracture present that does not involve the dentine"", ""Unrestored enamel fracture which involves the dentine""]; Count=[""0"", ""1"", ""0"", ""0"", ""200"", ""4932"", ""3681"", ""28"", ""5""]; Cumulative=[""3714"", ""3715"", ""3715"", ""3715"", ""3915"", ""8847"", ""3681"", ""3709"", ""3714""]; Skip.to.Item=[""NA"", ""NA"", ""NA"", ""NA"", ""NA"", ""NA"", ""NA"", ""NA"", ""NA""]"
"OHXDEN_C","OHX25TR","OHX25TR","Incisor Trauma: #25","Incisor Trauma: Lower right central incisor (CI) traumatic injury code","Both males and females 6 YEARS - 29 YEARS",NA,"Code.or.Value=[""0"", ""1"", ""2"", ""3"", ""4"", ""5"", ""6"", ""9"", "".""]; Value.Description=[""No evidence of traumatic injury"", ""Unrestored enamel fracture present that does not involve the dentine"", ""Unrestored enamel fracture which involves the dentine"", ""Untreated damage (indicative of pulpal involvement)"", ""Fracture restored, either with full crown or less extensive restoration"", ""Lingual restoration as a sign of endontic therapy, and a positive history of root"", ""Tooth is missing due to trauma"", ""Cannot be assessed"", ""Missing""]; Count=[""3792"", ""40"", ""15"", ""0"", ""10"", ""1"", ""0"", ""57"", ""4932""]; Cumulative=[""3792"", ""3832"", ""3847"", ""3847"", ""3857"", ""3858"", ""3858"", ""3915"", ""8847""]; Skip.to.Item=[""NA"", ""NA"", ""NA"", ""NA"", ""NA"", ""NA"", ""NA"", ""NA"", ""NA""]"
"OHXDEN_C","OHX26TR","OHX26TR","Incisor Trauma: #26","Incisor Trauma: Lower right lateral incisor (LI) traumatic injury code","Both males and females 6 YEARS - 29 YEARS",NA,"Code.or.Value=[""0"", ""1"", ""2"", ""3"", ""4"", ""5"", ""6"", ""9"", "".""]; Value.Description=[""No evidence of traumatic injury"", ""Unrestored enamel fracture present that does not involve the dentine"", ""Unrestored enamel fracture which involves the dentine"", ""Untreated damage (indicative of pulpal involvement)"", ""Fracture restored, either with full crown or less extensive restoration"", ""Lingual restoration as a sign of endontic therapy, and a positive history of root"", ""Tooth is missing due to trauma"", ""Cannot be assessed"", ""Missing""]; Count=[""3687"", ""21"", ""7"", ""0"", ""3"", ""0"", ""0"", ""197"", ""4932""]; Cumulative=[""3687"", ""3708"", ""3715"", ""3715"", ""3718"", ""3718"", ""3718"", ""3915"", ""8847""]; Skip.to.Item=[""NA"", ""NA"", ""NA"", ""NA"", ""NA"", ""NA"", ""NA"", ""NA"", ""NA""]"
