Title,Description,Module_Name,Inline Description,Document,Link
Interviewer Manuals,,2013-2014,,[PDF - 12 MB],https://wwwn.cdc.gov/nchs/data/nhanes/public/2011/questionnaires/../manuals/Intrvwr_Proc_Manual.pdf
Interviewer Manuals,,2015-2016,,[PDF - 33 MB],https://wwwn.cdc.gov/nchs/data/nhanes/public/2011/questionnaires/../manuals/2016_Interviewer_Procedures_Manual.pdf
Interviewer Manuals,,2017-2018,,[PDF - 41.8 MB],https://wwwn.cdc.gov/nchs/data/nhanes/public/2011/questionnaires/../manuals/2017_Interviewer_Procedures_Manual.pdf
Interviewer Manuals,,2019-2020,,[PDF - 47.2 MB],https://wwwn.cdc.gov/nchs/data/nhanes/public/2011/questionnaires/../manuals/2020-Interviewer-Procedures-Manual-508.pdf
Interviewer Manuals,,2021-2023,,[PDF - 21.7 MB],https://wwwn.cdc.gov/nchs/data/nhanes/public/2011/questionnaires/../manuals/2022-Interviewer-Procedures-508.pdf
Interviewer Manuals,,2021-2023,,[PDF - 6.22 MB],https://wwwn.cdc.gov/nchs/data/nhanes/public/2011/questionnaires/../manuals/2021-Dec-MEC-ACASI-Procedures-508.pdf
Interviewer Manuals,,2013-2014,,[PDF - 13 MB],https://wwwn.cdc.gov/nchs/data/nhanes/public/2011/questionnaires/../manuals/MEC_Interviewer_2013.pdf
Interviewer Manuals,,2015-2016,,[PDF - 22 MB],https://wwwn.cdc.gov/nchs/data/nhanes/public/2011/questionnaires/../manuals/2016_MEC_Interviewers_Procedures.pdf
Interviewer Manuals,,2017-2018,,[PDF - 22.2 MB],https://wwwn.cdc.gov/nchs/data/nhanes/public/2011/questionnaires/../manuals/2017_MEC_Interviewers_Procedures.pdf
Interviewer Manuals,,2019-2020,,[PDF - 11.9 MB],https://wwwn.cdc.gov/nchs/data/nhanes/public/2011/questionnaires/../manuals/2020-MEC-Interviewers-Procedures-Manual-508.pdf
Screener Module: In-person/Telephone Instrument,The following questionnaires are used by field interviewers to collect screener information during the in-person interview on the doorstep or through a telephone interview with an adult household member.,2011-2012,,[PDF - 75 KB],https://wwwn.cdc.gov/nchs/data/nhanes/public/2011/questionnaires/screener1_07_eng.pdf
Screener Module: In-person/Telephone Instrument,The following questionnaires are used by field interviewers to collect screener information during the in-person interview on the doorstep or through a telephone interview with an adult household member.,2013-2014,,[PDF - 116 KB],https://wwwn.cdc.gov/nchs/data/nhanes/public/2011/questionnaires/screener_module_1.pdf
Screener Module: In-person/Telephone Instrument,The following questionnaires are used by field interviewers to collect screener information during the in-person interview on the doorstep or through a telephone interview with an adult household member.,2015-2016,,[PDF - 157 KB],https://wwwn.cdc.gov/nchs/data/nhanes/public/2011/questionnaires/screener_module_1_I.pdf
Screener Module: In-person/Telephone Instrument,The following questionnaires are used by field interviewers to collect screener information during the in-person interview on the doorstep or through a telephone interview with an adult household member.,2017-2018,,[PDF - 130 KB],https://wwwn.cdc.gov/nchs/data/nhanes/public/2011/questionnaires/Screener_Modules_1_and_Interpreter.pdf
Screener Module: In-person/Telephone Instrument,The following questionnaires are used by field interviewers to collect screener information during the in-person interview on the doorstep or through a telephone interview with an adult household member.,2019-2020,,[PDF - 176 KB],https://wwwn.cdc.gov/nchs/data/nhanes/public/2011/questionnaires/SCQ_screener_module_1_K.pdf
Screener Module: In-person/Telephone Instrument,The following questionnaires are used by field interviewers to collect screener information during the in-person interview on the doorstep or through a telephone interview with an adult household member.,2021-2023,,[PDF - 171 KB],https://wwwn.cdc.gov/nchs/data/nhanes/public/2011/questionnaires/SCQ-EN-L-508.pdf
Screener Module: In-person/Telephone Instrument,The following questionnaires are used by field interviewers to collect screener information during the in-person interview on the doorstep or through a telephone interview with an adult household member.,2011-2012,,[PDF - 121 KB],https://wwwn.cdc.gov/nchs/data/nhanes/public/2011/questionnaires/screener1_07_esp.pdf
Screener Module: In-person/Telephone Instrument,The following questionnaires are used by field interviewers to collect screener information during the in-person interview on the doorstep or through a telephone interview with an adult household member.,2011-2012,,[PDF - 78 KB],https://wwwn.cdc.gov/nchs/data/nhanes/public/2011/questionnaires/screener2_07_eng.pdf
Screener Module: In-person/Telephone Instrument,The following questionnaires are used by field interviewers to collect screener information during the in-person interview on the doorstep or through a telephone interview with an adult household member.,2013-2014,,[PDF - 64 KB],https://wwwn.cdc.gov/nchs/data/nhanes/public/2011/questionnaires/screener_module_2.pdf
Screener Module: In-person/Telephone Instrument,The following questionnaires are used by field interviewers to collect screener information during the in-person interview on the doorstep or through a telephone interview with an adult household member.,2015-2016,,[PDF - 58 KB],https://wwwn.cdc.gov/nchs/data/nhanes/public/2011/questionnaires/screener_module_2_I.pdf
Screener Module: In-person/Telephone Instrument,The following questionnaires are used by field interviewers to collect screener information during the in-person interview on the doorstep or through a telephone interview with an adult household member.,2017-2018,,[PDF - 67 KB],https://wwwn.cdc.gov/nchs/data/nhanes/public/2011/questionnaires/Screener_Modules_2_and_Interpreter.pdf
Screener Module: In-person/Telephone Instrument,The following questionnaires are used by field interviewers to collect screener information during the in-person interview on the doorstep or through a telephone interview with an adult household member.,2019-2020,,[PDF - 72.1 KB],https://wwwn.cdc.gov/nchs/data/nhanes/public/2011/questionnaires/FSQ_screener_module_2_K.pdf
Screener Module: In-person/Telephone Instrument,The following questionnaires are used by field interviewers to collect screener information during the in-person interview on the doorstep or through a telephone interview with an adult household member.,2021-2023,,[PDF - 194 KB],https://wwwn.cdc.gov/nchs/data/nhanes/public/2011/questionnaires/SFQ-EN-L-508.pdf
Screener Module: In-person/Telephone Instrument,The following questionnaires are used by field interviewers to collect screener information during the in-person interview on the doorstep or through a telephone interview with an adult household member.,2011-2012,,[PDF - 135 KB],https://wwwn.cdc.gov/nchs/data/nhanes/public/2011/questionnaires/screener2_07_esp.pdf
Screener Module: Web Instrument,The following is a web-based and self-administered questionnaire to collect screener information from an adult household member.,2021-2023,,[PDF - 308 KB],https://wwwn.cdc.gov/nchs/data/nhanes/public/2011/questionnaires/SCQ-EN-W-L-508.pdf
Screener Module: Paper Instrument,The following is a paper questionnaire that is self-administered by an adult household member to collect screener information and mailed back to NHANES.,2021-2023,,[PDF - 758 KB],https://wwwn.cdc.gov/nchs/data/nhanes/public/2011/questionnaires/SCQ-EN-P-L-508.pdf
Family Questionnaire,Household and family level information is collected here. The sections are labeled to reflect content.,2011-2012,,[PDF - 19 KB],https://wwwn.cdc.gov/nchs/data/nhanes/public/2011/questionnaires/cbq_family.pdf
Family Questionnaire,Household and family level information is collected here. The sections are labeled to reflect content.,2013-2014,,[PDF - 20 KB],https://wwwn.cdc.gov/nchs/data/nhanes/public/2011/questionnaires/CBQ_Family_H.pdf
Family Questionnaire,Household and family level information is collected here. The sections are labeled to reflect content.,2015-2016,,[PDF - 19 KB],https://wwwn.cdc.gov/nchs/data/nhanes/public/2011/questionnaires/CBQ_Family_I.pdf
Family Questionnaire,Household and family level information is collected here. The sections are labeled to reflect content.,2017-2018,,[PDF - 37 KB],https://wwwn.cdc.gov/nchs/data/nhanes/public/2011/questionnaires/CBQ_Family_J.pdf
Family Questionnaire,Household and family level information is collected here. The sections are labeled to reflect content.,2019-2020,,[PDF - 37.7 KB],https://wwwn.cdc.gov/nchs/data/nhanes/public/2011/questionnaires/CBQ_Family_K.pdf
Family Questionnaire,Household and family level information is collected here. The sections are labeled to reflect content.,2021-2023,,[PDF - 118 KB],https://wwwn.cdc.gov/nchs/data/nhanes/public/2011/questionnaires/CBQ-FAM-L-508.pdf
Family Questionnaire,Household and family level information is collected here. The sections are labeled to reflect content.,2011-2012,,[PDF - 40 KB],https://wwwn.cdc.gov/nchs/data/nhanes/public/2011/questionnaires/dmq_family.pdf
Family Questionnaire,Household and family level information is collected here. The sections are labeled to reflect content.,2013-2014,,[PDF - 41 KB],https://wwwn.cdc.gov/nchs/data/nhanes/public/2011/questionnaires/DMQ_Family_H.pdf
Family Questionnaire,Household and family level information is collected here. The sections are labeled to reflect content.,2015-2016,,[PDF - 40 KB],https://wwwn.cdc.gov/nchs/data/nhanes/public/2011/questionnaires/DMQ_Family_I.pdf
Family Questionnaire,Household and family level information is collected here. The sections are labeled to reflect content.,2017-2018,,[PDF - 42 KB],https://wwwn.cdc.gov/nchs/data/nhanes/public/2011/questionnaires/DMQ_Family_J.pdf
Family Questionnaire,Household and family level information is collected here. The sections are labeled to reflect content.,2019-2020,,[PDF - 28.4 KB],https://wwwn.cdc.gov/nchs/data/nhanes/public/2011/questionnaires/DMQ_Family_K.pdf
Family Questionnaire,Household and family level information is collected here. The sections are labeled to reflect content.,2021-2023,,[PDF - 109 KB],https://wwwn.cdc.gov/nchs/data/nhanes/public/2011/questionnaires/DMQ-FAM-L-508.pdf
Family Questionnaire,Household and family level information is collected here. The sections are labeled to reflect content.,2011-2012,,[PDF - 42 KB],https://wwwn.cdc.gov/nchs/data/nhanes/public/2011/questionnaires/2011-2012_Handcards_Family.pdf
Family Questionnaire,Household and family level information is collected here. The sections are labeled to reflect content.,2013-2014,,[PDF - 43 KB],https://wwwn.cdc.gov/nchs/data/nhanes/public/2011/questionnaires/2013-2014_Handcards_Family.pdf
Family Questionnaire,Household and family level information is collected here. The sections are labeled to reflect content.,2015-2016,,[PDF - 46 KB],https://wwwn.cdc.gov/nchs/data/nhanes/public/2011/questionnaires/2015-2016_Handcards_Family.pdf
Family Questionnaire,Household and family level information is collected here. The sections are labeled to reflect content.,2019-2020,,[PDF - 53.7 KB],https://wwwn.cdc.gov/nchs/data/nhanes/public/2011/questionnaires/2019-2020_Handcards_Family.pdf
Family Questionnaire,Household and family level information is collected here. The sections are labeled to reflect content.,2011-2012,,[PDF - 45 KB],https://wwwn.cdc.gov/nchs/data/nhanes/public/2011/questionnaires/fsq_family.pdf
Family Questionnaire,Household and family level information is collected here. The sections are labeled to reflect content.,2013-2014,,[PDF - 56 KB],https://wwwn.cdc.gov/nchs/data/nhanes/public/2011/questionnaires/FSQ_Family_H.pdf
Family Questionnaire,Household and family level information is collected here. The sections are labeled to reflect content.,2015-2016,,[PDF - 128 KB],https://wwwn.cdc.gov/nchs/data/nhanes/public/2011/questionnaires/FSQ_Family_I.pdf
Family Questionnaire,Household and family level information is collected here. The sections are labeled to reflect content.,2017-2018,,[PDF - 103 KB],https://wwwn.cdc.gov/nchs/data/nhanes/public/2011/questionnaires/FSQ_Family_J.pdf
Family Questionnaire,Household and family level information is collected here. The sections are labeled to reflect content.,2019-2020,,[PDF - 152 KB],https://wwwn.cdc.gov/nchs/data/nhanes/public/2011/questionnaires/FSQ_Family_K.pdf
Family Questionnaire,Household and family level information is collected here. The sections are labeled to reflect content.,2021-2023,,[PDF - 179 KB],https://wwwn.cdc.gov/nchs/data/nhanes/public/2011/questionnaires/FSQ-FAM-L-508.pdf
Family Questionnaire,Household and family level information is collected here. The sections are labeled to reflect content.,2011-2012,,[PDF - 10 KB],https://wwwn.cdc.gov/nchs/data/nhanes/public/2011/questionnaires/hoq_family.pdf
Family Questionnaire,Household and family level information is collected here. The sections are labeled to reflect content.,2013-2014,,[PDF - 10 KB],https://wwwn.cdc.gov/nchs/data/nhanes/public/2011/questionnaires/HOQ_Family_H.pdf
Family Questionnaire,Household and family level information is collected here. The sections are labeled to reflect content.,2015-2016,,[PDF - 10 KB],https://wwwn.cdc.gov/nchs/data/nhanes/public/2011/questionnaires/HOQ_Family_I.pdf
Family Questionnaire,Household and family level information is collected here. The sections are labeled to reflect content.,2017-2018,,[PDF - 14 KB],https://wwwn.cdc.gov/nchs/data/nhanes/public/2011/questionnaires/HOQ_Family_J.pdf
Family Questionnaire,Household and family level information is collected here. The sections are labeled to reflect content.,2019-2020,,[PDF - 14.3 KB],https://wwwn.cdc.gov/nchs/data/nhanes/public/2011/questionnaires/HOQ_Family_K.pdf
Family Questionnaire,Household and family level information is collected here. The sections are labeled to reflect content.,2021-2023,,[PDF - 98.3 KB],https://wwwn.cdc.gov/nchs/data/nhanes/public/2011/questionnaires/HOQ-FAM-L-508.pdf
Family Questionnaire,Household and family level information is collected here. The sections are labeled to reflect content.,2011-2012,,[PDF - 146 KB],https://wwwn.cdc.gov/nchs/data/nhanes/public/2011/questionnaires/inq_family.pdf
Family Questionnaire,Household and family level information is collected here. The sections are labeled to reflect content.,2013-2014,,[PDF - 158 KB],https://wwwn.cdc.gov/nchs/data/nhanes/public/2011/questionnaires/INQ_Family_H.pdf
Family Questionnaire,Household and family level information is collected here. The sections are labeled to reflect content.,2015-2016,,[PDF - 142 KB],https://wwwn.cdc.gov/nchs/data/nhanes/public/2011/questionnaires/INQ_Family_I.pdf
Family Questionnaire,Household and family level information is collected here. The sections are labeled to reflect content.,2017-2018,,[PDF - 157 KB],https://wwwn.cdc.gov/nchs/data/nhanes/public/2011/questionnaires/INQ_Family_J.pdf
Family Questionnaire,Household and family level information is collected here. The sections are labeled to reflect content.,2019-2020,,[PDF - 108 KB],https://wwwn.cdc.gov/nchs/data/nhanes/public/2011/questionnaires/INQ_Family_K.pdf
Family Questionnaire,Household and family level information is collected here. The sections are labeled to reflect content.,2021-2023,,[PDF - 175 KB],https://wwwn.cdc.gov/nchs/data/nhanes/public/2011/questionnaires/INQ-FAM-L-508.pdf
Family Questionnaire,Household and family level information is collected here. The sections are labeled to reflect content.,2011-2012,,[PDF - 13 KB],https://wwwn.cdc.gov/nchs/data/nhanes/public/2011/questionnaires/ocq_family.pdf
Family Questionnaire,Household and family level information is collected here. The sections are labeled to reflect content.,2013-2014,,[PDF - 13 KB],https://wwwn.cdc.gov/nchs/data/nhanes/public/2011/questionnaires/OCQ_Family_H.pdf
Family Questionnaire,Household and family level information is collected here. The sections are labeled to reflect content.,2015-2016,,[PDF - 13 KB],https://wwwn.cdc.gov/nchs/data/nhanes/public/2011/questionnaires/OCQ_Family_I.pdf
Family Questionnaire,Household and family level information is collected here. The sections are labeled to reflect content.,2017-2018,,[PDF - 13 KB],https://wwwn.cdc.gov/nchs/data/nhanes/public/2011/questionnaires/OCQ_Family_J.pdf
Family Questionnaire,Household and family level information is collected here. The sections are labeled to reflect content.,2019-2020,,[PDF - 62.7 KB],https://wwwn.cdc.gov/nchs/data/nhanes/public/2011/questionnaires/SUQ_K.pdf
Family Questionnaire,Household and family level information is collected here. The sections are labeled to reflect content.,2011-2012,,[PDF - 14 KB],https://wwwn.cdc.gov/nchs/data/nhanes/public/2011/questionnaires/smq_family.pdf
Family Questionnaire,Household and family level information is collected here. The sections are labeled to reflect content.,2013-2014,,[PDF - 14 KB],https://wwwn.cdc.gov/nchs/data/nhanes/public/2011/questionnaires/SMQ_Family_H.pdf
Family Questionnaire,Household and family level information is collected here. The sections are labeled to reflect content.,2015-2016,,[PDF - 14 KB],https://wwwn.cdc.gov/nchs/data/nhanes/public/2011/questionnaires/SMQ_Family_I.pdf
Family Questionnaire,Household and family level information is collected here. The sections are labeled to reflect content.,2017-2018,,[PDF - 14 KB],https://wwwn.cdc.gov/nchs/data/nhanes/public/2011/questionnaires/SMQ_Family_J.pdf
Family Questionnaire,Household and family level information is collected here. The sections are labeled to reflect content.,2019-2020,,[PDF - 14.9 KB],https://wwwn.cdc.gov/nchs/data/nhanes/public/2011/questionnaires/SMQ_Family_K.pdf
Family Questionnaire,Household and family level information is collected here. The sections are labeled to reflect content.,2021-2023,,[PDF - 104 KB],https://wwwn.cdc.gov/nchs/data/nhanes/public/2011/questionnaires/SMQ-FAM-L-508.pdf
Sample Person Questionnaire,Individual level information on participants is collected here. The sections are labeled to reflect content. Please note that the Medical Conditions section covers many subject areas.,2011-2012,,[PDF - 25 KB],https://wwwn.cdc.gov/nchs/data/nhanes/public/2011/questionnaires/acq.pdf
Sample Person Questionnaire,Individual level information on participants is collected here. The sections are labeled to reflect content. Please note that the Medical Conditions section covers many subject areas.,2013-2014,,[PDF - 26 KB],https://wwwn.cdc.gov/nchs/data/nhanes/public/2011/questionnaires/ACQ_H.pdf
Sample Person Questionnaire,Individual level information on participants is collected here. The sections are labeled to reflect content. Please note that the Medical Conditions section covers many subject areas.,2015-2016,,[PDF - 24 KB],https://wwwn.cdc.gov/nchs/data/nhanes/public/2011/questionnaires/ACQ_I.pdf
Sample Person Questionnaire,Individual level information on participants is collected here. The sections are labeled to reflect content. Please note that the Medical Conditions section covers many subject areas.,2017-2018,,[PDF - 30 KB],https://wwwn.cdc.gov/nchs/data/nhanes/public/2011/questionnaires/ACQ_J.pdf
Sample Person Questionnaire,Individual level information on participants is collected here. The sections are labeled to reflect content. Please note that the Medical Conditions section covers many subject areas.,2019-2020,,[PDF - 23.2 KB],https://wwwn.cdc.gov/nchs/data/nhanes/public/2011/questionnaires/ACQ_K.pdf
Sample Person Questionnaire,Individual level information on participants is collected here. The sections are labeled to reflect content. Please note that the Medical Conditions section covers many subject areas.,2021-2023,,[PDF - 85.3 KB],https://wwwn.cdc.gov/nchs/data/nhanes/public/2011/questionnaires/ACQ-L-508.pdf
Sample Person Questionnaire,Individual level information on participants is collected here. The sections are labeled to reflect content. Please note that the Medical Conditions section covers many subject areas.,2011-2012,,[PDF - 45 KB],https://wwwn.cdc.gov/nchs/data/nhanes/public/2011/questionnaires/auq.pdf
Sample Person Questionnaire,Individual level information on participants is collected here. The sections are labeled to reflect content. Please note that the Medical Conditions section covers many subject areas.,2015-2016,,[PDF - 42 KB],https://wwwn.cdc.gov/nchs/data/nhanes/public/2011/questionnaires/AUQ_I.pdf
Sample Person Questionnaire,Individual level information on participants is collected here. The sections are labeled to reflect content. Please note that the Medical Conditions section covers many subject areas.,2017-2018,,[PDF - 91 KB],https://wwwn.cdc.gov/nchs/data/nhanes/public/2011/questionnaires/AUQ_J.pdf
Sample Person Questionnaire,Individual level information on participants is collected here. The sections are labeled to reflect content. Please note that the Medical Conditions section covers many subject areas.,2019-2020,,[PDF - 58.3 KB],https://wwwn.cdc.gov/nchs/data/nhanes/public/2011/questionnaires/AUQ_K.pdf
Sample Person Questionnaire,Individual level information on participants is collected here. The sections are labeled to reflect content. Please note that the Medical Conditions section covers many subject areas.,2021-2023,,[PDF - 132 KB],https://wwwn.cdc.gov/nchs/data/nhanes/public/2011/questionnaires/AUQ-L-508.pdf
Sample Person Questionnaire,Individual level information on participants is collected here. The sections are labeled to reflect content. Please note that the Medical Conditions section covers many subject areas.,2021-2023,,[PDF - 100 KB],https://wwwn.cdc.gov/nchs/data/nhanes/public/2011/questionnaires/BAQ-L-508.pdf
Sample Person Questionnaire,Individual level information on participants is collected here. The sections are labeled to reflect content. Please note that the Medical Conditions section covers many subject areas.,2011-2012,,[PDF - 31 KB],https://wwwn.cdc.gov/nchs/data/nhanes/public/2011/questionnaires/bpq.pdf
Sample Person Questionnaire,Individual level information on participants is collected here. The sections are labeled to reflect content. Please note that the Medical Conditions section covers many subject areas.,2013-2014,,[PDF - 24 KB],https://wwwn.cdc.gov/nchs/data/nhanes/public/2011/questionnaires/BPQ_H.pdf
Sample Person Questionnaire,Individual level information on participants is collected here. The sections are labeled to reflect content. Please note that the Medical Conditions section covers many subject areas.,2015-2016,,[PDF - 20 KB],https://wwwn.cdc.gov/nchs/data/nhanes/public/2011/questionnaires/BPQ_I.pdf
Sample Person Questionnaire,Individual level information on participants is collected here. The sections are labeled to reflect content. Please note that the Medical Conditions section covers many subject areas.,2017-2018,,[PDF - 47 KB],https://wwwn.cdc.gov/nchs/data/nhanes/public/2011/questionnaires/BPQ_J.pdf
Sample Person Questionnaire,Individual level information on participants is collected here. The sections are labeled to reflect content. Please note that the Medical Conditions section covers many subject areas.,2019-2020,,[PDF - 19.6 KB],https://wwwn.cdc.gov/nchs/data/nhanes/public/2011/questionnaires/BPQ_K.pdf
Sample Person Questionnaire,Individual level information on participants is collected here. The sections are labeled to reflect content. Please note that the Medical Conditions section covers many subject areas.,2021-2023,,[PDF - 108 KB],https://wwwn.cdc.gov/nchs/data/nhanes/public/2011/questionnaires/BPQ-L-508.pdf
Sample Person Questionnaire,Individual level information on participants is collected here. The sections are labeled to reflect content. Please note that the Medical Conditions section covers many subject areas.,2011-2012,,[PDF - 22 KB],https://wwwn.cdc.gov/nchs/data/nhanes/public/2011/questionnaires/cdq.pdf
Sample Person Questionnaire,Individual level information on participants is collected here. The sections are labeled to reflect content. Please note that the Medical Conditions section covers many subject areas.,2013-2014,,[PDF - 16 KB],https://wwwn.cdc.gov/nchs/data/nhanes/public/2011/questionnaires/CDQ_H.pdf
Sample Person Questionnaire,Individual level information on participants is collected here. The sections are labeled to reflect content. Please note that the Medical Conditions section covers many subject areas.,2015-2016,,[PDF - 16 KB],https://wwwn.cdc.gov/nchs/data/nhanes/public/2011/questionnaires/CDQ_I.pdf
Sample Person Questionnaire,Individual level information on participants is collected here. The sections are labeled to reflect content. Please note that the Medical Conditions section covers many subject areas.,2017-2018,,[PDF - 60 KB],https://wwwn.cdc.gov/nchs/data/nhanes/public/2011/questionnaires/CDQ_J.pdf
Sample Person Questionnaire,Individual level information on participants is collected here. The sections are labeled to reflect content. Please note that the Medical Conditions section covers many subject areas.,2019-2020,,[PDF - 16.3 KB],https://wwwn.cdc.gov/nchs/data/nhanes/public/2011/questionnaires/CDQ_K.pdf
Sample Person Questionnaire,Individual level information on participants is collected here. The sections are labeled to reflect content. Please note that the Medical Conditions section covers many subject areas.,2011-2012,,[PDF - 38 KB],https://wwwn.cdc.gov/nchs/data/nhanes/public/2011/questionnaires/csq.pdf
Sample Person Questionnaire,Individual level information on participants is collected here. The sections are labeled to reflect content. Please note that the Medical Conditions section covers many subject areas.,2013-2014,,[PDF - 36 KB],https://wwwn.cdc.gov/nchs/data/nhanes/public/2011/questionnaires/CSQ_H.pdf
Sample Person Questionnaire,Individual level information on participants is collected here. The sections are labeled to reflect content. Please note that the Medical Conditions section covers many subject areas.,2021-2023,,[PDF - 204 KB],https://wwwn.cdc.gov/nchs/data/nhanes/public/2011/questionnaires/COQ-L-508.pdf
Sample Person Questionnaire,Individual level information on participants is collected here. The sections are labeled to reflect content. Please note that the Medical Conditions section covers many subject areas.,2011-2012,,[PDF - 86 KB],https://wwwn.cdc.gov/nchs/data/nhanes/public/2011/questionnaires/dmq.pdf
Sample Person Questionnaire,Individual level information on participants is collected here. The sections are labeled to reflect content. Please note that the Medical Conditions section covers many subject areas.,2013-2014,,[PDF - 88 KB],https://wwwn.cdc.gov/nchs/data/nhanes/public/2011/questionnaires/DMQ_H.pdf
Sample Person Questionnaire,Individual level information on participants is collected here. The sections are labeled to reflect content. Please note that the Medical Conditions section covers many subject areas.,2015-2016,,[PDF - 127 KB],https://wwwn.cdc.gov/nchs/data/nhanes/public/2011/questionnaires/DMQ_I.pdf
Sample Person Questionnaire,Individual level information on participants is collected here. The sections are labeled to reflect content. Please note that the Medical Conditions section covers many subject areas.,2017-2018,,[PDF - 94 KB],https://wwwn.cdc.gov/nchs/data/nhanes/public/2011/questionnaires/DMQ_J.pdf
Sample Person Questionnaire,Individual level information on participants is collected here. The sections are labeled to reflect content. Please note that the Medical Conditions section covers many subject areas.,2019-2020,,[PDF - 68.8 KB],https://wwwn.cdc.gov/nchs/data/nhanes/public/2011/questionnaires/DMQ_K.pdf
Sample Person Questionnaire,Individual level information on participants is collected here. The sections are labeled to reflect content. Please note that the Medical Conditions section covers many subject areas.,2021-2023,,[PDF - 147 KB],https://wwwn.cdc.gov/nchs/data/nhanes/public/2011/questionnaires/DMQ-L-508.pdf
Sample Person Questionnaire,Individual level information on participants is collected here. The sections are labeled to reflect content. Please note that the Medical Conditions section covers many subject areas.,2011-2012,,[PDF - 27 KB],https://wwwn.cdc.gov/nchs/data/nhanes/public/2011/questionnaires/deq.pdf
Sample Person Questionnaire,Individual level information on participants is collected here. The sections are labeled to reflect content. Please note that the Medical Conditions section covers many subject areas.,2013-2014,,[PDF - 20 KB],https://wwwn.cdc.gov/nchs/data/nhanes/public/2011/questionnaires/DEQ_H.pdf
Sample Person Questionnaire,Individual level information on participants is collected here. The sections are labeled to reflect content. Please note that the Medical Conditions section covers many subject areas.,2015-2016,,[PDF - 20 KB],https://wwwn.cdc.gov/nchs/data/nhanes/public/2011/questionnaires/DEQ_I.pdf
Sample Person Questionnaire,Individual level information on participants is collected here. The sections are labeled to reflect content. Please note that the Medical Conditions section covers many subject areas.,2017-2018,,[PDF - 66 KB],https://wwwn.cdc.gov/nchs/data/nhanes/public/2011/questionnaires/DEQ_J.pdf
Sample Person Questionnaire,Individual level information on participants is collected here. The sections are labeled to reflect content. Please note that the Medical Conditions section covers many subject areas.,2019-2020,,[PDF - 18.5 KB],https://wwwn.cdc.gov/nchs/data/nhanes/public/2011/questionnaires/DEQ_K.pdf
Sample Person Questionnaire,Individual level information on participants is collected here. The sections are labeled to reflect content. Please note that the Medical Conditions section covers many subject areas.,2021-2023,,[PDF - 77.2 KB],https://wwwn.cdc.gov/nchs/data/nhanes/public/2011/questionnaires/DEQ-L-508.pdf
Sample Person Questionnaire,Individual level information on participants is collected here. The sections are labeled to reflect content. Please note that the Medical Conditions section covers many subject areas.,2011-2012,,[PDF - 55 KB],https://wwwn.cdc.gov/nchs/data/nhanes/public/2011/questionnaires/diq.pdf
Sample Person Questionnaire,Individual level information on participants is collected here. The sections are labeled to reflect content. Please note that the Medical Conditions section covers many subject areas.,2013-2014,,[PDF - 49 KB],https://wwwn.cdc.gov/nchs/data/nhanes/public/2011/questionnaires/DIQ_H.pdf
Sample Person Questionnaire,Individual level information on participants is collected here. The sections are labeled to reflect content. Please note that the Medical Conditions section covers many subject areas.,2015-2016,,[PDF - 49 KB],https://wwwn.cdc.gov/nchs/data/nhanes/public/2011/questionnaires/DIQ_I.pdf
Sample Person Questionnaire,Individual level information on participants is collected here. The sections are labeled to reflect content. Please note that the Medical Conditions section covers many subject areas.,2017-2018,,[PDF - 86 KB],https://wwwn.cdc.gov/nchs/data/nhanes/public/2011/questionnaires/DIQ_J.pdf
Sample Person Questionnaire,Individual level information on participants is collected here. The sections are labeled to reflect content. Please note that the Medical Conditions section covers many subject areas.,2019-2020,,[PDF - 50.9 KB],https://wwwn.cdc.gov/nchs/data/nhanes/public/2011/questionnaires/DIQ_K.pdf
Sample Person Questionnaire,Individual level information on participants is collected here. The sections are labeled to reflect content. Please note that the Medical Conditions section covers many subject areas.,2021-2023,,[PDF - 95.7 KB],https://wwwn.cdc.gov/nchs/data/nhanes/public/2011/questionnaires/DIQ-L-508.pdf
Sample Person Questionnaire,Individual level information on participants is collected here. The sections are labeled to reflect content. Please note that the Medical Conditions section covers many subject areas.,2015-2016,,[PDF - 65 KB],https://wwwn.cdc.gov/nchs/data/nhanes/public/2011/questionnaires/DBQ_I.pdf
Sample Person Questionnaire,Individual level information on participants is collected here. The sections are labeled to reflect content. Please note that the Medical Conditions section covers many subject areas.,2017-2018,,[PDF - 85 KB],https://wwwn.cdc.gov/nchs/data/nhanes/public/2011/questionnaires/DBQ_J.pdf
Sample Person Questionnaire,Individual level information on participants is collected here. The sections are labeled to reflect content. Please note that the Medical Conditions section covers many subject areas.,2019-2020,,[PDF - 121 KB],https://wwwn.cdc.gov/nchs/data/nhanes/public/2011/questionnaires/DBQ_K.pdf
Sample Person Questionnaire,Individual level information on participants is collected here. The sections are labeled to reflect content. Please note that the Medical Conditions section covers many subject areas.,2021-2023,,[PDF - 124 KB],https://wwwn.cdc.gov/nchs/data/nhanes/public/2011/questionnaires/DBQ-L-508.pdf
Sample Person Questionnaire,Individual level information on participants is collected here. The sections are labeled to reflect content. Please note that the Medical Conditions section covers many subject areas.,2011-2012,,[PDF - 70 KB],https://wwwn.cdc.gov/nchs/data/nhanes/public/2011/questionnaires/dbq.pdf
Sample Person Questionnaire,Individual level information on participants is collected here. The sections are labeled to reflect content. Please note that the Medical Conditions section covers many subject areas.,2013-2014,,[PDF - 74 KB],https://wwwn.cdc.gov/nchs/data/nhanes/public/2011/questionnaires/DBQ_H.pdf
Sample Person Questionnaire,Individual level information on participants is collected here. The sections are labeled to reflect content. Please note that the Medical Conditions section covers many subject areas.,2011-2012,,[PDF - 129 KB],https://wwwn.cdc.gov/nchs/data/nhanes/public/2011/questionnaires/dsq.pdf
Sample Person Questionnaire,Individual level information on participants is collected here. The sections are labeled to reflect content. Please note that the Medical Conditions section covers many subject areas.,2013-2014,,[PDF - 125 KB],https://wwwn.cdc.gov/nchs/data/nhanes/public/2011/questionnaires/DSQ_H.pdf
Sample Person Questionnaire,Individual level information on participants is collected here. The sections are labeled to reflect content. Please note that the Medical Conditions section covers many subject areas.,2015-2016,,[PDF - 186 KB],https://wwwn.cdc.gov/nchs/data/nhanes/public/2011/questionnaires/DSQ_I.pdf
Sample Person Questionnaire,Individual level information on participants is collected here. The sections are labeled to reflect content. Please note that the Medical Conditions section covers many subject areas.,2017-2018,,[PDF - 170 KB],https://wwwn.cdc.gov/nchs/data/nhanes/public/2011/questionnaires/DSQ_J.pdf
Sample Person Questionnaire,Individual level information on participants is collected here. The sections are labeled to reflect content. Please note that the Medical Conditions section covers many subject areas.,2019-2020,,[PDF - 130 KB],https://wwwn.cdc.gov/nchs/data/nhanes/public/2011/questionnaires/DSQ_K.pdf
Sample Person Questionnaire,Individual level information on participants is collected here. The sections are labeled to reflect content. Please note that the Medical Conditions section covers many subject areas.,2013-2014,,[PDF - 16 KB],https://wwwn.cdc.gov/nchs/data/nhanes/public/2011/questionnaires/DLQ_H.pdf
Sample Person Questionnaire,Individual level information on participants is collected here. The sections are labeled to reflect content. Please note that the Medical Conditions section covers many subject areas.,2015-2016,,[PDF - 21 KB],https://wwwn.cdc.gov/nchs/data/nhanes/public/2011/questionnaires/DLQ_I.pdf
Sample Person Questionnaire,Individual level information on participants is collected here. The sections are labeled to reflect content. Please note that the Medical Conditions section covers many subject areas.,2017-2018,,[PDF - 45 KB],https://wwwn.cdc.gov/nchs/data/nhanes/public/2011/questionnaires/DLQ_J.pdf
Sample Person Questionnaire,Individual level information on participants is collected here. The sections are labeled to reflect content. Please note that the Medical Conditions section covers many subject areas.,2011-2012,,[PDF - 23 KB],https://wwwn.cdc.gov/nchs/data/nhanes/public/2011/questionnaires/ecq.pdf
Sample Person Questionnaire,Individual level information on participants is collected here. The sections are labeled to reflect content. Please note that the Medical Conditions section covers many subject areas.,2013-2014,,[PDF - 18 KB],https://wwwn.cdc.gov/nchs/data/nhanes/public/2011/questionnaires/ECQ_H.pdf
Sample Person Questionnaire,Individual level information on participants is collected here. The sections are labeled to reflect content. Please note that the Medical Conditions section covers many subject areas.,2015-2016,,[PDF - 54 KB],https://wwwn.cdc.gov/nchs/data/nhanes/public/2011/questionnaires/ECQ_I.pdf
Sample Person Questionnaire,Individual level information on participants is collected here. The sections are labeled to reflect content. Please note that the Medical Conditions section covers many subject areas.,2017-2018,,[PDF - 40 KB],https://wwwn.cdc.gov/nchs/data/nhanes/public/2011/questionnaires/ECQ_J.pdf
Sample Person Questionnaire,Individual level information on participants is collected here. The sections are labeled to reflect content. Please note that the Medical Conditions section covers many subject areas.,2019-2020,,[PDF - 44.5 KB],https://wwwn.cdc.gov/nchs/data/nhanes/public/2011/questionnaires/ECQ_K.pdf
Sample Person Questionnaire,Individual level information on participants is collected here. The sections are labeled to reflect content. Please note that the Medical Conditions section covers many subject areas.,2021-2023,,[PDF - 90.3 KB],https://wwwn.cdc.gov/nchs/data/nhanes/public/2011/questionnaires/ECQ-L-508.pdf
Sample Person Questionnaire,Individual level information on participants is collected here. The sections are labeled to reflect content. Please note that the Medical Conditions section covers many subject areas.,2019-2020,,[PDF - 55.2 KB],https://wwwn.cdc.gov/nchs/data/nhanes/public/2011/questionnaires/FNQ_K.pdf
Sample Person Questionnaire,Individual level information on participants is collected here. The sections are labeled to reflect content. Please note that the Medical Conditions section covers many subject areas.,2021-2023,,[PDF - 142 KB],https://wwwn.cdc.gov/nchs/data/nhanes/public/2011/questionnaires/FNQ-L-508.pdf
Sample Person Questionnaire,Individual level information on participants is collected here. The sections are labeled to reflect content. Please note that the Medical Conditions section covers many subject areas.,2011-2012,,[PDF - 45 KB],https://wwwn.cdc.gov/nchs/data/nhanes/public/2011/questionnaires/hiq.pdf
Sample Person Questionnaire,Individual level information on participants is collected here. The sections are labeled to reflect content. Please note that the Medical Conditions section covers many subject areas.,2013-2014,,[PDF - 39 KB],https://wwwn.cdc.gov/nchs/data/nhanes/public/2011/questionnaires/HIQ_H.pdf
Sample Person Questionnaire,Individual level information on participants is collected here. The sections are labeled to reflect content. Please note that the Medical Conditions section covers many subject areas.,2015-2016,,[PDF - 57 KB],https://wwwn.cdc.gov/nchs/data/nhanes/public/2011/questionnaires/HIQ_I.pdf
Sample Person Questionnaire,Individual level information on participants is collected here. The sections are labeled to reflect content. Please note that the Medical Conditions section covers many subject areas.,2017-2018,,[PDF - 48 KB],https://wwwn.cdc.gov/nchs/data/nhanes/public/2011/questionnaires/HIQ_J.pdf
Sample Person Questionnaire,Individual level information on participants is collected here. The sections are labeled to reflect content. Please note that the Medical Conditions section covers many subject areas.,2019-2020,,[PDF - 39.8 KB],https://wwwn.cdc.gov/nchs/data/nhanes/public/2011/questionnaires/HIQ_K.pdf
Sample Person Questionnaire,Individual level information on participants is collected here. The sections are labeled to reflect content. Please note that the Medical Conditions section covers many subject areas.,2021-2023,,[PDF - 114 KB],https://wwwn.cdc.gov/nchs/data/nhanes/public/2011/questionnaires/HIQ-L-508.pdf
Sample Person Questionnaire,Individual level information on participants is collected here. The sections are labeled to reflect content. Please note that the Medical Conditions section covers many subject areas.,2013-2014,,[PDF - 15 KB],https://wwwn.cdc.gov/nchs/data/nhanes/public/2011/questionnaires/HEQ_H.pdf
Sample Person Questionnaire,Individual level information on participants is collected here. The sections are labeled to reflect content. Please note that the Medical Conditions section covers many subject areas.,2015-2016,,[PDF - 33 KB],https://wwwn.cdc.gov/nchs/data/nhanes/public/2011/questionnaires/HEQ_I.pdf
Sample Person Questionnaire,Individual level information on participants is collected here. The sections are labeled to reflect content. Please note that the Medical Conditions section covers many subject areas.,2017-2018,,[PDF - 60 KB],https://wwwn.cdc.gov/nchs/data/nhanes/public/2011/questionnaires/HEQ_J.pdf
Sample Person Questionnaire,Individual level information on participants is collected here. The sections are labeled to reflect content. Please note that the Medical Conditions section covers many subject areas.,2019-2020,,[PDF - 15.7 KB],https://wwwn.cdc.gov/nchs/data/nhanes/public/2011/questionnaires/HEQ_K.pdf
Sample Person Questionnaire,Individual level information on participants is collected here. The sections are labeled to reflect content. Please note that the Medical Conditions section covers many subject areas.,2021-2023,,[PDF - 97.0 KB],https://wwwn.cdc.gov/nchs/data/nhanes/public/2011/questionnaires/HEQ-L-508.pdf
Sample Person Questionnaire,Individual level information on participants is collected here. The sections are labeled to reflect content. Please note that the Medical Conditions section covers many subject areas.,2011-2012,,[PDF - 35 KB],https://wwwn.cdc.gov/nchs/data/nhanes/public/2011/questionnaires/huq.pdf
Sample Person Questionnaire,Individual level information on participants is collected here. The sections are labeled to reflect content. Please note that the Medical Conditions section covers many subject areas.,2013-2014,,[PDF - 31 KB],https://wwwn.cdc.gov/nchs/data/nhanes/public/2011/questionnaires/HUQ_H.pdf
Sample Person Questionnaire,Individual level information on participants is collected here. The sections are labeled to reflect content. Please note that the Medical Conditions section covers many subject areas.,2015-2016,,[PDF - 70 KB],https://wwwn.cdc.gov/nchs/data/nhanes/public/2011/questionnaires/HUQ_I.pdf
Sample Person Questionnaire,Individual level information on participants is collected here. The sections are labeled to reflect content. Please note that the Medical Conditions section covers many subject areas.,2017-2018,,[PDF - 57 KB],https://wwwn.cdc.gov/nchs/data/nhanes/public/2011/questionnaires/HUQ_J.pdf
Sample Person Questionnaire,Individual level information on participants is collected here. The sections are labeled to reflect content. Please note that the Medical Conditions section covers many subject areas.,2019-2020,,[PDF - 29.3 KB],https://wwwn.cdc.gov/nchs/data/nhanes/public/2011/questionnaires/HUQ_K.pdf
Sample Person Questionnaire,Individual level information on participants is collected here. The sections are labeled to reflect content. Please note that the Medical Conditions section covers many subject areas.,2021-2023,,[PDF - 89.9 KB],https://wwwn.cdc.gov/nchs/data/nhanes/public/2011/questionnaires/HUQ-L-508.pdf
Sample Person Questionnaire,Individual level information on participants is collected here. The sections are labeled to reflect content. Please note that the Medical Conditions section covers many subject areas.,2011-2012,,[PDF - 25 KB],https://wwwn.cdc.gov/nchs/data/nhanes/public/2011/questionnaires/imq.pdf
Sample Person Questionnaire,Individual level information on participants is collected here. The sections are labeled to reflect content. Please note that the Medical Conditions section covers many subject areas.,2013-2014,,[PDF - 20 KB],https://wwwn.cdc.gov/nchs/data/nhanes/public/2011/questionnaires/IMQ_H.pdf
Sample Person Questionnaire,Individual level information on participants is collected here. The sections are labeled to reflect content. Please note that the Medical Conditions section covers many subject areas.,2015-2016,,[PDF - 59 KB],https://wwwn.cdc.gov/nchs/data/nhanes/public/2011/questionnaires/IMQ_I.pdf
Sample Person Questionnaire,Individual level information on participants is collected here. The sections are labeled to reflect content. Please note that the Medical Conditions section covers many subject areas.,2017-2018,,[PDF - 102 KB],https://wwwn.cdc.gov/nchs/data/nhanes/public/2011/questionnaires/IMQ_J.pdf
Sample Person Questionnaire,Individual level information on participants is collected here. The sections are labeled to reflect content. Please note that the Medical Conditions section covers many subject areas.,2019-2020,,[PDF - 21.4 KB],https://wwwn.cdc.gov/nchs/data/nhanes/public/2011/questionnaires/IMQ_K.pdf
Sample Person Questionnaire,Individual level information on participants is collected here. The sections are labeled to reflect content. Please note that the Medical Conditions section covers many subject areas.,2021-2023,,[PDF - 111 KB],https://wwwn.cdc.gov/nchs/data/nhanes/public/2011/questionnaires/IMQ-L-508.pdf
Sample Person Questionnaire,Individual level information on participants is collected here. The sections are labeled to reflect content. Please note that the Medical Conditions section covers many subject areas.,2019-2020,,[PDF - 51.7 KB],https://wwwn.cdc.gov/nchs/data/nhanes/public/2011/questionnaires/IFQ_K.pdf
Sample Person Questionnaire,Individual level information on participants is collected here. The sections are labeled to reflect content. Please note that the Medical Conditions section covers many subject areas.,2011-2012,,[PDF - 20 KB],https://wwwn.cdc.gov/nchs/data/nhanes/public/2011/questionnaires/kiq.pdf
Sample Person Questionnaire,Individual level information on participants is collected here. The sections are labeled to reflect content. Please note that the Medical Conditions section covers many subject areas.,2013-2014,,[PDF - 15 KB],https://wwwn.cdc.gov/nchs/data/nhanes/public/2011/questionnaires/KIQ_H.pdf
Sample Person Questionnaire,Individual level information on participants is collected here. The sections are labeled to reflect content. Please note that the Medical Conditions section covers many subject areas.,2015-2016,,[PDF - 53 KB],https://wwwn.cdc.gov/nchs/data/nhanes/public/2011/questionnaires/KIQ_I.pdf
Sample Person Questionnaire,Individual level information on participants is collected here. The sections are labeled to reflect content. Please note that the Medical Conditions section covers many subject areas.,2017-2018,,[PDF - 39 KB],https://wwwn.cdc.gov/nchs/data/nhanes/public/2011/questionnaires/KIQ_J.pdf
Sample Person Questionnaire,Individual level information on participants is collected here. The sections are labeled to reflect content. Please note that the Medical Conditions section covers many subject areas.,2019-2020,,[PDF - 15.1 KB],https://wwwn.cdc.gov/nchs/data/nhanes/public/2011/questionnaires/KIQ_K.pdf
Sample Person Questionnaire,Individual level information on participants is collected here. The sections are labeled to reflect content. Please note that the Medical Conditions section covers many subject areas.,2021-2023,,[PDF - 105 KB],https://wwwn.cdc.gov/nchs/data/nhanes/public/2011/questionnaires/KIQ-L-508.pdf
Sample Person Questionnaire,Individual level information on participants is collected here. The sections are labeled to reflect content. Please note that the Medical Conditions section covers many subject areas.,2011-2012,,[PDF - 86 KB],https://wwwn.cdc.gov/nchs/data/nhanes/public/2011/questionnaires/mcq.pdf
Sample Person Questionnaire,Individual level information on participants is collected here. The sections are labeled to reflect content. Please note that the Medical Conditions section covers many subject areas.,2013-2014,,[PDF - 106 KB],https://wwwn.cdc.gov/nchs/data/nhanes/public/2011/questionnaires/MCQ_H.pdf
Sample Person Questionnaire,Individual level information on participants is collected here. The sections are labeled to reflect content. Please note that the Medical Conditions section covers many subject areas.,2015-2016,,[PDF - 124 KB],https://wwwn.cdc.gov/nchs/data/nhanes/public/2011/questionnaires/MCQ_I.pdf
Sample Person Questionnaire,Individual level information on participants is collected here. The sections are labeled to reflect content. Please note that the Medical Conditions section covers many subject areas.,2017-2018,,[PDF - 137 KB],https://wwwn.cdc.gov/nchs/data/nhanes/public/2011/questionnaires/MCQ_J.pdf
Sample Person Questionnaire,Individual level information on participants is collected here. The sections are labeled to reflect content. Please note that the Medical Conditions section covers many subject areas.,2019-2020,,[PDF - 108 KB],https://wwwn.cdc.gov/nchs/data/nhanes/public/2011/questionnaires/MCQ_K.pdf
Sample Person Questionnaire,Individual level information on participants is collected here. The sections are labeled to reflect content. Please note that the Medical Conditions section covers many subject areas.,2021-2023,,[PDF - 130 KB],https://wwwn.cdc.gov/nchs/data/nhanes/public/2011/questionnaires/MCQ-L-508.pdf
Sample Person Questionnaire,Individual level information on participants is collected here. The sections are labeled to reflect content. Please note that the Medical Conditions section covers many subject areas.,2011-2012,,[PDF - 81 KB],https://wwwn.cdc.gov/nchs/data/nhanes/public/2011/questionnaires/ocq.pdf
Sample Person Questionnaire,Individual level information on participants is collected here. The sections are labeled to reflect content. Please note that the Medical Conditions section covers many subject areas.,2013-2014,,[PDF - 66 KB],https://wwwn.cdc.gov/nchs/data/nhanes/public/2011/questionnaires/OCQ_H.pdf
Sample Person Questionnaire,Individual level information on participants is collected here. The sections are labeled to reflect content. Please note that the Medical Conditions section covers many subject areas.,2015-2016,,[PDF - 84 KB],https://wwwn.cdc.gov/nchs/data/nhanes/public/2011/questionnaires/OCQ_I.pdf
Sample Person Questionnaire,Individual level information on participants is collected here. The sections are labeled to reflect content. Please note that the Medical Conditions section covers many subject areas.,2017-2018,,[PDF - 128 KB],https://wwwn.cdc.gov/nchs/data/nhanes/public/2011/questionnaires/OCQ_J.pdf
Sample Person Questionnaire,Individual level information on participants is collected here. The sections are labeled to reflect content. Please note that the Medical Conditions section covers many subject areas.,2019-2020,,[PDF - 33.8 KB],https://wwwn.cdc.gov/nchs/data/nhanes/public/2011/questionnaires/OCQ_K.pdf
Sample Person Questionnaire,Individual level information on participants is collected here. The sections are labeled to reflect content. Please note that the Medical Conditions section covers many subject areas.,2021-2023,,[PDF - 127 KB],https://wwwn.cdc.gov/nchs/data/nhanes/public/2011/questionnaires/OCQ-L-508.pdf
Sample Person Questionnaire,Individual level information on participants is collected here. The sections are labeled to reflect content. Please note that the Medical Conditions section covers many subject areas.,2011-2012,,[PDF - 36 KB],https://wwwn.cdc.gov/nchs/data/nhanes/public/2011/questionnaires/ohq.pdf
Sample Person Questionnaire,Individual level information on participants is collected here. The sections are labeled to reflect content. Please note that the Medical Conditions section covers many subject areas.,2013-2014,,[PDF - 48 KB],https://wwwn.cdc.gov/nchs/data/nhanes/public/2011/questionnaires/OHQ_H.pdf
Sample Person Questionnaire,Individual level information on participants is collected here. The sections are labeled to reflect content. Please note that the Medical Conditions section covers many subject areas.,2015-2016,,[PDF - 42 KB],https://wwwn.cdc.gov/nchs/data/nhanes/public/2011/questionnaires/OHQ_I.pdf
Sample Person Questionnaire,Individual level information on participants is collected here. The sections are labeled to reflect content. Please note that the Medical Conditions section covers many subject areas.,2017-2018,,[PDF - 72 KB],https://wwwn.cdc.gov/nchs/data/nhanes/public/2011/questionnaires/OHQ_J.pdf
Sample Person Questionnaire,Individual level information on participants is collected here. The sections are labeled to reflect content. Please note that the Medical Conditions section covers many subject areas.,2019-2020,,[PDF - 39.1 KB],https://wwwn.cdc.gov/nchs/data/nhanes/public/2011/questionnaires/OHQ_K.pdf
Sample Person Questionnaire,Individual level information on participants is collected here. The sections are labeled to reflect content. Please note that the Medical Conditions section covers many subject areas.,2021-2023,,[PDF - 82.5 KB],https://wwwn.cdc.gov/nchs/data/nhanes/public/2011/questionnaires/OHQ-L-508.pdf
Sample Person Questionnaire,Individual level information on participants is collected here. The sections are labeled to reflect content. Please note that the Medical Conditions section covers many subject areas.,2013-2014,,[PDF - 40 KB],https://wwwn.cdc.gov/nchs/data/nhanes/public/2011/questionnaires/OSQ_H.pdf
Sample Person Questionnaire,Individual level information on participants is collected here. The sections are labeled to reflect content. Please note that the Medical Conditions section covers many subject areas.,2017-2018,,[PDF - 51 KB],https://wwwn.cdc.gov/nchs/data/nhanes/public/2011/questionnaires/OSQ_J.pdf
Sample Person Questionnaire,Individual level information on participants is collected here. The sections are labeled to reflect content. Please note that the Medical Conditions section covers many subject areas.,2019-2020,,[PDF - 43.4 KB],https://wwwn.cdc.gov/nchs/data/nhanes/public/2011/questionnaires/OSQ_K.pdf
Sample Person Questionnaire,Individual level information on participants is collected here. The sections are labeled to reflect content. Please note that the Medical Conditions section covers many subject areas.,2011-2012,,[PDF - 62 KB],https://wwwn.cdc.gov/nchs/data/nhanes/public/2011/questionnaires/paq.pdf
Sample Person Questionnaire,Individual level information on participants is collected here. The sections are labeled to reflect content. Please note that the Medical Conditions section covers many subject areas.,2013-2014,,[PDF - 57 KB],https://wwwn.cdc.gov/nchs/data/nhanes/public/2011/questionnaires/PAQ_H.pdf
Sample Person Questionnaire,Individual level information on participants is collected here. The sections are labeled to reflect content. Please note that the Medical Conditions section covers many subject areas.,2015-2016,,[PDF - 57 KB],https://wwwn.cdc.gov/nchs/data/nhanes/public/2011/questionnaires/PAQ_I.pdf
Sample Person Questionnaire,Individual level information on participants is collected here. The sections are labeled to reflect content. Please note that the Medical Conditions section covers many subject areas.,2017-2018,,[PDF - 89 KB],https://wwwn.cdc.gov/nchs/data/nhanes/public/2011/questionnaires/PAQ_J.pdf
Sample Person Questionnaire,Individual level information on participants is collected here. The sections are labeled to reflect content. Please note that the Medical Conditions section covers many subject areas.,2019-2020,,[PDF - 40.9 KB],https://wwwn.cdc.gov/nchs/data/nhanes/public/2011/questionnaires/PAQ_K.pdf
Sample Person Questionnaire,Individual level information on participants is collected here. The sections are labeled to reflect content. Please note that the Medical Conditions section covers many subject areas.,2021-2023,,[PDF - 124 KB],https://wwwn.cdc.gov/nchs/data/nhanes/public/2011/questionnaires/PAQ-L-508.pdf
Sample Person Questionnaire,Individual level information on participants is collected here. The sections are labeled to reflect content. Please note that the Medical Conditions section covers many subject areas.,2011-2012,,[PDF - 63 KB],https://wwwn.cdc.gov/nchs/data/nhanes/public/2011/questionnaires/pfq.pdf
Sample Person Questionnaire,Individual level information on participants is collected here. The sections are labeled to reflect content. Please note that the Medical Conditions section covers many subject areas.,2013-2014,,[PDF - 56 KB],https://wwwn.cdc.gov/nchs/data/nhanes/public/2011/questionnaires/PFQ_H.pdf
Sample Person Questionnaire,Individual level information on participants is collected here. The sections are labeled to reflect content. Please note that the Medical Conditions section covers many subject areas.,2015-2016,,[PDF - 61 KB],https://wwwn.cdc.gov/nchs/data/nhanes/public/2011/questionnaires/PFQ_I.pdf
Sample Person Questionnaire,Individual level information on participants is collected here. The sections are labeled to reflect content. Please note that the Medical Conditions section covers many subject areas.,2017-2018,,[PDF - 128 KB],https://wwwn.cdc.gov/nchs/data/nhanes/public/2011/questionnaires/PFQ_J.pdf
Sample Person Questionnaire,Individual level information on participants is collected here. The sections are labeled to reflect content. Please note that the Medical Conditions section covers many subject areas.,2021-2023,,[PDF - 106 KB],https://wwwn.cdc.gov/nchs/data/nhanes/public/2011/questionnaires/RXQ-L-508.pdf
Sample Person Questionnaire,Individual level information on participants is collected here. The sections are labeled to reflect content. Please note that the Medical Conditions section covers many subject areas.,2011-2012,,[PDF - 36 KB],https://wwwn.cdc.gov/nchs/data/nhanes/public/2011/questionnaires/rdq.pdf
Sample Person Questionnaire,Individual level information on participants is collected here. The sections are labeled to reflect content. Please note that the Medical Conditions section covers many subject areas.,2021-2023,,[PDF - 192 KB],https://wwwn.cdc.gov/nchs/data/nhanes/public/2011/questionnaires/RIQ-L-508.pdf
Sample Person Questionnaire,Individual level information on participants is collected here. The sections are labeled to reflect content. Please note that the Medical Conditions section covers many subject areas.,2011-2012,,[PDF - 520 KB],https://wwwn.cdc.gov/nchs/data/nhanes/public/2011/questionnaires/2011-2012_Handcards_SP.pdf
Sample Person Questionnaire,Individual level information on participants is collected here. The sections are labeled to reflect content. Please note that the Medical Conditions section covers many subject areas.,2013-2014,,[PDF - 846 KB],https://wwwn.cdc.gov/nchs/data/nhanes/public/2011/questionnaires/2013-2014_Handcards_SP.pdf
Sample Person Questionnaire,Individual level information on participants is collected here. The sections are labeled to reflect content. Please note that the Medical Conditions section covers many subject areas.,2015-2016,,[PDF - 918 KB],https://wwwn.cdc.gov/nchs/data/nhanes/public/2011/questionnaires/2015-2016_Handcards_SP.pdf
Sample Person Questionnaire,Individual level information on participants is collected here. The sections are labeled to reflect content. Please note that the Medical Conditions section covers many subject areas.,2019-2020,,[PDF - 1.28 MB],https://wwwn.cdc.gov/nchs/data/nhanes/public/2011/questionnaires/2020_Handcards_SP.pdf
Sample Person Questionnaire,Individual level information on participants is collected here. The sections are labeled to reflect content. Please note that the Medical Conditions section covers many subject areas.,2011-2012,,[PDF - 18 KB],https://wwwn.cdc.gov/nchs/data/nhanes/public/2011/questionnaires/slq.pdf
Sample Person Questionnaire,Individual level information on participants is collected here. The sections are labeled to reflect content. Please note that the Medical Conditions section covers many subject areas.,2013-2014,,[PDF - 10 KB],https://wwwn.cdc.gov/nchs/data/nhanes/public/2011/questionnaires/SLQ_H.pdf
Sample Person Questionnaire,Individual level information on participants is collected here. The sections are labeled to reflect content. Please note that the Medical Conditions section covers many subject areas.,2015-2016,,[PDF - 16 KB],https://wwwn.cdc.gov/nchs/data/nhanes/public/2011/questionnaires/SLQ_I.pdf
Sample Person Questionnaire,Individual level information on participants is collected here. The sections are labeled to reflect content. Please note that the Medical Conditions section covers many subject areas.,2017-2018,,[PDF - 63 KB],https://wwwn.cdc.gov/nchs/data/nhanes/public/2011/questionnaires/SLQ_J.pdf
Sample Person Questionnaire,Individual level information on participants is collected here. The sections are labeled to reflect content. Please note that the Medical Conditions section covers many subject areas.,2019-2020,,[PDF - 19.6 KB],https://wwwn.cdc.gov/nchs/data/nhanes/public/2011/questionnaires/SLQ_K.pdf
Sample Person Questionnaire,Individual level information on participants is collected here. The sections are labeled to reflect content. Please note that the Medical Conditions section covers many subject areas.,2021-2023,,[PDF - 79.5 KB],https://wwwn.cdc.gov/nchs/data/nhanes/public/2011/questionnaires/SLQ-L-508.pdf
Sample Person Questionnaire,Individual level information on participants is collected here. The sections are labeled to reflect content. Please note that the Medical Conditions section covers many subject areas.,2011-2012,,[PDF - 41 KB],https://wwwn.cdc.gov/nchs/data/nhanes/public/2011/questionnaires/smq.pdf
Sample Person Questionnaire,Individual level information on participants is collected here. The sections are labeled to reflect content. Please note that the Medical Conditions section covers many subject areas.,2013-2014,,[PDF - 43 KB],https://wwwn.cdc.gov/nchs/data/nhanes/public/2011/questionnaires/SMQ_H.pdf
Sample Person Questionnaire,Individual level information on participants is collected here. The sections are labeled to reflect content. Please note that the Medical Conditions section covers many subject areas.,2015-2016,,[PDF - 54 KB],https://wwwn.cdc.gov/nchs/data/nhanes/public/2011/questionnaires/SMQ_I.pdf
Sample Person Questionnaire,Individual level information on participants is collected here. The sections are labeled to reflect content. Please note that the Medical Conditions section covers many subject areas.,2017-2018,,[PDF - 103 KB],https://wwwn.cdc.gov/nchs/data/nhanes/public/2011/questionnaires/SMQ_J.pdf
Sample Person Questionnaire,Individual level information on participants is collected here. The sections are labeled to reflect content. Please note that the Medical Conditions section covers many subject areas.,2019-2020,,[PDF - 32.4 KB],https://wwwn.cdc.gov/nchs/data/nhanes/public/2011/questionnaires/SMQ_K.pdf
Sample Person Questionnaire,Individual level information on participants is collected here. The sections are labeled to reflect content. Please note that the Medical Conditions section covers many subject areas.,2021-2023,,[PDF - 110 KB],https://wwwn.cdc.gov/nchs/data/nhanes/public/2011/questionnaires/SMQ-L-508.pdf
Sample Person Questionnaire,Individual level information on participants is collected here. The sections are labeled to reflect content. Please note that the Medical Conditions section covers many subject areas.,2019-2020,,[PDF - 79.9 KB],https://wwwn.cdc.gov/nchs/data/nhanes/public/2011/questionnaires/BAQ_K.pdf
Sample Person Questionnaire,Individual level information on participants is collected here. The sections are labeled to reflect content. Please note that the Medical Conditions section covers many subject areas.,2011-2012,,[PDF - 24 KB],https://wwwn.cdc.gov/nchs/data/nhanes/public/2011/questionnaires/tbq.pdf
Sample Person Questionnaire,Individual level information on participants is collected here. The sections are labeled to reflect content. Please note that the Medical Conditions section covers many subject areas.,2011-2012,,[PDF - 55 KB],https://wwwn.cdc.gov/nchs/data/nhanes/public/2011/questionnaires/whq.pdf
Sample Person Questionnaire,Individual level information on participants is collected here. The sections are labeled to reflect content. Please note that the Medical Conditions section covers many subject areas.,2013-2014,,[PDF - 39 KB],https://wwwn.cdc.gov/nchs/data/nhanes/public/2011/questionnaires/WHQ_H.pdf
Sample Person Questionnaire,Individual level information on participants is collected here. The sections are labeled to reflect content. Please note that the Medical Conditions section covers many subject areas.,2015-2016,,[PDF - 61 KB],https://wwwn.cdc.gov/nchs/data/nhanes/public/2011/questionnaires/WHQ_I.pdf
Sample Person Questionnaire,Individual level information on participants is collected here. The sections are labeled to reflect content. Please note that the Medical Conditions section covers many subject areas.,2017-2018,,[PDF - 97 KB],https://wwwn.cdc.gov/nchs/data/nhanes/public/2011/questionnaires/WHQ_J.pdf
Sample Person Questionnaire,Individual level information on participants is collected here. The sections are labeled to reflect content. Please note that the Medical Conditions section covers many subject areas.,2019-2020,,[PDF - 37.5 KB],https://wwwn.cdc.gov/nchs/data/nhanes/public/2011/questionnaires/WHQ_K.pdf
Sample Person Questionnaire,Individual level information on participants is collected here. The sections are labeled to reflect content. Please note that the Medical Conditions section covers many subject areas.,2021-2023,,[PDF - 85.9 KB],https://wwwn.cdc.gov/nchs/data/nhanes/public/2011/questionnaires/WHQ-L-508.pdf
MEC ACASI and CAPI Questionnaires,Audio computer-assisted self-interview (ACASI) and computer-assisted personal interview (CAPI) questionnaires are administered in the MEC. During the visit to the examination center additional questions are administered that cover more sensitive areas such as reproductive health and illegal drug use. The sections are labeled to reflect content.,2011-2012,,[PDF - 25 KB],https://wwwn.cdc.gov/nchs/data/nhanes/public/2011/questionnaires/acq.pdf
MEC ACASI and CAPI Questionnaires,Audio computer-assisted self-interview (ACASI) and computer-assisted personal interview (CAPI) questionnaires are administered in the MEC. During the visit to the examination center additional questions are administered that cover more sensitive areas such as reproductive health and illegal drug use. The sections are labeled to reflect content.,2013-2014,,[PDF - 26 KB],https://wwwn.cdc.gov/nchs/data/nhanes/public/2011/questionnaires/ACQ_H.pdf
MEC ACASI and CAPI Questionnaires,Audio computer-assisted self-interview (ACASI) and computer-assisted personal interview (CAPI) questionnaires are administered in the MEC. During the visit to the examination center additional questions are administered that cover more sensitive areas such as reproductive health and illegal drug use. The sections are labeled to reflect content.,2015-2016,,[PDF - 24 KB],https://wwwn.cdc.gov/nchs/data/nhanes/public/2011/questionnaires/ACQ_I.pdf
MEC ACASI and CAPI Questionnaires,Audio computer-assisted self-interview (ACASI) and computer-assisted personal interview (CAPI) questionnaires are administered in the MEC. During the visit to the examination center additional questions are administered that cover more sensitive areas such as reproductive health and illegal drug use. The sections are labeled to reflect content.,2017-2018,,[PDF - 30 KB],https://wwwn.cdc.gov/nchs/data/nhanes/public/2011/questionnaires/ACQ_J.pdf
MEC ACASI and CAPI Questionnaires,Audio computer-assisted self-interview (ACASI) and computer-assisted personal interview (CAPI) questionnaires are administered in the MEC. During the visit to the examination center additional questions are administered that cover more sensitive areas such as reproductive health and illegal drug use. The sections are labeled to reflect content.,2019-2020,,[PDF - 23.2 KB],https://wwwn.cdc.gov/nchs/data/nhanes/public/2011/questionnaires/ACQ_K.pdf
MEC ACASI and CAPI Questionnaires,Audio computer-assisted self-interview (ACASI) and computer-assisted personal interview (CAPI) questionnaires are administered in the MEC. During the visit to the examination center additional questions are administered that cover more sensitive areas such as reproductive health and illegal drug use. The sections are labeled to reflect content.,2021-2023,,[PDF - 85.3 KB],https://wwwn.cdc.gov/nchs/data/nhanes/public/2011/questionnaires/ACQ-L-508.pdf
MEC ACASI and CAPI Questionnaires,Audio computer-assisted self-interview (ACASI) and computer-assisted personal interview (CAPI) questionnaires are administered in the MEC. During the visit to the examination center additional questions are administered that cover more sensitive areas such as reproductive health and illegal drug use. The sections are labeled to reflect content.,2011-2012,,[PDF - 45 KB],https://wwwn.cdc.gov/nchs/data/nhanes/public/2011/questionnaires/auq.pdf
MEC ACASI and CAPI Questionnaires,Audio computer-assisted self-interview (ACASI) and computer-assisted personal interview (CAPI) questionnaires are administered in the MEC. During the visit to the examination center additional questions are administered that cover more sensitive areas such as reproductive health and illegal drug use. The sections are labeled to reflect content.,2015-2016,,[PDF - 42 KB],https://wwwn.cdc.gov/nchs/data/nhanes/public/2011/questionnaires/AUQ_I.pdf
MEC ACASI and CAPI Questionnaires,Audio computer-assisted self-interview (ACASI) and computer-assisted personal interview (CAPI) questionnaires are administered in the MEC. During the visit to the examination center additional questions are administered that cover more sensitive areas such as reproductive health and illegal drug use. The sections are labeled to reflect content.,2017-2018,,[PDF - 91 KB],https://wwwn.cdc.gov/nchs/data/nhanes/public/2011/questionnaires/AUQ_J.pdf
MEC ACASI and CAPI Questionnaires,Audio computer-assisted self-interview (ACASI) and computer-assisted personal interview (CAPI) questionnaires are administered in the MEC. During the visit to the examination center additional questions are administered that cover more sensitive areas such as reproductive health and illegal drug use. The sections are labeled to reflect content.,2019-2020,,[PDF - 58.3 KB],https://wwwn.cdc.gov/nchs/data/nhanes/public/2011/questionnaires/AUQ_K.pdf
MEC ACASI and CAPI Questionnaires,Audio computer-assisted self-interview (ACASI) and computer-assisted personal interview (CAPI) questionnaires are administered in the MEC. During the visit to the examination center additional questions are administered that cover more sensitive areas such as reproductive health and illegal drug use. The sections are labeled to reflect content.,2021-2023,,[PDF - 132 KB],https://wwwn.cdc.gov/nchs/data/nhanes/public/2011/questionnaires/AUQ-L-508.pdf
MEC ACASI and CAPI Questionnaires,Audio computer-assisted self-interview (ACASI) and computer-assisted personal interview (CAPI) questionnaires are administered in the MEC. During the visit to the examination center additional questions are administered that cover more sensitive areas such as reproductive health and illegal drug use. The sections are labeled to reflect content.,2021-2023,,[PDF - 100 KB],https://wwwn.cdc.gov/nchs/data/nhanes/public/2011/questionnaires/BAQ-L-508.pdf
MEC ACASI and CAPI Questionnaires,Audio computer-assisted self-interview (ACASI) and computer-assisted personal interview (CAPI) questionnaires are administered in the MEC. During the visit to the examination center additional questions are administered that cover more sensitive areas such as reproductive health and illegal drug use. The sections are labeled to reflect content.,2011-2012,,[PDF - 31 KB],https://wwwn.cdc.gov/nchs/data/nhanes/public/2011/questionnaires/bpq.pdf
MEC ACASI and CAPI Questionnaires,Audio computer-assisted self-interview (ACASI) and computer-assisted personal interview (CAPI) questionnaires are administered in the MEC. During the visit to the examination center additional questions are administered that cover more sensitive areas such as reproductive health and illegal drug use. The sections are labeled to reflect content.,2013-2014,,[PDF - 24 KB],https://wwwn.cdc.gov/nchs/data/nhanes/public/2011/questionnaires/BPQ_H.pdf
MEC ACASI and CAPI Questionnaires,Audio computer-assisted self-interview (ACASI) and computer-assisted personal interview (CAPI) questionnaires are administered in the MEC. During the visit to the examination center additional questions are administered that cover more sensitive areas such as reproductive health and illegal drug use. The sections are labeled to reflect content.,2015-2016,,[PDF - 20 KB],https://wwwn.cdc.gov/nchs/data/nhanes/public/2011/questionnaires/BPQ_I.pdf
MEC ACASI and CAPI Questionnaires,Audio computer-assisted self-interview (ACASI) and computer-assisted personal interview (CAPI) questionnaires are administered in the MEC. During the visit to the examination center additional questions are administered that cover more sensitive areas such as reproductive health and illegal drug use. The sections are labeled to reflect content.,2017-2018,,[PDF - 47 KB],https://wwwn.cdc.gov/nchs/data/nhanes/public/2011/questionnaires/BPQ_J.pdf
MEC ACASI and CAPI Questionnaires,Audio computer-assisted self-interview (ACASI) and computer-assisted personal interview (CAPI) questionnaires are administered in the MEC. During the visit to the examination center additional questions are administered that cover more sensitive areas such as reproductive health and illegal drug use. The sections are labeled to reflect content.,2019-2020,,[PDF - 19.6 KB],https://wwwn.cdc.gov/nchs/data/nhanes/public/2011/questionnaires/BPQ_K.pdf
MEC ACASI and CAPI Questionnaires,Audio computer-assisted self-interview (ACASI) and computer-assisted personal interview (CAPI) questionnaires are administered in the MEC. During the visit to the examination center additional questions are administered that cover more sensitive areas such as reproductive health and illegal drug use. The sections are labeled to reflect content.,2021-2023,,[PDF - 108 KB],https://wwwn.cdc.gov/nchs/data/nhanes/public/2011/questionnaires/BPQ-L-508.pdf
MEC ACASI and CAPI Questionnaires,Audio computer-assisted self-interview (ACASI) and computer-assisted personal interview (CAPI) questionnaires are administered in the MEC. During the visit to the examination center additional questions are administered that cover more sensitive areas such as reproductive health and illegal drug use. The sections are labeled to reflect content.,2011-2012,,[PDF - 22 KB],https://wwwn.cdc.gov/nchs/data/nhanes/public/2011/questionnaires/cdq.pdf
MEC ACASI and CAPI Questionnaires,Audio computer-assisted self-interview (ACASI) and computer-assisted personal interview (CAPI) questionnaires are administered in the MEC. During the visit to the examination center additional questions are administered that cover more sensitive areas such as reproductive health and illegal drug use. The sections are labeled to reflect content.,2013-2014,,[PDF - 16 KB],https://wwwn.cdc.gov/nchs/data/nhanes/public/2011/questionnaires/CDQ_H.pdf
MEC ACASI and CAPI Questionnaires,Audio computer-assisted self-interview (ACASI) and computer-assisted personal interview (CAPI) questionnaires are administered in the MEC. During the visit to the examination center additional questions are administered that cover more sensitive areas such as reproductive health and illegal drug use. The sections are labeled to reflect content.,2015-2016,,[PDF - 16 KB],https://wwwn.cdc.gov/nchs/data/nhanes/public/2011/questionnaires/CDQ_I.pdf
MEC ACASI and CAPI Questionnaires,Audio computer-assisted self-interview (ACASI) and computer-assisted personal interview (CAPI) questionnaires are administered in the MEC. During the visit to the examination center additional questions are administered that cover more sensitive areas such as reproductive health and illegal drug use. The sections are labeled to reflect content.,2017-2018,,[PDF - 60 KB],https://wwwn.cdc.gov/nchs/data/nhanes/public/2011/questionnaires/CDQ_J.pdf
MEC ACASI and CAPI Questionnaires,Audio computer-assisted self-interview (ACASI) and computer-assisted personal interview (CAPI) questionnaires are administered in the MEC. During the visit to the examination center additional questions are administered that cover more sensitive areas such as reproductive health and illegal drug use. The sections are labeled to reflect content.,2019-2020,,[PDF - 16.3 KB],https://wwwn.cdc.gov/nchs/data/nhanes/public/2011/questionnaires/CDQ_K.pdf
MEC ACASI and CAPI Questionnaires,Audio computer-assisted self-interview (ACASI) and computer-assisted personal interview (CAPI) questionnaires are administered in the MEC. During the visit to the examination center additional questions are administered that cover more sensitive areas such as reproductive health and illegal drug use. The sections are labeled to reflect content.,2011-2012,,[PDF - 38 KB],https://wwwn.cdc.gov/nchs/data/nhanes/public/2011/questionnaires/csq.pdf
MEC ACASI and CAPI Questionnaires,Audio computer-assisted self-interview (ACASI) and computer-assisted personal interview (CAPI) questionnaires are administered in the MEC. During the visit to the examination center additional questions are administered that cover more sensitive areas such as reproductive health and illegal drug use. The sections are labeled to reflect content.,2013-2014,,[PDF - 36 KB],https://wwwn.cdc.gov/nchs/data/nhanes/public/2011/questionnaires/CSQ_H.pdf
MEC ACASI and CAPI Questionnaires,Audio computer-assisted self-interview (ACASI) and computer-assisted personal interview (CAPI) questionnaires are administered in the MEC. During the visit to the examination center additional questions are administered that cover more sensitive areas such as reproductive health and illegal drug use. The sections are labeled to reflect content.,2021-2023,,[PDF - 204 KB],https://wwwn.cdc.gov/nchs/data/nhanes/public/2011/questionnaires/COQ-L-508.pdf
MEC ACASI and CAPI Questionnaires,Audio computer-assisted self-interview (ACASI) and computer-assisted personal interview (CAPI) questionnaires are administered in the MEC. During the visit to the examination center additional questions are administered that cover more sensitive areas such as reproductive health and illegal drug use. The sections are labeled to reflect content.,2011-2012,,[PDF - 86 KB],https://wwwn.cdc.gov/nchs/data/nhanes/public/2011/questionnaires/dmq.pdf
MEC ACASI and CAPI Questionnaires,Audio computer-assisted self-interview (ACASI) and computer-assisted personal interview (CAPI) questionnaires are administered in the MEC. During the visit to the examination center additional questions are administered that cover more sensitive areas such as reproductive health and illegal drug use. The sections are labeled to reflect content.,2013-2014,,[PDF - 88 KB],https://wwwn.cdc.gov/nchs/data/nhanes/public/2011/questionnaires/DMQ_H.pdf
MEC ACASI and CAPI Questionnaires,Audio computer-assisted self-interview (ACASI) and computer-assisted personal interview (CAPI) questionnaires are administered in the MEC. During the visit to the examination center additional questions are administered that cover more sensitive areas such as reproductive health and illegal drug use. The sections are labeled to reflect content.,2015-2016,,[PDF - 127 KB],https://wwwn.cdc.gov/nchs/data/nhanes/public/2011/questionnaires/DMQ_I.pdf
MEC ACASI and CAPI Questionnaires,Audio computer-assisted self-interview (ACASI) and computer-assisted personal interview (CAPI) questionnaires are administered in the MEC. During the visit to the examination center additional questions are administered that cover more sensitive areas such as reproductive health and illegal drug use. The sections are labeled to reflect content.,2017-2018,,[PDF - 94 KB],https://wwwn.cdc.gov/nchs/data/nhanes/public/2011/questionnaires/DMQ_J.pdf
MEC ACASI and CAPI Questionnaires,Audio computer-assisted self-interview (ACASI) and computer-assisted personal interview (CAPI) questionnaires are administered in the MEC. During the visit to the examination center additional questions are administered that cover more sensitive areas such as reproductive health and illegal drug use. The sections are labeled to reflect content.,2019-2020,,[PDF - 68.8 KB],https://wwwn.cdc.gov/nchs/data/nhanes/public/2011/questionnaires/DMQ_K.pdf
MEC ACASI and CAPI Questionnaires,Audio computer-assisted self-interview (ACASI) and computer-assisted personal interview (CAPI) questionnaires are administered in the MEC. During the visit to the examination center additional questions are administered that cover more sensitive areas such as reproductive health and illegal drug use. The sections are labeled to reflect content.,2021-2023,,[PDF - 147 KB],https://wwwn.cdc.gov/nchs/data/nhanes/public/2011/questionnaires/DMQ-L-508.pdf
MEC ACASI and CAPI Questionnaires,Audio computer-assisted self-interview (ACASI) and computer-assisted personal interview (CAPI) questionnaires are administered in the MEC. During the visit to the examination center additional questions are administered that cover more sensitive areas such as reproductive health and illegal drug use. The sections are labeled to reflect content.,2011-2012,,[PDF - 27 KB],https://wwwn.cdc.gov/nchs/data/nhanes/public/2011/questionnaires/deq.pdf
MEC ACASI and CAPI Questionnaires,Audio computer-assisted self-interview (ACASI) and computer-assisted personal interview (CAPI) questionnaires are administered in the MEC. During the visit to the examination center additional questions are administered that cover more sensitive areas such as reproductive health and illegal drug use. The sections are labeled to reflect content.,2013-2014,,[PDF - 20 KB],https://wwwn.cdc.gov/nchs/data/nhanes/public/2011/questionnaires/DEQ_H.pdf
MEC ACASI and CAPI Questionnaires,Audio computer-assisted self-interview (ACASI) and computer-assisted personal interview (CAPI) questionnaires are administered in the MEC. During the visit to the examination center additional questions are administered that cover more sensitive areas such as reproductive health and illegal drug use. The sections are labeled to reflect content.,2015-2016,,[PDF - 20 KB],https://wwwn.cdc.gov/nchs/data/nhanes/public/2011/questionnaires/DEQ_I.pdf
MEC ACASI and CAPI Questionnaires,Audio computer-assisted self-interview (ACASI) and computer-assisted personal interview (CAPI) questionnaires are administered in the MEC. During the visit to the examination center additional questions are administered that cover more sensitive areas such as reproductive health and illegal drug use. The sections are labeled to reflect content.,2017-2018,,[PDF - 66 KB],https://wwwn.cdc.gov/nchs/data/nhanes/public/2011/questionnaires/DEQ_J.pdf
MEC ACASI and CAPI Questionnaires,Audio computer-assisted self-interview (ACASI) and computer-assisted personal interview (CAPI) questionnaires are administered in the MEC. During the visit to the examination center additional questions are administered that cover more sensitive areas such as reproductive health and illegal drug use. The sections are labeled to reflect content.,2019-2020,,[PDF - 18.5 KB],https://wwwn.cdc.gov/nchs/data/nhanes/public/2011/questionnaires/DEQ_K.pdf
MEC ACASI and CAPI Questionnaires,Audio computer-assisted self-interview (ACASI) and computer-assisted personal interview (CAPI) questionnaires are administered in the MEC. During the visit to the examination center additional questions are administered that cover more sensitive areas such as reproductive health and illegal drug use. The sections are labeled to reflect content.,2021-2023,,[PDF - 77.2 KB],https://wwwn.cdc.gov/nchs/data/nhanes/public/2011/questionnaires/DEQ-L-508.pdf
MEC ACASI and CAPI Questionnaires,Audio computer-assisted self-interview (ACASI) and computer-assisted personal interview (CAPI) questionnaires are administered in the MEC. During the visit to the examination center additional questions are administered that cover more sensitive areas such as reproductive health and illegal drug use. The sections are labeled to reflect content.,2011-2012,,[PDF - 55 KB],https://wwwn.cdc.gov/nchs/data/nhanes/public/2011/questionnaires/diq.pdf
MEC ACASI and CAPI Questionnaires,Audio computer-assisted self-interview (ACASI) and computer-assisted personal interview (CAPI) questionnaires are administered in the MEC. During the visit to the examination center additional questions are administered that cover more sensitive areas such as reproductive health and illegal drug use. The sections are labeled to reflect content.,2013-2014,,[PDF - 49 KB],https://wwwn.cdc.gov/nchs/data/nhanes/public/2011/questionnaires/DIQ_H.pdf
MEC ACASI and CAPI Questionnaires,Audio computer-assisted self-interview (ACASI) and computer-assisted personal interview (CAPI) questionnaires are administered in the MEC. During the visit to the examination center additional questions are administered that cover more sensitive areas such as reproductive health and illegal drug use. The sections are labeled to reflect content.,2015-2016,,[PDF - 49 KB],https://wwwn.cdc.gov/nchs/data/nhanes/public/2011/questionnaires/DIQ_I.pdf
MEC ACASI and CAPI Questionnaires,Audio computer-assisted self-interview (ACASI) and computer-assisted personal interview (CAPI) questionnaires are administered in the MEC. During the visit to the examination center additional questions are administered that cover more sensitive areas such as reproductive health and illegal drug use. The sections are labeled to reflect content.,2017-2018,,[PDF - 86 KB],https://wwwn.cdc.gov/nchs/data/nhanes/public/2011/questionnaires/DIQ_J.pdf
MEC ACASI and CAPI Questionnaires,Audio computer-assisted self-interview (ACASI) and computer-assisted personal interview (CAPI) questionnaires are administered in the MEC. During the visit to the examination center additional questions are administered that cover more sensitive areas such as reproductive health and illegal drug use. The sections are labeled to reflect content.,2019-2020,,[PDF - 50.9 KB],https://wwwn.cdc.gov/nchs/data/nhanes/public/2011/questionnaires/DIQ_K.pdf
MEC ACASI and CAPI Questionnaires,Audio computer-assisted self-interview (ACASI) and computer-assisted personal interview (CAPI) questionnaires are administered in the MEC. During the visit to the examination center additional questions are administered that cover more sensitive areas such as reproductive health and illegal drug use. The sections are labeled to reflect content.,2021-2023,,[PDF - 95.7 KB],https://wwwn.cdc.gov/nchs/data/nhanes/public/2011/questionnaires/DIQ-L-508.pdf
MEC ACASI and CAPI Questionnaires,Audio computer-assisted self-interview (ACASI) and computer-assisted personal interview (CAPI) questionnaires are administered in the MEC. During the visit to the examination center additional questions are administered that cover more sensitive areas such as reproductive health and illegal drug use. The sections are labeled to reflect content.,2015-2016,,[PDF - 65 KB],https://wwwn.cdc.gov/nchs/data/nhanes/public/2011/questionnaires/DBQ_I.pdf
MEC ACASI and CAPI Questionnaires,Audio computer-assisted self-interview (ACASI) and computer-assisted personal interview (CAPI) questionnaires are administered in the MEC. During the visit to the examination center additional questions are administered that cover more sensitive areas such as reproductive health and illegal drug use. The sections are labeled to reflect content.,2017-2018,,[PDF - 85 KB],https://wwwn.cdc.gov/nchs/data/nhanes/public/2011/questionnaires/DBQ_J.pdf
MEC ACASI and CAPI Questionnaires,Audio computer-assisted self-interview (ACASI) and computer-assisted personal interview (CAPI) questionnaires are administered in the MEC. During the visit to the examination center additional questions are administered that cover more sensitive areas such as reproductive health and illegal drug use. The sections are labeled to reflect content.,2019-2020,,[PDF - 121 KB],https://wwwn.cdc.gov/nchs/data/nhanes/public/2011/questionnaires/DBQ_K.pdf
MEC ACASI and CAPI Questionnaires,Audio computer-assisted self-interview (ACASI) and computer-assisted personal interview (CAPI) questionnaires are administered in the MEC. During the visit to the examination center additional questions are administered that cover more sensitive areas such as reproductive health and illegal drug use. The sections are labeled to reflect content.,2021-2023,,[PDF - 124 KB],https://wwwn.cdc.gov/nchs/data/nhanes/public/2011/questionnaires/DBQ-L-508.pdf
MEC ACASI and CAPI Questionnaires,Audio computer-assisted self-interview (ACASI) and computer-assisted personal interview (CAPI) questionnaires are administered in the MEC. During the visit to the examination center additional questions are administered that cover more sensitive areas such as reproductive health and illegal drug use. The sections are labeled to reflect content.,2011-2012,,[PDF - 70 KB],https://wwwn.cdc.gov/nchs/data/nhanes/public/2011/questionnaires/dbq.pdf
MEC ACASI and CAPI Questionnaires,Audio computer-assisted self-interview (ACASI) and computer-assisted personal interview (CAPI) questionnaires are administered in the MEC. During the visit to the examination center additional questions are administered that cover more sensitive areas such as reproductive health and illegal drug use. The sections are labeled to reflect content.,2013-2014,,[PDF - 74 KB],https://wwwn.cdc.gov/nchs/data/nhanes/public/2011/questionnaires/DBQ_H.pdf
MEC ACASI and CAPI Questionnaires,Audio computer-assisted self-interview (ACASI) and computer-assisted personal interview (CAPI) questionnaires are administered in the MEC. During the visit to the examination center additional questions are administered that cover more sensitive areas such as reproductive health and illegal drug use. The sections are labeled to reflect content.,2011-2012,,[PDF - 129 KB],https://wwwn.cdc.gov/nchs/data/nhanes/public/2011/questionnaires/dsq.pdf
MEC ACASI and CAPI Questionnaires,Audio computer-assisted self-interview (ACASI) and computer-assisted personal interview (CAPI) questionnaires are administered in the MEC. During the visit to the examination center additional questions are administered that cover more sensitive areas such as reproductive health and illegal drug use. The sections are labeled to reflect content.,2013-2014,,[PDF - 125 KB],https://wwwn.cdc.gov/nchs/data/nhanes/public/2011/questionnaires/DSQ_H.pdf
MEC ACASI and CAPI Questionnaires,Audio computer-assisted self-interview (ACASI) and computer-assisted personal interview (CAPI) questionnaires are administered in the MEC. During the visit to the examination center additional questions are administered that cover more sensitive areas such as reproductive health and illegal drug use. The sections are labeled to reflect content.,2015-2016,,[PDF - 186 KB],https://wwwn.cdc.gov/nchs/data/nhanes/public/2011/questionnaires/DSQ_I.pdf
MEC ACASI and CAPI Questionnaires,Audio computer-assisted self-interview (ACASI) and computer-assisted personal interview (CAPI) questionnaires are administered in the MEC. During the visit to the examination center additional questions are administered that cover more sensitive areas such as reproductive health and illegal drug use. The sections are labeled to reflect content.,2017-2018,,[PDF - 170 KB],https://wwwn.cdc.gov/nchs/data/nhanes/public/2011/questionnaires/DSQ_J.pdf
MEC ACASI and CAPI Questionnaires,Audio computer-assisted self-interview (ACASI) and computer-assisted personal interview (CAPI) questionnaires are administered in the MEC. During the visit to the examination center additional questions are administered that cover more sensitive areas such as reproductive health and illegal drug use. The sections are labeled to reflect content.,2019-2020,,[PDF - 130 KB],https://wwwn.cdc.gov/nchs/data/nhanes/public/2011/questionnaires/DSQ_K.pdf
MEC ACASI and CAPI Questionnaires,Audio computer-assisted self-interview (ACASI) and computer-assisted personal interview (CAPI) questionnaires are administered in the MEC. During the visit to the examination center additional questions are administered that cover more sensitive areas such as reproductive health and illegal drug use. The sections are labeled to reflect content.,2013-2014,,[PDF - 16 KB],https://wwwn.cdc.gov/nchs/data/nhanes/public/2011/questionnaires/DLQ_H.pdf
MEC ACASI and CAPI Questionnaires,Audio computer-assisted self-interview (ACASI) and computer-assisted personal interview (CAPI) questionnaires are administered in the MEC. During the visit to the examination center additional questions are administered that cover more sensitive areas such as reproductive health and illegal drug use. The sections are labeled to reflect content.,2015-2016,,[PDF - 21 KB],https://wwwn.cdc.gov/nchs/data/nhanes/public/2011/questionnaires/DLQ_I.pdf
MEC ACASI and CAPI Questionnaires,Audio computer-assisted self-interview (ACASI) and computer-assisted personal interview (CAPI) questionnaires are administered in the MEC. During the visit to the examination center additional questions are administered that cover more sensitive areas such as reproductive health and illegal drug use. The sections are labeled to reflect content.,2017-2018,,[PDF - 45 KB],https://wwwn.cdc.gov/nchs/data/nhanes/public/2011/questionnaires/DLQ_J.pdf
MEC ACASI and CAPI Questionnaires,Audio computer-assisted self-interview (ACASI) and computer-assisted personal interview (CAPI) questionnaires are administered in the MEC. During the visit to the examination center additional questions are administered that cover more sensitive areas such as reproductive health and illegal drug use. The sections are labeled to reflect content.,2011-2012,,[PDF - 23 KB],https://wwwn.cdc.gov/nchs/data/nhanes/public/2011/questionnaires/ecq.pdf
MEC ACASI and CAPI Questionnaires,Audio computer-assisted self-interview (ACASI) and computer-assisted personal interview (CAPI) questionnaires are administered in the MEC. During the visit to the examination center additional questions are administered that cover more sensitive areas such as reproductive health and illegal drug use. The sections are labeled to reflect content.,2013-2014,,[PDF - 18 KB],https://wwwn.cdc.gov/nchs/data/nhanes/public/2011/questionnaires/ECQ_H.pdf
MEC ACASI and CAPI Questionnaires,Audio computer-assisted self-interview (ACASI) and computer-assisted personal interview (CAPI) questionnaires are administered in the MEC. During the visit to the examination center additional questions are administered that cover more sensitive areas such as reproductive health and illegal drug use. The sections are labeled to reflect content.,2015-2016,,[PDF - 54 KB],https://wwwn.cdc.gov/nchs/data/nhanes/public/2011/questionnaires/ECQ_I.pdf
MEC ACASI and CAPI Questionnaires,Audio computer-assisted self-interview (ACASI) and computer-assisted personal interview (CAPI) questionnaires are administered in the MEC. During the visit to the examination center additional questions are administered that cover more sensitive areas such as reproductive health and illegal drug use. The sections are labeled to reflect content.,2017-2018,,[PDF - 40 KB],https://wwwn.cdc.gov/nchs/data/nhanes/public/2011/questionnaires/ECQ_J.pdf
MEC ACASI and CAPI Questionnaires,Audio computer-assisted self-interview (ACASI) and computer-assisted personal interview (CAPI) questionnaires are administered in the MEC. During the visit to the examination center additional questions are administered that cover more sensitive areas such as reproductive health and illegal drug use. The sections are labeled to reflect content.,2019-2020,,[PDF - 44.5 KB],https://wwwn.cdc.gov/nchs/data/nhanes/public/2011/questionnaires/ECQ_K.pdf
MEC ACASI and CAPI Questionnaires,Audio computer-assisted self-interview (ACASI) and computer-assisted personal interview (CAPI) questionnaires are administered in the MEC. During the visit to the examination center additional questions are administered that cover more sensitive areas such as reproductive health and illegal drug use. The sections are labeled to reflect content.,2021-2023,,[PDF - 90.3 KB],https://wwwn.cdc.gov/nchs/data/nhanes/public/2011/questionnaires/ECQ-L-508.pdf
MEC ACASI and CAPI Questionnaires,Audio computer-assisted self-interview (ACASI) and computer-assisted personal interview (CAPI) questionnaires are administered in the MEC. During the visit to the examination center additional questions are administered that cover more sensitive areas such as reproductive health and illegal drug use. The sections are labeled to reflect content.,2019-2020,,[PDF - 55.2 KB],https://wwwn.cdc.gov/nchs/data/nhanes/public/2011/questionnaires/FNQ_K.pdf
MEC ACASI and CAPI Questionnaires,Audio computer-assisted self-interview (ACASI) and computer-assisted personal interview (CAPI) questionnaires are administered in the MEC. During the visit to the examination center additional questions are administered that cover more sensitive areas such as reproductive health and illegal drug use. The sections are labeled to reflect content.,2021-2023,,[PDF - 142 KB],https://wwwn.cdc.gov/nchs/data/nhanes/public/2011/questionnaires/FNQ-L-508.pdf
MEC ACASI and CAPI Questionnaires,Audio computer-assisted self-interview (ACASI) and computer-assisted personal interview (CAPI) questionnaires are administered in the MEC. During the visit to the examination center additional questions are administered that cover more sensitive areas such as reproductive health and illegal drug use. The sections are labeled to reflect content.,2011-2012,,[PDF - 45 KB],https://wwwn.cdc.gov/nchs/data/nhanes/public/2011/questionnaires/hiq.pdf
MEC ACASI and CAPI Questionnaires,Audio computer-assisted self-interview (ACASI) and computer-assisted personal interview (CAPI) questionnaires are administered in the MEC. During the visit to the examination center additional questions are administered that cover more sensitive areas such as reproductive health and illegal drug use. The sections are labeled to reflect content.,2013-2014,,[PDF - 39 KB],https://wwwn.cdc.gov/nchs/data/nhanes/public/2011/questionnaires/HIQ_H.pdf
MEC ACASI and CAPI Questionnaires,Audio computer-assisted self-interview (ACASI) and computer-assisted personal interview (CAPI) questionnaires are administered in the MEC. During the visit to the examination center additional questions are administered that cover more sensitive areas such as reproductive health and illegal drug use. The sections are labeled to reflect content.,2015-2016,,[PDF - 57 KB],https://wwwn.cdc.gov/nchs/data/nhanes/public/2011/questionnaires/HIQ_I.pdf
MEC ACASI and CAPI Questionnaires,Audio computer-assisted self-interview (ACASI) and computer-assisted personal interview (CAPI) questionnaires are administered in the MEC. During the visit to the examination center additional questions are administered that cover more sensitive areas such as reproductive health and illegal drug use. The sections are labeled to reflect content.,2017-2018,,[PDF - 48 KB],https://wwwn.cdc.gov/nchs/data/nhanes/public/2011/questionnaires/HIQ_J.pdf
MEC ACASI and CAPI Questionnaires,Audio computer-assisted self-interview (ACASI) and computer-assisted personal interview (CAPI) questionnaires are administered in the MEC. During the visit to the examination center additional questions are administered that cover more sensitive areas such as reproductive health and illegal drug use. The sections are labeled to reflect content.,2019-2020,,[PDF - 39.8 KB],https://wwwn.cdc.gov/nchs/data/nhanes/public/2011/questionnaires/HIQ_K.pdf
MEC ACASI and CAPI Questionnaires,Audio computer-assisted self-interview (ACASI) and computer-assisted personal interview (CAPI) questionnaires are administered in the MEC. During the visit to the examination center additional questions are administered that cover more sensitive areas such as reproductive health and illegal drug use. The sections are labeled to reflect content.,2021-2023,,[PDF - 114 KB],https://wwwn.cdc.gov/nchs/data/nhanes/public/2011/questionnaires/HIQ-L-508.pdf
MEC ACASI and CAPI Questionnaires,Audio computer-assisted self-interview (ACASI) and computer-assisted personal interview (CAPI) questionnaires are administered in the MEC. During the visit to the examination center additional questions are administered that cover more sensitive areas such as reproductive health and illegal drug use. The sections are labeled to reflect content.,2013-2014,,[PDF - 15 KB],https://wwwn.cdc.gov/nchs/data/nhanes/public/2011/questionnaires/HEQ_H.pdf
MEC ACASI and CAPI Questionnaires,Audio computer-assisted self-interview (ACASI) and computer-assisted personal interview (CAPI) questionnaires are administered in the MEC. During the visit to the examination center additional questions are administered that cover more sensitive areas such as reproductive health and illegal drug use. The sections are labeled to reflect content.,2015-2016,,[PDF - 33 KB],https://wwwn.cdc.gov/nchs/data/nhanes/public/2011/questionnaires/HEQ_I.pdf
MEC ACASI and CAPI Questionnaires,Audio computer-assisted self-interview (ACASI) and computer-assisted personal interview (CAPI) questionnaires are administered in the MEC. During the visit to the examination center additional questions are administered that cover more sensitive areas such as reproductive health and illegal drug use. The sections are labeled to reflect content.,2017-2018,,[PDF - 60 KB],https://wwwn.cdc.gov/nchs/data/nhanes/public/2011/questionnaires/HEQ_J.pdf
MEC ACASI and CAPI Questionnaires,Audio computer-assisted self-interview (ACASI) and computer-assisted personal interview (CAPI) questionnaires are administered in the MEC. During the visit to the examination center additional questions are administered that cover more sensitive areas such as reproductive health and illegal drug use. The sections are labeled to reflect content.,2019-2020,,[PDF - 15.7 KB],https://wwwn.cdc.gov/nchs/data/nhanes/public/2011/questionnaires/HEQ_K.pdf
MEC ACASI and CAPI Questionnaires,Audio computer-assisted self-interview (ACASI) and computer-assisted personal interview (CAPI) questionnaires are administered in the MEC. During the visit to the examination center additional questions are administered that cover more sensitive areas such as reproductive health and illegal drug use. The sections are labeled to reflect content.,2021-2023,,[PDF - 97.0 KB],https://wwwn.cdc.gov/nchs/data/nhanes/public/2011/questionnaires/HEQ-L-508.pdf
MEC ACASI and CAPI Questionnaires,Audio computer-assisted self-interview (ACASI) and computer-assisted personal interview (CAPI) questionnaires are administered in the MEC. During the visit to the examination center additional questions are administered that cover more sensitive areas such as reproductive health and illegal drug use. The sections are labeled to reflect content.,2011-2012,,[PDF - 35 KB],https://wwwn.cdc.gov/nchs/data/nhanes/public/2011/questionnaires/huq.pdf
MEC ACASI and CAPI Questionnaires,Audio computer-assisted self-interview (ACASI) and computer-assisted personal interview (CAPI) questionnaires are administered in the MEC. During the visit to the examination center additional questions are administered that cover more sensitive areas such as reproductive health and illegal drug use. The sections are labeled to reflect content.,2013-2014,,[PDF - 31 KB],https://wwwn.cdc.gov/nchs/data/nhanes/public/2011/questionnaires/HUQ_H.pdf
MEC ACASI and CAPI Questionnaires,Audio computer-assisted self-interview (ACASI) and computer-assisted personal interview (CAPI) questionnaires are administered in the MEC. During the visit to the examination center additional questions are administered that cover more sensitive areas such as reproductive health and illegal drug use. The sections are labeled to reflect content.,2015-2016,,[PDF - 70 KB],https://wwwn.cdc.gov/nchs/data/nhanes/public/2011/questionnaires/HUQ_I.pdf
MEC ACASI and CAPI Questionnaires,Audio computer-assisted self-interview (ACASI) and computer-assisted personal interview (CAPI) questionnaires are administered in the MEC. During the visit to the examination center additional questions are administered that cover more sensitive areas such as reproductive health and illegal drug use. The sections are labeled to reflect content.,2017-2018,,[PDF - 57 KB],https://wwwn.cdc.gov/nchs/data/nhanes/public/2011/questionnaires/HUQ_J.pdf
MEC ACASI and CAPI Questionnaires,Audio computer-assisted self-interview (ACASI) and computer-assisted personal interview (CAPI) questionnaires are administered in the MEC. During the visit to the examination center additional questions are administered that cover more sensitive areas such as reproductive health and illegal drug use. The sections are labeled to reflect content.,2019-2020,,[PDF - 29.3 KB],https://wwwn.cdc.gov/nchs/data/nhanes/public/2011/questionnaires/HUQ_K.pdf
MEC ACASI and CAPI Questionnaires,Audio computer-assisted self-interview (ACASI) and computer-assisted personal interview (CAPI) questionnaires are administered in the MEC. During the visit to the examination center additional questions are administered that cover more sensitive areas such as reproductive health and illegal drug use. The sections are labeled to reflect content.,2021-2023,,[PDF - 89.9 KB],https://wwwn.cdc.gov/nchs/data/nhanes/public/2011/questionnaires/HUQ-L-508.pdf
MEC ACASI and CAPI Questionnaires,Audio computer-assisted self-interview (ACASI) and computer-assisted personal interview (CAPI) questionnaires are administered in the MEC. During the visit to the examination center additional questions are administered that cover more sensitive areas such as reproductive health and illegal drug use. The sections are labeled to reflect content.,2011-2012,,[PDF - 25 KB],https://wwwn.cdc.gov/nchs/data/nhanes/public/2011/questionnaires/imq.pdf
MEC ACASI and CAPI Questionnaires,Audio computer-assisted self-interview (ACASI) and computer-assisted personal interview (CAPI) questionnaires are administered in the MEC. During the visit to the examination center additional questions are administered that cover more sensitive areas such as reproductive health and illegal drug use. The sections are labeled to reflect content.,2013-2014,,[PDF - 20 KB],https://wwwn.cdc.gov/nchs/data/nhanes/public/2011/questionnaires/IMQ_H.pdf
MEC ACASI and CAPI Questionnaires,Audio computer-assisted self-interview (ACASI) and computer-assisted personal interview (CAPI) questionnaires are administered in the MEC. During the visit to the examination center additional questions are administered that cover more sensitive areas such as reproductive health and illegal drug use. The sections are labeled to reflect content.,2015-2016,,[PDF - 59 KB],https://wwwn.cdc.gov/nchs/data/nhanes/public/2011/questionnaires/IMQ_I.pdf
MEC ACASI and CAPI Questionnaires,Audio computer-assisted self-interview (ACASI) and computer-assisted personal interview (CAPI) questionnaires are administered in the MEC. During the visit to the examination center additional questions are administered that cover more sensitive areas such as reproductive health and illegal drug use. The sections are labeled to reflect content.,2017-2018,,[PDF - 102 KB],https://wwwn.cdc.gov/nchs/data/nhanes/public/2011/questionnaires/IMQ_J.pdf
MEC ACASI and CAPI Questionnaires,Audio computer-assisted self-interview (ACASI) and computer-assisted personal interview (CAPI) questionnaires are administered in the MEC. During the visit to the examination center additional questions are administered that cover more sensitive areas such as reproductive health and illegal drug use. The sections are labeled to reflect content.,2019-2020,,[PDF - 21.4 KB],https://wwwn.cdc.gov/nchs/data/nhanes/public/2011/questionnaires/IMQ_K.pdf
MEC ACASI and CAPI Questionnaires,Audio computer-assisted self-interview (ACASI) and computer-assisted personal interview (CAPI) questionnaires are administered in the MEC. During the visit to the examination center additional questions are administered that cover more sensitive areas such as reproductive health and illegal drug use. The sections are labeled to reflect content.,2021-2023,,[PDF - 111 KB],https://wwwn.cdc.gov/nchs/data/nhanes/public/2011/questionnaires/IMQ-L-508.pdf
MEC ACASI and CAPI Questionnaires,Audio computer-assisted self-interview (ACASI) and computer-assisted personal interview (CAPI) questionnaires are administered in the MEC. During the visit to the examination center additional questions are administered that cover more sensitive areas such as reproductive health and illegal drug use. The sections are labeled to reflect content.,2019-2020,,[PDF - 51.7 KB],https://wwwn.cdc.gov/nchs/data/nhanes/public/2011/questionnaires/IFQ_K.pdf
MEC ACASI and CAPI Questionnaires,Audio computer-assisted self-interview (ACASI) and computer-assisted personal interview (CAPI) questionnaires are administered in the MEC. During the visit to the examination center additional questions are administered that cover more sensitive areas such as reproductive health and illegal drug use. The sections are labeled to reflect content.,2011-2012,,[PDF - 20 KB],https://wwwn.cdc.gov/nchs/data/nhanes/public/2011/questionnaires/kiq.pdf
MEC ACASI and CAPI Questionnaires,Audio computer-assisted self-interview (ACASI) and computer-assisted personal interview (CAPI) questionnaires are administered in the MEC. During the visit to the examination center additional questions are administered that cover more sensitive areas such as reproductive health and illegal drug use. The sections are labeled to reflect content.,2013-2014,,[PDF - 15 KB],https://wwwn.cdc.gov/nchs/data/nhanes/public/2011/questionnaires/KIQ_H.pdf
MEC ACASI and CAPI Questionnaires,Audio computer-assisted self-interview (ACASI) and computer-assisted personal interview (CAPI) questionnaires are administered in the MEC. During the visit to the examination center additional questions are administered that cover more sensitive areas such as reproductive health and illegal drug use. The sections are labeled to reflect content.,2015-2016,,[PDF - 53 KB],https://wwwn.cdc.gov/nchs/data/nhanes/public/2011/questionnaires/KIQ_I.pdf
MEC ACASI and CAPI Questionnaires,Audio computer-assisted self-interview (ACASI) and computer-assisted personal interview (CAPI) questionnaires are administered in the MEC. During the visit to the examination center additional questions are administered that cover more sensitive areas such as reproductive health and illegal drug use. The sections are labeled to reflect content.,2017-2018,,[PDF - 39 KB],https://wwwn.cdc.gov/nchs/data/nhanes/public/2011/questionnaires/KIQ_J.pdf
MEC ACASI and CAPI Questionnaires,Audio computer-assisted self-interview (ACASI) and computer-assisted personal interview (CAPI) questionnaires are administered in the MEC. During the visit to the examination center additional questions are administered that cover more sensitive areas such as reproductive health and illegal drug use. The sections are labeled to reflect content.,2019-2020,,[PDF - 15.1 KB],https://wwwn.cdc.gov/nchs/data/nhanes/public/2011/questionnaires/KIQ_K.pdf
MEC ACASI and CAPI Questionnaires,Audio computer-assisted self-interview (ACASI) and computer-assisted personal interview (CAPI) questionnaires are administered in the MEC. During the visit to the examination center additional questions are administered that cover more sensitive areas such as reproductive health and illegal drug use. The sections are labeled to reflect content.,2021-2023,,[PDF - 105 KB],https://wwwn.cdc.gov/nchs/data/nhanes/public/2011/questionnaires/KIQ-L-508.pdf
MEC ACASI and CAPI Questionnaires,Audio computer-assisted self-interview (ACASI) and computer-assisted personal interview (CAPI) questionnaires are administered in the MEC. During the visit to the examination center additional questions are administered that cover more sensitive areas such as reproductive health and illegal drug use. The sections are labeled to reflect content.,2011-2012,,[PDF - 86 KB],https://wwwn.cdc.gov/nchs/data/nhanes/public/2011/questionnaires/mcq.pdf
MEC ACASI and CAPI Questionnaires,Audio computer-assisted self-interview (ACASI) and computer-assisted personal interview (CAPI) questionnaires are administered in the MEC. During the visit to the examination center additional questions are administered that cover more sensitive areas such as reproductive health and illegal drug use. The sections are labeled to reflect content.,2013-2014,,[PDF - 106 KB],https://wwwn.cdc.gov/nchs/data/nhanes/public/2011/questionnaires/MCQ_H.pdf
MEC ACASI and CAPI Questionnaires,Audio computer-assisted self-interview (ACASI) and computer-assisted personal interview (CAPI) questionnaires are administered in the MEC. During the visit to the examination center additional questions are administered that cover more sensitive areas such as reproductive health and illegal drug use. The sections are labeled to reflect content.,2015-2016,,[PDF - 124 KB],https://wwwn.cdc.gov/nchs/data/nhanes/public/2011/questionnaires/MCQ_I.pdf
MEC ACASI and CAPI Questionnaires,Audio computer-assisted self-interview (ACASI) and computer-assisted personal interview (CAPI) questionnaires are administered in the MEC. During the visit to the examination center additional questions are administered that cover more sensitive areas such as reproductive health and illegal drug use. The sections are labeled to reflect content.,2017-2018,,[PDF - 137 KB],https://wwwn.cdc.gov/nchs/data/nhanes/public/2011/questionnaires/MCQ_J.pdf
MEC ACASI and CAPI Questionnaires,Audio computer-assisted self-interview (ACASI) and computer-assisted personal interview (CAPI) questionnaires are administered in the MEC. During the visit to the examination center additional questions are administered that cover more sensitive areas such as reproductive health and illegal drug use. The sections are labeled to reflect content.,2019-2020,,[PDF - 108 KB],https://wwwn.cdc.gov/nchs/data/nhanes/public/2011/questionnaires/MCQ_K.pdf
MEC ACASI and CAPI Questionnaires,Audio computer-assisted self-interview (ACASI) and computer-assisted personal interview (CAPI) questionnaires are administered in the MEC. During the visit to the examination center additional questions are administered that cover more sensitive areas such as reproductive health and illegal drug use. The sections are labeled to reflect content.,2021-2023,,[PDF - 130 KB],https://wwwn.cdc.gov/nchs/data/nhanes/public/2011/questionnaires/MCQ-L-508.pdf
MEC ACASI and CAPI Questionnaires,Audio computer-assisted self-interview (ACASI) and computer-assisted personal interview (CAPI) questionnaires are administered in the MEC. During the visit to the examination center additional questions are administered that cover more sensitive areas such as reproductive health and illegal drug use. The sections are labeled to reflect content.,2011-2012,,[PDF - 81 KB],https://wwwn.cdc.gov/nchs/data/nhanes/public/2011/questionnaires/ocq.pdf
MEC ACASI and CAPI Questionnaires,Audio computer-assisted self-interview (ACASI) and computer-assisted personal interview (CAPI) questionnaires are administered in the MEC. During the visit to the examination center additional questions are administered that cover more sensitive areas such as reproductive health and illegal drug use. The sections are labeled to reflect content.,2013-2014,,[PDF - 66 KB],https://wwwn.cdc.gov/nchs/data/nhanes/public/2011/questionnaires/OCQ_H.pdf
MEC ACASI and CAPI Questionnaires,Audio computer-assisted self-interview (ACASI) and computer-assisted personal interview (CAPI) questionnaires are administered in the MEC. During the visit to the examination center additional questions are administered that cover more sensitive areas such as reproductive health and illegal drug use. The sections are labeled to reflect content.,2015-2016,,[PDF - 84 KB],https://wwwn.cdc.gov/nchs/data/nhanes/public/2011/questionnaires/OCQ_I.pdf
MEC ACASI and CAPI Questionnaires,Audio computer-assisted self-interview (ACASI) and computer-assisted personal interview (CAPI) questionnaires are administered in the MEC. During the visit to the examination center additional questions are administered that cover more sensitive areas such as reproductive health and illegal drug use. The sections are labeled to reflect content.,2017-2018,,[PDF - 128 KB],https://wwwn.cdc.gov/nchs/data/nhanes/public/2011/questionnaires/OCQ_J.pdf
MEC ACASI and CAPI Questionnaires,Audio computer-assisted self-interview (ACASI) and computer-assisted personal interview (CAPI) questionnaires are administered in the MEC. During the visit to the examination center additional questions are administered that cover more sensitive areas such as reproductive health and illegal drug use. The sections are labeled to reflect content.,2019-2020,,[PDF - 33.8 KB],https://wwwn.cdc.gov/nchs/data/nhanes/public/2011/questionnaires/OCQ_K.pdf
MEC ACASI and CAPI Questionnaires,Audio computer-assisted self-interview (ACASI) and computer-assisted personal interview (CAPI) questionnaires are administered in the MEC. During the visit to the examination center additional questions are administered that cover more sensitive areas such as reproductive health and illegal drug use. The sections are labeled to reflect content.,2021-2023,,[PDF - 127 KB],https://wwwn.cdc.gov/nchs/data/nhanes/public/2011/questionnaires/OCQ-L-508.pdf
MEC ACASI and CAPI Questionnaires,Audio computer-assisted self-interview (ACASI) and computer-assisted personal interview (CAPI) questionnaires are administered in the MEC. During the visit to the examination center additional questions are administered that cover more sensitive areas such as reproductive health and illegal drug use. The sections are labeled to reflect content.,2011-2012,,[PDF - 36 KB],https://wwwn.cdc.gov/nchs/data/nhanes/public/2011/questionnaires/ohq.pdf
MEC ACASI and CAPI Questionnaires,Audio computer-assisted self-interview (ACASI) and computer-assisted personal interview (CAPI) questionnaires are administered in the MEC. During the visit to the examination center additional questions are administered that cover more sensitive areas such as reproductive health and illegal drug use. The sections are labeled to reflect content.,2013-2014,,[PDF - 48 KB],https://wwwn.cdc.gov/nchs/data/nhanes/public/2011/questionnaires/OHQ_H.pdf
MEC ACASI and CAPI Questionnaires,Audio computer-assisted self-interview (ACASI) and computer-assisted personal interview (CAPI) questionnaires are administered in the MEC. During the visit to the examination center additional questions are administered that cover more sensitive areas such as reproductive health and illegal drug use. The sections are labeled to reflect content.,2015-2016,,[PDF - 42 KB],https://wwwn.cdc.gov/nchs/data/nhanes/public/2011/questionnaires/OHQ_I.pdf
MEC ACASI and CAPI Questionnaires,Audio computer-assisted self-interview (ACASI) and computer-assisted personal interview (CAPI) questionnaires are administered in the MEC. During the visit to the examination center additional questions are administered that cover more sensitive areas such as reproductive health and illegal drug use. The sections are labeled to reflect content.,2017-2018,,[PDF - 72 KB],https://wwwn.cdc.gov/nchs/data/nhanes/public/2011/questionnaires/OHQ_J.pdf
MEC ACASI and CAPI Questionnaires,Audio computer-assisted self-interview (ACASI) and computer-assisted personal interview (CAPI) questionnaires are administered in the MEC. During the visit to the examination center additional questions are administered that cover more sensitive areas such as reproductive health and illegal drug use. The sections are labeled to reflect content.,2019-2020,,[PDF - 39.1 KB],https://wwwn.cdc.gov/nchs/data/nhanes/public/2011/questionnaires/OHQ_K.pdf
MEC ACASI and CAPI Questionnaires,Audio computer-assisted self-interview (ACASI) and computer-assisted personal interview (CAPI) questionnaires are administered in the MEC. During the visit to the examination center additional questions are administered that cover more sensitive areas such as reproductive health and illegal drug use. The sections are labeled to reflect content.,2021-2023,,[PDF - 82.5 KB],https://wwwn.cdc.gov/nchs/data/nhanes/public/2011/questionnaires/OHQ-L-508.pdf
MEC ACASI and CAPI Questionnaires,Audio computer-assisted self-interview (ACASI) and computer-assisted personal interview (CAPI) questionnaires are administered in the MEC. During the visit to the examination center additional questions are administered that cover more sensitive areas such as reproductive health and illegal drug use. The sections are labeled to reflect content.,2013-2014,,[PDF - 40 KB],https://wwwn.cdc.gov/nchs/data/nhanes/public/2011/questionnaires/OSQ_H.pdf
MEC ACASI and CAPI Questionnaires,Audio computer-assisted self-interview (ACASI) and computer-assisted personal interview (CAPI) questionnaires are administered in the MEC. During the visit to the examination center additional questions are administered that cover more sensitive areas such as reproductive health and illegal drug use. The sections are labeled to reflect content.,2017-2018,,[PDF - 51 KB],https://wwwn.cdc.gov/nchs/data/nhanes/public/2011/questionnaires/OSQ_J.pdf
MEC ACASI and CAPI Questionnaires,Audio computer-assisted self-interview (ACASI) and computer-assisted personal interview (CAPI) questionnaires are administered in the MEC. During the visit to the examination center additional questions are administered that cover more sensitive areas such as reproductive health and illegal drug use. The sections are labeled to reflect content.,2019-2020,,[PDF - 43.4 KB],https://wwwn.cdc.gov/nchs/data/nhanes/public/2011/questionnaires/OSQ_K.pdf
MEC ACASI and CAPI Questionnaires,Audio computer-assisted self-interview (ACASI) and computer-assisted personal interview (CAPI) questionnaires are administered in the MEC. During the visit to the examination center additional questions are administered that cover more sensitive areas such as reproductive health and illegal drug use. The sections are labeled to reflect content.,2011-2012,,[PDF - 62 KB],https://wwwn.cdc.gov/nchs/data/nhanes/public/2011/questionnaires/paq.pdf
MEC ACASI and CAPI Questionnaires,Audio computer-assisted self-interview (ACASI) and computer-assisted personal interview (CAPI) questionnaires are administered in the MEC. During the visit to the examination center additional questions are administered that cover more sensitive areas such as reproductive health and illegal drug use. The sections are labeled to reflect content.,2013-2014,,[PDF - 57 KB],https://wwwn.cdc.gov/nchs/data/nhanes/public/2011/questionnaires/PAQ_H.pdf
MEC ACASI and CAPI Questionnaires,Audio computer-assisted self-interview (ACASI) and computer-assisted personal interview (CAPI) questionnaires are administered in the MEC. During the visit to the examination center additional questions are administered that cover more sensitive areas such as reproductive health and illegal drug use. The sections are labeled to reflect content.,2015-2016,,[PDF - 57 KB],https://wwwn.cdc.gov/nchs/data/nhanes/public/2011/questionnaires/PAQ_I.pdf
MEC ACASI and CAPI Questionnaires,Audio computer-assisted self-interview (ACASI) and computer-assisted personal interview (CAPI) questionnaires are administered in the MEC. During the visit to the examination center additional questions are administered that cover more sensitive areas such as reproductive health and illegal drug use. The sections are labeled to reflect content.,2017-2018,,[PDF - 89 KB],https://wwwn.cdc.gov/nchs/data/nhanes/public/2011/questionnaires/PAQ_J.pdf
MEC ACASI and CAPI Questionnaires,Audio computer-assisted self-interview (ACASI) and computer-assisted personal interview (CAPI) questionnaires are administered in the MEC. During the visit to the examination center additional questions are administered that cover more sensitive areas such as reproductive health and illegal drug use. The sections are labeled to reflect content.,2019-2020,,[PDF - 40.9 KB],https://wwwn.cdc.gov/nchs/data/nhanes/public/2011/questionnaires/PAQ_K.pdf
MEC ACASI and CAPI Questionnaires,Audio computer-assisted self-interview (ACASI) and computer-assisted personal interview (CAPI) questionnaires are administered in the MEC. During the visit to the examination center additional questions are administered that cover more sensitive areas such as reproductive health and illegal drug use. The sections are labeled to reflect content.,2021-2023,,[PDF - 124 KB],https://wwwn.cdc.gov/nchs/data/nhanes/public/2011/questionnaires/PAQ-L-508.pdf
MEC ACASI and CAPI Questionnaires,Audio computer-assisted self-interview (ACASI) and computer-assisted personal interview (CAPI) questionnaires are administered in the MEC. During the visit to the examination center additional questions are administered that cover more sensitive areas such as reproductive health and illegal drug use. The sections are labeled to reflect content.,2011-2012,,[PDF - 63 KB],https://wwwn.cdc.gov/nchs/data/nhanes/public/2011/questionnaires/pfq.pdf
MEC ACASI and CAPI Questionnaires,Audio computer-assisted self-interview (ACASI) and computer-assisted personal interview (CAPI) questionnaires are administered in the MEC. During the visit to the examination center additional questions are administered that cover more sensitive areas such as reproductive health and illegal drug use. The sections are labeled to reflect content.,2013-2014,,[PDF - 56 KB],https://wwwn.cdc.gov/nchs/data/nhanes/public/2011/questionnaires/PFQ_H.pdf
MEC ACASI and CAPI Questionnaires,Audio computer-assisted self-interview (ACASI) and computer-assisted personal interview (CAPI) questionnaires are administered in the MEC. During the visit to the examination center additional questions are administered that cover more sensitive areas such as reproductive health and illegal drug use. The sections are labeled to reflect content.,2015-2016,,[PDF - 61 KB],https://wwwn.cdc.gov/nchs/data/nhanes/public/2011/questionnaires/PFQ_I.pdf
MEC ACASI and CAPI Questionnaires,Audio computer-assisted self-interview (ACASI) and computer-assisted personal interview (CAPI) questionnaires are administered in the MEC. During the visit to the examination center additional questions are administered that cover more sensitive areas such as reproductive health and illegal drug use. The sections are labeled to reflect content.,2017-2018,,[PDF - 128 KB],https://wwwn.cdc.gov/nchs/data/nhanes/public/2011/questionnaires/PFQ_J.pdf
MEC ACASI and CAPI Questionnaires,Audio computer-assisted self-interview (ACASI) and computer-assisted personal interview (CAPI) questionnaires are administered in the MEC. During the visit to the examination center additional questions are administered that cover more sensitive areas such as reproductive health and illegal drug use. The sections are labeled to reflect content.,2021-2023,,[PDF - 106 KB],https://wwwn.cdc.gov/nchs/data/nhanes/public/2011/questionnaires/RXQ-L-508.pdf
MEC ACASI and CAPI Questionnaires,Audio computer-assisted self-interview (ACASI) and computer-assisted personal interview (CAPI) questionnaires are administered in the MEC. During the visit to the examination center additional questions are administered that cover more sensitive areas such as reproductive health and illegal drug use. The sections are labeled to reflect content.,2011-2012,,[PDF - 36 KB],https://wwwn.cdc.gov/nchs/data/nhanes/public/2011/questionnaires/rdq.pdf
MEC ACASI and CAPI Questionnaires,Audio computer-assisted self-interview (ACASI) and computer-assisted personal interview (CAPI) questionnaires are administered in the MEC. During the visit to the examination center additional questions are administered that cover more sensitive areas such as reproductive health and illegal drug use. The sections are labeled to reflect content.,2021-2023,,[PDF - 192 KB],https://wwwn.cdc.gov/nchs/data/nhanes/public/2011/questionnaires/RIQ-L-508.pdf
MEC ACASI and CAPI Questionnaires,Audio computer-assisted self-interview (ACASI) and computer-assisted personal interview (CAPI) questionnaires are administered in the MEC. During the visit to the examination center additional questions are administered that cover more sensitive areas such as reproductive health and illegal drug use. The sections are labeled to reflect content.,2011-2012,,[PDF - 520 KB],https://wwwn.cdc.gov/nchs/data/nhanes/public/2011/questionnaires/2011-2012_Handcards_SP.pdf
MEC ACASI and CAPI Questionnaires,Audio computer-assisted self-interview (ACASI) and computer-assisted personal interview (CAPI) questionnaires are administered in the MEC. During the visit to the examination center additional questions are administered that cover more sensitive areas such as reproductive health and illegal drug use. The sections are labeled to reflect content.,2013-2014,,[PDF - 846 KB],https://wwwn.cdc.gov/nchs/data/nhanes/public/2011/questionnaires/2013-2014_Handcards_SP.pdf
MEC ACASI and CAPI Questionnaires,Audio computer-assisted self-interview (ACASI) and computer-assisted personal interview (CAPI) questionnaires are administered in the MEC. During the visit to the examination center additional questions are administered that cover more sensitive areas such as reproductive health and illegal drug use. The sections are labeled to reflect content.,2015-2016,,[PDF - 918 KB],https://wwwn.cdc.gov/nchs/data/nhanes/public/2011/questionnaires/2015-2016_Handcards_SP.pdf
MEC ACASI and CAPI Questionnaires,Audio computer-assisted self-interview (ACASI) and computer-assisted personal interview (CAPI) questionnaires are administered in the MEC. During the visit to the examination center additional questions are administered that cover more sensitive areas such as reproductive health and illegal drug use. The sections are labeled to reflect content.,2019-2020,,[PDF - 1.28 MB],https://wwwn.cdc.gov/nchs/data/nhanes/public/2011/questionnaires/2020_Handcards_SP.pdf
MEC ACASI and CAPI Questionnaires,Audio computer-assisted self-interview (ACASI) and computer-assisted personal interview (CAPI) questionnaires are administered in the MEC. During the visit to the examination center additional questions are administered that cover more sensitive areas such as reproductive health and illegal drug use. The sections are labeled to reflect content.,2011-2012,,[PDF - 18 KB],https://wwwn.cdc.gov/nchs/data/nhanes/public/2011/questionnaires/slq.pdf
MEC ACASI and CAPI Questionnaires,Audio computer-assisted self-interview (ACASI) and computer-assisted personal interview (CAPI) questionnaires are administered in the MEC. During the visit to the examination center additional questions are administered that cover more sensitive areas such as reproductive health and illegal drug use. The sections are labeled to reflect content.,2013-2014,,[PDF - 10 KB],https://wwwn.cdc.gov/nchs/data/nhanes/public/2011/questionnaires/SLQ_H.pdf
MEC ACASI and CAPI Questionnaires,Audio computer-assisted self-interview (ACASI) and computer-assisted personal interview (CAPI) questionnaires are administered in the MEC. During the visit to the examination center additional questions are administered that cover more sensitive areas such as reproductive health and illegal drug use. The sections are labeled to reflect content.,2015-2016,,[PDF - 16 KB],https://wwwn.cdc.gov/nchs/data/nhanes/public/2011/questionnaires/SLQ_I.pdf
MEC ACASI and CAPI Questionnaires,Audio computer-assisted self-interview (ACASI) and computer-assisted personal interview (CAPI) questionnaires are administered in the MEC. During the visit to the examination center additional questions are administered that cover more sensitive areas such as reproductive health and illegal drug use. The sections are labeled to reflect content.,2017-2018,,[PDF - 63 KB],https://wwwn.cdc.gov/nchs/data/nhanes/public/2011/questionnaires/SLQ_J.pdf
MEC ACASI and CAPI Questionnaires,Audio computer-assisted self-interview (ACASI) and computer-assisted personal interview (CAPI) questionnaires are administered in the MEC. During the visit to the examination center additional questions are administered that cover more sensitive areas such as reproductive health and illegal drug use. The sections are labeled to reflect content.,2019-2020,,[PDF - 19.6 KB],https://wwwn.cdc.gov/nchs/data/nhanes/public/2011/questionnaires/SLQ_K.pdf
MEC ACASI and CAPI Questionnaires,Audio computer-assisted self-interview (ACASI) and computer-assisted personal interview (CAPI) questionnaires are administered in the MEC. During the visit to the examination center additional questions are administered that cover more sensitive areas such as reproductive health and illegal drug use. The sections are labeled to reflect content.,2021-2023,,[PDF - 79.5 KB],https://wwwn.cdc.gov/nchs/data/nhanes/public/2011/questionnaires/SLQ-L-508.pdf
MEC ACASI and CAPI Questionnaires,Audio computer-assisted self-interview (ACASI) and computer-assisted personal interview (CAPI) questionnaires are administered in the MEC. During the visit to the examination center additional questions are administered that cover more sensitive areas such as reproductive health and illegal drug use. The sections are labeled to reflect content.,2011-2012,,[PDF - 41 KB],https://wwwn.cdc.gov/nchs/data/nhanes/public/2011/questionnaires/smq.pdf
MEC ACASI and CAPI Questionnaires,Audio computer-assisted self-interview (ACASI) and computer-assisted personal interview (CAPI) questionnaires are administered in the MEC. During the visit to the examination center additional questions are administered that cover more sensitive areas such as reproductive health and illegal drug use. The sections are labeled to reflect content.,2013-2014,,[PDF - 43 KB],https://wwwn.cdc.gov/nchs/data/nhanes/public/2011/questionnaires/SMQ_H.pdf
MEC ACASI and CAPI Questionnaires,Audio computer-assisted self-interview (ACASI) and computer-assisted personal interview (CAPI) questionnaires are administered in the MEC. During the visit to the examination center additional questions are administered that cover more sensitive areas such as reproductive health and illegal drug use. The sections are labeled to reflect content.,2015-2016,,[PDF - 54 KB],https://wwwn.cdc.gov/nchs/data/nhanes/public/2011/questionnaires/SMQ_I.pdf
MEC ACASI and CAPI Questionnaires,Audio computer-assisted self-interview (ACASI) and computer-assisted personal interview (CAPI) questionnaires are administered in the MEC. During the visit to the examination center additional questions are administered that cover more sensitive areas such as reproductive health and illegal drug use. The sections are labeled to reflect content.,2017-2018,,[PDF - 103 KB],https://wwwn.cdc.gov/nchs/data/nhanes/public/2011/questionnaires/SMQ_J.pdf
MEC ACASI and CAPI Questionnaires,Audio computer-assisted self-interview (ACASI) and computer-assisted personal interview (CAPI) questionnaires are administered in the MEC. During the visit to the examination center additional questions are administered that cover more sensitive areas such as reproductive health and illegal drug use. The sections are labeled to reflect content.,2019-2020,,[PDF - 32.4 KB],https://wwwn.cdc.gov/nchs/data/nhanes/public/2011/questionnaires/SMQ_K.pdf
MEC ACASI and CAPI Questionnaires,Audio computer-assisted self-interview (ACASI) and computer-assisted personal interview (CAPI) questionnaires are administered in the MEC. During the visit to the examination center additional questions are administered that cover more sensitive areas such as reproductive health and illegal drug use. The sections are labeled to reflect content.,2021-2023,,[PDF - 110 KB],https://wwwn.cdc.gov/nchs/data/nhanes/public/2011/questionnaires/SMQ-L-508.pdf
MEC ACASI and CAPI Questionnaires,Audio computer-assisted self-interview (ACASI) and computer-assisted personal interview (CAPI) questionnaires are administered in the MEC. During the visit to the examination center additional questions are administered that cover more sensitive areas such as reproductive health and illegal drug use. The sections are labeled to reflect content.,2019-2020,,[PDF - 79.9 KB],https://wwwn.cdc.gov/nchs/data/nhanes/public/2011/questionnaires/BAQ_K.pdf
MEC ACASI and CAPI Questionnaires,Audio computer-assisted self-interview (ACASI) and computer-assisted personal interview (CAPI) questionnaires are administered in the MEC. During the visit to the examination center additional questions are administered that cover more sensitive areas such as reproductive health and illegal drug use. The sections are labeled to reflect content.,2011-2012,,[PDF - 24 KB],https://wwwn.cdc.gov/nchs/data/nhanes/public/2011/questionnaires/tbq.pdf
MEC ACASI and CAPI Questionnaires,Audio computer-assisted self-interview (ACASI) and computer-assisted personal interview (CAPI) questionnaires are administered in the MEC. During the visit to the examination center additional questions are administered that cover more sensitive areas such as reproductive health and illegal drug use. The sections are labeled to reflect content.,2011-2012,,[PDF - 55 KB],https://wwwn.cdc.gov/nchs/data/nhanes/public/2011/questionnaires/whq.pdf
MEC ACASI and CAPI Questionnaires,Audio computer-assisted self-interview (ACASI) and computer-assisted personal interview (CAPI) questionnaires are administered in the MEC. During the visit to the examination center additional questions are administered that cover more sensitive areas such as reproductive health and illegal drug use. The sections are labeled to reflect content.,2013-2014,,[PDF - 39 KB],https://wwwn.cdc.gov/nchs/data/nhanes/public/2011/questionnaires/WHQ_H.pdf
MEC ACASI and CAPI Questionnaires,Audio computer-assisted self-interview (ACASI) and computer-assisted personal interview (CAPI) questionnaires are administered in the MEC. During the visit to the examination center additional questions are administered that cover more sensitive areas such as reproductive health and illegal drug use. The sections are labeled to reflect content.,2015-2016,,[PDF - 61 KB],https://wwwn.cdc.gov/nchs/data/nhanes/public/2011/questionnaires/WHQ_I.pdf
MEC ACASI and CAPI Questionnaires,Audio computer-assisted self-interview (ACASI) and computer-assisted personal interview (CAPI) questionnaires are administered in the MEC. During the visit to the examination center additional questions are administered that cover more sensitive areas such as reproductive health and illegal drug use. The sections are labeled to reflect content.,2017-2018,,[PDF - 97 KB],https://wwwn.cdc.gov/nchs/data/nhanes/public/2011/questionnaires/WHQ_J.pdf
MEC ACASI and CAPI Questionnaires,Audio computer-assisted self-interview (ACASI) and computer-assisted personal interview (CAPI) questionnaires are administered in the MEC. During the visit to the examination center additional questions are administered that cover more sensitive areas such as reproductive health and illegal drug use. The sections are labeled to reflect content.,2019-2020,,[PDF - 37.5 KB],https://wwwn.cdc.gov/nchs/data/nhanes/public/2011/questionnaires/WHQ_K.pdf
MEC ACASI and CAPI Questionnaires,Audio computer-assisted self-interview (ACASI) and computer-assisted personal interview (CAPI) questionnaires are administered in the MEC. During the visit to the examination center additional questions are administered that cover more sensitive areas such as reproductive health and illegal drug use. The sections are labeled to reflect content.,2021-2023,,[PDF - 85.9 KB],https://wwwn.cdc.gov/nchs/data/nhanes/public/2011/questionnaires/WHQ-L-508.pdf
Audio Computer-Assisted Self-Interview (ACASI) Questionnaire,,2011-2012,,[PDF - 22 KB],https://wwwn.cdc.gov/nchs/data/nhanes/public/2011/questionnaires/alq_acasi.pdf
Audio Computer-Assisted Self-Interview (ACASI) Questionnaire,,2013-2014,,[PDF - 16 KB],https://wwwn.cdc.gov/nchs/data/nhanes/public/2011/questionnaires/ALQ_ACASI_H.pdf
Audio Computer-Assisted Self-Interview (ACASI) Questionnaire,,2015-2016,,[PDF - 16 KB],https://wwwn.cdc.gov/nchs/data/nhanes/public/2011/questionnaires/ALQ_ACASI_I.pdf
Audio Computer-Assisted Self-Interview (ACASI) Questionnaire,,2017-2018,,[PDF - 60 KB],https://wwwn.cdc.gov/nchs/data/nhanes/public/2011/questionnaires/ALQ_ACASI_J.pdf
Audio Computer-Assisted Self-Interview (ACASI) Questionnaire,,2019-2020,,[PDF - 16.2 KB],https://wwwn.cdc.gov/nchs/data/nhanes/public/2011/questionnaires/ALQ-ACASI-K-508.pdf
Audio Computer-Assisted Self-Interview (ACASI) Questionnaire,,2021-2023,,[PDF - 113 KB],https://wwwn.cdc.gov/nchs/data/nhanes/public/2011/questionnaires/ALQ-ACASI-L-508.pdf
Audio Computer-Assisted Self-Interview (ACASI) Questionnaire,,2021-2023,,[PDF - 70.6 KB],https://wwwn.cdc.gov/nchs/data/nhanes/public/2011/questionnaires/HSQ-ACASI-L-508.pdf
Audio Computer-Assisted Self-Interview (ACASI) Questionnaire,,2021-2023,,[PDF - 95.6 KB],https://wwwn.cdc.gov/nchs/data/nhanes/public/2011/questionnaires/DPQ-ACASI-L-508.pdf
Audio Computer-Assisted Self-Interview (ACASI) Questionnaire,,2011-2012,,[PDF - 68 KB],https://wwwn.cdc.gov/nchs/data/nhanes/public/2011/questionnaires/duq_acasi.pdf
Audio Computer-Assisted Self-Interview (ACASI) Questionnaire,,2013-2014,,[PDF - 63 KB],https://wwwn.cdc.gov/nchs/data/nhanes/public/2011/questionnaires/DUQ_ACASI_H.pdf
Audio Computer-Assisted Self-Interview (ACASI) Questionnaire,,2015-2016,,[PDF - 64 KB],https://wwwn.cdc.gov/nchs/data/nhanes/public/2011/questionnaires/DUQ_ACASI_I.pdf
Audio Computer-Assisted Self-Interview (ACASI) Questionnaire,,2017-2018,,[PDF - 76 KB],https://wwwn.cdc.gov/nchs/data/nhanes/public/2011/questionnaires/DUQ_ACASI_J.pdf
Audio Computer-Assisted Self-Interview (ACASI) Questionnaire,,2019-2020,,[PDF - 33 KB],https://wwwn.cdc.gov/nchs/data/nhanes/public/2011/questionnaires/DUQ-ACASI-K-508.pdf
Audio Computer-Assisted Self-Interview (ACASI) Questionnaire,,2021-2023,,[PDF - 83.2 KB],https://wwwn.cdc.gov/nchs/data/nhanes/public/2011/questionnaires/DUQ-ACASI-L-508.pdf
Audio Computer-Assisted Self-Interview (ACASI) Questionnaire,,2021-2023,,[PDF - 90.8 KB],https://wwwn.cdc.gov/nchs/data/nhanes/public/2011/questionnaires/KIQ-ACASI-L-508.pdf
Audio Computer-Assisted Self-Interview (ACASI) Questionnaire,,2021-2023,,[PDF - 82.1 KB],https://wwwn.cdc.gov/nchs/data/nhanes/public/2011/questionnaires/PAQ-ACASI-L-508.pdf
Audio Computer-Assisted Self-Interview (ACASI) Questionnaire,,2011-2012,,[PDF - 35 KB],https://wwwn.cdc.gov/nchs/data/nhanes/public/2011/questionnaires/pmq.pdf
Audio Computer-Assisted Self-Interview (ACASI) Questionnaire,,2013-2014,,[PDF - 37 KB],https://wwwn.cdc.gov/nchs/data/nhanes/public/2011/questionnaires/PMQ_ACASI_H.pdf
Audio Computer-Assisted Self-Interview (ACASI) Questionnaire,,2015-2016,,[PDF - 37 KB],https://wwwn.cdc.gov/nchs/data/nhanes/public/2011/questionnaires/PMQ_ACASI_I.pdf
Audio Computer-Assisted Self-Interview (ACASI) Questionnaire,,2021-2023,,[PDF - 147 KB],https://wwwn.cdc.gov/nchs/data/nhanes/public/2011/questionnaires/RHQ-ACASI-L-508.pdf
Audio Computer-Assisted Self-Interview (ACASI) Questionnaire,,2011-2012,,[PDF - 132 KB],https://wwwn.cdc.gov/nchs/data/nhanes/public/2011/questionnaires/sxq_acasi.pdf
Audio Computer-Assisted Self-Interview (ACASI) Questionnaire,,2013-2014,,[PDF - 128 KB],https://wwwn.cdc.gov/nchs/data/nhanes/public/2011/questionnaires/SXQ_ACASI_H.pdf
Audio Computer-Assisted Self-Interview (ACASI) Questionnaire,,2015-2016,,[PDF - 193 KB],https://wwwn.cdc.gov/nchs/data/nhanes/public/2011/questionnaires/SXQ_ACASI_I.pdf
Audio Computer-Assisted Self-Interview (ACASI) Questionnaire,,2017-2018,,[PDF - 186 KB],https://wwwn.cdc.gov/nchs/data/nhanes/public/2011/questionnaires/SXQ_ACASI_J.pdf
Audio Computer-Assisted Self-Interview (ACASI) Questionnaire,,2019-2020,,[PDF - 122 KB],https://wwwn.cdc.gov/nchs/data/nhanes/public/2011/questionnaires/SXQ-ACASI-K-508.pdf
Audio Computer-Assisted Self-Interview (ACASI) Questionnaire,,2021-2023,,[PDF - 103 KB],https://wwwn.cdc.gov/nchs/data/nhanes/public/2011/questionnaires/SXQ-F-ACASI-L-508.pdf
Audio Computer-Assisted Self-Interview (ACASI) Questionnaire,,2021-2023,,[PDF - 144 KB],https://wwwn.cdc.gov/nchs/data/nhanes/public/2011/questionnaires/SXQ-M-ACASI-L-508.pdf
Audio Computer-Assisted Self-Interview (ACASI) Questionnaire,,2021-2023,,[PDF - 86.5 KB],https://wwwn.cdc.gov/nchs/data/nhanes/public/2011/questionnaires/SXQ-O-ACASI-L-508.pdf
Audio Computer-Assisted Self-Interview (ACASI) Questionnaire,,2021-2023,,[PDF - 118 KB],https://wwwn.cdc.gov/nchs/data/nhanes/public/2011/questionnaires/SMQ-ACASI-L-508.pdf
Audio Computer-Assisted Self-Interview (ACASI) Questionnaire,,2011-2012,,[PDF - 59 KB],https://wwwn.cdc.gov/nchs/data/nhanes/public/2011/questionnaires/smq_acasi.pdf
Audio Computer-Assisted Self-Interview (ACASI) Questionnaire,,2013-2014,,[PDF - 63 KB],https://wwwn.cdc.gov/nchs/data/nhanes/public/2011/questionnaires/SMQ_ACASI_H.pdf
Audio Computer-Assisted Self-Interview (ACASI) Questionnaire,,2015-2016,,[PDF - 64 KB],https://wwwn.cdc.gov/nchs/data/nhanes/public/2011/questionnaires/SMQ_ACASI_I.pdf
Audio Computer-Assisted Self-Interview (ACASI) Questionnaire,,2017-2018,,[PDF - 75 KB],https://wwwn.cdc.gov/nchs/data/nhanes/public/2011/questionnaires/SMQ_ACASI_J.pdf
Audio Computer-Assisted Self-Interview (ACASI) Questionnaire,,2019-2020,,[PDF - 52.1 KB],https://wwwn.cdc.gov/nchs/data/nhanes/public/2011/questionnaires/SMQ-ACASI-K-508.pdf
Computer-Assisted Personal Interview (CAPI) Questionnaire,,2011-2012,,[PDF - 25 KB],https://wwwn.cdc.gov/nchs/data/nhanes/public/2011/questionnaires/alq_capi.pdf
Computer-Assisted Personal Interview (CAPI) Questionnaire,,2013-2014,,[PDF - 28 KB],https://wwwn.cdc.gov/nchs/data/nhanes/public/2011/questionnaires/ALQ_CAPI_H.pdf
Computer-Assisted Personal Interview (CAPI) Questionnaire,,2015-2016,,[PDF - 21 KB],https://wwwn.cdc.gov/nchs/data/nhanes/public/2011/questionnaires/ALQ_CAPI_I.pdf
Computer-Assisted Personal Interview (CAPI) Questionnaire,,2017-2018,,[PDF - 68 KB],https://wwwn.cdc.gov/nchs/data/nhanes/public/2011/questionnaires/ALQ_CAPI_J.pdf
Computer-Assisted Personal Interview (CAPI) Questionnaire,,2019-2020,,[PDF - 25.8 KB],https://wwwn.cdc.gov/nchs/data/nhanes/public/2011/questionnaires/ALQ-CAPI-K-508.pdf
Computer-Assisted Personal Interview (CAPI) Questionnaire,,2019-2020,,[PDF - 27.7 KB],https://wwwn.cdc.gov/nchs/data/nhanes/public/2011/questionnaires/CFQ-CAPI-K-508.pdf
Computer-Assisted Personal Interview (CAPI) Questionnaire,,2021-2023,,[PDF - 248 KB],https://wwwn.cdc.gov/nchs/data/nhanes/public/2011/questionnaires/COQ-MEC-L-508.pdf
Computer-Assisted Personal Interview (CAPI) Questionnaire,,2011-2012,,[PDF - 26 KB],https://wwwn.cdc.gov/nchs/data/nhanes/public/2011/questionnaires/ckq_capi.pdf
Computer-Assisted Personal Interview (CAPI) Questionnaire,,2013-2014,,[PDF - 27 KB],https://wwwn.cdc.gov/nchs/data/nhanes/public/2011/questionnaires/CKQ_CAPI_H.pdf
Computer-Assisted Personal Interview (CAPI) Questionnaire,,2011-2012,,[PDF - 25 KB],https://wwwn.cdc.gov/nchs/data/nhanes/public/2011/questionnaires/hsq_capi.pdf
Computer-Assisted Personal Interview (CAPI) Questionnaire,,2013-2014,,[PDF - 27 KB],https://wwwn.cdc.gov/nchs/data/nhanes/public/2011/questionnaires/HSQ_CAPI_H.pdf
Computer-Assisted Personal Interview (CAPI) Questionnaire,,2015-2016,,[PDF - 15 KB],https://wwwn.cdc.gov/nchs/data/nhanes/public/2011/questionnaires/HSQ_CAPI_I.pdf
Computer-Assisted Personal Interview (CAPI) Questionnaire,,2017-2018,,[PDF - 58 KB],https://wwwn.cdc.gov/nchs/data/nhanes/public/2011/questionnaires/HSQ_CAPI_J.pdf
Computer-Assisted Personal Interview (CAPI) Questionnaire,,2019-2020,,[PDF - 9.04 KB],https://wwwn.cdc.gov/nchs/data/nhanes/public/2011/questionnaires/HSQ-CAPI-K-508.pdf
Computer-Assisted Personal Interview (CAPI) Questionnaire,,2011-2012,,[PDF - 29 KB],https://wwwn.cdc.gov/nchs/data/nhanes/public/2011/questionnaires/dpq_capi.pdf
Computer-Assisted Personal Interview (CAPI) Questionnaire,,2013-2014,,[PDF - 30 KB],https://wwwn.cdc.gov/nchs/data/nhanes/public/2011/questionnaires/DPQ_CAPI_H.pdf
Computer-Assisted Personal Interview (CAPI) Questionnaire,,2015-2016,,[PDF - 23 KB],https://wwwn.cdc.gov/nchs/data/nhanes/public/2011/questionnaires/DPQ_CAPI_I.pdf
Computer-Assisted Personal Interview (CAPI) Questionnaire,,2017-2018,,[PDF - 26 KB],https://wwwn.cdc.gov/nchs/data/nhanes/public/2011/questionnaires/DPQ_CAPI_J.pdf
Computer-Assisted Personal Interview (CAPI) Questionnaire,,2019-2020,,[PDF - 24.5 KB],https://wwwn.cdc.gov/nchs/data/nhanes/public/2011/questionnaires/DPQ-CAPI-K-508.pdf
Computer-Assisted Personal Interview (CAPI) Questionnaire,,2011-2012,,[PDF - 29 KB],https://wwwn.cdc.gov/nchs/data/nhanes/public/2011/questionnaires/kiq_capi.pdf
Computer-Assisted Personal Interview (CAPI) Questionnaire,,2013-2014,,[PDF - 31 KB],https://wwwn.cdc.gov/nchs/data/nhanes/public/2011/questionnaires/KIQ_CAPI_H.pdf
Computer-Assisted Personal Interview (CAPI) Questionnaire,,2015-2016,,[PDF - 23 KB],https://wwwn.cdc.gov/nchs/data/nhanes/public/2011/questionnaires/KIQ_CAPI_I.pdf
Computer-Assisted Personal Interview (CAPI) Questionnaire,,2017-2018,,[PDF - 26 KB],https://wwwn.cdc.gov/nchs/data/nhanes/public/2011/questionnaires/KIQ_CAPI_J.pdf
Computer-Assisted Personal Interview (CAPI) Questionnaire,,2019-2020,,[PDF - 24.5 KB],https://wwwn.cdc.gov/nchs/data/nhanes/public/2011/questionnaires/KIQ-CAPI-K-508.pdf
Computer-Assisted Personal Interview (CAPI) Questionnaire,,2011-2012,,[PDF - 16 KB],https://wwwn.cdc.gov/nchs/data/nhanes/public/2011/questionnaires/puq_capi.pdf
Computer-Assisted Personal Interview (CAPI) Questionnaire,,2013-2014,,[PDF - 17 KB],https://wwwn.cdc.gov/nchs/data/nhanes/public/2011/questionnaires/PUQ_CAPI_H.pdf
Computer-Assisted Personal Interview (CAPI) Questionnaire,,2015-2016,,[PDF - 10 KB],https://wwwn.cdc.gov/nchs/data/nhanes/public/2011/questionnaires/PUQ_CAPI_I.pdf
Computer-Assisted Personal Interview (CAPI) Questionnaire,,2017-2018,,[PDF - 1130 KB],https://wwwn.cdc.gov/nchs/data/nhanes/public/2011/questionnaires/PUQ_CAPI_J.pdf
Computer-Assisted Personal Interview (CAPI) Questionnaire,,2019-2020,,[PDF - 11.8 KB],https://wwwn.cdc.gov/nchs/data/nhanes/public/2011/questionnaires/PUQ-CAPI-K-508.pdf
Computer-Assisted Personal Interview (CAPI) Questionnaire,,2011-2012,,[PDF - 63 KB],https://wwwn.cdc.gov/nchs/data/nhanes/public/2011/questionnaires/paq_capi.pdf
Computer-Assisted Personal Interview (CAPI) Questionnaire,,2013-2014,,[PDF - 63 KB],https://wwwn.cdc.gov/nchs/data/nhanes/public/2011/questionnaires/PAQ_CAPI_H.pdf
Computer-Assisted Personal Interview (CAPI) Questionnaire,,2015-2016,,[PDF - 57 KB],https://wwwn.cdc.gov/nchs/data/nhanes/public/2011/questionnaires/PAQ_CAPI_I.pdf
Computer-Assisted Personal Interview (CAPI) Questionnaire,,2017-2018,,[PDF - 35 KB],https://wwwn.cdc.gov/nchs/data/nhanes/public/2011/questionnaires/PAQ_CAPI_J.pdf
Computer-Assisted Personal Interview (CAPI) Questionnaire,,2019-2020,,[PDF - 12.3 KB],https://wwwn.cdc.gov/nchs/data/nhanes/public/2011/questionnaires/PAQ-CAPI-K-508.pdf
Computer-Assisted Personal Interview (CAPI) Questionnaire,,2011-2012,,[PDF - 88 KB],https://wwwn.cdc.gov/nchs/data/nhanes/public/2011/questionnaires/rhq_capi.pdf
Computer-Assisted Personal Interview (CAPI) Questionnaire,,2013-2014,,[PDF - 95 KB],https://wwwn.cdc.gov/nchs/data/nhanes/public/2011/questionnaires/RHQ_CAPI_H.pdf
Computer-Assisted Personal Interview (CAPI) Questionnaire,,2015-2016,,[PDF - 91 KB],https://wwwn.cdc.gov/nchs/data/nhanes/public/2011/questionnaires/RHQ_CAPI_I.pdf
Computer-Assisted Personal Interview (CAPI) Questionnaire,,2017-2018,,[PDF - 112 KB],https://wwwn.cdc.gov/nchs/data/nhanes/public/2011/questionnaires/RHQ_CAPI_J.pdf
Computer-Assisted Personal Interview (CAPI) Questionnaire,,2019-2020,,[PDF - 90.1 KB],https://wwwn.cdc.gov/nchs/data/nhanes/public/2011/questionnaires/RHQ-CAPI-K-508.pdf
Computer-Assisted Personal Interview (CAPI) Questionnaire,,2017-2018,,[PDF - 18 KB],https://wwwn.cdc.gov/nchs/data/nhanes/public/2011/questionnaires/SXQ_CAPI_J.pdf
Computer-Assisted Personal Interview (CAPI) Questionnaire,,2019-2020,,[PDF - 17 KB],https://wwwn.cdc.gov/nchs/data/nhanes/public/2011/questionnaires/SXQ-CAPI-K-508.pdf
Computer-Assisted Personal Interview (CAPI) Questionnaire,,2011-2012,,[PDF - 34 KB],https://wwwn.cdc.gov/nchs/data/nhanes/public/2011/questionnaires/smq_capi.pdf
Computer-Assisted Personal Interview (CAPI) Questionnaire,,2013-2014,,[PDF - 38 KB],https://wwwn.cdc.gov/nchs/data/nhanes/public/2011/questionnaires/SMQ_CAPI_H.pdf
Computer-Assisted Personal Interview (CAPI) Questionnaire,,2015-2016,,[PDF - 38 KB],https://wwwn.cdc.gov/nchs/data/nhanes/public/2011/questionnaires/SMQ_CAPI_I.pdf
Computer-Assisted Personal Interview (CAPI) Questionnaire,,2017-2018,,[PDF - 47 KB],https://wwwn.cdc.gov/nchs/data/nhanes/public/2011/questionnaires/SMQ_CAPI_J.pdf
Computer-Assisted Personal Interview (CAPI) Questionnaire,,2019-2020,,[PDF - 38.5 KB],https://wwwn.cdc.gov/nchs/data/nhanes/public/2011/questionnaires/SMQ-CAPI-K-508.pdf
Computer-Assisted Personal Interview (CAPI) Questionnaire,,2011-2012,,[PDF - 28 KB],https://wwwn.cdc.gov/nchs/data/nhanes/public/2011/questionnaires/vtq_capi.pdf
Computer-Assisted Personal Interview (CAPI) Questionnaire,,2013-2014,,[PDF - 33 KB],https://wwwn.cdc.gov/nchs/data/nhanes/public/2011/questionnaires/VTQ_CAPI_H.pdf
Computer-Assisted Personal Interview (CAPI) Questionnaire,,2015-2016,,[PDF - 97 KB],https://wwwn.cdc.gov/nchs/data/nhanes/public/2011/questionnaires/VTQ_CAPI_I.pdf
Computer-Assisted Personal Interview (CAPI) Questionnaire,,2017-2018,,[PDF - 64 KB],https://wwwn.cdc.gov/nchs/data/nhanes/public/2011/questionnaires/VTQ_CAPI_J.pdf
Computer-Assisted Personal Interview (CAPI) Questionnaire,,2011-2012,,[PDF - 36 KB],https://wwwn.cdc.gov/nchs/data/nhanes/public/2011/questionnaires/whq_capi.pdf
Computer-Assisted Personal Interview (CAPI) Questionnaire,,2013-2014,,[PDF - 32 KB],https://wwwn.cdc.gov/nchs/data/nhanes/public/2011/questionnaires/WHQ_CAPI_H.pdf
Computer-Assisted Personal Interview (CAPI) Questionnaire,,2015-2016,,[PDF - 24 KB],https://wwwn.cdc.gov/nchs/data/nhanes/public/2011/questionnaires/WHQ_CAPI_I.pdf
Computer-Assisted Personal Interview (CAPI) Questionnaire,,2017-2018,,[PDF - 48 KB],https://wwwn.cdc.gov/nchs/data/nhanes/public/2011/questionnaires/WHQ_CAPI_J.pdf
Computer-Assisted Personal Interview (CAPI) Questionnaire,,2017-2020,,[PDF - 24.8 KB],https://wwwn.cdc.gov/nchs/data/nhanes/public/2011/questionnaires/WHQ-CAPI-K-508.pdf
Special Follow-up Questionnaires,,2013-2014,,[PDF - 20 KB],https://wwwn.cdc.gov/nchs/data/nhanes/public/2011/questionnaires/24-Hour_Urine_Collection_Completion_Questionnaire.pdf
Special Follow-up Questionnaires,,2011-2012,,[PDF - 126 KB],https://wwwn.cdc.gov/nchs/data/nhanes/public/2011/questionnaires/fcbs_2011-2012.pdf
Special Follow-up Questionnaires,,2013-2014,,[PDF - 131 KB],https://wwwn.cdc.gov/nchs/data/nhanes/public/2011/questionnaires/FCBS_2013-2014.pdf
Special Follow-up Questionnaires,,2015-2016,,[PDF - 130 KB],https://wwwn.cdc.gov/nchs/data/nhanes/public/2011/questionnaires/FCBS_I.pdf
Special Follow-up Questionnaires,,2017-2018,,[PDF - 816 KB],https://wwwn.cdc.gov/nchs/data/nhanes/public/2011/questionnaires/FCBS_PFU_Handcards_J.pdf
Special Follow-up Questionnaires,,2019-2020,,[PDF - 977 KB],https://wwwn.cdc.gov/nchs/data/nhanes/public/2011/questionnaires/FCBS-HC-K-508.pdf
Special Follow-up Questionnaires,,2017-2018,,[PDF - 252 KB],https://wwwn.cdc.gov/nchs/data/nhanes/public/2011/questionnaires/FCBS-CBQ-J-508.pdf
Special Follow-up Questionnaires,,2019-2020,,[PDF - 292 KB],https://wwwn.cdc.gov/nchs/data/nhanes/public/2011/questionnaires/FCBS-CBQ-K-508.pdf
Special Follow-up Questionnaires,,2021-2023,,[PDF - 292 KB],https://wwwn.cdc.gov/nchs/data/nhanes/public/2011/questionnaires/FCBS-CBQ-L-508.pdf
Dietary,These questions on dietary intakes and dietary supplement uses are asked to participants after their visits to the mobile examination center through telephone interviews.,2011-2012,,[PDF - 163 KB],https://wwwn.cdc.gov/nchs/data/nhanes/public/2011/questionnaires/dsa_f.pdf
Dietary,These questions on dietary intakes and dietary supplement uses are asked to participants after their visits to the mobile examination center through telephone interviews.,2013-2014,,[PDF - 165 KB],https://wwwn.cdc.gov/nchs/data/nhanes/public/2011/questionnaires/DSA_H.pdf
Dietary,These questions on dietary intakes and dietary supplement uses are asked to participants after their visits to the mobile examination center through telephone interviews.,2015-2016,,[PDF - 165 KB],https://wwwn.cdc.gov/nchs/data/nhanes/public/2011/questionnaires/DSA_I.pdf
Dietary,These questions on dietary intakes and dietary supplement uses are asked to participants after their visits to the mobile examination center through telephone interviews.,2017-2018,,[PDF - 165 KB],https://wwwn.cdc.gov/nchs/data/nhanes/public/2011/questionnaires/DSA_I.pdf
Dietary,These questions on dietary intakes and dietary supplement uses are asked to participants after their visits to the mobile examination center through telephone interviews.,2021-2023,,[PDF - 179 KB],https://wwwn.cdc.gov/nchs/data/nhanes/public/2011/questionnaires/SAQ-L-508.pdf
Dietary,These questions on dietary intakes and dietary supplement uses are asked to participants after their visits to the mobile examination center through telephone interviews.,2011-2012,,[PDF - 41 KB],https://wwwn.cdc.gov/nchs/data/nhanes/public/2011/questionnaires/dietary_post_recall_qs_2011.pdf
Dietary,These questions on dietary intakes and dietary supplement uses are asked to participants after their visits to the mobile examination center through telephone interviews.,2013-2014,,[PDF - 41 KB],https://wwwn.cdc.gov/nchs/data/nhanes/public/2011/questionnaires/dietary_post_recall_qs_2013.pdf
Dietary,These questions on dietary intakes and dietary supplement uses are asked to participants after their visits to the mobile examination center through telephone interviews.,2015-2016,,[PDF - 41 KB],https://wwwn.cdc.gov/nchs/data/nhanes/public/2011/questionnaires/dietary_post_recall_qs_2015.pdf
Dietary,These questions on dietary intakes and dietary supplement uses are asked to participants after their visits to the mobile examination center through telephone interviews.,2017-2018,,[PDF - 96.8 KB],https://wwwn.cdc.gov/nchs/data/nhanes/public/2011/questionnaires/Dietary-Post-Recall-2017-2018-508.pdf
Dietary,These questions on dietary intakes and dietary supplement uses are asked to participants after their visits to the mobile examination center through telephone interviews.,2019-2020,,[PDF - 98.7 KB],https://wwwn.cdc.gov/nchs/data/nhanes/public/2011/questionnaires/DRQ-K-508.pdf
Dietary,These questions on dietary intakes and dietary supplement uses are asked to participants after their visits to the mobile examination center through telephone interviews.,2021-2023,,[PDF - 228 KB],https://wwwn.cdc.gov/nchs/data/nhanes/public/2011/questionnaires/DRQ-L-508.pdf
Dietary,These questions on dietary intakes and dietary supplement uses are asked to participants after their visits to the mobile examination center through telephone interviews.,2011-2012,,Measuring Guides for the Dietary Recall Interview,https://archive.cdc.gov/www_cdc_gov/nchs/nhanes/measuring_guides_dri/measuringguides.htm
Dietary,These questions on dietary intakes and dietary supplement uses are asked to participants after their visits to the mobile examination center through telephone interviews.,2013-2014,,Measuring Guides for the Dietary Recall Interview,https://archive.cdc.gov/www_cdc_gov/nchs/nhanes/measuring_guides_dri/measuringguides.htm
Dietary,These questions on dietary intakes and dietary supplement uses are asked to participants after their visits to the mobile examination center through telephone interviews.,2015-2016,,Measuring Guides for the Dietary Recall Interview,https://archive.cdc.gov/www_cdc_gov/nchs/nhanes/measuring_guides_dri/measuringguides.htm
Dietary,These questions on dietary intakes and dietary supplement uses are asked to participants after their visits to the mobile examination center through telephone interviews.,2017-2018,,Measuring Guides for the Dietary Recall Interview,https://archive.cdc.gov/www_cdc_gov/nchs/nhanes/measuring_guides_dri/measuringguides.htm
Dietary,These questions on dietary intakes and dietary supplement uses are asked to participants after their visits to the mobile examination center through telephone interviews.,2019-2020,,Measuring Guides for the Dietary Recall Interview,https://archive.cdc.gov/www_cdc_gov/nchs/nhanes/measuring_guides_dri/measuringguides.htm
Dietary,These questions on dietary intakes and dietary supplement uses are asked to participants after their visits to the mobile examination center through telephone interviews.,2021-2023,,Measuring Guides for the Dietary Recall Interview,https://archive.cdc.gov/www_cdc_gov/nchs/nhanes/measuring_guides_dri/measuringguides.htm
