,Column,Code,Label,English_Text,Target,English_Instructions,Class,Other For
0,SEQN,,,Respondent sequence number.,Both males and females 1 YEARS - 15 YEARS,nan,,
1,CBQ502,1,Yes,You will need the green hand card booklet that is in the same bag as the food measuring guides we used for your dietary phone interview. Ill wait while you locate it. Do you have it?,Both males and females 1 YEARS - 15 YEARS,nan,,
2,CBQ502,2,No,You will need the green hand card booklet that is in the same bag as the food measuring guides we used for your dietary phone interview. Ill wait while you locate it. Do you have it?,Both males and females 1 YEARS - 15 YEARS,nan,,
3,CBQ502,7,Refused,You will need the green hand card booklet that is in the same bag as the food measuring guides we used for your dietary phone interview. Ill wait while you locate it. Do you have it?,Both males and females 1 YEARS - 15 YEARS,nan,,
4,CBQ502,9,Don'T Know,You will need the green hand card booklet that is in the same bag as the food measuring guides we used for your dietary phone interview. Ill wait while you locate it. Do you have it?,Both males and females 1 YEARS - 15 YEARS,nan,,
5,CBQ502,.,Missing,You will need the green hand card booklet that is in the same bag as the food measuring guides we used for your dietary phone interview. Ill wait while you locate it. Do you have it?,Both males and females 1 YEARS - 15 YEARS,nan,,
6,CBQ503,1,Yes,Lets go ahead with the interview anyway. Do you have a cereal box can or package of food with a food label on the back or the side that you can use for this interview? Ill wait while you locate it.,Both males and females 1 YEARS - 15 YEARS,nan,,
7,CBQ503,2,No,Lets go ahead with the interview anyway. Do you have a cereal box can or package of food with a food label on the back or the side that you can use for this interview? Ill wait while you locate it.,Both males and females 1 YEARS - 15 YEARS,nan,,
8,CBQ503,7,Refused,Lets go ahead with the interview anyway. Do you have a cereal box can or package of food with a food label on the back or the side that you can use for this interview? Ill wait while you locate it.,Both males and females 1 YEARS - 15 YEARS,nan,,
9,CBQ503,9,Don'T Know,Lets go ahead with the interview anyway. Do you have a cereal box can or package of food with a food label on the back or the side that you can use for this interview? Ill wait while you locate it.,Both males and females 1 YEARS - 15 YEARS,nan,,
10,CBQ503,.,Missing,Lets go ahead with the interview anyway. Do you have a cereal box can or package of food with a food label on the back or the side that you can use for this interview? Ill wait while you locate it.,Both males and females 1 YEARS - 15 YEARS,nan,,
11,CBQ505,1,Yes,{Great. Ill tell you when you will need it.} For the first few questions please answer yes or no. In the past 12 months did you buy food from fast food or pizza places?,Both males and females 1 YEARS - 15 YEARS,nan,,
12,CBQ505,2,No,{Great. Ill tell you when you will need it.} For the first few questions please answer yes or no. In the past 12 months did you buy food from fast food or pizza places?,Both males and females 1 YEARS - 15 YEARS,nan,,
13,CBQ505,7,Refused,{Great. Ill tell you when you will need it.} For the first few questions please answer yes or no. In the past 12 months did you buy food from fast food or pizza places?,Both males and females 1 YEARS - 15 YEARS,nan,,
14,CBQ505,9,Don'T Know,{Great. Ill tell you when you will need it.} For the first few questions please answer yes or no. In the past 12 months did you buy food from fast food or pizza places?,Both males and females 1 YEARS - 15 YEARS,nan,,
15,CBQ505,.,Missing,{Great. Ill tell you when you will need it.} For the first few questions please answer yes or no. In the past 12 months did you buy food from fast food or pizza places?,Both males and females 1 YEARS - 15 YEARS,nan,,
16,CBQ510,1,Yes,Im going to read several reasons why you might buy food from fast food or pizza places instead of cooking at home. First do you buy food from fast food or pizza places because it is cheaper than cooking at home?,Both males and females 1 YEARS - 15 YEARS,nan,,
17,CBQ510,2,No,Im going to read several reasons why you might buy food from fast food or pizza places instead of cooking at home. First do you buy food from fast food or pizza places because it is cheaper than cooking at home?,Both males and females 1 YEARS - 15 YEARS,nan,,
18,CBQ510,7,Refused,Im going to read several reasons why you might buy food from fast food or pizza places instead of cooking at home. First do you buy food from fast food or pizza places because it is cheaper than cooking at home?,Both males and females 1 YEARS - 15 YEARS,nan,,
19,CBQ510,9,Don'T Know,Im going to read several reasons why you might buy food from fast food or pizza places instead of cooking at home. First do you buy food from fast food or pizza places because it is cheaper than cooking at home?,Both males and females 1 YEARS - 15 YEARS,nan,,
20,CBQ510,.,Missing,Im going to read several reasons why you might buy food from fast food or pizza places instead of cooking at home. First do you buy food from fast food or pizza places because it is cheaper than cooking at home?,Both males and females 1 YEARS - 15 YEARS,nan,,
21,CBQ515,1,Yes,Do you buy food from fast food or pizza places because the foods there are more nutritious than foods cooked at home?,Both males and females 1 YEARS - 15 YEARS,nan,,
22,CBQ515,2,No,Do you buy food from fast food or pizza places because the foods there are more nutritious than foods cooked at home?,Both males and females 1 YEARS - 15 YEARS,nan,,
23,CBQ515,7,Refused,Do you buy food from fast food or pizza places because the foods there are more nutritious than foods cooked at home?,Both males and females 1 YEARS - 15 YEARS,nan,,
24,CBQ515,9,Don'T Know,Do you buy food from fast food or pizza places because the foods there are more nutritious than foods cooked at home?,Both males and females 1 YEARS - 15 YEARS,nan,,
25,CBQ515,.,Missing,Do you buy food from fast food or pizza places because the foods there are more nutritious than foods cooked at home?,Both males and females 1 YEARS - 15 YEARS,nan,,
26,CBQ520,1,Yes,Do you buy food from fast food or pizza places because the foods there taste better than foods cooked at home?,Both males and females 1 YEARS - 15 YEARS,nan,,
27,CBQ520,2,No,Do you buy food from fast food or pizza places because the foods there taste better than foods cooked at home?,Both males and females 1 YEARS - 15 YEARS,nan,,
28,CBQ520,7,Refused,Do you buy food from fast food or pizza places because the foods there taste better than foods cooked at home?,Both males and females 1 YEARS - 15 YEARS,nan,,
29,CBQ520,9,Don'T Know,Do you buy food from fast food or pizza places because the foods there taste better than foods cooked at home?,Both males and females 1 YEARS - 15 YEARS,nan,,
30,CBQ520,.,Missing,Do you buy food from fast food or pizza places because the foods there taste better than foods cooked at home?,Both males and females 1 YEARS - 15 YEARS,nan,,
31,CBQ525,1,Yes,Do you buy food from fast food or pizza places because it is more convenient than cooking at home?,Both males and females 1 YEARS - 15 YEARS,nan,,
32,CBQ525,2,No,Do you buy food from fast food or pizza places because it is more convenient than cooking at home?,Both males and females 1 YEARS - 15 YEARS,nan,,
33,CBQ525,7,Refused,Do you buy food from fast food or pizza places because it is more convenient than cooking at home?,Both males and females 1 YEARS - 15 YEARS,nan,,
34,CBQ525,9,Don'T Know,Do you buy food from fast food or pizza places because it is more convenient than cooking at home?,Both males and females 1 YEARS - 15 YEARS,nan,,
35,CBQ525,.,Missing,Do you buy food from fast food or pizza places because it is more convenient than cooking at home?,Both males and females 1 YEARS - 15 YEARS,nan,,
36,CBQ530,1,Yes,Do you eat at fast food or pizza places instead of cooking at home to socialize with family and friends?,Both males and females 1 YEARS - 15 YEARS,nan,,
37,CBQ530,2,No,Do you eat at fast food or pizza places instead of cooking at home to socialize with family and friends?,Both males and females 1 YEARS - 15 YEARS,nan,,
38,CBQ530,7,Refused,Do you eat at fast food or pizza places instead of cooking at home to socialize with family and friends?,Both males and females 1 YEARS - 15 YEARS,nan,,
39,CBQ530,9,Don'T Know,Do you eat at fast food or pizza places instead of cooking at home to socialize with family and friends?,Both males and females 1 YEARS - 15 YEARS,nan,,
40,CBQ530,.,Missing,Do you eat at fast food or pizza places instead of cooking at home to socialize with family and friends?,Both males and females 1 YEARS - 15 YEARS,nan,,
41,CBQ535,1,Yes,The last time when you ate out or bought food at a fast-food or pizza place did you see nutrition or health information about any foods on the menu?,Both males and females 1 YEARS - 15 YEARS,nan,,
42,CBQ535,2,No,The last time when you ate out or bought food at a fast-food or pizza place did you see nutrition or health information about any foods on the menu?,Both males and females 1 YEARS - 15 YEARS,nan,,
43,CBQ535,7,Refused,The last time when you ate out or bought food at a fast-food or pizza place did you see nutrition or health information about any foods on the menu?,Both males and females 1 YEARS - 15 YEARS,nan,,
44,CBQ535,9,Don'T Know,The last time when you ate out or bought food at a fast-food or pizza place did you see nutrition or health information about any foods on the menu?,Both males and females 1 YEARS - 15 YEARS,nan,,
45,CBQ535,.,Missing,The last time when you ate out or bought food at a fast-food or pizza place did you see nutrition or health information about any foods on the menu?,Both males and females 1 YEARS - 15 YEARS,nan,,
46,CBQ540,1,Yes,Did you use the information in deciding which foods to buy?,Both males and females 1 YEARS - 15 YEARS,nan,,
47,CBQ540,2,No,Did you use the information in deciding which foods to buy?,Both males and females 1 YEARS - 15 YEARS,nan,,
48,CBQ540,7,Refused,Did you use the information in deciding which foods to buy?,Both males and females 1 YEARS - 15 YEARS,nan,,
49,CBQ540,9,Don'T Know,Did you use the information in deciding which foods to buy?,Both males and females 1 YEARS - 15 YEARS,nan,,
50,CBQ540,.,Missing,Did you use the information in deciding which foods to buy?,Both males and females 1 YEARS - 15 YEARS,nan,,
51,CBQ545,1,Often,{Please open your hand card booklet and turn to hand card 1 to answer the next question.} If nutrition or health information were readily available in fast food or pizza places would you use it often sometimes rarely or never in deciding what to order?,Both males and females 1 YEARS - 15 YEARS,nan,,
52,CBQ545,2,Sometimes,{Please open your hand card booklet and turn to hand card 1 to answer the next question.} If nutrition or health information were readily available in fast food or pizza places would you use it often sometimes rarely or never in deciding what to order?,Both males and females 1 YEARS - 15 YEARS,nan,,
53,CBQ545,3,Rarely,{Please open your hand card booklet and turn to hand card 1 to answer the next question.} If nutrition or health information were readily available in fast food or pizza places would you use it often sometimes rarely or never in deciding what to order?,Both males and females 1 YEARS - 15 YEARS,nan,,
54,CBQ545,4,Never,{Please open your hand card booklet and turn to hand card 1 to answer the next question.} If nutrition or health information were readily available in fast food or pizza places would you use it often sometimes rarely or never in deciding what to order?,Both males and females 1 YEARS - 15 YEARS,nan,,
55,CBQ545,7,Refused,{Please open your hand card booklet and turn to hand card 1 to answer the next question.} If nutrition or health information were readily available in fast food or pizza places would you use it often sometimes rarely or never in deciding what to order?,Both males and females 1 YEARS - 15 YEARS,nan,,
56,CBQ545,9,Don'T Know,{Please open your hand card booklet and turn to hand card 1 to answer the next question.} If nutrition or health information were readily available in fast food or pizza places would you use it often sometimes rarely or never in deciding what to order?,Both males and females 1 YEARS - 15 YEARS,nan,,
57,CBQ545,.,Missing,{Please open your hand card booklet and turn to hand card 1 to answer the next question.} If nutrition or health information were readily available in fast food or pizza places would you use it often sometimes rarely or never in deciding what to order?,Both males and females 1 YEARS - 15 YEARS,nan,,
58,CBQ550,1,Yes,[For the following questions please answer yes or no.] In the past 12 months did you eat at a restaurant with waiter or waitress service?,Both males and females 1 YEARS - 15 YEARS,nan,,
59,CBQ550,2,No,[For the following questions please answer yes or no.] In the past 12 months did you eat at a restaurant with waiter or waitress service?,Both males and females 1 YEARS - 15 YEARS,nan,,
60,CBQ550,7,Refused,[For the following questions please answer yes or no.] In the past 12 months did you eat at a restaurant with waiter or waitress service?,Both males and females 1 YEARS - 15 YEARS,nan,,
61,CBQ550,9,Don'T Know,[For the following questions please answer yes or no.] In the past 12 months did you eat at a restaurant with waiter or waitress service?,Both males and females 1 YEARS - 15 YEARS,nan,,
62,CBQ550,.,Missing,[For the following questions please answer yes or no.] In the past 12 months did you eat at a restaurant with waiter or waitress service?,Both males and females 1 YEARS - 15 YEARS,nan,,
63,CBQ555,1,Yes,Im going to read several reasons why you might eat at a restaurant with a waiter or waitress instead of cooking at home. First do you eat at a restaurant with a waiter or waitress because it is cheaper than cooking at home?,Both males and females 1 YEARS - 15 YEARS,nan,,
64,CBQ555,2,No,Im going to read several reasons why you might eat at a restaurant with a waiter or waitress instead of cooking at home. First do you eat at a restaurant with a waiter or waitress because it is cheaper than cooking at home?,Both males and females 1 YEARS - 15 YEARS,nan,,
65,CBQ555,7,Refused,Im going to read several reasons why you might eat at a restaurant with a waiter or waitress instead of cooking at home. First do you eat at a restaurant with a waiter or waitress because it is cheaper than cooking at home?,Both males and females 1 YEARS - 15 YEARS,nan,,
66,CBQ555,9,Don'T Know,Im going to read several reasons why you might eat at a restaurant with a waiter or waitress instead of cooking at home. First do you eat at a restaurant with a waiter or waitress because it is cheaper than cooking at home?,Both males and females 1 YEARS - 15 YEARS,nan,,
67,CBQ555,.,Missing,Im going to read several reasons why you might eat at a restaurant with a waiter or waitress instead of cooking at home. First do you eat at a restaurant with a waiter or waitress because it is cheaper than cooking at home?,Both males and females 1 YEARS - 15 YEARS,nan,,
68,CBQ560,1,Yes,Do you eat at a restaurant (with a waiter or waitress) because the foods there are more nutritious than foods cooked at home?,Both males and females 1 YEARS - 15 YEARS,nan,,
69,CBQ560,2,No,Do you eat at a restaurant (with a waiter or waitress) because the foods there are more nutritious than foods cooked at home?,Both males and females 1 YEARS - 15 YEARS,nan,,
70,CBQ560,7,Refused,Do you eat at a restaurant (with a waiter or waitress) because the foods there are more nutritious than foods cooked at home?,Both males and females 1 YEARS - 15 YEARS,nan,,
71,CBQ560,9,Don'T Know,Do you eat at a restaurant (with a waiter or waitress) because the foods there are more nutritious than foods cooked at home?,Both males and females 1 YEARS - 15 YEARS,nan,,
72,CBQ560,.,Missing,Do you eat at a restaurant (with a waiter or waitress) because the foods there are more nutritious than foods cooked at home?,Both males and females 1 YEARS - 15 YEARS,nan,,
73,CBQ565,1,Yes,Do you eat at a restaurant (with a waiter or waitress) because the foods there taste better than foods cooked at home?,Both males and females 1 YEARS - 15 YEARS,nan,,
74,CBQ565,2,No,Do you eat at a restaurant (with a waiter or waitress) because the foods there taste better than foods cooked at home?,Both males and females 1 YEARS - 15 YEARS,nan,,
75,CBQ565,7,Refused,Do you eat at a restaurant (with a waiter or waitress) because the foods there taste better than foods cooked at home?,Both males and females 1 YEARS - 15 YEARS,nan,,
76,CBQ565,9,Don'T Know,Do you eat at a restaurant (with a waiter or waitress) because the foods there taste better than foods cooked at home?,Both males and females 1 YEARS - 15 YEARS,nan,,
77,CBQ565,.,Missing,Do you eat at a restaurant (with a waiter or waitress) because the foods there taste better than foods cooked at home?,Both males and females 1 YEARS - 15 YEARS,nan,,
78,CBQ570,1,Yes,Do you eat at a restaurant (with a waiter or waitress) because it is more convenient than cooking at home?,Both males and females 1 YEARS - 15 YEARS,nan,,
79,CBQ570,2,No,Do you eat at a restaurant (with a waiter or waitress) because it is more convenient than cooking at home?,Both males and females 1 YEARS - 15 YEARS,nan,,
80,CBQ570,7,Refused,Do you eat at a restaurant (with a waiter or waitress) because it is more convenient than cooking at home?,Both males and females 1 YEARS - 15 YEARS,nan,,
81,CBQ570,9,Don'T Know,Do you eat at a restaurant (with a waiter or waitress) because it is more convenient than cooking at home?,Both males and females 1 YEARS - 15 YEARS,nan,,
82,CBQ570,.,Missing,Do you eat at a restaurant (with a waiter or waitress) because it is more convenient than cooking at home?,Both males and females 1 YEARS - 15 YEARS,nan,,
83,CBQ575,1,Yes,Do you eat at a restaurant (with a waiter or waitress) instead of cooking at home to socialize with family and friends?,Both males and females 1 YEARS - 15 YEARS,nan,,
84,CBQ575,2,No,Do you eat at a restaurant (with a waiter or waitress) instead of cooking at home to socialize with family and friends?,Both males and females 1 YEARS - 15 YEARS,nan,,
85,CBQ575,7,Refused,Do you eat at a restaurant (with a waiter or waitress) instead of cooking at home to socialize with family and friends?,Both males and females 1 YEARS - 15 YEARS,nan,,
86,CBQ575,9,Don'T Know,Do you eat at a restaurant (with a waiter or waitress) instead of cooking at home to socialize with family and friends?,Both males and females 1 YEARS - 15 YEARS,nan,,
87,CBQ575,.,Missing,Do you eat at a restaurant (with a waiter or waitress) instead of cooking at home to socialize with family and friends?,Both males and females 1 YEARS - 15 YEARS,nan,,
88,CBQ580,1,Yes,The last time you ate at a restaurant with a waiter or waitress did you see nutrition or health information about any foods on the menu?,Both males and females 1 YEARS - 15 YEARS,nan,,
89,CBQ580,2,No,The last time you ate at a restaurant with a waiter or waitress did you see nutrition or health information about any foods on the menu?,Both males and females 1 YEARS - 15 YEARS,nan,,
90,CBQ580,7,Refused,The last time you ate at a restaurant with a waiter or waitress did you see nutrition or health information about any foods on the menu?,Both males and females 1 YEARS - 15 YEARS,nan,,
91,CBQ580,9,Don'T Know,The last time you ate at a restaurant with a waiter or waitress did you see nutrition or health information about any foods on the menu?,Both males and females 1 YEARS - 15 YEARS,nan,,
92,CBQ580,.,Missing,The last time you ate at a restaurant with a waiter or waitress did you see nutrition or health information about any foods on the menu?,Both males and females 1 YEARS - 15 YEARS,nan,,
93,CBQ585,1,Yes,Did you use the information in deciding which foods to buy?,Both males and females 1 YEARS - 15 YEARS,nan,,
94,CBQ585,2,No,Did you use the information in deciding which foods to buy?,Both males and females 1 YEARS - 15 YEARS,nan,,
95,CBQ585,7,Refused,Did you use the information in deciding which foods to buy?,Both males and females 1 YEARS - 15 YEARS,nan,,
96,CBQ585,9,Don'T Know,Did you use the information in deciding which foods to buy?,Both males and females 1 YEARS - 15 YEARS,nan,,
97,CBQ585,.,Missing,Did you use the information in deciding which foods to buy?,Both males and females 1 YEARS - 15 YEARS,nan,,
98,CBQ590,1,Often,{Please look at hand card 1 [again].} If nutrition information were readily available in restaurants with a waiter or waitress would you use it often sometimes rarely or never in deciding what to order?,Both males and females 1 YEARS - 15 YEARS,nan,,
99,CBQ590,2,Sometimes,{Please look at hand card 1 [again].} If nutrition information were readily available in restaurants with a waiter or waitress would you use it often sometimes rarely or never in deciding what to order?,Both males and females 1 YEARS - 15 YEARS,nan,,
100,CBQ590,3,Rarely,{Please look at hand card 1 [again].} If nutrition information were readily available in restaurants with a waiter or waitress would you use it often sometimes rarely or never in deciding what to order?,Both males and females 1 YEARS - 15 YEARS,nan,,
101,CBQ590,4,Never,{Please look at hand card 1 [again].} If nutrition information were readily available in restaurants with a waiter or waitress would you use it often sometimes rarely or never in deciding what to order?,Both males and females 1 YEARS - 15 YEARS,nan,,
102,CBQ590,7,Refused,{Please look at hand card 1 [again].} If nutrition information were readily available in restaurants with a waiter or waitress would you use it often sometimes rarely or never in deciding what to order?,Both males and females 1 YEARS - 15 YEARS,nan,,
103,CBQ590,9,Don'T Know,{Please look at hand card 1 [again].} If nutrition information were readily available in restaurants with a waiter or waitress would you use it often sometimes rarely or never in deciding what to order?,Both males and females 1 YEARS - 15 YEARS,nan,,
104,CBQ590,.,Missing,{Please look at hand card 1 [again].} If nutrition information were readily available in restaurants with a waiter or waitress would you use it often sometimes rarely or never in deciding what to order?,Both males and females 1 YEARS - 15 YEARS,nan,,
105,CBQ595,1,Yes,Next Im going to ask a few questions about the nutritional guidelines recommended for Americans by the federal government. Have you heard of My Pyramid?,Both males and females 1 YEARS - 15 YEARS,nan,,
106,CBQ595,2,No,Next Im going to ask a few questions about the nutritional guidelines recommended for Americans by the federal government. Have you heard of My Pyramid?,Both males and females 1 YEARS - 15 YEARS,nan,,
107,CBQ595,7,Refused,Next Im going to ask a few questions about the nutritional guidelines recommended for Americans by the federal government. Have you heard of My Pyramid?,Both males and females 1 YEARS - 15 YEARS,nan,,
108,CBQ595,9,Don'T Know,Next Im going to ask a few questions about the nutritional guidelines recommended for Americans by the federal government. Have you heard of My Pyramid?,Both males and females 1 YEARS - 15 YEARS,nan,,
109,CBQ595,.,Missing,Next Im going to ask a few questions about the nutritional guidelines recommended for Americans by the federal government. Have you heard of My Pyramid?,Both males and females 1 YEARS - 15 YEARS,nan,,
110,CBQ600,1,Yes,Have you heard of the Food Pyramid or the Food Guide Pyramid?,Both males and females 1 YEARS - 15 YEARS,nan,,
111,CBQ600,2,No,Have you heard of the Food Pyramid or the Food Guide Pyramid?,Both males and females 1 YEARS - 15 YEARS,nan,,
112,CBQ600,7,Refused,Have you heard of the Food Pyramid or the Food Guide Pyramid?,Both males and females 1 YEARS - 15 YEARS,nan,,
113,CBQ600,9,Don'T Know,Have you heard of the Food Pyramid or the Food Guide Pyramid?,Both males and females 1 YEARS - 15 YEARS,nan,,
114,CBQ600,.,Missing,Have you heard of the Food Pyramid or the Food Guide Pyramid?,Both males and females 1 YEARS - 15 YEARS,nan,,
115,CBQ605,1,Yes,Have you looked up the MyPyramid plan for a {man/woman/person} your age on the internet?,Both males and females 1 YEARS - 15 YEARS,nan,,
116,CBQ605,2,No,Have you looked up the MyPyramid plan for a {man/woman/person} your age on the internet?,Both males and females 1 YEARS - 15 YEARS,nan,,
117,CBQ605,7,Refused,Have you looked up the MyPyramid plan for a {man/woman/person} your age on the internet?,Both males and females 1 YEARS - 15 YEARS,nan,,
118,CBQ605,9,Don'T Know,Have you looked up the MyPyramid plan for a {man/woman/person} your age on the internet?,Both males and females 1 YEARS - 15 YEARS,nan,,
119,CBQ605,.,Missing,Have you looked up the MyPyramid plan for a {man/woman/person} your age on the internet?,Both males and females 1 YEARS - 15 YEARS,nan,,
120,CBQ610,1,Yes,Have you tried to follow the (My Pyramid Plan/Pyramid plan) recommended for you?,Both males and females 1 YEARS - 15 YEARS,nan,,
121,CBQ610,2,No,Have you tried to follow the (My Pyramid Plan/Pyramid plan) recommended for you?,Both males and females 1 YEARS - 15 YEARS,nan,,
122,CBQ610,7,Refused,Have you tried to follow the (My Pyramid Plan/Pyramid plan) recommended for you?,Both males and females 1 YEARS - 15 YEARS,nan,,
123,CBQ610,9,Don'T Know,Have you tried to follow the (My Pyramid Plan/Pyramid plan) recommended for you?,Both males and females 1 YEARS - 15 YEARS,nan,,
124,CBQ610,.,Missing,Have you tried to follow the (My Pyramid Plan/Pyramid plan) recommended for you?,Both males and females 1 YEARS - 15 YEARS,nan,,
125,DBQ890,1,Strongly Agree,{Turn to hand card 3.} Would you say you strongly agree somewhat agree neither agree nor disagree somewhat disagree or strongly disagree with the following statement: Some people are born to be fat and some thin; there is not much you can do to change this?,Both males and females 1 YEARS - 15 YEARS,nan,,
126,DBQ890,2,Somewhat Agree,{Turn to hand card 3.} Would you say you strongly agree somewhat agree neither agree nor disagree somewhat disagree or strongly disagree with the following statement: Some people are born to be fat and some thin; there is not much you can do to change this?,Both males and females 1 YEARS - 15 YEARS,nan,,
127,DBQ890,3,Neither Agree Nor Disagree,{Turn to hand card 3.} Would you say you strongly agree somewhat agree neither agree nor disagree somewhat disagree or strongly disagree with the following statement: Some people are born to be fat and some thin; there is not much you can do to change this?,Both males and females 1 YEARS - 15 YEARS,nan,,
128,DBQ890,4,Somewhat Disagree,{Turn to hand card 3.} Would you say you strongly agree somewhat agree neither agree nor disagree somewhat disagree or strongly disagree with the following statement: Some people are born to be fat and some thin; there is not much you can do to change this?,Both males and females 1 YEARS - 15 YEARS,nan,,
129,DBQ890,5,Strongly Disagree,{Turn to hand card 3.} Would you say you strongly agree somewhat agree neither agree nor disagree somewhat disagree or strongly disagree with the following statement: Some people are born to be fat and some thin; there is not much you can do to change this?,Both males and females 1 YEARS - 15 YEARS,nan,,
130,DBQ890,7,Refused,{Turn to hand card 3.} Would you say you strongly agree somewhat agree neither agree nor disagree somewhat disagree or strongly disagree with the following statement: Some people are born to be fat and some thin; there is not much you can do to change this?,Both males and females 1 YEARS - 15 YEARS,nan,,
131,DBQ890,9,Don'T Know,{Turn to hand card 3.} Would you say you strongly agree somewhat agree neither agree nor disagree somewhat disagree or strongly disagree with the following statement: Some people are born to be fat and some thin; there is not much you can do to change this?,Both males and females 1 YEARS - 15 YEARS,nan,,
132,DBQ890,.,Missing,{Turn to hand card 3.} Would you say you strongly agree somewhat agree neither agree nor disagree somewhat disagree or strongly disagree with the following statement: Some people are born to be fat and some thin; there is not much you can do to change this?,Both males and females 1 YEARS - 15 YEARS,nan,,
133,CBQ660,7,Refused,{For the next set of questions please use hand card 4.} When you buy food from a grocery store or supermarket how important is price? Would you say very important somewhat important not too important or not at all important?,Both males and females 1 YEARS - 15 YEARS,nan,,
134,CBQ660,9,Don'T Know,{For the next set of questions please use hand card 4.} When you buy food from a grocery store or supermarket how important is price? Would you say very important somewhat important not too important or not at all important?,Both males and females 1 YEARS - 15 YEARS,nan,,
135,CBQ660,.,Missing,{For the next set of questions please use hand card 4.} When you buy food from a grocery store or supermarket how important is price? Would you say very important somewhat important not too important or not at all important?,Both males and females 1 YEARS - 15 YEARS,nan,,
136,CBQ660,1,Very Important,{For the next set of questions please use hand card 4.} When you buy food from a grocery store or supermarket how important is price? Would you say very important somewhat important not too important or not at all important?,Both males and females 1 YEARS - 15 YEARS,nan,,
137,CBQ660,2,Somewhat Important,{For the next set of questions please use hand card 4.} When you buy food from a grocery store or supermarket how important is price? Would you say very important somewhat important not too important or not at all important?,Both males and females 1 YEARS - 15 YEARS,nan,,
138,CBQ660,3,Not Too Important,{For the next set of questions please use hand card 4.} When you buy food from a grocery store or supermarket how important is price? Would you say very important somewhat important not too important or not at all important?,Both males and females 1 YEARS - 15 YEARS,nan,,
139,CBQ660,4,Not At All Important,{For the next set of questions please use hand card 4.} When you buy food from a grocery store or supermarket how important is price? Would you say very important somewhat important not too important or not at all important?,Both males and females 1 YEARS - 15 YEARS,nan,,
140,CBQ660,5,Never Buy From A Grocery Store Or Supermarket,{For the next set of questions please use hand card 4.} When you buy food from a grocery store or supermarket how important is price? Would you say very important somewhat important not too important or not at all important?,Both males and females 1 YEARS - 15 YEARS,nan,,
141,CBQ665,1,Very Important,How about nutrition? When you buy food from a grocery store or supermarket how important is nutrition? [Would you say very important somewhat important not too important or not at all important?],Both males and females 1 YEARS - 15 YEARS,nan,,
142,CBQ665,2,Somewhat Important,How about nutrition? When you buy food from a grocery store or supermarket how important is nutrition? [Would you say very important somewhat important not too important or not at all important?],Both males and females 1 YEARS - 15 YEARS,nan,,
143,CBQ665,3,Not Too Important,How about nutrition? When you buy food from a grocery store or supermarket how important is nutrition? [Would you say very important somewhat important not too important or not at all important?],Both males and females 1 YEARS - 15 YEARS,nan,,
144,CBQ665,4,Not At All Important,How about nutrition? When you buy food from a grocery store or supermarket how important is nutrition? [Would you say very important somewhat important not too important or not at all important?],Both males and females 1 YEARS - 15 YEARS,nan,,
145,CBQ665,7,Refused,How about nutrition? When you buy food from a grocery store or supermarket how important is nutrition? [Would you say very important somewhat important not too important or not at all important?],Both males and females 1 YEARS - 15 YEARS,nan,,
146,CBQ665,9,Don'T Know,How about nutrition? When you buy food from a grocery store or supermarket how important is nutrition? [Would you say very important somewhat important not too important or not at all important?],Both males and females 1 YEARS - 15 YEARS,nan,,
147,CBQ665,.,Missing,How about nutrition? When you buy food from a grocery store or supermarket how important is nutrition? [Would you say very important somewhat important not too important or not at all important?],Both males and females 1 YEARS - 15 YEARS,nan,,
148,CBQ670,1,Very Important,How about taste? [When you buy food from a grocery store or supermarket how important is taste?] [Would you say very important somewhat important not too important or not at all important?],Both males and females 1 YEARS - 15 YEARS,nan,,
149,CBQ670,2,Somewhat Important,How about taste? [When you buy food from a grocery store or supermarket how important is taste?] [Would you say very important somewhat important not too important or not at all important?],Both males and females 1 YEARS - 15 YEARS,nan,,
150,CBQ670,3,Not Too Important,How about taste? [When you buy food from a grocery store or supermarket how important is taste?] [Would you say very important somewhat important not too important or not at all important?],Both males and females 1 YEARS - 15 YEARS,nan,,
151,CBQ670,4,Not At All Important,How about taste? [When you buy food from a grocery store or supermarket how important is taste?] [Would you say very important somewhat important not too important or not at all important?],Both males and females 1 YEARS - 15 YEARS,nan,,
152,CBQ670,7,Refused,How about taste? [When you buy food from a grocery store or supermarket how important is taste?] [Would you say very important somewhat important not too important or not at all important?],Both males and females 1 YEARS - 15 YEARS,nan,,
153,CBQ670,9,Don'T Know,How about taste? [When you buy food from a grocery store or supermarket how important is taste?] [Would you say very important somewhat important not too important or not at all important?],Both males and females 1 YEARS - 15 YEARS,nan,,
154,CBQ670,.,Missing,How about taste? [When you buy food from a grocery store or supermarket how important is taste?] [Would you say very important somewhat important not too important or not at all important?],Both males and females 1 YEARS - 15 YEARS,nan,,
155,CBQ675,1,Very Important,How about how easy the food is to prepare? [When you buy food from a grocery store or supermarket how important is how easy the food is to prepare?] [Would you say very important somewhat important not too important or not at all important?],Both males and females 1 YEARS - 15 YEARS,nan,,
156,CBQ675,2,Somewhat Important,How about how easy the food is to prepare? [When you buy food from a grocery store or supermarket how important is how easy the food is to prepare?] [Would you say very important somewhat important not too important or not at all important?],Both males and females 1 YEARS - 15 YEARS,nan,,
157,CBQ675,3,Not Too Important,How about how easy the food is to prepare? [When you buy food from a grocery store or supermarket how important is how easy the food is to prepare?] [Would you say very important somewhat important not too important or not at all important?],Both males and females 1 YEARS - 15 YEARS,nan,,
158,CBQ675,4,Not At All Important,How about how easy the food is to prepare? [When you buy food from a grocery store or supermarket how important is how easy the food is to prepare?] [Would you say very important somewhat important not too important or not at all important?],Both males and females 1 YEARS - 15 YEARS,nan,,
159,CBQ675,7,Refused,How about how easy the food is to prepare? [When you buy food from a grocery store or supermarket how important is how easy the food is to prepare?] [Would you say very important somewhat important not too important or not at all important?],Both males and females 1 YEARS - 15 YEARS,nan,,
160,CBQ675,9,Don'T Know,How about how easy the food is to prepare? [When you buy food from a grocery store or supermarket how important is how easy the food is to prepare?] [Would you say very important somewhat important not too important or not at all important?],Both males and females 1 YEARS - 15 YEARS,nan,,
161,CBQ675,.,Missing,How about how easy the food is to prepare? [When you buy food from a grocery store or supermarket how important is how easy the food is to prepare?] [Would you say very important somewhat important not too important or not at all important?],Both males and females 1 YEARS - 15 YEARS,nan,,
162,CBQ680,1,Very Important,How about how well the food keeps after its bought? [When you buy food from a grocery store or supermarket how important is how well the food keeps after its bought [in other words how soon it spoils]?] [Would you say very important somewhat important not too important or not at all important?],Both males and females 1 YEARS - 15 YEARS,nan,,
163,CBQ680,2,Somewhat Important,How about how well the food keeps after its bought? [When you buy food from a grocery store or supermarket how important is how well the food keeps after its bought [in other words how soon it spoils]?] [Would you say very important somewhat important not too important or not at all important?],Both males and females 1 YEARS - 15 YEARS,nan,,
164,CBQ680,3,Not Too Important,How about how well the food keeps after its bought? [When you buy food from a grocery store or supermarket how important is how well the food keeps after its bought [in other words how soon it spoils]?] [Would you say very important somewhat important not too important or not at all important?],Both males and females 1 YEARS - 15 YEARS,nan,,
165,CBQ680,4,Not At All Important,How about how well the food keeps after its bought? [When you buy food from a grocery store or supermarket how important is how well the food keeps after its bought [in other words how soon it spoils]?] [Would you say very important somewhat important not too important or not at all important?],Both males and females 1 YEARS - 15 YEARS,nan,,
166,CBQ680,7,Refused,How about how well the food keeps after its bought? [When you buy food from a grocery store or supermarket how important is how well the food keeps after its bought [in other words how soon it spoils]?] [Would you say very important somewhat important not too important or not at all important?],Both males and females 1 YEARS - 15 YEARS,nan,,
167,CBQ680,9,Don'T Know,How about how well the food keeps after its bought? [When you buy food from a grocery store or supermarket how important is how well the food keeps after its bought [in other words how soon it spoils]?] [Would you say very important somewhat important not too important or not at all important?],Both males and females 1 YEARS - 15 YEARS,nan,,
168,CBQ680,.,Missing,How about how well the food keeps after its bought? [When you buy food from a grocery store or supermarket how important is how well the food keeps after its bought [in other words how soon it spoils]?] [Would you say very important somewhat important not too important or not at all important?],Both males and females 1 YEARS - 15 YEARS,nan,,
169,CBQ700,1,Always,{Now turn the page to use hand card 5.} Many food packages contain an expiration date such as use by or sell by. How often do you use the expiration date when deciding to buy a product? Would you say always most of the time sometimes rarely or never?,Both males and females 1 YEARS - 15 YEARS,nan,,
170,CBQ700,2,Most Of The Time,{Now turn the page to use hand card 5.} Many food packages contain an expiration date such as use by or sell by. How often do you use the expiration date when deciding to buy a product? Would you say always most of the time sometimes rarely or never?,Both males and females 1 YEARS - 15 YEARS,nan,,
171,CBQ700,3,Sometimes,{Now turn the page to use hand card 5.} Many food packages contain an expiration date such as use by or sell by. How often do you use the expiration date when deciding to buy a product? Would you say always most of the time sometimes rarely or never?,Both males and females 1 YEARS - 15 YEARS,nan,,
172,CBQ700,4,Rarely,{Now turn the page to use hand card 5.} Many food packages contain an expiration date such as use by or sell by. How often do you use the expiration date when deciding to buy a product? Would you say always most of the time sometimes rarely or never?,Both males and females 1 YEARS - 15 YEARS,nan,,
173,CBQ700,5,Never,{Now turn the page to use hand card 5.} Many food packages contain an expiration date such as use by or sell by. How often do you use the expiration date when deciding to buy a product? Would you say always most of the time sometimes rarely or never?,Both males and females 1 YEARS - 15 YEARS,nan,,
174,CBQ700,6,Never Seen,{Now turn the page to use hand card 5.} Many food packages contain an expiration date such as use by or sell by. How often do you use the expiration date when deciding to buy a product? Would you say always most of the time sometimes rarely or never?,Both males and females 1 YEARS - 15 YEARS,nan,,
175,CBQ700,7,Refused,{Now turn the page to use hand card 5.} Many food packages contain an expiration date such as use by or sell by. How often do you use the expiration date when deciding to buy a product? Would you say always most of the time sometimes rarely or never?,Both males and females 1 YEARS - 15 YEARS,nan,,
176,CBQ700,9,Don'T Know,{Now turn the page to use hand card 5.} Many food packages contain an expiration date such as use by or sell by. How often do you use the expiration date when deciding to buy a product? Would you say always most of the time sometimes rarely or never?,Both males and females 1 YEARS - 15 YEARS,nan,,
177,CBQ700,.,Missing,{Now turn the page to use hand card 5.} Many food packages contain an expiration date such as use by or sell by. How often do you use the expiration date when deciding to buy a product? Would you say always most of the time sometimes rarely or never?,Both males and females 1 YEARS - 15 YEARS,nan,,
178,DBQ780,1,Always,Some food packages contain health claims about the benefits of nutrients or foods {like the examples on hand card 8}. How often do you use this kind of health claim when deciding to buy a product? Using hand card 9 would you say always most of the time sometimes rarely or never?,Both males and females 1 YEARS - 15 YEARS,nan,,
179,DBQ780,2,Most Of The Time,Some food packages contain health claims about the benefits of nutrients or foods {like the examples on hand card 8}. How often do you use this kind of health claim when deciding to buy a product? Using hand card 9 would you say always most of the time sometimes rarely or never?,Both males and females 1 YEARS - 15 YEARS,nan,,
180,DBQ780,3,Sometimes,Some food packages contain health claims about the benefits of nutrients or foods {like the examples on hand card 8}. How often do you use this kind of health claim when deciding to buy a product? Using hand card 9 would you say always most of the time sometimes rarely or never?,Both males and females 1 YEARS - 15 YEARS,nan,,
181,DBQ780,4,Rarely,Some food packages contain health claims about the benefits of nutrients or foods {like the examples on hand card 8}. How often do you use this kind of health claim when deciding to buy a product? Using hand card 9 would you say always most of the time sometimes rarely or never?,Both males and females 1 YEARS - 15 YEARS,nan,,
182,DBQ780,5,Never,Some food packages contain health claims about the benefits of nutrients or foods {like the examples on hand card 8}. How often do you use this kind of health claim when deciding to buy a product? Using hand card 9 would you say always most of the time sometimes rarely or never?,Both males and females 1 YEARS - 15 YEARS,nan,,
183,DBQ780,6,Never Seen,Some food packages contain health claims about the benefits of nutrients or foods {like the examples on hand card 8}. How often do you use this kind of health claim when deciding to buy a product? Using hand card 9 would you say always most of the time sometimes rarely or never?,Both males and females 1 YEARS - 15 YEARS,nan,,
184,DBQ780,7,Refused,Some food packages contain health claims about the benefits of nutrients or foods {like the examples on hand card 8}. How often do you use this kind of health claim when deciding to buy a product? Using hand card 9 would you say always most of the time sometimes rarely or never?,Both males and females 1 YEARS - 15 YEARS,nan,,
185,DBQ780,9,Don'T Know,Some food packages contain health claims about the benefits of nutrients or foods {like the examples on hand card 8}. How often do you use this kind of health claim when deciding to buy a product? Using hand card 9 would you say always most of the time sometimes rarely or never?,Both males and females 1 YEARS - 15 YEARS,nan,,
186,DBQ780,.,Missing,Some food packages contain health claims about the benefits of nutrients or foods {like the examples on hand card 8}. How often do you use this kind of health claim when deciding to buy a product? Using hand card 9 would you say always most of the time sometimes rarely or never?,Both males and females 1 YEARS - 15 YEARS,nan,,
187,DBQ750,1,Always,{For the next few questions youll use hand card 6 to respond but first please look at hand card 5 which shows an example of the food label. The Nutrition Facts panel of a food label is everything on this page except the list of ingredients in pink. How often do you use the Nutrition Facts panel when deciding to buy a food product?} Would you say always most of the time sometimes rarely or never?,Both males and females 1 YEARS - 15 YEARS,nan,,
188,DBQ750,2,Most Of The Time,{For the next few questions youll use hand card 6 to respond but first please look at hand card 5 which shows an example of the food label. The Nutrition Facts panel of a food label is everything on this page except the list of ingredients in pink. How often do you use the Nutrition Facts panel when deciding to buy a food product?} Would you say always most of the time sometimes rarely or never?,Both males and females 1 YEARS - 15 YEARS,nan,,
189,DBQ750,3,Sometimes,{For the next few questions youll use hand card 6 to respond but first please look at hand card 5 which shows an example of the food label. The Nutrition Facts panel of a food label is everything on this page except the list of ingredients in pink. How often do you use the Nutrition Facts panel when deciding to buy a food product?} Would you say always most of the time sometimes rarely or never?,Both males and females 1 YEARS - 15 YEARS,nan,,
190,DBQ750,4,Rarely,{For the next few questions youll use hand card 6 to respond but first please look at hand card 5 which shows an example of the food label. The Nutrition Facts panel of a food label is everything on this page except the list of ingredients in pink. How often do you use the Nutrition Facts panel when deciding to buy a food product?} Would you say always most of the time sometimes rarely or never?,Both males and females 1 YEARS - 15 YEARS,nan,,
191,DBQ750,5,Never,{For the next few questions youll use hand card 6 to respond but first please look at hand card 5 which shows an example of the food label. The Nutrition Facts panel of a food label is everything on this page except the list of ingredients in pink. How often do you use the Nutrition Facts panel when deciding to buy a food product?} Would you say always most of the time sometimes rarely or never?,Both males and females 1 YEARS - 15 YEARS,nan,,
192,DBQ750,6,Never Seen,{For the next few questions youll use hand card 6 to respond but first please look at hand card 5 which shows an example of the food label. The Nutrition Facts panel of a food label is everything on this page except the list of ingredients in pink. How often do you use the Nutrition Facts panel when deciding to buy a food product?} Would you say always most of the time sometimes rarely or never?,Both males and females 1 YEARS - 15 YEARS,nan,,
193,DBQ750,7,Refused,{For the next few questions youll use hand card 6 to respond but first please look at hand card 5 which shows an example of the food label. The Nutrition Facts panel of a food label is everything on this page except the list of ingredients in pink. How often do you use the Nutrition Facts panel when deciding to buy a food product?} Would you say always most of the time sometimes rarely or never?,Both males and females 1 YEARS - 15 YEARS,nan,,
194,DBQ750,9,Don'T Know,{For the next few questions youll use hand card 6 to respond but first please look at hand card 5 which shows an example of the food label. The Nutrition Facts panel of a food label is everything on this page except the list of ingredients in pink. How often do you use the Nutrition Facts panel when deciding to buy a food product?} Would you say always most of the time sometimes rarely or never?,Both males and females 1 YEARS - 15 YEARS,nan,,
195,DBQ750,.,Missing,{For the next few questions youll use hand card 6 to respond but first please look at hand card 5 which shows an example of the food label. The Nutrition Facts panel of a food label is everything on this page except the list of ingredients in pink. How often do you use the Nutrition Facts panel when deciding to buy a food product?} Would you say always most of the time sometimes rarely or never?,Both males and females 1 YEARS - 15 YEARS,nan,,
196,DBQ760,1,Always,How about the list of ingredients? [HAND CARD #5] How often do you use the list of ingredients on a food label {such as the part colored in pink on hand card 5} when deciding to buy a food product? Would you say always most of the time sometimes rarely or never?,Both males and females 1 YEARS - 15 YEARS,nan,,
197,DBQ760,2,Most Of The Time,How about the list of ingredients? [HAND CARD #5] How often do you use the list of ingredients on a food label {such as the part colored in pink on hand card 5} when deciding to buy a food product? Would you say always most of the time sometimes rarely or never?,Both males and females 1 YEARS - 15 YEARS,nan,,
198,DBQ760,3,Sometimes,How about the list of ingredients? [HAND CARD #5] How often do you use the list of ingredients on a food label {such as the part colored in pink on hand card 5} when deciding to buy a food product? Would you say always most of the time sometimes rarely or never?,Both males and females 1 YEARS - 15 YEARS,nan,,
199,DBQ760,4,Rarely,How about the list of ingredients? [HAND CARD #5] How often do you use the list of ingredients on a food label {such as the part colored in pink on hand card 5} when deciding to buy a food product? Would you say always most of the time sometimes rarely or never?,Both males and females 1 YEARS - 15 YEARS,nan,,
200,DBQ760,5,Never,How about the list of ingredients? [HAND CARD #5] How often do you use the list of ingredients on a food label {such as the part colored in pink on hand card 5} when deciding to buy a food product? Would you say always most of the time sometimes rarely or never?,Both males and females 1 YEARS - 15 YEARS,nan,,
201,DBQ760,6,Never Seen,How about the list of ingredients? [HAND CARD #5] How often do you use the list of ingredients on a food label {such as the part colored in pink on hand card 5} when deciding to buy a food product? Would you say always most of the time sometimes rarely or never?,Both males and females 1 YEARS - 15 YEARS,nan,,
202,DBQ760,7,Refused,How about the list of ingredients? [HAND CARD #5] How often do you use the list of ingredients on a food label {such as the part colored in pink on hand card 5} when deciding to buy a food product? Would you say always most of the time sometimes rarely or never?,Both males and females 1 YEARS - 15 YEARS,nan,,
203,DBQ760,9,Don'T Know,How about the list of ingredients? [HAND CARD #5] How often do you use the list of ingredients on a food label {such as the part colored in pink on hand card 5} when deciding to buy a food product? Would you say always most of the time sometimes rarely or never?,Both males and females 1 YEARS - 15 YEARS,nan,,
204,DBQ760,.,Missing,How about the list of ingredients? [HAND CARD #5] How often do you use the list of ingredients on a food label {such as the part colored in pink on hand card 5} when deciding to buy a food product? Would you say always most of the time sometimes rarely or never?,Both males and females 1 YEARS - 15 YEARS,nan,,
205,DBQ770,1,Always,How about the information on the serving size? [HAND CARD #5] [How often do you use information on the serving size on a food label {such as the part colored in green on hand card 5} when deciding to buy a food product?] Would you say always most of the time sometimes rarely or never?],Both males and females 1 YEARS - 15 YEARS,nan,,
206,DBQ770,2,Most Of The Time,How about the information on the serving size? [HAND CARD #5] [How often do you use information on the serving size on a food label {such as the part colored in green on hand card 5} when deciding to buy a food product?] Would you say always most of the time sometimes rarely or never?],Both males and females 1 YEARS - 15 YEARS,nan,,
207,DBQ770,3,Sometimes,How about the information on the serving size? [HAND CARD #5] [How often do you use information on the serving size on a food label {such as the part colored in green on hand card 5} when deciding to buy a food product?] Would you say always most of the time sometimes rarely or never?],Both males and females 1 YEARS - 15 YEARS,nan,,
208,DBQ770,4,Rarely,How about the information on the serving size? [HAND CARD #5] [How often do you use information on the serving size on a food label {such as the part colored in green on hand card 5} when deciding to buy a food product?] Would you say always most of the time sometimes rarely or never?],Both males and females 1 YEARS - 15 YEARS,nan,,
209,DBQ770,5,Never,How about the information on the serving size? [HAND CARD #5] [How often do you use information on the serving size on a food label {such as the part colored in green on hand card 5} when deciding to buy a food product?] Would you say always most of the time sometimes rarely or never?],Both males and females 1 YEARS - 15 YEARS,nan,,
210,DBQ770,6,Never Seen,How about the information on the serving size? [HAND CARD #5] [How often do you use information on the serving size on a food label {such as the part colored in green on hand card 5} when deciding to buy a food product?] Would you say always most of the time sometimes rarely or never?],Both males and females 1 YEARS - 15 YEARS,nan,,
211,DBQ770,7,Refused,How about the information on the serving size? [HAND CARD #5] [How often do you use information on the serving size on a food label {such as the part colored in green on hand card 5} when deciding to buy a food product?] Would you say always most of the time sometimes rarely or never?],Both males and females 1 YEARS - 15 YEARS,nan,,
212,DBQ770,9,Don'T Know,How about the information on the serving size? [HAND CARD #5] [How often do you use information on the serving size on a food label {such as the part colored in green on hand card 5} when deciding to buy a food product?] Would you say always most of the time sometimes rarely or never?],Both males and females 1 YEARS - 15 YEARS,nan,,
213,DBQ770,.,Missing,How about the information on the serving size? [HAND CARD #5] [How often do you use information on the serving size on a food label {such as the part colored in green on hand card 5} when deciding to buy a food product?] Would you say always most of the time sometimes rarely or never?],Both males and females 1 YEARS - 15 YEARS,nan,,
214,CBQ685,1,Always,How about the information on the percent daily value? [HAND CARD #5][How often do you use information on the percent daily value on a food label {such as the part colored in blue on hand card 5} when deciding to buy a food product?] [Would you say always most of the time sometimes rarely or never?],Both males and females 1 YEARS - 15 YEARS,nan,,
215,CBQ685,2,Most Of The Time,How about the information on the percent daily value? [HAND CARD #5][How often do you use information on the percent daily value on a food label {such as the part colored in blue on hand card 5} when deciding to buy a food product?] [Would you say always most of the time sometimes rarely or never?],Both males and females 1 YEARS - 15 YEARS,nan,,
216,CBQ685,3,Sometimes,How about the information on the percent daily value? [HAND CARD #5][How often do you use information on the percent daily value on a food label {such as the part colored in blue on hand card 5} when deciding to buy a food product?] [Would you say always most of the time sometimes rarely or never?],Both males and females 1 YEARS - 15 YEARS,nan,,
217,CBQ685,4,Rarely,How about the information on the percent daily value? [HAND CARD #5][How often do you use information on the percent daily value on a food label {such as the part colored in blue on hand card 5} when deciding to buy a food product?] [Would you say always most of the time sometimes rarely or never?],Both males and females 1 YEARS - 15 YEARS,nan,,
218,CBQ685,5,Never,How about the information on the percent daily value? [HAND CARD #5][How often do you use information on the percent daily value on a food label {such as the part colored in blue on hand card 5} when deciding to buy a food product?] [Would you say always most of the time sometimes rarely or never?],Both males and females 1 YEARS - 15 YEARS,nan,,
219,CBQ685,6,Never Seen,How about the information on the percent daily value? [HAND CARD #5][How often do you use information on the percent daily value on a food label {such as the part colored in blue on hand card 5} when deciding to buy a food product?] [Would you say always most of the time sometimes rarely or never?],Both males and females 1 YEARS - 15 YEARS,nan,,
220,CBQ685,7,Refused,How about the information on the percent daily value? [HAND CARD #5][How often do you use information on the percent daily value on a food label {such as the part colored in blue on hand card 5} when deciding to buy a food product?] [Would you say always most of the time sometimes rarely or never?],Both males and females 1 YEARS - 15 YEARS,nan,,
221,CBQ685,9,Don'T Know,How about the information on the percent daily value? [HAND CARD #5][How often do you use information on the percent daily value on a food label {such as the part colored in blue on hand card 5} when deciding to buy a food product?] [Would you say always most of the time sometimes rarely or never?],Both males and females 1 YEARS - 15 YEARS,nan,,
222,CBQ685,.,Missing,How about the information on the percent daily value? [HAND CARD #5][How often do you use information on the percent daily value on a food label {such as the part colored in blue on hand card 5} when deciding to buy a food product?] [Would you say always most of the time sometimes rarely or never?],Both males and females 1 YEARS - 15 YEARS,nan,,
223,CBD707,,,nan,Both males and females 1 YEARS - 15 YEARS,nan,,
224,CBD710,1,Always,Now think about the types of food products you buy using food labels. How often do you look for nutrition information on the food label when you buy snack items like chips popcorn or pretzels? Would you say always most of the time sometimes rarely or never?,Both males and females 1 YEARS - 15 YEARS,nan,,
225,CBD710,2,Most Of The Time,Now think about the types of food products you buy using food labels. How often do you look for nutrition information on the food label when you buy snack items like chips popcorn or pretzels? Would you say always most of the time sometimes rarely or never?,Both males and females 1 YEARS - 15 YEARS,nan,,
226,CBD710,3,Sometimes,Now think about the types of food products you buy using food labels. How often do you look for nutrition information on the food label when you buy snack items like chips popcorn or pretzels? Would you say always most of the time sometimes rarely or never?,Both males and females 1 YEARS - 15 YEARS,nan,,
227,CBD710,4,Rarely,Now think about the types of food products you buy using food labels. How often do you look for nutrition information on the food label when you buy snack items like chips popcorn or pretzels? Would you say always most of the time sometimes rarely or never?,Both males and females 1 YEARS - 15 YEARS,nan,,
228,CBD710,5,Never,Now think about the types of food products you buy using food labels. How often do you look for nutrition information on the food label when you buy snack items like chips popcorn or pretzels? Would you say always most of the time sometimes rarely or never?,Both males and females 1 YEARS - 15 YEARS,nan,,
229,CBD710,6,Never Buy These Items,Now think about the types of food products you buy using food labels. How often do you look for nutrition information on the food label when you buy snack items like chips popcorn or pretzels? Would you say always most of the time sometimes rarely or never?,Both males and females 1 YEARS - 15 YEARS,nan,,
230,CBD710,7,Refused,Now think about the types of food products you buy using food labels. How often do you look for nutrition information on the food label when you buy snack items like chips popcorn or pretzels? Would you say always most of the time sometimes rarely or never?,Both males and females 1 YEARS - 15 YEARS,nan,,
231,CBD710,9,Don'T Know,Now think about the types of food products you buy using food labels. How often do you look for nutrition information on the food label when you buy snack items like chips popcorn or pretzels? Would you say always most of the time sometimes rarely or never?,Both males and females 1 YEARS - 15 YEARS,nan,,
232,CBD710,.,Missing,Now think about the types of food products you buy using food labels. How often do you look for nutrition information on the food label when you buy snack items like chips popcorn or pretzels? Would you say always most of the time sometimes rarely or never?,Both males and females 1 YEARS - 15 YEARS,nan,,
233,CBD715,1,Always,How about breakfast cereals? [How often do you look for nutrition information on the food label when you buy breakfast cereals?] [Would you say always most of the time sometimes rarely or never?,Both males and females 1 YEARS - 15 YEARS,nan,,
234,CBD715,2,Most Of The Time,How about breakfast cereals? [How often do you look for nutrition information on the food label when you buy breakfast cereals?] [Would you say always most of the time sometimes rarely or never?,Both males and females 1 YEARS - 15 YEARS,nan,,
235,CBD715,3,Sometimes,How about breakfast cereals? [How often do you look for nutrition information on the food label when you buy breakfast cereals?] [Would you say always most of the time sometimes rarely or never?,Both males and females 1 YEARS - 15 YEARS,nan,,
236,CBD715,4,Rarely,How about breakfast cereals? [How often do you look for nutrition information on the food label when you buy breakfast cereals?] [Would you say always most of the time sometimes rarely or never?,Both males and females 1 YEARS - 15 YEARS,nan,,
237,CBD715,5,Never,How about breakfast cereals? [How often do you look for nutrition information on the food label when you buy breakfast cereals?] [Would you say always most of the time sometimes rarely or never?,Both males and females 1 YEARS - 15 YEARS,nan,,
238,CBD715,6,Never Buy These Items,How about breakfast cereals? [How often do you look for nutrition information on the food label when you buy breakfast cereals?] [Would you say always most of the time sometimes rarely or never?,Both males and females 1 YEARS - 15 YEARS,nan,,
239,CBD715,7,Refused,How about breakfast cereals? [How often do you look for nutrition information on the food label when you buy breakfast cereals?] [Would you say always most of the time sometimes rarely or never?,Both males and females 1 YEARS - 15 YEARS,nan,,
240,CBD715,9,Don'T Know,How about breakfast cereals? [How often do you look for nutrition information on the food label when you buy breakfast cereals?] [Would you say always most of the time sometimes rarely or never?,Both males and females 1 YEARS - 15 YEARS,nan,,
241,CBD715,.,Missing,How about breakfast cereals? [How often do you look for nutrition information on the food label when you buy breakfast cereals?] [Would you say always most of the time sometimes rarely or never?,Both males and females 1 YEARS - 15 YEARS,nan,,
242,CBD720,1,Always,How about salad dressings? [How often do you look for nutrition information on the food label when you buy salad dressings?] [Would you say always most of the time sometimes rarely or never?],Both males and females 1 YEARS - 15 YEARS,nan,,
243,CBD720,2,Most Of The Time,How about salad dressings? [How often do you look for nutrition information on the food label when you buy salad dressings?] [Would you say always most of the time sometimes rarely or never?],Both males and females 1 YEARS - 15 YEARS,nan,,
244,CBD720,3,Sometimes,How about salad dressings? [How often do you look for nutrition information on the food label when you buy salad dressings?] [Would you say always most of the time sometimes rarely or never?],Both males and females 1 YEARS - 15 YEARS,nan,,
245,CBD720,4,Rarely,How about salad dressings? [How often do you look for nutrition information on the food label when you buy salad dressings?] [Would you say always most of the time sometimes rarely or never?],Both males and females 1 YEARS - 15 YEARS,nan,,
246,CBD720,5,Never,How about salad dressings? [How often do you look for nutrition information on the food label when you buy salad dressings?] [Would you say always most of the time sometimes rarely or never?],Both males and females 1 YEARS - 15 YEARS,nan,,
247,CBD720,6,Never Buy These Items,How about salad dressings? [How often do you look for nutrition information on the food label when you buy salad dressings?] [Would you say always most of the time sometimes rarely or never?],Both males and females 1 YEARS - 15 YEARS,nan,,
248,CBD720,7,Refused,How about salad dressings? [How often do you look for nutrition information on the food label when you buy salad dressings?] [Would you say always most of the time sometimes rarely or never?],Both males and females 1 YEARS - 15 YEARS,nan,,
249,CBD720,9,Don'T Know,How about salad dressings? [How often do you look for nutrition information on the food label when you buy salad dressings?] [Would you say always most of the time sometimes rarely or never?],Both males and females 1 YEARS - 15 YEARS,nan,,
250,CBD720,.,Missing,How about salad dressings? [How often do you look for nutrition information on the food label when you buy salad dressings?] [Would you say always most of the time sometimes rarely or never?],Both males and females 1 YEARS - 15 YEARS,nan,,
251,CBD725,6,Never Buy These Items,How about raw meat poultry or fish? [How often do you look for nutrition information on the food label when you buy raw meat poultry or fish?] [Would you say always most of the time sometimes rarely or never?],Both males and females 1 YEARS - 15 YEARS,nan,,
252,CBD725,7,Refused,How about raw meat poultry or fish? [How often do you look for nutrition information on the food label when you buy raw meat poultry or fish?] [Would you say always most of the time sometimes rarely or never?],Both males and females 1 YEARS - 15 YEARS,nan,,
253,CBD725,9,Don'T Know,How about raw meat poultry or fish? [How often do you look for nutrition information on the food label when you buy raw meat poultry or fish?] [Would you say always most of the time sometimes rarely or never?],Both males and females 1 YEARS - 15 YEARS,nan,,
254,CBD725,.,Missing,How about raw meat poultry or fish? [How often do you look for nutrition information on the food label when you buy raw meat poultry or fish?] [Would you say always most of the time sometimes rarely or never?],Both males and females 1 YEARS - 15 YEARS,nan,,
255,CBD725,1,Always,How about raw meat poultry or fish? [How often do you look for nutrition information on the food label when you buy raw meat poultry or fish?] [Would you say always most of the time sometimes rarely or never?],Both males and females 1 YEARS - 15 YEARS,nan,,
256,CBD725,2,Most Of The Time,How about raw meat poultry or fish? [How often do you look for nutrition information on the food label when you buy raw meat poultry or fish?] [Would you say always most of the time sometimes rarely or never?],Both males and females 1 YEARS - 15 YEARS,nan,,
257,CBD725,3,Sometimes,How about raw meat poultry or fish? [How often do you look for nutrition information on the food label when you buy raw meat poultry or fish?] [Would you say always most of the time sometimes rarely or never?],Both males and females 1 YEARS - 15 YEARS,nan,,
258,CBD725,4,Rarely,How about raw meat poultry or fish? [How often do you look for nutrition information on the food label when you buy raw meat poultry or fish?] [Would you say always most of the time sometimes rarely or never?],Both males and females 1 YEARS - 15 YEARS,nan,,
259,CBD725,5,Never,How about raw meat poultry or fish? [How often do you look for nutrition information on the food label when you buy raw meat poultry or fish?] [Would you say always most of the time sometimes rarely or never?],Both males and females 1 YEARS - 15 YEARS,nan,,
260,CBD730,1,Always,How about processed meat products like hot dogs or bologna? [How often do you look for nutrition information on the food label when you buy processed meat products like hot dogs or bologna?] [Would you say always most of the time sometimes rarely or never?],Both males and females 1 YEARS - 15 YEARS,nan,,
261,CBD730,2,Most Of The Time,How about processed meat products like hot dogs or bologna? [How often do you look for nutrition information on the food label when you buy processed meat products like hot dogs or bologna?] [Would you say always most of the time sometimes rarely or never?],Both males and females 1 YEARS - 15 YEARS,nan,,
262,CBD730,3,Sometimes,How about processed meat products like hot dogs or bologna? [How often do you look for nutrition information on the food label when you buy processed meat products like hot dogs or bologna?] [Would you say always most of the time sometimes rarely or never?],Both males and females 1 YEARS - 15 YEARS,nan,,
263,CBD730,4,Rarely,How about processed meat products like hot dogs or bologna? [How often do you look for nutrition information on the food label when you buy processed meat products like hot dogs or bologna?] [Would you say always most of the time sometimes rarely or never?],Both males and females 1 YEARS - 15 YEARS,nan,,
264,CBD730,5,Never,How about processed meat products like hot dogs or bologna? [How often do you look for nutrition information on the food label when you buy processed meat products like hot dogs or bologna?] [Would you say always most of the time sometimes rarely or never?],Both males and females 1 YEARS - 15 YEARS,nan,,
265,CBD730,6,Never Buy These Items,How about processed meat products like hot dogs or bologna? [How often do you look for nutrition information on the food label when you buy processed meat products like hot dogs or bologna?] [Would you say always most of the time sometimes rarely or never?],Both males and females 1 YEARS - 15 YEARS,nan,,
266,CBD730,7,Refused,How about processed meat products like hot dogs or bologna? [How often do you look for nutrition information on the food label when you buy processed meat products like hot dogs or bologna?] [Would you say always most of the time sometimes rarely or never?],Both males and females 1 YEARS - 15 YEARS,nan,,
267,CBD730,9,Don'T Know,How about processed meat products like hot dogs or bologna? [How often do you look for nutrition information on the food label when you buy processed meat products like hot dogs or bologna?] [Would you say always most of the time sometimes rarely or never?],Both males and females 1 YEARS - 15 YEARS,nan,,
268,CBD730,.,Missing,How about processed meat products like hot dogs or bologna? [How often do you look for nutrition information on the food label when you buy processed meat products like hot dogs or bologna?] [Would you say always most of the time sometimes rarely or never?],Both males and females 1 YEARS - 15 YEARS,nan,,
269,CBD735,1,Always,How about bread? [How often do you look for nutrition information on the food label when you buy bread?] [Would you say always most of the time sometimes rarely or never?],Both males and females 1 YEARS - 15 YEARS,nan,,
270,CBD735,2,Most Of The Time,How about bread? [How often do you look for nutrition information on the food label when you buy bread?] [Would you say always most of the time sometimes rarely or never?],Both males and females 1 YEARS - 15 YEARS,nan,,
271,CBD735,3,Sometimes,How about bread? [How often do you look for nutrition information on the food label when you buy bread?] [Would you say always most of the time sometimes rarely or never?],Both males and females 1 YEARS - 15 YEARS,nan,,
272,CBD735,4,Rarely,How about bread? [How often do you look for nutrition information on the food label when you buy bread?] [Would you say always most of the time sometimes rarely or never?],Both males and females 1 YEARS - 15 YEARS,nan,,
273,CBD735,5,Never,How about bread? [How often do you look for nutrition information on the food label when you buy bread?] [Would you say always most of the time sometimes rarely or never?],Both males and females 1 YEARS - 15 YEARS,nan,,
274,CBD735,6,Never Buy These Items,How about bread? [How often do you look for nutrition information on the food label when you buy bread?] [Would you say always most of the time sometimes rarely or never?],Both males and females 1 YEARS - 15 YEARS,nan,,
275,CBD735,7,Refused,How about bread? [How often do you look for nutrition information on the food label when you buy bread?] [Would you say always most of the time sometimes rarely or never?],Both males and females 1 YEARS - 15 YEARS,nan,,
276,CBD735,9,Don'T Know,How about bread? [How often do you look for nutrition information on the food label when you buy bread?] [Would you say always most of the time sometimes rarely or never?],Both males and females 1 YEARS - 15 YEARS,nan,,
277,CBD735,.,Missing,How about bread? [How often do you look for nutrition information on the food label when you buy bread?] [Would you say always most of the time sometimes rarely or never?],Both males and females 1 YEARS - 15 YEARS,nan,,
278,CBQ738a,1,To Watch My Weight And/Or Lose Weight,{What is the reason or reasons that you check the food label when deciding to buy a food product? There are some examples on hand card 10. You may give more than one answer.},Both males and females 1 YEARS - 15 YEARS,nan,,
279,CBQ738a,77,Refused,{What is the reason or reasons that you check the food label when deciding to buy a food product? There are some examples on hand card 10. You may give more than one answer.},Both males and females 1 YEARS - 15 YEARS,nan,,
280,CBQ738a,99,Don'T Know,{What is the reason or reasons that you check the food label when deciding to buy a food product? There are some examples on hand card 10. You may give more than one answer.},Both males and females 1 YEARS - 15 YEARS,nan,,
281,CBQ738a,.,Missing,{What is the reason or reasons that you check the food label when deciding to buy a food product? There are some examples on hand card 10. You may give more than one answer.},Both males and females 1 YEARS - 15 YEARS,nan,,
282,CBQ738b,2,A Family Member Is Trying To Watch Weight And/Or Lose Weight,{What is the reason or reasons that you check the food label when deciding to buy a food product? There are some examples on hand card 10. You may give more than one answer.},Both males and females 1 YEARS - 15 YEARS,nan,,
283,CBQ738b,.,Missing,{What is the reason or reasons that you check the food label when deciding to buy a food product? There are some examples on hand card 10. You may give more than one answer.},Both males and females 1 YEARS - 15 YEARS,nan,,
284,CBQ738c,3,"To Watch For Diabetes, High Triglycerides, High Cholesterol, High Blood Pressure Or Other Health Conditions",{What is the reason or reasons that you check the food label when deciding to buy a food product? There are some examples on hand card 10. You may give more than one answer.},Both males and females 1 YEARS - 15 YEARS,nan,,
285,CBQ738c,.,Missing,{What is the reason or reasons that you check the food label when deciding to buy a food product? There are some examples on hand card 10. You may give more than one answer.},Both males and females 1 YEARS - 15 YEARS,nan,,
286,CBQ738d,4,"A Family Member Has A Health Condition (For Example, Diabetes, High Triglycerides, High Cholesterol, High Blood Pressure, Etc)",{What is the reason or reasons that you check the food label when deciding to buy a food product? There are some examples on hand card 10. You may give more than one answer.},Both males and females 1 YEARS - 15 YEARS,nan,,
287,CBQ738d,.,Missing,{What is the reason or reasons that you check the food label when deciding to buy a food product? There are some examples on hand card 10. You may give more than one answer.},Both males and females 1 YEARS - 15 YEARS,nan,,
288,CBQ738e,5,I Am Allergic To Certain Food(S),{What is the reason or reasons that you check the food label when deciding to buy a food product? There are some examples on hand card 10. You may give more than one answer.},Both males and females 1 YEARS - 15 YEARS,nan,,
289,CBQ738e,.,Missing,{What is the reason or reasons that you check the food label when deciding to buy a food product? There are some examples on hand card 10. You may give more than one answer.},Both males and females 1 YEARS - 15 YEARS,nan,,
290,CBQ738f,6,My Family Member(S) Has Food Allergies,{What is the reason or reasons that you check the food label when deciding to buy a food product? There are some examples on hand card 10. You may give more than one answer.},Both males and females 1 YEARS - 15 YEARS,nan,,
291,CBQ738f,.,Missing,{What is the reason or reasons that you check the food label when deciding to buy a food product? There are some examples on hand card 10. You may give more than one answer.},Both males and females 1 YEARS - 15 YEARS,nan,,
292,CBQ738g,7,"To Avoid Certain Ingredients (Such As Msg, High Fructose Corn Syrup, Color Dyes, Artificial Preservatives, Or Hydrogenated Oils, Etc.)",{What is the reason or reasons that you check the food label when deciding to buy a food product? There are some examples on hand card 10. You may give more than one answer.},Both males and females 1 YEARS - 15 YEARS,nan,,
293,CBQ738g,.,Missing,{What is the reason or reasons that you check the food label when deciding to buy a food product? There are some examples on hand card 10. You may give more than one answer.},Both males and females 1 YEARS - 15 YEARS,nan,,
294,CBQ738h,8,"To Increase Certain Nutrients In My/Family'S Diet (Such As Fiber, Calcium, Etc)",{What is the reason or reasons that you check the food label when deciding to buy a food product? There are some examples on hand card 10. You may give more than one answer.},Both males and females 1 YEARS - 15 YEARS,nan,,
295,CBQ738h,.,Missing,{What is the reason or reasons that you check the food label when deciding to buy a food product? There are some examples on hand card 10. You may give more than one answer.},Both males and females 1 YEARS - 15 YEARS,nan,,
296,CBQ738i,9,To Compare Which Brand/Food Is Better/Healthier,{What is the reason or reasons that you check the food label when deciding to buy a food product? There are some examples on hand card 10. You may give more than one answer.},Both males and females 1 YEARS - 15 YEARS,nan,,
297,CBQ738i,.,Missing,{What is the reason or reasons that you check the food label when deciding to buy a food product? There are some examples on hand card 10. You may give more than one answer.},Both males and females 1 YEARS - 15 YEARS,nan,,
298,CBQ738j,10,To Make Better/Healthier Choices For Me And My Family,{What is the reason or reasons that you check the food label when deciding to buy a food product? There are some examples on hand card 10. You may give more than one answer.},Both males and females 1 YEARS - 15 YEARS,nan,,
299,CBQ738j,.,Missing,{What is the reason or reasons that you check the food label when deciding to buy a food product? There are some examples on hand card 10. You may give more than one answer.},Both males and females 1 YEARS - 15 YEARS,nan,,
300,CBQ738k,11,"To Watch For Calorie Content Or Certain Nutrients (Such As Sodium, Trans Fat, Sugar, Carbohydrates, Or Protein, Etc.)",{What is the reason or reasons that you check the food label when deciding to buy a food product? There are some examples on hand card 10. You may give more than one answer.},Both males and females 1 YEARS - 15 YEARS,nan,,
301,CBQ738k,.,Missing,{What is the reason or reasons that you check the food label when deciding to buy a food product? There are some examples on hand card 10. You may give more than one answer.},Both males and females 1 YEARS - 15 YEARS,nan,,
302,CBQ738cd,91,Others,{What is the reason or reasons that you check the food label when deciding to buy a food product? There are some examples on hand card 10. You may give more than one answer.},Both males and females 1 YEARS - 15 YEARS,nan,,
303,CBQ738cd,.,Missing,{What is the reason or reasons that you check the food label when deciding to buy a food product? There are some examples on hand card 10. You may give more than one answer.},Both males and females 1 YEARS - 15 YEARS,nan,,
304,CBD751,,,nan,Both males and females 1 YEARS - 15 YEARS,nan,,
305,CBQ698a,1,I Don'T Have Time,{What is the reason or reasons that you rarely or never check the food label when deciding to buy a food product? There are some examples on hand card 11. You may give more than one answer.},Both males and females 1 YEARS - 15 YEARS,nan,,
306,CBQ698a,77,Refused,{What is the reason or reasons that you rarely or never check the food label when deciding to buy a food product? There are some examples on hand card 11. You may give more than one answer.},Both males and females 1 YEARS - 15 YEARS,nan,,
307,CBQ698a,99,Don'T Know,{What is the reason or reasons that you rarely or never check the food label when deciding to buy a food product? There are some examples on hand card 11. You may give more than one answer.},Both males and females 1 YEARS - 15 YEARS,nan,,
308,CBQ698a,.,Missing,{What is the reason or reasons that you rarely or never check the food label when deciding to buy a food product? There are some examples on hand card 11. You may give more than one answer.},Both males and females 1 YEARS - 15 YEARS,nan,,
309,CBQ698b,2,The Print Is Too Small For Me To Read,{What is the reason or reasons that you rarely or never check the food label when deciding to buy a food product? There are some examples on hand card 11. You may give more than one answer.},Both males and females 1 YEARS - 15 YEARS,nan,,
310,CBQ698b,.,Missing,{What is the reason or reasons that you rarely or never check the food label when deciding to buy a food product? There are some examples on hand card 11. You may give more than one answer.},Both males and females 1 YEARS - 15 YEARS,nan,,
311,CBQ698c,3,I'M Satisfied With My Health So There Is No Need For Me To Check,{What is the reason or reasons that you rarely or never check the food label when deciding to buy a food product? There are some examples on hand card 11. You may give more than one answer.},Both males and females 1 YEARS - 15 YEARS,nan,,
312,CBQ698c,.,Missing,{What is the reason or reasons that you rarely or never check the food label when deciding to buy a food product? There are some examples on hand card 11. You may give more than one answer.},Both males and females 1 YEARS - 15 YEARS,nan,,
313,CBQ698d,4,I Have A Good Diet So There Is No Need To Check Labels,{What is the reason or reasons that you rarely or never check the food label when deciding to buy a food product? There are some examples on hand card 11. You may give more than one answer.},Both males and females 1 YEARS - 15 YEARS,nan,,
314,CBQ698d,.,Missing,{What is the reason or reasons that you rarely or never check the food label when deciding to buy a food product? There are some examples on hand card 11. You may give more than one answer.},Both males and females 1 YEARS - 15 YEARS,nan,,
315,CBQ698e,5,"I Usually Buy Foods That I'M Used To, So I Don'T Feel That I Need To Check Labels",{What is the reason or reasons that you rarely or never check the food label when deciding to buy a food product? There are some examples on hand card 11. You may give more than one answer.},Both males and females 1 YEARS - 15 YEARS,nan,,
316,CBQ698e,.,Missing,{What is the reason or reasons that you rarely or never check the food label when deciding to buy a food product? There are some examples on hand card 11. You may give more than one answer.},Both males and females 1 YEARS - 15 YEARS,nan,,
317,CBQ698f,6,"I Buy What I Or My Family Like, I Don'T Care About The Labels",{What is the reason or reasons that you rarely or never check the food label when deciding to buy a food product? There are some examples on hand card 11. You may give more than one answer.},Both males and females 1 YEARS - 15 YEARS,nan,,
318,CBQ698f,.,Missing,{What is the reason or reasons that you rarely or never check the food label when deciding to buy a food product? There are some examples on hand card 11. You may give more than one answer.},Both males and females 1 YEARS - 15 YEARS,nan,,
319,CBQ698g,7,I Don'T Think The Food Labels Are Important To Me,{What is the reason or reasons that you rarely or never check the food label when deciding to buy a food product? There are some examples on hand card 11. You may give more than one answer.},Both males and females 1 YEARS - 15 YEARS,nan,,
320,CBQ698g,.,Missing,{What is the reason or reasons that you rarely or never check the food label when deciding to buy a food product? There are some examples on hand card 11. You may give more than one answer.},Both males and females 1 YEARS - 15 YEARS,nan,,
321,CBQ698h,8,I Won'T Know What To Look For Even If I Read The Labels,{What is the reason or reasons that you rarely or never check the food label when deciding to buy a food product? There are some examples on hand card 11. You may give more than one answer.},Both males and females 1 YEARS - 15 YEARS,nan,,
322,CBQ698h,.,Missing,{What is the reason or reasons that you rarely or never check the food label when deciding to buy a food product? There are some examples on hand card 11. You may give more than one answer.},Both males and females 1 YEARS - 15 YEARS,nan,,
323,CBQ698i,9,I Can'T Read English That Well,{What is the reason or reasons that you rarely or never check the food label when deciding to buy a food product? There are some examples on hand card 11. You may give more than one answer.},Both males and females 1 YEARS - 15 YEARS,nan,,
324,CBQ698i,.,Missing,{What is the reason or reasons that you rarely or never check the food label when deciding to buy a food product? There are some examples on hand card 11. You may give more than one answer.},Both males and females 1 YEARS - 15 YEARS,nan,,
325,CBQ698cd,91,Others,{What is the reason or reasons that you rarely or never check the food label when deciding to buy a food product? There are some examples on hand card 11. You may give more than one answer.},Both males and females 1 YEARS - 15 YEARS,nan,,
326,CBQ698cd,.,Missing,{What is the reason or reasons that you rarely or never check the food label when deciding to buy a food product? There are some examples on hand card 11. You may give more than one answer.},Both males and females 1 YEARS - 15 YEARS,nan,,
327,CBQ695A,1,The Amount Of This Food That People Should Eat,{Now turn the page to use hand card 7.} For this next question you may give more than one answer. Now think about the serving size on a food label. What does serving size mean to you? Serving size is...,Both males and females 1 YEARS - 15 YEARS,nan,,
328,CBQ695A,7,Refused,{Now turn the page to use hand card 7.} For this next question you may give more than one answer. Now think about the serving size on a food label. What does serving size mean to you? Serving size is...,Both males and females 1 YEARS - 15 YEARS,nan,,
329,CBQ695A,9,Don'T Know,{Now turn the page to use hand card 7.} For this next question you may give more than one answer. Now think about the serving size on a food label. What does serving size mean to you? Serving size is...,Both males and females 1 YEARS - 15 YEARS,nan,,
330,CBQ695A,.,Missing,{Now turn the page to use hand card 7.} For this next question you may give more than one answer. Now think about the serving size on a food label. What does serving size mean to you? Serving size is...,Both males and females 1 YEARS - 15 YEARS,nan,,
331,CBQ695B,2,The Amount Of This Food That People Usually Eat,{Now turn the page to use hand card 7.} For this next question you may give more than one answer. Now think about the serving size on a food label. What does serving size mean to you? Serving size is...,Both males and females 1 YEARS - 15 YEARS,nan,,
332,CBQ695B,.,Missing,{Now turn the page to use hand card 7.} For this next question you may give more than one answer. Now think about the serving size on a food label. What does serving size mean to you? Serving size is...,Both males and females 1 YEARS - 15 YEARS,nan,,
333,CBQ695C,3,Something That Makes It Easier To Compare Foods,{Now turn the page to use hand card 7.} For this next question you may give more than one answer. Now think about the serving size on a food label. What does serving size mean to you? Serving size is...,Both males and females 1 YEARS - 15 YEARS,nan,,
334,CBQ695C,.,Missing,{Now turn the page to use hand card 7.} For this next question you may give more than one answer. Now think about the serving size on a food label. What does serving size mean to you? Serving size is...,Both males and females 1 YEARS - 15 YEARS,nan,,
335,CBD740,1,Yes,In the past 30 days did you buy any food that had the word organic on the package?,Both males and females 1 YEARS - 15 YEARS,nan,,
336,CBD740,2,No,In the past 30 days did you buy any food that had the word organic on the package?,Both males and females 1 YEARS - 15 YEARS,nan,,
337,CBD740,3,Do Not Shop For Food,In the past 30 days did you buy any food that had the word organic on the package?,Both males and females 1 YEARS - 15 YEARS,nan,,
338,CBD740,7,Refused,In the past 30 days did you buy any food that had the word organic on the package?,Both males and females 1 YEARS - 15 YEARS,nan,,
339,CBD740,9,Don'T Know,In the past 30 days did you buy any food that had the word organic on the package?,Both males and females 1 YEARS - 15 YEARS,nan,,
340,CBD740,.,Missing,In the past 30 days did you buy any food that had the word organic on the package?,Both males and females 1 YEARS - 15 YEARS,nan,,
341,CBQ790,1,Always,In the past 30 days when you bought fruits how often did you buy organic fruits? {Using hand card 13} Would you say always most of the time sometimes rarely or never?,Both males and females 1 YEARS - 15 YEARS,nan,,
342,CBQ790,2,Most Of The Time,In the past 30 days when you bought fruits how often did you buy organic fruits? {Using hand card 13} Would you say always most of the time sometimes rarely or never?,Both males and females 1 YEARS - 15 YEARS,nan,,
343,CBQ790,3,Sometimes,In the past 30 days when you bought fruits how often did you buy organic fruits? {Using hand card 13} Would you say always most of the time sometimes rarely or never?,Both males and females 1 YEARS - 15 YEARS,nan,,
344,CBQ790,4,Rarely,In the past 30 days when you bought fruits how often did you buy organic fruits? {Using hand card 13} Would you say always most of the time sometimes rarely or never?,Both males and females 1 YEARS - 15 YEARS,nan,,
345,CBQ790,5,Never,In the past 30 days when you bought fruits how often did you buy organic fruits? {Using hand card 13} Would you say always most of the time sometimes rarely or never?,Both males and females 1 YEARS - 15 YEARS,nan,,
346,CBQ790,6,Do Not Shop For Fruits,In the past 30 days when you bought fruits how often did you buy organic fruits? {Using hand card 13} Would you say always most of the time sometimes rarely or never?,Both males and females 1 YEARS - 15 YEARS,nan,,
347,CBQ790,7,Refused,In the past 30 days when you bought fruits how often did you buy organic fruits? {Using hand card 13} Would you say always most of the time sometimes rarely or never?,Both males and females 1 YEARS - 15 YEARS,nan,,
348,CBQ790,9,Don'T Know,In the past 30 days when you bought fruits how often did you buy organic fruits? {Using hand card 13} Would you say always most of the time sometimes rarely or never?,Both males and females 1 YEARS - 15 YEARS,nan,,
349,CBQ790,.,Missing,In the past 30 days when you bought fruits how often did you buy organic fruits? {Using hand card 13} Would you say always most of the time sometimes rarely or never?,Both males and females 1 YEARS - 15 YEARS,nan,,
350,CBQ795,9,Don'T Know,How about organic vegetables? [In the past 30 days] when you bought vegetables how often did you buy organic vegetables? Would you say always most of the time sometimes rarely or never?,Both males and females 1 YEARS - 15 YEARS,nan,,
351,CBQ795,.,Missing,How about organic vegetables? [In the past 30 days] when you bought vegetables how often did you buy organic vegetables? Would you say always most of the time sometimes rarely or never?,Both males and females 1 YEARS - 15 YEARS,nan,,
352,CBQ795,1,Always,How about organic vegetables? [In the past 30 days] when you bought vegetables how often did you buy organic vegetables? Would you say always most of the time sometimes rarely or never?,Both males and females 1 YEARS - 15 YEARS,nan,,
353,CBQ795,2,Most Of The Time,How about organic vegetables? [In the past 30 days] when you bought vegetables how often did you buy organic vegetables? Would you say always most of the time sometimes rarely or never?,Both males and females 1 YEARS - 15 YEARS,nan,,
354,CBQ795,3,Sometimes,How about organic vegetables? [In the past 30 days] when you bought vegetables how often did you buy organic vegetables? Would you say always most of the time sometimes rarely or never?,Both males and females 1 YEARS - 15 YEARS,nan,,
355,CBQ795,4,Rarely,How about organic vegetables? [In the past 30 days] when you bought vegetables how often did you buy organic vegetables? Would you say always most of the time sometimes rarely or never?,Both males and females 1 YEARS - 15 YEARS,nan,,
356,CBQ795,5,Never,How about organic vegetables? [In the past 30 days] when you bought vegetables how often did you buy organic vegetables? Would you say always most of the time sometimes rarely or never?,Both males and females 1 YEARS - 15 YEARS,nan,,
357,CBQ795,6,Do Not Shop For Vegetables,How about organic vegetables? [In the past 30 days] when you bought vegetables how often did you buy organic vegetables? Would you say always most of the time sometimes rarely or never?,Both males and females 1 YEARS - 15 YEARS,nan,,
358,CBQ795,7,Refused,How about organic vegetables? [In the past 30 days] when you bought vegetables how often did you buy organic vegetables? Would you say always most of the time sometimes rarely or never?,Both males and females 1 YEARS - 15 YEARS,nan,,
359,CBQ800,1,Always,How about organic milk and other dairy products? [In the past 30 days] [when you bought milk and other dairy products how often did you buy organic milk and other dairy products? Would you say always most of the time sometimes rarely or never?],Both males and females 1 YEARS - 15 YEARS,nan,,
360,CBQ800,2,Most Of The Time,How about organic milk and other dairy products? [In the past 30 days] [when you bought milk and other dairy products how often did you buy organic milk and other dairy products? Would you say always most of the time sometimes rarely or never?],Both males and females 1 YEARS - 15 YEARS,nan,,
361,CBQ800,3,Sometimes,How about organic milk and other dairy products? [In the past 30 days] [when you bought milk and other dairy products how often did you buy organic milk and other dairy products? Would you say always most of the time sometimes rarely or never?],Both males and females 1 YEARS - 15 YEARS,nan,,
362,CBQ800,4,Rarely,How about organic milk and other dairy products? [In the past 30 days] [when you bought milk and other dairy products how often did you buy organic milk and other dairy products? Would you say always most of the time sometimes rarely or never?],Both males and females 1 YEARS - 15 YEARS,nan,,
363,CBQ800,5,Never,How about organic milk and other dairy products? [In the past 30 days] [when you bought milk and other dairy products how often did you buy organic milk and other dairy products? Would you say always most of the time sometimes rarely or never?],Both males and females 1 YEARS - 15 YEARS,nan,,
364,CBQ800,6,Do Not Shop For Milk,How about organic milk and other dairy products? [In the past 30 days] [when you bought milk and other dairy products how often did you buy organic milk and other dairy products? Would you say always most of the time sometimes rarely or never?],Both males and females 1 YEARS - 15 YEARS,nan,,
365,CBQ800,7,Refused,How about organic milk and other dairy products? [In the past 30 days] [when you bought milk and other dairy products how often did you buy organic milk and other dairy products? Would you say always most of the time sometimes rarely or never?],Both males and females 1 YEARS - 15 YEARS,nan,,
366,CBQ800,9,Don'T Know,How about organic milk and other dairy products? [In the past 30 days] [when you bought milk and other dairy products how often did you buy organic milk and other dairy products? Would you say always most of the time sometimes rarely or never?],Both males and females 1 YEARS - 15 YEARS,nan,,
367,CBQ800,.,Missing,How about organic milk and other dairy products? [In the past 30 days] [when you bought milk and other dairy products how often did you buy organic milk and other dairy products? Would you say always most of the time sometimes rarely or never?],Both males and females 1 YEARS - 15 YEARS,nan,,
368,CBQ805,1,Always,How about organic eggs? [In the past 30 days] [when you bought eggs how often did you buy organic eggs? Would you say always most of the time sometimes rarely or never?],Both males and females 1 YEARS - 15 YEARS,nan,,
369,CBQ805,2,Most Of The Time,How about organic eggs? [In the past 30 days] [when you bought eggs how often did you buy organic eggs? Would you say always most of the time sometimes rarely or never?],Both males and females 1 YEARS - 15 YEARS,nan,,
370,CBQ805,3,Sometimes,How about organic eggs? [In the past 30 days] [when you bought eggs how often did you buy organic eggs? Would you say always most of the time sometimes rarely or never?],Both males and females 1 YEARS - 15 YEARS,nan,,
371,CBQ805,4,Rarely,How about organic eggs? [In the past 30 days] [when you bought eggs how often did you buy organic eggs? Would you say always most of the time sometimes rarely or never?],Both males and females 1 YEARS - 15 YEARS,nan,,
372,CBQ805,5,Never,How about organic eggs? [In the past 30 days] [when you bought eggs how often did you buy organic eggs? Would you say always most of the time sometimes rarely or never?],Both males and females 1 YEARS - 15 YEARS,nan,,
373,CBQ805,6,Do Not Shop For Eggs,How about organic eggs? [In the past 30 days] [when you bought eggs how often did you buy organic eggs? Would you say always most of the time sometimes rarely or never?],Both males and females 1 YEARS - 15 YEARS,nan,,
374,CBQ805,7,Refused,How about organic eggs? [In the past 30 days] [when you bought eggs how often did you buy organic eggs? Would you say always most of the time sometimes rarely or never?],Both males and females 1 YEARS - 15 YEARS,nan,,
375,CBQ805,9,Don'T Know,How about organic eggs? [In the past 30 days] [when you bought eggs how often did you buy organic eggs? Would you say always most of the time sometimes rarely or never?],Both males and females 1 YEARS - 15 YEARS,nan,,
376,CBQ805,.,Missing,How about organic eggs? [In the past 30 days] [when you bought eggs how often did you buy organic eggs? Would you say always most of the time sometimes rarely or never?],Both males and females 1 YEARS - 15 YEARS,nan,,
377,CBQ810,1,Always,How about organic baby foods? [In the past 30 days] [when you bought baby foods how often did you buy organic baby foods? Would you say always most of the time sometimes rarely or never?],Both males and females 1 YEARS - 15 YEARS,nan,,
378,CBQ810,2,Most Of The Time,How about organic baby foods? [In the past 30 days] [when you bought baby foods how often did you buy organic baby foods? Would you say always most of the time sometimes rarely or never?],Both males and females 1 YEARS - 15 YEARS,nan,,
379,CBQ810,3,Sometimes,How about organic baby foods? [In the past 30 days] [when you bought baby foods how often did you buy organic baby foods? Would you say always most of the time sometimes rarely or never?],Both males and females 1 YEARS - 15 YEARS,nan,,
380,CBQ810,4,Rarely,How about organic baby foods? [In the past 30 days] [when you bought baby foods how often did you buy organic baby foods? Would you say always most of the time sometimes rarely or never?],Both males and females 1 YEARS - 15 YEARS,nan,,
381,CBQ810,5,Never,How about organic baby foods? [In the past 30 days] [when you bought baby foods how often did you buy organic baby foods? Would you say always most of the time sometimes rarely or never?],Both males and females 1 YEARS - 15 YEARS,nan,,
382,CBQ810,6,Do Not Shop For Baby Foods,How about organic baby foods? [In the past 30 days] [when you bought baby foods how often did you buy organic baby foods? Would you say always most of the time sometimes rarely or never?],Both males and females 1 YEARS - 15 YEARS,nan,,
383,CBQ810,7,Refused,How about organic baby foods? [In the past 30 days] [when you bought baby foods how often did you buy organic baby foods? Would you say always most of the time sometimes rarely or never?],Both males and females 1 YEARS - 15 YEARS,nan,,
384,CBQ810,9,Don'T Know,How about organic baby foods? [In the past 30 days] [when you bought baby foods how often did you buy organic baby foods? Would you say always most of the time sometimes rarely or never?],Both males and females 1 YEARS - 15 YEARS,nan,,
385,CBQ810,.,Missing,How about organic baby foods? [In the past 30 days] [when you bought baby foods how often did you buy organic baby foods? Would you say always most of the time sometimes rarely or never?],Both males and females 1 YEARS - 15 YEARS,nan,,
386,CBQ815,1,Always,How about organic poultry such as chicken or turkey? [In the past 30 days] [when you bought poultry such as chicken or turkey how often did you buy organic poultry? Would you say always most of the time sometimes rarely or never?],Both males and females 1 YEARS - 15 YEARS,nan,,
387,CBQ815,2,Most Of The Time,How about organic poultry such as chicken or turkey? [In the past 30 days] [when you bought poultry such as chicken or turkey how often did you buy organic poultry? Would you say always most of the time sometimes rarely or never?],Both males and females 1 YEARS - 15 YEARS,nan,,
388,CBQ815,3,Sometimes,How about organic poultry such as chicken or turkey? [In the past 30 days] [when you bought poultry such as chicken or turkey how often did you buy organic poultry? Would you say always most of the time sometimes rarely or never?],Both males and females 1 YEARS - 15 YEARS,nan,,
389,CBQ815,4,Rarely,How about organic poultry such as chicken or turkey? [In the past 30 days] [when you bought poultry such as chicken or turkey how often did you buy organic poultry? Would you say always most of the time sometimes rarely or never?],Both males and females 1 YEARS - 15 YEARS,nan,,
390,CBQ815,5,Never,How about organic poultry such as chicken or turkey? [In the past 30 days] [when you bought poultry such as chicken or turkey how often did you buy organic poultry? Would you say always most of the time sometimes rarely or never?],Both males and females 1 YEARS - 15 YEARS,nan,,
391,CBQ815,6,Do Not Shop For Poultry,How about organic poultry such as chicken or turkey? [In the past 30 days] [when you bought poultry such as chicken or turkey how often did you buy organic poultry? Would you say always most of the time sometimes rarely or never?],Both males and females 1 YEARS - 15 YEARS,nan,,
392,CBQ815,7,Refused,How about organic poultry such as chicken or turkey? [In the past 30 days] [when you bought poultry such as chicken or turkey how often did you buy organic poultry? Would you say always most of the time sometimes rarely or never?],Both males and females 1 YEARS - 15 YEARS,nan,,
393,CBQ815,9,Don'T Know,How about organic poultry such as chicken or turkey? [In the past 30 days] [when you bought poultry such as chicken or turkey how often did you buy organic poultry? Would you say always most of the time sometimes rarely or never?],Both males and females 1 YEARS - 15 YEARS,nan,,
394,CBQ815,.,Missing,How about organic poultry such as chicken or turkey? [In the past 30 days] [when you bought poultry such as chicken or turkey how often did you buy organic poultry? Would you say always most of the time sometimes rarely or never?],Both males and females 1 YEARS - 15 YEARS,nan,,
395,CBQ820,1,Always,How about organic meats? [In the past 30 days] [when you bought meats how often did you buy organic meats? Would you say always most of the time sometimes rarely or never?],Both males and females 1 YEARS - 15 YEARS,nan,,
396,CBQ820,2,Most Of The Time,How about organic meats? [In the past 30 days] [when you bought meats how often did you buy organic meats? Would you say always most of the time sometimes rarely or never?],Both males and females 1 YEARS - 15 YEARS,nan,,
397,CBQ820,3,Sometimes,How about organic meats? [In the past 30 days] [when you bought meats how often did you buy organic meats? Would you say always most of the time sometimes rarely or never?],Both males and females 1 YEARS - 15 YEARS,nan,,
398,CBQ820,4,Rarely,How about organic meats? [In the past 30 days] [when you bought meats how often did you buy organic meats? Would you say always most of the time sometimes rarely or never?],Both males and females 1 YEARS - 15 YEARS,nan,,
399,CBQ820,5,Never,How about organic meats? [In the past 30 days] [when you bought meats how often did you buy organic meats? Would you say always most of the time sometimes rarely or never?],Both males and females 1 YEARS - 15 YEARS,nan,,
400,CBQ820,6,Do Not Shop For Meats,How about organic meats? [In the past 30 days] [when you bought meats how often did you buy organic meats? Would you say always most of the time sometimes rarely or never?],Both males and females 1 YEARS - 15 YEARS,nan,,
401,CBQ820,7,Refused,How about organic meats? [In the past 30 days] [when you bought meats how often did you buy organic meats? Would you say always most of the time sometimes rarely or never?],Both males and females 1 YEARS - 15 YEARS,nan,,
402,CBQ820,9,Don'T Know,How about organic meats? [In the past 30 days] [when you bought meats how often did you buy organic meats? Would you say always most of the time sometimes rarely or never?],Both males and females 1 YEARS - 15 YEARS,nan,,
403,CBQ820,.,Missing,How about organic meats? [In the past 30 days] [when you bought meats how often did you buy organic meats? Would you say always most of the time sometimes rarely or never?],Both males and females 1 YEARS - 15 YEARS,nan,,
404,CBQ825,1,Yes,{Now please look at hand card 14. This is a picture of the USDA Organic seal. Have you ever seen this seal on a food product?},Both males and females 1 YEARS - 15 YEARS,nan,,
405,CBQ825,2,No,{Now please look at hand card 14. This is a picture of the USDA Organic seal. Have you ever seen this seal on a food product?},Both males and females 1 YEARS - 15 YEARS,nan,,
406,CBQ825,7,Refused,{Now please look at hand card 14. This is a picture of the USDA Organic seal. Have you ever seen this seal on a food product?},Both males and females 1 YEARS - 15 YEARS,nan,,
407,CBQ825,9,Don'T Know,{Now please look at hand card 14. This is a picture of the USDA Organic seal. Have you ever seen this seal on a food product?},Both males and females 1 YEARS - 15 YEARS,nan,,
408,CBQ825,.,Missing,{Now please look at hand card 14. This is a picture of the USDA Organic seal. Have you ever seen this seal on a food product?},Both males and females 1 YEARS - 15 YEARS,nan,,
409,DBD930,1,Yes,Are you the person who does most of the planning or preparing of meals in your family?,Both males and females 1 YEARS - 15 YEARS,nan,,
410,DBD930,2,No,Are you the person who does most of the planning or preparing of meals in your family?,Both males and females 1 YEARS - 15 YEARS,nan,,
411,DBD930,7,Refused,Are you the person who does most of the planning or preparing of meals in your family?,Both males and females 1 YEARS - 15 YEARS,nan,,
412,DBD930,9,Don'T Know,Are you the person who does most of the planning or preparing of meals in your family?,Both males and females 1 YEARS - 15 YEARS,nan,,
413,DBD930,.,Missing,Are you the person who does most of the planning or preparing of meals in your family?,Both males and females 1 YEARS - 15 YEARS,nan,,
414,DBD935,1,Yes,Do you share in the planning or preparing of meals with someone else?,Both males and females 1 YEARS - 15 YEARS,nan,,
415,DBD935,2,No,Do you share in the planning or preparing of meals with someone else?,Both males and females 1 YEARS - 15 YEARS,nan,,
416,DBD935,7,Refused,Do you share in the planning or preparing of meals with someone else?,Both males and females 1 YEARS - 15 YEARS,nan,,
417,DBD935,9,Don'T Know,Do you share in the planning or preparing of meals with someone else?,Both males and females 1 YEARS - 15 YEARS,nan,,
418,DBD935,.,Missing,Do you share in the planning or preparing of meals with someone else?,Both males and females 1 YEARS - 15 YEARS,nan,,
419,DBD940,1,Yes,Are you the person who does most of the shopping for food in your family?,Both males and females 1 YEARS - 15 YEARS,nan,,
420,DBD940,2,No,Are you the person who does most of the shopping for food in your family?,Both males and females 1 YEARS - 15 YEARS,nan,,
421,DBD940,7,Refused,Are you the person who does most of the shopping for food in your family?,Both males and females 1 YEARS - 15 YEARS,nan,,
422,DBD940,9,Don'T Know,Are you the person who does most of the shopping for food in your family?,Both males and females 1 YEARS - 15 YEARS,nan,,
423,DBD940,.,Missing,Are you the person who does most of the shopping for food in your family?,Both males and females 1 YEARS - 15 YEARS,nan,,
424,DBD945,1,Yes,Do you share in the shopping for food with someone else?,Both males and females 1 YEARS - 15 YEARS,nan,,
425,DBD945,2,No,Do you share in the shopping for food with someone else?,Both males and females 1 YEARS - 15 YEARS,nan,,
426,DBD945,7,Refused,Do you share in the shopping for food with someone else?,Both males and females 1 YEARS - 15 YEARS,nan,,
427,DBD945,9,Don'T Know,Do you share in the shopping for food with someone else?,Both males and females 1 YEARS - 15 YEARS,nan,,
428,DBD945,.,Missing,Do you share in the shopping for food with someone else?,Both males and females 1 YEARS - 15 YEARS,nan,,
429,CBD760,17 To 77,Range Of Values,How old are you?,Both males and females 1 YEARS - 15 YEARS,nan,,
430,CBD760,80,>: 80 Years Of Age,How old are you?,Both males and females 1 YEARS - 15 YEARS,nan,,
431,CBD760,777,Refused,How old are you?,Both males and females 1 YEARS - 15 YEARS,nan,,
432,CBD760,999,Don'T Know,How old are you?,Both males and females 1 YEARS - 15 YEARS,nan,,
433,CBD760,.,Missing,How old are you?,Both males and females 1 YEARS - 15 YEARS,nan,,
434,CBD765,1,Less Than High School,Which of the following best describe your highest education level?,Both males and females 1 YEARS - 15 YEARS,nan,,
435,CBD765,2,"High School Diploma (Including Ged), Or",Which of the following best describe your highest education level?,Both males and females 1 YEARS - 15 YEARS,nan,,
436,CBD765,3,More Than High School,Which of the following best describe your highest education level?,Both males and females 1 YEARS - 15 YEARS,nan,,
437,CBD765,7,Refused,Which of the following best describe your highest education level?,Both males and females 1 YEARS - 15 YEARS,nan,,
438,CBD765,9,Don'T Know,Which of the following best describe your highest education level?,Both males and females 1 YEARS - 15 YEARS,nan,,
439,CBD765,.,Missing,Which of the following best describe your highest education level?,Both males and females 1 YEARS - 15 YEARS,nan,,
440,CBD770,1,Male,What is the gender of the respondent?,Both males and females 1 YEARS - 15 YEARS,nan,,
441,CBD770,2,Female,What is the gender of the respondent?,Both males and females 1 YEARS - 15 YEARS,nan,,
442,CBD770,.,Missing,What is the gender of the respondent?,Both males and females 1 YEARS - 15 YEARS,nan,,
443,CBQ785,1,English,The interview was completed in:,Both males and females 1 YEARS - 15 YEARS,nan,,
444,CBQ785,2,Spanish,The interview was completed in:,Both males and females 1 YEARS - 15 YEARS,nan,,
445,CBQ785,3,English And Spanish,The interview was completed in:,Both males and females 1 YEARS - 15 YEARS,nan,,
446,CBQ785,4,Other,The interview was completed in:,Both males and females 1 YEARS - 15 YEARS,nan,,
447,CBQ785,.,Missing,The interview was completed in:,Both males and females 1 YEARS - 15 YEARS,nan,,
448,WTDRD1,3335.4854584 To 182622.99354,Range Of Values,Dietary day one sample weight.,Both males and females 1 YEARS - 15 YEARS,nan,,
449,WTDRD1,.,Missing,Dietary day one sample weight.,Both males and females 1 YEARS - 15 YEARS,nan,,
