,Column,Code,Label,English_Text,Target,English_Instructions,Class,Other For
0,SEQN,,,Respondent sequence number.,Both males and females 20 YEARS - 150 YEARS,nan,,
1,OSQ010a,1,Yes,Has a doctor ever told {you/SP} that {you/s/he} had broken or fractured {your/his/her} . . .hip?,Both males and females 20 YEARS - 150 YEARS,nan,,
2,OSQ010a,2,No,Has a doctor ever told {you/SP} that {you/s/he} had broken or fractured {your/his/her} . . .hip?,Both males and females 20 YEARS - 150 YEARS,nan,,
3,OSQ010a,7,Refused,Has a doctor ever told {you/SP} that {you/s/he} had broken or fractured {your/his/her} . . .hip?,Both males and females 20 YEARS - 150 YEARS,nan,,
4,OSQ010a,9,Don'T Know,Has a doctor ever told {you/SP} that {you/s/he} had broken or fractured {your/his/her} . . .hip?,Both males and females 20 YEARS - 150 YEARS,nan,,
5,OSQ010a,.,Missing,Has a doctor ever told {you/SP} that {you/s/he} had broken or fractured {your/his/her} . . .hip?,Both males and females 20 YEARS - 150 YEARS,nan,,
6,OSQ010b,1,Yes,Has a doctor ever told {you/SP} that {you/s/he} had broken or fractured {your/his/her} . . .wrist?,Both males and females 20 YEARS - 150 YEARS,nan,,
7,OSQ010b,2,No,Has a doctor ever told {you/SP} that {you/s/he} had broken or fractured {your/his/her} . . .wrist?,Both males and females 20 YEARS - 150 YEARS,nan,,
8,OSQ010b,7,Refused,Has a doctor ever told {you/SP} that {you/s/he} had broken or fractured {your/his/her} . . .wrist?,Both males and females 20 YEARS - 150 YEARS,nan,,
9,OSQ010b,9,Don'T Know,Has a doctor ever told {you/SP} that {you/s/he} had broken or fractured {your/his/her} . . .wrist?,Both males and females 20 YEARS - 150 YEARS,nan,,
10,OSQ010b,.,Missing,Has a doctor ever told {you/SP} that {you/s/he} had broken or fractured {your/his/her} . . .wrist?,Both males and females 20 YEARS - 150 YEARS,nan,,
11,OSQ010c,1,Yes,Has a doctor ever told {you/SP} that {you/s/he} had broken or fractured {your/his/her} . . .spine?,Both males and females 20 YEARS - 150 YEARS,nan,,
12,OSQ010c,2,No,Has a doctor ever told {you/SP} that {you/s/he} had broken or fractured {your/his/her} . . .spine?,Both males and females 20 YEARS - 150 YEARS,nan,,
13,OSQ010c,7,Refused,Has a doctor ever told {you/SP} that {you/s/he} had broken or fractured {your/his/her} . . .spine?,Both males and females 20 YEARS - 150 YEARS,nan,,
14,OSQ010c,9,Don'T Know,Has a doctor ever told {you/SP} that {you/s/he} had broken or fractured {your/his/her} . . .spine?,Both males and females 20 YEARS - 150 YEARS,nan,,
15,OSQ010c,.,Missing,Has a doctor ever told {you/SP} that {you/s/he} had broken or fractured {your/his/her} . . .spine?,Both males and females 20 YEARS - 150 YEARS,nan,,
16,OSQ020a,1 To 5,Range Of Values,How many times {have you/has SP} broken or fractured {your/his/her} hip?,Both males and females 20 YEARS - 150 YEARS,nan,,
17,OSQ020a,7777,Refused,How many times {have you/has SP} broken or fractured {your/his/her} hip?,Both males and females 20 YEARS - 150 YEARS,nan,,
18,OSQ020a,9999,Don'T Know,How many times {have you/has SP} broken or fractured {your/his/her} hip?,Both males and females 20 YEARS - 150 YEARS,nan,,
19,OSQ020a,.,Missing,How many times {have you/has SP} broken or fractured {your/his/her} hip?,Both males and females 20 YEARS - 150 YEARS,nan,,
20,OSQ020b,1 To 7,Range Of Values,How many times {have you/has SP} broken or fractured {your/his/her} wrist?,Both males and females 20 YEARS - 150 YEARS,nan,,
21,OSQ020b,7777,Refused,How many times {have you/has SP} broken or fractured {your/his/her} wrist?,Both males and females 20 YEARS - 150 YEARS,nan,,
22,OSQ020b,9999,Don'T Know,How many times {have you/has SP} broken or fractured {your/his/her} wrist?,Both males and females 20 YEARS - 150 YEARS,nan,,
23,OSQ020b,.,Missing,How many times {have you/has SP} broken or fractured {your/his/her} wrist?,Both males and females 20 YEARS - 150 YEARS,nan,,
24,OSQ020c,1 To 5,Range Of Values,How many times {have you/has SP} broken or fractured {your/his/her} spine?,Both males and females 20 YEARS - 150 YEARS,nan,,
25,OSQ020c,7777,Refused,How many times {have you/has SP} broken or fractured {your/his/her} spine?,Both males and females 20 YEARS - 150 YEARS,nan,,
26,OSQ020c,9999,Don'T Know,How many times {have you/has SP} broken or fractured {your/his/her} spine?,Both males and females 20 YEARS - 150 YEARS,nan,,
27,OSQ020c,.,Missing,How many times {have you/has SP} broken or fractured {your/his/her} spine?,Both males and females 20 YEARS - 150 YEARS,nan,,
28,OSQ025,,,nan,Both males and females 20 YEARS - 150 YEARS,nan,,
29,OSD030aa,4 To 79,Range Of Values,How old {were you/was SP} when {you/s/he} fractured {your/his/her} hip the 1st time?,Both males and females 20 YEARS - 150 YEARS,nan,,
30,OSD030aa,80,80 Or Older,How old {were you/was SP} when {you/s/he} fractured {your/his/her} hip the 1st time?,Both males and females 20 YEARS - 150 YEARS,nan,,
31,OSD030aa,77777,Refused,How old {were you/was SP} when {you/s/he} fractured {your/his/her} hip the 1st time?,Both males and females 20 YEARS - 150 YEARS,nan,,
32,OSD030aa,99999,Don'T Know,How old {were you/was SP} when {you/s/he} fractured {your/his/her} hip the 1st time?,Both males and females 20 YEARS - 150 YEARS,nan,,
33,OSD030aa,.,Missing,How old {were you/was SP} when {you/s/he} fractured {your/his/her} hip the 1st time?,Both males and females 20 YEARS - 150 YEARS,nan,,
34,OSQ040aa,1,"Under 50 Years Old, Or",{Were you/Was SP} . . .,Both males and females 20 YEARS - 150 YEARS,nan,,
35,OSQ040aa,2,50 Years Old Or Older?,{Were you/Was SP} . . .,Both males and females 20 YEARS - 150 YEARS,nan,,
36,OSQ040aa,7,Refused,{Were you/Was SP} . . .,Both males and females 20 YEARS - 150 YEARS,nan,,
37,OSQ040aa,9,Don'T Know,{Were you/Was SP} . . .,Both males and females 20 YEARS - 150 YEARS,nan,,
38,OSQ040aa,.,Missing,{Were you/Was SP} . . .,Both males and females 20 YEARS - 150 YEARS,nan,,
39,OSQ045,,,nan,Both males and females 20 YEARS - 150 YEARS,nan,,
40,OSD050aa,1,"A Fall From Standing Height Or Less, For Example, Tripped, Slipped, Fell Out Of Bed",Did that fracture occur as a result of . . .,Both males and females 50 YEARS - 150 YEARS,nan,,
41,OSD050aa,2,"A Hard Fall, Such As Falling Off A Ladder Or Step Stool, Down Stairs",Did that fracture occur as a result of . . .,Both males and females 50 YEARS - 150 YEARS,nan,,
42,OSD050aa,3,A Car Accident Or Other Severe Trauma,Did that fracture occur as a result of . . .,Both males and females 50 YEARS - 150 YEARS,nan,,
43,OSD050aa,7,Refused,Did that fracture occur as a result of . . .,Both males and females 50 YEARS - 150 YEARS,nan,,
44,OSD050aa,9,Don'T Know,Did that fracture occur as a result of . . .,Both males and females 50 YEARS - 150 YEARS,nan,,
45,OSD050aa,.,Missing,Did that fracture occur as a result of . . .,Both males and females 50 YEARS - 150 YEARS,nan,,
46,OSD030ab,14 To 73,Range Of Values,How old {were you/was SP} when {you/s/he} fractured {your/his/her} hip the 2nd time?,Both males and females 20 YEARS - 150 YEARS,nan,,
47,OSD030ab,80,80 Or Older,How old {were you/was SP} when {you/s/he} fractured {your/his/her} hip the 2nd time?,Both males and females 20 YEARS - 150 YEARS,nan,,
48,OSD030ab,77777,Refused,How old {were you/was SP} when {you/s/he} fractured {your/his/her} hip the 2nd time?,Both males and females 20 YEARS - 150 YEARS,nan,,
49,OSD030ab,99999,Don'T Know,How old {were you/was SP} when {you/s/he} fractured {your/his/her} hip the 2nd time?,Both males and females 20 YEARS - 150 YEARS,nan,,
50,OSD030ab,.,Missing,How old {were you/was SP} when {you/s/he} fractured {your/his/her} hip the 2nd time?,Both males and females 20 YEARS - 150 YEARS,nan,,
51,OSQ040ab,1,"Under 50 Years Old, Or",{Were you/Was SP} . . .,Both males and females 20 YEARS - 150 YEARS,nan,,
52,OSQ040ab,2,50 Years Old Or Older?,{Were you/Was SP} . . .,Both males and females 20 YEARS - 150 YEARS,nan,,
53,OSQ040ab,7,Refused,{Were you/Was SP} . . .,Both males and females 20 YEARS - 150 YEARS,nan,,
54,OSQ040ab,9,Don'T Know,{Were you/Was SP} . . .,Both males and females 20 YEARS - 150 YEARS,nan,,
55,OSQ040ab,.,Missing,{Were you/Was SP} . . .,Both males and females 20 YEARS - 150 YEARS,nan,,
56,OSD050ab,1,"A Fall From Standing Height Or Less, For Example, Tripped, Slipped, Fell Out Of Bed",Did that fracture occur as a result of . . .,Both males and females 50 YEARS - 150 YEARS,nan,,
57,OSD050ab,2,"A Hard Fall, Such As Falling Off A Ladder Or Step Stool, Down Stairs",Did that fracture occur as a result of . . .,Both males and females 50 YEARS - 150 YEARS,nan,,
58,OSD050ab,3,A Car Accident Or Other Severe Trauma,Did that fracture occur as a result of . . .,Both males and females 50 YEARS - 150 YEARS,nan,,
59,OSD050ab,7,Refused,Did that fracture occur as a result of . . .,Both males and females 50 YEARS - 150 YEARS,nan,,
60,OSD050ab,9,Don'T Know,Did that fracture occur as a result of . . .,Both males and females 50 YEARS - 150 YEARS,nan,,
61,OSD050ab,.,Missing,Did that fracture occur as a result of . . .,Both males and females 50 YEARS - 150 YEARS,nan,,
62,OSD030ac,73,73,How old {were you/was SP} when {you/s/he} fractured {your/his/her} hip the 3rd time?,Both males and females 20 YEARS - 150 YEARS,nan,,
63,OSD030ac,80,80 Or Older,How old {were you/was SP} when {you/s/he} fractured {your/his/her} hip the 3rd time?,Both males and females 20 YEARS - 150 YEARS,nan,,
64,OSD030ac,77777,Refused,How old {were you/was SP} when {you/s/he} fractured {your/his/her} hip the 3rd time?,Both males and females 20 YEARS - 150 YEARS,nan,,
65,OSD030ac,99999,Don'T Know,How old {were you/was SP} when {you/s/he} fractured {your/his/her} hip the 3rd time?,Both males and females 20 YEARS - 150 YEARS,nan,,
66,OSD030ac,.,Missing,How old {were you/was SP} when {you/s/he} fractured {your/his/her} hip the 3rd time?,Both males and females 20 YEARS - 150 YEARS,nan,,
67,OSQ040ac,1,"Under 50 Years Old, Or",{Were you/Was SP} . . .,Both males and females 20 YEARS - 150 YEARS,nan,,
68,OSQ040ac,2,50 Years Old Or Older?,{Were you/Was SP} . . .,Both males and females 20 YEARS - 150 YEARS,nan,,
69,OSQ040ac,7,Refused,{Were you/Was SP} . . .,Both males and females 20 YEARS - 150 YEARS,nan,,
70,OSQ040ac,9,Don'T Know,{Were you/Was SP} . . .,Both males and females 20 YEARS - 150 YEARS,nan,,
71,OSQ040ac,.,Missing,{Were you/Was SP} . . .,Both males and females 20 YEARS - 150 YEARS,nan,,
72,OSD050ac,1,"A Fall From Standing Height Or Less, For Example, Tripped, Slipped, Fell Out Of Bed",Did that fracture occur . . .,Both males and females 50 YEARS - 150 YEARS,nan,,
73,OSD050ac,2,"A Hard Fall, Such As Falling Off A Ladder Or Step Stool, Down Stairs",Did that fracture occur . . .,Both males and females 50 YEARS - 150 YEARS,nan,,
74,OSD050ac,3,A Car Accident Or Other Severe Trauma,Did that fracture occur . . .,Both males and females 50 YEARS - 150 YEARS,nan,,
75,OSD050ac,7,Refused,Did that fracture occur . . .,Both males and females 50 YEARS - 150 YEARS,nan,,
76,OSD050ac,9,Don'T Know,Did that fracture occur . . .,Both males and females 50 YEARS - 150 YEARS,nan,,
77,OSD050ac,.,Missing,Did that fracture occur . . .,Both males and females 50 YEARS - 150 YEARS,nan,,
78,OSD030ad,73,73,How old {were you/was SP} when {you/s/he} fractured {your/his/her} hipe the 4th time?,Both males and females 20 YEARS - 150 YEARS,nan,,
79,OSD030ad,80,80 Or Older,How old {were you/was SP} when {you/s/he} fractured {your/his/her} hipe the 4th time?,Both males and females 20 YEARS - 150 YEARS,nan,,
80,OSD030ad,77777,Refused,How old {were you/was SP} when {you/s/he} fractured {your/his/her} hipe the 4th time?,Both males and females 20 YEARS - 150 YEARS,nan,,
81,OSD030ad,99999,Don'T Know,How old {were you/was SP} when {you/s/he} fractured {your/his/her} hipe the 4th time?,Both males and females 20 YEARS - 150 YEARS,nan,,
82,OSD030ad,.,Missing,How old {were you/was SP} when {you/s/he} fractured {your/his/her} hipe the 4th time?,Both males and females 20 YEARS - 150 YEARS,nan,,
83,OSQ040ad,1,"Under 50 Years Old, Or",{Were you/Was SP} . . .,Both males and females 20 YEARS - 150 YEARS,nan,,
84,OSQ040ad,2,50 Years Old Or Older?,{Were you/Was SP} . . .,Both males and females 20 YEARS - 150 YEARS,nan,,
85,OSQ040ad,7,Refused,{Were you/Was SP} . . .,Both males and females 20 YEARS - 150 YEARS,nan,,
86,OSQ040ad,9,Don'T Know,{Were you/Was SP} . . .,Both males and females 20 YEARS - 150 YEARS,nan,,
87,OSQ040ad,.,Missing,{Were you/Was SP} . . .,Both males and females 20 YEARS - 150 YEARS,nan,,
88,OSD050ad,1,"A Fall From Standing Height Or Less, For Example, Tripped, Slipped, Fell Out Of Bed",Did that fracture occur as a result of . . .,Both males and females 50 YEARS - 150 YEARS,nan,,
89,OSD050ad,2,"A Hard Fall, Such As Falling Off A Ladder Or Step Stool, Down Stairs",Did that fracture occur as a result of . . .,Both males and females 50 YEARS - 150 YEARS,nan,,
90,OSD050ad,3,A Car Accident Or Other Severe Trauma,Did that fracture occur as a result of . . .,Both males and females 50 YEARS - 150 YEARS,nan,,
91,OSD050ad,7,Refused,Did that fracture occur as a result of . . .,Both males and females 50 YEARS - 150 YEARS,nan,,
92,OSD050ad,9,Don'T Know,Did that fracture occur as a result of . . .,Both males and females 50 YEARS - 150 YEARS,nan,,
93,OSD050ad,.,Missing,Did that fracture occur as a result of . . .,Both males and females 50 YEARS - 150 YEARS,nan,,
94,OSD030ae,74,74,How old {were you/was SP} when {you/s/he} fractured {your/his/her} hip the 5th time?,Both males and females 20 YEARS - 150 YEARS,nan,,
95,OSD030ae,80,80 Or Older,How old {were you/was SP} when {you/s/he} fractured {your/his/her} hip the 5th time?,Both males and females 20 YEARS - 150 YEARS,nan,,
96,OSD030ae,77777,Refused,How old {were you/was SP} when {you/s/he} fractured {your/his/her} hip the 5th time?,Both males and females 20 YEARS - 150 YEARS,nan,,
97,OSD030ae,99999,Don'T Know,How old {were you/was SP} when {you/s/he} fractured {your/his/her} hip the 5th time?,Both males and females 20 YEARS - 150 YEARS,nan,,
98,OSD030ae,.,Missing,How old {were you/was SP} when {you/s/he} fractured {your/his/her} hip the 5th time?,Both males and females 20 YEARS - 150 YEARS,nan,,
99,OSQ040ae,1,"Under 50 Years Old, Or",{Were you/Was SP} . . .,Both males and females 20 YEARS - 150 YEARS,nan,,
100,OSQ040ae,2,50 Years Old Or Older?,{Were you/Was SP} . . .,Both males and females 20 YEARS - 150 YEARS,nan,,
101,OSQ040ae,7,Refused,{Were you/Was SP} . . .,Both males and females 20 YEARS - 150 YEARS,nan,,
102,OSQ040ae,9,Don'T Know,{Were you/Was SP} . . .,Both males and females 20 YEARS - 150 YEARS,nan,,
103,OSQ040ae,.,Missing,{Were you/Was SP} . . .,Both males and females 20 YEARS - 150 YEARS,nan,,
104,OSD050ae,1,"A Fall From Standing Height Or Less, For Example, Tripped, Slipped, Fell Out Of Bed",Did that fracture occur . . .,Both males and females 50 YEARS - 150 YEARS,nan,,
105,OSD050ae,2,"A Hard Fall, Such As Falling Off A Ladder Or Step Stool, Down Stairs",Did that fracture occur . . .,Both males and females 50 YEARS - 150 YEARS,nan,,
106,OSD050ae,3,A Car Accident Or Other Severe Trauma,Did that fracture occur . . .,Both males and females 50 YEARS - 150 YEARS,nan,,
107,OSD050ae,7,Refused,Did that fracture occur . . .,Both males and females 50 YEARS - 150 YEARS,nan,,
108,OSD050ae,9,Don'T Know,Did that fracture occur . . .,Both males and females 50 YEARS - 150 YEARS,nan,,
109,OSD050ae,.,Missing,Did that fracture occur . . .,Both males and females 50 YEARS - 150 YEARS,nan,,
110,OSD030ba,1 To 79,Range Of Values,How old {were you/was SP} when {you/s/he} fractured {your/his/her} wrist the 1st time?,Both males and females 20 YEARS - 150 YEARS,nan,,
111,OSD030ba,80,80 Or Older,How old {were you/was SP} when {you/s/he} fractured {your/his/her} wrist the 1st time?,Both males and females 20 YEARS - 150 YEARS,nan,,
112,OSD030ba,77777,Refused,How old {were you/was SP} when {you/s/he} fractured {your/his/her} wrist the 1st time?,Both males and females 20 YEARS - 150 YEARS,nan,,
113,OSD030ba,99999,Don'T Know,How old {were you/was SP} when {you/s/he} fractured {your/his/her} wrist the 1st time?,Both males and females 20 YEARS - 150 YEARS,nan,,
114,OSD030ba,.,Missing,How old {were you/was SP} when {you/s/he} fractured {your/his/her} wrist the 1st time?,Both males and females 20 YEARS - 150 YEARS,nan,,
115,OSQ040ba,1,"Under 50 Years Old, Or",{Were you/Was SP} . . .,Both males and females 20 YEARS - 150 YEARS,nan,,
116,OSQ040ba,2,50 Years Old Or Older?,{Were you/Was SP} . . .,Both males and females 20 YEARS - 150 YEARS,nan,,
117,OSQ040ba,7,Refused,{Were you/Was SP} . . .,Both males and females 20 YEARS - 150 YEARS,nan,,
118,OSQ040ba,9,Don'T Know,{Were you/Was SP} . . .,Both males and females 20 YEARS - 150 YEARS,nan,,
119,OSQ040ba,.,Missing,{Were you/Was SP} . . .,Both males and females 20 YEARS - 150 YEARS,nan,,
120,OSD050ba,1,"A Fall From Standing Height Or Less, For Example, Tripped, Slipped, Fell Out Of Bed",Did that fracture occur as a result of. . .,Both males and females 50 YEARS - 150 YEARS,nan,,
121,OSD050ba,2,"A Hard Fall, Such As Falling Off A Ladder Or Step Stool, Down Stairs",Did that fracture occur as a result of. . .,Both males and females 50 YEARS - 150 YEARS,nan,,
122,OSD050ba,3,A Car Accident Or Other Severe Trauma,Did that fracture occur as a result of. . .,Both males and females 50 YEARS - 150 YEARS,nan,,
123,OSD050ba,7,Refused,Did that fracture occur as a result of. . .,Both males and females 50 YEARS - 150 YEARS,nan,,
124,OSD050ba,9,Don'T Know,Did that fracture occur as a result of. . .,Both males and females 50 YEARS - 150 YEARS,nan,,
125,OSD050ba,.,Missing,Did that fracture occur as a result of. . .,Both males and females 50 YEARS - 150 YEARS,nan,,
126,OSD030bb,6 To 65,Range Of Values,How old {were you/was SP} when {you/s/he} fractured {your/his/her} wrist 2nd time?,Both males and females 20 YEARS - 150 YEARS,nan,,
127,OSD030bb,80,80 Or Older,How old {were you/was SP} when {you/s/he} fractured {your/his/her} wrist 2nd time?,Both males and females 20 YEARS - 150 YEARS,nan,,
128,OSD030bb,77777,Refused,How old {were you/was SP} when {you/s/he} fractured {your/his/her} wrist 2nd time?,Both males and females 20 YEARS - 150 YEARS,nan,,
129,OSD030bb,99999,Don'T Know,How old {were you/was SP} when {you/s/he} fractured {your/his/her} wrist 2nd time?,Both males and females 20 YEARS - 150 YEARS,nan,,
130,OSD030bb,.,Missing,How old {were you/was SP} when {you/s/he} fractured {your/his/her} wrist 2nd time?,Both males and females 20 YEARS - 150 YEARS,nan,,
131,OSQ040bb,1,"Under 50 Years Old, Or",{Were you/Was SP} . . .,Both males and females 20 YEARS - 150 YEARS,nan,,
132,OSQ040bb,2,50 Years Old Or Older?,{Were you/Was SP} . . .,Both males and females 20 YEARS - 150 YEARS,nan,,
133,OSQ040bb,7,Refused,{Were you/Was SP} . . .,Both males and females 20 YEARS - 150 YEARS,nan,,
134,OSQ040bb,9,Don'T Know,{Were you/Was SP} . . .,Both males and females 20 YEARS - 150 YEARS,nan,,
135,OSQ040bb,.,Missing,{Were you/Was SP} . . .,Both males and females 20 YEARS - 150 YEARS,nan,,
136,OSD050bb,1,"A Fall From Standing Height Or Less, For Example, Tripped, Slipped, Fell Out Of Bed",Did that fracture occur as a result of . . .,Both males and females 50 YEARS - 150 YEARS,nan,,
137,OSD050bb,2,"A Hard Fall, Such As Falling Off A Ladder Or Step Stool, Down Stairs",Did that fracture occur as a result of . . .,Both males and females 50 YEARS - 150 YEARS,nan,,
138,OSD050bb,3,A Car Accident Or Other Severe Trauma,Did that fracture occur as a result of . . .,Both males and females 50 YEARS - 150 YEARS,nan,,
139,OSD050bb,7,Refused,Did that fracture occur as a result of . . .,Both males and females 50 YEARS - 150 YEARS,nan,,
140,OSD050bb,9,Don'T Know,Did that fracture occur as a result of . . .,Both males and females 50 YEARS - 150 YEARS,nan,,
141,OSD050bb,.,Missing,Did that fracture occur as a result of . . .,Both males and females 50 YEARS - 150 YEARS,nan,,
142,OSD030bc,8 To 59,Range Of Values,How old {were you/was SP} when {you/s/he} fractured {your/his/her} wrist the 3rd time?,Both males and females 20 YEARS - 150 YEARS,nan,,
143,OSD030bc,80,80 Or Older,How old {were you/was SP} when {you/s/he} fractured {your/his/her} wrist the 3rd time?,Both males and females 20 YEARS - 150 YEARS,nan,,
144,OSD030bc,77777,Refused,How old {were you/was SP} when {you/s/he} fractured {your/his/her} wrist the 3rd time?,Both males and females 20 YEARS - 150 YEARS,nan,,
145,OSD030bc,99999,Don'T Know,How old {were you/was SP} when {you/s/he} fractured {your/his/her} wrist the 3rd time?,Both males and females 20 YEARS - 150 YEARS,nan,,
146,OSD030bc,.,Missing,How old {were you/was SP} when {you/s/he} fractured {your/his/her} wrist the 3rd time?,Both males and females 20 YEARS - 150 YEARS,nan,,
147,OSQ040bc,1,"Under 50 Years Old, Or",{Were you/Was SP} . . .,Both males and females 20 YEARS - 150 YEARS,nan,,
148,OSQ040bc,2,50 Years Old Or Older?,{Were you/Was SP} . . .,Both males and females 20 YEARS - 150 YEARS,nan,,
149,OSQ040bc,7,Refused,{Were you/Was SP} . . .,Both males and females 20 YEARS - 150 YEARS,nan,,
150,OSQ040bc,9,Don'T Know,{Were you/Was SP} . . .,Both males and females 20 YEARS - 150 YEARS,nan,,
151,OSQ040bc,.,Missing,{Were you/Was SP} . . .,Both males and females 20 YEARS - 150 YEARS,nan,,
152,OSD050bc,1,"A Fall From Standing Height Or Less, For Example, Tripped, Slipped, Fell Out Of Bed",Did that fracture occur as a result of . . .,Both males and females 50 YEARS - 150 YEARS,nan,,
153,OSD050bc,2,"A Hard Fall, Such As Falling Off A Ladder Or Step Stool, Down Stairs",Did that fracture occur as a result of . . .,Both males and females 50 YEARS - 150 YEARS,nan,,
154,OSD050bc,3,A Car Accident Or Other Severe Trauma,Did that fracture occur as a result of . . .,Both males and females 50 YEARS - 150 YEARS,nan,,
155,OSD050bc,7,Refused,Did that fracture occur as a result of . . .,Both males and females 50 YEARS - 150 YEARS,nan,,
156,OSD050bc,9,Don'T Know,Did that fracture occur as a result of . . .,Both males and females 50 YEARS - 150 YEARS,nan,,
157,OSD050bc,.,Missing,Did that fracture occur as a result of . . .,Both males and females 50 YEARS - 150 YEARS,nan,,
158,OSD030bd,11 To 27,Range Of Values,How old {were you/was SP} when {you/s/he} fractured {your/his/her} wrist the 4th time?,Both males and females 20 YEARS - 150 YEARS,nan,,
159,OSD030bd,80,80 Or Older,How old {were you/was SP} when {you/s/he} fractured {your/his/her} wrist the 4th time?,Both males and females 20 YEARS - 150 YEARS,nan,,
160,OSD030bd,77777,Refused,How old {were you/was SP} when {you/s/he} fractured {your/his/her} wrist the 4th time?,Both males and females 20 YEARS - 150 YEARS,nan,,
161,OSD030bd,99999,Don'T Know,How old {were you/was SP} when {you/s/he} fractured {your/his/her} wrist the 4th time?,Both males and females 20 YEARS - 150 YEARS,nan,,
162,OSD030bd,.,Missing,How old {were you/was SP} when {you/s/he} fractured {your/his/her} wrist the 4th time?,Both males and females 20 YEARS - 150 YEARS,nan,,
163,OSQ040bd,1,"Under 50 Years Old, Or",{Were you/Was SP} . . .,Both males and females 20 YEARS - 150 YEARS,nan,,
164,OSQ040bd,2,50 Years Old Or Older?,{Were you/Was SP} . . .,Both males and females 20 YEARS - 150 YEARS,nan,,
165,OSQ040bd,7,Refused,{Were you/Was SP} . . .,Both males and females 20 YEARS - 150 YEARS,nan,,
166,OSQ040bd,9,Don'T Know,{Were you/Was SP} . . .,Both males and females 20 YEARS - 150 YEARS,nan,,
167,OSQ040bd,.,Missing,{Were you/Was SP} . . .,Both males and females 20 YEARS - 150 YEARS,nan,,
168,OSD030be,15 To 27,Range Of Values,How old {were you/was SP} when {you/s/he} fractured {your/his/her} wrist the 5th time?,Both males and females 20 YEARS - 150 YEARS,nan,,
169,OSD030be,80,80 Or Older,How old {were you/was SP} when {you/s/he} fractured {your/his/her} wrist the 5th time?,Both males and females 20 YEARS - 150 YEARS,nan,,
170,OSD030be,77777,Refused,How old {were you/was SP} when {you/s/he} fractured {your/his/her} wrist the 5th time?,Both males and females 20 YEARS - 150 YEARS,nan,,
171,OSD030be,99999,Don'T Know,How old {were you/was SP} when {you/s/he} fractured {your/his/her} wrist the 5th time?,Both males and females 20 YEARS - 150 YEARS,nan,,
172,OSD030be,.,Missing,How old {were you/was SP} when {you/s/he} fractured {your/his/her} wrist the 5th time?,Both males and females 20 YEARS - 150 YEARS,nan,,
173,OSQ040be,1,"Under 50 Years Old, Or",{Were you/Was SP} . . .,Both males and females 20 YEARS - 150 YEARS,nan,,
174,OSQ040be,2,50 Years Old Or Older?,{Were you/Was SP} . . .,Both males and females 20 YEARS - 150 YEARS,nan,,
175,OSQ040be,7,Refused,{Were you/Was SP} . . .,Both males and females 20 YEARS - 150 YEARS,nan,,
176,OSQ040be,9,Don'T Know,{Were you/Was SP} . . .,Both males and females 20 YEARS - 150 YEARS,nan,,
177,OSQ040be,.,Missing,{Were you/Was SP} . . .,Both males and females 20 YEARS - 150 YEARS,nan,,
178,OSD030bf,16 To 29,Range Of Values,How old {were you/was SP} when {you/s/he} fractured {your/his/her} wrist the 6th time?,Both males and females 20 YEARS - 150 YEARS,nan,,
179,OSD030bf,80,80 Or Older,How old {were you/was SP} when {you/s/he} fractured {your/his/her} wrist the 6th time?,Both males and females 20 YEARS - 150 YEARS,nan,,
180,OSD030bf,77777,Refused,How old {were you/was SP} when {you/s/he} fractured {your/his/her} wrist the 6th time?,Both males and females 20 YEARS - 150 YEARS,nan,,
181,OSD030bf,99999,Don'T Know,How old {were you/was SP} when {you/s/he} fractured {your/his/her} wrist the 6th time?,Both males and females 20 YEARS - 150 YEARS,nan,,
182,OSD030bf,.,Missing,How old {were you/was SP} when {you/s/he} fractured {your/his/her} wrist the 6th time?,Both males and females 20 YEARS - 150 YEARS,nan,,
183,OSQ040bf,1,"Under 50 Years Old, Or",{Were you/Was SP} . . .,Both males and females 20 YEARS - 150 YEARS,nan,,
184,OSQ040bf,2,50 Years Old Or Older?,{Were you/Was SP} . . .,Both males and females 20 YEARS - 150 YEARS,nan,,
185,OSQ040bf,7,Refused,{Were you/Was SP} . . .,Both males and females 20 YEARS - 150 YEARS,nan,,
186,OSQ040bf,9,Don'T Know,{Were you/Was SP} . . .,Both males and females 20 YEARS - 150 YEARS,nan,,
187,OSQ040bf,.,Missing,{Were you/Was SP} . . .,Both males and females 20 YEARS - 150 YEARS,nan,,
188,OSD030bg,21 To 31,Range Of Values,How old {were you/was SP} when {you/s/he} fractured {your/his/her} wrist the 7th time?,Both males and females 20 YEARS - 150 YEARS,nan,,
189,OSD030bg,80,80 Or Older,How old {were you/was SP} when {you/s/he} fractured {your/his/her} wrist the 7th time?,Both males and females 20 YEARS - 150 YEARS,nan,,
190,OSD030bg,77777,Refused,How old {were you/was SP} when {you/s/he} fractured {your/his/her} wrist the 7th time?,Both males and females 20 YEARS - 150 YEARS,nan,,
191,OSD030bg,99999,Don'T Know,How old {were you/was SP} when {you/s/he} fractured {your/his/her} wrist the 7th time?,Both males and females 20 YEARS - 150 YEARS,nan,,
192,OSD030bg,.,Missing,How old {were you/was SP} when {you/s/he} fractured {your/his/her} wrist the 7th time?,Both males and females 20 YEARS - 150 YEARS,nan,,
193,OSQ040bg,1,"Under 50 Years Old, Or",{Were you/Was SP} . . .,Both males and females 20 YEARS - 150 YEARS,nan,,
194,OSQ040bg,2,50 Years Old Or Older?,{Were you/Was SP} . . .,Both males and females 20 YEARS - 150 YEARS,nan,,
195,OSQ040bg,7,Refused,{Were you/Was SP} . . .,Both males and females 20 YEARS - 150 YEARS,nan,,
196,OSQ040bg,9,Don'T Know,{Were you/Was SP} . . .,Both males and females 20 YEARS - 150 YEARS,nan,,
197,OSQ040bg,.,Missing,{Were you/Was SP} . . .,Both males and females 20 YEARS - 150 YEARS,nan,,
198,OSD030ca,1 To 79,Range Of Values,How old {were you/was SP} when {you/s/he} fractured {your/his/her} spine the 1st time?,Both males and females 20 YEARS - 150 YEARS,nan,,
199,OSD030ca,80,80 Or Older,How old {were you/was SP} when {you/s/he} fractured {your/his/her} spine the 1st time?,Both males and females 20 YEARS - 150 YEARS,nan,,
200,OSD030ca,77777,Refused,How old {were you/was SP} when {you/s/he} fractured {your/his/her} spine the 1st time?,Both males and females 20 YEARS - 150 YEARS,nan,,
201,OSD030ca,99999,Don'T Know,How old {were you/was SP} when {you/s/he} fractured {your/his/her} spine the 1st time?,Both males and females 20 YEARS - 150 YEARS,nan,,
202,OSD030ca,.,Missing,How old {were you/was SP} when {you/s/he} fractured {your/his/her} spine the 1st time?,Both males and females 20 YEARS - 150 YEARS,nan,,
203,OSQ040ca,1,"Under 50 Years Old, Or",{Were you/Was SP} . . .,Both males and females 20 YEARS - 150 YEARS,nan,,
204,OSQ040ca,2,50 Years Old Or Older?,{Were you/Was SP} . . .,Both males and females 20 YEARS - 150 YEARS,nan,,
205,OSQ040ca,7,Refused,{Were you/Was SP} . . .,Both males and females 20 YEARS - 150 YEARS,nan,,
206,OSQ040ca,9,Don'T Know,{Were you/Was SP} . . .,Both males and females 20 YEARS - 150 YEARS,nan,,
207,OSQ040ca,.,Missing,{Were you/Was SP} . . .,Both males and females 20 YEARS - 150 YEARS,nan,,
208,OSD050ca,3,A Car Accident Or Other Severe Trauma,Did that fracture occur as a result of . . .,Both males and females 50 YEARS - 150 YEARS,nan,,
209,OSD050ca,7,Refused,Did that fracture occur as a result of . . .,Both males and females 50 YEARS - 150 YEARS,nan,,
210,OSD050ca,9,Don'T Know,Did that fracture occur as a result of . . .,Both males and females 50 YEARS - 150 YEARS,nan,,
211,OSD050ca,.,Missing,Did that fracture occur as a result of . . .,Both males and females 50 YEARS - 150 YEARS,nan,,
212,OSD050ca,1,"A Fall From Standing Height Or Less, For Example, Tripped, Slipped, Fell Out Of Bed",Did that fracture occur as a result of . . .,Both males and females 50 YEARS - 150 YEARS,nan,,
213,OSD050ca,2,"A Hard Fall, Such As Falling Off A Ladder Or Step Stool, Down Stairs",Did that fracture occur as a result of . . .,Both males and females 50 YEARS - 150 YEARS,nan,,
214,OSD030cb,16 To 66,Range Of Values,How old {were you/was SP} when {you/s/he} fractured {your/his/her} spine the 2nd time?,Both males and females 20 YEARS - 150 YEARS,nan,,
215,OSD030cb,80,80 Or Older,How old {were you/was SP} when {you/s/he} fractured {your/his/her} spine the 2nd time?,Both males and females 20 YEARS - 150 YEARS,nan,,
216,OSD030cb,77777,Refused,How old {were you/was SP} when {you/s/he} fractured {your/his/her} spine the 2nd time?,Both males and females 20 YEARS - 150 YEARS,nan,,
217,OSD030cb,99999,Don'T Know,How old {were you/was SP} when {you/s/he} fractured {your/his/her} spine the 2nd time?,Both males and females 20 YEARS - 150 YEARS,nan,,
218,OSD030cb,.,Missing,How old {were you/was SP} when {you/s/he} fractured {your/his/her} spine the 2nd time?,Both males and females 20 YEARS - 150 YEARS,nan,,
219,OSQ040cb,1,"Under 50 Years Old, Or",{Were you/Was SP} . . .,Both males and females 20 YEARS - 150 YEARS,nan,,
220,OSQ040cb,2,50 Years Old Or Older?,{Were you/Was SP} . . .,Both males and females 20 YEARS - 150 YEARS,nan,,
221,OSQ040cb,7,Refused,{Were you/Was SP} . . .,Both males and females 20 YEARS - 150 YEARS,nan,,
222,OSQ040cb,9,Don'T Know,{Were you/Was SP} . . .,Both males and females 20 YEARS - 150 YEARS,nan,,
223,OSQ040cb,.,Missing,{Were you/Was SP} . . .,Both males and females 20 YEARS - 150 YEARS,nan,,
224,OSD050cb,1,"A Fall From Standing Height Or Less, For Example, Tripped, Slipped, Fell Out Of Bed",Did that fracture occur as a result of . . .,Both males and females 50 YEARS - 150 YEARS,nan,,
225,OSD050cb,2,"A Hard Fall, Such As Falling Off A Ladder Or Step Stool, Down Stairs",Did that fracture occur as a result of . . .,Both males and females 50 YEARS - 150 YEARS,nan,,
226,OSD050cb,3,A Car Accident Or Other Severe Trauma,Did that fracture occur as a result of . . .,Both males and females 50 YEARS - 150 YEARS,nan,,
227,OSD050cb,7,Refused,Did that fracture occur as a result of . . .,Both males and females 50 YEARS - 150 YEARS,nan,,
228,OSD050cb,9,Don'T Know,Did that fracture occur as a result of . . .,Both males and females 50 YEARS - 150 YEARS,nan,,
229,OSD050cb,.,Missing,Did that fracture occur as a result of . . .,Both males and females 50 YEARS - 150 YEARS,nan,,
230,OSD030cc,30 To 53,Range Of Values,How old {were you/was SP} when {you/s/he} fractured {your/his/her} spine the 3rd time?,Both males and females 20 YEARS - 150 YEARS,nan,,
231,OSD030cc,80,80 Or Older,How old {were you/was SP} when {you/s/he} fractured {your/his/her} spine the 3rd time?,Both males and females 20 YEARS - 150 YEARS,nan,,
232,OSD030cc,77777,Refused,How old {were you/was SP} when {you/s/he} fractured {your/his/her} spine the 3rd time?,Both males and females 20 YEARS - 150 YEARS,nan,,
233,OSD030cc,99999,Don'T Know,How old {were you/was SP} when {you/s/he} fractured {your/his/her} spine the 3rd time?,Both males and females 20 YEARS - 150 YEARS,nan,,
234,OSD030cc,.,Missing,How old {were you/was SP} when {you/s/he} fractured {your/his/her} spine the 3rd time?,Both males and females 20 YEARS - 150 YEARS,nan,,
235,OSQ040cc,1,"Under 50 Years Old, Or",{Were you/Was SP} . . .,Both males and females 20 YEARS - 150 YEARS,nan,,
236,OSQ040cc,2,50 Years Old Or Older?,{Were you/Was SP} . . .,Both males and females 20 YEARS - 150 YEARS,nan,,
237,OSQ040cc,7,Refused,{Were you/Was SP} . . .,Both males and females 20 YEARS - 150 YEARS,nan,,
238,OSQ040cc,9,Don'T Know,{Were you/Was SP} . . .,Both males and females 20 YEARS - 150 YEARS,nan,,
239,OSQ040cc,.,Missing,{Were you/Was SP} . . .,Both males and females 20 YEARS - 150 YEARS,nan,,
240,OSD050cc,1,"A Fall From Standing Height Or Less, For Example, Tripped, Slipped, Fell Out Of Bed",Did that fracture occur as a result of . . .,Both males and females 50 YEARS - 150 YEARS,nan,,
241,OSD050cc,2,"A Hard Fall, Such As Falling Off A Ladder Or Step Stool, Down Stairs",Did that fracture occur as a result of . . .,Both males and females 50 YEARS - 150 YEARS,nan,,
242,OSD050cc,3,A Car Accident Or Other Severe Trauma,Did that fracture occur as a result of . . .,Both males and females 50 YEARS - 150 YEARS,nan,,
243,OSD050cc,7,Refused,Did that fracture occur as a result of . . .,Both males and females 50 YEARS - 150 YEARS,nan,,
244,OSD050cc,9,Don'T Know,Did that fracture occur as a result of . . .,Both males and females 50 YEARS - 150 YEARS,nan,,
245,OSD050cc,.,Missing,Did that fracture occur as a result of . . .,Both males and females 50 YEARS - 150 YEARS,nan,,
246,OSD030cd,59,59,How old {were you/was SP} when {you/s/he} fractured {your/his/her} spine the 4th time?,Both males and females 20 YEARS - 150 YEARS,nan,,
247,OSD030cd,80,80 Or Older,How old {were you/was SP} when {you/s/he} fractured {your/his/her} spine the 4th time?,Both males and females 20 YEARS - 150 YEARS,nan,,
248,OSD030cd,77777,Refused,How old {were you/was SP} when {you/s/he} fractured {your/his/her} spine the 4th time?,Both males and females 20 YEARS - 150 YEARS,nan,,
249,OSD030cd,99999,Don'T Know,How old {were you/was SP} when {you/s/he} fractured {your/his/her} spine the 4th time?,Both males and females 20 YEARS - 150 YEARS,nan,,
250,OSD030cd,.,Missing,How old {were you/was SP} when {you/s/he} fractured {your/his/her} spine the 4th time?,Both males and females 20 YEARS - 150 YEARS,nan,,
251,OSQ040cd,1,"Under 50 Years Old, Or",{Were you/Was SP} . . .,Both males and females 20 YEARS - 150 YEARS,nan,,
252,OSQ040cd,2,50 Years Old Or Older?,{Were you/Was SP} . . .,Both males and females 20 YEARS - 150 YEARS,nan,,
253,OSQ040cd,7,Refused,{Were you/Was SP} . . .,Both males and females 20 YEARS - 150 YEARS,nan,,
254,OSQ040cd,9,Don'T Know,{Were you/Was SP} . . .,Both males and females 20 YEARS - 150 YEARS,nan,,
255,OSQ040cd,.,Missing,{Were you/Was SP} . . .,Both males and females 20 YEARS - 150 YEARS,nan,,
256,OSD050cd,1,"A Fall From Standing Height Or Less, For Example, Tripped, Slipped, Fell Out Of Bed",Did that fracture occur as a result of . . .,Both males and females 50 YEARS - 150 YEARS,nan,,
257,OSD050cd,2,"A Hard Fall, Such As Falling Off A Ladder Or Step Stool, Down Stairs",Did that fracture occur as a result of . . .,Both males and females 50 YEARS - 150 YEARS,nan,,
258,OSD050cd,3,A Car Accident Or Other Severe Trauma,Did that fracture occur as a result of . . .,Both males and females 50 YEARS - 150 YEARS,nan,,
259,OSD050cd,7,Refused,Did that fracture occur as a result of . . .,Both males and females 50 YEARS - 150 YEARS,nan,,
260,OSD050cd,9,Don'T Know,Did that fracture occur as a result of . . .,Both males and females 50 YEARS - 150 YEARS,nan,,
261,OSD050cd,.,Missing,Did that fracture occur as a result of . . .,Both males and females 50 YEARS - 150 YEARS,nan,,
262,OSD030ce,65,65,How old {were you/was SP} when {you/s/he} fractured {your/his/her} spine the 5th time?,Both males and females 20 YEARS - 150 YEARS,nan,,
263,OSD030ce,80,80 Or Older,How old {were you/was SP} when {you/s/he} fractured {your/his/her} spine the 5th time?,Both males and females 20 YEARS - 150 YEARS,nan,,
264,OSD030ce,77777,Refused,How old {were you/was SP} when {you/s/he} fractured {your/his/her} spine the 5th time?,Both males and females 20 YEARS - 150 YEARS,nan,,
265,OSD030ce,99999,Don'T Know,How old {were you/was SP} when {you/s/he} fractured {your/his/her} spine the 5th time?,Both males and females 20 YEARS - 150 YEARS,nan,,
266,OSD030ce,.,Missing,How old {were you/was SP} when {you/s/he} fractured {your/his/her} spine the 5th time?,Both males and females 20 YEARS - 150 YEARS,nan,,
267,OSQ040ce,1,"Under 50 Years Old, Or",{Were you/Was SP} . . .,Both males and females 20 YEARS - 150 YEARS,nan,,
268,OSQ040ce,2,50 Years Old Or Older?,{Were you/Was SP} . . .,Both males and females 20 YEARS - 150 YEARS,nan,,
269,OSQ040ce,7,Refused,{Were you/Was SP} . . .,Both males and females 20 YEARS - 150 YEARS,nan,,
270,OSQ040ce,9,Don'T Know,{Were you/Was SP} . . .,Both males and females 20 YEARS - 150 YEARS,nan,,
271,OSQ040ce,.,Missing,{Were you/Was SP} . . .,Both males and females 20 YEARS - 150 YEARS,nan,,
272,OSD050ce,1,"A Fall From Standing Height Or Less, For Example, Tripped, Slipped, Fell Out Of Bed",Did that fracture occur as a result of . . .,Both males and females 50 YEARS - 150 YEARS,nan,,
273,OSD050ce,2,"A Hard Fall, Such As Falling Off A Ladder Or Step Stool, Down Stairs",Did that fracture occur as a result of . . .,Both males and females 50 YEARS - 150 YEARS,nan,,
274,OSD050ce,3,A Car Accident Or Other Severe Trauma,Did that fracture occur as a result of . . .,Both males and females 50 YEARS - 150 YEARS,nan,,
275,OSD050ce,7,Refused,Did that fracture occur as a result of . . .,Both males and females 50 YEARS - 150 YEARS,nan,,
276,OSD050ce,9,Don'T Know,Did that fracture occur as a result of . . .,Both males and females 50 YEARS - 150 YEARS,nan,,
277,OSD050ce,.,Missing,Did that fracture occur as a result of . . .,Both males and females 50 YEARS - 150 YEARS,nan,,
278,OSQ080,1,Yes,Has a doctor ever told {you/SP} that {you/s/he} had broken or fractured any other bone after {you were/s/he was} 20 years of age?,Both males and females 20 YEARS - 150 YEARS,nan,,
279,OSQ080,2,No,Has a doctor ever told {you/SP} that {you/s/he} had broken or fractured any other bone after {you were/s/he was} 20 years of age?,Both males and females 20 YEARS - 150 YEARS,nan,,
280,OSQ080,7,Refused,Has a doctor ever told {you/SP} that {you/s/he} had broken or fractured any other bone after {you were/s/he was} 20 years of age?,Both males and females 20 YEARS - 150 YEARS,nan,,
281,OSQ080,9,Don'T Know,Has a doctor ever told {you/SP} that {you/s/he} had broken or fractured any other bone after {you were/s/he was} 20 years of age?,Both males and females 20 YEARS - 150 YEARS,nan,,
282,OSQ080,.,Missing,Has a doctor ever told {you/SP} that {you/s/he} had broken or fractured any other bone after {you were/s/he was} 20 years of age?,Both males and females 20 YEARS - 150 YEARS,nan,,
283,OSQ090a,1,Yes,Was this fracture the result of severe trauma such as a car accident being struck by a vehicle a physical attack or a hard fall such as falling off a ladder or down stairs?,Both males and females 20 YEARS - 150 YEARS,nan,,
284,OSQ090a,2,No,Was this fracture the result of severe trauma such as a car accident being struck by a vehicle a physical attack or a hard fall such as falling off a ladder or down stairs?,Both males and females 20 YEARS - 150 YEARS,nan,,
285,OSQ090a,7,Refused,Was this fracture the result of severe trauma such as a car accident being struck by a vehicle a physical attack or a hard fall such as falling off a ladder or down stairs?,Both males and females 20 YEARS - 150 YEARS,nan,,
286,OSQ090a,9,Don'T Know,Was this fracture the result of severe trauma such as a car accident being struck by a vehicle a physical attack or a hard fall such as falling off a ladder or down stairs?,Both males and females 20 YEARS - 150 YEARS,nan,,
287,OSQ090a,.,Missing,Was this fracture the result of severe trauma such as a car accident being struck by a vehicle a physical attack or a hard fall such as falling off a ladder or down stairs?,Both males and females 20 YEARS - 150 YEARS,nan,,
288,OSQ100a,10,Head/Face,Please look at this card and tell me where the fracture occurred.,Both males and females 20 YEARS - 150 YEARS,nan,,
289,OSQ100a,11,Upper Arm (Humerus),Please look at this card and tell me where the fracture occurred.,Both males and females 20 YEARS - 150 YEARS,nan,,
290,OSQ100a,12,Lower Arm Between Wrist And Elbow (Do Not Include Wrist),Please look at this card and tell me where the fracture occurred.,Both males and females 20 YEARS - 150 YEARS,nan,,
291,OSQ100a,13,Elbow,Please look at this card and tell me where the fracture occurred.,Both males and females 20 YEARS - 150 YEARS,nan,,
292,OSQ100a,14,Hand,Please look at this card and tell me where the fracture occurred.,Both males and females 20 YEARS - 150 YEARS,nan,,
293,OSQ100a,15,Fingers,Please look at this card and tell me where the fracture occurred.,Both males and females 20 YEARS - 150 YEARS,nan,,
294,OSQ100a,16,Shoulder,Please look at this card and tell me where the fracture occurred.,Both males and females 20 YEARS - 150 YEARS,nan,,
295,OSQ100a,17,Collar Bone,Please look at this card and tell me where the fracture occurred.,Both males and females 20 YEARS - 150 YEARS,nan,,
296,OSQ100a,18,Ribs (Either Side),Please look at this card and tell me where the fracture occurred.,Both males and females 20 YEARS - 150 YEARS,nan,,
297,OSQ100a,19,Pelvis (Not Hip),Please look at this card and tell me where the fracture occurred.,Both males and females 20 YEARS - 150 YEARS,nan,,
298,OSQ100a,20,Upper Leg (Thigh Excluding Hip),Please look at this card and tell me where the fracture occurred.,Both males and females 20 YEARS - 150 YEARS,nan,,
299,OSQ100a,21,Lower Leg (Between Ankle And Knee),Please look at this card and tell me where the fracture occurred.,Both males and females 20 YEARS - 150 YEARS,nan,,
300,OSQ100a,22,Knee (Patella),Please look at this card and tell me where the fracture occurred.,Both males and females 20 YEARS - 150 YEARS,nan,,
301,OSQ100a,23,Ankle,Please look at this card and tell me where the fracture occurred.,Both males and females 20 YEARS - 150 YEARS,nan,,
302,OSQ100a,24,Heel,Please look at this card and tell me where the fracture occurred.,Both males and females 20 YEARS - 150 YEARS,nan,,
303,OSQ100a,25,Foot,Please look at this card and tell me where the fracture occurred.,Both males and females 20 YEARS - 150 YEARS,nan,,
304,OSQ100a,26,Toes,Please look at this card and tell me where the fracture occurred.,Both males and females 20 YEARS - 150 YEARS,nan,,
305,OSQ100a,27,Other (Do Not Specify),Please look at this card and tell me where the fracture occurred.,Both males and females 20 YEARS - 150 YEARS,nan,,
306,OSQ100a,77,Refused,Please look at this card and tell me where the fracture occurred.,Both males and females 20 YEARS - 150 YEARS,nan,,
307,OSQ100a,99,Don'T Know,Please look at this card and tell me where the fracture occurred.,Both males and females 20 YEARS - 150 YEARS,nan,,
308,OSQ100a,.,Missing,Please look at this card and tell me where the fracture occurred.,Both males and females 20 YEARS - 150 YEARS,nan,,
309,OSD110a,20 To 78,Range Of Values,How old {were you/was SP} when {you/SP} fractured {your/his/her} (fracture site selected in OSQ100a) for the first time after age 20?,Both males and females 20 YEARS - 150 YEARS,nan,,
310,OSD110a,80,80 Or Older,How old {were you/was SP} when {you/SP} fractured {your/his/her} (fracture site selected in OSQ100a) for the first time after age 20?,Both males and females 20 YEARS - 150 YEARS,nan,,
311,OSD110a,777,Refused,How old {were you/was SP} when {you/SP} fractured {your/his/her} (fracture site selected in OSQ100a) for the first time after age 20?,Both males and females 20 YEARS - 150 YEARS,nan,,
312,OSD110a,999,Don'T Know,How old {were you/was SP} when {you/SP} fractured {your/his/her} (fracture site selected in OSQ100a) for the first time after age 20?,Both males and females 20 YEARS - 150 YEARS,nan,,
313,OSD110a,.,Missing,How old {were you/was SP} when {you/SP} fractured {your/his/her} (fracture site selected in OSQ100a) for the first time after age 20?,Both males and females 20 YEARS - 150 YEARS,nan,,
314,OSQ120a,1,Yes,Has a doctor ever told {you/SP} that {you/s/he} had broken or fractured any other bones after {you were/s/he was} 20 years of age?,Both males and females 20 YEARS - 150 YEARS,nan,,
315,OSQ120a,2,No,Has a doctor ever told {you/SP} that {you/s/he} had broken or fractured any other bones after {you were/s/he was} 20 years of age?,Both males and females 20 YEARS - 150 YEARS,nan,,
316,OSQ120a,7,Refused,Has a doctor ever told {you/SP} that {you/s/he} had broken or fractured any other bones after {you were/s/he was} 20 years of age?,Both males and females 20 YEARS - 150 YEARS,nan,,
317,OSQ120a,9,Don'T Know,Has a doctor ever told {you/SP} that {you/s/he} had broken or fractured any other bones after {you were/s/he was} 20 years of age?,Both males and females 20 YEARS - 150 YEARS,nan,,
318,OSQ120a,.,Missing,Has a doctor ever told {you/SP} that {you/s/he} had broken or fractured any other bones after {you were/s/he was} 20 years of age?,Both males and females 20 YEARS - 150 YEARS,nan,,
319,OSQ090b,1,Yes,Was this fracture the result of severe trauma such as a car accident being struck by a vehicle a physical attack or a hard fall such as falling off a ladder or down stairs?,Both males and females 20 YEARS - 150 YEARS,nan,,
320,OSQ090b,2,No,Was this fracture the result of severe trauma such as a car accident being struck by a vehicle a physical attack or a hard fall such as falling off a ladder or down stairs?,Both males and females 20 YEARS - 150 YEARS,nan,,
321,OSQ090b,7,Refused,Was this fracture the result of severe trauma such as a car accident being struck by a vehicle a physical attack or a hard fall such as falling off a ladder or down stairs?,Both males and females 20 YEARS - 150 YEARS,nan,,
322,OSQ090b,9,Don'T Know,Was this fracture the result of severe trauma such as a car accident being struck by a vehicle a physical attack or a hard fall such as falling off a ladder or down stairs?,Both males and females 20 YEARS - 150 YEARS,nan,,
323,OSQ090b,.,Missing,Was this fracture the result of severe trauma such as a car accident being struck by a vehicle a physical attack or a hard fall such as falling off a ladder or down stairs?,Both males and females 20 YEARS - 150 YEARS,nan,,
324,OSQ100b,10,Head/Face,Please look at this card and tell me where the fracture occurred.,Both males and females 20 YEARS - 150 YEARS,nan,,
325,OSQ100b,11,Upper Arm (Humerus),Please look at this card and tell me where the fracture occurred.,Both males and females 20 YEARS - 150 YEARS,nan,,
326,OSQ100b,12,Lower Arm Between Wrist And Elbow (Do Not Include Wrist),Please look at this card and tell me where the fracture occurred.,Both males and females 20 YEARS - 150 YEARS,nan,,
327,OSQ100b,13,Elbow,Please look at this card and tell me where the fracture occurred.,Both males and females 20 YEARS - 150 YEARS,nan,,
328,OSQ100b,14,Hand,Please look at this card and tell me where the fracture occurred.,Both males and females 20 YEARS - 150 YEARS,nan,,
329,OSQ100b,15,Fingers,Please look at this card and tell me where the fracture occurred.,Both males and females 20 YEARS - 150 YEARS,nan,,
330,OSQ100b,16,Shoulder,Please look at this card and tell me where the fracture occurred.,Both males and females 20 YEARS - 150 YEARS,nan,,
331,OSQ100b,17,Collar Bone,Please look at this card and tell me where the fracture occurred.,Both males and females 20 YEARS - 150 YEARS,nan,,
332,OSQ100b,18,Ribs (Either Side),Please look at this card and tell me where the fracture occurred.,Both males and females 20 YEARS - 150 YEARS,nan,,
333,OSQ100b,19,Pelvis (Not Hip),Please look at this card and tell me where the fracture occurred.,Both males and females 20 YEARS - 150 YEARS,nan,,
334,OSQ100b,20,Upper Leg (Thigh Excluding Hip),Please look at this card and tell me where the fracture occurred.,Both males and females 20 YEARS - 150 YEARS,nan,,
335,OSQ100b,21,Lower Leg (Between Ankle And Knee),Please look at this card and tell me where the fracture occurred.,Both males and females 20 YEARS - 150 YEARS,nan,,
336,OSQ100b,22,Knee (Patella),Please look at this card and tell me where the fracture occurred.,Both males and females 20 YEARS - 150 YEARS,nan,,
337,OSQ100b,23,Ankle,Please look at this card and tell me where the fracture occurred.,Both males and females 20 YEARS - 150 YEARS,nan,,
338,OSQ100b,24,Heel,Please look at this card and tell me where the fracture occurred.,Both males and females 20 YEARS - 150 YEARS,nan,,
339,OSQ100b,25,Foot,Please look at this card and tell me where the fracture occurred.,Both males and females 20 YEARS - 150 YEARS,nan,,
340,OSQ100b,26,Toes,Please look at this card and tell me where the fracture occurred.,Both males and females 20 YEARS - 150 YEARS,nan,,
341,OSQ100b,27,Other (Do Not Specify),Please look at this card and tell me where the fracture occurred.,Both males and females 20 YEARS - 150 YEARS,nan,,
342,OSQ100b,77,Refused,Please look at this card and tell me where the fracture occurred.,Both males and females 20 YEARS - 150 YEARS,nan,,
343,OSQ100b,99,Don'T Know,Please look at this card and tell me where the fracture occurred.,Both males and females 20 YEARS - 150 YEARS,nan,,
344,OSQ100b,.,Missing,Please look at this card and tell me where the fracture occurred.,Both males and females 20 YEARS - 150 YEARS,nan,,
345,OSD110b,20 To 77,Range Of Values,How old {were you/was SP} when {you/SP} fractured {your/his/her} (fracture site selected in OSQ100b) for the first time after age 20?,Both males and females 20 YEARS - 150 YEARS,nan,,
346,OSD110b,80,80 Or Older,How old {were you/was SP} when {you/SP} fractured {your/his/her} (fracture site selected in OSQ100b) for the first time after age 20?,Both males and females 20 YEARS - 150 YEARS,nan,,
347,OSD110b,777,Refused,How old {were you/was SP} when {you/SP} fractured {your/his/her} (fracture site selected in OSQ100b) for the first time after age 20?,Both males and females 20 YEARS - 150 YEARS,nan,,
348,OSD110b,999,Don'T Know,How old {were you/was SP} when {you/SP} fractured {your/his/her} (fracture site selected in OSQ100b) for the first time after age 20?,Both males and females 20 YEARS - 150 YEARS,nan,,
349,OSD110b,.,Missing,How old {were you/was SP} when {you/SP} fractured {your/his/her} (fracture site selected in OSQ100b) for the first time after age 20?,Both males and females 20 YEARS - 150 YEARS,nan,,
350,OSQ120b,1,Yes,Has a doctor ever told {you/SP} that {you/s/he} had broken or fractured any other bones after {you were/s/he was} 20 years of age?,Both males and females 20 YEARS - 150 YEARS,nan,,
351,OSQ120b,2,No,Has a doctor ever told {you/SP} that {you/s/he} had broken or fractured any other bones after {you were/s/he was} 20 years of age?,Both males and females 20 YEARS - 150 YEARS,nan,,
352,OSQ120b,7,Refused,Has a doctor ever told {you/SP} that {you/s/he} had broken or fractured any other bones after {you were/s/he was} 20 years of age?,Both males and females 20 YEARS - 150 YEARS,nan,,
353,OSQ120b,9,Don'T Know,Has a doctor ever told {you/SP} that {you/s/he} had broken or fractured any other bones after {you were/s/he was} 20 years of age?,Both males and females 20 YEARS - 150 YEARS,nan,,
354,OSQ120b,.,Missing,Has a doctor ever told {you/SP} that {you/s/he} had broken or fractured any other bones after {you were/s/he was} 20 years of age?,Both males and females 20 YEARS - 150 YEARS,nan,,
355,OSQ090c,1,Yes,Was this fracture the result of severe trauma such as a car accident being struck by a vehicle a physical attack or a hard fall such as falling off a ladder or down stairs?,Both males and females 20 YEARS - 150 YEARS,nan,,
356,OSQ090c,2,No,Was this fracture the result of severe trauma such as a car accident being struck by a vehicle a physical attack or a hard fall such as falling off a ladder or down stairs?,Both males and females 20 YEARS - 150 YEARS,nan,,
357,OSQ090c,7,Refused,Was this fracture the result of severe trauma such as a car accident being struck by a vehicle a physical attack or a hard fall such as falling off a ladder or down stairs?,Both males and females 20 YEARS - 150 YEARS,nan,,
358,OSQ090c,9,Don'T Know,Was this fracture the result of severe trauma such as a car accident being struck by a vehicle a physical attack or a hard fall such as falling off a ladder or down stairs?,Both males and females 20 YEARS - 150 YEARS,nan,,
359,OSQ090c,.,Missing,Was this fracture the result of severe trauma such as a car accident being struck by a vehicle a physical attack or a hard fall such as falling off a ladder or down stairs?,Both males and females 20 YEARS - 150 YEARS,nan,,
360,OSQ100c,10,Head/Face,Please look at this card and tell me where the fracture occurred.,Both males and females 20 YEARS - 150 YEARS,nan,,
361,OSQ100c,11,Upper Arm (Humerus),Please look at this card and tell me where the fracture occurred.,Both males and females 20 YEARS - 150 YEARS,nan,,
362,OSQ100c,12,Lower Arm Between Wrist And Elbow (Do Not Include Wrist),Please look at this card and tell me where the fracture occurred.,Both males and females 20 YEARS - 150 YEARS,nan,,
363,OSQ100c,13,Elbow,Please look at this card and tell me where the fracture occurred.,Both males and females 20 YEARS - 150 YEARS,nan,,
364,OSQ100c,14,Hand,Please look at this card and tell me where the fracture occurred.,Both males and females 20 YEARS - 150 YEARS,nan,,
365,OSQ100c,15,Fingers,Please look at this card and tell me where the fracture occurred.,Both males and females 20 YEARS - 150 YEARS,nan,,
366,OSQ100c,16,Shoulder,Please look at this card and tell me where the fracture occurred.,Both males and females 20 YEARS - 150 YEARS,nan,,
367,OSQ100c,17,Collar Bone,Please look at this card and tell me where the fracture occurred.,Both males and females 20 YEARS - 150 YEARS,nan,,
368,OSQ100c,18,Ribs (Either Side),Please look at this card and tell me where the fracture occurred.,Both males and females 20 YEARS - 150 YEARS,nan,,
369,OSQ100c,19,Pelvis (Not Hip),Please look at this card and tell me where the fracture occurred.,Both males and females 20 YEARS - 150 YEARS,nan,,
370,OSQ100c,20,Upper Leg (Thigh Excluding Hip),Please look at this card and tell me where the fracture occurred.,Both males and females 20 YEARS - 150 YEARS,nan,,
371,OSQ100c,21,Lower Leg (Between Ankle And Knee),Please look at this card and tell me where the fracture occurred.,Both males and females 20 YEARS - 150 YEARS,nan,,
372,OSQ100c,22,Knee (Patella),Please look at this card and tell me where the fracture occurred.,Both males and females 20 YEARS - 150 YEARS,nan,,
373,OSQ100c,23,Ankle,Please look at this card and tell me where the fracture occurred.,Both males and females 20 YEARS - 150 YEARS,nan,,
374,OSQ100c,24,Heel,Please look at this card and tell me where the fracture occurred.,Both males and females 20 YEARS - 150 YEARS,nan,,
375,OSQ100c,25,Foot,Please look at this card and tell me where the fracture occurred.,Both males and females 20 YEARS - 150 YEARS,nan,,
376,OSQ100c,26,Toes,Please look at this card and tell me where the fracture occurred.,Both males and females 20 YEARS - 150 YEARS,nan,,
377,OSQ100c,27,Other (Do Not Specify),Please look at this card and tell me where the fracture occurred.,Both males and females 20 YEARS - 150 YEARS,nan,,
378,OSQ100c,77,Refused,Please look at this card and tell me where the fracture occurred.,Both males and females 20 YEARS - 150 YEARS,nan,,
379,OSQ100c,99,Don'T Know,Please look at this card and tell me where the fracture occurred.,Both males and females 20 YEARS - 150 YEARS,nan,,
380,OSQ100c,.,Missing,Please look at this card and tell me where the fracture occurred.,Both males and females 20 YEARS - 150 YEARS,nan,,
381,OSD110c,20 To 78,Range Of Values,How old {were you/was SP} when {you/SP} fractured {your/his/her} (fracture site selected in OSQ100c) for the first time after age 20?,Both males and females 20 YEARS - 150 YEARS,nan,,
382,OSD110c,80,80 Or Older,How old {were you/was SP} when {you/SP} fractured {your/his/her} (fracture site selected in OSQ100c) for the first time after age 20?,Both males and females 20 YEARS - 150 YEARS,nan,,
383,OSD110c,777,Refused,How old {were you/was SP} when {you/SP} fractured {your/his/her} (fracture site selected in OSQ100c) for the first time after age 20?,Both males and females 20 YEARS - 150 YEARS,nan,,
384,OSD110c,999,Don'T Know,How old {were you/was SP} when {you/SP} fractured {your/his/her} (fracture site selected in OSQ100c) for the first time after age 20?,Both males and females 20 YEARS - 150 YEARS,nan,,
385,OSD110c,.,Missing,How old {were you/was SP} when {you/SP} fractured {your/his/her} (fracture site selected in OSQ100c) for the first time after age 20?,Both males and females 20 YEARS - 150 YEARS,nan,,
386,OSQ120c,1,Yes,Has a doctor ever told {you/SP} that {you/s/he} had broken or fractured any other bones after {you were/s/he was} 20 years of age?,Both males and females 20 YEARS - 150 YEARS,nan,,
387,OSQ120c,2,No,Has a doctor ever told {you/SP} that {you/s/he} had broken or fractured any other bones after {you were/s/he was} 20 years of age?,Both males and females 20 YEARS - 150 YEARS,nan,,
388,OSQ120c,7,Refused,Has a doctor ever told {you/SP} that {you/s/he} had broken or fractured any other bones after {you were/s/he was} 20 years of age?,Both males and females 20 YEARS - 150 YEARS,nan,,
389,OSQ120c,9,Don'T Know,Has a doctor ever told {you/SP} that {you/s/he} had broken or fractured any other bones after {you were/s/he was} 20 years of age?,Both males and females 20 YEARS - 150 YEARS,nan,,
390,OSQ120c,.,Missing,Has a doctor ever told {you/SP} that {you/s/he} had broken or fractured any other bones after {you were/s/he was} 20 years of age?,Both males and females 20 YEARS - 150 YEARS,nan,,
391,OSQ090d,1,Yes,Was this fracture the result of severe trauma such as a car accident being struck by a vehicle a physical attack or a hard fall such as falling off a ladder or down stairs?,Both males and females 20 YEARS - 150 YEARS,nan,,
392,OSQ090d,2,No,Was this fracture the result of severe trauma such as a car accident being struck by a vehicle a physical attack or a hard fall such as falling off a ladder or down stairs?,Both males and females 20 YEARS - 150 YEARS,nan,,
393,OSQ090d,7,Refused,Was this fracture the result of severe trauma such as a car accident being struck by a vehicle a physical attack or a hard fall such as falling off a ladder or down stairs?,Both males and females 20 YEARS - 150 YEARS,nan,,
394,OSQ090d,9,Don'T Know,Was this fracture the result of severe trauma such as a car accident being struck by a vehicle a physical attack or a hard fall such as falling off a ladder or down stairs?,Both males and females 20 YEARS - 150 YEARS,nan,,
395,OSQ090d,.,Missing,Was this fracture the result of severe trauma such as a car accident being struck by a vehicle a physical attack or a hard fall such as falling off a ladder or down stairs?,Both males and females 20 YEARS - 150 YEARS,nan,,
396,OSQ100d,10,Head/Face,Please look at this card and tell me where the fracture occurred.,Both males and females 20 YEARS - 150 YEARS,nan,,
397,OSQ100d,11,Upper Arm (Humerus),Please look at this card and tell me where the fracture occurred.,Both males and females 20 YEARS - 150 YEARS,nan,,
398,OSQ100d,12,Lower Arm Between Wrist And Elbow (Do Not Include Wrist),Please look at this card and tell me where the fracture occurred.,Both males and females 20 YEARS - 150 YEARS,nan,,
399,OSQ100d,13,Elbow,Please look at this card and tell me where the fracture occurred.,Both males and females 20 YEARS - 150 YEARS,nan,,
400,OSQ100d,14,Hand,Please look at this card and tell me where the fracture occurred.,Both males and females 20 YEARS - 150 YEARS,nan,,
401,OSQ100d,15,Fingers,Please look at this card and tell me where the fracture occurred.,Both males and females 20 YEARS - 150 YEARS,nan,,
402,OSQ100d,16,Shoulder,Please look at this card and tell me where the fracture occurred.,Both males and females 20 YEARS - 150 YEARS,nan,,
403,OSQ100d,17,Collar Bone,Please look at this card and tell me where the fracture occurred.,Both males and females 20 YEARS - 150 YEARS,nan,,
404,OSQ100d,18,Ribs (Either Side),Please look at this card and tell me where the fracture occurred.,Both males and females 20 YEARS - 150 YEARS,nan,,
405,OSQ100d,19,Pelvis (Not Hip),Please look at this card and tell me where the fracture occurred.,Both males and females 20 YEARS - 150 YEARS,nan,,
406,OSQ100d,20,Upper Leg (Thigh Excluding Hip),Please look at this card and tell me where the fracture occurred.,Both males and females 20 YEARS - 150 YEARS,nan,,
407,OSQ100d,21,Lower Leg (Between Ankle And Knee),Please look at this card and tell me where the fracture occurred.,Both males and females 20 YEARS - 150 YEARS,nan,,
408,OSQ100d,22,Knee (Patella),Please look at this card and tell me where the fracture occurred.,Both males and females 20 YEARS - 150 YEARS,nan,,
409,OSQ100d,23,Ankle,Please look at this card and tell me where the fracture occurred.,Both males and females 20 YEARS - 150 YEARS,nan,,
410,OSQ100d,24,Heel,Please look at this card and tell me where the fracture occurred.,Both males and females 20 YEARS - 150 YEARS,nan,,
411,OSQ100d,25,Foot,Please look at this card and tell me where the fracture occurred.,Both males and females 20 YEARS - 150 YEARS,nan,,
412,OSQ100d,26,Toes,Please look at this card and tell me where the fracture occurred.,Both males and females 20 YEARS - 150 YEARS,nan,,
413,OSQ100d,27,Other (Do Not Specify),Please look at this card and tell me where the fracture occurred.,Both males and females 20 YEARS - 150 YEARS,nan,,
414,OSQ100d,77,Refused,Please look at this card and tell me where the fracture occurred.,Both males and females 20 YEARS - 150 YEARS,nan,,
415,OSQ100d,99,Don'T Know,Please look at this card and tell me where the fracture occurred.,Both males and females 20 YEARS - 150 YEARS,nan,,
416,OSQ100d,.,Missing,Please look at this card and tell me where the fracture occurred.,Both males and females 20 YEARS - 150 YEARS,nan,,
417,OSD110d,27 To 71,Range Of Values,How old {were you/was SP} when {you/SP} fractured {your/his/her} (fracture site selected in OSQ100d) for the first time after age 20?,Both males and females 20 YEARS - 150 YEARS,nan,,
418,OSD110d,80,80 Or Older,How old {were you/was SP} when {you/SP} fractured {your/his/her} (fracture site selected in OSQ100d) for the first time after age 20?,Both males and females 20 YEARS - 150 YEARS,nan,,
419,OSD110d,777,Refused,How old {were you/was SP} when {you/SP} fractured {your/his/her} (fracture site selected in OSQ100d) for the first time after age 20?,Both males and females 20 YEARS - 150 YEARS,nan,,
420,OSD110d,999,Don'T Know,How old {were you/was SP} when {you/SP} fractured {your/his/her} (fracture site selected in OSQ100d) for the first time after age 20?,Both males and females 20 YEARS - 150 YEARS,nan,,
421,OSD110d,.,Missing,How old {were you/was SP} when {you/SP} fractured {your/his/her} (fracture site selected in OSQ100d) for the first time after age 20?,Both males and females 20 YEARS - 150 YEARS,nan,,
422,OSQ120d,1,Yes,Has a doctor ever told {you/SP} that {you/s/he} had broken or fractured any other bones after {you were/s/he was} 20 years of age?,Both males and females 20 YEARS - 150 YEARS,nan,,
423,OSQ120d,2,No,Has a doctor ever told {you/SP} that {you/s/he} had broken or fractured any other bones after {you were/s/he was} 20 years of age?,Both males and females 20 YEARS - 150 YEARS,nan,,
424,OSQ120d,7,Refused,Has a doctor ever told {you/SP} that {you/s/he} had broken or fractured any other bones after {you were/s/he was} 20 years of age?,Both males and females 20 YEARS - 150 YEARS,nan,,
425,OSQ120d,9,Don'T Know,Has a doctor ever told {you/SP} that {you/s/he} had broken or fractured any other bones after {you were/s/he was} 20 years of age?,Both males and females 20 YEARS - 150 YEARS,nan,,
426,OSQ120d,.,Missing,Has a doctor ever told {you/SP} that {you/s/he} had broken or fractured any other bones after {you were/s/he was} 20 years of age?,Both males and females 20 YEARS - 150 YEARS,nan,,
427,OSQ090e,1,Yes,Was this fracture the result of severe trauma such as a car accident being struck by a vehicle a physical attack or a hard fall such as falling off a ladder or down stairs?,Both males and females 20 YEARS - 150 YEARS,nan,,
428,OSQ090e,2,No,Was this fracture the result of severe trauma such as a car accident being struck by a vehicle a physical attack or a hard fall such as falling off a ladder or down stairs?,Both males and females 20 YEARS - 150 YEARS,nan,,
429,OSQ090e,7,Refused,Was this fracture the result of severe trauma such as a car accident being struck by a vehicle a physical attack or a hard fall such as falling off a ladder or down stairs?,Both males and females 20 YEARS - 150 YEARS,nan,,
430,OSQ090e,9,Don'T Know,Was this fracture the result of severe trauma such as a car accident being struck by a vehicle a physical attack or a hard fall such as falling off a ladder or down stairs?,Both males and females 20 YEARS - 150 YEARS,nan,,
431,OSQ090e,.,Missing,Was this fracture the result of severe trauma such as a car accident being struck by a vehicle a physical attack or a hard fall such as falling off a ladder or down stairs?,Both males and females 20 YEARS - 150 YEARS,nan,,
432,OSQ100e,10,Head/Face,Please look at this card and tell me where the fracture occurred.,Both males and females 20 YEARS - 150 YEARS,nan,,
433,OSQ100e,11,Upper Arm (Humerus),Please look at this card and tell me where the fracture occurred.,Both males and females 20 YEARS - 150 YEARS,nan,,
434,OSQ100e,12,Lower Arm Between Wrist And Elbow (Do Not Include Wrist),Please look at this card and tell me where the fracture occurred.,Both males and females 20 YEARS - 150 YEARS,nan,,
435,OSQ100e,13,Elbow,Please look at this card and tell me where the fracture occurred.,Both males and females 20 YEARS - 150 YEARS,nan,,
436,OSQ100e,14,Hand,Please look at this card and tell me where the fracture occurred.,Both males and females 20 YEARS - 150 YEARS,nan,,
437,OSQ100e,15,Fingers,Please look at this card and tell me where the fracture occurred.,Both males and females 20 YEARS - 150 YEARS,nan,,
438,OSQ100e,16,Shoulder,Please look at this card and tell me where the fracture occurred.,Both males and females 20 YEARS - 150 YEARS,nan,,
439,OSQ100e,17,Collar Bone,Please look at this card and tell me where the fracture occurred.,Both males and females 20 YEARS - 150 YEARS,nan,,
440,OSQ100e,18,Ribs (Either Side),Please look at this card and tell me where the fracture occurred.,Both males and females 20 YEARS - 150 YEARS,nan,,
441,OSQ100e,19,Pelvis (Not Hip),Please look at this card and tell me where the fracture occurred.,Both males and females 20 YEARS - 150 YEARS,nan,,
442,OSQ100e,20,Upper Leg (Thigh Excluding Hip),Please look at this card and tell me where the fracture occurred.,Both males and females 20 YEARS - 150 YEARS,nan,,
443,OSQ100e,21,Lower Leg (Between Ankle And Knee),Please look at this card and tell me where the fracture occurred.,Both males and females 20 YEARS - 150 YEARS,nan,,
444,OSQ100e,22,Knee (Patella),Please look at this card and tell me where the fracture occurred.,Both males and females 20 YEARS - 150 YEARS,nan,,
445,OSQ100e,23,Ankle,Please look at this card and tell me where the fracture occurred.,Both males and females 20 YEARS - 150 YEARS,nan,,
446,OSQ100e,24,Heel,Please look at this card and tell me where the fracture occurred.,Both males and females 20 YEARS - 150 YEARS,nan,,
447,OSQ100e,25,Foot,Please look at this card and tell me where the fracture occurred.,Both males and females 20 YEARS - 150 YEARS,nan,,
448,OSQ100e,26,Toes,Please look at this card and tell me where the fracture occurred.,Both males and females 20 YEARS - 150 YEARS,nan,,
449,OSQ100e,27,Other (Do Not Specify),Please look at this card and tell me where the fracture occurred.,Both males and females 20 YEARS - 150 YEARS,nan,,
450,OSQ100e,77,Refused,Please look at this card and tell me where the fracture occurred.,Both males and females 20 YEARS - 150 YEARS,nan,,
451,OSQ100e,99,Don'T Know,Please look at this card and tell me where the fracture occurred.,Both males and females 20 YEARS - 150 YEARS,nan,,
452,OSQ100e,.,Missing,Please look at this card and tell me where the fracture occurred.,Both males and females 20 YEARS - 150 YEARS,nan,,
453,OSD110e,20 To 46,Range Of Values,How old {were you/was SP} when {you/SP} fractured {your/his/her} (fracture site selected in OSQ100e) for the first time after age 20?,Both males and females 20 YEARS - 150 YEARS,nan,,
454,OSD110e,80,80 Or Older,How old {were you/was SP} when {you/SP} fractured {your/his/her} (fracture site selected in OSQ100e) for the first time after age 20?,Both males and females 20 YEARS - 150 YEARS,nan,,
455,OSD110e,777,Refused,How old {were you/was SP} when {you/SP} fractured {your/his/her} (fracture site selected in OSQ100e) for the first time after age 20?,Both males and females 20 YEARS - 150 YEARS,nan,,
456,OSD110e,999,Don'T Know,How old {were you/was SP} when {you/SP} fractured {your/his/her} (fracture site selected in OSQ100e) for the first time after age 20?,Both males and females 20 YEARS - 150 YEARS,nan,,
457,OSD110e,.,Missing,How old {were you/was SP} when {you/SP} fractured {your/his/her} (fracture site selected in OSQ100e) for the first time after age 20?,Both males and females 20 YEARS - 150 YEARS,nan,,
458,OSQ120e,1,Yes,Has a doctor ever told {you/SP} that {you/s/he} had broken or fractured any other bones after {you were/s/he was} 20 years of age?,Both males and females 20 YEARS - 150 YEARS,nan,,
459,OSQ120e,2,No,Has a doctor ever told {you/SP} that {you/s/he} had broken or fractured any other bones after {you were/s/he was} 20 years of age?,Both males and females 20 YEARS - 150 YEARS,nan,,
460,OSQ120e,7,Refused,Has a doctor ever told {you/SP} that {you/s/he} had broken or fractured any other bones after {you were/s/he was} 20 years of age?,Both males and females 20 YEARS - 150 YEARS,nan,,
461,OSQ120e,9,Don'T Know,Has a doctor ever told {you/SP} that {you/s/he} had broken or fractured any other bones after {you were/s/he was} 20 years of age?,Both males and females 20 YEARS - 150 YEARS,nan,,
462,OSQ120e,.,Missing,Has a doctor ever told {you/SP} that {you/s/he} had broken or fractured any other bones after {you were/s/he was} 20 years of age?,Both males and females 20 YEARS - 150 YEARS,nan,,
463,OSQ090f,1,Yes,Was this fracture the result of severe trauma such as a car accident being struck by a vehicle a physical attack or a hard fall such as falling off a ladder or down stairs?,Both males and females 20 YEARS - 150 YEARS,nan,,
464,OSQ090f,2,No,Was this fracture the result of severe trauma such as a car accident being struck by a vehicle a physical attack or a hard fall such as falling off a ladder or down stairs?,Both males and females 20 YEARS - 150 YEARS,nan,,
465,OSQ090f,7,Refused,Was this fracture the result of severe trauma such as a car accident being struck by a vehicle a physical attack or a hard fall such as falling off a ladder or down stairs?,Both males and females 20 YEARS - 150 YEARS,nan,,
466,OSQ090f,9,Don'T Know,Was this fracture the result of severe trauma such as a car accident being struck by a vehicle a physical attack or a hard fall such as falling off a ladder or down stairs?,Both males and females 20 YEARS - 150 YEARS,nan,,
467,OSQ090f,.,Missing,Was this fracture the result of severe trauma such as a car accident being struck by a vehicle a physical attack or a hard fall such as falling off a ladder or down stairs?,Both males and females 20 YEARS - 150 YEARS,nan,,
468,OSQ100f,10,Head/Face,Please look at this card and tell me where the fracture occurred.,Both males and females 20 YEARS - 150 YEARS,nan,,
469,OSQ100f,11,Upper Arm (Humerus),Please look at this card and tell me where the fracture occurred.,Both males and females 20 YEARS - 150 YEARS,nan,,
470,OSQ100f,12,Lower Arm Between Wrist And Elbow (Do Not Include Wrist),Please look at this card and tell me where the fracture occurred.,Both males and females 20 YEARS - 150 YEARS,nan,,
471,OSQ100f,13,Elbow,Please look at this card and tell me where the fracture occurred.,Both males and females 20 YEARS - 150 YEARS,nan,,
472,OSQ100f,14,Hand,Please look at this card and tell me where the fracture occurred.,Both males and females 20 YEARS - 150 YEARS,nan,,
473,OSQ100f,15,Fingers,Please look at this card and tell me where the fracture occurred.,Both males and females 20 YEARS - 150 YEARS,nan,,
474,OSQ100f,16,Shoulder,Please look at this card and tell me where the fracture occurred.,Both males and females 20 YEARS - 150 YEARS,nan,,
475,OSQ100f,17,Collar Bone,Please look at this card and tell me where the fracture occurred.,Both males and females 20 YEARS - 150 YEARS,nan,,
476,OSQ100f,18,Ribs (Either Side),Please look at this card and tell me where the fracture occurred.,Both males and females 20 YEARS - 150 YEARS,nan,,
477,OSQ100f,19,Pelvis (Not Hip),Please look at this card and tell me where the fracture occurred.,Both males and females 20 YEARS - 150 YEARS,nan,,
478,OSQ100f,20,Upper Leg (Thigh Excluding Hip),Please look at this card and tell me where the fracture occurred.,Both males and females 20 YEARS - 150 YEARS,nan,,
479,OSQ100f,21,Lower Leg (Between Ankle And Knee),Please look at this card and tell me where the fracture occurred.,Both males and females 20 YEARS - 150 YEARS,nan,,
480,OSQ100f,22,Knee (Patella),Please look at this card and tell me where the fracture occurred.,Both males and females 20 YEARS - 150 YEARS,nan,,
481,OSQ100f,23,Ankle,Please look at this card and tell me where the fracture occurred.,Both males and females 20 YEARS - 150 YEARS,nan,,
482,OSQ100f,24,Heel,Please look at this card and tell me where the fracture occurred.,Both males and females 20 YEARS - 150 YEARS,nan,,
483,OSQ100f,25,Foot,Please look at this card and tell me where the fracture occurred.,Both males and females 20 YEARS - 150 YEARS,nan,,
484,OSQ100f,26,Toes,Please look at this card and tell me where the fracture occurred.,Both males and females 20 YEARS - 150 YEARS,nan,,
485,OSQ100f,27,Other (Do Not Specify),Please look at this card and tell me where the fracture occurred.,Both males and females 20 YEARS - 150 YEARS,nan,,
486,OSQ100f,77,Refused,Please look at this card and tell me where the fracture occurred.,Both males and females 20 YEARS - 150 YEARS,nan,,
487,OSQ100f,99,Don'T Know,Please look at this card and tell me where the fracture occurred.,Both males and females 20 YEARS - 150 YEARS,nan,,
488,OSQ100f,.,Missing,Please look at this card and tell me where the fracture occurred.,Both males and females 20 YEARS - 150 YEARS,nan,,
489,OSD110f,29 To 33,Range Of Values,How old {were you/was SP} when {you/SP} fractured {your/his/her} (fracture site selected in OSQ100f) for the first time after age 20?,Both males and females 20 YEARS - 150 YEARS,nan,,
490,OSD110f,80,80Or Older,How old {were you/was SP} when {you/SP} fractured {your/his/her} (fracture site selected in OSQ100f) for the first time after age 20?,Both males and females 20 YEARS - 150 YEARS,nan,,
491,OSD110f,777,Refused,How old {were you/was SP} when {you/SP} fractured {your/his/her} (fracture site selected in OSQ100f) for the first time after age 20?,Both males and females 20 YEARS - 150 YEARS,nan,,
492,OSD110f,999,Don'T Know,How old {were you/was SP} when {you/SP} fractured {your/his/her} (fracture site selected in OSQ100f) for the first time after age 20?,Both males and females 20 YEARS - 150 YEARS,nan,,
493,OSD110f,.,Missing,How old {were you/was SP} when {you/SP} fractured {your/his/her} (fracture site selected in OSQ100f) for the first time after age 20?,Both males and females 20 YEARS - 150 YEARS,nan,,
494,OSQ120f,1,Yes,Has a doctor ever told {you/SP} that {you/s/he} had broken or fractured any other bones after {you were/s/he was} 20 years of age?,Both males and females 20 YEARS - 150 YEARS,nan,,
495,OSQ120f,2,No,Has a doctor ever told {you/SP} that {you/s/he} had broken or fractured any other bones after {you were/s/he was} 20 years of age?,Both males and females 20 YEARS - 150 YEARS,nan,,
496,OSQ120f,7,Refused,Has a doctor ever told {you/SP} that {you/s/he} had broken or fractured any other bones after {you were/s/he was} 20 years of age?,Both males and females 20 YEARS - 150 YEARS,nan,,
497,OSQ120f,9,Don'T Know,Has a doctor ever told {you/SP} that {you/s/he} had broken or fractured any other bones after {you were/s/he was} 20 years of age?,Both males and females 20 YEARS - 150 YEARS,nan,,
498,OSQ120f,.,Missing,Has a doctor ever told {you/SP} that {you/s/he} had broken or fractured any other bones after {you were/s/he was} 20 years of age?,Both males and females 20 YEARS - 150 YEARS,nan,,
499,OSQ090g,1,Yes,Was this fracture the result of severe trauma such as a car accident being struck by a vehicle a physical attack or a hard fall such as falling off a ladder or down stairs?,Both males and females 20 YEARS - 150 YEARS,nan,,
500,OSQ090g,2,No,Was this fracture the result of severe trauma such as a car accident being struck by a vehicle a physical attack or a hard fall such as falling off a ladder or down stairs?,Both males and females 20 YEARS - 150 YEARS,nan,,
501,OSQ090g,7,Refused,Was this fracture the result of severe trauma such as a car accident being struck by a vehicle a physical attack or a hard fall such as falling off a ladder or down stairs?,Both males and females 20 YEARS - 150 YEARS,nan,,
502,OSQ090g,9,Don'T Know,Was this fracture the result of severe trauma such as a car accident being struck by a vehicle a physical attack or a hard fall such as falling off a ladder or down stairs?,Both males and females 20 YEARS - 150 YEARS,nan,,
503,OSQ090g,.,Missing,Was this fracture the result of severe trauma such as a car accident being struck by a vehicle a physical attack or a hard fall such as falling off a ladder or down stairs?,Both males and females 20 YEARS - 150 YEARS,nan,,
504,OSQ100g,10,Head/Face,Please look at this card and tell me where the fracture occurred.,Both males and females 20 YEARS - 150 YEARS,nan,,
505,OSQ100g,11,Upper Arm (Humerus),Please look at this card and tell me where the fracture occurred.,Both males and females 20 YEARS - 150 YEARS,nan,,
506,OSQ100g,12,Lower Arm Between Wrist And Elbow (Do Not Include Wrist),Please look at this card and tell me where the fracture occurred.,Both males and females 20 YEARS - 150 YEARS,nan,,
507,OSQ100g,13,Elbow,Please look at this card and tell me where the fracture occurred.,Both males and females 20 YEARS - 150 YEARS,nan,,
508,OSQ100g,14,Hand,Please look at this card and tell me where the fracture occurred.,Both males and females 20 YEARS - 150 YEARS,nan,,
509,OSQ100g,15,Fingers,Please look at this card and tell me where the fracture occurred.,Both males and females 20 YEARS - 150 YEARS,nan,,
510,OSQ100g,16,Shoulder,Please look at this card and tell me where the fracture occurred.,Both males and females 20 YEARS - 150 YEARS,nan,,
511,OSQ100g,17,Collar Bone,Please look at this card and tell me where the fracture occurred.,Both males and females 20 YEARS - 150 YEARS,nan,,
512,OSQ100g,18,Ribs (Either Side),Please look at this card and tell me where the fracture occurred.,Both males and females 20 YEARS - 150 YEARS,nan,,
513,OSQ100g,19,Pelvis (Not Hip),Please look at this card and tell me where the fracture occurred.,Both males and females 20 YEARS - 150 YEARS,nan,,
514,OSQ100g,20,Upper Leg (Thigh Excluding Hip),Please look at this card and tell me where the fracture occurred.,Both males and females 20 YEARS - 150 YEARS,nan,,
515,OSQ100g,21,Lower Leg (Between Ankle And Knee),Please look at this card and tell me where the fracture occurred.,Both males and females 20 YEARS - 150 YEARS,nan,,
516,OSQ100g,22,Knee (Patella),Please look at this card and tell me where the fracture occurred.,Both males and females 20 YEARS - 150 YEARS,nan,,
517,OSQ100g,23,Ankle,Please look at this card and tell me where the fracture occurred.,Both males and females 20 YEARS - 150 YEARS,nan,,
518,OSQ100g,24,Heel,Please look at this card and tell me where the fracture occurred.,Both males and females 20 YEARS - 150 YEARS,nan,,
519,OSQ100g,25,Foot,Please look at this card and tell me where the fracture occurred.,Both males and females 20 YEARS - 150 YEARS,nan,,
520,OSQ100g,26,Toes,Please look at this card and tell me where the fracture occurred.,Both males and females 20 YEARS - 150 YEARS,nan,,
521,OSQ100g,27,Other (Do Not Specify),Please look at this card and tell me where the fracture occurred.,Both males and females 20 YEARS - 150 YEARS,nan,,
522,OSQ100g,77,Refused,Please look at this card and tell me where the fracture occurred.,Both males and females 20 YEARS - 150 YEARS,nan,,
523,OSQ100g,99,Don'T Know,Please look at this card and tell me where the fracture occurred.,Both males and females 20 YEARS - 150 YEARS,nan,,
524,OSQ100g,.,Missing,Please look at this card and tell me where the fracture occurred.,Both males and females 20 YEARS - 150 YEARS,nan,,
525,OSD110g,39 To 58,Range Of Values,How old {were you/was SP} when {you/SP} fractured {your/his/her} (fracture site selected in OSQ100g) for the first time after age 20?,Both males and females 20 YEARS - 150 YEARS,nan,,
526,OSD110g,80,80 Or Older,How old {were you/was SP} when {you/SP} fractured {your/his/her} (fracture site selected in OSQ100g) for the first time after age 20?,Both males and females 20 YEARS - 150 YEARS,nan,,
527,OSD110g,777,Refused,How old {were you/was SP} when {you/SP} fractured {your/his/her} (fracture site selected in OSQ100g) for the first time after age 20?,Both males and females 20 YEARS - 150 YEARS,nan,,
528,OSD110g,999,Don'T Know,How old {were you/was SP} when {you/SP} fractured {your/his/her} (fracture site selected in OSQ100g) for the first time after age 20?,Both males and females 20 YEARS - 150 YEARS,nan,,
529,OSD110g,.,Missing,How old {were you/was SP} when {you/SP} fractured {your/his/her} (fracture site selected in OSQ100g) for the first time after age 20?,Both males and females 20 YEARS - 150 YEARS,nan,,
530,OSQ120g,1,Yes,Has a doctor ever told {you/SP} that {you/s/he} had broken or fractured any other bones after {you were/s/he was} 20 years of age?,Both males and females 20 YEARS - 150 YEARS,nan,,
531,OSQ120g,2,No,Has a doctor ever told {you/SP} that {you/s/he} had broken or fractured any other bones after {you were/s/he was} 20 years of age?,Both males and females 20 YEARS - 150 YEARS,nan,,
532,OSQ120g,7,Refused,Has a doctor ever told {you/SP} that {you/s/he} had broken or fractured any other bones after {you were/s/he was} 20 years of age?,Both males and females 20 YEARS - 150 YEARS,nan,,
533,OSQ120g,9,Don'T Know,Has a doctor ever told {you/SP} that {you/s/he} had broken or fractured any other bones after {you were/s/he was} 20 years of age?,Both males and females 20 YEARS - 150 YEARS,nan,,
534,OSQ120g,.,Missing,Has a doctor ever told {you/SP} that {you/s/he} had broken or fractured any other bones after {you were/s/he was} 20 years of age?,Both males and females 20 YEARS - 150 YEARS,nan,,
535,OSQ090h,1,Yes,Was this fracture the result of severe trauma such as a car accident being struck by a vehicle a physical attack or a hard fall such as falling off a ladder or down stairs?,Both males and females 20 YEARS - 150 YEARS,nan,,
536,OSQ090h,2,No,Was this fracture the result of severe trauma such as a car accident being struck by a vehicle a physical attack or a hard fall such as falling off a ladder or down stairs?,Both males and females 20 YEARS - 150 YEARS,nan,,
537,OSQ090h,7,Refused,Was this fracture the result of severe trauma such as a car accident being struck by a vehicle a physical attack or a hard fall such as falling off a ladder or down stairs?,Both males and females 20 YEARS - 150 YEARS,nan,,
538,OSQ090h,9,Don'T Know,Was this fracture the result of severe trauma such as a car accident being struck by a vehicle a physical attack or a hard fall such as falling off a ladder or down stairs?,Both males and females 20 YEARS - 150 YEARS,nan,,
539,OSQ090h,.,Missing,Was this fracture the result of severe trauma such as a car accident being struck by a vehicle a physical attack or a hard fall such as falling off a ladder or down stairs?,Both males and females 20 YEARS - 150 YEARS,nan,,
540,OSQ100h,10,Head/Face,Please look at this card and tell me where the fracture occurred.,Both males and females 20 YEARS - 150 YEARS,nan,,
541,OSQ100h,11,Upper Arm (Humerus),Please look at this card and tell me where the fracture occurred.,Both males and females 20 YEARS - 150 YEARS,nan,,
542,OSQ100h,12,Lower Arm Between Wrist And Elbow (Do Not Include Wrist),Please look at this card and tell me where the fracture occurred.,Both males and females 20 YEARS - 150 YEARS,nan,,
543,OSQ100h,13,Elbow,Please look at this card and tell me where the fracture occurred.,Both males and females 20 YEARS - 150 YEARS,nan,,
544,OSQ100h,14,Hand,Please look at this card and tell me where the fracture occurred.,Both males and females 20 YEARS - 150 YEARS,nan,,
545,OSQ100h,15,Fingers,Please look at this card and tell me where the fracture occurred.,Both males and females 20 YEARS - 150 YEARS,nan,,
546,OSQ100h,16,Shoulder,Please look at this card and tell me where the fracture occurred.,Both males and females 20 YEARS - 150 YEARS,nan,,
547,OSQ100h,17,Collar Bone,Please look at this card and tell me where the fracture occurred.,Both males and females 20 YEARS - 150 YEARS,nan,,
548,OSQ100h,18,Ribs (Either Side),Please look at this card and tell me where the fracture occurred.,Both males and females 20 YEARS - 150 YEARS,nan,,
549,OSQ100h,19,Pelvis (Not Hip),Please look at this card and tell me where the fracture occurred.,Both males and females 20 YEARS - 150 YEARS,nan,,
550,OSQ100h,20,Upper Leg (Thigh Excluding Hip),Please look at this card and tell me where the fracture occurred.,Both males and females 20 YEARS - 150 YEARS,nan,,
551,OSQ100h,21,Lower Leg (Between Ankle And Knee),Please look at this card and tell me where the fracture occurred.,Both males and females 20 YEARS - 150 YEARS,nan,,
552,OSQ100h,22,Knee (Patella),Please look at this card and tell me where the fracture occurred.,Both males and females 20 YEARS - 150 YEARS,nan,,
553,OSQ100h,23,Ankle,Please look at this card and tell me where the fracture occurred.,Both males and females 20 YEARS - 150 YEARS,nan,,
554,OSQ100h,24,Heel,Please look at this card and tell me where the fracture occurred.,Both males and females 20 YEARS - 150 YEARS,nan,,
555,OSQ100h,25,Foot,Please look at this card and tell me where the fracture occurred.,Both males and females 20 YEARS - 150 YEARS,nan,,
556,OSQ100h,26,Toes,Please look at this card and tell me where the fracture occurred.,Both males and females 20 YEARS - 150 YEARS,nan,,
557,OSQ100h,27,Other (Do Not Specify),Please look at this card and tell me where the fracture occurred.,Both males and females 20 YEARS - 150 YEARS,nan,,
558,OSQ100h,77,Refused,Please look at this card and tell me where the fracture occurred.,Both males and females 20 YEARS - 150 YEARS,nan,,
559,OSQ100h,99,Don'T Know,Please look at this card and tell me where the fracture occurred.,Both males and females 20 YEARS - 150 YEARS,nan,,
560,OSQ100h,.,Missing,Please look at this card and tell me where the fracture occurred.,Both males and females 20 YEARS - 150 YEARS,nan,,
561,OSD110h,40 To 62,Range Of Values,How old {were you/was SP} when {you/SP} fractured {your/his/her} (fracture site selected in OSQ100h) for the first time after age 20?,Both males and females 20 YEARS - 150 YEARS,nan,,
562,OSD110h,80,80 Or Older,How old {were you/was SP} when {you/SP} fractured {your/his/her} (fracture site selected in OSQ100h) for the first time after age 20?,Both males and females 20 YEARS - 150 YEARS,nan,,
563,OSD110h,777,Refused,How old {were you/was SP} when {you/SP} fractured {your/his/her} (fracture site selected in OSQ100h) for the first time after age 20?,Both males and females 20 YEARS - 150 YEARS,nan,,
564,OSD110h,999,Don'T Know,How old {were you/was SP} when {you/SP} fractured {your/his/her} (fracture site selected in OSQ100h) for the first time after age 20?,Both males and females 20 YEARS - 150 YEARS,nan,,
565,OSD110h,.,Missing,How old {were you/was SP} when {you/SP} fractured {your/his/her} (fracture site selected in OSQ100h) for the first time after age 20?,Both males and females 20 YEARS - 150 YEARS,nan,,
566,OSQ120h,1,Yes,Has a doctor ever told {you/SP} that {you/s/he} had broken or fractured any other bones after {you were/s/he was} 20 years of age?,Both males and females 20 YEARS - 150 YEARS,nan,,
567,OSQ120h,2,No,Has a doctor ever told {you/SP} that {you/s/he} had broken or fractured any other bones after {you were/s/he was} 20 years of age?,Both males and females 20 YEARS - 150 YEARS,nan,,
568,OSQ120h,7,Refused,Has a doctor ever told {you/SP} that {you/s/he} had broken or fractured any other bones after {you were/s/he was} 20 years of age?,Both males and females 20 YEARS - 150 YEARS,nan,,
569,OSQ120h,9,Don'T Know,Has a doctor ever told {you/SP} that {you/s/he} had broken or fractured any other bones after {you were/s/he was} 20 years of age?,Both males and females 20 YEARS - 150 YEARS,nan,,
570,OSQ120h,.,Missing,Has a doctor ever told {you/SP} that {you/s/he} had broken or fractured any other bones after {you were/s/he was} 20 years of age?,Both males and females 20 YEARS - 150 YEARS,nan,,
571,OSQ090i,1,Yes,Was this fracture the result of severe trauma such as a car accident being struck by a vehicle a physical attack or a hard fall such as falling off a ladder or down stairs?,Both males and females 20 YEARS - 150 YEARS,nan,,
572,OSQ090i,2,No,Was this fracture the result of severe trauma such as a car accident being struck by a vehicle a physical attack or a hard fall such as falling off a ladder or down stairs?,Both males and females 20 YEARS - 150 YEARS,nan,,
573,OSQ090i,7,Refused,Was this fracture the result of severe trauma such as a car accident being struck by a vehicle a physical attack or a hard fall such as falling off a ladder or down stairs?,Both males and females 20 YEARS - 150 YEARS,nan,,
574,OSQ090i,9,Don'T Know,Was this fracture the result of severe trauma such as a car accident being struck by a vehicle a physical attack or a hard fall such as falling off a ladder or down stairs?,Both males and females 20 YEARS - 150 YEARS,nan,,
575,OSQ090i,.,Missing,Was this fracture the result of severe trauma such as a car accident being struck by a vehicle a physical attack or a hard fall such as falling off a ladder or down stairs?,Both males and females 20 YEARS - 150 YEARS,nan,,
576,OSQ120i,1,Yes,Has a doctor ever told {you/SP} that {you/s/he} had broken or fractured any other bones after {you were/s/he was} 20 years of age?,Both males and females 20 YEARS - 150 YEARS,nan,,
577,OSQ120i,2,No,Has a doctor ever told {you/SP} that {you/s/he} had broken or fractured any other bones after {you were/s/he was} 20 years of age?,Both males and females 20 YEARS - 150 YEARS,nan,,
578,OSQ120i,7,Refused,Has a doctor ever told {you/SP} that {you/s/he} had broken or fractured any other bones after {you were/s/he was} 20 years of age?,Both males and females 20 YEARS - 150 YEARS,nan,,
579,OSQ120i,9,Don'T Know,Has a doctor ever told {you/SP} that {you/s/he} had broken or fractured any other bones after {you were/s/he was} 20 years of age?,Both males and females 20 YEARS - 150 YEARS,nan,,
580,OSQ120i,.,Missing,Has a doctor ever told {you/SP} that {you/s/he} had broken or fractured any other bones after {you were/s/he was} 20 years of age?,Both males and females 20 YEARS - 150 YEARS,nan,,
581,OSQ090j,1,Yes,Was this fracture the result of severe trauma such as a car accident being struck by a vehicle a physical attack or a hard fall such as falling off a ladder or down stairs?,Both males and females 20 YEARS - 150 YEARS,nan,,
582,OSQ090j,2,No,Was this fracture the result of severe trauma such as a car accident being struck by a vehicle a physical attack or a hard fall such as falling off a ladder or down stairs?,Both males and females 20 YEARS - 150 YEARS,nan,,
583,OSQ090j,7,Refused,Was this fracture the result of severe trauma such as a car accident being struck by a vehicle a physical attack or a hard fall such as falling off a ladder or down stairs?,Both males and females 20 YEARS - 150 YEARS,nan,,
584,OSQ090j,9,Don'T Know,Was this fracture the result of severe trauma such as a car accident being struck by a vehicle a physical attack or a hard fall such as falling off a ladder or down stairs?,Both males and females 20 YEARS - 150 YEARS,nan,,
585,OSQ090j,.,Missing,Was this fracture the result of severe trauma such as a car accident being struck by a vehicle a physical attack or a hard fall such as falling off a ladder or down stairs?,Both males and females 20 YEARS - 150 YEARS,nan,,
586,OSQ120j,1,Yes,Has a doctor ever told {you/SP} that {you/s/he} had broken or fractured any other bones after {you were/s/he was} 20 years of age?,Both males and females 20 YEARS - 150 YEARS,nan,,
587,OSQ120j,2,No,Has a doctor ever told {you/SP} that {you/s/he} had broken or fractured any other bones after {you were/s/he was} 20 years of age?,Both males and females 20 YEARS - 150 YEARS,nan,,
588,OSQ120j,7,Refused,Has a doctor ever told {you/SP} that {you/s/he} had broken or fractured any other bones after {you were/s/he was} 20 years of age?,Both males and females 20 YEARS - 150 YEARS,nan,,
589,OSQ120j,9,Don'T Know,Has a doctor ever told {you/SP} that {you/s/he} had broken or fractured any other bones after {you were/s/he was} 20 years of age?,Both males and females 20 YEARS - 150 YEARS,nan,,
590,OSQ120j,.,Missing,Has a doctor ever told {you/SP} that {you/s/he} had broken or fractured any other bones after {you were/s/he was} 20 years of age?,Both males and females 20 YEARS - 150 YEARS,nan,,
591,OSQ129,,,nan,Both males and females 20 YEARS - 150 YEARS,nan,,
592,OSQ060,1,Yes,Has a doctor ever told {you/SP} that {you/s/he} had osteoporosis sometimes called thin or brittle bones?,Both males and females 20 YEARS - 150 YEARS,nan,,
593,OSQ060,2,No,Has a doctor ever told {you/SP} that {you/s/he} had osteoporosis sometimes called thin or brittle bones?,Both males and females 20 YEARS - 150 YEARS,nan,,
594,OSQ060,7,Refused,Has a doctor ever told {you/SP} that {you/s/he} had osteoporosis sometimes called thin or brittle bones?,Both males and females 20 YEARS - 150 YEARS,nan,,
595,OSQ060,9,Don'T Know,Has a doctor ever told {you/SP} that {you/s/he} had osteoporosis sometimes called thin or brittle bones?,Both males and females 20 YEARS - 150 YEARS,nan,,
596,OSQ060,.,Missing,Has a doctor ever told {you/SP} that {you/s/he} had osteoporosis sometimes called thin or brittle bones?,Both males and females 20 YEARS - 150 YEARS,nan,,
597,OSQ070,1,Yes,{Were you/Was SP} ever treated for osteoporosis?,Both males and females 20 YEARS - 150 YEARS,nan,,
598,OSQ070,2,No,{Were you/Was SP} ever treated for osteoporosis?,Both males and females 20 YEARS - 150 YEARS,nan,,
599,OSQ070,7,Refused,{Were you/Was SP} ever treated for osteoporosis?,Both males and females 20 YEARS - 150 YEARS,nan,,
600,OSQ070,9,Don'T Know,{Were you/Was SP} ever treated for osteoporosis?,Both males and females 20 YEARS - 150 YEARS,nan,,
601,OSQ070,.,Missing,{Were you/Was SP} ever treated for osteoporosis?,Both males and females 20 YEARS - 150 YEARS,nan,,
602,OSQ130,1,Yes,{Have you/has SP} ever taken any prednisone or cortisone pills nearly every day for a month or longer? [Prednisone and cortisone are types of steroids.],Both males and females 20 YEARS - 150 YEARS,nan,,
603,OSQ130,2,No,{Have you/has SP} ever taken any prednisone or cortisone pills nearly every day for a month or longer? [Prednisone and cortisone are types of steroids.],Both males and females 20 YEARS - 150 YEARS,nan,,
604,OSQ130,7,Refused,{Have you/has SP} ever taken any prednisone or cortisone pills nearly every day for a month or longer? [Prednisone and cortisone are types of steroids.],Both males and females 20 YEARS - 150 YEARS,nan,,
605,OSQ130,9,Don'T Know,{Have you/has SP} ever taken any prednisone or cortisone pills nearly every day for a month or longer? [Prednisone and cortisone are types of steroids.],Both males and females 20 YEARS - 150 YEARS,nan,,
606,OSQ130,.,Missing,{Have you/has SP} ever taken any prednisone or cortisone pills nearly every day for a month or longer? [Prednisone and cortisone are types of steroids.],Both males and females 20 YEARS - 150 YEARS,nan,,
607,OSQ140q,1 To 31,Range Of Values,Please think about {your/SPs} use of prednisone or cortisone during {your/his/her} lifetime. For how long did {you/s/he} use prednisone or cortisone nearly every day? Do not count the months or years when {you were/s/he was} not taking the medicine.,Both males and females 20 YEARS - 150 YEARS,nan,,
608,OSQ140q,777,Refused,Please think about {your/SPs} use of prednisone or cortisone during {your/his/her} lifetime. For how long did {you/s/he} use prednisone or cortisone nearly every day? Do not count the months or years when {you were/s/he was} not taking the medicine.,Both males and females 20 YEARS - 150 YEARS,nan,,
609,OSQ140q,999,Don'T Know,Please think about {your/SPs} use of prednisone or cortisone during {your/his/her} lifetime. For how long did {you/s/he} use prednisone or cortisone nearly every day? Do not count the months or years when {you were/s/he was} not taking the medicine.,Both males and females 20 YEARS - 150 YEARS,nan,,
610,OSQ140q,.,Missing,Please think about {your/SPs} use of prednisone or cortisone during {your/his/her} lifetime. For how long did {you/s/he} use prednisone or cortisone nearly every day? Do not count the months or years when {you were/s/he was} not taking the medicine.,Both males and females 20 YEARS - 150 YEARS,nan,,
611,OSQ140u,1,Month,How long used prednisone or cortisone: month year?,Both males and females 20 YEARS - 150 YEARS,nan,,
612,OSQ140u,2,Year,How long used prednisone or cortisone: month year?,Both males and females 20 YEARS - 150 YEARS,nan,,
613,OSQ140u,7,Refused,How long used prednisone or cortisone: month year?,Both males and females 20 YEARS - 150 YEARS,nan,,
614,OSQ140u,9,Don'T Know,How long used prednisone or cortisone: month year?,Both males and females 20 YEARS - 150 YEARS,nan,,
615,OSQ140u,.,Missing,How long used prednisone or cortisone: month year?,Both males and females 20 YEARS - 150 YEARS,nan,,
616,OSQ150,1,Yes,Including living and deceased were either of {your/SPs} biological parents ever told by a health professional that they had osteoporosis or brittle bones?,Both males and females 20 YEARS - 150 YEARS,nan,,
617,OSQ150,2,No,Including living and deceased were either of {your/SPs} biological parents ever told by a health professional that they had osteoporosis or brittle bones?,Both males and females 20 YEARS - 150 YEARS,nan,,
618,OSQ150,7,Refused,Including living and deceased were either of {your/SPs} biological parents ever told by a health professional that they had osteoporosis or brittle bones?,Both males and females 20 YEARS - 150 YEARS,nan,,
619,OSQ150,9,Don'T Know,Including living and deceased were either of {your/SPs} biological parents ever told by a health professional that they had osteoporosis or brittle bones?,Both males and females 20 YEARS - 150 YEARS,nan,,
620,OSQ150,.,Missing,Including living and deceased were either of {your/SPs} biological parents ever told by a health professional that they had osteoporosis or brittle bones?,Both males and females 20 YEARS - 150 YEARS,nan,,
621,OSQ160a,1,Mother,Mother was told had osteoporosis?,Both males and females 20 YEARS - 150 YEARS,nan,,
622,OSQ160a,7,Refused,Mother was told had osteoporosis?,Both males and females 20 YEARS - 150 YEARS,nan,,
623,OSQ160a,9,Don'T Know,Mother was told had osteoporosis?,Both males and females 20 YEARS - 150 YEARS,nan,,
624,OSQ160a,.,Missing,Mother was told had osteoporosis?,Both males and females 20 YEARS - 150 YEARS,nan,,
625,OSQ160b,2,Father,Father was told had osteoporosis?,Both males and females 20 YEARS - 150 YEARS,nan,,
626,OSQ160b,.,Missing,Father was told had osteoporosis?,Both males and females 20 YEARS - 150 YEARS,nan,,
627,OSQ170,1,Yes,Did {your/SPs} biological mother ever fracture her hip?,Both males and females 20 YEARS - 150 YEARS,nan,,
628,OSQ170,2,No,Did {your/SPs} biological mother ever fracture her hip?,Both males and females 20 YEARS - 150 YEARS,nan,,
629,OSQ170,7,Refused,Did {your/SPs} biological mother ever fracture her hip?,Both males and females 20 YEARS - 150 YEARS,nan,,
630,OSQ170,9,Don'T Know,Did {your/SPs} biological mother ever fracture her hip?,Both males and females 20 YEARS - 150 YEARS,nan,,
631,OSQ170,.,Missing,Did {your/SPs} biological mother ever fracture her hip?,Both males and females 20 YEARS - 150 YEARS,nan,,
632,OSQ180,2 To 101,Range Of Values,About how old was she when she fractured her hip (the first time)?,Both males and females 20 YEARS - 150 YEARS,nan,,
633,OSQ180,777,Refused,About how old was she when she fractured her hip (the first time)?,Both males and females 20 YEARS - 150 YEARS,nan,,
634,OSQ180,999,Don'T Know,About how old was she when she fractured her hip (the first time)?,Both males and females 20 YEARS - 150 YEARS,nan,,
635,OSQ180,.,Missing,About how old was she when she fractured her hip (the first time)?,Both males and females 20 YEARS - 150 YEARS,nan,,
636,OSQ190,1,Under 50 Years Or,Was she. . .,Both males and females 20 YEARS - 150 YEARS,nan,,
637,OSQ190,2,50 Years Or Older?,Was she. . .,Both males and females 20 YEARS - 150 YEARS,nan,,
638,OSQ190,7,Refused,Was she. . .,Both males and females 20 YEARS - 150 YEARS,nan,,
639,OSQ190,9,Don'T Know,Was she. . .,Both males and females 20 YEARS - 150 YEARS,nan,,
640,OSQ190,.,Missing,Was she. . .,Both males and females 20 YEARS - 150 YEARS,nan,,
641,OSQ200,1,Yes,Did {your/SPs} biological father ever fracture his hip?,Both males and females 20 YEARS - 150 YEARS,nan,,
642,OSQ200,2,No,Did {your/SPs} biological father ever fracture his hip?,Both males and females 20 YEARS - 150 YEARS,nan,,
643,OSQ200,7,Refused,Did {your/SPs} biological father ever fracture his hip?,Both males and females 20 YEARS - 150 YEARS,nan,,
644,OSQ200,9,Don'T Know,Did {your/SPs} biological father ever fracture his hip?,Both males and females 20 YEARS - 150 YEARS,nan,,
645,OSQ200,.,Missing,Did {your/SPs} biological father ever fracture his hip?,Both males and females 20 YEARS - 150 YEARS,nan,,
646,OSQ210,14 To 103,Range Of Values,About how old was he when he fractured his hip (the first time)?,Both males and females 20 YEARS - 150 YEARS,nan,,
647,OSQ210,777,Refused,About how old was he when he fractured his hip (the first time)?,Both males and females 20 YEARS - 150 YEARS,nan,,
648,OSQ210,999,Don'T Know,About how old was he when he fractured his hip (the first time)?,Both males and females 20 YEARS - 150 YEARS,nan,,
649,OSQ210,.,Missing,About how old was he when he fractured his hip (the first time)?,Both males and females 20 YEARS - 150 YEARS,nan,,
650,OSQ220,1,"Under 50 Years Old, Or",Was he . . .,Both males and females 20 YEARS - 150 YEARS,nan,,
651,OSQ220,2,50 Years Old Or Older?,Was he . . .,Both males and females 20 YEARS - 150 YEARS,nan,,
652,OSQ220,7,Refused,Was he . . .,Both males and females 20 YEARS - 150 YEARS,nan,,
653,OSQ220,9,Don'T Know,Was he . . .,Both males and females 20 YEARS - 150 YEARS,nan,,
654,OSQ220,.,Missing,Was he . . .,Both males and females 20 YEARS - 150 YEARS,nan,,
