,Column,Code,Label,English_Text,Target,English_Instructions,Class,Other For
0,SEQN,,,Respondent sequence number.,Both males and females 20 YEARS - 39 YEARS,nan,,
1,WTSCI2YR,2594.9999622 To 453821.755,Range Of Values,CIDI Subsample 2 year MEC Weight,Both males and females 20 YEARS - 39 YEARS,nan,,
2,WTSCI2YR,.,Missing,CIDI Subsample 2 year MEC Weight,Both males and females 20 YEARS - 39 YEARS,nan,,
3,WTSCI4YR,1820.5187288 To 230304.53472,Range Of Values,CIDI Subsample 4 Year MEC Weight,Both males and females 20 YEARS - 39 YEARS,nan,,
4,WTSCI4YR,.,Missing,CIDI Subsample 4 Year MEC Weight,Both males and females 20 YEARS - 39 YEARS,nan,,
5,WTSCI01,0 To 398435.0826,Range Of Values,Adult Mental Health MEC Weight Jack Knife Rep 1,Both males and females 20 YEARS - 39 YEARS,nan,,
6,WTSCI01,.,Missing,Adult Mental Health MEC Weight Jack Knife Rep 1,Both males and females 20 YEARS - 39 YEARS,nan,,
7,WTSCI02,0 To 461961.55987,Range Of Values,Adult Mental Health MEC Weight Jack Knife Rep 2,Both males and females 20 YEARS - 39 YEARS,nan,,
8,WTSCI02,.,Missing,Adult Mental Health MEC Weight Jack Knife Rep 2,Both males and females 20 YEARS - 39 YEARS,nan,,
9,WTSCI03,0 To 452283.98312,Range Of Values,Adult Mental Health MEC Weight Jack Knife Rep 3,Both males and females 20 YEARS - 39 YEARS,nan,,
10,WTSCI03,.,Missing,Adult Mental Health MEC Weight Jack Knife Rep 3,Both males and females 20 YEARS - 39 YEARS,nan,,
11,WTSCI04,0 To 458854.09342,Range Of Values,Adult Mental Health MEC Weight Jack Knife Rep 4,Both males and females 20 YEARS - 39 YEARS,nan,,
12,WTSCI04,.,Missing,Adult Mental Health MEC Weight Jack Knife Rep 4,Both males and females 20 YEARS - 39 YEARS,nan,,
13,WTSCI05,0 To 463108.88205,Range Of Values,Adult Mental Health MEC Weight Jack Knife Rep 5,Both males and females 20 YEARS - 39 YEARS,nan,,
14,WTSCI05,.,Missing,Adult Mental Health MEC Weight Jack Knife Rep 5,Both males and females 20 YEARS - 39 YEARS,nan,,
15,WTSCI06,0 To 465286.83757,Range Of Values,Adult Mental Health MEC Weight Jack Knife Rep 6,Both males and females 20 YEARS - 39 YEARS,nan,,
16,WTSCI06,.,Missing,Adult Mental Health MEC Weight Jack Knife Rep 6,Both males and females 20 YEARS - 39 YEARS,nan,,
17,WTSCI07,0 To 473177.70915,Range Of Values,Adult Mental Health MEC Weight Jack Knife Rep 7,Both males and females 20 YEARS - 39 YEARS,nan,,
18,WTSCI07,.,Missing,Adult Mental Health MEC Weight Jack Knife Rep 7,Both males and females 20 YEARS - 39 YEARS,nan,,
19,WTSCI08,0 To 467829.57163,Range Of Values,Adult Mental Health MEC Weight Jack Knife Rep 8,Both males and females 20 YEARS - 39 YEARS,nan,,
20,WTSCI08,.,Missing,Adult Mental Health MEC Weight Jack Knife Rep 8,Both males and females 20 YEARS - 39 YEARS,nan,,
21,WTSCI09,0 To 459322.52245,Range Of Values,Adult Mental Health MEC Weight Jack Knife Rep 9,Both males and females 20 YEARS - 39 YEARS,nan,,
22,WTSCI09,.,Missing,Adult Mental Health MEC Weight Jack Knife Rep 9,Both males and females 20 YEARS - 39 YEARS,nan,,
23,WTSCI10,0 To 466134.25216,Range Of Values,Adult Mental Health MEC Weight Jack Knife Rep 10,Both males and females 20 YEARS - 39 YEARS,nan,,
24,WTSCI10,.,Missing,Adult Mental Health MEC Weight Jack Knife Rep 10,Both males and females 20 YEARS - 39 YEARS,nan,,
25,WTSCI11,0 To 467804.07149,Range Of Values,Adult Mental Health MEC Weight Jack Knife Rep 11,Both males and females 20 YEARS - 39 YEARS,nan,,
26,WTSCI11,.,Missing,Adult Mental Health MEC Weight Jack Knife Rep 11,Both males and females 20 YEARS - 39 YEARS,nan,,
27,WTSCI12,0 To 472455.9849,Range Of Values,Adult Mental Health MEC Weight Jack Knife Rep 12,Both males and females 20 YEARS - 39 YEARS,nan,,
28,WTSCI12,.,Missing,Adult Mental Health MEC Weight Jack Knife Rep 12,Both males and females 20 YEARS - 39 YEARS,nan,,
29,WTSCI13,0 To 457478.98045,Range Of Values,Adult Mental Health MEC Weight Jack Knife Rep 13,Both males and females 20 YEARS - 39 YEARS,nan,,
30,WTSCI13,.,Missing,Adult Mental Health MEC Weight Jack Knife Rep 13,Both males and females 20 YEARS - 39 YEARS,nan,,
31,WTSCI14,0 To 457116.57848,Range Of Values,Adult Mental Health MEC Weight Jack Knife Rep 14,Both males and females 20 YEARS - 39 YEARS,nan,,
32,WTSCI14,.,Missing,Adult Mental Health MEC Weight Jack Knife Rep 14,Both males and females 20 YEARS - 39 YEARS,nan,,
33,WTSCI15,0 To 479890.83179,Range Of Values,Adult Mental Health MEC Weight Jack Knife Rep 15,Both males and females 20 YEARS - 39 YEARS,nan,,
34,WTSCI15,.,Missing,Adult Mental Health MEC Weight Jack Knife Rep 15,Both males and females 20 YEARS - 39 YEARS,nan,,
35,WTSCI16,0 To 472197.06016,Range Of Values,Adult Mental Health MEC Weight Jack Knife Rep 16,Both males and females 20 YEARS - 39 YEARS,nan,,
36,WTSCI16,.,Missing,Adult Mental Health MEC Weight Jack Knife Rep 16,Both males and females 20 YEARS - 39 YEARS,nan,,
37,WTSCI17,0 To 461662.8862,Range Of Values,Adult Mental Health MEC Weight Jack Knife Rep 17,Both males and females 20 YEARS - 39 YEARS,nan,,
38,WTSCI17,.,Missing,Adult Mental Health MEC Weight Jack Knife Rep 17,Both males and females 20 YEARS - 39 YEARS,nan,,
39,WTSCI18,0 To 459502.12247,Range Of Values,Adult Mental Health MEC Weight Jack Knife Rep 18,Both males and females 20 YEARS - 39 YEARS,nan,,
40,WTSCI18,.,Missing,Adult Mental Health MEC Weight Jack Knife Rep 18,Both males and females 20 YEARS - 39 YEARS,nan,,
41,WTSCI19,0 To 453363.98937,Range Of Values,Adult Mental Health MEC Weight Jack Knife Rep 19,Both males and females 20 YEARS - 39 YEARS,nan,,
42,WTSCI19,.,Missing,Adult Mental Health MEC Weight Jack Knife Rep 19,Both males and females 20 YEARS - 39 YEARS,nan,,
43,WTSCI20,0 To 453565.37421,Range Of Values,Adult Mental Health MEC Weight Jack Knife Rep 20,Both males and females 20 YEARS - 39 YEARS,nan,,
44,WTSCI20,.,Missing,Adult Mental Health MEC Weight Jack Knife Rep 20,Both males and females 20 YEARS - 39 YEARS,nan,,
45,WTSCI21,0 To 466661.48066,Range Of Values,Adult Mental Health MEC Weight Jack Knife Rep 21,Both males and females 20 YEARS - 39 YEARS,nan,,
46,WTSCI21,.,Missing,Adult Mental Health MEC Weight Jack Knife Rep 21,Both males and females 20 YEARS - 39 YEARS,nan,,
47,WTSCI22,0 To 453336.43801,Range Of Values,Adult Mental Health MEC Weight Jack Knife Rep 22,Both males and females 20 YEARS - 39 YEARS,nan,,
48,WTSCI22,.,Missing,Adult Mental Health MEC Weight Jack Knife Rep 22,Both males and females 20 YEARS - 39 YEARS,nan,,
49,WTSCI23,0 To 461089.14667,Range Of Values,Adult Mental Health MEC Weight Jack Knife Rep 23,Both males and females 20 YEARS - 39 YEARS,nan,,
50,WTSCI23,.,Missing,Adult Mental Health MEC Weight Jack Knife Rep 23,Both males and females 20 YEARS - 39 YEARS,nan,,
51,WTSCI24,0 To 461800.44955,Range Of Values,Adult Mental Health MEC Weight Jack Knife Rep 24,Both males and females 20 YEARS - 39 YEARS,nan,,
52,WTSCI24,.,Missing,Adult Mental Health MEC Weight Jack Knife Rep 24,Both males and females 20 YEARS - 39 YEARS,nan,,
53,WTSCI25,0 To 449791.62186,Range Of Values,Adult Mental Health MEC Weight Jack Knife Rep 25,Both males and females 20 YEARS - 39 YEARS,nan,,
54,WTSCI25,.,Missing,Adult Mental Health MEC Weight Jack Knife Rep 25,Both males and females 20 YEARS - 39 YEARS,nan,,
55,WTSCI26,0 To 467527.91622,Range Of Values,Adult Mental Health MEC Weight Jack Knife Rep 26,Both males and females 20 YEARS - 39 YEARS,nan,,
56,WTSCI26,.,Missing,Adult Mental Health MEC Weight Jack Knife Rep 26,Both males and females 20 YEARS - 39 YEARS,nan,,
57,WTSCI27,0 To 495857.94491,Range Of Values,Adult Mental Health MEC Weight Jack Knife Rep 27,Both males and females 20 YEARS - 39 YEARS,nan,,
58,WTSCI27,.,Missing,Adult Mental Health MEC Weight Jack Knife Rep 27,Both males and females 20 YEARS - 39 YEARS,nan,,
59,WTSCI28,0 To 468136.38942,Range Of Values,Adult Mental Health MEC Weight Jack Knife Rep 28,Both males and females 20 YEARS - 39 YEARS,nan,,
60,WTSCI28,.,Missing,Adult Mental Health MEC Weight Jack Knife Rep 28,Both males and females 20 YEARS - 39 YEARS,nan,,
61,WTSCI29,0 To 456559.93088,Range Of Values,Adult Mental Health MEC Weight Jack Knife Rep 29,Both males and females 20 YEARS - 39 YEARS,nan,,
62,WTSCI29,.,Missing,Adult Mental Health MEC Weight Jack Knife Rep 29,Both males and females 20 YEARS - 39 YEARS,nan,,
63,WTSCI30,0 To 469625.93484,Range Of Values,Adult Mental Health MEC Weight Jack Knife Rep 30,Both males and females 20 YEARS - 39 YEARS,nan,,
64,WTSCI30,.,Missing,Adult Mental Health MEC Weight Jack Knife Rep 30,Both males and females 20 YEARS - 39 YEARS,nan,,
65,WTSCI31,0 To 456130.88779,Range Of Values,Adult Mental Health MEC Weight Jack Knife Rep 31,Both males and females 20 YEARS - 39 YEARS,nan,,
66,WTSCI31,.,Missing,Adult Mental Health MEC Weight Jack Knife Rep 31,Both males and females 20 YEARS - 39 YEARS,nan,,
67,WTSCI32,0 To 478074.72636,Range Of Values,Adult Mental Health MEC Weight Jack Knife Rep 32,Both males and females 20 YEARS - 39 YEARS,nan,,
68,WTSCI32,.,Missing,Adult Mental Health MEC Weight Jack Knife Rep 32,Both males and females 20 YEARS - 39 YEARS,nan,,
69,WTSCI33,0 To 469292.08053,Range Of Values,Adult Mental Health MEC Weight Jack Knife Rep 33,Both males and females 20 YEARS - 39 YEARS,nan,,
70,WTSCI33,.,Missing,Adult Mental Health MEC Weight Jack Knife Rep 33,Both males and females 20 YEARS - 39 YEARS,nan,,
71,WTSCI34,0 To 459926.3522,Range Of Values,Adult Mental Health MEC Weight Jack Knife Rep 34,Both males and females 20 YEARS - 39 YEARS,nan,,
72,WTSCI34,.,Missing,Adult Mental Health MEC Weight Jack Knife Rep 34,Both males and females 20 YEARS - 39 YEARS,nan,,
73,WTSCI35,0 To 488077.34317,Range Of Values,Adult Mental Health MEC Weight Jack Knife Rep 35,Both males and females 20 YEARS - 39 YEARS,nan,,
74,WTSCI35,.,Missing,Adult Mental Health MEC Weight Jack Knife Rep 35,Both males and females 20 YEARS - 39 YEARS,nan,,
75,WTSCI36,0 To 466148.25754,Range Of Values,Adult Mental Health MEC Weight Jack Knife Rep 36,Both males and females 20 YEARS - 39 YEARS,nan,,
76,WTSCI36,.,Missing,Adult Mental Health MEC Weight Jack Knife Rep 36,Both males and females 20 YEARS - 39 YEARS,nan,,
77,WTSCI37,0 To 454868.25874,Range Of Values,Adult Mental Health MEC Weight Jack Knife Rep 37,Both males and females 20 YEARS - 39 YEARS,nan,,
78,WTSCI37,.,Missing,Adult Mental Health MEC Weight Jack Knife Rep 37,Both males and females 20 YEARS - 39 YEARS,nan,,
79,WTSCI38,0 To 465258.25808,Range Of Values,Adult Mental Health MEC Weight Jack Knife Rep 38,Both males and females 20 YEARS - 39 YEARS,nan,,
80,WTSCI38,.,Missing,Adult Mental Health MEC Weight Jack Knife Rep 38,Both males and females 20 YEARS - 39 YEARS,nan,,
81,WTSCI39,0 To 456571.82273,Range Of Values,Adult Mental Health MEC Weight Jack Knife Rep 39,Both males and females 20 YEARS - 39 YEARS,nan,,
82,WTSCI39,.,Missing,Adult Mental Health MEC Weight Jack Knife Rep 39,Both males and females 20 YEARS - 39 YEARS,nan,,
83,WTSCI40,0 To 454517.7844,Range Of Values,Adult Mental Health MEC Weight Jack Knife Rep 40,Both males and females 20 YEARS - 39 YEARS,nan,,
84,WTSCI40,.,Missing,Adult Mental Health MEC Weight Jack Knife Rep 40,Both males and females 20 YEARS - 39 YEARS,nan,,
85,WTSCI41,0 To 473058.69658,Range Of Values,Adult Mental Health MEC Weight Jack Knife Rep 41,Both males and females 20 YEARS - 39 YEARS,nan,,
86,WTSCI41,.,Missing,Adult Mental Health MEC Weight Jack Knife Rep 41,Both males and females 20 YEARS - 39 YEARS,nan,,
87,WTSCI42,0 To 471268.53263,Range Of Values,Adult Mental Health MEC Weight Jack Knife Rep 42,Both males and females 20 YEARS - 39 YEARS,nan,,
88,WTSCI42,.,Missing,Adult Mental Health MEC Weight Jack Knife Rep 42,Both males and females 20 YEARS - 39 YEARS,nan,,
89,WTSCI43,0 To 456821.45197,Range Of Values,Adult Mental Health MEC Weight Jack Knife Rep 43,Both males and females 20 YEARS - 39 YEARS,nan,,
90,WTSCI43,.,Missing,Adult Mental Health MEC Weight Jack Knife Rep 43,Both males and females 20 YEARS - 39 YEARS,nan,,
91,WTSCI44,0 To 465704.35689,Range Of Values,Adult Mental Health MEC Weight Jack Knife Rep 44,Both males and females 20 YEARS - 39 YEARS,nan,,
92,WTSCI44,.,Missing,Adult Mental Health MEC Weight Jack Knife Rep 44,Both males and females 20 YEARS - 39 YEARS,nan,,
93,WTSCI45,0 To 478047.38164,Range Of Values,Adult Mental Health MEC Weight Jack Knife Rep 45,Both males and females 20 YEARS - 39 YEARS,nan,,
94,WTSCI45,.,Missing,Adult Mental Health MEC Weight Jack Knife Rep 45,Both males and females 20 YEARS - 39 YEARS,nan,,
95,WTSCI46,0 To 480468.6574,Range Of Values,Adult Mental Health MEC Weight Jack Knife Rep 46,Both males and females 20 YEARS - 39 YEARS,nan,,
96,WTSCI46,.,Missing,Adult Mental Health MEC Weight Jack Knife Rep 46,Both males and females 20 YEARS - 39 YEARS,nan,,
97,WTSCI47,0 To 490958.88942,Range Of Values,Adult Mental Health MEC Weight Jack Knife Rep 47,Both males and females 20 YEARS - 39 YEARS,nan,,
98,WTSCI47,.,Missing,Adult Mental Health MEC Weight Jack Knife Rep 47,Both males and females 20 YEARS - 39 YEARS,nan,,
99,WTSCI48,0 To 454320.2157,Range Of Values,Adult Mental Health MEC Weight Jack Knife Rep 48,Both males and females 20 YEARS - 39 YEARS,nan,,
100,WTSCI48,.,Missing,Adult Mental Health MEC Weight Jack Knife Rep 48,Both males and females 20 YEARS - 39 YEARS,nan,,
101,WTSCI49,0 To 457706.85077,Range Of Values,Adult Mental Health MEC Weight Jack Knife Rep 49,Both males and females 20 YEARS - 39 YEARS,nan,,
102,WTSCI49,.,Missing,Adult Mental Health MEC Weight Jack Knife Rep 49,Both males and females 20 YEARS - 39 YEARS,nan,,
103,WTSCI50,0 To 457285.14134,Range Of Values,Adult Mental Health MEC Weight Jack Knife Rep 50,Both males and females 20 YEARS - 39 YEARS,nan,,
104,WTSCI50,.,Missing,Adult Mental Health MEC Weight Jack Knife Rep 50,Both males and females 20 YEARS - 39 YEARS,nan,,
105,WTSCI51,0 To 475246.94754,Range Of Values,Adult Mental Health MEC Weight Jack Knife Rep 51,Both males and females 20 YEARS - 39 YEARS,nan,,
106,WTSCI51,.,Missing,Adult Mental Health MEC Weight Jack Knife Rep 51,Both males and females 20 YEARS - 39 YEARS,nan,,
107,WTSCI52,0 To 465294.94103,Range Of Values,Adult Mental Health MEC Weight Jack Knife Rep 52,Both males and females 20 YEARS - 39 YEARS,nan,,
108,WTSCI52,.,Missing,Adult Mental Health MEC Weight Jack Knife Rep 52,Both males and females 20 YEARS - 39 YEARS,nan,,
109,CIAORDER,0,"Panic, Gad, Depression",Order in which CIDI modules are asked,Both males and females 20 YEARS - 39 YEARS,nan,,
110,CIAORDER,1,"Depression, Panic, Gad",Order in which CIDI modules are asked,Both males and females 20 YEARS - 39 YEARS,nan,,
111,CIAORDER,.,Missing,Order in which CIDI modules are asked,Both males and females 20 YEARS - 39 YEARS,nan,,
112,CIQD001,1,Yes,In the past 12 months have you had a period of two weeks or longer when you felt sad or depressed or empty?,Both males and females 20 YEARS - 39 YEARS,nan,,
113,CIQD001,2,No,In the past 12 months have you had a period of two weeks or longer when you felt sad or depressed or empty?,Both males and females 20 YEARS - 39 YEARS,nan,,
114,CIQD001,7,Refuse,In the past 12 months have you had a period of two weeks or longer when you felt sad or depressed or empty?,Both males and females 20 YEARS - 39 YEARS,nan,,
115,CIQD001,9,Don'T Know,In the past 12 months have you had a period of two weeks or longer when you felt sad or depressed or empty?,Both males and females 20 YEARS - 39 YEARS,nan,,
116,CIQD001,.,Missing,In the past 12 months have you had a period of two weeks or longer when you felt sad or depressed or empty?,Both males and females 20 YEARS - 39 YEARS,nan,,
117,CIQD002,1,Every Day,Think of the two weeks during the past 12 months when this feeling was most persistent. During that two-week period did you feel sad or depressed or empty every day nearly every day most days about half the days or less than half the days?,Both males and females 20 YEARS - 39 YEARS,nan,,
118,CIQD002,2,Nearly Every Day,Think of the two weeks during the past 12 months when this feeling was most persistent. During that two-week period did you feel sad or depressed or empty every day nearly every day most days about half the days or less than half the days?,Both males and females 20 YEARS - 39 YEARS,nan,,
119,CIQD002,3,Most Days,Think of the two weeks during the past 12 months when this feeling was most persistent. During that two-week period did you feel sad or depressed or empty every day nearly every day most days about half the days or less than half the days?,Both males and females 20 YEARS - 39 YEARS,nan,,
120,CIQD002,4,About Half The Days,Think of the two weeks during the past 12 months when this feeling was most persistent. During that two-week period did you feel sad or depressed or empty every day nearly every day most days about half the days or less than half the days?,Both males and females 20 YEARS - 39 YEARS,nan,,
121,CIQD002,5,Less Than Half The Days,Think of the two weeks during the past 12 months when this feeling was most persistent. During that two-week period did you feel sad or depressed or empty every day nearly every day most days about half the days or less than half the days?,Both males and females 20 YEARS - 39 YEARS,nan,,
122,CIQD002,7,Refuse,Think of the two weeks during the past 12 months when this feeling was most persistent. During that two-week period did you feel sad or depressed or empty every day nearly every day most days about half the days or less than half the days?,Both males and females 20 YEARS - 39 YEARS,nan,,
123,CIQD002,9,Don'T Know,Think of the two weeks during the past 12 months when this feeling was most persistent. During that two-week period did you feel sad or depressed or empty every day nearly every day most days about half the days or less than half the days?,Both males and females 20 YEARS - 39 YEARS,nan,,
124,CIQD002,.,Missing,Think of the two weeks during the past 12 months when this feeling was most persistent. During that two-week period did you feel sad or depressed or empty every day nearly every day most days about half the days or less than half the days?,Both males and females 20 YEARS - 39 YEARS,nan,,
125,CIQD003,1,All Day Long,And did this feeling usually last all day long most of the day about half the day or less than half the day?,Both males and females 20 YEARS - 39 YEARS,nan,,
126,CIQD003,2,Most Of The Day,And did this feeling usually last all day long most of the day about half the day or less than half the day?,Both males and females 20 YEARS - 39 YEARS,nan,,
127,CIQD003,3,About Half,And did this feeling usually last all day long most of the day about half the day or less than half the day?,Both males and females 20 YEARS - 39 YEARS,nan,,
128,CIQD003,4,Less Than Half,And did this feeling usually last all day long most of the day about half the day or less than half the day?,Both males and females 20 YEARS - 39 YEARS,nan,,
129,CIQD003,7,Refuse,And did this feeling usually last all day long most of the day about half the day or less than half the day?,Both males and females 20 YEARS - 39 YEARS,nan,,
130,CIQD003,9,Don'T Know,And did this feeling usually last all day long most of the day about half the day or less than half the day?,Both males and females 20 YEARS - 39 YEARS,nan,,
131,CIQD003,.,Missing,And did this feeling usually last all day long most of the day about half the day or less than half the day?,Both males and females 20 YEARS - 39 YEARS,nan,,
132,CIQD004,1,Yes,Please look at Card C. People who have periods of being sad depressed or empty often have other problems on this list at the same time like changes in sleep or energy or appetite or concentration or feelings of low self-worth. During the time you were sad depressed or empty did you also have any of these other problems?,Both males and females 20 YEARS - 39 YEARS,nan,,
133,CIQD004,2,No,Please look at Card C. People who have periods of being sad depressed or empty often have other problems on this list at the same time like changes in sleep or energy or appetite or concentration or feelings of low self-worth. During the time you were sad depressed or empty did you also have any of these other problems?,Both males and females 20 YEARS - 39 YEARS,nan,,
134,CIQD004,7,Refuse,Please look at Card C. People who have periods of being sad depressed or empty often have other problems on this list at the same time like changes in sleep or energy or appetite or concentration or feelings of low self-worth. During the time you were sad depressed or empty did you also have any of these other problems?,Both males and females 20 YEARS - 39 YEARS,nan,,
135,CIQD004,9,Don'T Know,Please look at Card C. People who have periods of being sad depressed or empty often have other problems on this list at the same time like changes in sleep or energy or appetite or concentration or feelings of low self-worth. During the time you were sad depressed or empty did you also have any of these other problems?,Both males and females 20 YEARS - 39 YEARS,nan,,
136,CIQD004,.,Missing,Please look at Card C. People who have periods of being sad depressed or empty often have other problems on this list at the same time like changes in sleep or energy or appetite or concentration or feelings of low self-worth. During the time you were sad depressed or empty did you also have any of these other problems?,Both males and females 20 YEARS - 39 YEARS,nan,,
137,CIQD005,1,Yes,For the next questions please think of the two weeks during the past 12 months when you were sad depressed or empty and had the largest number of these other problems. During that two-week period did you lack energy or feel tired all the time nearly every day even when you had not been working very hard?,Both males and females 20 YEARS - 39 YEARS,nan,,
138,CIQD005,2,No,For the next questions please think of the two weeks during the past 12 months when you were sad depressed or empty and had the largest number of these other problems. During that two-week period did you lack energy or feel tired all the time nearly every day even when you had not been working very hard?,Both males and females 20 YEARS - 39 YEARS,nan,,
139,CIQD005,7,Refuse,For the next questions please think of the two weeks during the past 12 months when you were sad depressed or empty and had the largest number of these other problems. During that two-week period did you lack energy or feel tired all the time nearly every day even when you had not been working very hard?,Both males and females 20 YEARS - 39 YEARS,nan,,
140,CIQD005,9,Don'T Know,For the next questions please think of the two weeks during the past 12 months when you were sad depressed or empty and had the largest number of these other problems. During that two-week period did you lack energy or feel tired all the time nearly every day even when you had not been working very hard?,Both males and females 20 YEARS - 39 YEARS,nan,,
141,CIQD005,.,Missing,For the next questions please think of the two weeks during the past 12 months when you were sad depressed or empty and had the largest number of these other problems. During that two-week period did you lack energy or feel tired all the time nearly every day even when you had not been working very hard?,Both males and females 20 YEARS - 39 YEARS,nan,,
142,CIQD006,1,Yes,During that two-week period did you lose interest in most things like work hobbies and other things you usually enjoy?,Both males and females 20 YEARS - 39 YEARS,nan,,
143,CIQD006,2,No,During that two-week period did you lose interest in most things like work hobbies and other things you usually enjoy?,Both males and females 20 YEARS - 39 YEARS,nan,,
144,CIQD006,7,Refuse,During that two-week period did you lose interest in most things like work hobbies and other things you usually enjoy?,Both males and females 20 YEARS - 39 YEARS,nan,,
145,CIQD006,9,Don'T Know,During that two-week period did you lose interest in most things like work hobbies and other things you usually enjoy?,Both males and females 20 YEARS - 39 YEARS,nan,,
146,CIQD006,.,Missing,During that two-week period did you lose interest in most things like work hobbies and other things you usually enjoy?,Both males and females 20 YEARS - 39 YEARS,nan,,
147,CIQD007,1,Yes,During that two-week period did you feel irritable or grouchy or in a bad mood most of the time?,Both males and females 20 YEARS - 39 YEARS,nan,,
148,CIQD007,2,No,During that two-week period did you feel irritable or grouchy or in a bad mood most of the time?,Both males and females 20 YEARS - 39 YEARS,nan,,
149,CIQD007,7,Refuse,During that two-week period did you feel irritable or grouchy or in a bad mood most of the time?,Both males and females 20 YEARS - 39 YEARS,nan,,
150,CIQD007,9,Don'T Know,During that two-week period did you feel irritable or grouchy or in a bad mood most of the time?,Both males and females 20 YEARS - 39 YEARS,nan,,
151,CIQD007,.,Missing,During that two-week period did you feel irritable or grouchy or in a bad mood most of the time?,Both males and females 20 YEARS - 39 YEARS,nan,,
152,CIQD008,1,Yes,In the past 12 months have you had a period of two weeks or longer when you lost interest in most things like work hobbies and other things you usually enjoy?,Both males and females 20 YEARS - 39 YEARS,nan,,
153,CIQD008,2,No,In the past 12 months have you had a period of two weeks or longer when you lost interest in most things like work hobbies and other things you usually enjoy?,Both males and females 20 YEARS - 39 YEARS,nan,,
154,CIQD008,7,Refuse,In the past 12 months have you had a period of two weeks or longer when you lost interest in most things like work hobbies and other things you usually enjoy?,Both males and females 20 YEARS - 39 YEARS,nan,,
155,CIQD008,9,Don'T Know,In the past 12 months have you had a period of two weeks or longer when you lost interest in most things like work hobbies and other things you usually enjoy?,Both males and females 20 YEARS - 39 YEARS,nan,,
156,CIQD008,.,Missing,In the past 12 months have you had a period of two weeks or longer when you lost interest in most things like work hobbies and other things you usually enjoy?,Both males and females 20 YEARS - 39 YEARS,nan,,
157,CIQD009,1,Every Day,Think of the two weeks when this loss of interest was most persistent. During that two-week period did you lose interest in things every day nearly every day most days about half the days or less than half the days?,Both males and females 20 YEARS - 39 YEARS,nan,,
158,CIQD009,2,Nearly Every Day,Think of the two weeks when this loss of interest was most persistent. During that two-week period did you lose interest in things every day nearly every day most days about half the days or less than half the days?,Both males and females 20 YEARS - 39 YEARS,nan,,
159,CIQD009,3,Most Days,Think of the two weeks when this loss of interest was most persistent. During that two-week period did you lose interest in things every day nearly every day most days about half the days or less than half the days?,Both males and females 20 YEARS - 39 YEARS,nan,,
160,CIQD009,4,About Half The Days,Think of the two weeks when this loss of interest was most persistent. During that two-week period did you lose interest in things every day nearly every day most days about half the days or less than half the days?,Both males and females 20 YEARS - 39 YEARS,nan,,
161,CIQD009,5,Less Than Half The Days,Think of the two weeks when this loss of interest was most persistent. During that two-week period did you lose interest in things every day nearly every day most days about half the days or less than half the days?,Both males and females 20 YEARS - 39 YEARS,nan,,
162,CIQD009,7,Refuse,Think of the two weeks when this loss of interest was most persistent. During that two-week period did you lose interest in things every day nearly every day most days about half the days or less than half the days?,Both males and females 20 YEARS - 39 YEARS,nan,,
163,CIQD009,9,Don'T Know,Think of the two weeks when this loss of interest was most persistent. During that two-week period did you lose interest in things every day nearly every day most days about half the days or less than half the days?,Both males and females 20 YEARS - 39 YEARS,nan,,
164,CIQD009,.,Missing,Think of the two weeks when this loss of interest was most persistent. During that two-week period did you lose interest in things every day nearly every day most days about half the days or less than half the days?,Both males and females 20 YEARS - 39 YEARS,nan,,
165,CIQD010,1,All Day Long,And did this feeling usually last all day long most of the day about half the day or less than half the day?,Both males and females 20 YEARS - 39 YEARS,nan,,
166,CIQD010,2,Most Of The Day,And did this feeling usually last all day long most of the day about half the day or less than half the day?,Both males and females 20 YEARS - 39 YEARS,nan,,
167,CIQD010,3,About Half The Days,And did this feeling usually last all day long most of the day about half the day or less than half the day?,Both males and females 20 YEARS - 39 YEARS,nan,,
168,CIQD010,4,Less Than Half The Days,And did this feeling usually last all day long most of the day about half the day or less than half the day?,Both males and females 20 YEARS - 39 YEARS,nan,,
169,CIQD010,7,Refuse,And did this feeling usually last all day long most of the day about half the day or less than half the day?,Both males and females 20 YEARS - 39 YEARS,nan,,
170,CIQD010,9,Don'T Know,And did this feeling usually last all day long most of the day about half the day or less than half the day?,Both males and females 20 YEARS - 39 YEARS,nan,,
171,CIQD010,.,Missing,And did this feeling usually last all day long most of the day about half the day or less than half the day?,Both males and females 20 YEARS - 39 YEARS,nan,,
172,CIQD011,1,Yes,Please look at Card C again. People who have periods of losing interest in most things often have other problems on this list at the same time. During the time that you lost interest in most things did you also have any of these other problems?,Both males and females 20 YEARS - 39 YEARS,nan,,
173,CIQD011,2,No,Please look at Card C again. People who have periods of losing interest in most things often have other problems on this list at the same time. During the time that you lost interest in most things did you also have any of these other problems?,Both males and females 20 YEARS - 39 YEARS,nan,,
174,CIQD011,7,Refuse,Please look at Card C again. People who have periods of losing interest in most things often have other problems on this list at the same time. During the time that you lost interest in most things did you also have any of these other problems?,Both males and females 20 YEARS - 39 YEARS,nan,,
175,CIQD011,9,Don'T Know,Please look at Card C again. People who have periods of losing interest in most things often have other problems on this list at the same time. During the time that you lost interest in most things did you also have any of these other problems?,Both males and females 20 YEARS - 39 YEARS,nan,,
176,CIQD011,.,Missing,Please look at Card C again. People who have periods of losing interest in most things often have other problems on this list at the same time. During the time that you lost interest in most things did you also have any of these other problems?,Both males and females 20 YEARS - 39 YEARS,nan,,
177,CIQD012,1,Yes,For the next questions please think of the two weeks during the past 12 months when you lost interest in most things and had the largest number of these other problems. During that two-week period did you lack energy or feel tired all the time nearly every day even when you had not been working very hard?,Both males and females 20 YEARS - 39 YEARS,nan,,
178,CIQD012,2,No,For the next questions please think of the two weeks during the past 12 months when you lost interest in most things and had the largest number of these other problems. During that two-week period did you lack energy or feel tired all the time nearly every day even when you had not been working very hard?,Both males and females 20 YEARS - 39 YEARS,nan,,
179,CIQD012,7,Refuse,For the next questions please think of the two weeks during the past 12 months when you lost interest in most things and had the largest number of these other problems. During that two-week period did you lack energy or feel tired all the time nearly every day even when you had not been working very hard?,Both males and females 20 YEARS - 39 YEARS,nan,,
180,CIQD012,9,Don'T Know,For the next questions please think of the two weeks during the past 12 months when you lost interest in most things and had the largest number of these other problems. During that two-week period did you lack energy or feel tired all the time nearly every day even when you had not been working very hard?,Both males and females 20 YEARS - 39 YEARS,nan,,
181,CIQD012,.,Missing,For the next questions please think of the two weeks during the past 12 months when you lost interest in most things and had the largest number of these other problems. During that two-week period did you lack energy or feel tired all the time nearly every day even when you had not been working very hard?,Both males and females 20 YEARS - 39 YEARS,nan,,
182,CIQD013,1,Yes,During that two-week period did you feel irritable or grouchy or in a bad mood most of the time?,Both males and females 20 YEARS - 39 YEARS,nan,,
183,CIQD013,2,No,During that two-week period did you feel irritable or grouchy or in a bad mood most of the time?,Both males and females 20 YEARS - 39 YEARS,nan,,
184,CIQD013,7,Refuse,During that two-week period did you feel irritable or grouchy or in a bad mood most of the time?,Both males and females 20 YEARS - 39 YEARS,nan,,
185,CIQD013,9,Don'T Know,During that two-week period did you feel irritable or grouchy or in a bad mood most of the time?,Both males and females 20 YEARS - 39 YEARS,nan,,
186,CIQD013,.,Missing,During that two-week period did you feel irritable or grouchy or in a bad mood most of the time?,Both males and females 20 YEARS - 39 YEARS,nan,,
187,CIQD014,1,Yes,In the past 12 months Did you have a period of two weeks or longer when you were irritable or grouchy or in a bad mood most of the time?,Both males and females 20 YEARS - 39 YEARS,nan,,
188,CIQD014,2,No,In the past 12 months Did you have a period of two weeks or longer when you were irritable or grouchy or in a bad mood most of the time?,Both males and females 20 YEARS - 39 YEARS,nan,,
189,CIQD014,7,Refuse,In the past 12 months Did you have a period of two weeks or longer when you were irritable or grouchy or in a bad mood most of the time?,Both males and females 20 YEARS - 39 YEARS,nan,,
190,CIQD014,9,Don'T Know,In the past 12 months Did you have a period of two weeks or longer when you were irritable or grouchy or in a bad mood most of the time?,Both males and females 20 YEARS - 39 YEARS,nan,,
191,CIQD014,.,Missing,In the past 12 months Did you have a period of two weeks or longer when you were irritable or grouchy or in a bad mood most of the time?,Both males and females 20 YEARS - 39 YEARS,nan,,
192,CIQD015,1,Every Day,Think of the two weeks when this bad mood was most persistent. During that two-week period did you feel irritable or grouchy or in a bad mood every day nearly every day most days about half the days or less than half the days?,Both males and females 20 YEARS - 39 YEARS,nan,,
193,CIQD015,2,Nearly Every Day,Think of the two weeks when this bad mood was most persistent. During that two-week period did you feel irritable or grouchy or in a bad mood every day nearly every day most days about half the days or less than half the days?,Both males and females 20 YEARS - 39 YEARS,nan,,
194,CIQD015,3,Most Days,Think of the two weeks when this bad mood was most persistent. During that two-week period did you feel irritable or grouchy or in a bad mood every day nearly every day most days about half the days or less than half the days?,Both males and females 20 YEARS - 39 YEARS,nan,,
195,CIQD015,4,About Half The Days,Think of the two weeks when this bad mood was most persistent. During that two-week period did you feel irritable or grouchy or in a bad mood every day nearly every day most days about half the days or less than half the days?,Both males and females 20 YEARS - 39 YEARS,nan,,
196,CIQD015,5,Less Than Half The Days,Think of the two weeks when this bad mood was most persistent. During that two-week period did you feel irritable or grouchy or in a bad mood every day nearly every day most days about half the days or less than half the days?,Both males and females 20 YEARS - 39 YEARS,nan,,
197,CIQD015,7,Refuse,Think of the two weeks when this bad mood was most persistent. During that two-week period did you feel irritable or grouchy or in a bad mood every day nearly every day most days about half the days or less than half the days?,Both males and females 20 YEARS - 39 YEARS,nan,,
198,CIQD015,9,Don'T Know,Think of the two weeks when this bad mood was most persistent. During that two-week period did you feel irritable or grouchy or in a bad mood every day nearly every day most days about half the days or less than half the days?,Both males and females 20 YEARS - 39 YEARS,nan,,
199,CIQD015,.,Missing,Think of the two weeks when this bad mood was most persistent. During that two-week period did you feel irritable or grouchy or in a bad mood every day nearly every day most days about half the days or less than half the days?,Both males and females 20 YEARS - 39 YEARS,nan,,
200,CIQD016,1,Every Day,And did this feeling usually last all day long most of the day about half the day or less than half the day?,Both males and females 20 YEARS - 39 YEARS,nan,,
201,CIQD016,2,Nearly Every Day,And did this feeling usually last all day long most of the day about half the day or less than half the day?,Both males and females 20 YEARS - 39 YEARS,nan,,
202,CIQD016,3,Most Days,And did this feeling usually last all day long most of the day about half the day or less than half the day?,Both males and females 20 YEARS - 39 YEARS,nan,,
203,CIQD016,4,About Half The Days,And did this feeling usually last all day long most of the day about half the day or less than half the day?,Both males and females 20 YEARS - 39 YEARS,nan,,
204,CIQD016,5,Less Than Half The Days,And did this feeling usually last all day long most of the day about half the day or less than half the day?,Both males and females 20 YEARS - 39 YEARS,nan,,
205,CIQD016,7,Refuse,And did this feeling usually last all day long most of the day about half the day or less than half the day?,Both males and females 20 YEARS - 39 YEARS,nan,,
206,CIQD016,9,Don'T Know,And did this feeling usually last all day long most of the day about half the day or less than half the day?,Both males and females 20 YEARS - 39 YEARS,nan,,
207,CIQD016,.,Missing,And did this feeling usually last all day long most of the day about half the day or less than half the day?,Both males and females 20 YEARS - 39 YEARS,nan,,
208,CIQD017,1,Yes,Please look at Card C again. People who have periods of being irritable or grouchy often have other problems on this list at the same time. During the time you were irritable or grouchy did you also have any of these other problems?,Both males and females 20 YEARS - 39 YEARS,nan,,
209,CIQD017,2,No,Please look at Card C again. People who have periods of being irritable or grouchy often have other problems on this list at the same time. During the time you were irritable or grouchy did you also have any of these other problems?,Both males and females 20 YEARS - 39 YEARS,nan,,
210,CIQD017,7,Refuse,Please look at Card C again. People who have periods of being irritable or grouchy often have other problems on this list at the same time. During the time you were irritable or grouchy did you also have any of these other problems?,Both males and females 20 YEARS - 39 YEARS,nan,,
211,CIQD017,9,Don'T Know,Please look at Card C again. People who have periods of being irritable or grouchy often have other problems on this list at the same time. During the time you were irritable or grouchy did you also have any of these other problems?,Both males and females 20 YEARS - 39 YEARS,nan,,
212,CIQD017,.,Missing,Please look at Card C again. People who have periods of being irritable or grouchy often have other problems on this list at the same time. During the time you were irritable or grouchy did you also have any of these other problems?,Both males and females 20 YEARS - 39 YEARS,nan,,
213,CIQD018,1,Yes,For the next questions please think of the two weeks during the past 12 months when you were irritable and had the largest number of these other problems. During that two-week period did you lack energy or feel tired all the time nearly every day even when you had not been working very hard?,Both males and females 20 YEARS - 39 YEARS,nan,,
214,CIQD018,2,No,For the next questions please think of the two weeks during the past 12 months when you were irritable and had the largest number of these other problems. During that two-week period did you lack energy or feel tired all the time nearly every day even when you had not been working very hard?,Both males and females 20 YEARS - 39 YEARS,nan,,
215,CIQD018,7,Refuse,For the next questions please think of the two weeks during the past 12 months when you were irritable and had the largest number of these other problems. During that two-week period did you lack energy or feel tired all the time nearly every day even when you had not been working very hard?,Both males and females 20 YEARS - 39 YEARS,nan,,
216,CIQD018,9,Don'T Know,For the next questions please think of the two weeks during the past 12 months when you were irritable and had the largest number of these other problems. During that two-week period did you lack energy or feel tired all the time nearly every day even when you had not been working very hard?,Both males and females 20 YEARS - 39 YEARS,nan,,
217,CIQD018,.,Missing,For the next questions please think of the two weeks during the past 12 months when you were irritable and had the largest number of these other problems. During that two-week period did you lack energy or feel tired all the time nearly every day even when you had not been working very hard?,Both males and females 20 YEARS - 39 YEARS,nan,,
218,CIQD019,1,Yes,(During that two-week period) Did you have less appetite than usual almost every day?,Both males and females 20 YEARS - 39 YEARS,nan,,
219,CIQD019,2,No,(During that two-week period) Did you have less appetite than usual almost every day?,Both males and females 20 YEARS - 39 YEARS,nan,,
220,CIQD019,7,Refuse,(During that two-week period) Did you have less appetite than usual almost every day?,Both males and females 20 YEARS - 39 YEARS,nan,,
221,CIQD019,9,Don'T Know,(During that two-week period) Did you have less appetite than usual almost every day?,Both males and females 20 YEARS - 39 YEARS,nan,,
222,CIQD019,.,Missing,(During that two-week period) Did you have less appetite than usual almost every day?,Both males and females 20 YEARS - 39 YEARS,nan,,
223,CIQD020,1,Yes,(During that two-week period) Did you lose weight without trying to?,Both males and females 20 YEARS - 39 YEARS,nan,,
224,CIQD020,2,No,(During that two-week period) Did you lose weight without trying to?,Both males and females 20 YEARS - 39 YEARS,nan,,
225,CIQD020,7,Refuse,(During that two-week period) Did you lose weight without trying to?,Both males and females 20 YEARS - 39 YEARS,nan,,
226,CIQD020,9,Don'T Know,(During that two-week period) Did you lose weight without trying to?,Both males and females 20 YEARS - 39 YEARS,nan,,
227,CIQD020,.,Missing,(During that two-week period) Did you lose weight without trying to?,Both males and females 20 YEARS - 39 YEARS,nan,,
228,CIQD020Z,,,nan,Both males and females 20 YEARS - 39 YEARS,nan,,
229,CIQD021,2 To 20,Range Of Values,How much weight did you lose during that two week period?,Both males and females 20 YEARS - 39 YEARS,nan,,
230,CIQD021,100,100 +,How much weight did you lose during that two week period?,Both males and females 20 YEARS - 39 YEARS,nan,,
231,CIQD021,777,Refuse,How much weight did you lose during that two week period?,Both males and females 20 YEARS - 39 YEARS,nan,,
232,CIQD021,999,Don'T Know,How much weight did you lose during that two week period?,Both males and females 20 YEARS - 39 YEARS,nan,,
233,CIQD021,.,Missing,How much weight did you lose during that two week period?,Both males and females 20 YEARS - 39 YEARS,nan,,
234,CIQD021Z,,,nan,Both males and females 20 YEARS - 39 YEARS,nan,,
235,CIQD022,1,Yes,Did you have a much larger appetite than is usual for you almost every day during that two weeks?,Both males and females 20 YEARS - 39 YEARS,nan,,
236,CIQD022,2,No,Did you have a much larger appetite than is usual for you almost every day during that two weeks?,Both males and females 20 YEARS - 39 YEARS,nan,,
237,CIQD022,7,Refuse,Did you have a much larger appetite than is usual for you almost every day during that two weeks?,Both males and females 20 YEARS - 39 YEARS,nan,,
238,CIQD022,9,Don'T Know,Did you have a much larger appetite than is usual for you almost every day during that two weeks?,Both males and females 20 YEARS - 39 YEARS,nan,,
239,CIQD022,.,Missing,Did you have a much larger appetite than is usual for you almost every day during that two weeks?,Both males and females 20 YEARS - 39 YEARS,nan,,
240,CIQD023,1,Yes,(During that two-week period) Did you gain weight?,Both males and females 20 YEARS - 39 YEARS,nan,,
241,CIQD023,2,No,(During that two-week period) Did you gain weight?,Both males and females 20 YEARS - 39 YEARS,nan,,
242,CIQD023,7,Refuse,(During that two-week period) Did you gain weight?,Both males and females 20 YEARS - 39 YEARS,nan,,
243,CIQD023,9,Don'T Know,(During that two-week period) Did you gain weight?,Both males and females 20 YEARS - 39 YEARS,nan,,
244,CIQD023,.,Missing,(During that two-week period) Did you gain weight?,Both males and females 20 YEARS - 39 YEARS,nan,,
245,CIQD024,2 To 15,Range Of Values,How much did you gain during that two week period?,Both males and females 20 YEARS - 39 YEARS,nan,,
246,CIQD024,100,100 +,How much did you gain during that two week period?,Both males and females 20 YEARS - 39 YEARS,nan,,
247,CIQD024,777,Refuse,How much did you gain during that two week period?,Both males and females 20 YEARS - 39 YEARS,nan,,
248,CIQD024,999,Don'T Know,How much did you gain during that two week period?,Both males and females 20 YEARS - 39 YEARS,nan,,
249,CIQD024,.,Missing,How much did you gain during that two week period?,Both males and females 20 YEARS - 39 YEARS,nan,,
250,CIQD025,1,Yes,Did you have a lot more trouble than usual sleeping for these two weeks -- either trouble falling asleep waking in the middle of the night or waking up too early?,Both males and females 20 YEARS - 39 YEARS,nan,,
251,CIQD025,2,No,Did you have a lot more trouble than usual sleeping for these two weeks -- either trouble falling asleep waking in the middle of the night or waking up too early?,Both males and females 20 YEARS - 39 YEARS,nan,,
252,CIQD025,7,Refuse,Did you have a lot more trouble than usual sleeping for these two weeks -- either trouble falling asleep waking in the middle of the night or waking up too early?,Both males and females 20 YEARS - 39 YEARS,nan,,
253,CIQD025,9,Don'T Know,Did you have a lot more trouble than usual sleeping for these two weeks -- either trouble falling asleep waking in the middle of the night or waking up too early?,Both males and females 20 YEARS - 39 YEARS,nan,,
254,CIQD025,.,Missing,Did you have a lot more trouble than usual sleeping for these two weeks -- either trouble falling asleep waking in the middle of the night or waking up too early?,Both males and females 20 YEARS - 39 YEARS,nan,,
255,CIQD026,1,Every Night,Did this happen every night nearly every night or less often during those two weeks?,Both males and females 20 YEARS - 39 YEARS,nan,,
256,CIQD026,2,Nearly Every Night,Did this happen every night nearly every night or less often during those two weeks?,Both males and females 20 YEARS - 39 YEARS,nan,,
257,CIQD026,3,Less Often,Did this happen every night nearly every night or less often during those two weeks?,Both males and females 20 YEARS - 39 YEARS,nan,,
258,CIQD026,7,Refuse,Did this happen every night nearly every night or less often during those two weeks?,Both males and females 20 YEARS - 39 YEARS,nan,,
259,CIQD026,9,Don'T Know,Did this happen every night nearly every night or less often during those two weeks?,Both males and females 20 YEARS - 39 YEARS,nan,,
260,CIQD026,.,Missing,Did this happen every night nearly every night or less often during those two weeks?,Both males and females 20 YEARS - 39 YEARS,nan,,
261,CIQD027,1,Yes,Did you wake up at least two hours before you wanted to every day during these two weeks?,Both males and females 20 YEARS - 39 YEARS,nan,,
262,CIQD027,2,No,Did you wake up at least two hours before you wanted to every day during these two weeks?,Both males and females 20 YEARS - 39 YEARS,nan,,
263,CIQD027,7,Refuse,Did you wake up at least two hours before you wanted to every day during these two weeks?,Both males and females 20 YEARS - 39 YEARS,nan,,
264,CIQD027,9,Don'T Know,Did you wake up at least two hours before you wanted to every day during these two weeks?,Both males and females 20 YEARS - 39 YEARS,nan,,
265,CIQD027,.,Missing,Did you wake up at least two hours before you wanted to every day during these two weeks?,Both males and females 20 YEARS - 39 YEARS,nan,,
266,CIQD028,1,Yes,Did you sleep too much almost every day?,Both males and females 20 YEARS - 39 YEARS,nan,,
267,CIQD028,2,No,Did you sleep too much almost every day?,Both males and females 20 YEARS - 39 YEARS,nan,,
268,CIQD028,7,Refuse,Did you sleep too much almost every day?,Both males and females 20 YEARS - 39 YEARS,nan,,
269,CIQD028,9,Don'T Know,Did you sleep too much almost every day?,Both males and females 20 YEARS - 39 YEARS,nan,,
270,CIQD028,.,Missing,Did you sleep too much almost every day?,Both males and females 20 YEARS - 39 YEARS,nan,,
271,CIQD029,1,Yes,(During that two-week period) Did you feel particularly bad when you first got up but felt better later in the day?,Both males and females 20 YEARS - 39 YEARS,nan,,
272,CIQD029,2,No,(During that two-week period) Did you feel particularly bad when you first got up but felt better later in the day?,Both males and females 20 YEARS - 39 YEARS,nan,,
273,CIQD029,7,Refuse,(During that two-week period) Did you feel particularly bad when you first got up but felt better later in the day?,Both males and females 20 YEARS - 39 YEARS,nan,,
274,CIQD029,9,Don'T Know,(During that two-week period) Did you feel particularly bad when you first got up but felt better later in the day?,Both males and females 20 YEARS - 39 YEARS,nan,,
275,CIQD029,.,Missing,(During that two-week period) Did you feel particularly bad when you first got up but felt better later in the day?,Both males and females 20 YEARS - 39 YEARS,nan,,
276,CIQD030,1,Yes,(During that two-week period) Was your interest in sex a lot less than usual?,Both males and females 20 YEARS - 39 YEARS,nan,,
277,CIQD030,2,No,(During that two-week period) Was your interest in sex a lot less than usual?,Both males and females 20 YEARS - 39 YEARS,nan,,
278,CIQD030,7,Refuse,(During that two-week period) Was your interest in sex a lot less than usual?,Both males and females 20 YEARS - 39 YEARS,nan,,
279,CIQD030,9,Don'T Know,(During that two-week period) Was your interest in sex a lot less than usual?,Both males and females 20 YEARS - 39 YEARS,nan,,
280,CIQD030,.,Missing,(During that two-week period) Was your interest in sex a lot less than usual?,Both males and females 20 YEARS - 39 YEARS,nan,,
281,CIQD031,1,Yes,(During that two-week period) Did you lose the ability to enjoy having good things happen to you like winning something or being praised or complimented?,Both males and females 20 YEARS - 39 YEARS,nan,,
282,CIQD031,2,No,(During that two-week period) Did you lose the ability to enjoy having good things happen to you like winning something or being praised or complimented?,Both males and females 20 YEARS - 39 YEARS,nan,,
283,CIQD031,7,Refuse,(During that two-week period) Did you lose the ability to enjoy having good things happen to you like winning something or being praised or complimented?,Both males and females 20 YEARS - 39 YEARS,nan,,
284,CIQD031,9,Don'T Know,(During that two-week period) Did you lose the ability to enjoy having good things happen to you like winning something or being praised or complimented?,Both males and females 20 YEARS - 39 YEARS,nan,,
285,CIQD031,.,Missing,(During that two-week period) Did you lose the ability to enjoy having good things happen to you like winning something or being praised or complimented?,Both males and females 20 YEARS - 39 YEARS,nan,,
286,CIQD032,1,Yes,Did you talk or move more slowly than is normal for you almost every day during these two weeks?,Both males and females 20 YEARS - 39 YEARS,nan,,
287,CIQD032,2,No,Did you talk or move more slowly than is normal for you almost every day during these two weeks?,Both males and females 20 YEARS - 39 YEARS,nan,,
288,CIQD032,7,Refuse,Did you talk or move more slowly than is normal for you almost every day during these two weeks?,Both males and females 20 YEARS - 39 YEARS,nan,,
289,CIQD032,9,Don'T Know,Did you talk or move more slowly than is normal for you almost every day during these two weeks?,Both males and females 20 YEARS - 39 YEARS,nan,,
290,CIQD032,.,Missing,Did you talk or move more slowly than is normal for you almost every day during these two weeks?,Both males and females 20 YEARS - 39 YEARS,nan,,
291,CIQD033,1,Yes,Did anyone else notice that you were talking or moving slowly?,Both males and females 20 YEARS - 39 YEARS,nan,,
292,CIQD033,2,No,Did anyone else notice that you were talking or moving slowly?,Both males and females 20 YEARS - 39 YEARS,nan,,
293,CIQD033,7,Refuse,Did anyone else notice that you were talking or moving slowly?,Both males and females 20 YEARS - 39 YEARS,nan,,
294,CIQD033,9,Don'T Know,Did anyone else notice that you were talking or moving slowly?,Both males and females 20 YEARS - 39 YEARS,nan,,
295,CIQD033,.,Missing,Did anyone else notice that you were talking or moving slowly?,Both males and females 20 YEARS - 39 YEARS,nan,,
296,CIQD034,1,Yes,(During that two-week period) Did you have to be moving all the time -- that is you couldnt sit still and paced up and down or couldnt keep your hands still when sitting?,Both males and females 20 YEARS - 39 YEARS,nan,,
297,CIQD034,2,No,(During that two-week period) Did you have to be moving all the time -- that is you couldnt sit still and paced up and down or couldnt keep your hands still when sitting?,Both males and females 20 YEARS - 39 YEARS,nan,,
298,CIQD034,7,Refuse,(During that two-week period) Did you have to be moving all the time -- that is you couldnt sit still and paced up and down or couldnt keep your hands still when sitting?,Both males and females 20 YEARS - 39 YEARS,nan,,
299,CIQD034,9,Don'T Know,(During that two-week period) Did you have to be moving all the time -- that is you couldnt sit still and paced up and down or couldnt keep your hands still when sitting?,Both males and females 20 YEARS - 39 YEARS,nan,,
300,CIQD034,.,Missing,(During that two-week period) Did you have to be moving all the time -- that is you couldnt sit still and paced up and down or couldnt keep your hands still when sitting?,Both males and females 20 YEARS - 39 YEARS,nan,,
301,CIQD035,1,Yes,Did anyone else notice that you were moving all the time?,Both males and females 20 YEARS - 39 YEARS,nan,,
302,CIQD035,2,No,Did anyone else notice that you were moving all the time?,Both males and females 20 YEARS - 39 YEARS,nan,,
303,CIQD035,7,Refuse,Did anyone else notice that you were moving all the time?,Both males and females 20 YEARS - 39 YEARS,nan,,
304,CIQD035,9,Don'T Know,Did anyone else notice that you were moving all the time?,Both males and females 20 YEARS - 39 YEARS,nan,,
305,CIQD035,.,Missing,Did anyone else notice that you were moving all the time?,Both males and females 20 YEARS - 39 YEARS,nan,,
306,CIQD036,1,Yes,(During that two-week period) Did you feel worthless nearly every day?,Both males and females 20 YEARS - 39 YEARS,nan,,
307,CIQD036,2,No,(During that two-week period) Did you feel worthless nearly every day?,Both males and females 20 YEARS - 39 YEARS,nan,,
308,CIQD036,7,Refuse,(During that two-week period) Did you feel worthless nearly every day?,Both males and females 20 YEARS - 39 YEARS,nan,,
309,CIQD036,9,Don'T Know,(During that two-week period) Did you feel worthless nearly every day?,Both males and females 20 YEARS - 39 YEARS,nan,,
310,CIQD036,.,Missing,(During that two-week period) Did you feel worthless nearly every day?,Both males and females 20 YEARS - 39 YEARS,nan,,
311,CIQD037,1,Yes,Did you feel guilty?,Both males and females 20 YEARS - 39 YEARS,nan,,
312,CIQD037,2,No,Did you feel guilty?,Both males and females 20 YEARS - 39 YEARS,nan,,
313,CIQD037,7,Refuse,Did you feel guilty?,Both males and females 20 YEARS - 39 YEARS,nan,,
314,CIQD037,9,Don'T Know,Did you feel guilty?,Both males and females 20 YEARS - 39 YEARS,nan,,
315,CIQD037,.,Missing,Did you feel guilty?,Both males and females 20 YEARS - 39 YEARS,nan,,
316,CIQD037Z,,,nan,Both males and females 20 YEARS - 39 YEARS,nan,,
317,CIQD038,1,Respondent Gives Reason,Was there a particular reason for feeling (worthless/or/guilty)?,Both males and females 20 YEARS - 39 YEARS,nan,,
318,CIQD038,5,No Particular Reason,Was there a particular reason for feeling (worthless/or/guilty)?,Both males and females 20 YEARS - 39 YEARS,nan,,
319,CIQD038,7,Refuse,Was there a particular reason for feeling (worthless/or/guilty)?,Both males and females 20 YEARS - 39 YEARS,nan,,
320,CIQD038,9,Don'T Know,Was there a particular reason for feeling (worthless/or/guilty)?,Both males and females 20 YEARS - 39 YEARS,nan,,
321,CIQD038,.,Missing,Was there a particular reason for feeling (worthless/or/guilty)?,Both males and females 20 YEARS - 39 YEARS,nan,,
322,CIQD040,1,Yes,Was R worthless/guilty about depression?,Both males and females 20 YEARS - 39 YEARS,nan,,
323,CIQD040,2,No,Was R worthless/guilty about depression?,Both males and females 20 YEARS - 39 YEARS,nan,,
324,CIQD040,7,Refuse,Was R worthless/guilty about depression?,Both males and females 20 YEARS - 39 YEARS,nan,,
325,CIQD040,9,Don'T Know,Was R worthless/guilty about depression?,Both males and females 20 YEARS - 39 YEARS,nan,,
326,CIQD040,.,Missing,Was R worthless/guilty about depression?,Both males and females 20 YEARS - 39 YEARS,nan,,
327,CIQD041,1,Yes,Did you feel that you were not as good as other people?,Both males and females 20 YEARS - 39 YEARS,nan,,
328,CIQD041,2,No,Did you feel that you were not as good as other people?,Both males and females 20 YEARS - 39 YEARS,nan,,
329,CIQD041,7,Refuse,Did you feel that you were not as good as other people?,Both males and females 20 YEARS - 39 YEARS,nan,,
330,CIQD041,9,Don'T Know,Did you feel that you were not as good as other people?,Both males and females 20 YEARS - 39 YEARS,nan,,
331,CIQD041,.,Missing,Did you feel that you were not as good as other people?,Both males and females 20 YEARS - 39 YEARS,nan,,
332,CIQD042,1,Yes,Did you have so little self-confidence that you wouldnt try to have your say about anything?,Both males and females 20 YEARS - 39 YEARS,nan,,
333,CIQD042,2,No,Did you have so little self-confidence that you wouldnt try to have your say about anything?,Both males and females 20 YEARS - 39 YEARS,nan,,
334,CIQD042,7,Refuse,Did you have so little self-confidence that you wouldnt try to have your say about anything?,Both males and females 20 YEARS - 39 YEARS,nan,,
335,CIQD042,9,Don'T Know,Did you have so little self-confidence that you wouldnt try to have your say about anything?,Both males and females 20 YEARS - 39 YEARS,nan,,
336,CIQD042,.,Missing,Did you have so little self-confidence that you wouldnt try to have your say about anything?,Both males and females 20 YEARS - 39 YEARS,nan,,
337,CIQD043,1,Yes,(During that two-week period) Did you have a lot more trouble concentrating than is normal for you?,Both males and females 20 YEARS - 39 YEARS,nan,,
338,CIQD043,2,No,(During that two-week period) Did you have a lot more trouble concentrating than is normal for you?,Both males and females 20 YEARS - 39 YEARS,nan,,
339,CIQD043,7,Refuse,(During that two-week period) Did you have a lot more trouble concentrating than is normal for you?,Both males and females 20 YEARS - 39 YEARS,nan,,
340,CIQD043,9,Don'T Know,(During that two-week period) Did you have a lot more trouble concentrating than is normal for you?,Both males and females 20 YEARS - 39 YEARS,nan,,
341,CIQD043,.,Missing,(During that two-week period) Did you have a lot more trouble concentrating than is normal for you?,Both males and females 20 YEARS - 39 YEARS,nan,,
342,CIQD044,1,Yes,Were you unable to read things that usually interest you or watch television or movies you usually like because you couldnt pay attention to them?,Both males and females 20 YEARS - 39 YEARS,nan,,
343,CIQD044,2,No,Were you unable to read things that usually interest you or watch television or movies you usually like because you couldnt pay attention to them?,Both males and females 20 YEARS - 39 YEARS,nan,,
344,CIQD044,7,Refuse,Were you unable to read things that usually interest you or watch television or movies you usually like because you couldnt pay attention to them?,Both males and females 20 YEARS - 39 YEARS,nan,,
345,CIQD044,9,Don'T Know,Were you unable to read things that usually interest you or watch television or movies you usually like because you couldnt pay attention to them?,Both males and females 20 YEARS - 39 YEARS,nan,,
346,CIQD044,.,Missing,Were you unable to read things that usually interest you or watch television or movies you usually like because you couldnt pay attention to them?,Both males and females 20 YEARS - 39 YEARS,nan,,
347,CIQD045,1,Yes,(During that two-week period) Did your thoughts come much slower than usual or seem mixed up?,Both males and females 20 YEARS - 39 YEARS,nan,,
348,CIQD045,2,No,(During that two-week period) Did your thoughts come much slower than usual or seem mixed up?,Both males and females 20 YEARS - 39 YEARS,nan,,
349,CIQD045,7,Refuse,(During that two-week period) Did your thoughts come much slower than usual or seem mixed up?,Both males and females 20 YEARS - 39 YEARS,nan,,
350,CIQD045,9,Don'T Know,(During that two-week period) Did your thoughts come much slower than usual or seem mixed up?,Both males and females 20 YEARS - 39 YEARS,nan,,
351,CIQD045,.,Missing,(During that two-week period) Did your thoughts come much slower than usual or seem mixed up?,Both males and females 20 YEARS - 39 YEARS,nan,,
352,CIQD046,1,Yes,(During that two-week period) Were you unable to make up your mind about things you ordinarily have no trouble deciding about?,Both males and females 20 YEARS - 39 YEARS,nan,,
353,CIQD046,2,No,(During that two-week period) Were you unable to make up your mind about things you ordinarily have no trouble deciding about?,Both males and females 20 YEARS - 39 YEARS,nan,,
354,CIQD046,7,Refuse,(During that two-week period) Were you unable to make up your mind about things you ordinarily have no trouble deciding about?,Both males and females 20 YEARS - 39 YEARS,nan,,
355,CIQD046,9,Don'T Know,(During that two-week period) Were you unable to make up your mind about things you ordinarily have no trouble deciding about?,Both males and females 20 YEARS - 39 YEARS,nan,,
356,CIQD046,.,Missing,(During that two-week period) Were you unable to make up your mind about things you ordinarily have no trouble deciding about?,Both males and females 20 YEARS - 39 YEARS,nan,,
357,CIQD047,1,Yes,(During that two-week period) Did you think a lot about death?,Both males and females 20 YEARS - 39 YEARS,nan,,
358,CIQD047,2,No,(During that two-week period) Did you think a lot about death?,Both males and females 20 YEARS - 39 YEARS,nan,,
359,CIQD047,7,Refuse,(During that two-week period) Did you think a lot about death?,Both males and females 20 YEARS - 39 YEARS,nan,,
360,CIQD047,9,Don'T Know,(During that two-week period) Did you think a lot about death?,Both males and females 20 YEARS - 39 YEARS,nan,,
361,CIQD047,.,Missing,(During that two-week period) Did you think a lot about death?,Both males and females 20 YEARS - 39 YEARS,nan,,
362,CIQD048,1,Yes,Did you feel so low you thought a lot about committing suicide?,Both males and females 20 YEARS - 39 YEARS,nan,,
363,CIQD048,2,No,Did you feel so low you thought a lot about committing suicide?,Both males and females 20 YEARS - 39 YEARS,nan,,
364,CIQD048,7,Refuse,Did you feel so low you thought a lot about committing suicide?,Both males and females 20 YEARS - 39 YEARS,nan,,
365,CIQD048,9,Don'T Know,Did you feel so low you thought a lot about committing suicide?,Both males and females 20 YEARS - 39 YEARS,nan,,
366,CIQD048,.,Missing,Did you feel so low you thought a lot about committing suicide?,Both males and females 20 YEARS - 39 YEARS,nan,,
367,CIQD049,1,Yes,Did you make a suicide plan?,Both males and females 20 YEARS - 39 YEARS,nan,,
368,CIQD049,2,No,Did you make a suicide plan?,Both males and females 20 YEARS - 39 YEARS,nan,,
369,CIQD049,7,Refuse,Did you make a suicide plan?,Both males and females 20 YEARS - 39 YEARS,nan,,
370,CIQD049,9,Don'T Know,Did you make a suicide plan?,Both males and females 20 YEARS - 39 YEARS,nan,,
371,CIQD049,.,Missing,Did you make a suicide plan?,Both males and females 20 YEARS - 39 YEARS,nan,,
372,CIQD050,1,Yes,Did you attempt suicide?,Both males and females 20 YEARS - 39 YEARS,nan,,
373,CIQD050,2,No,Did you attempt suicide?,Both males and females 20 YEARS - 39 YEARS,nan,,
374,CIQD050,7,Refuse,Did you attempt suicide?,Both males and females 20 YEARS - 39 YEARS,nan,,
375,CIQD050,9,Don'T Know,Did you attempt suicide?,Both males and females 20 YEARS - 39 YEARS,nan,,
376,CIQD050,.,Missing,Did you attempt suicide?,Both males and females 20 YEARS - 39 YEARS,nan,,
377,CIQD050Z,,,nan,Both males and females 20 YEARS - 39 YEARS,nan,,
378,CIQD051,0 To 52,Range Of Values,Im going to review what you told me. You had a period of two weeks or longer when you (stem phrase)?You also had other problems at the same time. For example you (fill with first 3 phrases endorsed on list) and had other problems you mentioned.,Both males and females 20 YEARS - 39 YEARS,nan,,
379,CIQD051,77,Refuse,Im going to review what you told me. You had a period of two weeks or longer when you (stem phrase)?You also had other problems at the same time. For example you (fill with first 3 phrases endorsed on list) and had other problems you mentioned.,Both males and females 20 YEARS - 39 YEARS,nan,,
380,CIQD051,99,Don'T Know,Im going to review what you told me. You had a period of two weeks or longer when you (stem phrase)?You also had other problems at the same time. For example you (fill with first 3 phrases endorsed on list) and had other problems you mentioned.,Both males and females 20 YEARS - 39 YEARS,nan,,
381,CIQD051,.,Missing,Im going to review what you told me. You had a period of two weeks or longer when you (stem phrase)?You also had other problems at the same time. For example you (fill with first 3 phrases endorsed on list) and had other problems you mentioned.,Both males and females 20 YEARS - 39 YEARS,nan,,
382,CIQD051Z,,,nan,Both males and females 20 YEARS - 39 YEARS,nan,,
383,CIQD052,1,One Period,Was this one period of (NUMBER FROM CIQD051 weeks) in a row or was it two or more periods that add up to (NUMBER FROM CIQD051 weeks).,Both males and females 20 YEARS - 39 YEARS,nan,,
384,CIQD052,2,Two Or More Periods,Was this one period of (NUMBER FROM CIQD051 weeks) in a row or was it two or more periods that add up to (NUMBER FROM CIQD051 weeks).,Both males and females 20 YEARS - 39 YEARS,nan,,
385,CIQD052,7,Refuse,Was this one period of (NUMBER FROM CIQD051 weeks) in a row or was it two or more periods that add up to (NUMBER FROM CIQD051 weeks).,Both males and females 20 YEARS - 39 YEARS,nan,,
386,CIQD052,9,Don'T Know,Was this one period of (NUMBER FROM CIQD051 weeks) in a row or was it two or more periods that add up to (NUMBER FROM CIQD051 weeks).,Both males and females 20 YEARS - 39 YEARS,nan,,
387,CIQD052,.,Missing,Was this one period of (NUMBER FROM CIQD051 weeks) in a row or was it two or more periods that add up to (NUMBER FROM CIQD051 weeks).,Both males and females 20 YEARS - 39 YEARS,nan,,
388,CIQD053,1,One Period,Was this one period or was it two or more periods?,Both males and females 20 YEARS - 39 YEARS,nan,,
389,CIQD053,2,Two Or More Periods,Was this one period or was it two or more periods?,Both males and females 20 YEARS - 39 YEARS,nan,,
390,CIQD053,7,Refuse,Was this one period or was it two or more periods?,Both males and females 20 YEARS - 39 YEARS,nan,,
391,CIQD053,9,Don'T Know,Was this one period or was it two or more periods?,Both males and females 20 YEARS - 39 YEARS,nan,,
392,CIQD053,.,Missing,Was this one period or was it two or more periods?,Both males and females 20 YEARS - 39 YEARS,nan,,
393,CIQD054,1,Still Going On,Is this period still going on or has it ended?,Both males and females 20 YEARS - 39 YEARS,nan,,
394,CIQD054,5,Ended,Is this period still going on or has it ended?,Both males and females 20 YEARS - 39 YEARS,nan,,
395,CIQD054,7,Refuse,Is this period still going on or has it ended?,Both males and females 20 YEARS - 39 YEARS,nan,,
396,CIQD054,9,Don'T Know,Is this period still going on or has it ended?,Both males and females 20 YEARS - 39 YEARS,nan,,
397,CIQD054,.,Missing,Is this period still going on or has it ended?,Both males and females 20 YEARS - 39 YEARS,nan,,
398,CIQD054Z,,,nan,Both males and females 20 YEARS - 39 YEARS,nan,,
399,CIQD055,2 To 72,Range Of Values,How long has this period been going on so far?,Both males and females 20 YEARS - 39 YEARS,nan,,
400,CIQD055,777,Refuse,How long has this period been going on so far?,Both males and females 20 YEARS - 39 YEARS,nan,,
401,CIQD055,999,Don'T Know,How long has this period been going on so far?,Both males and females 20 YEARS - 39 YEARS,nan,,
402,CIQD055,.,Missing,How long has this period been going on so far?,Both males and females 20 YEARS - 39 YEARS,nan,,
403,CIQD055Z,,,nan,Both males and females 20 YEARS - 39 YEARS,nan,,
404,CIQD056,1,Past Month,When did it end -- in the past month or more than a month ago?,Both males and females 20 YEARS - 39 YEARS,nan,,
405,CIQD056,2,More Than A Month Ago,When did it end -- in the past month or more than a month ago?,Both males and females 20 YEARS - 39 YEARS,nan,,
406,CIQD056,7,Refuse,When did it end -- in the past month or more than a month ago?,Both males and females 20 YEARS - 39 YEARS,nan,,
407,CIQD056,9,Don'T Know,When did it end -- in the past month or more than a month ago?,Both males and females 20 YEARS - 39 YEARS,nan,,
408,CIQD056,.,Missing,When did it end -- in the past month or more than a month ago?,Both males and females 20 YEARS - 39 YEARS,nan,,
409,CIQD057,1,Month,When did it end -- in the past month past six months or more than six months ago?,Both males and females 20 YEARS - 39 YEARS,nan,,
410,CIQD057,2,6 Months,When did it end -- in the past month past six months or more than six months ago?,Both males and females 20 YEARS - 39 YEARS,nan,,
411,CIQD057,3,More Than 6 Months Ago,When did it end -- in the past month past six months or more than six months ago?,Both males and females 20 YEARS - 39 YEARS,nan,,
412,CIQD057,7,Refuse,When did it end -- in the past month past six months or more than six months ago?,Both males and females 20 YEARS - 39 YEARS,nan,,
413,CIQD057,9,Don'T Know,When did it end -- in the past month past six months or more than six months ago?,Both males and females 20 YEARS - 39 YEARS,nan,,
414,CIQD057,.,Missing,When did it end -- in the past month past six months or more than six months ago?,Both males and females 20 YEARS - 39 YEARS,nan,,
415,CIQD058,1 To 416,Range Of Values,How long did this period go on before it ended? (Answer has been converted to weeks),Both males and females 20 YEARS - 39 YEARS,nan,,
416,CIQD058,7777,Refuse,How long did this period go on before it ended? (Answer has been converted to weeks),Both males and females 20 YEARS - 39 YEARS,nan,,
417,CIQD058,9999,Don'T Know,How long did this period go on before it ended? (Answer has been converted to weeks),Both males and females 20 YEARS - 39 YEARS,nan,,
418,CIQD058,.,Missing,How long did this period go on before it ended? (Answer has been converted to weeks),Both males and females 20 YEARS - 39 YEARS,nan,,
419,CIQD059,1,Yes,Did this period begin just after someone close to you died?,Both males and females 20 YEARS - 39 YEARS,nan,,
420,CIQD059,2,No,Did this period begin just after someone close to you died?,Both males and females 20 YEARS - 39 YEARS,nan,,
421,CIQD059,7,Refuse,Did this period begin just after someone close to you died?,Both males and females 20 YEARS - 39 YEARS,nan,,
422,CIQD059,9,Don'T Know,Did this period begin just after someone close to you died?,Both males and females 20 YEARS - 39 YEARS,nan,,
423,CIQD059,.,Missing,Did this period begin just after someone close to you died?,Both males and females 20 YEARS - 39 YEARS,nan,,
424,CIQD060,1,Spouse,Who was it that died?,Both males and females 20 YEARS - 39 YEARS,nan,,
425,CIQD060,2,Child,Who was it that died?,Both males and females 20 YEARS - 39 YEARS,nan,,
426,CIQD060,3,Parent/Sibling,Who was it that died?,Both males and females 20 YEARS - 39 YEARS,nan,,
427,CIQD060,4,Other Relative,Who was it that died?,Both males and females 20 YEARS - 39 YEARS,nan,,
428,CIQD060,5,Nonrelative,Who was it that died?,Both males and females 20 YEARS - 39 YEARS,nan,,
429,CIQD060,7,Refuse,Who was it that died?,Both males and females 20 YEARS - 39 YEARS,nan,,
430,CIQD060,9,Don'T Know,Who was it that died?,Both males and females 20 YEARS - 39 YEARS,nan,,
431,CIQD060,.,Missing,Who was it that died?,Both males and females 20 YEARS - 39 YEARS,nan,,
432,CIQD061,1,Yes,Did this period begin within a month of you having a baby?,Females only 20 YEARS - 39 YEARS,nan,,
433,CIQD061,2,No,Did this period begin within a month of you having a baby?,Females only 20 YEARS - 39 YEARS,nan,,
434,CIQD061,7,Refuse,Did this period begin within a month of you having a baby?,Females only 20 YEARS - 39 YEARS,nan,,
435,CIQD061,9,Don'T Know,Did this period begin within a month of you having a baby?,Females only 20 YEARS - 39 YEARS,nan,,
436,CIQD061,.,Missing,Did this period begin within a month of you having a baby?,Females only 20 YEARS - 39 YEARS,nan,,
437,CIQD062,1,Yes,Did anything else happen shortly before this period began that might have caused it to happen?,Both males and females 20 YEARS - 39 YEARS,nan,,
438,CIQD062,2,No,Did anything else happen shortly before this period began that might have caused it to happen?,Both males and females 20 YEARS - 39 YEARS,nan,,
439,CIQD062,7,Refuse,Did anything else happen shortly before this period began that might have caused it to happen?,Both males and females 20 YEARS - 39 YEARS,nan,,
440,CIQD062,9,Don'T Know,Did anything else happen shortly before this period began that might have caused it to happen?,Both males and females 20 YEARS - 39 YEARS,nan,,
441,CIQD062,.,Missing,Did anything else happen shortly before this period began that might have caused it to happen?,Both males and females 20 YEARS - 39 YEARS,nan,,
442,CIQD064,2 To 12,Range Of Values,How many periods?,Both males and females 20 YEARS - 39 YEARS,nan,,
443,CIQD064,77,Refuse,How many periods?,Both males and females 20 YEARS - 39 YEARS,nan,,
444,CIQD064,99,Don'T Know,How many periods?,Both males and females 20 YEARS - 39 YEARS,nan,,
445,CIQD064,.,Missing,How many periods?,Both males and females 20 YEARS - 39 YEARS,nan,,
446,CIQD064Z,,,nan,Both males and females 20 YEARS - 39 YEARS,nan,,
447,CIQD065,1 To 6,Range Of Values,How many weeks months or years did the first of these periods go on before it ended? (Answers has been converted to weeks),Both males and females 20 YEARS - 39 YEARS,nan,,
448,CIQD065,77,Refuse,How many weeks months or years did the first of these periods go on before it ended? (Answers has been converted to weeks),Both males and females 20 YEARS - 39 YEARS,nan,,
449,CIQD065,99,Don'T Know,How many weeks months or years did the first of these periods go on before it ended? (Answers has been converted to weeks),Both males and females 20 YEARS - 39 YEARS,nan,,
450,CIQD065,.,Missing,How many weeks months or years did the first of these periods go on before it ended? (Answers has been converted to weeks),Both males and females 20 YEARS - 39 YEARS,nan,,
451,CIQD066,1,Yes,Did this first period begin just after someone close to you died?,Both males and females 20 YEARS - 39 YEARS,nan,,
452,CIQD066,2,No,Did this first period begin just after someone close to you died?,Both males and females 20 YEARS - 39 YEARS,nan,,
453,CIQD066,7,Refuse,Did this first period begin just after someone close to you died?,Both males and females 20 YEARS - 39 YEARS,nan,,
454,CIQD066,9,Don'T Know,Did this first period begin just after someone close to you died?,Both males and females 20 YEARS - 39 YEARS,nan,,
455,CIQD066,.,Missing,Did this first period begin just after someone close to you died?,Both males and females 20 YEARS - 39 YEARS,nan,,
456,CIQD067,1,Spouse,Who was it that died?,Both males and females 20 YEARS - 39 YEARS,nan,,
457,CIQD067,2,Child,Who was it that died?,Both males and females 20 YEARS - 39 YEARS,nan,,
458,CIQD067,3,Parent/Sibling,Who was it that died?,Both males and females 20 YEARS - 39 YEARS,nan,,
459,CIQD067,4,Other Relative,Who was it that died?,Both males and females 20 YEARS - 39 YEARS,nan,,
460,CIQD067,5,Nonrelative,Who was it that died?,Both males and females 20 YEARS - 39 YEARS,nan,,
461,CIQD067,7,Refuse,Who was it that died?,Both males and females 20 YEARS - 39 YEARS,nan,,
462,CIQD067,9,Don'T Know,Who was it that died?,Both males and females 20 YEARS - 39 YEARS,nan,,
463,CIQD067,.,Missing,Who was it that died?,Both males and females 20 YEARS - 39 YEARS,nan,,
464,CIQD068,1,Yes,Did this period begin within a month of you having a baby?,Females only 20 YEARS - 39 YEARS,nan,,
465,CIQD068,2,No,Did this period begin within a month of you having a baby?,Females only 20 YEARS - 39 YEARS,nan,,
466,CIQD068,7,Refuse,Did this period begin within a month of you having a baby?,Females only 20 YEARS - 39 YEARS,nan,,
467,CIQD068,9,Don'T Know,Did this period begin within a month of you having a baby?,Females only 20 YEARS - 39 YEARS,nan,,
468,CIQD068,.,Missing,Did this period begin within a month of you having a baby?,Females only 20 YEARS - 39 YEARS,nan,,
469,CIQD069,1,Yes,Did anything else happen shortly before this period began that might have caused it to happen?,Both males and females 20 YEARS - 39 YEARS,nan,,
470,CIQD069,2,No,Did anything else happen shortly before this period began that might have caused it to happen?,Both males and females 20 YEARS - 39 YEARS,nan,,
471,CIQD069,7,Refuse,Did anything else happen shortly before this period began that might have caused it to happen?,Both males and females 20 YEARS - 39 YEARS,nan,,
472,CIQD069,9,Don'T Know,Did anything else happen shortly before this period began that might have caused it to happen?,Both males and females 20 YEARS - 39 YEARS,nan,,
473,CIQD069,.,Missing,Did anything else happen shortly before this period began that might have caused it to happen?,Both males and females 20 YEARS - 39 YEARS,nan,,
474,CIQD071,4 To 300,Range Of Values,How much time went on between the end of this first period and the beginning of the second? (Answer has been converted to weeks),Both males and females 20 YEARS - 39 YEARS,nan,,
475,CIQD071,7777,Refuse,How much time went on between the end of this first period and the beginning of the second? (Answer has been converted to weeks),Both males and females 20 YEARS - 39 YEARS,nan,,
476,CIQD071,9999,Don'T Know,How much time went on between the end of this first period and the beginning of the second? (Answer has been converted to weeks),Both males and females 20 YEARS - 39 YEARS,nan,,
477,CIQD071,.,Missing,How much time went on between the end of this first period and the beginning of the second? (Answer has been converted to weeks),Both males and females 20 YEARS - 39 YEARS,nan,,
478,CIQD071Z,,,nan,Both males and females 20 YEARS - 39 YEARS,nan,,
479,CIQD072,1,Yes,Did you feel OK for at least two months between the two periods?,Both males and females 20 YEARS - 39 YEARS,nan,,
480,CIQD072,2,No,Did you feel OK for at least two months between the two periods?,Both males and females 20 YEARS - 39 YEARS,nan,,
481,CIQD072,7,Refuse,Did you feel OK for at least two months between the two periods?,Both males and females 20 YEARS - 39 YEARS,nan,,
482,CIQD072,9,Don'T Know,Did you feel OK for at least two months between the two periods?,Both males and females 20 YEARS - 39 YEARS,nan,,
483,CIQD072,.,Missing,Did you feel OK for at least two months between the two periods?,Both males and females 20 YEARS - 39 YEARS,nan,,
484,CIQD073,1,Yes,Between these two periods did you have at least two months when you were able to carry out your daily activities and enjoy being with other people as much as before the first period began?,Both males and females 20 YEARS - 39 YEARS,nan,,
485,CIQD073,2,No,Between these two periods did you have at least two months when you were able to carry out your daily activities and enjoy being with other people as much as before the first period began?,Both males and females 20 YEARS - 39 YEARS,nan,,
486,CIQD073,7,Refuse,Between these two periods did you have at least two months when you were able to carry out your daily activities and enjoy being with other people as much as before the first period began?,Both males and females 20 YEARS - 39 YEARS,nan,,
487,CIQD073,9,Don'T Know,Between these two periods did you have at least two months when you were able to carry out your daily activities and enjoy being with other people as much as before the first period began?,Both males and females 20 YEARS - 39 YEARS,nan,,
488,CIQD073,.,Missing,Between these two periods did you have at least two months when you were able to carry out your daily activities and enjoy being with other people as much as before the first period began?,Both males and females 20 YEARS - 39 YEARS,nan,,
489,CIQD074,1,Still Going On,Is the second period still going on now or has it ended?,Both males and females 20 YEARS - 39 YEARS,nan,,
490,CIQD074,5,Ended,Is the second period still going on now or has it ended?,Both males and females 20 YEARS - 39 YEARS,nan,,
491,CIQD074,7,Refuse,Is the second period still going on now or has it ended?,Both males and females 20 YEARS - 39 YEARS,nan,,
492,CIQD074,9,Don'T Know,Is the second period still going on now or has it ended?,Both males and females 20 YEARS - 39 YEARS,nan,,
493,CIQD074,.,Missing,Is the second period still going on now or has it ended?,Both males and females 20 YEARS - 39 YEARS,nan,,
494,CIQD075,1 To 42,Range Of Values,How long did it go on before it ended? (Answer has been converted to weeks),Both males and females 20 YEARS - 39 YEARS,nan,,
495,CIQD075,7777,Refuse,How long did it go on before it ended? (Answer has been converted to weeks),Both males and females 20 YEARS - 39 YEARS,nan,,
496,CIQD075,9999,Don'T Know,How long did it go on before it ended? (Answer has been converted to weeks),Both males and females 20 YEARS - 39 YEARS,nan,,
497,CIQD075,.,Missing,How long did it go on before it ended? (Answer has been converted to weeks),Both males and females 20 YEARS - 39 YEARS,nan,,
498,CIQD075Z,,,nan,Both males and females 20 YEARS - 39 YEARS,nan,,
499,CIQD076,1,Past Month,When did it end -- in the past month or more than a month ago?,Both males and females 20 YEARS - 39 YEARS,nan,,
500,CIQD076,2,More Than A Month Ago,When did it end -- in the past month or more than a month ago?,Both males and females 20 YEARS - 39 YEARS,nan,,
501,CIQD076,7,Refuse,When did it end -- in the past month or more than a month ago?,Both males and females 20 YEARS - 39 YEARS,nan,,
502,CIQD076,9,Don'T Know,When did it end -- in the past month or more than a month ago?,Both males and females 20 YEARS - 39 YEARS,nan,,
503,CIQD076,.,Missing,When did it end -- in the past month or more than a month ago?,Both males and females 20 YEARS - 39 YEARS,nan,,
504,CIQD077,1,Month,When did it end -- in the past month past six months or more than six months ago?,Both males and females 20 YEARS - 39 YEARS,nan,,
505,CIQD077,2,Past 6 Months,When did it end -- in the past month past six months or more than six months ago?,Both males and females 20 YEARS - 39 YEARS,nan,,
506,CIQD077,3,More Than 6 Months,When did it end -- in the past month past six months or more than six months ago?,Both males and females 20 YEARS - 39 YEARS,nan,,
507,CIQD077,7,Refuse,When did it end -- in the past month past six months or more than six months ago?,Both males and females 20 YEARS - 39 YEARS,nan,,
508,CIQD077,9,Don'T Know,When did it end -- in the past month past six months or more than six months ago?,Both males and females 20 YEARS - 39 YEARS,nan,,
509,CIQD077,.,Missing,When did it end -- in the past month past six months or more than six months ago?,Both males and females 20 YEARS - 39 YEARS,nan,,
510,CIQD078,1,Yes,Did this second period begin just after someone close to you died?,Both males and females 20 YEARS - 39 YEARS,nan,,
511,CIQD078,2,No,Did this second period begin just after someone close to you died?,Both males and females 20 YEARS - 39 YEARS,nan,,
512,CIQD078,7,Refuse,Did this second period begin just after someone close to you died?,Both males and females 20 YEARS - 39 YEARS,nan,,
513,CIQD078,9,Don'T Know,Did this second period begin just after someone close to you died?,Both males and females 20 YEARS - 39 YEARS,nan,,
514,CIQD078,.,Missing,Did this second period begin just after someone close to you died?,Both males and females 20 YEARS - 39 YEARS,nan,,
515,CIQD079,1,Spouse,< blank >,Both males and females 20 YEARS - 39 YEARS,nan,,
516,CIQD079,2,Child,< blank >,Both males and females 20 YEARS - 39 YEARS,nan,,
517,CIQD079,3,Parent/Sibling,< blank >,Both males and females 20 YEARS - 39 YEARS,nan,,
518,CIQD079,4,Other Relative,< blank >,Both males and females 20 YEARS - 39 YEARS,nan,,
519,CIQD079,5,Nonrelative,< blank >,Both males and females 20 YEARS - 39 YEARS,nan,,
520,CIQD079,7,Refuse,< blank >,Both males and females 20 YEARS - 39 YEARS,nan,,
521,CIQD079,9,Don'T Know,< blank >,Both males and females 20 YEARS - 39 YEARS,nan,,
522,CIQD079,.,Missing,< blank >,Both males and females 20 YEARS - 39 YEARS,nan,,
523,CIQD080,1,Yes,Did this second period begin within a month of you having a baby?,Females only 20 YEARS - 39 YEARS,nan,,
524,CIQD080,2,No,Did this second period begin within a month of you having a baby?,Females only 20 YEARS - 39 YEARS,nan,,
525,CIQD080,7,Refuse,Did this second period begin within a month of you having a baby?,Females only 20 YEARS - 39 YEARS,nan,,
526,CIQD080,9,Don'T Know,Did this second period begin within a month of you having a baby?,Females only 20 YEARS - 39 YEARS,nan,,
527,CIQD080,.,Missing,Did this second period begin within a month of you having a baby?,Females only 20 YEARS - 39 YEARS,nan,,
528,CIQD081,1,Yes,Did anything else happen shortly before this second period began that might have caused it to happen?,Both males and females 20 YEARS - 39 YEARS,nan,,
529,CIQD081,2,No,Did anything else happen shortly before this second period began that might have caused it to happen?,Both males and females 20 YEARS - 39 YEARS,nan,,
530,CIQD081,7,Refuse,Did anything else happen shortly before this second period began that might have caused it to happen?,Both males and females 20 YEARS - 39 YEARS,nan,,
531,CIQD081,9,Don'T Know,Did anything else happen shortly before this second period began that might have caused it to happen?,Both males and females 20 YEARS - 39 YEARS,nan,,
532,CIQD081,.,Missing,Did anything else happen shortly before this second period began that might have caused it to happen?,Both males and females 20 YEARS - 39 YEARS,nan,,
533,CIQD083,1 To 24,Range Of Values,In the past 12 months what was the longest number of weeks in a row that you felt that way?,Both males and females 20 YEARS - 39 YEARS,nan,,
534,CIQD083,77,Refuse,In the past 12 months what was the longest number of weeks in a row that you felt that way?,Both males and females 20 YEARS - 39 YEARS,nan,,
535,CIQD083,99,Don'T Know,In the past 12 months what was the longest number of weeks in a row that you felt that way?,Both males and females 20 YEARS - 39 YEARS,nan,,
536,CIQD083,.,Missing,In the past 12 months what was the longest number of weeks in a row that you felt that way?,Both males and females 20 YEARS - 39 YEARS,nan,,
537,CIQD084,1,Still Going On,Is the most recent of these (NUMBER FROM CIQD064) periods still going on or has it ended?,Both males and females 20 YEARS - 39 YEARS,nan,,
538,CIQD084,5,Ended,Is the most recent of these (NUMBER FROM CIQD064) periods still going on or has it ended?,Both males and females 20 YEARS - 39 YEARS,nan,,
539,CIQD084,7,Refuse,Is the most recent of these (NUMBER FROM CIQD064) periods still going on or has it ended?,Both males and females 20 YEARS - 39 YEARS,nan,,
540,CIQD084,9,Don'T Know,Is the most recent of these (NUMBER FROM CIQD064) periods still going on or has it ended?,Both males and females 20 YEARS - 39 YEARS,nan,,
541,CIQD084,.,Missing,Is the most recent of these (NUMBER FROM CIQD064) periods still going on or has it ended?,Both males and females 20 YEARS - 39 YEARS,nan,,
542,CIQD085Z,,,nan,Both males and females 20 YEARS - 39 YEARS,nan,,
543,CIQD085,1,Past Month,When did it end -- in the past month or more than a month ago?,Both males and females 20 YEARS - 39 YEARS,nan,,
544,CIQD085,2,More Than A Month Ago,When did it end -- in the past month or more than a month ago?,Both males and females 20 YEARS - 39 YEARS,nan,,
545,CIQD085,7,Refuse,When did it end -- in the past month or more than a month ago?,Both males and females 20 YEARS - 39 YEARS,nan,,
546,CIQD085,9,Don'T Know,When did it end -- in the past month or more than a month ago?,Both males and females 20 YEARS - 39 YEARS,nan,,
547,CIQD085,.,Missing,When did it end -- in the past month or more than a month ago?,Both males and females 20 YEARS - 39 YEARS,nan,,
548,CIQD086,1,Month,When did it end -- in the past month past six months or more than six months ago?,Both males and females 20 YEARS - 39 YEARS,nan,,
549,CIQD086,2,Past 6 Months,When did it end -- in the past month past six months or more than six months ago?,Both males and females 20 YEARS - 39 YEARS,nan,,
550,CIQD086,3,More Than 6 Months,When did it end -- in the past month past six months or more than six months ago?,Both males and females 20 YEARS - 39 YEARS,nan,,
551,CIQD086,7,Refuse,When did it end -- in the past month past six months or more than six months ago?,Both males and females 20 YEARS - 39 YEARS,nan,,
552,CIQD086,9,Don'T Know,When did it end -- in the past month past six months or more than six months ago?,Both males and females 20 YEARS - 39 YEARS,nan,,
553,CIQD086,.,Missing,When did it end -- in the past month past six months or more than six months ago?,Both males and females 20 YEARS - 39 YEARS,nan,,
554,CIQD087,1,"Yes, I Did Not Feel O.K.",In between any of these periods were you feeling OK for at least two months?,Both males and females 20 YEARS - 39 YEARS,nan,,
555,CIQD087,2,"No, Felt O.K. Between Episodes",In between any of these periods were you feeling OK for at least two months?,Both males and females 20 YEARS - 39 YEARS,nan,,
556,CIQD087,7,Refuse,In between any of these periods were you feeling OK for at least two months?,Both males and females 20 YEARS - 39 YEARS,nan,,
557,CIQD087,9,Don'T Know,In between any of these periods were you feeling OK for at least two months?,Both males and females 20 YEARS - 39 YEARS,nan,,
558,CIQD087,.,Missing,In between any of these periods were you feeling OK for at least two months?,Both males and females 20 YEARS - 39 YEARS,nan,,
559,CIQD088,1,Yes,Between these periods did you have at least two months when you were able to carry out your daily activities and enjoy being with other people as much as before the first period began?,Both males and females 20 YEARS - 39 YEARS,nan,,
560,CIQD088,2,No,Between these periods did you have at least two months when you were able to carry out your daily activities and enjoy being with other people as much as before the first period began?,Both males and females 20 YEARS - 39 YEARS,nan,,
561,CIQD088,7,Refuse,Between these periods did you have at least two months when you were able to carry out your daily activities and enjoy being with other people as much as before the first period began?,Both males and females 20 YEARS - 39 YEARS,nan,,
562,CIQD088,9,Don'T Know,Between these periods did you have at least two months when you were able to carry out your daily activities and enjoy being with other people as much as before the first period began?,Both males and females 20 YEARS - 39 YEARS,nan,,
563,CIQD088,.,Missing,Between these periods did you have at least two months when you were able to carry out your daily activities and enjoy being with other people as much as before the first period began?,Both males and females 20 YEARS - 39 YEARS,nan,,
564,CIQD089,1,Yes,Think about what was going on in your life shortly before each of your periods of (being sad depressed or empty/losing interest in most things/being irritable) in the past 12 months. Did any of these periods occur just after someone close to you died?,Both males and females 20 YEARS - 39 YEARS,nan,,
565,CIQD089,2,No,Think about what was going on in your life shortly before each of your periods of (being sad depressed or empty/losing interest in most things/being irritable) in the past 12 months. Did any of these periods occur just after someone close to you died?,Both males and females 20 YEARS - 39 YEARS,nan,,
566,CIQD089,7,Refuse,Think about what was going on in your life shortly before each of your periods of (being sad depressed or empty/losing interest in most things/being irritable) in the past 12 months. Did any of these periods occur just after someone close to you died?,Both males and females 20 YEARS - 39 YEARS,nan,,
567,CIQD089,9,Don'T Know,Think about what was going on in your life shortly before each of your periods of (being sad depressed or empty/losing interest in most things/being irritable) in the past 12 months. Did any of these periods occur just after someone close to you died?,Both males and females 20 YEARS - 39 YEARS,nan,,
568,CIQD089,.,Missing,Think about what was going on in your life shortly before each of your periods of (being sad depressed or empty/losing interest in most things/being irritable) in the past 12 months. Did any of these periods occur just after someone close to you died?,Both males and females 20 YEARS - 39 YEARS,nan,,
569,CIQD090,1,Spouse,Who was it that died?,Both males and females 20 YEARS - 39 YEARS,nan,,
570,CIQD090,2,Child,Who was it that died?,Both males and females 20 YEARS - 39 YEARS,nan,,
571,CIQD090,3,Parent/Sibling,Who was it that died?,Both males and females 20 YEARS - 39 YEARS,nan,,
572,CIQD090,4,Other Relative,Who was it that died?,Both males and females 20 YEARS - 39 YEARS,nan,,
573,CIQD090,5,Nonrelative,Who was it that died?,Both males and females 20 YEARS - 39 YEARS,nan,,
574,CIQD090,7,Refuse,Who was it that died?,Both males and females 20 YEARS - 39 YEARS,nan,,
575,CIQD090,9,Don'T Know,Who was it that died?,Both males and females 20 YEARS - 39 YEARS,nan,,
576,CIQD090,.,Missing,Who was it that died?,Both males and females 20 YEARS - 39 YEARS,nan,,
577,CIQD091,1,Yes,Were all these periods shortly after the death of someone close to you?,Both males and females 20 YEARS - 39 YEARS,nan,,
578,CIQD091,2,No,Were all these periods shortly after the death of someone close to you?,Both males and females 20 YEARS - 39 YEARS,nan,,
579,CIQD091,7,Refuse,Were all these periods shortly after the death of someone close to you?,Both males and females 20 YEARS - 39 YEARS,nan,,
580,CIQD091,9,Don'T Know,Were all these periods shortly after the death of someone close to you?,Both males and females 20 YEARS - 39 YEARS,nan,,
581,CIQD091,.,Missing,Were all these periods shortly after the death of someone close to you?,Both males and females 20 YEARS - 39 YEARS,nan,,
582,CIQD092,1,Yes,Did any of these periods in the past 12 months occur within a month of you having a baby?,Females only 20 YEARS - 39 YEARS,nan,,
583,CIQD092,2,No,Did any of these periods in the past 12 months occur within a month of you having a baby?,Females only 20 YEARS - 39 YEARS,nan,,
584,CIQD092,7,Refuse,Did any of these periods in the past 12 months occur within a month of you having a baby?,Females only 20 YEARS - 39 YEARS,nan,,
585,CIQD092,9,Don'T Know,Did any of these periods in the past 12 months occur within a month of you having a baby?,Females only 20 YEARS - 39 YEARS,nan,,
586,CIQD092,.,Missing,Did any of these periods in the past 12 months occur within a month of you having a baby?,Females only 20 YEARS - 39 YEARS,nan,,
587,CIQD093,1,Yes,Did anything else happen shortly before any of these periods began that might have caused them to happen?,Both males and females 20 YEARS - 39 YEARS,nan,,
588,CIQD093,2,No,Did anything else happen shortly before any of these periods began that might have caused them to happen?,Both males and females 20 YEARS - 39 YEARS,nan,,
589,CIQD093,7,Refuse,Did anything else happen shortly before any of these periods began that might have caused them to happen?,Both males and females 20 YEARS - 39 YEARS,nan,,
590,CIQD093,9,Don'T Know,Did anything else happen shortly before any of these periods began that might have caused them to happen?,Both males and females 20 YEARS - 39 YEARS,nan,,
591,CIQD093,.,Missing,Did anything else happen shortly before any of these periods began that might have caused them to happen?,Both males and females 20 YEARS - 39 YEARS,nan,,
592,CIQD095,1,A Lot,Think about how your life and activities were affected in the past 12 months by your (being sad depressed or empty/losing interest in most things/being irritable) and other related problems. Did these problems interfere with your life or activities -- a lot some a little or not at all?,Both males and females 20 YEARS - 39 YEARS,nan,,
593,CIQD095,2,Some,Think about how your life and activities were affected in the past 12 months by your (being sad depressed or empty/losing interest in most things/being irritable) and other related problems. Did these problems interfere with your life or activities -- a lot some a little or not at all?,Both males and females 20 YEARS - 39 YEARS,nan,,
594,CIQD095,3,A Little,Think about how your life and activities were affected in the past 12 months by your (being sad depressed or empty/losing interest in most things/being irritable) and other related problems. Did these problems interfere with your life or activities -- a lot some a little or not at all?,Both males and females 20 YEARS - 39 YEARS,nan,,
595,CIQD095,4,Not At All,Think about how your life and activities were affected in the past 12 months by your (being sad depressed or empty/losing interest in most things/being irritable) and other related problems. Did these problems interfere with your life or activities -- a lot some a little or not at all?,Both males and females 20 YEARS - 39 YEARS,nan,,
596,CIQD095,7,Refused,Think about how your life and activities were affected in the past 12 months by your (being sad depressed or empty/losing interest in most things/being irritable) and other related problems. Did these problems interfere with your life or activities -- a lot some a little or not at all?,Both males and females 20 YEARS - 39 YEARS,nan,,
597,CIQD095,9,Don'T Know,Think about how your life and activities were affected in the past 12 months by your (being sad depressed or empty/losing interest in most things/being irritable) and other related problems. Did these problems interfere with your life or activities -- a lot some a little or not at all?,Both males and females 20 YEARS - 39 YEARS,nan,,
598,CIQD095,.,Missing,Think about how your life and activities were affected in the past 12 months by your (being sad depressed or empty/losing interest in most things/being irritable) and other related problems. Did these problems interfere with your life or activities -- a lot some a little or not at all?,Both males and females 20 YEARS - 39 YEARS,nan,,
599,CIQD096,0 To 360,Range Of Values,About how many days in the past 12 months were you totally unable for the whole day to work and carry out your other normal activities because of (being sad depressed or empty/losing interest in most things/being irritable) and other related problems? You can answer with any number between 0 and 365.,Both males and females 20 YEARS - 39 YEARS,nan,,
600,CIQD096,777,Refused,About how many days in the past 12 months were you totally unable for the whole day to work and carry out your other normal activities because of (being sad depressed or empty/losing interest in most things/being irritable) and other related problems? You can answer with any number between 0 and 365.,Both males and females 20 YEARS - 39 YEARS,nan,,
601,CIQD096,999,Don'T Know,About how many days in the past 12 months were you totally unable for the whole day to work and carry out your other normal activities because of (being sad depressed or empty/losing interest in most things/being irritable) and other related problems? You can answer with any number between 0 and 365.,Both males and females 20 YEARS - 39 YEARS,nan,,
602,CIQD096,.,Missing,About how many days in the past 12 months were you totally unable for the whole day to work and carry out your other normal activities because of (being sad depressed or empty/losing interest in most things/being irritable) and other related problems? You can answer with any number between 0 and 365.,Both males and females 20 YEARS - 39 YEARS,nan,,
603,CIQD096Z,,,nan,Both males and females 20 YEARS - 39 YEARS,nan,,
604,CIQD097,1,Yes,Did that day occur in the past 4 weeks?,Both males and females 20 YEARS - 39 YEARS,nan,,
605,CIQD097,2,No,Did that day occur in the past 4 weeks?,Both males and females 20 YEARS - 39 YEARS,nan,,
606,CIQD097,7,Refuse,Did that day occur in the past 4 weeks?,Both males and females 20 YEARS - 39 YEARS,nan,,
607,CIQD097,9,Don'T Know,Did that day occur in the past 4 weeks?,Both males and females 20 YEARS - 39 YEARS,nan,,
608,CIQD097,.,Missing,Did that day occur in the past 4 weeks?,Both males and females 20 YEARS - 39 YEARS,nan,,
609,CIQD098,0 To 99,Range Of Values,How many of these days occurred in the past 4 weeks?,Both males and females 20 YEARS - 39 YEARS,nan,,
610,CIQD098,777,Refuse,How many of these days occurred in the past 4 weeks?,Both males and females 20 YEARS - 39 YEARS,nan,,
611,CIQD098,999,Don'T Know,How many of these days occurred in the past 4 weeks?,Both males and females 20 YEARS - 39 YEARS,nan,,
612,CIQD098,.,Missing,How many of these days occurred in the past 4 weeks?,Both males and females 20 YEARS - 39 YEARS,nan,,
613,CIQD099,0 To 300,Range Of Values,[Not counting the day(s) you were totally unable to work] about how many (other) days in the past 12 months did you cut back either on the amount of work you got done or on the quality of your work because of these problems? (Again you can use any number between 0 and 365.),Both males and females 20 YEARS - 39 YEARS,nan,,
614,CIQD099,777,Refuse,[Not counting the day(s) you were totally unable to work] about how many (other) days in the past 12 months did you cut back either on the amount of work you got done or on the quality of your work because of these problems? (Again you can use any number between 0 and 365.),Both males and females 20 YEARS - 39 YEARS,nan,,
615,CIQD099,999,Don'T Know,[Not counting the day(s) you were totally unable to work] about how many (other) days in the past 12 months did you cut back either on the amount of work you got done or on the quality of your work because of these problems? (Again you can use any number between 0 and 365.),Both males and females 20 YEARS - 39 YEARS,nan,,
616,CIQD099,.,Missing,[Not counting the day(s) you were totally unable to work] about how many (other) days in the past 12 months did you cut back either on the amount of work you got done or on the quality of your work because of these problems? (Again you can use any number between 0 and 365.),Both males and females 20 YEARS - 39 YEARS,nan,,
617,CIQD099Z,,,nan,Both males and females 20 YEARS - 39 YEARS,nan,,
618,CIQD100,0 To 100,Range Of Values,Thinking about (that cutback day/those # FROM CIQD099 cutback days) on a scale from 0 to 100 where zero means being totally unable to work and 100 means working a full high quality day what number describes the quantity and quality of your work during (that day/those # FROM CIQD099 days)?,Both males and females 20 YEARS - 39 YEARS,nan,,
619,CIQD100,777,Refuse,Thinking about (that cutback day/those # FROM CIQD099 cutback days) on a scale from 0 to 100 where zero means being totally unable to work and 100 means working a full high quality day what number describes the quantity and quality of your work during (that day/those # FROM CIQD099 days)?,Both males and females 20 YEARS - 39 YEARS,nan,,
620,CIQD100,999,Don'T Know,Thinking about (that cutback day/those # FROM CIQD099 cutback days) on a scale from 0 to 100 where zero means being totally unable to work and 100 means working a full high quality day what number describes the quantity and quality of your work during (that day/those # FROM CIQD099 days)?,Both males and females 20 YEARS - 39 YEARS,nan,,
621,CIQD100,.,Missing,Thinking about (that cutback day/those # FROM CIQD099 cutback days) on a scale from 0 to 100 where zero means being totally unable to work and 100 means working a full high quality day what number describes the quantity and quality of your work during (that day/those # FROM CIQD099 days)?,Both males and females 20 YEARS - 39 YEARS,nan,,
622,CIQD100Z,,,nan,Both males and females 20 YEARS - 39 YEARS,nan,,
623,CIQD101,1,Yes,Did that cutback day occur in the past 4 weeks?,Both males and females 20 YEARS - 39 YEARS,nan,,
624,CIQD101,2,No,Did that cutback day occur in the past 4 weeks?,Both males and females 20 YEARS - 39 YEARS,nan,,
625,CIQD101,7,Refuse,Did that cutback day occur in the past 4 weeks?,Both males and females 20 YEARS - 39 YEARS,nan,,
626,CIQD101,9,Don'T Know,Did that cutback day occur in the past 4 weeks?,Both males and females 20 YEARS - 39 YEARS,nan,,
627,CIQD101,.,Missing,Did that cutback day occur in the past 4 weeks?,Both males and females 20 YEARS - 39 YEARS,nan,,
628,CIQD102,0 To 28,Range Of Values,How many of these cutback days occurred in the past 4 weeks?,Both males and females 20 YEARS - 39 YEARS,nan,,
629,CIQD102,77,Refuse,How many of these cutback days occurred in the past 4 weeks?,Both males and females 20 YEARS - 39 YEARS,nan,,
630,CIQD102,99,Don'T Know,How many of these cutback days occurred in the past 4 weeks?,Both males and females 20 YEARS - 39 YEARS,nan,,
631,CIQD102,.,Missing,How many of these cutback days occurred in the past 4 weeks?,Both males and females 20 YEARS - 39 YEARS,nan,,
632,CIQD103,0 To 320,Range Of Values,[Not counting the day(s) you were totally unable to work /(or)/(you cut back on work] about how many (other) days in the past 12 months did it take an extreme effort to perform up to your usual level at work or at your other normal daily activities because of (being sad/losing interest/being irritable)? (Again you can use any number between 0 and 365.),Both males and females 20 YEARS - 39 YEARS,nan,,
633,CIQD103,777,Refuse,[Not counting the day(s) you were totally unable to work /(or)/(you cut back on work] about how many (other) days in the past 12 months did it take an extreme effort to perform up to your usual level at work or at your other normal daily activities because of (being sad/losing interest/being irritable)? (Again you can use any number between 0 and 365.),Both males and females 20 YEARS - 39 YEARS,nan,,
634,CIQD103,999,Don'T Know,[Not counting the day(s) you were totally unable to work /(or)/(you cut back on work] about how many (other) days in the past 12 months did it take an extreme effort to perform up to your usual level at work or at your other normal daily activities because of (being sad/losing interest/being irritable)? (Again you can use any number between 0 and 365.),Both males and females 20 YEARS - 39 YEARS,nan,,
635,CIQD103,.,Missing,[Not counting the day(s) you were totally unable to work /(or)/(you cut back on work] about how many (other) days in the past 12 months did it take an extreme effort to perform up to your usual level at work or at your other normal daily activities because of (being sad/losing interest/being irritable)? (Again you can use any number between 0 and 365.),Both males and females 20 YEARS - 39 YEARS,nan,,
636,CIQD103Z,,,nan,Both males and females 20 YEARS - 39 YEARS,nan,,
637,CIQD104,1,Yes,Did that day occur in the past 4 weeks?,Both males and females 20 YEARS - 39 YEARS,nan,,
638,CIQD104,2,No,Did that day occur in the past 4 weeks?,Both males and females 20 YEARS - 39 YEARS,nan,,
639,CIQD104,7,Refuse,Did that day occur in the past 4 weeks?,Both males and females 20 YEARS - 39 YEARS,nan,,
640,CIQD104,9,Don'T Know,Did that day occur in the past 4 weeks?,Both males and females 20 YEARS - 39 YEARS,nan,,
641,CIQD104,.,Missing,Did that day occur in the past 4 weeks?,Both males and females 20 YEARS - 39 YEARS,nan,,
642,CIQD105,0 To 15,Range Of Values,How many of these days occurred in the past 4 weeks?,Both males and females 20 YEARS - 39 YEARS,nan,,
643,CIQD105,77,Refuse,How many of these days occurred in the past 4 weeks?,Both males and females 20 YEARS - 39 YEARS,nan,,
644,CIQD105,99,Don'T Know,How many of these days occurred in the past 4 weeks?,Both males and females 20 YEARS - 39 YEARS,nan,,
645,CIQD105,.,Missing,How many of these days occurred in the past 4 weeks?,Both males and females 20 YEARS - 39 YEARS,nan,,
646,CIQD106,0 To 365,Range Of Values,And about how many days in the past 12 months did (being sad/losing interest/being irritable) and other related problems seriously interfere with your personal or social life? (Again you can use any number between 0 and 365.),Both males and females 20 YEARS - 39 YEARS,nan,,
647,CIQD106,777,Refuse,And about how many days in the past 12 months did (being sad/losing interest/being irritable) and other related problems seriously interfere with your personal or social life? (Again you can use any number between 0 and 365.),Both males and females 20 YEARS - 39 YEARS,nan,,
648,CIQD106,999,Don'T Know,And about how many days in the past 12 months did (being sad/losing interest/being irritable) and other related problems seriously interfere with your personal or social life? (Again you can use any number between 0 and 365.),Both males and females 20 YEARS - 39 YEARS,nan,,
649,CIQD106,.,Missing,And about how many days in the past 12 months did (being sad/losing interest/being irritable) and other related problems seriously interfere with your personal or social life? (Again you can use any number between 0 and 365.),Both males and females 20 YEARS - 39 YEARS,nan,,
650,CIQD106Z,,,nan,Both males and females 20 YEARS - 39 YEARS,nan,,
651,CIQD107,1,Yes,Did that day occur in the past 4 weeks?,Both males and females 20 YEARS - 39 YEARS,nan,,
652,CIQD107,2,No,Did that day occur in the past 4 weeks?,Both males and females 20 YEARS - 39 YEARS,nan,,
653,CIQD107,7,Refuse,Did that day occur in the past 4 weeks?,Both males and females 20 YEARS - 39 YEARS,nan,,
654,CIQD107,9,Don'T Know,Did that day occur in the past 4 weeks?,Both males and females 20 YEARS - 39 YEARS,nan,,
655,CIQD107,.,Missing,Did that day occur in the past 4 weeks?,Both males and females 20 YEARS - 39 YEARS,nan,,
656,CIQD108,0 To 28,Range Of Values,How many of these days occurred in the past 4 weeks?,Both males and females 20 YEARS - 39 YEARS,nan,,
657,CIQD108,77,Refuse,How many of these days occurred in the past 4 weeks?,Both males and females 20 YEARS - 39 YEARS,nan,,
658,CIQD108,99,Don'T Know,How many of these days occurred in the past 4 weeks?,Both males and females 20 YEARS - 39 YEARS,nan,,
659,CIQD108,.,Missing,How many of these days occurred in the past 4 weeks?,Both males and females 20 YEARS - 39 YEARS,nan,,
660,CIQD109,1,Yes,In the past 12 months did you tell a doctor about (feeling sad empty or depressed/losing interest in most things/being irritable)?,Both males and females 20 YEARS - 39 YEARS,nan,,
661,CIQD109,2,No,In the past 12 months did you tell a doctor about (feeling sad empty or depressed/losing interest in most things/being irritable)?,Both males and females 20 YEARS - 39 YEARS,nan,,
662,CIQD109,7,Refuse,In the past 12 months did you tell a doctor about (feeling sad empty or depressed/losing interest in most things/being irritable)?,Both males and females 20 YEARS - 39 YEARS,nan,,
663,CIQD109,9,Don'T Know,In the past 12 months did you tell a doctor about (feeling sad empty or depressed/losing interest in most things/being irritable)?,Both males and females 20 YEARS - 39 YEARS,nan,,
664,CIQD109,.,Missing,In the past 12 months did you tell a doctor about (feeling sad empty or depressed/losing interest in most things/being irritable)?,Both males and females 20 YEARS - 39 YEARS,nan,,
665,CIQDPA,1,Yes,Did you tell other professional about being sad empty or depressed?,Both males and females 20 YEARS - 39 YEARS,nan,,
666,CIQDPA,2,No,Did you tell other professional about being sad empty or depressed?,Both males and females 20 YEARS - 39 YEARS,nan,,
667,CIQDPA,7,Refuse,Did you tell other professional about being sad empty or depressed?,Both males and females 20 YEARS - 39 YEARS,nan,,
668,CIQDPA,9,Don'T Know,Did you tell other professional about being sad empty or depressed?,Both males and females 20 YEARS - 39 YEARS,nan,,
669,CIQDPA,.,Missing,Did you tell other professional about being sad empty or depressed?,Both males and females 20 YEARS - 39 YEARS,nan,,
670,CIQDPB,1,Yes,Did you take medication for being sad empty or depressed?,Both males and females 20 YEARS - 39 YEARS,nan,,
671,CIQDPB,2,No,Did you take medication for being sad empty or depressed?,Both males and females 20 YEARS - 39 YEARS,nan,,
672,CIQDPB,7,Refuse,Did you take medication for being sad empty or depressed?,Both males and females 20 YEARS - 39 YEARS,nan,,
673,CIQDPB,9,Don'T Know,Did you take medication for being sad empty or depressed?,Both males and females 20 YEARS - 39 YEARS,nan,,
674,CIQDPB,.,Missing,Did you take medication for being sad empty or depressed?,Both males and females 20 YEARS - 39 YEARS,nan,,
675,CIQDPC,1,Yes,Did being sad empty or depressed interfere with life?,Both males and females 20 YEARS - 39 YEARS,nan,,
676,CIQDPC,2,No,Did being sad empty or depressed interfere with life?,Both males and females 20 YEARS - 39 YEARS,nan,,
677,CIQDPC,7,Refuse,Did being sad empty or depressed interfere with life?,Both males and females 20 YEARS - 39 YEARS,nan,,
678,CIQDPC,9,Don'T Know,Did being sad empty or depressed interfere with life?,Both males and females 20 YEARS - 39 YEARS,nan,,
679,CIQDPC,.,Missing,Did being sad empty or depressed interfere with life?,Both males and females 20 YEARS - 39 YEARS,nan,,
680,CIQDPD,1,Yes,Was being sad empty or depressed result of physical illness?,Both males and females 20 YEARS - 39 YEARS,nan,,
681,CIQDPD,2,No,Was being sad empty or depressed result of physical illness?,Both males and females 20 YEARS - 39 YEARS,nan,,
682,CIQDPD,7,Refuse,Was being sad empty or depressed result of physical illness?,Both males and females 20 YEARS - 39 YEARS,nan,,
683,CIQDPD,9,Don'T Know,Was being sad empty or depressed result of physical illness?,Both males and females 20 YEARS - 39 YEARS,nan,,
684,CIQDPD,.,Missing,Was being sad empty or depressed result of physical illness?,Both males and females 20 YEARS - 39 YEARS,nan,,
685,CIQDPE,1,Yes,Was being sad empty or depressed result of medicine drugs or alcohol?,Both males and females 20 YEARS - 39 YEARS,nan,,
686,CIQDPE,2,No,Was being sad empty or depressed result of medicine drugs or alcohol?,Both males and females 20 YEARS - 39 YEARS,nan,,
687,CIQDPE,7,Refuse,Was being sad empty or depressed result of medicine drugs or alcohol?,Both males and females 20 YEARS - 39 YEARS,nan,,
688,CIQDPE,9,Don'T Know,Was being sad empty or depressed result of medicine drugs or alcohol?,Both males and females 20 YEARS - 39 YEARS,nan,,
689,CIQDPE,.,Missing,Was being sad empty or depressed result of medicine drugs or alcohol?,Both males and females 20 YEARS - 39 YEARS,nan,,
690,CIQDPF,1,Yes,Was being sad empty or depressed always result of medicine drugs alcohol?,Both males and females 20 YEARS - 39 YEARS,nan,,
691,CIQDPF,2,No,Was being sad empty or depressed always result of medicine drugs alcohol?,Both males and females 20 YEARS - 39 YEARS,nan,,
692,CIQDPF,7,Refuse,Was being sad empty or depressed always result of medicine drugs alcohol?,Both males and females 20 YEARS - 39 YEARS,nan,,
693,CIQDPF,9,Don'T Know,Was being sad empty or depressed always result of medicine drugs alcohol?,Both males and females 20 YEARS - 39 YEARS,nan,,
694,CIQDPF,.,Missing,Was being sad empty or depressed always result of medicine drugs alcohol?,Both males and females 20 YEARS - 39 YEARS,nan,,
695,CIQDPHA,1,Doctor Said Nerves Causing Sed,Doctor said nerves causing being sad empty or depressed,Both males and females 20 YEARS - 39 YEARS,nan,,
696,CIQDPHA,77,Refused,Doctor said nerves causing being sad empty or depressed,Both males and females 20 YEARS - 39 YEARS,nan,,
697,CIQDPHA,99,Don'T Know,Doctor said nerves causing being sad empty or depressed,Both males and females 20 YEARS - 39 YEARS,nan,,
698,CIQDPHA,.,Missing,Doctor said nerves causing being sad empty or depressed,Both males and females 20 YEARS - 39 YEARS,nan,,
699,CIQDPHB,2,Doctor Said Stress Causing Sed,Doctor said stress causing being sad empty or depressed,Both males and females 20 YEARS - 39 YEARS,nan,,
700,CIQDPHB,.,Missing,Doctor said stress causing being sad empty or depressed,Both males and females 20 YEARS - 39 YEARS,nan,,
701,CIQDPHC,3,Doctor Said Anxiety Causing Sed,Doctor said anxiety causing being sad empty or depressed,Both males and females 20 YEARS - 39 YEARS,nan,,
702,CIQDPHC,.,Missing,Doctor said anxiety causing being sad empty or depressed,Both males and females 20 YEARS - 39 YEARS,nan,,
703,CIQDPHD,4,Doctor Said Depression Causing Sed,Doctor said depression causing being sad empty or depressed,Both males and females 20 YEARS - 39 YEARS,nan,,
704,CIQDPHD,.,Missing,Doctor said depression causing being sad empty or depressed,Both males and females 20 YEARS - 39 YEARS,nan,,
705,CIQDPHE,5,Doctor Said Mental Illness Causing Sed,Doctor said mental illness causing being sad empty or depressed,Both males and females 20 YEARS - 39 YEARS,nan,,
706,CIQDPHE,.,Missing,Doctor said mental illness causing being sad empty or depressed,Both males and females 20 YEARS - 39 YEARS,nan,,
707,CIQDPHF,6,Doctor Said Medication Causing Sed,Doctor said medication causing being sad empty or depressed,Both males and females 20 YEARS - 39 YEARS,nan,,
708,CIQDPHF,.,Missing,Doctor said medication causing being sad empty or depressed,Both males and females 20 YEARS - 39 YEARS,nan,,
709,CIQDPHG,7,Doctor Said Drugs Causing Sed,Doctor said drugs causing being sad empty or depressed,Both males and females 20 YEARS - 39 YEARS,nan,,
710,CIQDPHG,.,Missing,Doctor said drugs causing being sad empty or depressed,Both males and females 20 YEARS - 39 YEARS,nan,,
711,CIQDPHH,8,Doctor Said Alcohol Causing Sed,Doctor said alcohol causing being sad empty or depressed,Both males and females 20 YEARS - 39 YEARS,nan,,
712,CIQDPHH,.,Missing,Doctor said alcohol causing being sad empty or depressed,Both males and females 20 YEARS - 39 YEARS,nan,,
713,CIQDPHI,9,Doctor Said Physical Illness Causing Sed,Doctor said physical illness causing being sad empty or depressed,Both males and females 20 YEARS - 39 YEARS,nan,,
714,CIQDPHI,.,Missing,Doctor said physical illness causing being sad empty or depressed,Both males and females 20 YEARS - 39 YEARS,nan,,
715,CIQDPHJ,10,Doctor Said Physical Injury Causing Sed,Doctor said physical injury causing being sad empty or depressed,Both males and females 20 YEARS - 39 YEARS,nan,,
716,CIQDPHJ,.,Missing,Doctor said physical injury causing being sad empty or depressed,Both males and females 20 YEARS - 39 YEARS,nan,,
717,CIQDPHK,11,Doctor Gave No Definite Diagnosis For Sed,Doctor gave no definite diagnosis for being sad empty or depressed,Both males and females 20 YEARS - 39 YEARS,nan,,
718,CIQDPHK,.,Missing,Doctor gave no definite diagnosis for being sad empty or depressed,Both males and females 20 YEARS - 39 YEARS,nan,,
719,CIQDPHZZ,,,nan,Both males and females 20 YEARS - 39 YEARS,nan,,
720,CIQDPJ,1,Yes,Was being sad empty or depressed always result of medicine drugs or alcohol?,Both males and females 20 YEARS - 39 YEARS,nan,,
721,CIQDPJ,2,No,Was being sad empty or depressed always result of medicine drugs or alcohol?,Both males and females 20 YEARS - 39 YEARS,nan,,
722,CIQDPJ,7,Refuse,Was being sad empty or depressed always result of medicine drugs or alcohol?,Both males and females 20 YEARS - 39 YEARS,nan,,
723,CIQDPJ,9,Don'T Know,Was being sad empty or depressed always result of medicine drugs or alcohol?,Both males and females 20 YEARS - 39 YEARS,nan,,
724,CIQDPJ,.,Missing,Was being sad empty or depressed always result of medicine drugs or alcohol?,Both males and females 20 YEARS - 39 YEARS,nan,,
725,CIQDPK,1,Yes,When being sad empty or depressed was not result of medicine drugs or alcohol was being sad empty or depressed always the result of physical illness?,Both males and females 20 YEARS - 39 YEARS,nan,,
726,CIQDPK,2,No,When being sad empty or depressed was not result of medicine drugs or alcohol was being sad empty or depressed always the result of physical illness?,Both males and females 20 YEARS - 39 YEARS,nan,,
727,CIQDPK,7,Refuse,When being sad empty or depressed was not result of medicine drugs or alcohol was being sad empty or depressed always the result of physical illness?,Both males and females 20 YEARS - 39 YEARS,nan,,
728,CIQDPK,9,Don'T Know,When being sad empty or depressed was not result of medicine drugs or alcohol was being sad empty or depressed always the result of physical illness?,Both males and females 20 YEARS - 39 YEARS,nan,,
729,CIQDPK,.,Missing,When being sad empty or depressed was not result of medicine drugs or alcohol was being sad empty or depressed always the result of physical illness?,Both males and females 20 YEARS - 39 YEARS,nan,,
730,CIQDPQ,1,Nothing Abnormal,Anything abnormal when exam?,Both males and females 20 YEARS - 39 YEARS,nan,,
731,CIQDPQ,2,No Examination,Anything abnormal when exam?,Both males and females 20 YEARS - 39 YEARS,nan,,
732,CIQDPQ,3,Something Abnormal,Anything abnormal when exam?,Both males and females 20 YEARS - 39 YEARS,nan,,
733,CIQDPQ,7,Refused,Anything abnormal when exam?,Both males and females 20 YEARS - 39 YEARS,nan,,
734,CIQDPQ,9,Don'T Know,Anything abnormal when exam?,Both males and females 20 YEARS - 39 YEARS,nan,,
735,CIQDPQ,.,Missing,Anything abnormal when exam?,Both males and females 20 YEARS - 39 YEARS,nan,,
736,CIQDPN,1,Yes,Was being sad empty or depressed always result of physical illness?,Both males and females 20 YEARS - 39 YEARS,nan,,
737,CIQDPN,2,No,Was being sad empty or depressed always result of physical illness?,Both males and females 20 YEARS - 39 YEARS,nan,,
738,CIQDPN,7,Refuse,Was being sad empty or depressed always result of physical illness?,Both males and females 20 YEARS - 39 YEARS,nan,,
739,CIQDPN,9,Don'T Know,Was being sad empty or depressed always result of physical illness?,Both males and females 20 YEARS - 39 YEARS,nan,,
740,CIQDPN,.,Missing,Was being sad empty or depressed always result of physical illness?,Both males and females 20 YEARS - 39 YEARS,nan,,
741,CIQDPO,1,Yes,When being sad empty or depressed not result of physical illness was being sad empty or depressed always result of medicine drugs or alcohol?,Both males and females 20 YEARS - 39 YEARS,nan,,
742,CIQDPO,2,No,When being sad empty or depressed not result of physical illness was being sad empty or depressed always result of medicine drugs or alcohol?,Both males and females 20 YEARS - 39 YEARS,nan,,
743,CIQDPO,7,Refuse,When being sad empty or depressed not result of physical illness was being sad empty or depressed always result of medicine drugs or alcohol?,Both males and females 20 YEARS - 39 YEARS,nan,,
744,CIQDPO,9,Don'T Know,When being sad empty or depressed not result of physical illness was being sad empty or depressed always result of medicine drugs or alcohol?,Both males and females 20 YEARS - 39 YEARS,nan,,
745,CIQDPO,.,Missing,When being sad empty or depressed not result of physical illness was being sad empty or depressed always result of medicine drugs or alcohol?,Both males and females 20 YEARS - 39 YEARS,nan,,
746,CIDDPRB,1,No Problem,General cause of problem,Both males and females 20 YEARS - 39 YEARS,nan,,
747,CIDDPRB,2,Not Clinically Significant,General cause of problem,Both males and females 20 YEARS - 39 YEARS,nan,,
748,CIDDPRB,3,"Medication, Drugs, Or Alcohol",General cause of problem,Both males and females 20 YEARS - 39 YEARS,nan,,
749,CIDDPRB,4,Physical Cause,General cause of problem,Both males and females 20 YEARS - 39 YEARS,nan,,
750,CIDDPRB,5,Psychiatric Symptom,General cause of problem,Both males and females 20 YEARS - 39 YEARS,nan,,
751,CIDDPRB,.,Missing,General cause of problem,Both males and females 20 YEARS - 39 YEARS,nan,,
752,CIQD110,1,Yes,Can you remember your exact age the very first time in your life you had a period lasting two weeks or longer of (being sad depressed or empty/losing interest in most things/being irritable) and having some of the other problems we reviewed?,Both males and females 20 YEARS - 39 YEARS,nan,,
753,CIQD110,2,No,Can you remember your exact age the very first time in your life you had a period lasting two weeks or longer of (being sad depressed or empty/losing interest in most things/being irritable) and having some of the other problems we reviewed?,Both males and females 20 YEARS - 39 YEARS,nan,,
754,CIQD110,7,Refuse,Can you remember your exact age the very first time in your life you had a period lasting two weeks or longer of (being sad depressed or empty/losing interest in most things/being irritable) and having some of the other problems we reviewed?,Both males and females 20 YEARS - 39 YEARS,nan,,
755,CIQD110,9,Don'T Know,Can you remember your exact age the very first time in your life you had a period lasting two weeks or longer of (being sad depressed or empty/losing interest in most things/being irritable) and having some of the other problems we reviewed?,Both males and females 20 YEARS - 39 YEARS,nan,,
756,CIQD110,.,Missing,Can you remember your exact age the very first time in your life you had a period lasting two weeks or longer of (being sad depressed or empty/losing interest in most things/being irritable) and having some of the other problems we reviewed?,Both males and females 20 YEARS - 39 YEARS,nan,,
757,CIQD111,6 To 38,Range Of Values,How old were you when first SED?,Both males and females 20 YEARS - 39 YEARS,nan,,
758,CIQD111,77,Refuse,How old were you when first SED?,Both males and females 20 YEARS - 39 YEARS,nan,,
759,CIQD111,99,Don'T Know,How old were you when first SED?,Both males and females 20 YEARS - 39 YEARS,nan,,
760,CIQD111,.,Missing,How old were you when first SED?,Both males and females 20 YEARS - 39 YEARS,nan,,
761,CIQD111Z,,,nan,Both males and females 20 YEARS - 39 YEARS,nan,,
762,CIQD112,5 To 30,Range Of Values,About how old were you the first time you had a period of this sort?,Both males and females 20 YEARS - 39 YEARS,nan,,
763,CIQD112,77,Refuse,About how old were you the first time you had a period of this sort?,Both males and females 20 YEARS - 39 YEARS,nan,,
764,CIQD112,99,Don'T Know,About how old were you the first time you had a period of this sort?,Both males and females 20 YEARS - 39 YEARS,nan,,
765,CIQD112,.,Missing,About how old were you the first time you had a period of this sort?,Both males and females 20 YEARS - 39 YEARS,nan,,
766,CIQD113,5 To 38,Range Of Values,Whats the earliest age you can clearly remember a particular time when you had a period of this sort?,Both males and females 20 YEARS - 39 YEARS,nan,,
767,CIQD113,77,Refuse,Whats the earliest age you can clearly remember a particular time when you had a period of this sort?,Both males and females 20 YEARS - 39 YEARS,nan,,
768,CIQD113,99,Don'T Know,Whats the earliest age you can clearly remember a particular time when you had a period of this sort?,Both males and females 20 YEARS - 39 YEARS,nan,,
769,CIQD113,.,Missing,Whats the earliest age you can clearly remember a particular time when you had a period of this sort?,Both males and females 20 YEARS - 39 YEARS,nan,,
770,CIDDSCOR,1,Positive Diagnosis,Depression Score,Both males and females 20 YEARS - 39 YEARS,nan,,
771,CIDDSCOR,5,Negative Diagnosis,Depression Score,Both males and females 20 YEARS - 39 YEARS,nan,,
772,CIDDSCOR,.,Missing,Depression Score,Both males and females 20 YEARS - 39 YEARS,nan,,
